<gpx xmlns:ns3="http://www.garmin.com/xmlschemas/TrackPointExtension/v1" xmlns="http://www.topografix.com/GPX/1/1" xmlns:xsi="http://www.w3.org/2001/XMLSchema-instance" xmlns:ns2="http://www.garmin.com/xmlschemas/GpxExtensions/v3" creator="Garmin Connect" version="1.1" xsi:schemaLocation="http://www.topografix.com/GPX/1/1 http://www.topografix.com/GPX/11.xsd">
  <extensions>
<distance>7210.0</distance>
<average_hr>136.0</average_hr>
<average_speed>2.990999937057495</average_speed>
<start_time>2026-05-05T12:10:46+00:00</start_time>
<end_time>2026-05-05T12:50:56.257000+00:00</end_time>
<moving_time>2410.241</moving_time>
<elapsed_time>2410.257</elapsed_time>
</extensions>
<metadata>
    <link href="connect.garmin.com">
      <text>Garmin Connect</text>
    </link>
    <time>2026-05-05T12:10:46.000Z</time>
  </metadata>
  <trk>
    <name>景德镇市 操场跑步</name>
    <type>track_running</type>
    <trkseg>
      <trkpt lat="29.2811797745525836944580078125" lon="117.24682674743235111236572265625">
        <ele>57.200000762939453125</ele>
        <time>2026-05-05T12:10:46.000Z</time>
        <extensions>
          <ns3:TrackPointExtension>
            <ns3:hr>94</ns3:hr>
            <ns3:cad>46</ns3:cad>
          </ns3:TrackPointExtension>
        </extensions>
      </trkpt>
      <trkpt lat="29.281193353235721588134765625" lon="117.2468107379972934722900390625">
        <ele>57.200000762939453125</ele>
        <time>2026-05-05T12:10:47.000Z</time>
        <extensions>
          <ns3:TrackPointExtension>
            <ns3:hr>94</ns3:hr>
            <ns3:cad>46</ns3:cad>
          </ns3:TrackPointExtension>
        </extensions>
      </trkpt>
      <trkpt lat="29.281214140355587005615234375" lon="117.2467802278697490692138671875">
        <ele>57.200000762939453125</ele>
        <time>2026-05-05T12:10:48.000Z</time>
        <extensions>
          <ns3:TrackPointExtension>
            <ns3:hr>94</ns3:hr>
            <ns3:cad>46</ns3:cad>
          </ns3:TrackPointExtension>
        </extensions>
      </trkpt>
      <trkpt lat="29.28122595883905887603759765625" lon="117.246761620044708251953125">
        <ele>57.200000762939453125</ele>
        <time>2026-05-05T12:10:49.000Z</time>
        <extensions>
          <ns3:TrackPointExtension>
            <ns3:hr>94</ns3:hr>
            <ns3:cad>46</ns3:cad>
          </ns3:TrackPointExtension>
        </extensions>
      </trkpt>
      <trkpt lat="29.28123794496059417724609375" lon="117.246735803782939910888671875">
        <ele>57.200000762939453125</ele>
        <time>2026-05-05T12:10:50.000Z</time>
        <extensions>
          <ns3:TrackPointExtension>
            <ns3:hr>94</ns3:hr>
            <ns3:cad>46</ns3:cad>
          </ns3:TrackPointExtension>
        </extensions>
      </trkpt>
      <trkpt lat="29.281247667968273162841796875" lon="117.2467148490250110626220703125">
        <ele>57.200000762939453125</ele>
        <time>2026-05-05T12:10:51.000Z</time>
        <extensions>
          <ns3:TrackPointExtension>
            <ns3:hr>94</ns3:hr>
            <ns3:cad>93</ns3:cad>
          </ns3:TrackPointExtension>
        </extensions>
      </trkpt>
      <trkpt lat="29.28125672042369842529296875" lon="117.246686182916164398193359375">
        <ele>57.200000762939453125</ele>
        <time>2026-05-05T12:10:52.000Z</time>
        <extensions>
          <ns3:TrackPointExtension>
            <ns3:hr>95</ns3:hr>
            <ns3:cad>93</ns3:cad>
          </ns3:TrackPointExtension>
        </extensions>
      </trkpt>
      <trkpt lat="29.28126300685107707977294921875" lon="117.2466658987104892730712890625">
        <ele>57.200000762939453125</ele>
        <time>2026-05-05T12:10:53.000Z</time>
        <extensions>
          <ns3:TrackPointExtension>
            <ns3:hr>96</ns3:hr>
            <ns3:cad>92</ns3:cad>
          </ns3:TrackPointExtension>
        </extensions>
      </trkpt>
      <trkpt lat="29.28126820363104343414306640625" lon="117.24663798697292804718017578125">
        <ele>57.200000762939453125</ele>
        <time>2026-05-05T12:10:54.000Z</time>
        <extensions>
          <ns3:TrackPointExtension>
            <ns3:hr>97</ns3:hr>
            <ns3:cad>92</ns3:cad>
          </ns3:TrackPointExtension>
        </extensions>
      </trkpt>
      <trkpt lat="29.28127222694456577301025390625" lon="117.24661569111049175262451171875">
        <ele>57.200000762939453125</ele>
        <time>2026-05-05T12:10:55.000Z</time>
        <extensions>
          <ns3:TrackPointExtension>
            <ns3:hr>97</ns3:hr>
            <ns3:cad>92</ns3:cad>
          </ns3:TrackPointExtension>
        </extensions>
      </trkpt>
      <trkpt lat="29.2812739871442317962646484375" lon="117.24659021012485027313232421875">
        <ele>57.200000762939453125</ele>
        <time>2026-05-05T12:10:56.000Z</time>
        <extensions>
          <ns3:TrackPointExtension>
            <ns3:hr>98</ns3:hr>
            <ns3:cad>92</ns3:cad>
          </ns3:TrackPointExtension>
        </extensions>
      </trkpt>
      <trkpt lat="29.2812753282487392425537109375" lon="117.24656405858695507049560546875">
        <ele>57.200000762939453125</ele>
        <time>2026-05-05T12:10:57.000Z</time>
        <extensions>
          <ns3:TrackPointExtension>
            <ns3:hr>99</ns3:hr>
            <ns3:cad>92</ns3:cad>
          </ns3:TrackPointExtension>
        </extensions>
      </trkpt>
      <trkpt lat="29.2812746576964855194091796875" lon="117.2465468756854534149169921875">
        <ele>57.200000762939453125</ele>
        <time>2026-05-05T12:10:58.000Z</time>
        <extensions>
          <ns3:TrackPointExtension>
            <ns3:hr>99</ns3:hr>
            <ns3:cad>92</ns3:cad>
          </ns3:TrackPointExtension>
        </extensions>
      </trkpt>
      <trkpt lat="29.28127239458262920379638671875" lon="117.2465153597295284271240234375">
        <ele>57.200000762939453125</ele>
        <time>2026-05-05T12:10:59.000Z</time>
        <extensions>
          <ns3:TrackPointExtension>
            <ns3:hr>99</ns3:hr>
            <ns3:cad>92</ns3:cad>
          </ns3:TrackPointExtension>
        </extensions>
      </trkpt>
      <trkpt lat="29.281271807849407196044921875" lon="117.246507816016674041748046875">
        <ele>57.200000762939453125</ele>
        <time>2026-05-05T12:11:00.000Z</time>
        <extensions>
          <ns3:TrackPointExtension>
            <ns3:hr>99</ns3:hr>
            <ns3:cad>92</ns3:cad>
          </ns3:TrackPointExtension>
        </extensions>
      </trkpt>
      <trkpt lat="29.28126350976526737213134765625" lon="117.246465571224689483642578125">
        <ele>57.200000762939453125</ele>
        <time>2026-05-05T12:11:01.000Z</time>
        <extensions>
          <ns3:TrackPointExtension>
            <ns3:hr>99</ns3:hr>
            <ns3:cad>92</ns3:cad>
          </ns3:TrackPointExtension>
        </extensions>
      </trkpt>
      <trkpt lat="29.2812622524797916412353515625" lon="117.24645920097827911376953125">
        <ele>57.200000762939453125</ele>
        <time>2026-05-05T12:11:02.000Z</time>
        <extensions>
          <ns3:TrackPointExtension>
            <ns3:hr>100</ns3:hr>
            <ns3:cad>92</ns3:cad>
          </ns3:TrackPointExtension>
        </extensions>
      </trkpt>
      <trkpt lat="29.28124875761568546295166015625" lon="117.246417291462421417236328125">
        <ele>57.200000762939453125</ele>
        <time>2026-05-05T12:11:03.000Z</time>
        <extensions>
          <ns3:TrackPointExtension>
            <ns3:hr>100</ns3:hr>
            <ns3:cad>92</ns3:cad>
          </ns3:TrackPointExtension>
        </extensions>
      </trkpt>
      <trkpt lat="29.28124691359698772430419921875" lon="117.2464115917682647705078125">
        <ele>57.200000762939453125</ele>
        <time>2026-05-05T12:11:04.000Z</time>
        <extensions>
          <ns3:TrackPointExtension>
            <ns3:hr>101</ns3:hr>
            <ns3:cad>92</ns3:cad>
          </ns3:TrackPointExtension>
        </extensions>
      </trkpt>
      <trkpt lat="29.28122847341001033782958984375" lon="117.24637177772819995880126953125">
        <ele>57.200000762939453125</ele>
        <time>2026-05-05T12:11:05.000Z</time>
        <extensions>
          <ns3:TrackPointExtension>
            <ns3:hr>102</ns3:hr>
            <ns3:cad>91</ns3:cad>
          </ns3:TrackPointExtension>
        </extensions>
      </trkpt>
      <trkpt lat="29.2812283895909786224365234375" lon="117.24637161009013652801513671875">
        <ele>57.200000762939453125</ele>
        <time>2026-05-05T12:11:06.000Z</time>
        <extensions>
          <ns3:TrackPointExtension>
            <ns3:hr>102</ns3:hr>
            <ns3:cad>91</ns3:cad>
          </ns3:TrackPointExtension>
        </extensions>
      </trkpt>
      <trkpt lat="29.28120567463338375091552734375" lon="117.246334142982959747314453125">
        <ele>57.200000762939453125</ele>
        <time>2026-05-05T12:11:07.000Z</time>
        <extensions>
          <ns3:TrackPointExtension>
            <ns3:hr>103</ns3:hr>
            <ns3:cad>92</ns3:cad>
          </ns3:TrackPointExtension>
        </extensions>
      </trkpt>
      <trkpt lat="29.28119829855859279632568359375" lon="117.2463230788707733154296875">
        <ele>57.200000762939453125</ele>
        <time>2026-05-05T12:11:08.000Z</time>
        <extensions>
          <ns3:TrackPointExtension>
            <ns3:hr>103</ns3:hr>
            <ns3:cad>92</ns3:cad>
          </ns3:TrackPointExtension>
        </extensions>
      </trkpt>
      <trkpt lat="29.281179271638393402099609375" lon="117.24630002863705158233642578125">
        <ele>57.200000762939453125</ele>
        <time>2026-05-05T12:11:09.000Z</time>
        <extensions>
          <ns3:TrackPointExtension>
            <ns3:hr>104</ns3:hr>
            <ns3:cad>92</ns3:cad>
          </ns3:TrackPointExtension>
        </extensions>
      </trkpt>
      <trkpt lat="29.2811636812984943389892578125" lon="117.24628259427845478057861328125">
        <ele>57.200000762939453125</ele>
        <time>2026-05-05T12:11:10.000Z</time>
        <extensions>
          <ns3:TrackPointExtension>
            <ns3:hr>105</ns3:hr>
            <ns3:cad>92</ns3:cad>
          </ns3:TrackPointExtension>
        </extensions>
      </trkpt>
      <trkpt lat="29.2811425589025020599365234375" lon="117.24626398645341396331787109375">
        <ele>57.200000762939453125</ele>
        <time>2026-05-05T12:11:11.000Z</time>
        <extensions>
          <ns3:TrackPointExtension>
            <ns3:hr>106</ns3:hr>
            <ns3:cad>92</ns3:cad>
          </ns3:TrackPointExtension>
        </extensions>
      </trkpt>
      <trkpt lat="29.281127639114856719970703125" lon="117.2462514974176883697509765625">
        <ele>57.200000762939453125</ele>
        <time>2026-05-05T12:11:12.000Z</time>
        <extensions>
          <ns3:TrackPointExtension>
            <ns3:hr>107</ns3:hr>
            <ns3:cad>92</ns3:cad>
          </ns3:TrackPointExtension>
        </extensions>
      </trkpt>
      <trkpt lat="29.28110827691853046417236328125" lon="117.24623858928680419921875">
        <ele>57.200000762939453125</ele>
        <time>2026-05-05T12:11:13.000Z</time>
        <extensions>
          <ns3:TrackPointExtension>
            <ns3:hr>108</ns3:hr>
            <ns3:cad>91</ns3:cad>
          </ns3:TrackPointExtension>
        </extensions>
      </trkpt>
      <trkpt lat="29.28108480758965015411376953125" lon="117.2462243400514125823974609375">
        <ele>57.200000762939453125</ele>
        <time>2026-05-05T12:11:14.000Z</time>
        <extensions>
          <ns3:TrackPointExtension>
            <ns3:hr>109</ns3:hr>
            <ns3:cad>91</ns3:cad>
          </ns3:TrackPointExtension>
        </extensions>
      </trkpt>
      <trkpt lat="29.2810651101171970367431640625" lon="117.2462156228721141815185546875">
        <ele>57.200000762939453125</ele>
        <time>2026-05-05T12:11:15.000Z</time>
        <extensions>
          <ns3:TrackPointExtension>
            <ns3:hr>110</ns3:hr>
            <ns3:cad>91</ns3:cad>
          </ns3:TrackPointExtension>
        </extensions>
      </trkpt>
      <trkpt lat="29.28104390390217304229736328125" lon="117.2462069056928157806396484375">
        <ele>57.200000762939453125</ele>
        <time>2026-05-05T12:11:16.000Z</time>
        <extensions>
          <ns3:TrackPointExtension>
            <ns3:hr>112</ns3:hr>
            <ns3:cad>91</ns3:cad>
          </ns3:TrackPointExtension>
        </extensions>
      </trkpt>
      <trkpt lat="29.28102294914424419403076171875" lon="117.2462008707225322723388671875">
        <ele>57.200000762939453125</ele>
        <time>2026-05-05T12:11:17.000Z</time>
        <extensions>
          <ns3:TrackPointExtension>
            <ns3:hr>115</ns3:hr>
            <ns3:cad>92</ns3:cad>
          </ns3:TrackPointExtension>
        </extensions>
      </trkpt>
      <trkpt lat="29.281005598604679107666015625" lon="117.2461968474090099334716796875">
        <ele>57.200000762939453125</ele>
        <time>2026-05-05T12:11:18.000Z</time>
        <extensions>
          <ns3:TrackPointExtension>
            <ns3:hr>117</ns3:hr>
            <ns3:cad>92</ns3:cad>
          </ns3:TrackPointExtension>
        </extensions>
      </trkpt>
      <trkpt lat="29.2809836380183696746826171875" lon="117.2461931593716144561767578125">
        <ele>57.200000762939453125</ele>
        <time>2026-05-05T12:11:19.000Z</time>
        <extensions>
          <ns3:TrackPointExtension>
            <ns3:hr>118</ns3:hr>
            <ns3:cad>91</ns3:cad>
          </ns3:TrackPointExtension>
        </extensions>
      </trkpt>
      <trkpt lat="29.2809621803462505340576171875" lon="117.24619173444807529449462890625">
        <ele>57.200000762939453125</ele>
        <time>2026-05-05T12:11:20.000Z</time>
        <extensions>
          <ns3:TrackPointExtension>
            <ns3:hr>119</ns3:hr>
            <ns3:cad>91</ns3:cad>
          </ns3:TrackPointExtension>
        </extensions>
      </trkpt>
      <trkpt lat="29.28093980066478252410888671875" lon="117.24619123153388500213623046875">
        <ele>57.200000762939453125</ele>
        <time>2026-05-05T12:11:21.000Z</time>
        <extensions>
          <ns3:TrackPointExtension>
            <ns3:hr>119</ns3:hr>
            <ns3:cad>90</ns3:cad>
          </ns3:TrackPointExtension>
        </extensions>
      </trkpt>
      <trkpt lat="29.28091566078364849090576171875" lon="117.24619357846677303314208984375">
        <ele>57.200000762939453125</ele>
        <time>2026-05-05T12:11:22.000Z</time>
        <extensions>
          <ns3:TrackPointExtension>
            <ns3:hr>120</ns3:hr>
            <ns3:cad>90</ns3:cad>
          </ns3:TrackPointExtension>
        </extensions>
      </trkpt>
      <trkpt lat="29.28089420311152935028076171875" lon="117.24619659595191478729248046875">
        <ele>57.200000762939453125</ele>
        <time>2026-05-05T12:11:23.000Z</time>
        <extensions>
          <ns3:TrackPointExtension>
            <ns3:hr>120</ns3:hr>
            <ns3:cad>90</ns3:cad>
          </ns3:TrackPointExtension>
        </extensions>
      </trkpt>
      <trkpt lat="29.28087241016328334808349609375" lon="117.2462023794651031494140625">
        <ele>57.200000762939453125</ele>
        <time>2026-05-05T12:11:24.000Z</time>
        <extensions>
          <ns3:TrackPointExtension>
            <ns3:hr>121</ns3:hr>
            <ns3:cad>90</ns3:cad>
          </ns3:TrackPointExtension>
        </extensions>
      </trkpt>
      <trkpt lat="29.2808495275676250457763671875" lon="117.24620933644473552703857421875">
        <ele>57.200000762939453125</ele>
        <time>2026-05-05T12:11:25.000Z</time>
        <extensions>
          <ns3:TrackPointExtension>
            <ns3:hr>121</ns3:hr>
            <ns3:cad>90</ns3:cad>
          </ns3:TrackPointExtension>
        </extensions>
      </trkpt>
      <trkpt lat="29.280820526182651519775390625" lon="117.24622224457561969757080078125">
        <ele>57.200000762939453125</ele>
        <time>2026-05-05T12:11:26.000Z</time>
        <extensions>
          <ns3:TrackPointExtension>
            <ns3:hr>121</ns3:hr>
            <ns3:cad>90</ns3:cad>
          </ns3:TrackPointExtension>
        </extensions>
      </trkpt>
      <trkpt lat="29.28079814650118350982666015625" lon="117.24623481743037700653076171875">
        <ele>57.200000762939453125</ele>
        <time>2026-05-05T12:11:27.000Z</time>
        <extensions>
          <ns3:TrackPointExtension>
            <ns3:hr>120</ns3:hr>
            <ns3:cad>90</ns3:cad>
          </ns3:TrackPointExtension>
        </extensions>
      </trkpt>
      <trkpt lat="29.2807704024016857147216796875" lon="117.2462528385221958160400390625">
        <ele>57.200000762939453125</ele>
        <time>2026-05-05T12:11:28.000Z</time>
        <extensions>
          <ns3:TrackPointExtension>
            <ns3:hr>120</ns3:hr>
            <ns3:cad>90</ns3:cad>
          </ns3:TrackPointExtension>
        </extensions>
      </trkpt>
      <trkpt lat="29.28075439296662807464599609375" lon="117.2462669201195240020751953125">
        <ele>57.200000762939453125</ele>
        <time>2026-05-05T12:11:29.000Z</time>
        <extensions>
          <ns3:TrackPointExtension>
            <ns3:hr>120</ns3:hr>
            <ns3:cad>90</ns3:cad>
          </ns3:TrackPointExtension>
        </extensions>
      </trkpt>
      <trkpt lat="29.28073444403707981109619140625" lon="117.246284522116184234619140625">
        <ele>57.200000762939453125</ele>
        <time>2026-05-05T12:11:30.000Z</time>
        <extensions>
          <ns3:TrackPointExtension>
            <ns3:hr>120</ns3:hr>
            <ns3:cad>90</ns3:cad>
          </ns3:TrackPointExtension>
        </extensions>
      </trkpt>
      <trkpt lat="29.28071533329784870147705078125" lon="117.246303968131542205810546875">
        <ele>57.200000762939453125</ele>
        <time>2026-05-05T12:11:31.000Z</time>
        <extensions>
          <ns3:TrackPointExtension>
            <ns3:hr>119</ns3:hr>
            <ns3:cad>91</ns3:cad>
          </ns3:TrackPointExtension>
        </extensions>
      </trkpt>
      <trkpt lat="29.28068700246512889862060546875" lon="117.246332801878452301025390625">
        <ele>57.200000762939453125</ele>
        <time>2026-05-05T12:11:32.000Z</time>
        <extensions>
          <ns3:TrackPointExtension>
            <ns3:hr>120</ns3:hr>
            <ns3:cad>91</ns3:cad>
          </ns3:TrackPointExtension>
        </extensions>
      </trkpt>
      <trkpt lat="29.2806862480938434600830078125" lon="117.2463336400687694549560546875">
        <ele>57.200000762939453125</ele>
        <time>2026-05-05T12:11:33.000Z</time>
        <extensions>
          <ns3:TrackPointExtension>
            <ns3:hr>120</ns3:hr>
            <ns3:cad>92</ns3:cad>
          </ns3:TrackPointExtension>
        </extensions>
      </trkpt>
      <trkpt lat="29.280659258365631103515625" lon="117.2463611327111721038818359375">
        <ele>57.200000762939453125</ele>
        <time>2026-05-05T12:11:34.000Z</time>
        <extensions>
          <ns3:TrackPointExtension>
            <ns3:hr>121</ns3:hr>
            <ns3:cad>92</ns3:cad>
          </ns3:TrackPointExtension>
        </extensions>
      </trkpt>
      <trkpt lat="29.2806543968617916107177734375" lon="117.24636607803404331207275390625">
        <ele>57.200000762939453125</ele>
        <time>2026-05-05T12:11:35.000Z</time>
        <extensions>
          <ns3:TrackPointExtension>
            <ns3:hr>121</ns3:hr>
            <ns3:cad>92</ns3:cad>
          </ns3:TrackPointExtension>
        </extensions>
      </trkpt>
      <trkpt lat="29.28062095306813716888427734375" lon="117.24640027619898319244384765625">
        <ele>57.200000762939453125</ele>
        <time>2026-05-05T12:11:36.000Z</time>
        <extensions>
          <ns3:TrackPointExtension>
            <ns3:hr>122</ns3:hr>
            <ns3:cad>91</ns3:cad>
          </ns3:TrackPointExtension>
        </extensions>
      </trkpt>
      <trkpt lat="29.28061542101204395294189453125" lon="117.24640597589313983917236328125">
        <ele>57.200000762939453125</ele>
        <time>2026-05-05T12:11:37.000Z</time>
        <extensions>
          <ns3:TrackPointExtension>
            <ns3:hr>123</ns3:hr>
            <ns3:cad>91</ns3:cad>
          </ns3:TrackPointExtension>
        </extensions>
      </trkpt>
      <trkpt lat="29.28058474324643611907958984375" lon="117.2464372403919696807861328125">
        <ele>57.200000762939453125</ele>
        <time>2026-05-05T12:11:38.000Z</time>
        <extensions>
          <ns3:TrackPointExtension>
            <ns3:hr>124</ns3:hr>
            <ns3:cad>91</ns3:cad>
          </ns3:TrackPointExtension>
        </extensions>
      </trkpt>
      <trkpt lat="29.2805803008377552032470703125" lon="117.24644176661968231201171875">
        <ele>57.200000762939453125</ele>
        <time>2026-05-05T12:11:39.000Z</time>
        <extensions>
          <ns3:TrackPointExtension>
            <ns3:hr>124</ns3:hr>
            <ns3:cad>90</ns3:cad>
          </ns3:TrackPointExtension>
        </extensions>
      </trkpt>
      <trkpt lat="29.28055071271955966949462890625" lon="117.246471941471099853515625">
        <ele>57.200000762939453125</ele>
        <time>2026-05-05T12:11:40.000Z</time>
        <extensions>
          <ns3:TrackPointExtension>
            <ns3:hr>125</ns3:hr>
            <ns3:cad>90</ns3:cad>
          </ns3:TrackPointExtension>
        </extensions>
      </trkpt>
      <trkpt lat="29.28054484538733959197998046875" lon="117.24647789262235164642333984375">
        <ele>57.200000762939453125</ele>
        <time>2026-05-05T12:11:41.000Z</time>
        <extensions>
          <ns3:TrackPointExtension>
            <ns3:hr>125</ns3:hr>
            <ns3:cad>90</ns3:cad>
          </ns3:TrackPointExtension>
        </extensions>
      </trkpt>
      <trkpt lat="29.28051332943141460418701171875" lon="117.24651007913053035736083984375">
        <ele>57.200000762939453125</ele>
        <time>2026-05-05T12:11:42.000Z</time>
        <extensions>
          <ns3:TrackPointExtension>
            <ns3:hr>125</ns3:hr>
            <ns3:cad>90</ns3:cad>
          </ns3:TrackPointExtension>
        </extensions>
      </trkpt>
      <trkpt lat="29.2805098928511142730712890625" lon="117.24651359952986240386962890625">
        <ele>57.200000762939453125</ele>
        <time>2026-05-05T12:11:43.000Z</time>
        <extensions>
          <ns3:TrackPointExtension>
            <ns3:hr>125</ns3:hr>
            <ns3:cad>91</ns3:cad>
          </ns3:TrackPointExtension>
        </extensions>
      </trkpt>
      <trkpt lat="29.28047678433358669281005859375" lon="117.246547378599643707275390625">
        <ele>57.200000762939453125</ele>
        <time>2026-05-05T12:11:44.000Z</time>
        <extensions>
          <ns3:TrackPointExtension>
            <ns3:hr>127</ns3:hr>
            <ns3:cad>91</ns3:cad>
          </ns3:TrackPointExtension>
        </extensions>
      </trkpt>
      <trkpt lat="29.28046974353492259979248046875" lon="117.2465545870363712310791015625">
        <ele>57.200000762939453125</ele>
        <time>2026-05-05T12:11:45.000Z</time>
        <extensions>
          <ns3:TrackPointExtension>
            <ns3:hr>128</ns3:hr>
            <ns3:cad>91</ns3:cad>
          </ns3:TrackPointExtension>
        </extensions>
      </trkpt>
      <trkpt lat="29.28043738938868045806884765625" lon="117.246587611734867095947265625">
        <ele>57.200000762939453125</ele>
        <time>2026-05-05T12:11:46.000Z</time>
        <extensions>
          <ns3:TrackPointExtension>
            <ns3:hr>129</ns3:hr>
            <ns3:cad>91</ns3:cad>
          </ns3:TrackPointExtension>
        </extensions>
      </trkpt>
      <trkpt lat="29.28042925894260406494140625" lon="117.2465958259999752044677734375">
        <ele>57.200000762939453125</ele>
        <time>2026-05-05T12:11:47.000Z</time>
        <extensions>
          <ns3:TrackPointExtension>
            <ns3:hr>130</ns3:hr>
            <ns3:cad>91</ns3:cad>
          </ns3:TrackPointExtension>
        </extensions>
      </trkpt>
      <trkpt lat="29.280400760471820831298828125" lon="117.2466249950230121612548828125">
        <ele>57.200000762939453125</ele>
        <time>2026-05-05T12:11:48.000Z</time>
        <extensions>
          <ns3:TrackPointExtension>
            <ns3:hr>131</ns3:hr>
            <ns3:cad>91</ns3:cad>
          </ns3:TrackPointExtension>
        </extensions>
      </trkpt>
      <trkpt lat="29.28038357757031917572021484375" lon="117.2466424293816089630126953125">
        <ele>57.200000762939453125</ele>
        <time>2026-05-05T12:11:49.000Z</time>
        <extensions>
          <ns3:TrackPointExtension>
            <ns3:hr>131</ns3:hr>
            <ns3:cad>91</ns3:cad>
          </ns3:TrackPointExtension>
        </extensions>
      </trkpt>
      <trkpt lat="29.2803643830120563507080078125" lon="117.24666212685406208038330078125">
        <ele>57.200000762939453125</ele>
        <time>2026-05-05T12:11:50.000Z</time>
        <extensions>
          <ns3:TrackPointExtension>
            <ns3:hr>132</ns3:hr>
            <ns3:cad>91</ns3:cad>
          </ns3:TrackPointExtension>
        </extensions>
      </trkpt>
      <trkpt lat="29.28034937940537929534912109375" lon="117.24667738191783428192138671875">
        <ele>57.200000762939453125</ele>
        <time>2026-05-05T12:11:51.000Z</time>
        <extensions>
          <ns3:TrackPointExtension>
            <ns3:hr>132</ns3:hr>
            <ns3:cad>91</ns3:cad>
          </ns3:TrackPointExtension>
        </extensions>
      </trkpt>
      <trkpt lat="29.28032641299068927764892578125" lon="117.2467007674276828765869140625">
        <ele>57.200000762939453125</ele>
        <time>2026-05-05T12:11:52.000Z</time>
        <extensions>
          <ns3:TrackPointExtension>
            <ns3:hr>133</ns3:hr>
            <ns3:cad>91</ns3:cad>
          </ns3:TrackPointExtension>
        </extensions>
      </trkpt>
      <trkpt lat="29.280310235917568206787109375" lon="117.2467173635959625244140625">
        <ele>57.200000762939453125</ele>
        <time>2026-05-05T12:11:53.000Z</time>
        <extensions>
          <ns3:TrackPointExtension>
            <ns3:hr>133</ns3:hr>
            <ns3:cad>91</ns3:cad>
          </ns3:TrackPointExtension>
        </extensions>
      </trkpt>
      <trkpt lat="29.2802899517118930816650390625" lon="117.2467379830777645111083984375">
        <ele>57.200000762939453125</ele>
        <time>2026-05-05T12:11:54.000Z</time>
        <extensions>
          <ns3:TrackPointExtension>
            <ns3:hr>133</ns3:hr>
            <ns3:cad>90</ns3:cad>
          </ns3:TrackPointExtension>
        </extensions>
      </trkpt>
      <trkpt lat="29.280272684991359710693359375" lon="117.24675566889345645904541015625">
        <ele>57.200000762939453125</ele>
        <time>2026-05-05T12:11:55.000Z</time>
        <extensions>
          <ns3:TrackPointExtension>
            <ns3:hr>133</ns3:hr>
            <ns3:cad>90</ns3:cad>
          </ns3:TrackPointExtension>
        </extensions>
      </trkpt>
      <trkpt lat="29.2802530713379383087158203125" lon="117.24677570164203643798828125">
        <ele>57.200000762939453125</ele>
        <time>2026-05-05T12:11:56.000Z</time>
        <extensions>
          <ns3:TrackPointExtension>
            <ns3:hr>132</ns3:hr>
            <ns3:cad>91</ns3:cad>
          </ns3:TrackPointExtension>
        </extensions>
      </trkpt>
      <trkpt lat="29.28023102693259716033935546875" lon="117.246798165142536163330078125">
        <ele>57.200000762939453125</ele>
        <time>2026-05-05T12:11:57.000Z</time>
        <extensions>
          <ns3:TrackPointExtension>
            <ns3:hr>133</ns3:hr>
            <ns3:cad>91</ns3:cad>
          </ns3:TrackPointExtension>
        </extensions>
      </trkpt>
      <trkpt lat="29.28021510131657123565673828125" lon="117.2468144260346889495849609375">
        <ele>57.200000762939453125</ele>
        <time>2026-05-05T12:11:58.000Z</time>
        <extensions>
          <ns3:TrackPointExtension>
            <ns3:hr>133</ns3:hr>
            <ns3:cad>91</ns3:cad>
          </ns3:TrackPointExtension>
        </extensions>
      </trkpt>
      <trkpt lat="29.2801856808364391326904296875" lon="117.24684434942901134490966796875">
        <ele>57.200000762939453125</ele>
        <time>2026-05-05T12:11:59.000Z</time>
        <extensions>
          <ns3:TrackPointExtension>
            <ns3:hr>133</ns3:hr>
            <ns3:cad>91</ns3:cad>
          </ns3:TrackPointExtension>
        </extensions>
      </trkpt>
      <trkpt lat="29.28017453290522098541259765625" lon="117.24685574881732463836669921875">
        <ele>57.200000762939453125</ele>
        <time>2026-05-05T12:12:00.000Z</time>
        <extensions>
          <ns3:TrackPointExtension>
            <ns3:hr>133</ns3:hr>
            <ns3:cad>92</ns3:cad>
          </ns3:TrackPointExtension>
        </extensions>
      </trkpt>
      <trkpt lat="29.28014301694929599761962890625" lon="117.2468898631632328033447265625">
        <ele>57.200000762939453125</ele>
        <time>2026-05-05T12:12:01.000Z</time>
        <extensions>
          <ns3:TrackPointExtension>
            <ns3:hr>134</ns3:hr>
            <ns3:cad>92</ns3:cad>
          </ns3:TrackPointExtension>
        </extensions>
      </trkpt>
      <trkpt lat="29.28012943826615810394287109375" lon="117.2469059564173221588134765625">
        <ele>57.200000762939453125</ele>
        <time>2026-05-05T12:12:02.000Z</time>
        <extensions>
          <ns3:TrackPointExtension>
            <ns3:hr>134</ns3:hr>
            <ns3:cad>92</ns3:cad>
          </ns3:TrackPointExtension>
        </extensions>
      </trkpt>
      <trkpt lat="29.28011585958302021026611328125" lon="117.2469247318804264068603515625">
        <ele>57.200000762939453125</ele>
        <time>2026-05-05T12:12:03.000Z</time>
        <extensions>
          <ns3:TrackPointExtension>
            <ns3:hr>134</ns3:hr>
            <ns3:cad>92</ns3:cad>
          </ns3:TrackPointExtension>
        </extensions>
      </trkpt>
      <trkpt lat="29.2801125906407833099365234375" lon="117.2469297610223293304443359375">
        <ele>57.200000762939453125</ele>
        <time>2026-05-05T12:12:04.000Z</time>
        <extensions>
          <ns3:TrackPointExtension>
            <ns3:hr>135</ns3:hr>
            <ns3:cad>92</ns3:cad>
          </ns3:TrackPointExtension>
        </extensions>
      </trkpt>
      <trkpt lat="29.28008115850389003753662109375" lon="117.246987931430339813232421875">
        <ele>57.200000762939453125</ele>
        <time>2026-05-05T12:12:05.000Z</time>
        <extensions>
          <ns3:TrackPointExtension>
            <ns3:hr>135</ns3:hr>
            <ns3:cad>92</ns3:cad>
          </ns3:TrackPointExtension>
        </extensions>
      </trkpt>
      <trkpt lat="29.28007763810455799102783203125" lon="117.24699555896222591400146484375">
        <ele>57.200000762939453125</ele>
        <time>2026-05-05T12:12:06.000Z</time>
        <extensions>
          <ns3:TrackPointExtension>
            <ns3:hr>135</ns3:hr>
            <ns3:cad>92</ns3:cad>
          </ns3:TrackPointExtension>
        </extensions>
      </trkpt>
      <trkpt lat="29.28006087429821491241455078125" lon="117.24704551510512828826904296875">
        <ele>57.200000762939453125</ele>
        <time>2026-05-05T12:12:07.000Z</time>
        <extensions>
          <ns3:TrackPointExtension>
            <ns3:hr>135</ns3:hr>
            <ns3:cad>92</ns3:cad>
          </ns3:TrackPointExtension>
        </extensions>
      </trkpt>
      <trkpt lat="29.28005835972726345062255859375" lon="117.24705356173217296600341796875">
        <ele>57.200000762939453125</ele>
        <time>2026-05-05T12:12:08.000Z</time>
        <extensions>
          <ns3:TrackPointExtension>
            <ns3:hr>136</ns3:hr>
            <ns3:cad>92</ns3:cad>
          </ns3:TrackPointExtension>
        </extensions>
      </trkpt>
      <trkpt lat="29.28005115129053592681884765625" lon="117.24709396250545978546142578125">
        <ele>57.200000762939453125</ele>
        <time>2026-05-05T12:12:09.000Z</time>
        <extensions>
          <ns3:TrackPointExtension>
            <ns3:hr>136</ns3:hr>
            <ns3:cad>92</ns3:cad>
          </ns3:TrackPointExtension>
        </extensions>
      </trkpt>
      <trkpt lat="29.28004897199571132659912109375" lon="117.247108630836009979248046875">
        <ele>57.200000762939453125</ele>
        <time>2026-05-05T12:12:10.000Z</time>
        <extensions>
          <ns3:TrackPointExtension>
            <ns3:hr>136</ns3:hr>
            <ns3:cad>92</ns3:cad>
          </ns3:TrackPointExtension>
        </extensions>
      </trkpt>
      <trkpt lat="29.28004696033895015716552734375" lon="117.24714777432382106781005859375">
        <ele>57.200000762939453125</ele>
        <time>2026-05-05T12:12:11.000Z</time>
        <extensions>
          <ns3:TrackPointExtension>
            <ns3:hr>136</ns3:hr>
            <ns3:cad>92</ns3:cad>
          </ns3:TrackPointExtension>
        </extensions>
      </trkpt>
      <trkpt lat="29.280046708881855010986328125" lon="117.24716386757791042327880859375">
        <ele>57.200000762939453125</ele>
        <time>2026-05-05T12:12:12.000Z</time>
        <extensions>
          <ns3:TrackPointExtension>
            <ns3:hr>136</ns3:hr>
            <ns3:cad>92</ns3:cad>
          </ns3:TrackPointExtension>
        </extensions>
      </trkpt>
      <trkpt lat="29.28004972636699676513671875" lon="117.24720376543700695037841796875">
        <ele>57.200000762939453125</ele>
        <time>2026-05-05T12:12:13.000Z</time>
        <extensions>
          <ns3:TrackPointExtension>
            <ns3:hr>136</ns3:hr>
            <ns3:cad>92</ns3:cad>
          </ns3:TrackPointExtension>
        </extensions>
      </trkpt>
      <trkpt lat="29.280053414404392242431640625" lon="117.2472271509468555450439453125">
        <ele>57.200000762939453125</ele>
        <time>2026-05-05T12:12:14.000Z</time>
        <extensions>
          <ns3:TrackPointExtension>
            <ns3:hr>136</ns3:hr>
            <ns3:cad>92</ns3:cad>
          </ns3:TrackPointExtension>
        </extensions>
      </trkpt>
      <trkpt lat="29.2800599522888660430908203125" lon="117.24725958891212940216064453125">
        <ele>57.200000762939453125</ele>
        <time>2026-05-05T12:12:15.000Z</time>
        <extensions>
          <ns3:TrackPointExtension>
            <ns3:hr>136</ns3:hr>
            <ns3:cad>92</ns3:cad>
          </ns3:TrackPointExtension>
        </extensions>
      </trkpt>
      <trkpt lat="29.28006623871624469757080078125" lon="117.24727995693683624267578125">
        <ele>57.200000762939453125</ele>
        <time>2026-05-05T12:12:16.000Z</time>
        <extensions>
          <ns3:TrackPointExtension>
            <ns3:hr>136</ns3:hr>
            <ns3:cad>92</ns3:cad>
          </ns3:TrackPointExtension>
        </extensions>
      </trkpt>
      <trkpt lat="29.28007579408586025238037109375" lon="117.24730803631246089935302734375">
        <ele>57.200000762939453125</ele>
        <time>2026-05-05T12:12:17.000Z</time>
        <extensions>
          <ns3:TrackPointExtension>
            <ns3:hr>136</ns3:hr>
            <ns3:cad>92</ns3:cad>
          </ns3:TrackPointExtension>
        </extensions>
      </trkpt>
      <trkpt lat="29.2800931446254253387451171875" lon="117.2473451681435108184814453125">
        <ele>57.200000762939453125</ele>
        <time>2026-05-05T12:12:18.000Z</time>
        <extensions>
          <ns3:TrackPointExtension>
            <ns3:hr>137</ns3:hr>
            <ns3:cad>92</ns3:cad>
          </ns3:TrackPointExtension>
        </extensions>
      </trkpt>
      <trkpt lat="29.28010144270956516265869140625" lon="117.24736134521663188934326171875">
        <ele>57.200000762939453125</ele>
        <time>2026-05-05T12:12:19.000Z</time>
        <extensions>
          <ns3:TrackPointExtension>
            <ns3:hr>136</ns3:hr>
            <ns3:cad>92</ns3:cad>
          </ns3:TrackPointExtension>
        </extensions>
      </trkpt>
      <trkpt lat="29.2801229842007160186767578125" lon="117.2473934479057788848876953125">
        <ele>57.200000762939453125</ele>
        <time>2026-05-05T12:12:20.000Z</time>
        <extensions>
          <ns3:TrackPointExtension>
            <ns3:hr>136</ns3:hr>
            <ns3:cad>92</ns3:cad>
          </ns3:TrackPointExtension>
        </extensions>
      </trkpt>
      <trkpt lat="29.28013279102742671966552734375" lon="117.24740660749375820159912109375">
        <ele>57.200000762939453125</ele>
        <time>2026-05-05T12:12:21.000Z</time>
        <extensions>
          <ns3:TrackPointExtension>
            <ns3:hr>136</ns3:hr>
            <ns3:cad>92</ns3:cad>
          </ns3:TrackPointExtension>
        </extensions>
      </trkpt>
      <trkpt lat="29.280157350003719329833984375" lon="117.2474340163171291351318359375">
        <ele>57.200000762939453125</ele>
        <time>2026-05-05T12:12:22.000Z</time>
        <extensions>
          <ns3:TrackPointExtension>
            <ns3:hr>136</ns3:hr>
            <ns3:cad>92</ns3:cad>
          </ns3:TrackPointExtension>
        </extensions>
      </trkpt>
      <trkpt lat="29.2801658995449542999267578125" lon="117.2474423982203006744384765625">
        <ele>57.200000762939453125</ele>
        <time>2026-05-05T12:12:23.000Z</time>
        <extensions>
          <ns3:TrackPointExtension>
            <ns3:hr>136</ns3:hr>
            <ns3:cad>92</ns3:cad>
          </ns3:TrackPointExtension>
        </extensions>
      </trkpt>
      <trkpt lat="29.28018894977867603302001953125" lon="117.24746167659759521484375">
        <ele>57.200000762939453125</ele>
        <time>2026-05-05T12:12:24.000Z</time>
        <extensions>
          <ns3:TrackPointExtension>
            <ns3:hr>136</ns3:hr>
            <ns3:cad>92</ns3:cad>
          </ns3:TrackPointExtension>
        </extensions>
      </trkpt>
      <trkpt lat="29.280204288661479949951171875" lon="117.24747332744300365447998046875">
        <ele>57.200000762939453125</ele>
        <time>2026-05-05T12:12:25.000Z</time>
        <extensions>
          <ns3:TrackPointExtension>
            <ns3:hr>136</ns3:hr>
            <ns3:cad>92</ns3:cad>
          </ns3:TrackPointExtension>
        </extensions>
      </trkpt>
      <trkpt lat="29.2802477069199085235595703125" lon="117.24749830551445484161376953125">
        <ele>57.200000762939453125</ele>
        <time>2026-05-05T12:12:26.000Z</time>
        <extensions>
          <ns3:TrackPointExtension>
            <ns3:hr>137</ns3:hr>
            <ns3:cad>92</ns3:cad>
          </ns3:TrackPointExtension>
        </extensions>
      </trkpt>
      <trkpt lat="29.28025952540338039398193359375" lon="117.24750316701829433441162109375">
        <ele>57.200000762939453125</ele>
        <time>2026-05-05T12:12:27.000Z</time>
        <extensions>
          <ns3:TrackPointExtension>
            <ns3:hr>137</ns3:hr>
            <ns3:cad>92</ns3:cad>
          </ns3:TrackPointExtension>
        </extensions>
      </trkpt>
      <trkpt lat="29.2803011834621429443359375" lon="117.24751724861562252044677734375">
        <ele>57.200000762939453125</ele>
        <time>2026-05-05T12:12:28.000Z</time>
        <extensions>
          <ns3:TrackPointExtension>
            <ns3:hr>137</ns3:hr>
            <ns3:cad>92</ns3:cad>
          </ns3:TrackPointExtension>
        </extensions>
      </trkpt>
      <trkpt lat="29.28030897863209247589111328125" lon="117.247519008815288543701171875">
        <ele>57.200000762939453125</ele>
        <time>2026-05-05T12:12:29.000Z</time>
        <extensions>
          <ns3:TrackPointExtension>
            <ns3:hr>137</ns3:hr>
            <ns3:cad>92</ns3:cad>
          </ns3:TrackPointExtension>
        </extensions>
      </trkpt>
      <trkpt lat="29.28035692311823368072509765625" lon="117.247525714337825775146484375">
        <ele>57.200000762939453125</ele>
        <time>2026-05-05T12:12:30.000Z</time>
        <extensions>
          <ns3:TrackPointExtension>
            <ns3:hr>136</ns3:hr>
            <ns3:cad>92</ns3:cad>
          </ns3:TrackPointExtension>
        </extensions>
      </trkpt>
      <trkpt lat="29.2803709208965301513671875" lon="117.24752663634717464447021484375">
        <ele>57.200000762939453125</ele>
        <time>2026-05-05T12:12:31.000Z</time>
        <extensions>
          <ns3:TrackPointExtension>
            <ns3:hr>136</ns3:hr>
            <ns3:cad>92</ns3:cad>
          </ns3:TrackPointExtension>
        </extensions>
      </trkpt>
      <trkpt lat="29.2804042808711528778076171875" lon="117.2475242055952548980712890625">
        <ele>57.200000762939453125</ele>
        <time>2026-05-05T12:12:32.000Z</time>
        <extensions>
          <ns3:TrackPointExtension>
            <ns3:hr>136</ns3:hr>
            <ns3:cad>92</ns3:cad>
          </ns3:TrackPointExtension>
        </extensions>
      </trkpt>
      <trkpt lat="29.28041744045913219451904296875" lon="117.24752294830977916717529296875">
        <ele>57.200000762939453125</ele>
        <time>2026-05-05T12:12:33.000Z</time>
        <extensions>
          <ns3:TrackPointExtension>
            <ns3:hr>136</ns3:hr>
            <ns3:cad>92</ns3:cad>
          </ns3:TrackPointExtension>
        </extensions>
      </trkpt>
      <trkpt lat="29.28045432083308696746826171875" lon="117.2475139796733856201171875">
        <ele>57.200000762939453125</ele>
        <time>2026-05-05T12:12:34.000Z</time>
        <extensions>
          <ns3:TrackPointExtension>
            <ns3:hr>136</ns3:hr>
            <ns3:cad>92</ns3:cad>
          </ns3:TrackPointExtension>
        </extensions>
      </trkpt>
      <trkpt lat="29.28046991117298603057861328125" lon="117.2475094534456729888916015625">
        <ele>57.200000762939453125</ele>
        <time>2026-05-05T12:12:35.000Z</time>
        <extensions>
          <ns3:TrackPointExtension>
            <ns3:hr>136</ns3:hr>
            <ns3:cad>92</ns3:cad>
          </ns3:TrackPointExtension>
        </extensions>
      </trkpt>
      <trkpt lat="29.28049857728183269500732421875" lon="117.24749662913382053375244140625">
        <ele>57.200000762939453125</ele>
        <time>2026-05-05T12:12:36.000Z</time>
        <extensions>
          <ns3:TrackPointExtension>
            <ns3:hr>136</ns3:hr>
            <ns3:cad>91</ns3:cad>
          </ns3:TrackPointExtension>
        </extensions>
      </trkpt>
      <trkpt lat="29.28050980903208255767822265625" lon="117.2474916838109493255615234375">
        <ele>57.200000762939453125</ele>
        <time>2026-05-05T12:12:37.000Z</time>
        <extensions>
          <ns3:TrackPointExtension>
            <ns3:hr>136</ns3:hr>
            <ns3:cad>91</ns3:cad>
          </ns3:TrackPointExtension>
        </extensions>
      </trkpt>
      <trkpt lat="29.28053746931254863739013671875" lon="117.24747399799525737762451171875">
        <ele>57.200000762939453125</ele>
        <time>2026-05-05T12:12:38.000Z</time>
        <extensions>
          <ns3:TrackPointExtension>
            <ns3:hr>136</ns3:hr>
            <ns3:cad>91</ns3:cad>
          </ns3:TrackPointExtension>
        </extensions>
      </trkpt>
      <trkpt lat="29.28054861724376678466796875" lon="117.24746678955852985382080078125">
        <ele>57.200000762939453125</ele>
        <time>2026-05-05T12:12:39.000Z</time>
        <extensions>
          <ns3:TrackPointExtension>
            <ns3:hr>136</ns3:hr>
            <ns3:cad>90</ns3:cad>
          </ns3:TrackPointExtension>
        </extensions>
      </trkpt>
      <trkpt lat="29.28057384677231311798095703125" lon="117.24744516424834728240966796875">
        <ele>57.200000762939453125</ele>
        <time>2026-05-05T12:12:40.000Z</time>
        <extensions>
          <ns3:TrackPointExtension>
            <ns3:hr>135</ns3:hr>
            <ns3:cad>90</ns3:cad>
          </ns3:TrackPointExtension>
        </extensions>
      </trkpt>
      <trkpt lat="29.28058658726513385772705078125" lon="117.24743393249809741973876953125">
        <ele>57.200000762939453125</ele>
        <time>2026-05-05T12:12:41.000Z</time>
        <extensions>
          <ns3:TrackPointExtension>
            <ns3:hr>135</ns3:hr>
            <ns3:cad>90</ns3:cad>
          </ns3:TrackPointExtension>
        </extensions>
      </trkpt>
      <trkpt lat="29.280616343021392822265625" lon="117.247403673827648162841796875">
        <ele>57.200000762939453125</ele>
        <time>2026-05-05T12:12:42.000Z</time>
        <extensions>
          <ns3:TrackPointExtension>
            <ns3:hr>134</ns3:hr>
            <ns3:cad>90</ns3:cad>
          </ns3:TrackPointExtension>
        </extensions>
      </trkpt>
      <trkpt lat="29.28063101135194301605224609375" lon="117.24738883785903453826904296875">
        <ele>57.200000762939453125</ele>
        <time>2026-05-05T12:12:43.000Z</time>
        <extensions>
          <ns3:TrackPointExtension>
            <ns3:hr>134</ns3:hr>
            <ns3:cad>90</ns3:cad>
          </ns3:TrackPointExtension>
        </extensions>
      </trkpt>
      <trkpt lat="29.2806500382721424102783203125" lon="117.24736939184367656707763671875">
        <ele>57.200000762939453125</ele>
        <time>2026-05-05T12:12:44.000Z</time>
        <extensions>
          <ns3:TrackPointExtension>
            <ns3:hr>134</ns3:hr>
            <ns3:cad>91</ns3:cad>
          </ns3:TrackPointExtension>
        </extensions>
      </trkpt>
      <trkpt lat="29.2806691490113735198974609375" lon="117.24734977819025516510009765625">
        <ele>57.200000762939453125</ele>
        <time>2026-05-05T12:12:45.000Z</time>
        <extensions>
          <ns3:TrackPointExtension>
            <ns3:hr>133</ns3:hr>
            <ns3:cad>91</ns3:cad>
          </ns3:TrackPointExtension>
        </extensions>
      </trkpt>
      <trkpt lat="29.28068733774125576019287109375" lon="117.247331254184246063232421875">
        <ele>57.200000762939453125</ele>
        <time>2026-05-05T12:12:46.000Z</time>
        <extensions>
          <ns3:TrackPointExtension>
            <ns3:hr>133</ns3:hr>
            <ns3:cad>90</ns3:cad>
          </ns3:TrackPointExtension>
        </extensions>
      </trkpt>
      <trkpt lat="29.28070485591888427734375" lon="117.24731348454952239990234375">
        <ele>57.200000762939453125</ele>
        <time>2026-05-05T12:12:47.000Z</time>
        <extensions>
          <ns3:TrackPointExtension>
            <ns3:hr>133</ns3:hr>
            <ns3:cad>90</ns3:cad>
          </ns3:TrackPointExtension>
        </extensions>
      </trkpt>
      <trkpt lat="29.2807237990200519561767578125" lon="117.24729412235319614410400390625">
        <ele>57.200000762939453125</ele>
        <time>2026-05-05T12:12:48.000Z</time>
        <extensions>
          <ns3:TrackPointExtension>
            <ns3:hr>132</ns3:hr>
            <ns3:cad>90</ns3:cad>
          </ns3:TrackPointExtension>
        </extensions>
      </trkpt>
      <trkpt lat="29.2807455919682979583740234375" lon="117.24727182649075984954833984375">
        <ele>57.200000762939453125</ele>
        <time>2026-05-05T12:12:49.000Z</time>
        <extensions>
          <ns3:TrackPointExtension>
            <ns3:hr>132</ns3:hr>
            <ns3:cad>90</ns3:cad>
          </ns3:TrackPointExtension>
        </extensions>
      </trkpt>
      <trkpt lat="29.28076126612722873687744140625" lon="117.24725581705570220947265625">
        <ele>57.200000762939453125</ele>
        <time>2026-05-05T12:12:50.000Z</time>
        <extensions>
          <ns3:TrackPointExtension>
            <ns3:hr>132</ns3:hr>
            <ns3:cad>90</ns3:cad>
          </ns3:TrackPointExtension>
        </extensions>
      </trkpt>
      <trkpt lat="29.28078733384609222412109375" lon="117.24722924642264842987060546875">
        <ele>57.200000762939453125</ele>
        <time>2026-05-05T12:12:51.000Z</time>
        <extensions>
          <ns3:TrackPointExtension>
            <ns3:hr>132</ns3:hr>
            <ns3:cad>91</ns3:cad>
          </ns3:TrackPointExtension>
        </extensions>
      </trkpt>
      <trkpt lat="29.28080468438565731048583984375" lon="117.24721156060695648193359375">
        <ele>57.200000762939453125</ele>
        <time>2026-05-05T12:12:52.000Z</time>
        <extensions>
          <ns3:TrackPointExtension>
            <ns3:hr>132</ns3:hr>
            <ns3:cad>91</ns3:cad>
          </ns3:TrackPointExtension>
        </extensions>
      </trkpt>
      <trkpt lat="29.28083016537129878997802734375" lon="117.2471855767071247100830078125">
        <ele>57.200000762939453125</ele>
        <time>2026-05-05T12:12:53.000Z</time>
        <extensions>
          <ns3:TrackPointExtension>
            <ns3:hr>132</ns3:hr>
            <ns3:cad>92</ns3:cad>
          </ns3:TrackPointExtension>
        </extensions>
      </trkpt>
      <trkpt lat="29.2808465100824832916259765625" lon="117.24716889671981334686279296875">
        <ele>57.200000762939453125</ele>
        <time>2026-05-05T12:12:54.000Z</time>
        <extensions>
          <ns3:TrackPointExtension>
            <ns3:hr>132</ns3:hr>
            <ns3:cad>92</ns3:cad>
          </ns3:TrackPointExtension>
        </extensions>
      </trkpt>
      <trkpt lat="29.28087425418198108673095703125" lon="117.24714056588709354400634765625">
        <ele>57.200000762939453125</ele>
        <time>2026-05-05T12:12:55.000Z</time>
        <extensions>
          <ns3:TrackPointExtension>
            <ns3:hr>132</ns3:hr>
            <ns3:cad>92</ns3:cad>
          </ns3:TrackPointExtension>
        </extensions>
      </trkpt>
      <trkpt lat="29.28088699467480182647705078125" lon="117.2471275739371776580810546875">
        <ele>57.200000762939453125</ele>
        <time>2026-05-05T12:12:56.000Z</time>
        <extensions>
          <ns3:TrackPointExtension>
            <ns3:hr>132</ns3:hr>
            <ns3:cad>92</ns3:cad>
          </ns3:TrackPointExtension>
        </extensions>
      </trkpt>
      <trkpt lat="29.280916415154933929443359375" lon="117.24709756672382354736328125">
        <ele>57.200000762939453125</ele>
        <time>2026-05-05T12:12:57.000Z</time>
        <extensions>
          <ns3:TrackPointExtension>
            <ns3:hr>133</ns3:hr>
            <ns3:cad>92</ns3:cad>
          </ns3:TrackPointExtension>
        </extensions>
      </trkpt>
      <trkpt lat="29.28092680871486663818359375" lon="117.24708692170679569244384765625">
        <ele>57.200000762939453125</ele>
        <time>2026-05-05T12:12:58.000Z</time>
        <extensions>
          <ns3:TrackPointExtension>
            <ns3:hr>133</ns3:hr>
            <ns3:cad>92</ns3:cad>
          </ns3:TrackPointExtension>
        </extensions>
      </trkpt>
      <trkpt lat="29.280957989394664764404296875" lon="117.2470551542937755584716796875">
        <ele>57.200000762939453125</ele>
        <time>2026-05-05T12:12:59.000Z</time>
        <extensions>
          <ns3:TrackPointExtension>
            <ns3:hr>133</ns3:hr>
            <ns3:cad>91</ns3:cad>
          </ns3:TrackPointExtension>
        </extensions>
      </trkpt>
      <trkpt lat="29.2809665389358997344970703125" lon="117.2470464371144771575927734375">
        <ele>57.200000762939453125</ele>
        <time>2026-05-05T12:13:00.000Z</time>
        <extensions>
          <ns3:TrackPointExtension>
            <ns3:hr>133</ns3:hr>
            <ns3:cad>91</ns3:cad>
          </ns3:TrackPointExtension>
        </extensions>
      </trkpt>
      <trkpt lat="29.28099914453923702239990234375" lon="117.24701307713985443115234375">
        <ele>57.200000762939453125</ele>
        <time>2026-05-05T12:13:01.000Z</time>
        <extensions>
          <ns3:TrackPointExtension>
            <ns3:hr>133</ns3:hr>
            <ns3:cad>91</ns3:cad>
          </ns3:TrackPointExtension>
        </extensions>
      </trkpt>
      <trkpt lat="29.2810081131756305694580078125" lon="117.24700394086539745330810546875">
        <ele>57.200000762939453125</ele>
        <time>2026-05-05T12:13:02.000Z</time>
        <extensions>
          <ns3:TrackPointExtension>
            <ns3:hr>133</ns3:hr>
            <ns3:cad>92</ns3:cad>
          </ns3:TrackPointExtension>
        </extensions>
      </trkpt>
      <trkpt lat="29.28103904239833354949951171875" lon="117.24697242490947246551513671875">
        <ele>57.200000762939453125</ele>
        <time>2026-05-05T12:13:03.000Z</time>
        <extensions>
          <ns3:TrackPointExtension>
            <ns3:hr>133</ns3:hr>
            <ns3:cad>92</ns3:cad>
          </ns3:TrackPointExtension>
        </extensions>
      </trkpt>
      <trkpt lat="29.2810466699302196502685546875" lon="117.2469646297395229339599609375">
        <ele>57.200000762939453125</ele>
        <time>2026-05-05T12:13:04.000Z</time>
        <extensions>
          <ns3:TrackPointExtension>
            <ns3:hr>133</ns3:hr>
            <ns3:cad>92</ns3:cad>
          </ns3:TrackPointExtension>
        </extensions>
      </trkpt>
      <trkpt lat="29.28107374347746372222900390625" lon="117.24693705327808856964111328125">
        <ele>57.200000762939453125</ele>
        <time>2026-05-05T12:13:05.000Z</time>
        <extensions>
          <ns3:TrackPointExtension>
            <ns3:hr>133</ns3:hr>
            <ns3:cad>92</ns3:cad>
          </ns3:TrackPointExtension>
        </extensions>
      </trkpt>
      <trkpt lat="29.2810825444757938385009765625" lon="117.24692800082266330718994140625">
        <ele>57.200000762939453125</ele>
        <time>2026-05-05T12:13:06.000Z</time>
        <extensions>
          <ns3:TrackPointExtension>
            <ns3:hr>134</ns3:hr>
            <ns3:cad>92</ns3:cad>
          </ns3:TrackPointExtension>
        </extensions>
      </trkpt>
      <trkpt lat="29.28110727109014987945556640625" lon="117.246902771294116973876953125">
        <ele>57.200000762939453125</ele>
        <time>2026-05-05T12:13:07.000Z</time>
        <extensions>
          <ns3:TrackPointExtension>
            <ns3:hr>134</ns3:hr>
            <ns3:cad>92</ns3:cad>
          </ns3:TrackPointExtension>
        </extensions>
      </trkpt>
      <trkpt lat="29.281120598316192626953125" lon="117.2468891926109790802001953125">
        <ele>57.200000762939453125</ele>
        <time>2026-05-05T12:13:08.000Z</time>
        <extensions>
          <ns3:TrackPointExtension>
            <ns3:hr>134</ns3:hr>
            <ns3:cad>92</ns3:cad>
          </ns3:TrackPointExtension>
        </extensions>
      </trkpt>
      <trkpt lat="29.281142391264438629150390625" lon="117.24686689674854278564453125">
        <ele>57.200000762939453125</ele>
        <time>2026-05-05T12:13:09.000Z</time>
        <extensions>
          <ns3:TrackPointExtension>
            <ns3:hr>134</ns3:hr>
            <ns3:cad>92</ns3:cad>
          </ns3:TrackPointExtension>
        </extensions>
      </trkpt>
      <trkpt lat="29.281158149242401123046875" lon="117.24685080349445343017578125">
        <ele>57.200000762939453125</ele>
        <time>2026-05-05T12:13:10.000Z</time>
        <extensions>
          <ns3:TrackPointExtension>
            <ns3:hr>135</ns3:hr>
            <ns3:cad>92</ns3:cad>
          </ns3:TrackPointExtension>
        </extensions>
      </trkpt>
      <trkpt lat="29.28117734380066394805908203125" lon="117.24682959727942943572998046875">
        <ele>57.200000762939453125</ele>
        <time>2026-05-05T12:13:11.000Z</time>
        <extensions>
          <ns3:TrackPointExtension>
            <ns3:hr>135</ns3:hr>
            <ns3:cad>92</ns3:cad>
          </ns3:TrackPointExtension>
        </extensions>
      </trkpt>
      <trkpt lat="29.28120014257729053497314453125" lon="117.24680227227509021759033203125">
        <ele>57.200000762939453125</ele>
        <time>2026-05-05T12:13:12.000Z</time>
        <extensions>
          <ns3:TrackPointExtension>
            <ns3:hr>135</ns3:hr>
            <ns3:cad>92</ns3:cad>
          </ns3:TrackPointExtension>
        </extensions>
      </trkpt>
      <trkpt lat="29.28121338598430156707763671875" lon="117.246781401336193084716796875">
        <ele>57.200000762939453125</ele>
        <time>2026-05-05T12:13:13.000Z</time>
        <extensions>
          <ns3:TrackPointExtension>
            <ns3:hr>135</ns3:hr>
            <ns3:cad>92</ns3:cad>
          </ns3:TrackPointExtension>
        </extensions>
      </trkpt>
      <trkpt lat="29.28122855722904205322265625" lon="117.246756255626678466796875">
        <ele>57.200000762939453125</ele>
        <time>2026-05-05T12:13:14.000Z</time>
        <extensions>
          <ns3:TrackPointExtension>
            <ns3:hr>136</ns3:hr>
            <ns3:cad>92</ns3:cad>
          </ns3:TrackPointExtension>
        </extensions>
      </trkpt>
      <trkpt lat="29.28123794496059417724609375" lon="117.24673588760197162628173828125">
        <ele>57.200000762939453125</ele>
        <time>2026-05-05T12:13:15.000Z</time>
        <extensions>
          <ns3:TrackPointExtension>
            <ns3:hr>136</ns3:hr>
            <ns3:cad>91</ns3:cad>
          </ns3:TrackPointExtension>
        </extensions>
      </trkpt>
      <trkpt lat="29.2812511883676052093505859375" lon="117.24670386873185634613037109375">
        <ele>57.200000762939453125</ele>
        <time>2026-05-05T12:13:16.000Z</time>
        <extensions>
          <ns3:TrackPointExtension>
            <ns3:hr>136</ns3:hr>
            <ns3:cad>91</ns3:cad>
          </ns3:TrackPointExtension>
        </extensions>
      </trkpt>
      <trkpt lat="29.28125713951885700225830078125" lon="117.2466846741735935211181640625">
        <ele>57.200000762939453125</ele>
        <time>2026-05-05T12:13:17.000Z</time>
        <extensions>
          <ns3:TrackPointExtension>
            <ns3:hr>136</ns3:hr>
            <ns3:cad>91</ns3:cad>
          </ns3:TrackPointExtension>
        </extensions>
      </trkpt>
      <trkpt lat="29.2812662757933139801025390625" lon="117.246648967266082763671875">
        <ele>57.200000762939453125</ele>
        <time>2026-05-05T12:13:18.000Z</time>
        <extensions>
          <ns3:TrackPointExtension>
            <ns3:hr>137</ns3:hr>
            <ns3:cad>91</ns3:cad>
          </ns3:TrackPointExtension>
        </extensions>
      </trkpt>
      <trkpt lat="29.28126971237361431121826171875" lon="117.246629856526851654052734375">
        <ele>57.200000762939453125</ele>
        <time>2026-05-05T12:13:19.000Z</time>
        <extensions>
          <ns3:TrackPointExtension>
            <ns3:hr>136</ns3:hr>
            <ns3:cad>91</ns3:cad>
          </ns3:TrackPointExtension>
        </extensions>
      </trkpt>
      <trkpt lat="29.28127407096326351165771484375" lon="117.246588952839374542236328125">
        <ele>57.200000762939453125</ele>
        <time>2026-05-05T12:13:20.000Z</time>
        <extensions>
          <ns3:TrackPointExtension>
            <ns3:hr>136</ns3:hr>
            <ns3:cad>91</ns3:cad>
          </ns3:TrackPointExtension>
        </extensions>
      </trkpt>
      <trkpt lat="29.28127474151551723480224609375" lon="117.24657478742301464080810546875">
        <ele>57.200000762939453125</ele>
        <time>2026-05-05T12:13:21.000Z</time>
        <extensions>
          <ns3:TrackPointExtension>
            <ns3:hr>136</ns3:hr>
            <ns3:cad>91</ns3:cad>
          </ns3:TrackPointExtension>
        </extensions>
      </trkpt>
      <trkpt lat="29.28127373568713665008544921875" lon="117.24653430283069610595703125">
        <ele>57.200000762939453125</ele>
        <time>2026-05-05T12:13:22.000Z</time>
        <extensions>
          <ns3:TrackPointExtension>
            <ns3:hr>136</ns3:hr>
            <ns3:cad>90</ns3:cad>
          </ns3:TrackPointExtension>
        </extensions>
      </trkpt>
      <trkpt lat="29.281273148953914642333984375" lon="117.24652566947042942047119140625">
        <ele>57.200000762939453125</ele>
        <time>2026-05-05T12:13:23.000Z</time>
        <extensions>
          <ns3:TrackPointExtension>
            <ns3:hr>136</ns3:hr>
            <ns3:cad>90</ns3:cad>
          </ns3:TrackPointExtension>
        </extensions>
      </trkpt>
      <trkpt lat="29.28126703016459941864013671875" lon="117.2464828379452228546142578125">
        <ele>57.200000762939453125</ele>
        <time>2026-05-05T12:13:24.000Z</time>
        <extensions>
          <ns3:TrackPointExtension>
            <ns3:hr>136</ns3:hr>
            <ns3:cad>91</ns3:cad>
          </ns3:TrackPointExtension>
        </extensions>
      </trkpt>
      <trkpt lat="29.2812659405171871185302734375" lon="117.24647722207009792327880859375">
        <ele>57.200000762939453125</ele>
        <time>2026-05-05T12:13:25.000Z</time>
        <extensions>
          <ns3:TrackPointExtension>
            <ns3:hr>135</ns3:hr>
            <ns3:cad>92</ns3:cad>
          </ns3:TrackPointExtension>
        </extensions>
      </trkpt>
      <trkpt lat="29.28125781007111072540283203125" lon="117.24644386209547519683837890625">
        <ele>57.200000762939453125</ele>
        <time>2026-05-05T12:13:26.000Z</time>
        <extensions>
          <ns3:TrackPointExtension>
            <ns3:hr>135</ns3:hr>
            <ns3:cad>92</ns3:cad>
          </ns3:TrackPointExtension>
        </extensions>
      </trkpt>
      <trkpt lat="29.2812532000243663787841796875" lon="117.24643028341233730316162109375">
        <ele>57.200000762939453125</ele>
        <time>2026-05-05T12:13:27.000Z</time>
        <extensions>
          <ns3:TrackPointExtension>
            <ns3:hr>135</ns3:hr>
            <ns3:cad>92</ns3:cad>
          </ns3:TrackPointExtension>
        </extensions>
      </trkpt>
      <trkpt lat="29.28123484365642070770263671875" lon="117.2463847696781158447265625">
        <ele>57.200000762939453125</ele>
        <time>2026-05-05T12:13:28.000Z</time>
        <extensions>
          <ns3:TrackPointExtension>
            <ns3:hr>135</ns3:hr>
            <ns3:cad>92</ns3:cad>
          </ns3:TrackPointExtension>
        </extensions>
      </trkpt>
      <trkpt lat="29.28123367018997669219970703125" lon="117.24638233892619609832763671875">
        <ele>57.200000762939453125</ele>
        <time>2026-05-05T12:13:29.000Z</time>
        <extensions>
          <ns3:TrackPointExtension>
            <ns3:hr>135</ns3:hr>
            <ns3:cad>92</ns3:cad>
          </ns3:TrackPointExtension>
        </extensions>
      </trkpt>
      <trkpt lat="29.28120986558496952056884765625" lon="117.24634042941033840179443359375">
        <ele>57.200000762939453125</ele>
        <time>2026-05-05T12:13:30.000Z</time>
        <extensions>
          <ns3:TrackPointExtension>
            <ns3:hr>134</ns3:hr>
            <ns3:cad>92</ns3:cad>
          </ns3:TrackPointExtension>
        </extensions>
      </trkpt>
      <trkpt lat="29.28120684809982776641845703125" lon="117.24633590318262577056884765625">
        <ele>57.200000762939453125</ele>
        <time>2026-05-05T12:13:31.000Z</time>
        <extensions>
          <ns3:TrackPointExtension>
            <ns3:hr>134</ns3:hr>
            <ns3:cad>92</ns3:cad>
          </ns3:TrackPointExtension>
        </extensions>
      </trkpt>
      <trkpt lat="29.2811784334480762481689453125" lon="117.24629902280867099761962890625">
        <ele>57.200000762939453125</ele>
        <time>2026-05-05T12:13:32.000Z</time>
        <extensions>
          <ns3:TrackPointExtension>
            <ns3:hr>135</ns3:hr>
            <ns3:cad>92</ns3:cad>
          </ns3:TrackPointExtension>
        </extensions>
      </trkpt>
      <trkpt lat="29.28117600269615650177001953125" lon="117.2462964244186878204345703125">
        <ele>57.200000762939453125</ele>
        <time>2026-05-05T12:13:33.000Z</time>
        <extensions>
          <ns3:TrackPointExtension>
            <ns3:hr>135</ns3:hr>
            <ns3:cad>92</ns3:cad>
          </ns3:TrackPointExtension>
        </extensions>
      </trkpt>
      <trkpt lat="29.2811462469398975372314453125" lon="117.24626700393855571746826171875">
        <ele>57.200000762939453125</ele>
        <time>2026-05-05T12:13:34.000Z</time>
        <extensions>
          <ns3:TrackPointExtension>
            <ns3:hr>135</ns3:hr>
            <ns3:cad>92</ns3:cad>
          </ns3:TrackPointExtension>
        </extensions>
      </trkpt>
      <trkpt lat="29.2811405472457408905029296875" lon="117.24626231007277965545654296875">
        <ele>57.200000762939453125</ele>
        <time>2026-05-05T12:13:35.000Z</time>
        <extensions>
          <ns3:TrackPointExtension>
            <ns3:hr>135</ns3:hr>
            <ns3:cad>92</ns3:cad>
          </ns3:TrackPointExtension>
        </extensions>
      </trkpt>
      <trkpt lat="29.2811123840510845184326171875" lon="117.24624102003872394561767578125">
        <ele>57.200000762939453125</ele>
        <time>2026-05-05T12:13:36.000Z</time>
        <extensions>
          <ns3:TrackPointExtension>
            <ns3:hr>135</ns3:hr>
            <ns3:cad>92</ns3:cad>
          </ns3:TrackPointExtension>
        </extensions>
      </trkpt>
      <trkpt lat="29.281099140644073486328125" lon="117.2462330572307109832763671875">
        <ele>57.200000762939453125</ele>
        <time>2026-05-05T12:13:37.000Z</time>
        <extensions>
          <ns3:TrackPointExtension>
            <ns3:hr>135</ns3:hr>
            <ns3:cad>92</ns3:cad>
          </ns3:TrackPointExtension>
        </extensions>
      </trkpt>
      <trkpt lat="29.28106988780200481414794921875" lon="117.24621755070984363555908203125">
        <ele>57.200000762939453125</ele>
        <time>2026-05-05T12:13:38.000Z</time>
        <extensions>
          <ns3:TrackPointExtension>
            <ns3:hr>135</ns3:hr>
            <ns3:cad>92</ns3:cad>
          </ns3:TrackPointExtension>
        </extensions>
      </trkpt>
      <trkpt lat="29.2810550518333911895751953125" lon="117.24621151573956012725830078125">
        <ele>57.200000762939453125</ele>
        <time>2026-05-05T12:13:39.000Z</time>
        <extensions>
          <ns3:TrackPointExtension>
            <ns3:hr>135</ns3:hr>
            <ns3:cad>92</ns3:cad>
          </ns3:TrackPointExtension>
        </extensions>
      </trkpt>
      <trkpt lat="29.2810413055121898651123046875" lon="117.24620581604540348052978515625">
        <ele>57.200000762939453125</ele>
        <time>2026-05-05T12:13:40.000Z</time>
        <extensions>
          <ns3:TrackPointExtension>
            <ns3:hr>135</ns3:hr>
            <ns3:cad>92</ns3:cad>
          </ns3:TrackPointExtension>
        </extensions>
      </trkpt>
      <trkpt lat="29.281011633574962615966796875" lon="117.24619827233254909515380859375">
        <ele>57.200000762939453125</ele>
        <time>2026-05-05T12:13:41.000Z</time>
        <extensions>
          <ns3:TrackPointExtension>
            <ns3:hr>135</ns3:hr>
            <ns3:cad>91</ns3:cad>
          </ns3:TrackPointExtension>
        </extensions>
      </trkpt>
      <trkpt lat="29.28099361248314380645751953125" lon="117.24619408138096332550048828125">
        <ele>57.200000762939453125</ele>
        <time>2026-05-05T12:13:42.000Z</time>
        <extensions>
          <ns3:TrackPointExtension>
            <ns3:hr>135</ns3:hr>
            <ns3:cad>91</ns3:cad>
          </ns3:TrackPointExtension>
        </extensions>
      </trkpt>
      <trkpt lat="29.280956648290157318115234375" lon="117.24619139917194843292236328125">
        <ele>57.200000762939453125</ele>
        <time>2026-05-05T12:13:43.000Z</time>
        <extensions>
          <ns3:TrackPointExtension>
            <ns3:hr>135</ns3:hr>
            <ns3:cad>91</ns3:cad>
          </ns3:TrackPointExtension>
        </extensions>
      </trkpt>
      <trkpt lat="29.28094399161636829376220703125" lon="117.2461908124387264251708984375">
        <ele>57.200000762939453125</ele>
        <time>2026-05-05T12:13:44.000Z</time>
        <extensions>
          <ns3:TrackPointExtension>
            <ns3:hr>135</ns3:hr>
            <ns3:cad>91</ns3:cad>
          </ns3:TrackPointExtension>
        </extensions>
      </trkpt>
      <trkpt lat="29.280900321900844573974609375" lon="117.24619508720934391021728515625">
        <ele>57.200000762939453125</ele>
        <time>2026-05-05T12:13:45.000Z</time>
        <extensions>
          <ns3:TrackPointExtension>
            <ns3:hr>136</ns3:hr>
            <ns3:cad>91</ns3:cad>
          </ns3:TrackPointExtension>
        </extensions>
      </trkpt>
      <trkpt lat="29.280886910855770111083984375" lon="117.2461985237896442413330078125">
        <ele>57.200000762939453125</ele>
        <time>2026-05-05T12:13:46.000Z</time>
        <extensions>
          <ns3:TrackPointExtension>
            <ns3:hr>135</ns3:hr>
            <ns3:cad>91</ns3:cad>
          </ns3:TrackPointExtension>
        </extensions>
      </trkpt>
      <trkpt lat="29.28084156475961208343505859375" lon="117.24621285684406757354736328125">
        <ele>57.200000762939453125</ele>
        <time>2026-05-05T12:13:47.000Z</time>
        <extensions>
          <ns3:TrackPointExtension>
            <ns3:hr>135</ns3:hr>
            <ns3:cad>91</ns3:cad>
          </ns3:TrackPointExtension>
        </extensions>
      </trkpt>
      <trkpt lat="29.2808307521045207977294921875" lon="117.24621771834790706634521484375">
        <ele>57.200000762939453125</ele>
        <time>2026-05-05T12:13:48.000Z</time>
        <extensions>
          <ns3:TrackPointExtension>
            <ns3:hr>135</ns3:hr>
            <ns3:cad>91</ns3:cad>
          </ns3:TrackPointExtension>
        </extensions>
      </trkpt>
      <trkpt lat="29.28079362027347087860107421875" lon="117.2462377510964870452880859375">
        <ele>57.200000762939453125</ele>
        <time>2026-05-05T12:13:49.000Z</time>
        <extensions>
          <ns3:TrackPointExtension>
            <ns3:hr>135</ns3:hr>
            <ns3:cad>92</ns3:cad>
          </ns3:TrackPointExtension>
        </extensions>
      </trkpt>
      <trkpt lat="29.28078331053256988525390625" lon="117.24624437279999256134033203125">
        <ele>57.200000762939453125</ele>
        <time>2026-05-05T12:13:50.000Z</time>
        <extensions>
          <ns3:TrackPointExtension>
            <ns3:hr>135</ns3:hr>
            <ns3:cad>92</ns3:cad>
          </ns3:TrackPointExtension>
        </extensions>
      </trkpt>
      <trkpt lat="29.28075120784342288970947265625" lon="117.246269769966602325439453125">
        <ele>57.200000762939453125</ele>
        <time>2026-05-05T12:13:51.000Z</time>
        <extensions>
          <ns3:TrackPointExtension>
            <ns3:hr>135</ns3:hr>
            <ns3:cad>92</ns3:cad>
          </ns3:TrackPointExtension>
        </extensions>
      </trkpt>
      <trkpt lat="29.280744083225727081298828125" lon="117.24627605639398097991943359375">
        <ele>57.200000762939453125</ele>
        <time>2026-05-05T12:13:52.000Z</time>
        <extensions>
          <ns3:TrackPointExtension>
            <ns3:hr>135</ns3:hr>
            <ns3:cad>91</ns3:cad>
          </ns3:TrackPointExtension>
        </extensions>
      </trkpt>
      <trkpt lat="29.28071130998432636260986328125" lon="117.24630807526409626007080078125">
        <ele>57.200000762939453125</ele>
        <time>2026-05-05T12:13:53.000Z</time>
        <extensions>
          <ns3:TrackPointExtension>
            <ns3:hr>135</ns3:hr>
            <ns3:cad>91</ns3:cad>
          </ns3:TrackPointExtension>
        </extensions>
      </trkpt>
      <trkpt lat="29.28070225752890110015869140625" lon="117.24631729535758495330810546875">
        <ele>57.200000762939453125</ele>
        <time>2026-05-05T12:13:54.000Z</time>
        <extensions>
          <ns3:TrackPointExtension>
            <ns3:hr>135</ns3:hr>
            <ns3:cad>91</ns3:cad>
          </ns3:TrackPointExtension>
        </extensions>
      </trkpt>
      <trkpt lat="29.28066990338265895843505859375" lon="117.24635032005608081817626953125">
        <ele>57.200000762939453125</ele>
        <time>2026-05-05T12:13:55.000Z</time>
        <extensions>
          <ns3:TrackPointExtension>
            <ns3:hr>135</ns3:hr>
            <ns3:cad>92</ns3:cad>
          </ns3:TrackPointExtension>
        </extensions>
      </trkpt>
      <trkpt lat="29.28066319786012172698974609375" lon="117.24635719321668148040771484375">
        <ele>57.200000762939453125</ele>
        <time>2026-05-05T12:13:56.000Z</time>
        <extensions>
          <ns3:TrackPointExtension>
            <ns3:hr>135</ns3:hr>
            <ns3:cad>92</ns3:cad>
          </ns3:TrackPointExtension>
        </extensions>
      </trkpt>
      <trkpt lat="29.2806305922567844390869140625" lon="117.24639038555324077606201171875">
        <ele>57.200000762939453125</ele>
        <time>2026-05-05T12:13:57.000Z</time>
        <extensions>
          <ns3:TrackPointExtension>
            <ns3:hr>135</ns3:hr>
            <ns3:cad>92</ns3:cad>
          </ns3:TrackPointExtension>
        </extensions>
      </trkpt>
      <trkpt lat="29.28062614984810352325439453125" lon="117.2463949955999851226806640625">
        <ele>57.200000762939453125</ele>
        <time>2026-05-05T12:13:58.000Z</time>
        <extensions>
          <ns3:TrackPointExtension>
            <ns3:hr>135</ns3:hr>
            <ns3:cad>92</ns3:cad>
          </ns3:TrackPointExtension>
        </extensions>
      </trkpt>
      <trkpt lat="29.28060016594827175140380859375" lon="117.2464214824140071868896484375">
        <ele>57.200000762939453125</ele>
        <time>2026-05-05T12:13:59.000Z</time>
        <extensions>
          <ns3:TrackPointExtension>
            <ns3:hr>135</ns3:hr>
            <ns3:cad>92</ns3:cad>
          </ns3:TrackPointExtension>
        </extensions>
      </trkpt>
      <trkpt lat="29.2805893532931804656982421875" lon="117.24643246270716190338134765625">
        <ele>57.200000762939453125</ele>
        <time>2026-05-05T12:14:00.000Z</time>
        <extensions>
          <ns3:TrackPointExtension>
            <ns3:hr>135</ns3:hr>
            <ns3:cad>92</ns3:cad>
          </ns3:TrackPointExtension>
        </extensions>
      </trkpt>
      <trkpt lat="29.28056026808917522430419921875" lon="117.246462218463420867919921875">
        <ele>57.200000762939453125</ele>
        <time>2026-05-05T12:14:01.000Z</time>
        <extensions>
          <ns3:TrackPointExtension>
            <ns3:hr>134</ns3:hr>
            <ns3:cad>92</ns3:cad>
          </ns3:TrackPointExtension>
        </extensions>
      </trkpt>
      <trkpt lat="29.28054819814860820770263671875" lon="117.24647453986108303070068359375">
        <ele>57.200000762939453125</ele>
        <time>2026-05-05T12:14:02.000Z</time>
        <extensions>
          <ns3:TrackPointExtension>
            <ns3:hr>134</ns3:hr>
            <ns3:cad>92</ns3:cad>
          </ns3:TrackPointExtension>
        </extensions>
      </trkpt>
      <trkpt lat="29.28052674047648906707763671875" lon="117.246496416628360748291015625">
        <ele>57.200000762939453125</ele>
        <time>2026-05-05T12:14:03.000Z</time>
        <extensions>
          <ns3:TrackPointExtension>
            <ns3:hr>134</ns3:hr>
            <ns3:cad>92</ns3:cad>
          </ns3:TrackPointExtension>
        </extensions>
      </trkpt>
      <trkpt lat="29.2805108986794948577880859375" lon="117.24651259370148181915283203125">
        <ele>57.200000762939453125</ele>
        <time>2026-05-05T12:14:04.000Z</time>
        <extensions>
          <ns3:TrackPointExtension>
            <ns3:hr>134</ns3:hr>
            <ns3:cad>92</ns3:cad>
          </ns3:TrackPointExtension>
        </extensions>
      </trkpt>
      <trkpt lat="29.28049019537866115570068359375" lon="117.24653371609747409820556640625">
        <ele>57.200000762939453125</ele>
        <time>2026-05-05T12:14:05.000Z</time>
        <extensions>
          <ns3:TrackPointExtension>
            <ns3:hr>134</ns3:hr>
            <ns3:cad>92</ns3:cad>
          </ns3:TrackPointExtension>
        </extensions>
      </trkpt>
      <trkpt lat="29.2804733477532863616943359375" lon="117.2465508989989757537841796875">
        <ele>57.200000762939453125</ele>
        <time>2026-05-05T12:14:06.000Z</time>
        <extensions>
          <ns3:TrackPointExtension>
            <ns3:hr>134</ns3:hr>
            <ns3:cad>92</ns3:cad>
          </ns3:TrackPointExtension>
        </extensions>
      </trkpt>
      <trkpt lat="29.28045180626213550567626953125" lon="117.246572859585285186767578125">
        <ele>57.200000762939453125</ele>
        <time>2026-05-05T12:14:07.000Z</time>
        <extensions>
          <ns3:TrackPointExtension>
            <ns3:hr>134</ns3:hr>
            <ns3:cad>92</ns3:cad>
          </ns3:TrackPointExtension>
        </extensions>
      </trkpt>
      <trkpt lat="29.28043252788484096527099609375" lon="117.2465924732387065887451171875">
        <ele>57.200000762939453125</ele>
        <time>2026-05-05T12:14:08.000Z</time>
        <extensions>
          <ns3:TrackPointExtension>
            <ns3:hr>134</ns3:hr>
            <ns3:cad>92</ns3:cad>
          </ns3:TrackPointExtension>
        </extensions>
      </trkpt>
      <trkpt lat="29.28041593171656131744384765625" lon="117.24660940468311309814453125">
        <ele>57.200000762939453125</ele>
        <time>2026-05-05T12:14:09.000Z</time>
        <extensions>
          <ns3:TrackPointExtension>
            <ns3:hr>133</ns3:hr>
            <ns3:cad>91</ns3:cad>
          </ns3:TrackPointExtension>
        </extensions>
      </trkpt>
      <trkpt lat="29.2803885228931903839111328125" lon="117.2466374002397060394287109375">
        <ele>57.200000762939453125</ele>
        <time>2026-05-05T12:14:10.000Z</time>
        <extensions>
          <ns3:TrackPointExtension>
            <ns3:hr>134</ns3:hr>
            <ns3:cad>91</ns3:cad>
          </ns3:TrackPointExtension>
        </extensions>
      </trkpt>
      <trkpt lat="29.280375279486179351806640625" lon="117.24665089510381221771240234375">
        <ele>57.200000762939453125</ele>
        <time>2026-05-05T12:14:11.000Z</time>
        <extensions>
          <ns3:TrackPointExtension>
            <ns3:hr>134</ns3:hr>
            <ns3:cad>91</ns3:cad>
          </ns3:TrackPointExtension>
        </extensions>
      </trkpt>
      <trkpt lat="29.28034879267215728759765625" lon="117.2466779686510562896728515625">
        <ele>57.200000762939453125</ele>
        <time>2026-05-05T12:14:12.000Z</time>
        <extensions>
          <ns3:TrackPointExtension>
            <ns3:hr>134</ns3:hr>
            <ns3:cad>92</ns3:cad>
          </ns3:TrackPointExtension>
        </extensions>
      </trkpt>
      <trkpt lat="29.28033714182674884796142578125" lon="117.24668987095355987548828125">
        <ele>57.200000762939453125</ele>
        <time>2026-05-05T12:14:13.000Z</time>
        <extensions>
          <ns3:TrackPointExtension>
            <ns3:hr>133</ns3:hr>
            <ns3:cad>92</ns3:cad>
          </ns3:TrackPointExtension>
        </extensions>
      </trkpt>
      <trkpt lat="29.28030881099402904510498046875" lon="117.24671878851950168609619140625">
        <ele>57.200000762939453125</ele>
        <time>2026-05-05T12:14:14.000Z</time>
        <extensions>
          <ns3:TrackPointExtension>
            <ns3:hr>133</ns3:hr>
            <ns3:cad>92</ns3:cad>
          </ns3:TrackPointExtension>
        </extensions>
      </trkpt>
      <trkpt lat="29.2802990041673183441162109375" lon="117.24672876298427581787109375">
        <ele>57.200000762939453125</ele>
        <time>2026-05-05T12:14:15.000Z</time>
        <extensions>
          <ns3:TrackPointExtension>
            <ns3:hr>133</ns3:hr>
            <ns3:cad>92</ns3:cad>
          </ns3:TrackPointExtension>
        </extensions>
      </trkpt>
      <trkpt lat="29.28026589564979076385498046875" lon="117.246762625873088836669921875">
        <ele>57.200000762939453125</ele>
        <time>2026-05-05T12:14:16.000Z</time>
        <extensions>
          <ns3:TrackPointExtension>
            <ns3:hr>133</ns3:hr>
            <ns3:cad>92</ns3:cad>
          </ns3:TrackPointExtension>
        </extensions>
      </trkpt>
      <trkpt lat="29.280257932841777801513671875" lon="117.246770672500133514404296875">
        <ele>57.200000762939453125</ele>
        <time>2026-05-05T12:14:17.000Z</time>
        <extensions>
          <ns3:TrackPointExtension>
            <ns3:hr>133</ns3:hr>
            <ns3:cad>92</ns3:cad>
          </ns3:TrackPointExtension>
        </extensions>
      </trkpt>
      <trkpt lat="29.2802299372851848602294921875" lon="117.24679925478994846343994140625">
        <ele>57.200000762939453125</ele>
        <time>2026-05-05T12:14:18.000Z</time>
        <extensions>
          <ns3:TrackPointExtension>
            <ns3:hr>133</ns3:hr>
            <ns3:cad>92</ns3:cad>
          </ns3:TrackPointExtension>
        </extensions>
      </trkpt>
      <trkpt lat="29.28022197447717189788818359375" lon="117.24680730141699314117431640625">
        <ele>57.200000762939453125</ele>
        <time>2026-05-05T12:14:19.000Z</time>
        <extensions>
          <ns3:TrackPointExtension>
            <ns3:hr>133</ns3:hr>
            <ns3:cad>92</ns3:cad>
          </ns3:TrackPointExtension>
        </extensions>
      </trkpt>
      <trkpt lat="29.28018727339804172515869140625" lon="117.24684284068644046783447265625">
        <ele>57.200000762939453125</ele>
        <time>2026-05-05T12:14:20.000Z</time>
        <extensions>
          <ns3:TrackPointExtension>
            <ns3:hr>133</ns3:hr>
            <ns3:cad>92</ns3:cad>
          </ns3:TrackPointExtension>
        </extensions>
      </trkpt>
      <trkpt lat="29.2801823280751705169677734375" lon="117.24684786982834339141845703125">
        <ele>57.200000762939453125</ele>
        <time>2026-05-05T12:14:21.000Z</time>
        <extensions>
          <ns3:TrackPointExtension>
            <ns3:hr>132</ns3:hr>
            <ns3:cad>92</ns3:cad>
          </ns3:TrackPointExtension>
        </extensions>
      </trkpt>
      <trkpt lat="29.280149638652801513671875" lon="117.2468821518123149871826171875">
        <ele>57.200000762939453125</ele>
        <time>2026-05-05T12:14:22.000Z</time>
        <extensions>
          <ns3:TrackPointExtension>
            <ns3:hr>133</ns3:hr>
            <ns3:cad>92</ns3:cad>
          </ns3:TrackPointExtension>
        </extensions>
      </trkpt>
      <trkpt lat="29.28014368750154972076416015625" lon="117.24688910879194736480712890625">
        <ele>57.200000762939453125</ele>
        <time>2026-05-05T12:14:23.000Z</time>
        <extensions>
          <ns3:TrackPointExtension>
            <ns3:hr>133</ns3:hr>
            <ns3:cad>92</ns3:cad>
          </ns3:TrackPointExtension>
        </extensions>
      </trkpt>
      <trkpt lat="29.28011317737400531768798828125" lon="117.246928922832012176513671875">
        <ele>57.200000762939453125</ele>
        <time>2026-05-05T12:14:24.000Z</time>
        <extensions>
          <ns3:TrackPointExtension>
            <ns3:hr>133</ns3:hr>
            <ns3:cad>92</ns3:cad>
          </ns3:TrackPointExtension>
        </extensions>
      </trkpt>
      <trkpt lat="29.280104376375675201416015625" lon="117.24694275297224521636962890625">
        <ele>57.200000762939453125</ele>
        <time>2026-05-05T12:14:25.000Z</time>
        <extensions>
          <ns3:TrackPointExtension>
            <ns3:hr>133</ns3:hr>
            <ns3:cad>92</ns3:cad>
          </ns3:TrackPointExtension>
        </extensions>
      </trkpt>
      <trkpt lat="29.28008652292191982269287109375" lon="117.2469763644039630889892578125">
        <ele>57.200000762939453125</ele>
        <time>2026-05-05T12:14:26.000Z</time>
        <extensions>
          <ns3:TrackPointExtension>
            <ns3:hr>133</ns3:hr>
            <ns3:cad>92</ns3:cad>
          </ns3:TrackPointExtension>
        </extensions>
      </trkpt>
      <trkpt lat="29.280078224837779998779296875" lon="117.24699438549578189849853515625">
        <ele>57.200000762939453125</ele>
        <time>2026-05-05T12:14:27.000Z</time>
        <extensions>
          <ns3:TrackPointExtension>
            <ns3:hr>133</ns3:hr>
            <ns3:cad>92</ns3:cad>
          </ns3:TrackPointExtension>
        </extensions>
      </trkpt>
      <trkpt lat="29.28006439469754695892333984375" lon="117.24703428335487842559814453125">
        <ele>57.200000762939453125</ele>
        <time>2026-05-05T12:14:28.000Z</time>
        <extensions>
          <ns3:TrackPointExtension>
            <ns3:hr>133</ns3:hr>
            <ns3:cad>91</ns3:cad>
          </ns3:TrackPointExtension>
        </extensions>
      </trkpt>
      <trkpt lat="29.2800602875649929046630859375" lon="117.24704752676188945770263671875">
        <ele>57.200000762939453125</ele>
        <time>2026-05-05T12:14:29.000Z</time>
        <extensions>
          <ns3:TrackPointExtension>
            <ns3:hr>133</ns3:hr>
            <ns3:cad>91</ns3:cad>
          </ns3:TrackPointExtension>
        </extensions>
      </trkpt>
      <trkpt lat="29.28005198948085308074951171875" lon="117.247089184820652008056640625">
        <ele>57.200000762939453125</ele>
        <time>2026-05-05T12:14:30.000Z</time>
        <extensions>
          <ns3:TrackPointExtension>
            <ns3:hr>134</ns3:hr>
            <ns3:cad>90</ns3:cad>
          </ns3:TrackPointExtension>
        </extensions>
      </trkpt>
      <trkpt lat="29.2800490558147430419921875" lon="117.2471057809889316558837890625">
        <ele>57.200000762939453125</ele>
        <time>2026-05-05T12:14:31.000Z</time>
        <extensions>
          <ns3:TrackPointExtension>
            <ns3:hr>133</ns3:hr>
            <ns3:cad>90</ns3:cad>
          </ns3:TrackPointExtension>
        </extensions>
      </trkpt>
      <trkpt lat="29.2800472117960453033447265625" lon="117.24714224226772785186767578125">
        <ele>57.200000762939453125</ele>
        <time>2026-05-05T12:14:32.000Z</time>
        <extensions>
          <ns3:TrackPointExtension>
            <ns3:hr>133</ns3:hr>
            <ns3:cad>90</ns3:cad>
          </ns3:TrackPointExtension>
        </extensions>
      </trkpt>
      <trkpt lat="29.280046708881855010986328125" lon="117.247162945568561553955078125">
        <ele>57.200000762939453125</ele>
        <time>2026-05-05T12:14:33.000Z</time>
        <extensions>
          <ns3:TrackPointExtension>
            <ns3:hr>134</ns3:hr>
            <ns3:cad>91</ns3:cad>
          </ns3:TrackPointExtension>
        </extensions>
      </trkpt>
      <trkpt lat="29.28004947490990161895751953125" lon="117.24720024503767490386962890625">
        <ele>57.200000762939453125</ele>
        <time>2026-05-05T12:14:34.000Z</time>
        <extensions>
          <ns3:TrackPointExtension>
            <ns3:hr>133</ns3:hr>
            <ns3:cad>91</ns3:cad>
          </ns3:TrackPointExtension>
        </extensions>
      </trkpt>
      <trkpt lat="29.28005240857601165771484375" lon="117.24722220562398433685302734375">
        <ele>57.200000762939453125</ele>
        <time>2026-05-05T12:14:35.000Z</time>
        <extensions>
          <ns3:TrackPointExtension>
            <ns3:hr>133</ns3:hr>
            <ns3:cad>90</ns3:cad>
          </ns3:TrackPointExtension>
        </extensions>
      </trkpt>
      <trkpt lat="29.28005936555564403533935546875" lon="117.2472569905221462249755859375">
        <ele>57.200000762939453125</ele>
        <time>2026-05-05T12:14:36.000Z</time>
        <extensions>
          <ns3:TrackPointExtension>
            <ns3:hr>133</ns3:hr>
            <ns3:cad>90</ns3:cad>
          </ns3:TrackPointExtension>
        </extensions>
      </trkpt>
      <trkpt lat="29.28006422705948352813720703125" lon="117.247273921966552734375">
        <ele>57.200000762939453125</ele>
        <time>2026-05-05T12:14:37.000Z</time>
        <extensions>
          <ns3:TrackPointExtension>
            <ns3:hr>133</ns3:hr>
            <ns3:cad>90</ns3:cad>
          </ns3:TrackPointExtension>
        </extensions>
      </trkpt>
      <trkpt lat="29.28007679991424083709716796875" lon="117.247311137616634368896484375">
        <ele>57.200000762939453125</ele>
        <time>2026-05-05T12:14:38.000Z</time>
        <extensions>
          <ns3:TrackPointExtension>
            <ns3:hr>133</ns3:hr>
            <ns3:cad>90</ns3:cad>
          </ns3:TrackPointExtension>
        </extensions>
      </trkpt>
      <trkpt lat="29.28008585236966609954833984375" lon="117.24733033217489719390869140625">
        <ele>57.200000762939453125</ele>
        <time>2026-05-05T12:14:39.000Z</time>
        <extensions>
          <ns3:TrackPointExtension>
            <ns3:hr>133</ns3:hr>
            <ns3:cad>90</ns3:cad>
          </ns3:TrackPointExtension>
        </extensions>
      </trkpt>
      <trkpt lat="29.28010295145213603973388671875" lon="117.24736369214951992034912109375">
        <ele>57.200000762939453125</ele>
        <time>2026-05-05T12:14:40.000Z</time>
        <extensions>
          <ns3:TrackPointExtension>
            <ns3:hr>133</ns3:hr>
            <ns3:cad>90</ns3:cad>
          </ns3:TrackPointExtension>
        </extensions>
      </trkpt>
      <trkpt lat="29.28011703304946422576904296875" lon="117.24738464690744876861572265625">
        <ele>57.200000762939453125</ele>
        <time>2026-05-05T12:14:41.000Z</time>
        <extensions>
          <ns3:TrackPointExtension>
            <ns3:hr>133</ns3:hr>
            <ns3:cad>90</ns3:cad>
          </ns3:TrackPointExtension>
        </extensions>
      </trkpt>
      <trkpt lat="29.28013463504612445831298828125" lon="117.24740861915051937103271484375">
        <ele>57.200000762939453125</ele>
        <time>2026-05-05T12:14:42.000Z</time>
        <extensions>
          <ns3:TrackPointExtension>
            <ns3:hr>133</ns3:hr>
            <ns3:cad>90</ns3:cad>
          </ns3:TrackPointExtension>
        </extensions>
      </trkpt>
      <trkpt lat="29.28015072830021381378173828125" lon="117.2474266402423381805419921875">
        <ele>57.200000762939453125</ele>
        <time>2026-05-05T12:14:43.000Z</time>
        <extensions>
          <ns3:TrackPointExtension>
            <ns3:hr>133</ns3:hr>
            <ns3:cad>90</ns3:cad>
          </ns3:TrackPointExtension>
        </extensions>
      </trkpt>
      <trkpt lat="29.2801709286868572235107421875" lon="117.24744667299091815948486328125">
        <ele>57.200000762939453125</ele>
        <time>2026-05-05T12:14:44.000Z</time>
        <extensions>
          <ns3:TrackPointExtension>
            <ns3:hr>133</ns3:hr>
            <ns3:cad>90</ns3:cad>
          </ns3:TrackPointExtension>
        </extensions>
      </trkpt>
      <trkpt lat="29.2801913805305957794189453125" lon="117.24746368825435638427734375">
        <ele>57.200000762939453125</ele>
        <time>2026-05-05T12:14:45.000Z</time>
        <extensions>
          <ns3:TrackPointExtension>
            <ns3:hr>132</ns3:hr>
            <ns3:cad>90</ns3:cad>
          </ns3:TrackPointExtension>
        </extensions>
      </trkpt>
      <trkpt lat="29.280208647251129150390625" lon="117.24747600965201854705810546875">
        <ele>57.200000762939453125</ele>
        <time>2026-05-05T12:14:46.000Z</time>
        <extensions>
          <ns3:TrackPointExtension>
            <ns3:hr>132</ns3:hr>
            <ns3:cad>90</ns3:cad>
          </ns3:TrackPointExtension>
        </extensions>
      </trkpt>
      <trkpt lat="29.280238486826419830322265625" lon="117.24749411456286907196044921875">
        <ele>57.200000762939453125</ele>
        <time>2026-05-05T12:14:47.000Z</time>
        <extensions>
          <ns3:TrackPointExtension>
            <ns3:hr>132</ns3:hr>
            <ns3:cad>91</ns3:cad>
          </ns3:TrackPointExtension>
        </extensions>
      </trkpt>
      <trkpt lat="29.28025625646114349365234375" lon="117.2475017420947551727294921875">
        <ele>57.200000762939453125</ele>
        <time>2026-05-05T12:14:48.000Z</time>
        <extensions>
          <ns3:TrackPointExtension>
            <ns3:hr>131</ns3:hr>
            <ns3:cad>91</ns3:cad>
          </ns3:TrackPointExtension>
        </extensions>
      </trkpt>
      <trkpt lat="29.28028869442641735076904296875" lon="117.247514314949512481689453125">
        <ele>57.200000762939453125</ele>
        <time>2026-05-05T12:14:49.000Z</time>
        <extensions>
          <ns3:TrackPointExtension>
            <ns3:hr>132</ns3:hr>
            <ns3:cad>91</ns3:cad>
          </ns3:TrackPointExtension>
        </extensions>
      </trkpt>
      <trkpt lat="29.28030545823276042938232421875" lon="117.2475181706249713897705078125">
        <ele>57.200000762939453125</ele>
        <time>2026-05-05T12:14:50.000Z</time>
        <extensions>
          <ns3:TrackPointExtension>
            <ns3:hr>132</ns3:hr>
            <ns3:cad>91</ns3:cad>
          </ns3:TrackPointExtension>
        </extensions>
      </trkpt>
      <trkpt lat="29.280339069664478302001953125" lon="117.24752445705235004425048828125">
        <ele>57.200000762939453125</ele>
        <time>2026-05-05T12:14:51.000Z</time>
        <extensions>
          <ns3:TrackPointExtension>
            <ns3:hr>132</ns3:hr>
            <ns3:cad>91</ns3:cad>
          </ns3:TrackPointExtension>
        </extensions>
      </trkpt>
      <trkpt lat="29.2803628742694854736328125" lon="117.24752604961395263671875">
        <ele>57.200000762939453125</ele>
        <time>2026-05-05T12:14:52.000Z</time>
        <extensions>
          <ns3:TrackPointExtension>
            <ns3:hr>132</ns3:hr>
            <ns3:cad>90</ns3:cad>
          </ns3:TrackPointExtension>
        </extensions>
      </trkpt>
      <trkpt lat="29.28039145655930042266845703125" lon="117.24752546288073062896728515625">
        <ele>57.200000762939453125</ele>
        <time>2026-05-05T12:14:53.000Z</time>
        <extensions>
          <ns3:TrackPointExtension>
            <ns3:hr>131</ns3:hr>
            <ns3:cad>90</ns3:cad>
          </ns3:TrackPointExtension>
        </extensions>
      </trkpt>
      <trkpt lat="29.280412830412387847900390625" lon="117.247523367404937744140625">
        <ele>57.200000762939453125</ele>
        <time>2026-05-05T12:14:54.000Z</time>
        <extensions>
          <ns3:TrackPointExtension>
            <ns3:hr>132</ns3:hr>
            <ns3:cad>90</ns3:cad>
          </ns3:TrackPointExtension>
        </extensions>
      </trkpt>
      <trkpt lat="29.2804458551108837127685546875" lon="117.24751624278724193572998046875">
        <ele>57.200000762939453125</ele>
        <time>2026-05-05T12:14:55.000Z</time>
        <extensions>
          <ns3:TrackPointExtension>
            <ns3:hr>132</ns3:hr>
            <ns3:cad>90</ns3:cad>
          </ns3:TrackPointExtension>
        </extensions>
      </trkpt>
      <trkpt lat="29.28046806715428829193115234375" lon="117.24751020781695842742919921875">
        <ele>57.200000762939453125</ele>
        <time>2026-05-05T12:14:56.000Z</time>
        <extensions>
          <ns3:TrackPointExtension>
            <ns3:hr>132</ns3:hr>
            <ns3:cad>91</ns3:cad>
          </ns3:TrackPointExtension>
        </extensions>
      </trkpt>
      <trkpt lat="29.28050310350954532623291015625" lon="117.24749461747705936431884765625">
        <ele>57.200000762939453125</ele>
        <time>2026-05-05T12:14:57.000Z</time>
        <extensions>
          <ns3:TrackPointExtension>
            <ns3:hr>132</ns3:hr>
            <ns3:cad>91</ns3:cad>
          </ns3:TrackPointExtension>
        </extensions>
      </trkpt>
      <trkpt lat="29.28051299415528774261474609375" lon="117.24748975597321987152099609375">
        <ele>57.200000762939453125</ele>
        <time>2026-05-05T12:14:58.000Z</time>
        <extensions>
          <ns3:TrackPointExtension>
            <ns3:hr>132</ns3:hr>
            <ns3:cad>91</ns3:cad>
          </ns3:TrackPointExtension>
        </extensions>
      </trkpt>
      <trkpt lat="29.28054392337799072265625" lon="117.24746980704367160797119140625">
        <ele>57.200000762939453125</ele>
        <time>2026-05-05T12:14:59.000Z</time>
        <extensions>
          <ns3:TrackPointExtension>
            <ns3:hr>132</ns3:hr>
            <ns3:cad>92</ns3:cad>
          </ns3:TrackPointExtension>
        </extensions>
      </trkpt>
      <trkpt lat="29.28055574186146259307861328125" lon="117.24746108986437320709228515625">
        <ele>57.200000762939453125</ele>
        <time>2026-05-05T12:15:00.000Z</time>
        <extensions>
          <ns3:TrackPointExtension>
            <ns3:hr>132</ns3:hr>
            <ns3:cad>92</ns3:cad>
          </ns3:TrackPointExtension>
        </extensions>
      </trkpt>
      <trkpt lat="29.28059278987348079681396484375" lon="117.247427813708782196044921875">
        <ele>57.200000762939453125</ele>
        <time>2026-05-05T12:15:01.000Z</time>
        <extensions>
          <ns3:TrackPointExtension>
            <ns3:hr>132</ns3:hr>
            <ns3:cad>92</ns3:cad>
          </ns3:TrackPointExtension>
        </extensions>
      </trkpt>
      <trkpt lat="29.28059916011989116668701171875" lon="117.2474212758243083953857421875">
        <ele>57.200000762939453125</ele>
        <time>2026-05-05T12:15:02.000Z</time>
        <extensions>
          <ns3:TrackPointExtension>
            <ns3:hr>132</ns3:hr>
            <ns3:cad>92</ns3:cad>
          </ns3:TrackPointExtension>
        </extensions>
      </trkpt>
      <trkpt lat="29.28063319064676761627197265625" lon="117.24738657474517822265625">
        <ele>57.200000762939453125</ele>
        <time>2026-05-05T12:15:03.000Z</time>
        <extensions>
          <ns3:TrackPointExtension>
            <ns3:hr>132</ns3:hr>
            <ns3:cad>92</ns3:cad>
          </ns3:TrackPointExtension>
        </extensions>
      </trkpt>
      <trkpt lat="29.280640147626399993896484375" lon="117.24737945012748241424560546875">
        <ele>57.200000762939453125</ele>
        <time>2026-05-05T12:15:04.000Z</time>
        <extensions>
          <ns3:TrackPointExtension>
            <ns3:hr>133</ns3:hr>
            <ns3:cad>92</ns3:cad>
          </ns3:TrackPointExtension>
        </extensions>
      </trkpt>
      <trkpt lat="29.28067057393491268157958984375" lon="117.24734843708574771881103515625">
        <ele>57.200000762939453125</ele>
        <time>2026-05-05T12:15:05.000Z</time>
        <extensions>
          <ns3:TrackPointExtension>
            <ns3:hr>133</ns3:hr>
            <ns3:cad>91</ns3:cad>
          </ns3:TrackPointExtension>
        </extensions>
      </trkpt>
      <trkpt lat="29.28068247623741626739501953125" lon="117.24733619950711727142333984375">
        <ele>57.200000762939453125</ele>
        <time>2026-05-05T12:15:06.000Z</time>
        <extensions>
          <ns3:TrackPointExtension>
            <ns3:hr>133</ns3:hr>
            <ns3:cad>91</ns3:cad>
          </ns3:TrackPointExtension>
        </extensions>
      </trkpt>
      <trkpt lat="29.28070954978466033935546875" lon="117.2473086230456829071044921875">
        <ele>57.200000762939453125</ele>
        <time>2026-05-05T12:15:07.000Z</time>
        <extensions>
          <ns3:TrackPointExtension>
            <ns3:hr>133</ns3:hr>
            <ns3:cad>91</ns3:cad>
          </ns3:TrackPointExtension>
        </extensions>
      </trkpt>
      <trkpt lat="29.28072170354425907135009765625" lon="117.2472962178289890289306640625">
        <ele>57.200000762939453125</ele>
        <time>2026-05-05T12:15:08.000Z</time>
        <extensions>
          <ns3:TrackPointExtension>
            <ns3:hr>133</ns3:hr>
            <ns3:cad>91</ns3:cad>
          </ns3:TrackPointExtension>
        </extensions>
      </trkpt>
      <trkpt lat="29.280750118196010589599609375" lon="117.24726730026304721832275390625">
        <ele>57.200000762939453125</ele>
        <time>2026-05-05T12:15:09.000Z</time>
        <extensions>
          <ns3:TrackPointExtension>
            <ns3:hr>133</ns3:hr>
            <ns3:cad>91</ns3:cad>
          </ns3:TrackPointExtension>
        </extensions>
      </trkpt>
      <trkpt lat="29.28076344542205333709716796875" lon="117.2472536377608776092529296875">
        <ele>57.200000762939453125</ele>
        <time>2026-05-05T12:15:10.000Z</time>
        <extensions>
          <ns3:TrackPointExtension>
            <ns3:hr>133</ns3:hr>
            <ns3:cad>91</ns3:cad>
          </ns3:TrackPointExtension>
        </extensions>
      </trkpt>
      <trkpt lat="29.28078758530318737030029296875" lon="117.24722899496555328369140625">
        <ele>57.200000762939453125</ele>
        <time>2026-05-05T12:15:11.000Z</time>
        <extensions>
          <ns3:TrackPointExtension>
            <ns3:hr>133</ns3:hr>
            <ns3:cad>92</ns3:cad>
          </ns3:TrackPointExtension>
        </extensions>
      </trkpt>
      <trkpt lat="29.28080250509083271026611328125" lon="117.24721382372081279754638671875">
        <ele>57.200000762939453125</ele>
        <time>2026-05-05T12:15:12.000Z</time>
        <extensions>
          <ns3:TrackPointExtension>
            <ns3:hr>133</ns3:hr>
            <ns3:cad>92</ns3:cad>
          </ns3:TrackPointExtension>
        </extensions>
      </trkpt>
      <trkpt lat="29.28082890808582305908203125" lon="117.24718683399260044097900390625">
        <ele>57.200000762939453125</ele>
        <time>2026-05-05T12:15:13.000Z</time>
        <extensions>
          <ns3:TrackPointExtension>
            <ns3:hr>133</ns3:hr>
            <ns3:cad>92</ns3:cad>
          </ns3:TrackPointExtension>
        </extensions>
      </trkpt>
      <trkpt lat="29.28084743209183216094970703125" lon="117.24716789089143276214599609375">
        <ele>57.200000762939453125</ele>
        <time>2026-05-05T12:15:14.000Z</time>
        <extensions>
          <ns3:TrackPointExtension>
            <ns3:hr>134</ns3:hr>
            <ns3:cad>92</ns3:cad>
          </ns3:TrackPointExtension>
        </extensions>
      </trkpt>
      <trkpt lat="29.280866123735904693603515625" lon="117.247148863971233367919921875">
        <ele>57.200000762939453125</ele>
        <time>2026-05-05T12:15:15.000Z</time>
        <extensions>
          <ns3:TrackPointExtension>
            <ns3:hr>133</ns3:hr>
            <ns3:cad>92</ns3:cad>
          </ns3:TrackPointExtension>
        </extensions>
      </trkpt>
      <trkpt lat="29.28088464774191379547119140625" lon="117.2471299208700656890869140625">
        <ele>57.200000762939453125</ele>
        <time>2026-05-05T12:15:16.000Z</time>
        <extensions>
          <ns3:TrackPointExtension>
            <ns3:hr>134</ns3:hr>
            <ns3:cad>92</ns3:cad>
          </ns3:TrackPointExtension>
        </extensions>
      </trkpt>
      <trkpt lat="29.2809035070240497589111328125" lon="117.24711072631180286407470703125">
        <ele>57.200000762939453125</ele>
        <time>2026-05-05T12:15:17.000Z</time>
        <extensions>
          <ns3:TrackPointExtension>
            <ns3:hr>134</ns3:hr>
            <ns3:cad>91</ns3:cad>
          </ns3:TrackPointExtension>
        </extensions>
      </trkpt>
      <trkpt lat="29.28092320449650287628173828125" lon="117.24709060974419116973876953125">
        <ele>57.200000762939453125</ele>
        <time>2026-05-05T12:15:18.000Z</time>
        <extensions>
          <ns3:TrackPointExtension>
            <ns3:hr>134</ns3:hr>
            <ns3:cad>91</ns3:cad>
          </ns3:TrackPointExtension>
        </extensions>
      </trkpt>
      <trkpt lat="29.2809410579502582550048828125" lon="117.247072421014308929443359375">
        <ele>57.200000762939453125</ele>
        <time>2026-05-05T12:15:19.000Z</time>
        <extensions>
          <ns3:TrackPointExtension>
            <ns3:hr>133</ns3:hr>
            <ns3:cad>91</ns3:cad>
          </ns3:TrackPointExtension>
        </extensions>
      </trkpt>
      <trkpt lat="29.28095907904207706451416015625" lon="117.24705398082733154296875">
        <ele>57.200000762939453125</ele>
        <time>2026-05-05T12:15:20.000Z</time>
        <extensions>
          <ns3:TrackPointExtension>
            <ns3:hr>134</ns3:hr>
            <ns3:cad>91</ns3:cad>
          </ns3:TrackPointExtension>
        </extensions>
      </trkpt>
      <trkpt lat="29.2809772677719593048095703125" lon="117.2470353730022907257080078125">
        <ele>57.200000762939453125</ele>
        <time>2026-05-05T12:15:21.000Z</time>
        <extensions>
          <ns3:TrackPointExtension>
            <ns3:hr>134</ns3:hr>
            <ns3:cad>90</ns3:cad>
          </ns3:TrackPointExtension>
        </extensions>
      </trkpt>
      <trkpt lat="29.2809985578060150146484375" lon="117.247013747692108154296875">
        <ele>57.200000762939453125</ele>
        <time>2026-05-05T12:15:22.000Z</time>
        <extensions>
          <ns3:TrackPointExtension>
            <ns3:hr>133</ns3:hr>
            <ns3:cad>90</ns3:cad>
          </ns3:TrackPointExtension>
        </extensions>
      </trkpt>
      <trkpt lat="29.28101724945008754730224609375" lon="117.24699472077190876007080078125">
        <ele>57.200000762939453125</ele>
        <time>2026-05-05T12:15:23.000Z</time>
        <extensions>
          <ns3:TrackPointExtension>
            <ns3:hr>134</ns3:hr>
            <ns3:cad>90</ns3:cad>
          </ns3:TrackPointExtension>
        </extensions>
      </trkpt>
      <trkpt lat="29.28103921003639698028564453125" lon="117.2469721734523773193359375">
        <ele>57.200000762939453125</ele>
        <time>2026-05-05T12:15:24.000Z</time>
        <extensions>
          <ns3:TrackPointExtension>
            <ns3:hr>134</ns3:hr>
            <ns3:cad>90</ns3:cad>
          </ns3:TrackPointExtension>
        </extensions>
      </trkpt>
      <trkpt lat="29.2810550518333911895751953125" lon="117.2469560801982879638671875">
        <ele>57.200000762939453125</ele>
        <time>2026-05-05T12:15:25.000Z</time>
        <extensions>
          <ns3:TrackPointExtension>
            <ns3:hr>134</ns3:hr>
            <ns3:cad>90</ns3:cad>
          </ns3:TrackPointExtension>
        </extensions>
      </trkpt>
      <trkpt lat="29.28108028136193752288818359375" lon="117.24693034775555133819580078125">
        <ele>57.200000762939453125</ele>
        <time>2026-05-05T12:15:26.000Z</time>
        <extensions>
          <ns3:TrackPointExtension>
            <ns3:hr>133</ns3:hr>
            <ns3:cad>90</ns3:cad>
          </ns3:TrackPointExtension>
        </extensions>
      </trkpt>
      <trkpt lat="29.28109469823539257049560546875" lon="117.2469156794250011444091796875">
        <ele>57.200000762939453125</ele>
        <time>2026-05-05T12:15:27.000Z</time>
        <extensions>
          <ns3:TrackPointExtension>
            <ns3:hr>134</ns3:hr>
            <ns3:cad>91</ns3:cad>
          </ns3:TrackPointExtension>
        </extensions>
      </trkpt>
      <trkpt lat="29.281112216413021087646484375" lon="117.24689774215221405029296875">
        <ele>57.200000762939453125</ele>
        <time>2026-05-05T12:15:28.000Z</time>
        <extensions>
          <ns3:TrackPointExtension>
            <ns3:hr>134</ns3:hr>
            <ns3:cad>91</ns3:cad>
          </ns3:TrackPointExtension>
        </extensions>
      </trkpt>
      <trkpt lat="29.28111456334590911865234375" lon="117.246895395219326019287109375">
        <ele>57.200000762939453125</ele>
        <time>2026-05-05T12:15:29.000Z</time>
        <extensions>
          <ns3:TrackPointExtension>
            <ns3:hr>134</ns3:hr>
            <ns3:cad>92</ns3:cad>
          </ns3:TrackPointExtension>
        </extensions>
      </trkpt>
      <trkpt lat="29.2811532877385616302490234375" lon="117.246855832636356353759765625">
        <ele>57.200000762939453125</ele>
        <time>2026-05-05T12:15:30.000Z</time>
        <extensions>
          <ns3:TrackPointExtension>
            <ns3:hr>133</ns3:hr>
            <ns3:cad>92</ns3:cad>
          </ns3:TrackPointExtension>
        </extensions>
      </trkpt>
      <trkpt lat="29.28116158582270145416259765625" lon="117.24684736691415309906005859375">
        <ele>57.200000762939453125</ele>
        <time>2026-05-05T12:15:31.000Z</time>
        <extensions>
          <ns3:TrackPointExtension>
            <ns3:hr>134</ns3:hr>
            <ns3:cad>92</ns3:cad>
          </ns3:TrackPointExtension>
        </extensions>
      </trkpt>
      <trkpt lat="29.28119092248380184173583984375" lon="117.246813587844371795654296875">
        <ele>57.200000762939453125</ele>
        <time>2026-05-05T12:15:32.000Z</time>
        <extensions>
          <ns3:TrackPointExtension>
            <ns3:hr>134</ns3:hr>
            <ns3:cad>92</ns3:cad>
          </ns3:TrackPointExtension>
        </extensions>
      </trkpt>
      <trkpt lat="29.28119963966310024261474609375" lon="117.24680311046540737152099609375">
        <ele>57.200000762939453125</ele>
        <time>2026-05-05T12:15:33.000Z</time>
        <extensions>
          <ns3:TrackPointExtension>
            <ns3:hr>135</ns3:hr>
            <ns3:cad>92</ns3:cad>
          </ns3:TrackPointExtension>
        </extensions>
      </trkpt>
      <trkpt lat="29.28122453391551971435546875" lon="117.24676388315856456756591796875">
        <ele>57.200000762939453125</ele>
        <time>2026-05-05T12:15:34.000Z</time>
        <extensions>
          <ns3:TrackPointExtension>
            <ns3:hr>135</ns3:hr>
            <ns3:cad>92</ns3:cad>
          </ns3:TrackPointExtension>
        </extensions>
      </trkpt>
      <trkpt lat="29.281230904161930084228515625" lon="117.2467510588467121124267578125">
        <ele>57.200000762939453125</ele>
        <time>2026-05-05T12:15:35.000Z</time>
        <extensions>
          <ns3:TrackPointExtension>
            <ns3:hr>135</ns3:hr>
            <ns3:cad>93</ns3:cad>
          </ns3:TrackPointExtension>
        </extensions>
      </trkpt>
      <trkpt lat="29.2812506854534149169921875" lon="117.2467054612934589385986328125">
        <ele>57.200000762939453125</ele>
        <time>2026-05-05T12:15:36.000Z</time>
        <extensions>
          <ns3:TrackPointExtension>
            <ns3:hr>135</ns3:hr>
            <ns3:cad>93</ns3:cad>
          </ns3:TrackPointExtension>
        </extensions>
      </trkpt>
      <trkpt lat="29.2812535353004932403564453125" lon="117.24669632501900196075439453125">
        <ele>57.200000762939453125</ele>
        <time>2026-05-05T12:15:37.000Z</time>
        <extensions>
          <ns3:TrackPointExtension>
            <ns3:hr>135</ns3:hr>
            <ns3:cad>93</ns3:cad>
          </ns3:TrackPointExtension>
        </extensions>
      </trkpt>
      <trkpt lat="29.28126535378396511077880859375" lon="117.246654331684112548828125">
        <ele>57.200000762939453125</ele>
        <time>2026-05-05T12:15:38.000Z</time>
        <extensions>
          <ns3:TrackPointExtension>
            <ns3:hr>135</ns3:hr>
            <ns3:cad>92</ns3:cad>
          </ns3:TrackPointExtension>
        </extensions>
      </trkpt>
      <trkpt lat="29.28126853890717029571533203125" lon="117.24663622677326202392578125">
        <ele>57.200000762939453125</ele>
        <time>2026-05-05T12:15:39.000Z</time>
        <extensions>
          <ns3:TrackPointExtension>
            <ns3:hr>135</ns3:hr>
            <ns3:cad>92</ns3:cad>
          </ns3:TrackPointExtension>
        </extensions>
      </trkpt>
      <trkpt lat="29.28127356804907321929931640625" lon="117.2465985082089900970458984375">
        <ele>57.200000762939453125</ele>
        <time>2026-05-05T12:15:40.000Z</time>
        <extensions>
          <ns3:TrackPointExtension>
            <ns3:hr>135</ns3:hr>
            <ns3:cad>92</ns3:cad>
          </ns3:TrackPointExtension>
        </extensions>
      </trkpt>
      <trkpt lat="29.2812739871442317962646484375" lon="117.24658970721065998077392578125">
        <ele>57.200000762939453125</ele>
        <time>2026-05-05T12:15:41.000Z</time>
        <extensions>
          <ns3:TrackPointExtension>
            <ns3:hr>135</ns3:hr>
            <ns3:cad>91</ns3:cad>
          </ns3:TrackPointExtension>
        </extensions>
      </trkpt>
      <trkpt lat="29.2812748253345489501953125" lon="117.24654905498027801513671875">
        <ele>57.200000762939453125</ele>
        <time>2026-05-05T12:15:42.000Z</time>
        <extensions>
          <ns3:TrackPointExtension>
            <ns3:hr>135</ns3:hr>
            <ns3:cad>91</ns3:cad>
          </ns3:TrackPointExtension>
        </extensions>
      </trkpt>
      <trkpt lat="29.2812739871442317962646484375" lon="117.24653698503971099853515625">
        <ele>57.200000762939453125</ele>
        <time>2026-05-05T12:15:43.000Z</time>
        <extensions>
          <ns3:TrackPointExtension>
            <ns3:hr>135</ns3:hr>
            <ns3:cad>91</ns3:cad>
          </ns3:TrackPointExtension>
        </extensions>
      </trkpt>
      <trkpt lat="29.28126971237361431121826171875" lon="117.24649608135223388671875">
        <ele>57.200000762939453125</ele>
        <time>2026-05-05T12:15:44.000Z</time>
        <extensions>
          <ns3:TrackPointExtension>
            <ns3:hr>135</ns3:hr>
            <ns3:cad>91</ns3:cad>
          </ns3:TrackPointExtension>
        </extensions>
      </trkpt>
      <trkpt lat="29.28126803599298000335693359375" lon="117.246488034725189208984375">
        <ele>57.200000762939453125</ele>
        <time>2026-05-05T12:15:45.000Z</time>
        <extensions>
          <ns3:TrackPointExtension>
            <ns3:hr>135</ns3:hr>
            <ns3:cad>91</ns3:cad>
          </ns3:TrackPointExtension>
        </extensions>
      </trkpt>
      <trkpt lat="29.28126082755625247955322265625" lon="117.24645291455090045928955078125">
        <ele>57.200000762939453125</ele>
        <time>2026-05-05T12:15:46.000Z</time>
        <extensions>
          <ns3:TrackPointExtension>
            <ns3:hr>135</ns3:hr>
            <ns3:cad>91</ns3:cad>
          </ns3:TrackPointExtension>
        </extensions>
      </trkpt>
      <trkpt lat="29.28125395439565181732177734375" lon="117.24643263034522533416748046875">
        <ele>57.200000762939453125</ele>
        <time>2026-05-05T12:15:47.000Z</time>
        <extensions>
          <ns3:TrackPointExtension>
            <ns3:hr>136</ns3:hr>
            <ns3:cad>91</ns3:cad>
          </ns3:TrackPointExtension>
        </extensions>
      </trkpt>
      <trkpt lat="29.28124423138797283172607421875" lon="117.246403880417346954345703125">
        <ele>57.200000762939453125</ele>
        <time>2026-05-05T12:15:48.000Z</time>
        <extensions>
          <ns3:TrackPointExtension>
            <ns3:hr>136</ns3:hr>
            <ns3:cad>90</ns3:cad>
          </ns3:TrackPointExtension>
        </extensions>
      </trkpt>
      <trkpt lat="29.28123216144740581512451171875" lon="117.2463792376220226287841796875">
        <ele>57.200000762939453125</ele>
        <time>2026-05-05T12:15:49.000Z</time>
        <extensions>
          <ns3:TrackPointExtension>
            <ns3:hr>136</ns3:hr>
            <ns3:cad>90</ns3:cad>
          </ns3:TrackPointExtension>
        </extensions>
      </trkpt>
      <trkpt lat="29.28122160024940967559814453125" lon="117.2463577799499034881591796875">
        <ele>57.200000762939453125</ele>
        <time>2026-05-05T12:15:50.000Z</time>
        <extensions>
          <ns3:TrackPointExtension>
            <ns3:hr>136</ns3:hr>
            <ns3:cad>90</ns3:cad>
          </ns3:TrackPointExtension>
        </extensions>
      </trkpt>
      <trkpt lat="29.28120567463338375091552734375" lon="117.246334142982959747314453125">
        <ele>57.200000762939453125</ele>
        <time>2026-05-05T12:15:51.000Z</time>
        <extensions>
          <ns3:TrackPointExtension>
            <ns3:hr>137</ns3:hr>
            <ns3:cad>90</ns3:cad>
          </ns3:TrackPointExtension>
        </extensions>
      </trkpt>
      <trkpt lat="29.28119595162570476531982421875" lon="117.24631964229047298431396484375">
        <ele>57.200000762939453125</ele>
        <time>2026-05-05T12:15:52.000Z</time>
        <extensions>
          <ns3:TrackPointExtension>
            <ns3:hr>137</ns3:hr>
            <ns3:cad>90</ns3:cad>
          </ns3:TrackPointExtension>
        </extensions>
      </trkpt>
      <trkpt lat="29.281171895563602447509765625" lon="117.2462917305529117584228515625">
        <ele>57.200000762939453125</ele>
        <time>2026-05-05T12:15:53.000Z</time>
        <extensions>
          <ns3:TrackPointExtension>
            <ns3:hr>137</ns3:hr>
            <ns3:cad>90</ns3:cad>
          </ns3:TrackPointExtension>
        </extensions>
      </trkpt>
      <trkpt lat="29.28116141818463802337646484375" lon="117.24628007970750331878662109375">
        <ele>57.200000762939453125</ele>
        <time>2026-05-05T12:15:54.000Z</time>
        <extensions>
          <ns3:TrackPointExtension>
            <ns3:hr>137</ns3:hr>
            <ns3:cad>91</ns3:cad>
          </ns3:TrackPointExtension>
        </extensions>
      </trkpt>
      <trkpt lat="29.281136356294155120849609375" lon="117.24625878967344760894775390625">
        <ele>57.200000762939453125</ele>
        <time>2026-05-05T12:15:55.000Z</time>
        <extensions>
          <ns3:TrackPointExtension>
            <ns3:hr>137</ns3:hr>
            <ns3:cad>91</ns3:cad>
          </ns3:TrackPointExtension>
        </extensions>
      </trkpt>
      <trkpt lat="29.28112688474357128143310546875" lon="117.2462508268654346466064453125">
        <ele>57.200000762939453125</ele>
        <time>2026-05-05T12:15:56.000Z</time>
        <extensions>
          <ns3:TrackPointExtension>
            <ns3:hr>137</ns3:hr>
            <ns3:cad>91</ns3:cad>
          </ns3:TrackPointExtension>
        </extensions>
      </trkpt>
      <trkpt lat="29.2810959555208683013916015625" lon="117.2462310455739498138427734375">
        <ele>57.200000762939453125</ele>
        <time>2026-05-05T12:15:57.000Z</time>
        <extensions>
          <ns3:TrackPointExtension>
            <ns3:hr>138</ns3:hr>
            <ns3:cad>90</ns3:cad>
          </ns3:TrackPointExtension>
        </extensions>
      </trkpt>
      <trkpt lat="29.2810857295989990234375" lon="117.24622492678463459014892578125">
        <ele>57.200000762939453125</ele>
        <time>2026-05-05T12:15:58.000Z</time>
        <extensions>
          <ns3:TrackPointExtension>
            <ns3:hr>138</ns3:hr>
            <ns3:cad>90</ns3:cad>
          </ns3:TrackPointExtension>
        </extensions>
      </trkpt>
      <trkpt lat="29.28105312399566173553466796875" lon="117.24621067754924297332763671875">
        <ele>57.200000762939453125</ele>
        <time>2026-05-05T12:15:59.000Z</time>
        <extensions>
          <ns3:TrackPointExtension>
            <ns3:hr>138</ns3:hr>
            <ns3:cad>90</ns3:cad>
          </ns3:TrackPointExtension>
        </extensions>
      </trkpt>
      <trkpt lat="29.2810379527509212493896484375" lon="117.24620447494089603424072265625">
        <ele>57.200000762939453125</ele>
        <time>2026-05-05T12:16:00.000Z</time>
        <extensions>
          <ns3:TrackPointExtension>
            <ns3:hr>138</ns3:hr>
            <ns3:cad>90</ns3:cad>
          </ns3:TrackPointExtension>
        </extensions>
      </trkpt>
      <trkpt lat="29.28100266493856906890869140625" lon="117.2461961768567562103271484375">
        <ele>57.200000762939453125</ele>
        <time>2026-05-05T12:16:01.000Z</time>
        <extensions>
          <ns3:TrackPointExtension>
            <ns3:hr>138</ns3:hr>
            <ns3:cad>90</ns3:cad>
          </ns3:TrackPointExtension>
        </extensions>
      </trkpt>
      <trkpt lat="29.28099260665476322174072265625" lon="117.2461938299238681793212890625">
        <ele>57.200000762939453125</ele>
        <time>2026-05-05T12:16:02.000Z</time>
        <extensions>
          <ns3:TrackPointExtension>
            <ns3:hr>139</ns3:hr>
            <ns3:cad>90</ns3:cad>
          </ns3:TrackPointExtension>
        </extensions>
      </trkpt>
      <trkpt lat="29.2809531278908252716064453125" lon="117.2461911477148532867431640625">
        <ele>57.200000762939453125</ele>
        <time>2026-05-05T12:16:03.000Z</time>
        <extensions>
          <ns3:TrackPointExtension>
            <ns3:hr>138</ns3:hr>
            <ns3:cad>90</ns3:cad>
          </ns3:TrackPointExtension>
        </extensions>
      </trkpt>
      <trkpt lat="29.28094130940735340118408203125" lon="117.24619106389582157135009765625">
        <ele>57.200000762939453125</ele>
        <time>2026-05-05T12:16:04.000Z</time>
        <extensions>
          <ns3:TrackPointExtension>
            <ns3:hr>138</ns3:hr>
            <ns3:cad>90</ns3:cad>
          </ns3:TrackPointExtension>
        </extensions>
      </trkpt>
      <trkpt lat="29.28089688532054424285888671875" lon="117.24619592539966106414794921875">
        <ele>57.200000762939453125</ele>
        <time>2026-05-05T12:16:05.000Z</time>
        <extensions>
          <ns3:TrackPointExtension>
            <ns3:hr>139</ns3:hr>
            <ns3:cad>90</ns3:cad>
          </ns3:TrackPointExtension>
        </extensions>
      </trkpt>
      <trkpt lat="29.2808884195983409881591796875" lon="117.24619810469448566436767578125">
        <ele>57.200000762939453125</ele>
        <time>2026-05-05T12:16:06.000Z</time>
        <extensions>
          <ns3:TrackPointExtension>
            <ns3:hr>138</ns3:hr>
            <ns3:cad>91</ns3:cad>
          </ns3:TrackPointExtension>
        </extensions>
      </trkpt>
      <trkpt lat="29.2808458395302295684814453125" lon="117.24621101282536983489990234375">
        <ele>57.200000762939453125</ele>
        <time>2026-05-05T12:16:07.000Z</time>
        <extensions>
          <ns3:TrackPointExtension>
            <ns3:hr>138</ns3:hr>
            <ns3:cad>91</ns3:cad>
          </ns3:TrackPointExtension>
        </extensions>
      </trkpt>
      <trkpt lat="29.2808384634554386138916015625" lon="117.2462142817676067352294921875">
        <ele>57.200000762939453125</ele>
        <time>2026-05-05T12:16:08.000Z</time>
        <extensions>
          <ns3:TrackPointExtension>
            <ns3:hr>138</ns3:hr>
            <ns3:cad>90</ns3:cad>
          </ns3:TrackPointExtension>
        </extensions>
      </trkpt>
      <trkpt lat="29.28079848177731037139892578125" lon="117.2462345659732818603515625">
        <ele>57.200000762939453125</ele>
        <time>2026-05-05T12:16:09.000Z</time>
        <extensions>
          <ns3:TrackPointExtension>
            <ns3:hr>138</ns3:hr>
            <ns3:cad>90</ns3:cad>
          </ns3:TrackPointExtension>
        </extensions>
      </trkpt>
      <trkpt lat="29.280797056853771209716796875" lon="117.24623548798263072967529296875">
        <ele>57.200000762939453125</ele>
        <time>2026-05-05T12:16:10.000Z</time>
        <extensions>
          <ns3:TrackPointExtension>
            <ns3:hr>138</ns3:hr>
            <ns3:cad>90</ns3:cad>
          </ns3:TrackPointExtension>
        </extensions>
      </trkpt>
      <trkpt lat="29.28075791336596012115478515625" lon="117.24626381881535053253173828125">
        <ele>57.200000762939453125</ele>
        <time>2026-05-05T12:16:11.000Z</time>
        <extensions>
          <ns3:TrackPointExtension>
            <ns3:hr>137</ns3:hr>
            <ns3:cad>90</ns3:cad>
          </ns3:TrackPointExtension>
        </extensions>
      </trkpt>
      <trkpt lat="29.280755482614040374755859375" lon="117.24626599811017513275146484375">
        <ele>57.200000762939453125</ele>
        <time>2026-05-05T12:16:12.000Z</time>
        <extensions>
          <ns3:TrackPointExtension>
            <ns3:hr>136</ns3:hr>
            <ns3:cad>90</ns3:cad>
          </ns3:TrackPointExtension>
        </extensions>
      </trkpt>
      <trkpt lat="29.28072103299200534820556640625" lon="117.24629818461835384368896484375">
        <ele>57.200000762939453125</ele>
        <time>2026-05-05T12:16:13.000Z</time>
        <extensions>
          <ns3:TrackPointExtension>
            <ns3:hr>135</ns3:hr>
            <ns3:cad>90</ns3:cad>
          </ns3:TrackPointExtension>
        </extensions>
      </trkpt>
      <trkpt lat="29.280712902545928955078125" lon="117.2463064827024936676025390625">
        <ele>57.200000762939453125</ele>
        <time>2026-05-05T12:16:14.000Z</time>
        <extensions>
          <ns3:TrackPointExtension>
            <ns3:hr>134</ns3:hr>
            <ns3:cad>90</ns3:cad>
          </ns3:TrackPointExtension>
        </extensions>
      </trkpt>
      <trkpt lat="29.28068029694259166717529296875" lon="117.2463396750390529632568359375">
        <ele>57.200000762939453125</ele>
        <time>2026-05-05T12:16:15.000Z</time>
        <extensions>
          <ns3:TrackPointExtension>
            <ns3:hr>133</ns3:hr>
            <ns3:cad>90</ns3:cad>
          </ns3:TrackPointExtension>
        </extensions>
      </trkpt>
      <trkpt lat="29.280660934746265411376953125" lon="117.2463594563305377960205078125">
        <ele>57.200000762939453125</ele>
        <time>2026-05-05T12:16:16.000Z</time>
        <extensions>
          <ns3:TrackPointExtension>
            <ns3:hr>133</ns3:hr>
            <ns3:cad>90</ns3:cad>
          </ns3:TrackPointExtension>
        </extensions>
      </trkpt>
      <trkpt lat="29.28063922561705112457275390625" lon="117.24638166837394237518310546875">
        <ele>57.200000762939453125</ele>
        <time>2026-05-05T12:16:17.000Z</time>
        <extensions>
          <ns3:TrackPointExtension>
            <ns3:hr>133</ns3:hr>
            <ns3:cad>91</ns3:cad>
          </ns3:TrackPointExtension>
        </extensions>
      </trkpt>
      <trkpt lat="29.28063235245645046234130859375" lon="117.2463886253535747528076171875">
        <ele>57.200000762939453125</ele>
        <time>2026-05-05T12:16:18.000Z</time>
        <extensions>
          <ns3:TrackPointExtension>
            <ns3:hr>133</ns3:hr>
            <ns3:cad>90</ns3:cad>
          </ns3:TrackPointExtension>
        </extensions>
      </trkpt>
      <trkpt lat="29.28060351870954036712646484375" lon="117.24641804583370685577392578125">
        <ele>57.200000762939453125</ele>
        <time>2026-05-05T12:16:19.000Z</time>
        <extensions>
          <ns3:TrackPointExtension>
            <ns3:hr>133</ns3:hr>
            <ns3:cad>90</ns3:cad>
          </ns3:TrackPointExtension>
        </extensions>
      </trkpt>
      <trkpt lat="29.2805957235395908355712890625" lon="117.246426008641719818115234375">
        <ele>57.200000762939453125</ele>
        <time>2026-05-05T12:16:20.000Z</time>
        <extensions>
          <ns3:TrackPointExtension>
            <ns3:hr>133</ns3:hr>
            <ns3:cad>90</ns3:cad>
          </ns3:TrackPointExtension>
        </extensions>
      </trkpt>
      <trkpt lat="29.2805712483823299407958984375" lon="117.2464509867131710052490234375">
        <ele>57.200000762939453125</ele>
        <time>2026-05-05T12:16:21.000Z</time>
        <extensions>
          <ns3:TrackPointExtension>
            <ns3:hr>133</ns3:hr>
            <ns3:cad>90</ns3:cad>
          </ns3:TrackPointExtension>
        </extensions>
      </trkpt>
      <trkpt lat="29.280556999146938323974609375" lon="117.246465571224689483642578125">
        <ele>57.200000762939453125</ele>
        <time>2026-05-05T12:16:22.000Z</time>
        <extensions>
          <ns3:TrackPointExtension>
            <ns3:hr>133</ns3:hr>
            <ns3:cad>90</ns3:cad>
          </ns3:TrackPointExtension>
        </extensions>
      </trkpt>
      <trkpt lat="29.2805340327322483062744140625" lon="117.24648895673453807830810546875">
        <ele>57.200000762939453125</ele>
        <time>2026-05-05T12:16:23.000Z</time>
        <extensions>
          <ns3:TrackPointExtension>
            <ns3:hr>133</ns3:hr>
            <ns3:cad>90</ns3:cad>
          </ns3:TrackPointExtension>
        </extensions>
      </trkpt>
      <trkpt lat="29.2805179394781589508056640625" lon="117.24650538526475429534912109375">
        <ele>57.200000762939453125</ele>
        <time>2026-05-05T12:16:24.000Z</time>
        <extensions>
          <ns3:TrackPointExtension>
            <ns3:hr>133</ns3:hr>
            <ns3:cad>90</ns3:cad>
          </ns3:TrackPointExtension>
        </extensions>
      </trkpt>
      <trkpt lat="29.28049757145345211029052734375" lon="117.24652617238461971282958984375">
        <ele>57.200000762939453125</ele>
        <time>2026-05-05T12:16:25.000Z</time>
        <extensions>
          <ns3:TrackPointExtension>
            <ns3:hr>132</ns3:hr>
            <ns3:cad>90</ns3:cad>
          </ns3:TrackPointExtension>
        </extensions>
      </trkpt>
      <trkpt lat="29.28047611378133296966552734375" lon="117.246548049151897430419921875">
        <ele>57.200000762939453125</ele>
        <time>2026-05-05T12:16:26.000Z</time>
        <extensions>
          <ns3:TrackPointExtension>
            <ns3:hr>133</ns3:hr>
            <ns3:cad>91</ns3:cad>
          </ns3:TrackPointExtension>
        </extensions>
      </trkpt>
      <trkpt lat="29.28045398555696010589599609375" lon="117.2465706802904605865478515625">
        <ele>57.200000762939453125</ele>
        <time>2026-05-05T12:16:27.000Z</time>
        <extensions>
          <ns3:TrackPointExtension>
            <ns3:hr>133</ns3:hr>
            <ns3:cad>91</ns3:cad>
          </ns3:TrackPointExtension>
        </extensions>
      </trkpt>
      <trkpt lat="29.2804314382374286651611328125" lon="117.246593646705150604248046875">
        <ele>57.200000762939453125</ele>
        <time>2026-05-05T12:16:28.000Z</time>
        <extensions>
          <ns3:TrackPointExtension>
            <ns3:hr>133</ns3:hr>
            <ns3:cad>91</ns3:cad>
          </ns3:TrackPointExtension>
        </extensions>
      </trkpt>
      <trkpt lat="29.28041559644043445587158203125" lon="117.24660982377827167510986328125">
        <ele>57.200000762939453125</ele>
        <time>2026-05-05T12:16:29.000Z</time>
        <extensions>
          <ns3:TrackPointExtension>
            <ns3:hr>132</ns3:hr>
            <ns3:cad>91</ns3:cad>
          </ns3:TrackPointExtension>
        </extensions>
      </trkpt>
      <trkpt lat="29.28038634359836578369140625" lon="117.24663966335356235504150390625">
        <ele>57.200000762939453125</ele>
        <time>2026-05-05T12:16:30.000Z</time>
        <extensions>
          <ns3:TrackPointExtension>
            <ns3:hr>133</ns3:hr>
            <ns3:cad>92</ns3:cad>
          </ns3:TrackPointExtension>
        </extensions>
      </trkpt>
      <trkpt lat="29.28037293255329132080078125" lon="117.246653325855731964111328125">
        <ele>57.200000762939453125</ele>
        <time>2026-05-05T12:16:31.000Z</time>
        <extensions>
          <ns3:TrackPointExtension>
            <ns3:hr>133</ns3:hr>
            <ns3:cad>92</ns3:cad>
          </ns3:TrackPointExtension>
        </extensions>
      </trkpt>
      <trkpt lat="29.28033965639770030975341796875" lon="117.24668727256357669830322265625">
        <ele>57.200000762939453125</ele>
        <time>2026-05-05T12:16:32.000Z</time>
        <extensions>
          <ns3:TrackPointExtension>
            <ns3:hr>133</ns3:hr>
            <ns3:cad>92</ns3:cad>
          </ns3:TrackPointExtension>
        </extensions>
      </trkpt>
      <trkpt lat="29.28033345378935337066650390625" lon="117.24669364280998706817626953125">
        <ele>57.200000762939453125</ele>
        <time>2026-05-05T12:16:33.000Z</time>
        <extensions>
          <ns3:TrackPointExtension>
            <ns3:hr>132</ns3:hr>
            <ns3:cad>92</ns3:cad>
          </ns3:TrackPointExtension>
        </extensions>
      </trkpt>
      <trkpt lat="29.28029791451990604400634765625" lon="117.24672985263168811798095703125">
        <ele>57.200000762939453125</ele>
        <time>2026-05-05T12:16:34.000Z</time>
        <extensions>
          <ns3:TrackPointExtension>
            <ns3:hr>133</ns3:hr>
            <ns3:cad>93</ns3:cad>
          </ns3:TrackPointExtension>
        </extensions>
      </trkpt>
      <trkpt lat="29.28029322065412998199462890625" lon="117.24673471413552761077880859375">
        <ele>57.200000762939453125</ele>
        <time>2026-05-05T12:16:35.000Z</time>
        <extensions>
          <ns3:TrackPointExtension>
            <ns3:hr>133</ns3:hr>
            <ns3:cad>93</ns3:cad>
          </ns3:TrackPointExtension>
        </extensions>
      </trkpt>
      <trkpt lat="29.28025868721306324005126953125" lon="117.24676991812884807586669921875">
        <ele>57.200000762939453125</ele>
        <time>2026-05-05T12:16:36.000Z</time>
        <extensions>
          <ns3:TrackPointExtension>
            <ns3:hr>133</ns3:hr>
            <ns3:cad>93</ns3:cad>
          </ns3:TrackPointExtension>
        </extensions>
      </trkpt>
      <trkpt lat="29.2802537418901920318603515625" lon="117.24677503108978271484375">
        <ele>57.200000762939453125</ele>
        <time>2026-05-05T12:16:37.000Z</time>
        <extensions>
          <ns3:TrackPointExtension>
            <ns3:hr>132</ns3:hr>
            <ns3:cad>92</ns3:cad>
          </ns3:TrackPointExtension>
        </extensions>
      </trkpt>
      <trkpt lat="29.28022272884845733642578125" lon="117.24680663086473941802978515625">
        <ele>57.200000762939453125</ele>
        <time>2026-05-05T12:16:38.000Z</time>
        <extensions>
          <ns3:TrackPointExtension>
            <ns3:hr>133</ns3:hr>
            <ns3:cad>92</ns3:cad>
          </ns3:TrackPointExtension>
        </extensions>
      </trkpt>
      <trkpt lat="29.280216693878173828125" lon="117.2468127496540546417236328125">
        <ele>57.200000762939453125</ele>
        <time>2026-05-05T12:16:39.000Z</time>
        <extensions>
          <ns3:TrackPointExtension>
            <ns3:hr>133</ns3:hr>
            <ns3:cad>92</ns3:cad>
          </ns3:TrackPointExtension>
        </extensions>
      </trkpt>
      <trkpt lat="29.28018408827483654022216796875" lon="117.24684602580964565277099609375">
        <ele>57.200000762939453125</ele>
        <time>2026-05-05T12:16:40.000Z</time>
        <extensions>
          <ns3:TrackPointExtension>
            <ns3:hr>132</ns3:hr>
            <ns3:cad>91</ns3:cad>
          </ns3:TrackPointExtension>
        </extensions>
      </trkpt>
      <trkpt lat="29.2801759578287601470947265625" lon="117.2468543238937854766845703125">
        <ele>57.200000762939453125</ele>
        <time>2026-05-05T12:16:41.000Z</time>
        <extensions>
          <ns3:TrackPointExtension>
            <ns3:hr>133</ns3:hr>
            <ns3:cad>91</ns3:cad>
          </ns3:TrackPointExtension>
        </extensions>
      </trkpt>
      <trkpt lat="29.2801498062908649444580078125" lon="117.24688190035521984100341796875">
        <ele>57.200000762939453125</ele>
        <time>2026-05-05T12:16:42.000Z</time>
        <extensions>
          <ns3:TrackPointExtension>
            <ns3:hr>133</ns3:hr>
            <ns3:cad>91</ns3:cad>
          </ns3:TrackPointExtension>
        </extensions>
      </trkpt>
      <trkpt lat="29.28013530559837818145751953125" lon="117.24689899943768978118896484375">
        <ele>57.200000762939453125</ele>
        <time>2026-05-05T12:16:43.000Z</time>
        <extensions>
          <ns3:TrackPointExtension>
            <ns3:hr>133</ns3:hr>
            <ns3:cad>91</ns3:cad>
          </ns3:TrackPointExtension>
        </extensions>
      </trkpt>
      <trkpt lat="29.280113093554973602294921875" lon="117.2469290904700756072998046875">
        <ele>57.200000762939453125</ele>
        <time>2026-05-05T12:16:44.000Z</time>
        <extensions>
          <ns3:TrackPointExtension>
            <ns3:hr>133</ns3:hr>
            <ns3:cad>91</ns3:cad>
          </ns3:TrackPointExtension>
        </extensions>
      </trkpt>
      <trkpt lat="29.28010462783277034759521484375" lon="117.24694241769611835479736328125">
        <ele>57.200000762939453125</ele>
        <time>2026-05-05T12:16:45.000Z</time>
        <extensions>
          <ns3:TrackPointExtension>
            <ns3:hr>133</ns3:hr>
            <ns3:cad>91</ns3:cad>
          </ns3:TrackPointExtension>
        </extensions>
      </trkpt>
      <trkpt lat="29.28008836694061756134033203125" lon="117.24697225727140903472900390625">
        <ele>57.200000762939453125</ele>
        <time>2026-05-05T12:16:46.000Z</time>
        <extensions>
          <ns3:TrackPointExtension>
            <ns3:hr>133</ns3:hr>
            <ns3:cad>91</ns3:cad>
          </ns3:TrackPointExtension>
        </extensions>
      </trkpt>
      <trkpt lat="29.28007847629487514495849609375" lon="117.2469937987625598907470703125">
        <ele>57.200000762939453125</ele>
        <time>2026-05-05T12:16:47.000Z</time>
        <extensions>
          <ns3:TrackPointExtension>
            <ns3:hr>133</ns3:hr>
            <ns3:cad>92</ns3:cad>
          </ns3:TrackPointExtension>
        </extensions>
      </trkpt>
      <trkpt lat="29.2800676636397838592529296875" lon="117.24702380597591400146484375">
        <ele>57.200000762939453125</ele>
        <time>2026-05-05T12:16:48.000Z</time>
        <extensions>
          <ns3:TrackPointExtension>
            <ns3:hr>133</ns3:hr>
            <ns3:cad>92</ns3:cad>
          </ns3:TrackPointExtension>
        </extensions>
      </trkpt>
      <trkpt lat="29.28005911409854888916015625" lon="117.2470511309802532196044921875">
        <ele>57.200000762939453125</ele>
        <time>2026-05-05T12:16:49.000Z</time>
        <extensions>
          <ns3:TrackPointExtension>
            <ns3:hr>134</ns3:hr>
            <ns3:cad>92</ns3:cad>
          </ns3:TrackPointExtension>
        </extensions>
      </trkpt>
      <trkpt lat="29.28005266003310680389404296875" lon="117.24708549678325653076171875">
        <ele>57.200000762939453125</ele>
        <time>2026-05-05T12:16:50.000Z</time>
        <extensions>
          <ns3:TrackPointExtension>
            <ns3:hr>134</ns3:hr>
            <ns3:cad>92</ns3:cad>
          </ns3:TrackPointExtension>
        </extensions>
      </trkpt>
      <trkpt lat="29.2800485529005527496337890625" lon="117.24711592309176921844482421875">
        <ele>57.200000762939453125</ele>
        <time>2026-05-05T12:16:51.000Z</time>
        <extensions>
          <ns3:TrackPointExtension>
            <ns3:hr>134</ns3:hr>
            <ns3:cad>92</ns3:cad>
          </ns3:TrackPointExtension>
        </extensions>
      </trkpt>
      <trkpt lat="29.28004696033895015716552734375" lon="117.24714743904769420623779296875">
        <ele>57.200000762939453125</ele>
        <time>2026-05-05T12:16:52.000Z</time>
        <extensions>
          <ns3:TrackPointExtension>
            <ns3:hr>134</ns3:hr>
            <ns3:cad>92</ns3:cad>
          </ns3:TrackPointExtension>
        </extensions>
      </trkpt>
      <trkpt lat="29.28004746325314044952392578125" lon="117.2471735067665576934814453125">
        <ele>57.200000762939453125</ele>
        <time>2026-05-05T12:16:53.000Z</time>
        <extensions>
          <ns3:TrackPointExtension>
            <ns3:hr>134</ns3:hr>
            <ns3:cad>90</ns3:cad>
          </ns3:TrackPointExtension>
        </extensions>
      </trkpt>
      <trkpt lat="29.28004964254796504974365234375" lon="117.24720343016088008880615234375">
        <ele>57.200000762939453125</ele>
        <time>2026-05-05T12:16:54.000Z</time>
        <extensions>
          <ns3:TrackPointExtension>
            <ns3:hr>134</ns3:hr>
            <ns3:cad>90</ns3:cad>
          </ns3:TrackPointExtension>
        </extensions>
      </trkpt>
      <trkpt lat="29.28005584515631198883056640625" lon="117.247239388525485992431640625">
        <ele>57.200000762939453125</ele>
        <time>2026-05-05T12:16:55.000Z</time>
        <extensions>
          <ns3:TrackPointExtension>
            <ns3:hr>134</ns3:hr>
            <ns3:cad>90</ns3:cad>
          </ns3:TrackPointExtension>
        </extensions>
      </trkpt>
      <trkpt lat="29.28006037138402462005615234375" lon="117.24726160056889057159423828125">
        <ele>57.200000762939453125</ele>
        <time>2026-05-05T12:16:56.000Z</time>
        <extensions>
          <ns3:TrackPointExtension>
            <ns3:hr>134</ns3:hr>
            <ns3:cad>91</ns3:cad>
          </ns3:TrackPointExtension>
        </extensions>
      </trkpt>
      <trkpt lat="29.28007294423878192901611328125" lon="117.247299738228321075439453125">
        <ele>57.200000762939453125</ele>
        <time>2026-05-05T12:16:57.000Z</time>
        <extensions>
          <ns3:TrackPointExtension>
            <ns3:hr>134</ns3:hr>
            <ns3:cad>91</ns3:cad>
          </ns3:TrackPointExtension>
        </extensions>
      </trkpt>
      <trkpt lat="29.28007897920906543731689453125" lon="117.24731625057756900787353515625">
        <ele>57.200000762939453125</ele>
        <time>2026-05-05T12:16:58.000Z</time>
        <extensions>
          <ns3:TrackPointExtension>
            <ns3:hr>133</ns3:hr>
            <ns3:cad>91</ns3:cad>
          </ns3:TrackPointExtension>
        </extensions>
      </trkpt>
      <trkpt lat="29.28009959869086742401123046875" lon="117.2473582439124584197998046875">
        <ele>57.200000762939453125</ele>
        <time>2026-05-05T12:16:59.000Z</time>
        <extensions>
          <ns3:TrackPointExtension>
            <ns3:hr>134</ns3:hr>
            <ns3:cad>91</ns3:cad>
          </ns3:TrackPointExtension>
        </extensions>
      </trkpt>
      <trkpt lat="29.28010965697467327117919921875" lon="117.2473736666142940521240234375">
        <ele>57.200000762939453125</ele>
        <time>2026-05-05T12:17:00.000Z</time>
        <extensions>
          <ns3:TrackPointExtension>
            <ns3:hr>134</ns3:hr>
            <ns3:cad>92</ns3:cad>
          </ns3:TrackPointExtension>
        </extensions>
      </trkpt>
      <trkpt lat="29.28013287484645843505859375" lon="117.2474066913127899169921875">
        <ele>57.200000762939453125</ele>
        <time>2026-05-05T12:17:01.000Z</time>
        <extensions>
          <ns3:TrackPointExtension>
            <ns3:hr>134</ns3:hr>
            <ns3:cad>92</ns3:cad>
          </ns3:TrackPointExtension>
        </extensions>
      </trkpt>
      <trkpt lat="29.28014720790088176727294921875" lon="117.24742270074784755706787109375">
        <ele>57.200000762939453125</ele>
        <time>2026-05-05T12:17:02.000Z</time>
        <extensions>
          <ns3:TrackPointExtension>
            <ns3:hr>133</ns3:hr>
            <ns3:cad>92</ns3:cad>
          </ns3:TrackPointExtension>
        </extensions>
      </trkpt>
      <trkpt lat="29.28017335943877696990966796875" lon="117.247448600828647613525390625">
        <ele>57.200000762939453125</ele>
        <time>2026-05-05T12:17:03.000Z</time>
        <extensions>
          <ns3:TrackPointExtension>
            <ns3:hr>134</ns3:hr>
            <ns3:cad>92</ns3:cad>
          </ns3:TrackPointExtension>
        </extensions>
      </trkpt>
      <trkpt lat="29.28018693812191486358642578125" lon="117.247460000216960906982421875">
        <ele>57.200000762939453125</ele>
        <time>2026-05-05T12:17:04.000Z</time>
        <extensions>
          <ns3:TrackPointExtension>
            <ns3:hr>133</ns3:hr>
            <ns3:cad>92</ns3:cad>
          </ns3:TrackPointExtension>
        </extensions>
      </trkpt>
      <trkpt lat="29.28021728061139583587646484375" lon="117.24748120643198490142822265625">
        <ele>57.200000762939453125</ele>
        <time>2026-05-05T12:17:05.000Z</time>
        <extensions>
          <ns3:TrackPointExtension>
            <ns3:hr>133</ns3:hr>
            <ns3:cad>92</ns3:cad>
          </ns3:TrackPointExtension>
        </extensions>
      </trkpt>
      <trkpt lat="29.28022499196231365203857421875" lon="117.24748590029776096343994140625">
        <ele>57.200000762939453125</ele>
        <time>2026-05-05T12:17:06.000Z</time>
        <extensions>
          <ns3:TrackPointExtension>
            <ns3:hr>133</ns3:hr>
            <ns3:cad>92</ns3:cad>
          </ns3:TrackPointExtension>
        </extensions>
      </trkpt>
      <trkpt lat="29.28026086650788784027099609375" lon="117.24750366993248462677001953125">
        <ele>57.200000762939453125</ele>
        <time>2026-05-05T12:17:07.000Z</time>
        <extensions>
          <ns3:TrackPointExtension>
            <ns3:hr>132</ns3:hr>
            <ns3:cad>92</ns3:cad>
          </ns3:TrackPointExtension>
        </extensions>
      </trkpt>
      <trkpt lat="29.28027293644845485687255859375" lon="117.2475086152553558349609375">
        <ele>57.200000762939453125</ele>
        <time>2026-05-05T12:17:08.000Z</time>
        <extensions>
          <ns3:TrackPointExtension>
            <ns3:hr>132</ns3:hr>
            <ns3:cad>92</ns3:cad>
          </ns3:TrackPointExtension>
        </extensions>
      </trkpt>
      <trkpt lat="29.28030587732791900634765625" lon="117.247518338263034820556640625">
        <ele>57.200000762939453125</ele>
        <time>2026-05-05T12:17:09.000Z</time>
        <extensions>
          <ns3:TrackPointExtension>
            <ns3:hr>132</ns3:hr>
            <ns3:cad>90</ns3:cad>
          </ns3:TrackPointExtension>
        </extensions>
      </trkpt>
      <trkpt lat="29.28031660616397857666015625" lon="117.24752076901495456695556640625">
        <ele>57.200000762939453125</ele>
        <time>2026-05-05T12:17:10.000Z</time>
        <extensions>
          <ns3:TrackPointExtension>
            <ns3:hr>131</ns3:hr>
            <ns3:cad>90</ns3:cad>
          </ns3:TrackPointExtension>
        </extensions>
      </trkpt>
      <trkpt lat="29.28035591728985309600830078125" lon="117.24752563051879405975341796875">
        <ele>57.200000762939453125</ele>
        <time>2026-05-05T12:17:11.000Z</time>
        <extensions>
          <ns3:TrackPointExtension>
            <ns3:hr>131</ns3:hr>
            <ns3:cad>90</ns3:cad>
          </ns3:TrackPointExtension>
        </extensions>
      </trkpt>
      <trkpt lat="29.28037268109619617462158203125" lon="117.24752672016620635986328125">
        <ele>57.200000762939453125</ele>
        <time>2026-05-05T12:17:12.000Z</time>
        <extensions>
          <ns3:TrackPointExtension>
            <ns3:hr>130</ns3:hr>
            <ns3:cad>89</ns3:cad>
          </ns3:TrackPointExtension>
        </extensions>
      </trkpt>
      <trkpt lat="29.280407465994358062744140625" lon="117.2475238703191280364990234375">
        <ele>57.200000762939453125</ele>
        <time>2026-05-05T12:17:13.000Z</time>
        <extensions>
          <ns3:TrackPointExtension>
            <ns3:hr>129</ns3:hr>
            <ns3:cad>89</ns3:cad>
          </ns3:TrackPointExtension>
        </extensions>
      </trkpt>
      <trkpt lat="29.28042280487716197967529296875" lon="117.247522361576557159423828125">
        <ele>57.200000762939453125</ele>
        <time>2026-05-05T12:17:14.000Z</time>
        <extensions>
          <ns3:TrackPointExtension>
            <ns3:hr>128</ns3:hr>
            <ns3:cad>89</ns3:cad>
          </ns3:TrackPointExtension>
        </extensions>
      </trkpt>
      <trkpt lat="29.280462451279163360595703125" lon="117.2475118003785610198974609375">
        <ele>57.200000762939453125</ele>
        <time>2026-05-05T12:17:15.000Z</time>
        <extensions>
          <ns3:TrackPointExtension>
            <ns3:hr>128</ns3:hr>
            <ns3:cad>89</ns3:cad>
          </ns3:TrackPointExtension>
        </extensions>
      </trkpt>
      <trkpt lat="29.28047343157231807708740234375" lon="117.24750786088407039642333984375">
        <ele>57.200000762939453125</ele>
        <time>2026-05-05T12:17:16.000Z</time>
        <extensions>
          <ns3:TrackPointExtension>
            <ns3:hr>127</ns3:hr>
            <ns3:cad>90</ns3:cad>
          </ns3:TrackPointExtension>
        </extensions>
      </trkpt>
      <trkpt lat="29.2805119045078754425048828125" lon="117.24749051034450531005859375">
        <ele>57.200000762939453125</ele>
        <time>2026-05-05T12:17:17.000Z</time>
        <extensions>
          <ns3:TrackPointExtension>
            <ns3:hr>127</ns3:hr>
            <ns3:cad>90</ns3:cad>
          </ns3:TrackPointExtension>
        </extensions>
      </trkpt>
      <trkpt lat="29.28051936440169811248779296875" lon="117.2474856488406658172607421875">
        <ele>57.200000762939453125</ele>
        <time>2026-05-05T12:17:18.000Z</time>
        <extensions>
          <ns3:TrackPointExtension>
            <ns3:hr>127</ns3:hr>
            <ns3:cad>90</ns3:cad>
          </ns3:TrackPointExtension>
        </extensions>
      </trkpt>
      <trkpt lat="29.28055490367114543914794921875" lon="117.2474618442356586456298828125">
        <ele>57.200000762939453125</ele>
        <time>2026-05-05T12:17:19.000Z</time>
        <extensions>
          <ns3:TrackPointExtension>
            <ns3:hr>127</ns3:hr>
            <ns3:cad>90</ns3:cad>
          </ns3:TrackPointExtension>
        </extensions>
      </trkpt>
      <trkpt lat="29.2805625312030315399169921875" lon="117.2474551387131214141845703125">
        <ele>57.200000762939453125</ele>
        <time>2026-05-05T12:17:20.000Z</time>
        <extensions>
          <ns3:TrackPointExtension>
            <ns3:hr>127</ns3:hr>
            <ns3:cad>90</ns3:cad>
          </ns3:TrackPointExtension>
        </extensions>
      </trkpt>
      <trkpt lat="29.28059413097798824310302734375" lon="117.247426472604274749755859375">
        <ele>57.200000762939453125</ele>
        <time>2026-05-05T12:17:21.000Z</time>
        <extensions>
          <ns3:TrackPointExtension>
            <ns3:hr>127</ns3:hr>
            <ns3:cad>90</ns3:cad>
          </ns3:TrackPointExtension>
        </extensions>
      </trkpt>
      <trkpt lat="29.280601255595684051513671875" lon="117.247419096529483795166015625">
        <ele>57.200000762939453125</ele>
        <time>2026-05-05T12:17:22.000Z</time>
        <extensions>
          <ns3:TrackPointExtension>
            <ns3:hr>127</ns3:hr>
            <ns3:cad>90</ns3:cad>
          </ns3:TrackPointExtension>
        </extensions>
      </trkpt>
      <trkpt lat="29.28063604049384593963623046875" lon="117.24738364107906818389892578125">
        <ele>57.200000762939453125</ele>
        <time>2026-05-05T12:17:23.000Z</time>
        <extensions>
          <ns3:TrackPointExtension>
            <ns3:hr>127</ns3:hr>
            <ns3:cad>90</ns3:cad>
          </ns3:TrackPointExtension>
        </extensions>
      </trkpt>
      <trkpt lat="29.28064559586346149444580078125" lon="117.24737391807138919830322265625">
        <ele>57.200000762939453125</ele>
        <time>2026-05-05T12:17:24.000Z</time>
        <extensions>
          <ns3:TrackPointExtension>
            <ns3:hr>126</ns3:hr>
            <ns3:cad>90</ns3:cad>
          </ns3:TrackPointExtension>
        </extensions>
      </trkpt>
      <trkpt lat="29.280675351619720458984375" lon="117.2473434917628765106201171875">
        <ele>57.200000762939453125</ele>
        <time>2026-05-05T12:17:25.000Z</time>
        <extensions>
          <ns3:TrackPointExtension>
            <ns3:hr>126</ns3:hr>
            <ns3:cad>90</ns3:cad>
          </ns3:TrackPointExtension>
        </extensions>
      </trkpt>
      <trkpt lat="29.28068180568516254425048828125" lon="117.2473369538784027099609375">
        <ele>57.200000762939453125</ele>
        <time>2026-05-05T12:17:26.000Z</time>
        <extensions>
          <ns3:TrackPointExtension>
            <ns3:hr>126</ns3:hr>
            <ns3:cad>91</ns3:cad>
          </ns3:TrackPointExtension>
        </extensions>
      </trkpt>
      <trkpt lat="29.28070946596562862396240234375" lon="117.24730870686471462249755859375">
        <ele>57.200000762939453125</ele>
        <time>2026-05-05T12:17:27.000Z</time>
        <extensions>
          <ns3:TrackPointExtension>
            <ns3:hr>126</ns3:hr>
            <ns3:cad>91</ns3:cad>
          </ns3:TrackPointExtension>
        </extensions>
      </trkpt>
      <trkpt lat="29.28071625530719757080078125" lon="117.24730183370411396026611328125">
        <ele>57.200000762939453125</ele>
        <time>2026-05-05T12:17:28.000Z</time>
        <extensions>
          <ns3:TrackPointExtension>
            <ns3:hr>126</ns3:hr>
            <ns3:cad>91</ns3:cad>
          </ns3:TrackPointExtension>
        </extensions>
      </trkpt>
      <trkpt lat="29.28074416704475879669189453125" lon="117.24727325141429901123046875">
        <ele>57.200000762939453125</ele>
        <time>2026-05-05T12:17:29.000Z</time>
        <extensions>
          <ns3:TrackPointExtension>
            <ns3:hr>126</ns3:hr>
            <ns3:cad>91</ns3:cad>
          </ns3:TrackPointExtension>
        </extensions>
      </trkpt>
      <trkpt lat="29.280756823718547821044921875" lon="117.2472603432834148406982421875">
        <ele>57.200000762939453125</ele>
        <time>2026-05-05T12:17:30.000Z</time>
        <extensions>
          <ns3:TrackPointExtension>
            <ns3:hr>127</ns3:hr>
            <ns3:cad>91</ns3:cad>
          </ns3:TrackPointExtension>
        </extensions>
      </trkpt>
      <trkpt lat="29.28078331053256988525390625" lon="117.247233353555202484130859375">
        <ele>57.200000762939453125</ele>
        <time>2026-05-05T12:17:31.000Z</time>
        <extensions>
          <ns3:TrackPointExtension>
            <ns3:hr>127</ns3:hr>
            <ns3:cad>91</ns3:cad>
          </ns3:TrackPointExtension>
        </extensions>
      </trkpt>
      <trkpt lat="29.28080032579600811004638671875" lon="117.24721600301563739776611328125">
        <ele>57.200000762939453125</ele>
        <time>2026-05-05T12:17:32.000Z</time>
        <extensions>
          <ns3:TrackPointExtension>
            <ns3:hr>127</ns3:hr>
            <ns3:cad>91</ns3:cad>
          </ns3:TrackPointExtension>
        </extensions>
      </trkpt>
      <trkpt lat="29.28082446567714214324951171875" lon="117.24719136022031307220458984375">
        <ele>57.200000762939453125</ele>
        <time>2026-05-05T12:17:33.000Z</time>
        <extensions>
          <ns3:TrackPointExtension>
            <ns3:hr>127</ns3:hr>
            <ns3:cad>91</ns3:cad>
          </ns3:TrackPointExtension>
        </extensions>
      </trkpt>
      <trkpt lat="29.28084223531186580657958984375" lon="117.24717325530946254730224609375">
        <ele>57.200000762939453125</ele>
        <time>2026-05-05T12:17:34.000Z</time>
        <extensions>
          <ns3:TrackPointExtension>
            <ns3:hr>127</ns3:hr>
            <ns3:cad>91</ns3:cad>
          </ns3:TrackPointExtension>
        </extensions>
      </trkpt>
      <trkpt lat="29.2808639444410800933837890625" lon="117.24715112708508968353271484375">
        <ele>57.200000762939453125</ele>
        <time>2026-05-05T12:17:35.000Z</time>
        <extensions>
          <ns3:TrackPointExtension>
            <ns3:hr>129</ns3:hr>
            <ns3:cad>91</ns3:cad>
          </ns3:TrackPointExtension>
        </extensions>
      </trkpt>
      <trkpt lat="29.2808786965906620025634765625" lon="117.24713603965938091278076171875">
        <ele>57.200000762939453125</ele>
        <time>2026-05-05T12:17:36.000Z</time>
        <extensions>
          <ns3:TrackPointExtension>
            <ns3:hr>129</ns3:hr>
            <ns3:cad>91</ns3:cad>
          </ns3:TrackPointExtension>
        </extensions>
      </trkpt>
      <trkpt lat="29.28089554421603679656982421875" lon="117.2471188567578792572021484375">
        <ele>57.200000762939453125</ele>
        <time>2026-05-05T12:17:37.000Z</time>
        <extensions>
          <ns3:TrackPointExtension>
            <ns3:hr>130</ns3:hr>
            <ns3:cad>90</ns3:cad>
          </ns3:TrackPointExtension>
        </extensions>
      </trkpt>
      <trkpt lat="29.28091767244040966033935546875" lon="117.24709622561931610107421875">
        <ele>57.200000762939453125</ele>
        <time>2026-05-05T12:17:38.000Z</time>
        <extensions>
          <ns3:TrackPointExtension>
            <ns3:hr>130</ns3:hr>
            <ns3:cad>90</ns3:cad>
          </ns3:TrackPointExtension>
        </extensions>
      </trkpt>
      <trkpt lat="29.28093024529516696929931640625" lon="117.24708340130746364593505859375">
        <ele>57.200000762939453125</ele>
        <time>2026-05-05T12:17:39.000Z</time>
        <extensions>
          <ns3:TrackPointExtension>
            <ns3:hr>130</ns3:hr>
            <ns3:cad>90</ns3:cad>
          </ns3:TrackPointExtension>
        </extensions>
      </trkpt>
      <trkpt lat="29.2809556424617767333984375" lon="117.2470575012266635894775390625">
        <ele>57.200000762939453125</ele>
        <time>2026-05-05T12:17:40.000Z</time>
        <extensions>
          <ns3:TrackPointExtension>
            <ns3:hr>129</ns3:hr>
            <ns3:cad>90</ns3:cad>
          </ns3:TrackPointExtension>
        </extensions>
      </trkpt>
      <trkpt lat="29.280972741544246673583984375" lon="117.2470400668680667877197265625">
        <ele>57.200000762939453125</ele>
        <time>2026-05-05T12:17:41.000Z</time>
        <extensions>
          <ns3:TrackPointExtension>
            <ns3:hr>130</ns3:hr>
            <ns3:cad>90</ns3:cad>
          </ns3:TrackPointExtension>
        </extensions>
      </trkpt>
      <trkpt lat="29.280994199216365814208984375" lon="117.24701819010078907012939453125">
        <ele>57.200000762939453125</ele>
        <time>2026-05-05T12:17:42.000Z</time>
        <extensions>
          <ns3:TrackPointExtension>
            <ns3:hr>130</ns3:hr>
            <ns3:cad>90</ns3:cad>
          </ns3:TrackPointExtension>
        </extensions>
      </trkpt>
      <trkpt lat="29.28100836463272571563720703125" lon="117.24700368940830230712890625">
        <ele>57.200000762939453125</ele>
        <time>2026-05-05T12:17:43.000Z</time>
        <extensions>
          <ns3:TrackPointExtension>
            <ns3:hr>130</ns3:hr>
            <ns3:cad>90</ns3:cad>
          </ns3:TrackPointExtension>
        </extensions>
      </trkpt>
      <trkpt lat="29.28102646954357624053955078125" lon="117.246985249221324920654296875">
        <ele>57.200000762939453125</ele>
        <time>2026-05-05T12:17:44.000Z</time>
        <extensions>
          <ns3:TrackPointExtension>
            <ns3:hr>130</ns3:hr>
            <ns3:cad>90</ns3:cad>
          </ns3:TrackPointExtension>
        </extensions>
      </trkpt>
      <trkpt lat="29.2810352705419063568115234375" lon="117.24697628058493137359619140625">
        <ele>57.200000762939453125</ele>
        <time>2026-05-05T12:17:45.000Z</time>
        <extensions>
          <ns3:TrackPointExtension>
            <ns3:hr>130</ns3:hr>
            <ns3:cad>90</ns3:cad>
          </ns3:TrackPointExtension>
        </extensions>
      </trkpt>
      <trkpt lat="29.28106402046978473663330078125" lon="117.2469468601047992706298828125">
        <ele>57.200000762939453125</ele>
        <time>2026-05-05T12:17:46.000Z</time>
        <extensions>
          <ns3:TrackPointExtension>
            <ns3:hr>130</ns3:hr>
            <ns3:cad>90</ns3:cad>
          </ns3:TrackPointExtension>
        </extensions>
      </trkpt>
      <trkpt lat="29.28107860498130321502685546875" lon="117.24693202413618564605712890625">
        <ele>57.200000762939453125</ele>
        <time>2026-05-05T12:17:47.000Z</time>
        <extensions>
          <ns3:TrackPointExtension>
            <ns3:hr>129</ns3:hr>
            <ns3:cad>90</ns3:cad>
          </ns3:TrackPointExtension>
        </extensions>
      </trkpt>
      <trkpt lat="29.28110391832888126373291015625" lon="117.24690620787441730499267578125">
        <ele>60.59999847412109375</ele>
        <time>2026-05-05T12:17:48.000Z</time>
        <extensions>
          <ns3:TrackPointExtension>
            <ns3:hr>130</ns3:hr>
            <ns3:cad>90</ns3:cad>
          </ns3:TrackPointExtension>
        </extensions>
      </trkpt>
      <trkpt lat="29.281120263040065765380859375" lon="117.24688961170613765716552734375">
        <ele>60.59999847412109375</ele>
        <time>2026-05-05T12:17:49.000Z</time>
        <extensions>
          <ns3:TrackPointExtension>
            <ns3:hr>130</ns3:hr>
            <ns3:cad>90</ns3:cad>
          </ns3:TrackPointExtension>
        </extensions>
      </trkpt>
      <trkpt lat="29.28115035407245159149169921875" lon="117.24685885012149810791015625">
        <ele>60.59999847412109375</ele>
        <time>2026-05-05T12:17:50.000Z</time>
        <extensions>
          <ns3:TrackPointExtension>
            <ns3:hr>130</ns3:hr>
            <ns3:cad>90</ns3:cad>
          </ns3:TrackPointExtension>
        </extensions>
      </trkpt>
      <trkpt lat="29.28116175346076488494873046875" lon="117.24684719927608966827392578125">
        <ele>60.59999847412109375</ele>
        <time>2026-05-05T12:17:51.000Z</time>
        <extensions>
          <ns3:TrackPointExtension>
            <ns3:hr>130</ns3:hr>
            <ns3:cad>92</ns3:cad>
          </ns3:TrackPointExtension>
        </extensions>
      </trkpt>
      <trkpt lat="29.2811811156570911407470703125" lon="117.2468251548707485198974609375">
        <ele>60.59999847412109375</ele>
        <time>2026-05-05T12:17:52.000Z</time>
        <extensions>
          <ns3:TrackPointExtension>
            <ns3:hr>130</ns3:hr>
            <ns3:cad>92</ns3:cad>
          </ns3:TrackPointExtension>
        </extensions>
      </trkpt>
      <trkpt lat="29.28119368851184844970703125" lon="117.24681031890213489532470703125">
        <ele>60.59999847412109375</ele>
        <time>2026-05-05T12:17:53.000Z</time>
        <extensions>
          <ns3:TrackPointExtension>
            <ns3:hr>133</ns3:hr>
            <ns3:cad>92</ns3:cad>
          </ns3:TrackPointExtension>
        </extensions>
      </trkpt>
      <trkpt lat="29.2812149785459041595458984375" lon="117.2467788867652416229248046875">
        <ele>60.59999847412109375</ele>
        <time>2026-05-05T12:17:54.000Z</time>
        <extensions>
          <ns3:TrackPointExtension>
            <ns3:hr>135</ns3:hr>
            <ns3:cad>92</ns3:cad>
          </ns3:TrackPointExtension>
        </extensions>
      </trkpt>
      <trkpt lat="29.281222186982631683349609375" lon="117.24676757119596004486083984375">
        <ele>60.59999847412109375</ele>
        <time>2026-05-05T12:17:55.000Z</time>
        <extensions>
          <ns3:TrackPointExtension>
            <ns3:hr>136</ns3:hr>
            <ns3:cad>92</ns3:cad>
          </ns3:TrackPointExtension>
        </extensions>
      </trkpt>
      <trkpt lat="29.2812418006360530853271484375" lon="117.24672742187976837158203125">
        <ele>60.59999847412109375</ele>
        <time>2026-05-05T12:17:56.000Z</time>
        <extensions>
          <ns3:TrackPointExtension>
            <ns3:hr>137</ns3:hr>
            <ns3:cad>92</ns3:cad>
          </ns3:TrackPointExtension>
        </extensions>
      </trkpt>
      <trkpt lat="29.281249009072780609130859375" lon="117.24671074189245700836181640625">
        <ele>60.59999847412109375</ele>
        <time>2026-05-05T12:17:57.000Z</time>
        <extensions>
          <ns3:TrackPointExtension>
            <ns3:hr>137</ns3:hr>
            <ns3:cad>92</ns3:cad>
          </ns3:TrackPointExtension>
        </extensions>
      </trkpt>
      <trkpt lat="29.28126015700399875640869140625" lon="117.24667511880397796630859375">
        <ele>60.59999847412109375</ele>
        <time>2026-05-05T12:17:58.000Z</time>
        <extensions>
          <ns3:TrackPointExtension>
            <ns3:hr>136</ns3:hr>
            <ns3:cad>92</ns3:cad>
          </ns3:TrackPointExtension>
        </extensions>
      </trkpt>
      <trkpt lat="29.2812656052410602569580078125" lon="117.246652655303478240966796875">
        <ele>60.59999847412109375</ele>
        <time>2026-05-05T12:17:59.000Z</time>
        <extensions>
          <ns3:TrackPointExtension>
            <ns3:hr>136</ns3:hr>
            <ns3:cad>92</ns3:cad>
          </ns3:TrackPointExtension>
        </extensions>
      </trkpt>
      <trkpt lat="29.28127105347812175750732421875" lon="117.246622145175933837890625">
        <ele>60.59999847412109375</ele>
        <time>2026-05-05T12:18:00.000Z</time>
        <extensions>
          <ns3:TrackPointExtension>
            <ns3:hr>135</ns3:hr>
            <ns3:cad>92</ns3:cad>
          </ns3:TrackPointExtension>
        </extensions>
      </trkpt>
      <trkpt lat="29.28127340041100978851318359375" lon="117.2466015256941318511962890625">
        <ele>60.59999847412109375</ele>
        <time>2026-05-05T12:18:01.000Z</time>
        <extensions>
          <ns3:TrackPointExtension>
            <ns3:hr>135</ns3:hr>
            <ns3:cad>92</ns3:cad>
          </ns3:TrackPointExtension>
        </extensions>
      </trkpt>
      <trkpt lat="29.2812749929726123809814453125" lon="117.24656942300498485565185546875">
        <ele>60.59999847412109375</ele>
        <time>2026-05-05T12:18:02.000Z</time>
        <extensions>
          <ns3:TrackPointExtension>
            <ns3:hr>134</ns3:hr>
            <ns3:cad>92</ns3:cad>
          </ns3:TrackPointExtension>
        </extensions>
      </trkpt>
      <trkpt lat="29.28127474151551723480224609375" lon="117.246547043323516845703125">
        <ele>60.59999847412109375</ele>
        <time>2026-05-05T12:18:03.000Z</time>
        <extensions>
          <ns3:TrackPointExtension>
            <ns3:hr>134</ns3:hr>
            <ns3:cad>92</ns3:cad>
          </ns3:TrackPointExtension>
        </extensions>
      </trkpt>
      <trkpt lat="29.28127222694456577301025390625" lon="117.24651359952986240386962890625">
        <ele>60.59999847412109375</ele>
        <time>2026-05-05T12:18:04.000Z</time>
        <extensions>
          <ns3:TrackPointExtension>
            <ns3:hr>134</ns3:hr>
            <ns3:cad>92</ns3:cad>
          </ns3:TrackPointExtension>
        </extensions>
      </trkpt>
      <trkpt lat="29.2812669463455677032470703125" lon="117.246482335031032562255859375">
        <ele>60.59999847412109375</ele>
        <time>2026-05-05T12:18:05.000Z</time>
        <extensions>
          <ns3:TrackPointExtension>
            <ns3:hr>134</ns3:hr>
            <ns3:cad>92</ns3:cad>
          </ns3:TrackPointExtension>
        </extensions>
      </trkpt>
      <trkpt lat="29.28126233629882335662841796875" lon="117.24645978771150112152099609375">
        <ele>60.59999847412109375</ele>
        <time>2026-05-05T12:18:06.000Z</time>
        <extensions>
          <ns3:TrackPointExtension>
            <ns3:hr>134</ns3:hr>
            <ns3:cad>92</ns3:cad>
          </ns3:TrackPointExtension>
        </extensions>
      </trkpt>
      <trkpt lat="29.28125177510082721710205078125" lon="117.24642592482268810272216796875">
        <ele>60.59999847412109375</ele>
        <time>2026-05-05T12:18:07.000Z</time>
        <extensions>
          <ns3:TrackPointExtension>
            <ns3:hr>135</ns3:hr>
            <ns3:cad>92</ns3:cad>
          </ns3:TrackPointExtension>
        </extensions>
      </trkpt>
      <trkpt lat="29.2812454886734485626220703125" lon="117.2464074008166790008544921875">
        <ele>60.59999847412109375</ele>
        <time>2026-05-05T12:18:08.000Z</time>
        <extensions>
          <ns3:TrackPointExtension>
            <ns3:hr>135</ns3:hr>
            <ns3:cad>92</ns3:cad>
          </ns3:TrackPointExtension>
        </extensions>
      </trkpt>
      <trkpt lat="29.28122461773455142974853515625" lon="117.24636406637728214263916015625">
        <ele>60.59999847412109375</ele>
        <time>2026-05-05T12:18:09.000Z</time>
        <extensions>
          <ns3:TrackPointExtension>
            <ns3:hr>135</ns3:hr>
            <ns3:cad>91</ns3:cad>
          </ns3:TrackPointExtension>
        </extensions>
      </trkpt>
      <trkpt lat="29.2812156490981578826904296875" lon="117.2463490627706050872802734375">
        <ele>60.59999847412109375</ele>
        <time>2026-05-05T12:18:10.000Z</time>
        <extensions>
          <ns3:TrackPointExtension>
            <ns3:hr>135</ns3:hr>
            <ns3:cad>91</ns3:cad>
          </ns3:TrackPointExtension>
        </extensions>
      </trkpt>
      <trkpt lat="29.28119611926376819610595703125" lon="117.2463198937475681304931640625">
        <ele>60.59999847412109375</ele>
        <time>2026-05-05T12:18:11.000Z</time>
        <extensions>
          <ns3:TrackPointExtension>
            <ns3:hr>136</ns3:hr>
            <ns3:cad>91</ns3:cad>
          </ns3:TrackPointExtension>
        </extensions>
      </trkpt>
      <trkpt lat="29.28118756972253322601318359375" lon="117.24630924873054027557373046875">
        <ele>60.59999847412109375</ele>
        <time>2026-05-05T12:18:12.000Z</time>
        <extensions>
          <ns3:TrackPointExtension>
            <ns3:hr>135</ns3:hr>
            <ns3:cad>92</ns3:cad>
          </ns3:TrackPointExtension>
        </extensions>
      </trkpt>
      <trkpt lat="29.2811606638133525848388671875" lon="117.24627924151718616485595703125">
        <ele>60.59999847412109375</ele>
        <time>2026-05-05T12:18:13.000Z</time>
        <extensions>
          <ns3:TrackPointExtension>
            <ns3:hr>135</ns3:hr>
            <ns3:cad>92</ns3:cad>
          </ns3:TrackPointExtension>
        </extensions>
      </trkpt>
      <trkpt lat="29.281152449548244476318359375" lon="117.24627220071852207183837890625">
        <ele>60.59999847412109375</ele>
        <time>2026-05-05T12:18:14.000Z</time>
        <extensions>
          <ns3:TrackPointExtension>
            <ns3:hr>136</ns3:hr>
            <ns3:cad>92</ns3:cad>
          </ns3:TrackPointExtension>
        </extensions>
      </trkpt>
      <trkpt lat="29.28112118504941463470458984375" lon="117.24624638445675373077392578125">
        <ele>60.59999847412109375</ele>
        <time>2026-05-05T12:18:15.000Z</time>
        <extensions>
          <ns3:TrackPointExtension>
            <ns3:hr>135</ns3:hr>
            <ns3:cad>92</ns3:cad>
          </ns3:TrackPointExtension>
        </extensions>
      </trkpt>
      <trkpt lat="29.2811164073646068572998046875" lon="117.2462434507906436920166015625">
        <ele>60.59999847412109375</ele>
        <time>2026-05-05T12:18:16.000Z</time>
        <extensions>
          <ns3:TrackPointExtension>
            <ns3:hr>135</ns3:hr>
            <ns3:cad>92</ns3:cad>
          </ns3:TrackPointExtension>
        </extensions>
      </trkpt>
      <trkpt lat="29.28107558749616146087646484375" lon="117.24621989764273166656494140625">
        <ele>60.59999847412109375</ele>
        <time>2026-05-05T12:18:17.000Z</time>
        <extensions>
          <ns3:TrackPointExtension>
            <ns3:hr>135</ns3:hr>
            <ns3:cad>92</ns3:cad>
          </ns3:TrackPointExtension>
        </extensions>
      </trkpt>
      <trkpt lat="29.28107701241970062255859375" lon="117.24622048437595367431640625">
        <ele>60.59999847412109375</ele>
        <time>2026-05-05T12:18:18.000Z</time>
        <extensions>
          <ns3:TrackPointExtension>
            <ns3:hr>136</ns3:hr>
            <ns3:cad>92</ns3:cad>
          </ns3:TrackPointExtension>
        </extensions>
      </trkpt>
      <trkpt lat="29.28103686310350894927978515625" lon="117.24620413966476917266845703125">
        <ele>60.59999847412109375</ele>
        <time>2026-05-05T12:18:19.000Z</time>
        <extensions>
          <ns3:TrackPointExtension>
            <ns3:hr>135</ns3:hr>
            <ns3:cad>92</ns3:cad>
          </ns3:TrackPointExtension>
        </extensions>
      </trkpt>
      <trkpt lat="29.28102898411452770233154296875" lon="117.24620229564607143402099609375">
        <ele>60.59999847412109375</ele>
        <time>2026-05-05T12:18:20.000Z</time>
        <extensions>
          <ns3:TrackPointExtension>
            <ns3:hr>135</ns3:hr>
            <ns3:cad>92</ns3:cad>
          </ns3:TrackPointExtension>
        </extensions>
      </trkpt>
      <trkpt lat="29.28098581731319427490234375" lon="117.246193327009677886962890625">
        <ele>60.59999847412109375</ele>
        <time>2026-05-05T12:18:21.000Z</time>
        <extensions>
          <ns3:TrackPointExtension>
            <ns3:hr>136</ns3:hr>
            <ns3:cad>92</ns3:cad>
          </ns3:TrackPointExtension>
        </extensions>
      </trkpt>
      <trkpt lat="29.28098036907613277435302734375" lon="117.246192991733551025390625">
        <ele>60.59999847412109375</ele>
        <time>2026-05-05T12:18:22.000Z</time>
        <extensions>
          <ns3:TrackPointExtension>
            <ns3:hr>135</ns3:hr>
            <ns3:cad>92</ns3:cad>
          </ns3:TrackPointExtension>
        </extensions>
      </trkpt>
      <trkpt lat="29.28094047121703624725341796875" lon="117.2461911477148532867431640625">
        <ele>60.59999847412109375</ele>
        <time>2026-05-05T12:18:23.000Z</time>
        <extensions>
          <ns3:TrackPointExtension>
            <ns3:hr>135</ns3:hr>
            <ns3:cad>92</ns3:cad>
          </ns3:TrackPointExtension>
        </extensions>
      </trkpt>
      <trkpt lat="29.2809283174574375152587890625" lon="117.24619240500032901763916015625">
        <ele>60.59999847412109375</ele>
        <time>2026-05-05T12:18:24.000Z</time>
        <extensions>
          <ns3:TrackPointExtension>
            <ns3:hr>135</ns3:hr>
            <ns3:cad>92</ns3:cad>
          </ns3:TrackPointExtension>
        </extensions>
      </trkpt>
      <trkpt lat="29.2808894254267215728759765625" lon="117.2461978532373905181884765625">
        <ele>60.59999847412109375</ele>
        <time>2026-05-05T12:18:25.000Z</time>
        <extensions>
          <ns3:TrackPointExtension>
            <ns3:hr>135</ns3:hr>
            <ns3:cad>91</ns3:cad>
          </ns3:TrackPointExtension>
        </extensions>
      </trkpt>
      <trkpt lat="29.2808783613145351409912109375" lon="117.24620078690350055694580078125">
        <ele>60.59999847412109375</ele>
        <time>2026-05-05T12:18:26.000Z</time>
        <extensions>
          <ns3:TrackPointExtension>
            <ns3:hr>135</ns3:hr>
            <ns3:cad>91</ns3:cad>
          </ns3:TrackPointExtension>
        </extensions>
      </trkpt>
      <trkpt lat="29.28083988837897777557373046875" lon="117.2462136112153530120849609375">
        <ele>60.59999847412109375</ele>
        <time>2026-05-05T12:18:27.000Z</time>
        <extensions>
          <ns3:TrackPointExtension>
            <ns3:hr>136</ns3:hr>
            <ns3:cad>92</ns3:cad>
          </ns3:TrackPointExtension>
        </extensions>
      </trkpt>
      <trkpt lat="29.28082362748682498931884765625" lon="117.24622090347111225128173828125">
        <ele>60.59999847412109375</ele>
        <time>2026-05-05T12:18:28.000Z</time>
        <extensions>
          <ns3:TrackPointExtension>
            <ns3:hr>135</ns3:hr>
            <ns3:cad>92</ns3:cad>
          </ns3:TrackPointExtension>
        </extensions>
      </trkpt>
      <trkpt lat="29.280789680778980255126953125" lon="117.246240265667438507080078125">
        <ele>60.59999847412109375</ele>
        <time>2026-05-05T12:18:29.000Z</time>
        <extensions>
          <ns3:TrackPointExtension>
            <ns3:hr>135</ns3:hr>
            <ns3:cad>90</ns3:cad>
          </ns3:TrackPointExtension>
        </extensions>
      </trkpt>
      <trkpt lat="29.2807730846107006072998046875" lon="117.246250994503498077392578125">
        <ele>60.59999847412109375</ele>
        <time>2026-05-05T12:18:30.000Z</time>
        <extensions>
          <ns3:TrackPointExtension>
            <ns3:hr>135</ns3:hr>
            <ns3:cad>90</ns3:cad>
          </ns3:TrackPointExtension>
        </extensions>
      </trkpt>
      <trkpt lat="29.2807476036250591278076171875" lon="117.2462729550898075103759765625">
        <ele>60.59999847412109375</ele>
        <time>2026-05-05T12:18:31.000Z</time>
        <extensions>
          <ns3:TrackPointExtension>
            <ns3:hr>136</ns3:hr>
            <ns3:cad>90</ns3:cad>
          </ns3:TrackPointExtension>
        </extensions>
      </trkpt>
      <trkpt lat="29.280732683837413787841796875" lon="117.24628619849681854248046875">
        <ele>60.59999847412109375</ele>
        <time>2026-05-05T12:18:32.000Z</time>
        <extensions>
          <ns3:TrackPointExtension>
            <ns3:hr>136</ns3:hr>
            <ns3:cad>90</ns3:cad>
          </ns3:TrackPointExtension>
        </extensions>
      </trkpt>
      <trkpt lat="29.2807107232511043548583984375" lon="117.246308661997318267822265625">
        <ele>60.59999847412109375</ele>
        <time>2026-05-05T12:18:33.000Z</time>
        <extensions>
          <ns3:TrackPointExtension>
            <ns3:hr>136</ns3:hr>
            <ns3:cad>90</ns3:cad>
          </ns3:TrackPointExtension>
        </extensions>
      </trkpt>
      <trkpt lat="29.2806927859783172607421875" lon="117.2463269345462322235107421875">
        <ele>60.59999847412109375</ele>
        <time>2026-05-05T12:18:34.000Z</time>
        <extensions>
          <ns3:TrackPointExtension>
            <ns3:hr>136</ns3:hr>
            <ns3:cad>90</ns3:cad>
          </ns3:TrackPointExtension>
        </extensions>
      </trkpt>
      <trkpt lat="29.28067107684910297393798828125" lon="117.2463490627706050872802734375">
        <ele>60.59999847412109375</ele>
        <time>2026-05-05T12:18:35.000Z</time>
        <extensions>
          <ns3:TrackPointExtension>
            <ns3:hr>135</ns3:hr>
            <ns3:cad>90</ns3:cad>
          </ns3:TrackPointExtension>
        </extensions>
      </trkpt>
      <trkpt lat="29.28065096028149127960205078125" lon="117.246369682252407073974609375">
        <ele>60.59999847412109375</ele>
        <time>2026-05-05T12:18:36.000Z</time>
        <extensions>
          <ns3:TrackPointExtension>
            <ns3:hr>136</ns3:hr>
            <ns3:cad>90</ns3:cad>
          </ns3:TrackPointExtension>
        </extensions>
      </trkpt>
      <trkpt lat="29.28063536994159221649169921875" lon="117.2463856078684329986572265625">
        <ele>60.59999847412109375</ele>
        <time>2026-05-05T12:18:37.000Z</time>
        <extensions>
          <ns3:TrackPointExtension>
            <ns3:hr>136</ns3:hr>
            <ns3:cad>90</ns3:cad>
          </ns3:TrackPointExtension>
        </extensions>
      </trkpt>
      <trkpt lat="29.28060368634760379791259765625" lon="117.24641787819564342498779296875">
        <ele>60.59999847412109375</ele>
        <time>2026-05-05T12:18:38.000Z</time>
        <extensions>
          <ns3:TrackPointExtension>
            <ns3:hr>135</ns3:hr>
            <ns3:cad>90</ns3:cad>
          </ns3:TrackPointExtension>
        </extensions>
      </trkpt>
      <trkpt lat="29.2805927060544490814208984375" lon="117.246429026126861572265625">
        <ele>60.59999847412109375</ele>
        <time>2026-05-05T12:18:39.000Z</time>
        <extensions>
          <ns3:TrackPointExtension>
            <ns3:hr>135</ns3:hr>
            <ns3:cad>90</ns3:cad>
          </ns3:TrackPointExtension>
        </extensions>
      </trkpt>
      <trkpt lat="29.2805632017552852630615234375" lon="117.24645920097827911376953125">
        <ele>60.59999847412109375</ele>
        <time>2026-05-05T12:18:40.000Z</time>
        <extensions>
          <ns3:TrackPointExtension>
            <ns3:hr>135</ns3:hr>
            <ns3:cad>90</ns3:cad>
          </ns3:TrackPointExtension>
        </extensions>
      </trkpt>
      <trkpt lat="29.280554987490177154541015625" lon="117.246467582881450653076171875">
        <ele>60.59999847412109375</ele>
        <time>2026-05-05T12:18:41.000Z</time>
        <extensions>
          <ns3:TrackPointExtension>
            <ns3:hr>135</ns3:hr>
            <ns3:cad>90</ns3:cad>
          </ns3:TrackPointExtension>
        </extensions>
      </trkpt>
      <trkpt lat="29.2805222980678081512451171875" lon="117.2465009428560733795166015625">
        <ele>60.59999847412109375</ele>
        <time>2026-05-05T12:18:42.000Z</time>
        <extensions>
          <ns3:TrackPointExtension>
            <ns3:hr>135</ns3:hr>
            <ns3:cad>91</ns3:cad>
          </ns3:TrackPointExtension>
        </extensions>
      </trkpt>
      <trkpt lat="29.2805145867168903350830078125" lon="117.24650882184505462646484375">
        <ele>60.59999847412109375</ele>
        <time>2026-05-05T12:18:43.000Z</time>
        <extensions>
          <ns3:TrackPointExtension>
            <ns3:hr>135</ns3:hr>
            <ns3:cad>92</ns3:cad>
          </ns3:TrackPointExtension>
        </extensions>
      </trkpt>
      <trkpt lat="29.280482232570648193359375" lon="117.2465418465435504913330078125">
        <ele>60.59999847412109375</ele>
        <time>2026-05-05T12:18:44.000Z</time>
        <extensions>
          <ns3:TrackPointExtension>
            <ns3:hr>134</ns3:hr>
            <ns3:cad>92</ns3:cad>
          </ns3:TrackPointExtension>
        </extensions>
      </trkpt>
      <trkpt lat="29.28047527559101581573486328125" lon="117.2465488873422145843505859375">
        <ele>60.59999847412109375</ele>
        <time>2026-05-05T12:18:45.000Z</time>
        <extensions>
          <ns3:TrackPointExtension>
            <ns3:hr>134</ns3:hr>
            <ns3:cad>91</ns3:cad>
          </ns3:TrackPointExtension>
        </extensions>
      </trkpt>
      <trkpt lat="29.28044057451188564300537109375" lon="117.24658434279263019561767578125">
        <ele>60.59999847412109375</ele>
        <time>2026-05-05T12:18:46.000Z</time>
        <extensions>
          <ns3:TrackPointExtension>
            <ns3:hr>134</ns3:hr>
            <ns3:cad>91</ns3:cad>
          </ns3:TrackPointExtension>
        </extensions>
      </trkpt>
      <trkpt lat="29.280434958636760711669921875" lon="117.24659004248678684234619140625">
        <ele>60.59999847412109375</ele>
        <time>2026-05-05T12:18:47.000Z</time>
        <extensions>
          <ns3:TrackPointExtension>
            <ns3:hr>135</ns3:hr>
            <ns3:cad>91</ns3:cad>
          </ns3:TrackPointExtension>
        </extensions>
      </trkpt>
      <trkpt lat="29.2803985811769962310791015625" lon="117.246627174317836761474609375">
        <ele>60.59999847412109375</ele>
        <time>2026-05-05T12:18:48.000Z</time>
        <extensions>
          <ns3:TrackPointExtension>
            <ns3:hr>135</ns3:hr>
            <ns3:cad>92</ns3:cad>
          </ns3:TrackPointExtension>
        </extensions>
      </trkpt>
      <trkpt lat="29.28039229474961757659912109375" lon="117.24663362838327884674072265625">
        <ele>60.59999847412109375</ele>
        <time>2026-05-05T12:18:49.000Z</time>
        <extensions>
          <ns3:TrackPointExtension>
            <ns3:hr>135</ns3:hr>
            <ns3:cad>91</ns3:cad>
          </ns3:TrackPointExtension>
        </extensions>
      </trkpt>
      <trkpt lat="29.28035994060337543487548828125" lon="117.2466665692627429962158203125">
        <ele>60.59999847412109375</ele>
        <time>2026-05-05T12:18:50.000Z</time>
        <extensions>
          <ns3:TrackPointExtension>
            <ns3:hr>135</ns3:hr>
            <ns3:cad>91</ns3:cad>
          </ns3:TrackPointExtension>
        </extensions>
      </trkpt>
      <trkpt lat="29.2803506366908550262451171875" lon="117.24667604081332683563232421875">
        <ele>60.59999847412109375</ele>
        <time>2026-05-05T12:18:51.000Z</time>
        <extensions>
          <ns3:TrackPointExtension>
            <ns3:hr>135</ns3:hr>
            <ns3:cad>91</ns3:cad>
          </ns3:TrackPointExtension>
        </extensions>
      </trkpt>
      <trkpt lat="29.280326664447784423828125" lon="117.24670059978961944580078125">
        <ele>60.59999847412109375</ele>
        <time>2026-05-05T12:18:52.000Z</time>
        <extensions>
          <ns3:TrackPointExtension>
            <ns3:hr>135</ns3:hr>
            <ns3:cad>92</ns3:cad>
          </ns3:TrackPointExtension>
        </extensions>
      </trkpt>
      <trkpt lat="29.28031384013593196868896484375" lon="117.246713675558567047119140625">
        <ele>60.59999847412109375</ele>
        <time>2026-05-05T12:18:53.000Z</time>
        <extensions>
          <ns3:TrackPointExtension>
            <ns3:hr>135</ns3:hr>
            <ns3:cad>92</ns3:cad>
          </ns3:TrackPointExtension>
        </extensions>
      </trkpt>
      <trkpt lat="29.28028919734060764312744140625" lon="117.24673873744904994964599609375">
        <ele>60.59999847412109375</ele>
        <time>2026-05-05T12:18:54.000Z</time>
        <extensions>
          <ns3:TrackPointExtension>
            <ns3:hr>135</ns3:hr>
            <ns3:cad>92</ns3:cad>
          </ns3:TrackPointExtension>
        </extensions>
      </trkpt>
      <trkpt lat="29.28027880378067493438720703125" lon="117.2467493824660778045654296875">
        <ele>60.59999847412109375</ele>
        <time>2026-05-05T12:18:55.000Z</time>
        <extensions>
          <ns3:TrackPointExtension>
            <ns3:hr>135</ns3:hr>
            <ns3:cad>92</ns3:cad>
          </ns3:TrackPointExtension>
        </extensions>
      </trkpt>
      <trkpt lat="29.280257932841777801513671875" lon="117.246770672500133514404296875">
        <ele>60.59999847412109375</ele>
        <time>2026-05-05T12:18:56.000Z</time>
        <extensions>
          <ns3:TrackPointExtension>
            <ns3:hr>135</ns3:hr>
            <ns3:cad>92</ns3:cad>
          </ns3:TrackPointExtension>
        </extensions>
      </trkpt>
      <trkpt lat="29.280240833759307861328125" lon="117.246788106858730316162109375">
        <ele>60.59999847412109375</ele>
        <time>2026-05-05T12:18:57.000Z</time>
        <extensions>
          <ns3:TrackPointExtension>
            <ns3:hr>135</ns3:hr>
            <ns3:cad>92</ns3:cad>
          </ns3:TrackPointExtension>
        </extensions>
      </trkpt>
      <trkpt lat="29.28022247739136219024658203125" lon="117.246806882321834564208984375">
        <ele>60.59999847412109375</ele>
        <time>2026-05-05T12:18:58.000Z</time>
        <extensions>
          <ns3:TrackPointExtension>
            <ns3:hr>136</ns3:hr>
            <ns3:cad>92</ns3:cad>
          </ns3:TrackPointExtension>
        </extensions>
      </trkpt>
      <trkpt lat="29.28020018152892589569091796875" lon="117.24682959727942943572998046875">
        <ele>60.59999847412109375</ele>
        <time>2026-05-05T12:18:59.000Z</time>
        <extensions>
          <ns3:TrackPointExtension>
            <ns3:hr>136</ns3:hr>
            <ns3:cad>93</ns3:cad>
          </ns3:TrackPointExtension>
        </extensions>
      </trkpt>
      <trkpt lat="29.28018375299870967864990234375" lon="117.246846444904804229736328125">
        <ele>60.59999847412109375</ele>
        <time>2026-05-05T12:19:00.000Z</time>
        <extensions>
          <ns3:TrackPointExtension>
            <ns3:hr>136</ns3:hr>
            <ns3:cad>92</ns3:cad>
          </ns3:TrackPointExtension>
        </extensions>
      </trkpt>
      <trkpt lat="29.28015978075563907623291015625" lon="117.24687083624303340911865234375">
        <ele>60.59999847412109375</ele>
        <time>2026-05-05T12:19:01.000Z</time>
        <extensions>
          <ns3:TrackPointExtension>
            <ns3:hr>136</ns3:hr>
            <ns3:cad>92</ns3:cad>
          </ns3:TrackPointExtension>
        </extensions>
      </trkpt>
      <trkpt lat="29.2801441065967082977294921875" lon="117.24688860587775707244873046875">
        <ele>60.59999847412109375</ele>
        <time>2026-05-05T12:19:02.000Z</time>
        <extensions>
          <ns3:TrackPointExtension>
            <ns3:hr>137</ns3:hr>
            <ns3:cad>92</ns3:cad>
          </ns3:TrackPointExtension>
        </extensions>
      </trkpt>
      <trkpt lat="29.2801196314394474029541015625" lon="117.24691878072917461395263671875">
        <ele>60.59999847412109375</ele>
        <time>2026-05-05T12:19:03.000Z</time>
        <extensions>
          <ns3:TrackPointExtension>
            <ns3:hr>137</ns3:hr>
            <ns3:cad>92</ns3:cad>
          </ns3:TrackPointExtension>
        </extensions>
      </trkpt>
      <trkpt lat="29.28010881878435611724853515625" lon="117.24693571217358112335205078125">
        <ele>60.59999847412109375</ele>
        <time>2026-05-05T12:19:04.000Z</time>
        <extensions>
          <ns3:TrackPointExtension>
            <ns3:hr>137</ns3:hr>
            <ns3:cad>92</ns3:cad>
          </ns3:TrackPointExtension>
        </extensions>
      </trkpt>
      <trkpt lat="29.2800907976925373077392578125" lon="117.24696706049144268035888671875">
        <ele>60.59999847412109375</ele>
        <time>2026-05-05T12:19:05.000Z</time>
        <extensions>
          <ns3:TrackPointExtension>
            <ns3:hr>136</ns3:hr>
            <ns3:cad>91</ns3:cad>
          </ns3:TrackPointExtension>
        </extensions>
      </trkpt>
      <trkpt lat="29.28008057177066802978515625" lon="117.24698935635387897491455078125">
        <ele>60.59999847412109375</ele>
        <time>2026-05-05T12:19:06.000Z</time>
        <extensions>
          <ns3:TrackPointExtension>
            <ns3:hr>137</ns3:hr>
            <ns3:cad>91</ns3:cad>
          </ns3:TrackPointExtension>
        </extensions>
      </trkpt>
      <trkpt lat="29.28006422705948352813720703125" lon="117.247034870088100433349609375">
        <ele>60.59999847412109375</ele>
        <time>2026-05-05T12:19:07.000Z</time>
        <extensions>
          <ns3:TrackPointExtension>
            <ns3:hr>137</ns3:hr>
            <ns3:cad>90</ns3:cad>
          </ns3:TrackPointExtension>
        </extensions>
      </trkpt>
      <trkpt lat="29.280058778822422027587890625" lon="117.24705222062766551971435546875">
        <ele>60.59999847412109375</ele>
        <time>2026-05-05T12:19:08.000Z</time>
        <extensions>
          <ns3:TrackPointExtension>
            <ns3:hr>136</ns3:hr>
            <ns3:cad>90</ns3:cad>
          </ns3:TrackPointExtension>
        </extensions>
      </trkpt>
      <trkpt lat="29.28005106747150421142578125" lon="117.24709480069577693939208984375">
        <ele>60.59999847412109375</ele>
        <time>2026-05-05T12:19:09.000Z</time>
        <extensions>
          <ns3:TrackPointExtension>
            <ns3:hr>137</ns3:hr>
            <ns3:cad>90</ns3:cad>
          </ns3:TrackPointExtension>
        </extensions>
      </trkpt>
      <trkpt lat="29.28004913963377475738525390625" lon="117.24710519425570964813232421875">
        <ele>60.59999847412109375</ele>
        <time>2026-05-05T12:19:10.000Z</time>
        <extensions>
          <ns3:TrackPointExtension>
            <ns3:hr>137</ns3:hr>
            <ns3:cad>91</ns3:cad>
          </ns3:TrackPointExtension>
        </extensions>
      </trkpt>
      <trkpt lat="29.28004645742475986480712890625" lon="117.2471570782363414764404296875">
        <ele>60.59999847412109375</ele>
        <time>2026-05-05T12:19:11.000Z</time>
        <extensions>
          <ns3:TrackPointExtension>
            <ns3:hr>137</ns3:hr>
            <ns3:cad>92</ns3:cad>
          </ns3:TrackPointExtension>
        </extensions>
      </trkpt>
      <trkpt lat="29.28004679270088672637939453125" lon="117.24716386757791042327880859375">
        <ele>60.59999847412109375</ele>
        <time>2026-05-05T12:19:12.000Z</time>
        <extensions>
          <ns3:TrackPointExtension>
            <ns3:hr>136</ns3:hr>
            <ns3:cad>92</ns3:cad>
          </ns3:TrackPointExtension>
        </extensions>
      </trkpt>
      <trkpt lat="29.2800512351095676422119140625" lon="117.24721650592982769012451171875">
        <ele>60.59999847412109375</ele>
        <time>2026-05-05T12:19:13.000Z</time>
        <extensions>
          <ns3:TrackPointExtension>
            <ns3:hr>137</ns3:hr>
            <ns3:cad>92</ns3:cad>
          </ns3:TrackPointExtension>
        </extensions>
      </trkpt>
      <trkpt lat="29.280052743852138519287109375" lon="117.247223965823650360107421875">
        <ele>60.59999847412109375</ele>
        <time>2026-05-05T12:19:14.000Z</time>
        <extensions>
          <ns3:TrackPointExtension>
            <ns3:hr>136</ns3:hr>
            <ns3:cad>91</ns3:cad>
          </ns3:TrackPointExtension>
        </extensions>
      </trkpt>
      <trkpt lat="29.2800651490688323974609375" lon="117.24727668799459934234619140625">
        <ele>60.59999847412109375</ele>
        <time>2026-05-05T12:19:15.000Z</time>
        <extensions>
          <ns3:TrackPointExtension>
            <ns3:hr>136</ns3:hr>
            <ns3:cad>90</ns3:cad>
          </ns3:TrackPointExtension>
        </extensions>
      </trkpt>
      <trkpt lat="29.2800703458487987518310546875" lon="117.24729202687740325927734375">
        <ele>60.59999847412109375</ele>
        <time>2026-05-05T12:19:16.000Z</time>
        <extensions>
          <ns3:TrackPointExtension>
            <ns3:hr>135</ns3:hr>
            <ns3:cad>90</ns3:cad>
          </ns3:TrackPointExtension>
        </extensions>
      </trkpt>
      <trkpt lat="29.28008635528385639190673828125" lon="117.24733133800327777862548828125">
        <ele>60.59999847412109375</ele>
        <time>2026-05-05T12:19:17.000Z</time>
        <extensions>
          <ns3:TrackPointExtension>
            <ns3:hr>135</ns3:hr>
            <ns3:cad>90</ns3:cad>
          </ns3:TrackPointExtension>
        </extensions>
      </trkpt>
      <trkpt lat="29.28009406663477420806884765625" lon="117.24734692834317684173583984375">
        <ele>60.59999847412109375</ele>
        <time>2026-05-05T12:19:18.000Z</time>
        <extensions>
          <ns3:TrackPointExtension>
            <ns3:hr>135</ns3:hr>
            <ns3:cad>90</ns3:cad>
          </ns3:TrackPointExtension>
        </extensions>
      </trkpt>
      <trkpt lat="29.28011468611657619476318359375" lon="117.24738112650811672210693359375">
        <ele>60.59999847412109375</ele>
        <time>2026-05-05T12:19:19.000Z</time>
        <extensions>
          <ns3:TrackPointExtension>
            <ns3:hr>135</ns3:hr>
            <ns3:cad>90</ns3:cad>
          </ns3:TrackPointExtension>
        </extensions>
      </trkpt>
      <trkpt lat="29.2801213078200817108154296875" lon="117.24739101715385913848876953125">
        <ele>60.59999847412109375</ele>
        <time>2026-05-05T12:19:20.000Z</time>
        <extensions>
          <ns3:TrackPointExtension>
            <ns3:hr>136</ns3:hr>
            <ns3:cad>90</ns3:cad>
          </ns3:TrackPointExtension>
        </extensions>
      </trkpt>
      <trkpt lat="29.2801514826714992523193359375" lon="117.24742747843265533447265625">
        <ele>60.59999847412109375</ele>
        <time>2026-05-05T12:19:21.000Z</time>
        <extensions>
          <ns3:TrackPointExtension>
            <ns3:hr>135</ns3:hr>
            <ns3:cad>90</ns3:cad>
          </ns3:TrackPointExtension>
        </extensions>
      </trkpt>
      <trkpt lat="29.28015843965113162994384765625" lon="117.247435189783573150634765625">
        <ele>60.59999847412109375</ele>
        <time>2026-05-05T12:19:22.000Z</time>
        <extensions>
          <ns3:TrackPointExtension>
            <ns3:hr>135</ns3:hr>
            <ns3:cad>90</ns3:cad>
          </ns3:TrackPointExtension>
        </extensions>
      </trkpt>
      <trkpt lat="29.2801930569112300872802734375" lon="117.24746511317789554595947265625">
        <ele>60.59999847412109375</ele>
        <time>2026-05-05T12:19:23.000Z</time>
        <extensions>
          <ns3:TrackPointExtension>
            <ns3:hr>135</ns3:hr>
            <ns3:cad>90</ns3:cad>
          </ns3:TrackPointExtension>
        </extensions>
      </trkpt>
      <trkpt lat="29.28020252846181392669677734375" lon="117.24747232161462306976318359375">
        <ele>60.59999847412109375</ele>
        <time>2026-05-05T12:19:24.000Z</time>
        <extensions>
          <ns3:TrackPointExtension>
            <ns3:hr>135</ns3:hr>
            <ns3:cad>91</ns3:cad>
          </ns3:TrackPointExtension>
        </extensions>
      </trkpt>
      <trkpt lat="29.2802416719496250152587890625" lon="117.24749579094350337982177734375">
        <ele>60.59999847412109375</ele>
        <time>2026-05-05T12:19:25.000Z</time>
        <extensions>
          <ns3:TrackPointExtension>
            <ns3:hr>134</ns3:hr>
            <ns3:cad>91</ns3:cad>
          </ns3:TrackPointExtension>
        </extensions>
      </trkpt>
      <trkpt lat="29.280250556766986846923828125" lon="117.2474993951618671417236328125">
        <ele>60.59999847412109375</ele>
        <time>2026-05-05T12:19:26.000Z</time>
        <extensions>
          <ns3:TrackPointExtension>
            <ns3:hr>135</ns3:hr>
            <ns3:cad>91</ns3:cad>
          </ns3:TrackPointExtension>
        </extensions>
      </trkpt>
      <trkpt lat="29.280288107693195343017578125" lon="117.2475141473114490509033203125">
        <ele>60.59999847412109375</ele>
        <time>2026-05-05T12:19:27.000Z</time>
        <extensions>
          <ns3:TrackPointExtension>
            <ns3:hr>135</ns3:hr>
            <ns3:cad>91</ns3:cad>
          </ns3:TrackPointExtension>
        </extensions>
      </trkpt>
      <trkpt lat="29.2803026922047138214111328125" lon="117.24751758389174938201904296875">
        <ele>60.59999847412109375</ele>
        <time>2026-05-05T12:19:28.000Z</time>
        <extensions>
          <ns3:TrackPointExtension>
            <ns3:hr>135</ns3:hr>
            <ns3:cad>92</ns3:cad>
          </ns3:TrackPointExtension>
        </extensions>
      </trkpt>
      <trkpt lat="29.28033831529319286346435546875" lon="117.24752445705235004425048828125">
        <ele>60.59999847412109375</ele>
        <time>2026-05-05T12:19:29.000Z</time>
        <extensions>
          <ns3:TrackPointExtension>
            <ns3:hr>135</ns3:hr>
            <ns3:cad>92</ns3:cad>
          </ns3:TrackPointExtension>
        </extensions>
      </trkpt>
      <trkpt lat="29.28035960532724857330322265625" lon="117.2475258819758892059326171875">
        <ele>60.59999847412109375</ele>
        <time>2026-05-05T12:19:30.000Z</time>
        <extensions>
          <ns3:TrackPointExtension>
            <ns3:hr>135</ns3:hr>
            <ns3:cad>92</ns3:cad>
          </ns3:TrackPointExtension>
        </extensions>
      </trkpt>
      <trkpt lat="29.2803781293332576751708984375" lon="117.24752672016620635986328125">
        <ele>60.59999847412109375</ele>
        <time>2026-05-05T12:19:31.000Z</time>
        <extensions>
          <ns3:TrackPointExtension>
            <ns3:hr>135</ns3:hr>
            <ns3:cad>92</ns3:cad>
          </ns3:TrackPointExtension>
        </extensions>
      </trkpt>
      <trkpt lat="29.28041274659335613250732421875" lon="117.247523367404937744140625">
        <ele>60.59999847412109375</ele>
        <time>2026-05-05T12:19:32.000Z</time>
        <extensions>
          <ns3:TrackPointExtension>
            <ns3:hr>135</ns3:hr>
            <ns3:cad>91</ns3:cad>
          </ns3:TrackPointExtension>
        </extensions>
      </trkpt>
      <trkpt lat="29.28042900748550891876220703125" lon="117.2475206851959228515625">
        <ele>60.59999847412109375</ele>
        <time>2026-05-05T12:19:33.000Z</time>
        <extensions>
          <ns3:TrackPointExtension>
            <ns3:hr>135</ns3:hr>
            <ns3:cad>91</ns3:cad>
          </ns3:TrackPointExtension>
        </extensions>
      </trkpt>
      <trkpt lat="29.28045985288918018341064453125" lon="117.2475124709308147430419921875">
        <ele>60.59999847412109375</ele>
        <time>2026-05-05T12:19:34.000Z</time>
        <extensions>
          <ns3:TrackPointExtension>
            <ns3:hr>135</ns3:hr>
            <ns3:cad>91</ns3:cad>
          </ns3:TrackPointExtension>
        </extensions>
      </trkpt>
      <trkpt lat="29.28047628141939640045166015625" lon="117.24750651977956295013427734375">
        <ele>60.59999847412109375</ele>
        <time>2026-05-05T12:19:35.000Z</time>
        <extensions>
          <ns3:TrackPointExtension>
            <ns3:hr>135</ns3:hr>
            <ns3:cad>91</ns3:cad>
          </ns3:TrackPointExtension>
        </extensions>
      </trkpt>
      <trkpt lat="29.2805103957653045654296875" lon="117.2474913485348224639892578125">
        <ele>60.59999847412109375</ele>
        <time>2026-05-05T12:19:36.000Z</time>
        <extensions>
          <ns3:TrackPointExtension>
            <ns3:hr>135</ns3:hr>
            <ns3:cad>91</ns3:cad>
          </ns3:TrackPointExtension>
        </extensions>
      </trkpt>
      <trkpt lat="29.28052037023007869720458984375" lon="117.24748506210744380950927734375">
        <ele>60.59999847412109375</ele>
        <time>2026-05-05T12:19:37.000Z</time>
        <extensions>
          <ns3:TrackPointExtension>
            <ns3:hr>134</ns3:hr>
            <ns3:cad>91</ns3:cad>
          </ns3:TrackPointExtension>
        </extensions>
      </trkpt>
      <trkpt lat="29.2805559933185577392578125" lon="117.24746092222630977630615234375">
        <ele>60.59999847412109375</ele>
        <time>2026-05-05T12:19:38.000Z</time>
        <extensions>
          <ns3:TrackPointExtension>
            <ns3:hr>135</ns3:hr>
            <ns3:cad>92</ns3:cad>
          </ns3:TrackPointExtension>
        </extensions>
      </trkpt>
      <trkpt lat="29.28057149983942508697509765625" lon="117.24744717590510845184326171875">
        <ele>60.59999847412109375</ele>
        <time>2026-05-05T12:19:39.000Z</time>
        <extensions>
          <ns3:TrackPointExtension>
            <ns3:hr>135</ns3:hr>
            <ns3:cad>92</ns3:cad>
          </ns3:TrackPointExtension>
        </extensions>
      </trkpt>
      <trkpt lat="29.28060150705277919769287109375" lon="117.2474189288914203643798828125">
        <ele>60.59999847412109375</ele>
        <time>2026-05-05T12:19:40.000Z</time>
        <extensions>
          <ns3:TrackPointExtension>
            <ns3:hr>135</ns3:hr>
            <ns3:cad>92</ns3:cad>
          </ns3:TrackPointExtension>
        </extensions>
      </trkpt>
      <trkpt lat="29.280613325536251068115234375" lon="117.24740677513182163238525390625">
        <ele>60.59999847412109375</ele>
        <time>2026-05-05T12:19:41.000Z</time>
        <extensions>
          <ns3:TrackPointExtension>
            <ns3:hr>135</ns3:hr>
            <ns3:cad>90</ns3:cad>
          </ns3:TrackPointExtension>
        </extensions>
      </trkpt>
      <trkpt lat="29.28064651787281036376953125" lon="117.2473729960620403289794921875">
        <ele>60.59999847412109375</ele>
        <time>2026-05-05T12:19:42.000Z</time>
        <extensions>
          <ns3:TrackPointExtension>
            <ns3:hr>135</ns3:hr>
            <ns3:cad>90</ns3:cad>
          </ns3:TrackPointExtension>
        </extensions>
      </trkpt>
      <trkpt lat="29.28065297193825244903564453125" lon="117.24736637435853481292724609375">
        <ele>60.59999847412109375</ele>
        <time>2026-05-05T12:19:43.000Z</time>
        <extensions>
          <ns3:TrackPointExtension>
            <ns3:hr>135</ns3:hr>
            <ns3:cad>91</ns3:cad>
          </ns3:TrackPointExtension>
        </extensions>
      </trkpt>
      <trkpt lat="29.2806812189519405364990234375" lon="117.24733754061162471771240234375">
        <ele>60.59999847412109375</ele>
        <time>2026-05-05T12:19:44.000Z</time>
        <extensions>
          <ns3:TrackPointExtension>
            <ns3:hr>136</ns3:hr>
            <ns3:cad>91</ns3:cad>
          </ns3:TrackPointExtension>
        </extensions>
      </trkpt>
      <trkpt lat="29.2806939594447612762451171875" lon="117.24732446484267711639404296875">
        <ele>60.59999847412109375</ele>
        <time>2026-05-05T12:19:45.000Z</time>
        <extensions>
          <ns3:TrackPointExtension>
            <ns3:hr>136</ns3:hr>
            <ns3:cad>91</ns3:cad>
          </ns3:TrackPointExtension>
        </extensions>
      </trkpt>
      <trkpt lat="29.28072455339133739471435546875" lon="117.24729336798191070556640625">
        <ele>60.59999847412109375</ele>
        <time>2026-05-05T12:19:46.000Z</time>
        <extensions>
          <ns3:TrackPointExtension>
            <ns3:hr>136</ns3:hr>
            <ns3:cad>91</ns3:cad>
          </ns3:TrackPointExtension>
        </extensions>
      </trkpt>
      <trkpt lat="29.280728995800018310546875" lon="117.24728875793516635894775390625">
        <ele>60.59999847412109375</ele>
        <time>2026-05-05T12:19:47.000Z</time>
        <extensions>
          <ns3:TrackPointExtension>
            <ns3:hr>137</ns3:hr>
            <ns3:cad>91</ns3:cad>
          </ns3:TrackPointExtension>
        </extensions>
      </trkpt>
      <trkpt lat="29.2807596735656261444091796875" lon="117.247257493436336517333984375">
        <ele>60.59999847412109375</ele>
        <time>2026-05-05T12:19:48.000Z</time>
        <extensions>
          <ns3:TrackPointExtension>
            <ns3:hr>137</ns3:hr>
            <ns3:cad>92</ns3:cad>
          </ns3:TrackPointExtension>
        </extensions>
      </trkpt>
      <trkpt lat="29.280766882002353668212890625" lon="117.247250117361545562744140625">
        <ele>60.59999847412109375</ele>
        <time>2026-05-05T12:19:49.000Z</time>
        <extensions>
          <ns3:TrackPointExtension>
            <ns3:hr>137</ns3:hr>
            <ns3:cad>92</ns3:cad>
          </ns3:TrackPointExtension>
        </extensions>
      </trkpt>
      <trkpt lat="29.2807948775589466094970703125" lon="117.24722153507173061370849609375">
        <ele>60.59999847412109375</ele>
        <time>2026-05-05T12:19:50.000Z</time>
        <extensions>
          <ns3:TrackPointExtension>
            <ns3:hr>137</ns3:hr>
            <ns3:cad>92</ns3:cad>
          </ns3:TrackPointExtension>
        </extensions>
      </trkpt>
      <trkpt lat="29.28080233745276927947998046875" lon="117.247213907539844512939453125">
        <ele>60.59999847412109375</ele>
        <time>2026-05-05T12:19:51.000Z</time>
        <extensions>
          <ns3:TrackPointExtension>
            <ns3:hr>136</ns3:hr>
            <ns3:cad>92</ns3:cad>
          </ns3:TrackPointExtension>
        </extensions>
      </trkpt>
      <trkpt lat="29.280826561152935028076171875" lon="117.2471892647445201873779296875">
        <ele>60.59999847412109375</ele>
        <time>2026-05-05T12:19:52.000Z</time>
        <extensions>
          <ns3:TrackPointExtension>
            <ns3:hr>136</ns3:hr>
            <ns3:cad>93</ns3:cad>
          </ns3:TrackPointExtension>
        </extensions>
      </trkpt>
      <trkpt lat="29.28083653561770915985107421875" lon="117.247179038822650909423828125">
        <ele>60.59999847412109375</ele>
        <time>2026-05-05T12:19:53.000Z</time>
        <extensions>
          <ns3:TrackPointExtension>
            <ns3:hr>136</ns3:hr>
            <ns3:cad>93</ns3:cad>
          </ns3:TrackPointExtension>
        </extensions>
      </trkpt>
      <trkpt lat="29.280864112079143524169921875" lon="117.247150875627994537353515625">
        <ele>60.59999847412109375</ele>
        <time>2026-05-05T12:19:54.000Z</time>
        <extensions>
          <ns3:TrackPointExtension>
            <ns3:hr>136</ns3:hr>
            <ns3:cad>92</ns3:cad>
          </ns3:TrackPointExtension>
        </extensions>
      </trkpt>
      <trkpt lat="29.28088347427546977996826171875" lon="117.24713117815554141998291015625">
        <ele>60.59999847412109375</ele>
        <time>2026-05-05T12:19:55.000Z</time>
        <extensions>
          <ns3:TrackPointExtension>
            <ns3:hr>137</ns3:hr>
            <ns3:cad>92</ns3:cad>
          </ns3:TrackPointExtension>
        </extensions>
      </trkpt>
      <trkpt lat="29.280905015766620635986328125" lon="117.2471091337502002716064453125">
        <ele>60.59999847412109375</ele>
        <time>2026-05-05T12:19:56.000Z</time>
        <extensions>
          <ns3:TrackPointExtension>
            <ns3:hr>136</ns3:hr>
            <ns3:cad>92</ns3:cad>
          </ns3:TrackPointExtension>
        </extensions>
      </trkpt>
      <trkpt lat="29.28092722781002521514892578125" lon="117.247086502611637115478515625">
        <ele>60.59999847412109375</ele>
        <time>2026-05-05T12:19:57.000Z</time>
        <extensions>
          <ns3:TrackPointExtension>
            <ns3:hr>136</ns3:hr>
            <ns3:cad>92</ns3:cad>
          </ns3:TrackPointExtension>
        </extensions>
      </trkpt>
      <trkpt lat="29.280947931110858917236328125" lon="117.24706538021564483642578125">
        <ele>60.59999847412109375</ele>
        <time>2026-05-05T12:19:58.000Z</time>
        <extensions>
          <ns3:TrackPointExtension>
            <ns3:hr>137</ns3:hr>
            <ns3:cad>92</ns3:cad>
          </ns3:TrackPointExtension>
        </extensions>
      </trkpt>
      <trkpt lat="29.280968047678470611572265625" lon="117.24704484455287456512451171875">
        <ele>60.59999847412109375</ele>
        <time>2026-05-05T12:19:59.000Z</time>
        <extensions>
          <ns3:TrackPointExtension>
            <ns3:hr>136</ns3:hr>
            <ns3:cad>92</ns3:cad>
          </ns3:TrackPointExtension>
        </extensions>
      </trkpt>
      <trkpt lat="29.28098053671419620513916015625" lon="117.24703210406005382537841796875">
        <ele>60.59999847412109375</ele>
        <time>2026-05-05T12:20:00.000Z</time>
        <extensions>
          <ns3:TrackPointExtension>
            <ns3:hr>136</ns3:hr>
            <ns3:cad>92</ns3:cad>
          </ns3:TrackPointExtension>
        </extensions>
      </trkpt>
      <trkpt lat="29.28101129829883575439453125" lon="117.24700075574219226837158203125">
        <ele>60.59999847412109375</ele>
        <time>2026-05-05T12:20:01.000Z</time>
        <extensions>
          <ns3:TrackPointExtension>
            <ns3:hr>137</ns3:hr>
            <ns3:cad>92</ns3:cad>
          </ns3:TrackPointExtension>
        </extensions>
      </trkpt>
      <trkpt lat="29.281022362411022186279296875" lon="117.2469894401729106903076171875">
        <ele>60.59999847412109375</ele>
        <time>2026-05-05T12:20:02.000Z</time>
        <extensions>
          <ns3:TrackPointExtension>
            <ns3:hr>136</ns3:hr>
            <ns3:cad>92</ns3:cad>
          </ns3:TrackPointExtension>
        </extensions>
      </trkpt>
      <trkpt lat="29.28104993887245655059814453125" lon="117.24696136079728603363037109375">
        <ele>60.59999847412109375</ele>
        <time>2026-05-05T12:20:03.000Z</time>
        <extensions>
          <ns3:TrackPointExtension>
            <ns3:hr>136</ns3:hr>
            <ns3:cad>92</ns3:cad>
          </ns3:TrackPointExtension>
        </extensions>
      </trkpt>
      <trkpt lat="29.281062595546245574951171875" lon="117.246948368847370147705078125">
        <ele>60.59999847412109375</ele>
        <time>2026-05-05T12:20:04.000Z</time>
        <extensions>
          <ns3:TrackPointExtension>
            <ns3:hr>137</ns3:hr>
            <ns3:cad>92</ns3:cad>
          </ns3:TrackPointExtension>
        </extensions>
      </trkpt>
      <trkpt lat="29.28109335713088512420654296875" lon="117.2469170205295085906982421875">
        <ele>60.59999847412109375</ele>
        <time>2026-05-05T12:20:05.000Z</time>
        <extensions>
          <ns3:TrackPointExtension>
            <ns3:hr>136</ns3:hr>
            <ns3:cad>92</ns3:cad>
          </ns3:TrackPointExtension>
        </extensions>
      </trkpt>
      <trkpt lat="29.281102158129215240478515625" lon="117.24690805189311504364013671875">
        <ele>60.59999847412109375</ele>
        <time>2026-05-05T12:20:06.000Z</time>
        <extensions>
          <ns3:TrackPointExtension>
            <ns3:hr>136</ns3:hr>
            <ns3:cad>92</ns3:cad>
          </ns3:TrackPointExtension>
        </extensions>
      </trkpt>
      <trkpt lat="29.28113040514290332794189453125" lon="117.24687921814620494842529296875">
        <ele>60.59999847412109375</ele>
        <time>2026-05-05T12:20:07.000Z</time>
        <extensions>
          <ns3:TrackPointExtension>
            <ns3:hr>135</ns3:hr>
            <ns3:cad>92</ns3:cad>
          </ns3:TrackPointExtension>
        </extensions>
      </trkpt>
      <trkpt lat="29.28113794885575771331787109375" lon="117.24687150679528713226318359375">
        <ele>60.59999847412109375</ele>
        <time>2026-05-05T12:20:08.000Z</time>
        <extensions>
          <ns3:TrackPointExtension>
            <ns3:hr>135</ns3:hr>
            <ns3:cad>92</ns3:cad>
          </ns3:TrackPointExtension>
        </extensions>
      </trkpt>
      <trkpt lat="29.28116376511752605438232421875" lon="117.24684518761932849884033203125">
        <ele>60.59999847412109375</ele>
        <time>2026-05-05T12:20:09.000Z</time>
        <extensions>
          <ns3:TrackPointExtension>
            <ns3:hr>134</ns3:hr>
            <ns3:cad>92</ns3:cad>
          </ns3:TrackPointExtension>
        </extensions>
      </trkpt>
      <trkpt lat="29.28116544149816036224365234375" lon="117.2468434274196624755859375">
        <ele>60.59999847412109375</ele>
        <time>2026-05-05T12:20:10.000Z</time>
        <extensions>
          <ns3:TrackPointExtension>
            <ns3:hr>134</ns3:hr>
            <ns3:cad>92</ns3:cad>
          </ns3:TrackPointExtension>
        </extensions>
      </trkpt>
      <trkpt lat="29.28119628690183162689208984375" lon="117.24680730141699314117431640625">
        <ele>60.59999847412109375</ele>
        <time>2026-05-05T12:20:11.000Z</time>
        <extensions>
          <ns3:TrackPointExtension>
            <ns3:hr>134</ns3:hr>
            <ns3:cad>92</ns3:cad>
          </ns3:TrackPointExtension>
        </extensions>
      </trkpt>
      <trkpt lat="29.28120282478630542755126953125" lon="117.24679808132350444793701171875">
        <ele>60.59999847412109375</ele>
        <time>2026-05-05T12:20:12.000Z</time>
        <extensions>
          <ns3:TrackPointExtension>
            <ns3:hr>134</ns3:hr>
            <ns3:cad>92</ns3:cad>
          </ns3:TrackPointExtension>
        </extensions>
      </trkpt>
      <trkpt lat="29.281222522258758544921875" lon="117.246766984462738037109375">
        <ele>60.59999847412109375</ele>
        <time>2026-05-05T12:20:13.000Z</time>
        <extensions>
          <ns3:TrackPointExtension>
            <ns3:hr>135</ns3:hr>
            <ns3:cad>92</ns3:cad>
          </ns3:TrackPointExtension>
        </extensions>
      </trkpt>
      <trkpt lat="29.28122696466743946075439453125" lon="117.24675960838794708251953125">
        <ele>60.59999847412109375</ele>
        <time>2026-05-05T12:20:14.000Z</time>
        <extensions>
          <ns3:TrackPointExtension>
            <ns3:hr>134</ns3:hr>
            <ns3:cad>92</ns3:cad>
          </ns3:TrackPointExtension>
        </extensions>
      </trkpt>
      <trkpt lat="29.28124389611184597015380859375" lon="117.24672297947108745574951171875">
        <ele>60.59999847412109375</ele>
        <time>2026-05-05T12:20:15.000Z</time>
        <extensions>
          <ns3:TrackPointExtension>
            <ns3:hr>134</ns3:hr>
            <ns3:cad>92</ns3:cad>
          </ns3:TrackPointExtension>
        </extensions>
      </trkpt>
      <trkpt lat="29.28125026635825634002685546875" lon="117.24670671857893466949462890625">
        <ele>60.59999847412109375</ele>
        <time>2026-05-05T12:20:16.000Z</time>
        <extensions>
          <ns3:TrackPointExtension>
            <ns3:hr>134</ns3:hr>
            <ns3:cad>92</ns3:cad>
          </ns3:TrackPointExtension>
        </extensions>
      </trkpt>
      <trkpt lat="29.281262420117855072021484375" lon="117.2466679103672504425048828125">
        <ele>60.59999847412109375</ele>
        <time>2026-05-05T12:20:17.000Z</time>
        <extensions>
          <ns3:TrackPointExtension>
            <ns3:hr>133</ns3:hr>
            <ns3:cad>92</ns3:cad>
          </ns3:TrackPointExtension>
        </extensions>
      </trkpt>
      <trkpt lat="29.28126552142202854156494140625" lon="117.24665340967476367950439453125">
        <ele>60.59999847412109375</ele>
        <time>2026-05-05T12:20:18.000Z</time>
        <extensions>
          <ns3:TrackPointExtension>
            <ns3:hr>133</ns3:hr>
            <ns3:cad>92</ns3:cad>
          </ns3:TrackPointExtension>
        </extensions>
      </trkpt>
      <trkpt lat="29.2812723107635974884033203125" lon="117.24661476910114288330078125">
        <ele>60.59999847412109375</ele>
        <time>2026-05-05T12:20:19.000Z</time>
        <extensions>
          <ns3:TrackPointExtension>
            <ns3:hr>133</ns3:hr>
            <ns3:cad>91</ns3:cad>
          </ns3:TrackPointExtension>
        </extensions>
      </trkpt>
      <trkpt lat="29.2812736518681049346923828125" lon="117.246596328914165496826171875">
        <ele>60.59999847412109375</ele>
        <time>2026-05-05T12:20:20.000Z</time>
        <extensions>
          <ns3:TrackPointExtension>
            <ns3:hr>132</ns3:hr>
            <ns3:cad>90</ns3:cad>
          </ns3:TrackPointExtension>
        </extensions>
      </trkpt>
      <trkpt lat="29.28127549588680267333984375" lon="117.24655785597860813140869140625">
        <ele>60.59999847412109375</ele>
        <time>2026-05-05T12:20:21.000Z</time>
        <extensions>
          <ns3:TrackPointExtension>
            <ns3:hr>132</ns3:hr>
            <ns3:cad>90</ns3:cad>
          </ns3:TrackPointExtension>
        </extensions>
      </trkpt>
      <trkpt lat="29.28127423860132694244384765625" lon="117.24654109217226505279541015625">
        <ele>60.59999847412109375</ele>
        <time>2026-05-05T12:20:22.000Z</time>
        <extensions>
          <ns3:TrackPointExtension>
            <ns3:hr>132</ns3:hr>
            <ns3:cad>90</ns3:cad>
          </ns3:TrackPointExtension>
        </extensions>
      </trkpt>
      <trkpt lat="29.281271137297153472900390625" lon="117.2465032897889614105224609375">
        <ele>60.59999847412109375</ele>
        <time>2026-05-05T12:20:23.000Z</time>
        <extensions>
          <ns3:TrackPointExtension>
            <ns3:hr>132</ns3:hr>
            <ns3:cad>90</ns3:cad>
          </ns3:TrackPointExtension>
        </extensions>
      </trkpt>
      <trkpt lat="29.28126753307878971099853515625" lon="117.24648543633520603179931640625">
        <ele>60.59999847412109375</ele>
        <time>2026-05-05T12:20:24.000Z</time>
        <extensions>
          <ns3:TrackPointExtension>
            <ns3:hr>132</ns3:hr>
            <ns3:cad>90</ns3:cad>
          </ns3:TrackPointExtension>
        </extensions>
      </trkpt>
      <trkpt lat="29.28125940263271331787109375" lon="117.24644872359931468963623046875">
        <ele>60.59999847412109375</ele>
        <time>2026-05-05T12:20:25.000Z</time>
        <extensions>
          <ns3:TrackPointExtension>
            <ns3:hr>132</ns3:hr>
            <ns3:cad>90</ns3:cad>
          </ns3:TrackPointExtension>
        </extensions>
      </trkpt>
      <trkpt lat="29.28125378675758838653564453125" lon="117.246432043612003326416015625">
        <ele>60.59999847412109375</ele>
        <time>2026-05-05T12:20:26.000Z</time>
        <extensions>
          <ns3:TrackPointExtension>
            <ns3:hr>132</ns3:hr>
            <ns3:cad>90</ns3:cad>
          </ns3:TrackPointExtension>
        </extensions>
      </trkpt>
      <trkpt lat="29.28124121390283107757568359375" lon="117.24639776162803173065185546875">
        <ele>60.59999847412109375</ele>
        <time>2026-05-05T12:20:27.000Z</time>
        <extensions>
          <ns3:TrackPointExtension>
            <ns3:hr>132</ns3:hr>
            <ns3:cad>90</ns3:cad>
          </ns3:TrackPointExtension>
        </extensions>
      </trkpt>
      <trkpt lat="29.2812304012477397918701171875" lon="117.24637580104172229766845703125">
        <ele>60.59999847412109375</ele>
        <time>2026-05-05T12:20:28.000Z</time>
        <extensions>
          <ns3:TrackPointExtension>
            <ns3:hr>131</ns3:hr>
            <ns3:cad>90</ns3:cad>
          </ns3:TrackPointExtension>
        </extensions>
      </trkpt>
      <trkpt lat="29.281216822564601898193359375" lon="117.24635065533220767974853515625">
        <ele>60.59999847412109375</ele>
        <time>2026-05-05T12:20:29.000Z</time>
        <extensions>
          <ns3:TrackPointExtension>
            <ns3:hr>131</ns3:hr>
            <ns3:cad>90</ns3:cad>
          </ns3:TrackPointExtension>
        </extensions>
      </trkpt>
      <trkpt lat="29.28120232187211513519287109375" lon="117.24632911384105682373046875">
        <ele>60.59999847412109375</ele>
        <time>2026-05-05T12:20:30.000Z</time>
        <extensions>
          <ns3:TrackPointExtension>
            <ns3:hr>131</ns3:hr>
            <ns3:cad>90</ns3:cad>
          </ns3:TrackPointExtension>
        </extensions>
      </trkpt>
      <trkpt lat="29.28118564188480377197265625" lon="117.2463071532547473907470703125">
        <ele>60.59999847412109375</ele>
        <time>2026-05-05T12:20:31.000Z</time>
        <extensions>
          <ns3:TrackPointExtension>
            <ns3:hr>131</ns3:hr>
            <ns3:cad>90</ns3:cad>
          </ns3:TrackPointExtension>
        </extensions>
      </trkpt>
      <trkpt lat="29.28117063827812671661376953125" lon="117.2462903894484043121337890625">
        <ele>60.59999847412109375</ele>
        <time>2026-05-05T12:20:32.000Z</time>
        <extensions>
          <ns3:TrackPointExtension>
            <ns3:hr>130</ns3:hr>
            <ns3:cad>90</ns3:cad>
          </ns3:TrackPointExtension>
        </extensions>
      </trkpt>
      <trkpt lat="29.2811529524624347686767578125" lon="117.2462726198136806488037109375">
        <ele>60.59999847412109375</ele>
        <time>2026-05-05T12:20:33.000Z</time>
        <extensions>
          <ns3:TrackPointExtension>
            <ns3:hr>130</ns3:hr>
            <ns3:cad>90</ns3:cad>
          </ns3:TrackPointExtension>
        </extensions>
      </trkpt>
      <trkpt lat="29.28113141097128391265869140625" lon="117.24625459872186183929443359375">
        <ele>60.59999847412109375</ele>
        <time>2026-05-05T12:20:34.000Z</time>
        <extensions>
          <ns3:TrackPointExtension>
            <ns3:hr>130</ns3:hr>
            <ns3:cad>90</ns3:cad>
          </ns3:TrackPointExtension>
        </extensions>
      </trkpt>
      <trkpt lat="29.281120263040065765380859375" lon="117.24624588154256343841552734375">
        <ele>60.59999847412109375</ele>
        <time>2026-05-05T12:20:35.000Z</time>
        <extensions>
          <ns3:TrackPointExtension>
            <ns3:hr>130</ns3:hr>
            <ns3:cad>90</ns3:cad>
          </ns3:TrackPointExtension>
        </extensions>
      </trkpt>
      <trkpt lat="29.28109888918697834014892578125" lon="117.246232889592647552490234375">
        <ele>60.59999847412109375</ele>
        <time>2026-05-05T12:20:36.000Z</time>
        <extensions>
          <ns3:TrackPointExtension>
            <ns3:hr>130</ns3:hr>
            <ns3:cad>90</ns3:cad>
          </ns3:TrackPointExtension>
        </extensions>
      </trkpt>
      <trkpt lat="29.28108179010450839996337890625" lon="117.24622249603271484375">
        <ele>60.59999847412109375</ele>
        <time>2026-05-05T12:20:37.000Z</time>
        <extensions>
          <ns3:TrackPointExtension>
            <ns3:hr>130</ns3:hr>
            <ns3:cad>90</ns3:cad>
          </ns3:TrackPointExtension>
        </extensions>
      </trkpt>
      <trkpt lat="29.28105832077562808990478515625" lon="117.24621285684406757354736328125">
        <ele>60.59999847412109375</ele>
        <time>2026-05-05T12:20:38.000Z</time>
        <extensions>
          <ns3:TrackPointExtension>
            <ns3:hr>130</ns3:hr>
            <ns3:cad>90</ns3:cad>
          </ns3:TrackPointExtension>
        </extensions>
      </trkpt>
      <trkpt lat="29.28104088641703128814697265625" lon="117.24620564840734004974365234375">
        <ele>60.59999847412109375</ele>
        <time>2026-05-05T12:20:39.000Z</time>
        <extensions>
          <ns3:TrackPointExtension>
            <ns3:hr>130</ns3:hr>
            <ns3:cad>90</ns3:cad>
          </ns3:TrackPointExtension>
        </extensions>
      </trkpt>
      <trkpt lat="29.28101004101336002349853515625" lon="117.24619793705642223358154296875">
        <ele>60.59999847412109375</ele>
        <time>2026-05-05T12:20:40.000Z</time>
        <extensions>
          <ns3:TrackPointExtension>
            <ns3:hr>130</ns3:hr>
            <ns3:cad>90</ns3:cad>
          </ns3:TrackPointExtension>
        </extensions>
      </trkpt>
      <trkpt lat="29.28099662996828556060791015625" lon="117.24619475193321704864501953125">
        <ele>60.59999847412109375</ele>
        <time>2026-05-05T12:20:41.000Z</time>
        <extensions>
          <ns3:TrackPointExtension>
            <ns3:hr>130</ns3:hr>
            <ns3:cad>90</ns3:cad>
          </ns3:TrackPointExtension>
        </extensions>
      </trkpt>
      <trkpt lat="29.28096276707947254180908203125" lon="117.2461918182671070098876953125">
        <ele>60.59999847412109375</ele>
        <time>2026-05-05T12:20:42.000Z</time>
        <extensions>
          <ns3:TrackPointExtension>
            <ns3:hr>130</ns3:hr>
            <ns3:cad>90</ns3:cad>
          </ns3:TrackPointExtension>
        </extensions>
      </trkpt>
      <trkpt lat="29.28095161914825439453125" lon="117.24619106389582157135009765625">
        <ele>60.59999847412109375</ele>
        <time>2026-05-05T12:20:43.000Z</time>
        <extensions>
          <ns3:TrackPointExtension>
            <ns3:hr>130</ns3:hr>
            <ns3:cad>90</ns3:cad>
          </ns3:TrackPointExtension>
        </extensions>
      </trkpt>
      <trkpt lat="29.28091012872755527496337890625" lon="117.2461941651999950408935546875">
        <ele>60.59999847412109375</ele>
        <time>2026-05-05T12:20:44.000Z</time>
        <extensions>
          <ns3:TrackPointExtension>
            <ns3:hr>130</ns3:hr>
            <ns3:cad>90</ns3:cad>
          </ns3:TrackPointExtension>
        </extensions>
      </trkpt>
      <trkpt lat="29.28088917396962642669677734375" lon="117.24619793705642223358154296875">
        <ele>60.59999847412109375</ele>
        <time>2026-05-05T12:20:45.000Z</time>
        <extensions>
          <ns3:TrackPointExtension>
            <ns3:hr>130</ns3:hr>
            <ns3:cad>91</ns3:cad>
          </ns3:TrackPointExtension>
        </extensions>
      </trkpt>
      <trkpt lat="29.2808545567095279693603515625" lon="117.24620715714991092681884765625">
        <ele>60.59999847412109375</ele>
        <time>2026-05-05T12:20:46.000Z</time>
        <extensions>
          <ns3:TrackPointExtension>
            <ns3:hr>130</ns3:hr>
            <ns3:cad>91</ns3:cad>
          </ns3:TrackPointExtension>
        </extensions>
      </trkpt>
      <trkpt lat="29.2808471806347370147705078125" lon="117.24621034227311611175537109375">
        <ele>60.59999847412109375</ele>
        <time>2026-05-05T12:20:47.000Z</time>
        <extensions>
          <ns3:TrackPointExtension>
            <ns3:hr>129</ns3:hr>
            <ns3:cad>91</ns3:cad>
          </ns3:TrackPointExtension>
        </extensions>
      </trkpt>
      <trkpt lat="29.28080879151821136474609375" lon="117.24622794426977634429931640625">
        <ele>60.59999847412109375</ele>
        <time>2026-05-05T12:20:48.000Z</time>
        <extensions>
          <ns3:TrackPointExtension>
            <ns3:hr>129</ns3:hr>
            <ns3:cad>91</ns3:cad>
          </ns3:TrackPointExtension>
        </extensions>
      </trkpt>
      <trkpt lat="29.280795045197010040283203125" lon="117.24623682908713817596435546875">
        <ele>60.59999847412109375</ele>
        <time>2026-05-05T12:20:49.000Z</time>
        <extensions>
          <ns3:TrackPointExtension>
            <ns3:hr>129</ns3:hr>
            <ns3:cad>91</ns3:cad>
          </ns3:TrackPointExtension>
        </extensions>
      </trkpt>
      <trkpt lat="29.28075112402439117431640625" lon="117.24626985378563404083251953125">
        <ele>60.59999847412109375</ele>
        <time>2026-05-05T12:20:50.000Z</time>
        <extensions>
          <ns3:TrackPointExtension>
            <ns3:hr>130</ns3:hr>
            <ns3:cad>91</ns3:cad>
          </ns3:TrackPointExtension>
        </extensions>
      </trkpt>
      <trkpt lat="29.28074114955961704254150390625" lon="117.24627857096493244171142578125">
        <ele>60.59999847412109375</ele>
        <time>2026-05-05T12:20:51.000Z</time>
        <extensions>
          <ns3:TrackPointExtension>
            <ns3:hr>130</ns3:hr>
            <ns3:cad>91</ns3:cad>
          </ns3:TrackPointExtension>
        </extensions>
      </trkpt>
      <trkpt lat="29.28070644848048686981201171875" lon="117.24631302058696746826171875">
        <ele>60.59999847412109375</ele>
        <time>2026-05-05T12:20:52.000Z</time>
        <extensions>
          <ns3:TrackPointExtension>
            <ns3:hr>130</ns3:hr>
            <ns3:cad>91</ns3:cad>
          </ns3:TrackPointExtension>
        </extensions>
      </trkpt>
      <trkpt lat="29.2806996591389179229736328125" lon="117.2463198937475681304931640625">
        <ele>60.59999847412109375</ele>
        <time>2026-05-05T12:20:53.000Z</time>
        <extensions>
          <ns3:TrackPointExtension>
            <ns3:hr>130</ns3:hr>
            <ns3:cad>91</ns3:cad>
          </ns3:TrackPointExtension>
        </extensions>
      </trkpt>
      <trkpt lat="29.28066856227815151214599609375" lon="117.2463517449796199798583984375">
        <ele>60.59999847412109375</ele>
        <time>2026-05-05T12:20:54.000Z</time>
        <extensions>
          <ns3:TrackPointExtension>
            <ns3:hr>130</ns3:hr>
            <ns3:cad>91</ns3:cad>
          </ns3:TrackPointExtension>
        </extensions>
      </trkpt>
      <trkpt lat="29.2806580848991870880126953125" lon="117.246362306177616119384765625">
        <ele>60.59999847412109375</ele>
        <time>2026-05-05T12:20:55.000Z</time>
        <extensions>
          <ns3:TrackPointExtension>
            <ns3:hr>130</ns3:hr>
            <ns3:cad>91</ns3:cad>
          </ns3:TrackPointExtension>
        </extensions>
      </trkpt>
      <trkpt lat="29.28062749095261096954345703125" lon="117.2463936544954776763916015625">
        <ele>60.59999847412109375</ele>
        <time>2026-05-05T12:20:56.000Z</time>
        <extensions>
          <ns3:TrackPointExtension>
            <ns3:hr>131</ns3:hr>
            <ns3:cad>90</ns3:cad>
          </ns3:TrackPointExtension>
        </extensions>
      </trkpt>
      <trkpt lat="29.280618689954280853271484375" lon="117.246402539312839508056640625">
        <ele>60.59999847412109375</ele>
        <time>2026-05-05T12:20:57.000Z</time>
        <extensions>
          <ns3:TrackPointExtension>
            <ns3:hr>130</ns3:hr>
            <ns3:cad>90</ns3:cad>
          </ns3:TrackPointExtension>
        </extensions>
      </trkpt>
      <trkpt lat="29.2805935442447662353515625" lon="117.2464281879365444183349609375">
        <ele>60.59999847412109375</ele>
        <time>2026-05-05T12:20:58.000Z</time>
        <extensions>
          <ns3:TrackPointExtension>
            <ns3:hr>130</ns3:hr>
            <ns3:cad>90</ns3:cad>
          </ns3:TrackPointExtension>
        </extensions>
      </trkpt>
      <trkpt lat="29.2805853299796581268310546875" lon="117.2464365698397159576416015625">
        <ele>60.59999847412109375</ele>
        <time>2026-05-05T12:20:59.000Z</time>
        <extensions>
          <ns3:TrackPointExtension>
            <ns3:hr>131</ns3:hr>
            <ns3:cad>91</ns3:cad>
          </ns3:TrackPointExtension>
        </extensions>
      </trkpt>
      <trkpt lat="29.28055658005177974700927734375" lon="117.24646590650081634521484375">
        <ele>60.59999847412109375</ele>
        <time>2026-05-05T12:21:00.000Z</time>
        <extensions>
          <ns3:TrackPointExtension>
            <ns3:hr>131</ns3:hr>
            <ns3:cad>92</ns3:cad>
          </ns3:TrackPointExtension>
        </extensions>
      </trkpt>
      <trkpt lat="29.2805467732250690460205078125" lon="117.2464759647846221923828125">
        <ele>60.59999847412109375</ele>
        <time>2026-05-05T12:21:01.000Z</time>
        <extensions>
          <ns3:TrackPointExtension>
            <ns3:hr>131</ns3:hr>
            <ns3:cad>92</ns3:cad>
          </ns3:TrackPointExtension>
        </extensions>
      </trkpt>
      <trkpt lat="29.28051701746881008148193359375" lon="117.2465063072741031646728515625">
        <ele>60.59999847412109375</ele>
        <time>2026-05-05T12:21:02.000Z</time>
        <extensions>
          <ns3:TrackPointExtension>
            <ns3:hr>131</ns3:hr>
            <ns3:cad>92</ns3:cad>
          </ns3:TrackPointExtension>
        </extensions>
      </trkpt>
      <trkpt lat="29.28050746209919452667236328125" lon="117.2465160302817821502685546875">
        <ele>60.59999847412109375</ele>
        <time>2026-05-05T12:21:03.000Z</time>
        <extensions>
          <ns3:TrackPointExtension>
            <ns3:hr>132</ns3:hr>
            <ns3:cad>91</ns3:cad>
          </ns3:TrackPointExtension>
        </extensions>
      </trkpt>
      <trkpt lat="29.28048348985612392425537109375" lon="117.2465405054390430450439453125">
        <ele>60.59999847412109375</ele>
        <time>2026-05-05T12:21:04.000Z</time>
        <extensions>
          <ns3:TrackPointExtension>
            <ns3:hr>132</ns3:hr>
            <ns3:cad>91</ns3:cad>
          </ns3:TrackPointExtension>
        </extensions>
      </trkpt>
      <trkpt lat="29.2804689891636371612548828125" lon="117.2465552575886249542236328125">
        <ele>60.59999847412109375</ele>
        <time>2026-05-05T12:21:05.000Z</time>
        <extensions>
          <ns3:TrackPointExtension>
            <ns3:hr>132</ns3:hr>
            <ns3:cad>92</ns3:cad>
          </ns3:TrackPointExtension>
        </extensions>
      </trkpt>
      <trkpt lat="29.28044761531054973602294921875" lon="117.24657713435590267181396484375">
        <ele>60.59999847412109375</ele>
        <time>2026-05-05T12:21:06.000Z</time>
        <extensions>
          <ns3:TrackPointExtension>
            <ns3:hr>131</ns3:hr>
            <ns3:cad>92</ns3:cad>
          </ns3:TrackPointExtension>
        </extensions>
      </trkpt>
      <trkpt lat="29.28042783401906490325927734375" lon="117.24659733474254608154296875">
        <ele>60.59999847412109375</ele>
        <time>2026-05-05T12:21:07.000Z</time>
        <extensions>
          <ns3:TrackPointExtension>
            <ns3:hr>132</ns3:hr>
            <ns3:cad>92</ns3:cad>
          </ns3:TrackPointExtension>
        </extensions>
      </trkpt>
      <trkpt lat="29.28041090257465839385986328125" lon="117.2466146014630794525146484375">
        <ele>60.59999847412109375</ele>
        <time>2026-05-05T12:21:08.000Z</time>
        <extensions>
          <ns3:TrackPointExtension>
            <ns3:hr>132</ns3:hr>
            <ns3:cad>92</ns3:cad>
          </ns3:TrackPointExtension>
        </extensions>
      </trkpt>
      <trkpt lat="29.280387349426746368408203125" lon="117.24663865752518177032470703125">
        <ele>60.59999847412109375</ele>
        <time>2026-05-05T12:21:09.000Z</time>
        <extensions>
          <ns3:TrackPointExtension>
            <ns3:hr>132</ns3:hr>
            <ns3:cad>92</ns3:cad>
          </ns3:TrackPointExtension>
        </extensions>
      </trkpt>
      <trkpt lat="29.28036622703075408935546875" lon="117.2466601990163326263427734375">
        <ele>60.59999847412109375</ele>
        <time>2026-05-05T12:21:10.000Z</time>
        <extensions>
          <ns3:TrackPointExtension>
            <ns3:hr>132</ns3:hr>
            <ns3:cad>92</ns3:cad>
          </ns3:TrackPointExtension>
        </extensions>
      </trkpt>
      <trkpt lat="29.28034745156764984130859375" lon="117.2466793097555637359619140625">
        <ele>60.59999847412109375</ele>
        <time>2026-05-05T12:21:11.000Z</time>
        <extensions>
          <ns3:TrackPointExtension>
            <ns3:hr>132</ns3:hr>
            <ns3:cad>92</ns3:cad>
          </ns3:TrackPointExtension>
        </extensions>
      </trkpt>
      <trkpt lat="29.28033228032290935516357421875" lon="117.24669481627643108367919921875">
        <ele>60.59999847412109375</ele>
        <time>2026-05-05T12:21:12.000Z</time>
        <extensions>
          <ns3:TrackPointExtension>
            <ns3:hr>133</ns3:hr>
            <ns3:cad>91</ns3:cad>
          </ns3:TrackPointExtension>
        </extensions>
      </trkpt>
      <trkpt lat="29.28030830807983875274658203125" lon="117.24671929143369197845458984375">
        <ele>60.59999847412109375</ele>
        <time>2026-05-05T12:21:13.000Z</time>
        <extensions>
          <ns3:TrackPointExtension>
            <ns3:hr>133</ns3:hr>
            <ns3:cad>90</ns3:cad>
          </ns3:TrackPointExtension>
        </extensions>
      </trkpt>
      <trkpt lat="29.2802926339209079742431640625" lon="117.24673521704971790313720703125">
        <ele>60.59999847412109375</ele>
        <time>2026-05-05T12:21:14.000Z</time>
        <extensions>
          <ns3:TrackPointExtension>
            <ns3:hr>134</ns3:hr>
            <ns3:cad>90</ns3:cad>
          </ns3:TrackPointExtension>
        </extensions>
      </trkpt>
      <trkpt lat="29.28026438690721988677978515625" lon="117.24676405079662799835205078125">
        <ele>60.59999847412109375</ele>
        <time>2026-05-05T12:21:15.000Z</time>
        <extensions>
          <ns3:TrackPointExtension>
            <ns3:hr>134</ns3:hr>
            <ns3:cad>90</ns3:cad>
          </ns3:TrackPointExtension>
        </extensions>
      </trkpt>
      <trkpt lat="29.28024913184344768524169921875" lon="117.24677964113652706146240234375">
        <ele>60.59999847412109375</ele>
        <time>2026-05-05T12:21:16.000Z</time>
        <extensions>
          <ns3:TrackPointExtension>
            <ns3:hr>134</ns3:hr>
            <ns3:cad>91</ns3:cad>
          </ns3:TrackPointExtension>
        </extensions>
      </trkpt>
      <trkpt lat="29.28022406995296478271484375" lon="117.24680520594120025634765625">
        <ele>60.59999847412109375</ele>
        <time>2026-05-05T12:21:17.000Z</time>
        <extensions>
          <ns3:TrackPointExtension>
            <ns3:hr>134</ns3:hr>
            <ns3:cad>91</ns3:cad>
          </ns3:TrackPointExtension>
        </extensions>
      </trkpt>
      <trkpt lat="29.28021074272692203521728515625" lon="117.2468187846243381500244140625">
        <ele>60.59999847412109375</ele>
        <time>2026-05-05T12:21:18.000Z</time>
        <extensions>
          <ns3:TrackPointExtension>
            <ns3:hr>134</ns3:hr>
            <ns3:cad>91</ns3:cad>
          </ns3:TrackPointExtension>
        </extensions>
      </trkpt>
      <trkpt lat="29.28018107078969478607177734375" lon="117.246849127113819122314453125">
        <ele>60.59999847412109375</ele>
        <time>2026-05-05T12:21:19.000Z</time>
        <extensions>
          <ns3:TrackPointExtension>
            <ns3:hr>134</ns3:hr>
            <ns3:cad>91</ns3:cad>
          </ns3:TrackPointExtension>
        </extensions>
      </trkpt>
      <trkpt lat="29.28016732446849346160888671875" lon="117.24686312489211559295654296875">
        <ele>60.59999847412109375</ele>
        <time>2026-05-05T12:21:20.000Z</time>
        <extensions>
          <ns3:TrackPointExtension>
            <ns3:hr>134</ns3:hr>
            <ns3:cad>91</ns3:cad>
          </ns3:TrackPointExtension>
        </extensions>
      </trkpt>
      <trkpt lat="29.280138909816741943359375" lon="117.246894724667072296142578125">
        <ele>60.59999847412109375</ele>
        <time>2026-05-05T12:21:21.000Z</time>
        <extensions>
          <ns3:TrackPointExtension>
            <ns3:hr>134</ns3:hr>
            <ns3:cad>91</ns3:cad>
          </ns3:TrackPointExtension>
        </extensions>
      </trkpt>
      <trkpt lat="29.28012927062809467315673828125" lon="117.24690604023635387420654296875">
        <ele>60.59999847412109375</ele>
        <time>2026-05-05T12:21:22.000Z</time>
        <extensions>
          <ns3:TrackPointExtension>
            <ns3:hr>134</ns3:hr>
            <ns3:cad>91</ns3:cad>
          </ns3:TrackPointExtension>
        </extensions>
      </trkpt>
      <trkpt lat="29.28010337054729461669921875" lon="117.246944345533847808837890625">
        <ele>60.59999847412109375</ele>
        <time>2026-05-05T12:21:23.000Z</time>
        <extensions>
          <ns3:TrackPointExtension>
            <ns3:hr>134</ns3:hr>
            <ns3:cad>92</ns3:cad>
          </ns3:TrackPointExtension>
        </extensions>
      </trkpt>
      <trkpt lat="29.280096329748630523681640625" lon="117.24695549346506595611572265625">
        <ele>60.59999847412109375</ele>
        <time>2026-05-05T12:21:24.000Z</time>
        <extensions>
          <ns3:TrackPointExtension>
            <ns3:hr>133</ns3:hr>
            <ns3:cad>92</ns3:cad>
          </ns3:TrackPointExtension>
        </extensions>
      </trkpt>
      <trkpt lat="29.28007981739938259124755859375" lon="117.24699086509644985198974609375">
        <ele>60.59999847412109375</ele>
        <time>2026-05-05T12:21:25.000Z</time>
        <extensions>
          <ns3:TrackPointExtension>
            <ns3:hr>134</ns3:hr>
            <ns3:cad>92</ns3:cad>
          </ns3:TrackPointExtension>
        </extensions>
      </trkpt>
      <trkpt lat="29.280073530972003936767578125" lon="117.24700494669377803802490234375">
        <ele>60.59999847412109375</ele>
        <time>2026-05-05T12:21:26.000Z</time>
        <extensions>
          <ns3:TrackPointExtension>
            <ns3:hr>134</ns3:hr>
            <ns3:cad>92</ns3:cad>
          </ns3:TrackPointExtension>
        </extensions>
      </trkpt>
      <trkpt lat="29.28006154485046863555908203125" lon="117.2470434196293354034423828125">
        <ele>60.59999847412109375</ele>
        <time>2026-05-05T12:21:27.000Z</time>
        <extensions>
          <ns3:TrackPointExtension>
            <ns3:hr>133</ns3:hr>
            <ns3:cad>92</ns3:cad>
          </ns3:TrackPointExtension>
        </extensions>
      </trkpt>
      <trkpt lat="29.2800572700798511505126953125" lon="117.2470598481595516204833984375">
        <ele>60.59999847412109375</ele>
        <time>2026-05-05T12:21:28.000Z</time>
        <extensions>
          <ns3:TrackPointExtension>
            <ns3:hr>134</ns3:hr>
            <ns3:cad>92</ns3:cad>
          </ns3:TrackPointExtension>
        </extensions>
      </trkpt>
      <trkpt lat="29.28004972636699676513671875" lon="117.24710200913250446319580078125">
        <ele>60.59999847412109375</ele>
        <time>2026-05-05T12:21:29.000Z</time>
        <extensions>
          <ns3:TrackPointExtension>
            <ns3:hr>134</ns3:hr>
            <ns3:cad>92</ns3:cad>
          </ns3:TrackPointExtension>
        </extensions>
      </trkpt>
      <trkpt lat="29.28004846908152103424072265625" lon="117.24711768329143524169921875">
        <ele>60.59999847412109375</ele>
        <time>2026-05-05T12:21:30.000Z</time>
        <extensions>
          <ns3:TrackPointExtension>
            <ns3:hr>133</ns3:hr>
            <ns3:cad>92</ns3:cad>
          </ns3:TrackPointExtension>
        </extensions>
      </trkpt>
      <trkpt lat="29.280046708881855010986328125" lon="117.2471627779304981231689453125">
        <ele>60.59999847412109375</ele>
        <time>2026-05-05T12:21:31.000Z</time>
        <extensions>
          <ns3:TrackPointExtension>
            <ns3:hr>134</ns3:hr>
            <ns3:cad>92</ns3:cad>
          </ns3:TrackPointExtension>
        </extensions>
      </trkpt>
      <trkpt lat="29.28004779852926731109619140625" lon="117.24717794917523860931396484375">
        <ele>60.59999847412109375</ele>
        <time>2026-05-05T12:21:32.000Z</time>
        <extensions>
          <ns3:TrackPointExtension>
            <ns3:hr>134</ns3:hr>
            <ns3:cad>92</ns3:cad>
          </ns3:TrackPointExtension>
        </extensions>
      </trkpt>
      <trkpt lat="29.28005215711891651153564453125" lon="117.24722119979560375213623046875">
        <ele>60.59999847412109375</ele>
        <time>2026-05-05T12:21:33.000Z</time>
        <extensions>
          <ns3:TrackPointExtension>
            <ns3:hr>133</ns3:hr>
            <ns3:cad>91</ns3:cad>
          </ns3:TrackPointExtension>
        </extensions>
      </trkpt>
      <trkpt lat="29.28005685098469257354736328125" lon="117.2472442500293254852294921875">
        <ele>60.59999847412109375</ele>
        <time>2026-05-05T12:21:34.000Z</time>
        <extensions>
          <ns3:TrackPointExtension>
            <ns3:hr>134</ns3:hr>
            <ns3:cad>92</ns3:cad>
          </ns3:TrackPointExtension>
        </extensions>
      </trkpt>
      <trkpt lat="29.28006573580205440521240234375" lon="117.24727853201329708099365234375">
        <ele>60.59999847412109375</ele>
        <time>2026-05-05T12:21:35.000Z</time>
        <extensions>
          <ns3:TrackPointExtension>
            <ns3:hr>134</ns3:hr>
            <ns3:cad>92</ns3:cad>
          </ns3:TrackPointExtension>
        </extensions>
      </trkpt>
      <trkpt lat="29.28007344715297222137451171875" lon="117.2473012469708919525146484375">
        <ele>60.59999847412109375</ele>
        <time>2026-05-05T12:21:36.000Z</time>
        <extensions>
          <ns3:TrackPointExtension>
            <ns3:hr>133</ns3:hr>
            <ns3:cad>92</ns3:cad>
          </ns3:TrackPointExtension>
        </extensions>
      </trkpt>
      <trkpt lat="29.2800867743790149688720703125" lon="117.2473320923745632171630859375">
        <ele>60.59999847412109375</ele>
        <time>2026-05-05T12:21:37.000Z</time>
        <extensions>
          <ns3:TrackPointExtension>
            <ns3:hr>133</ns3:hr>
            <ns3:cad>92</ns3:cad>
          </ns3:TrackPointExtension>
        </extensions>
      </trkpt>
      <trkpt lat="29.28009892813861370086669921875" lon="117.2473569028079509735107421875">
        <ele>60.59999847412109375</ele>
        <time>2026-05-05T12:21:38.000Z</time>
        <extensions>
          <ns3:TrackPointExtension>
            <ns3:hr>133</ns3:hr>
            <ns3:cad>92</ns3:cad>
          </ns3:TrackPointExtension>
        </extensions>
      </trkpt>
      <trkpt lat="29.280111752450466156005859375" lon="117.24737676791846752166748046875">
        <ele>60.59999847412109375</ele>
        <time>2026-05-05T12:21:39.000Z</time>
        <extensions>
          <ns3:TrackPointExtension>
            <ns3:hr>133</ns3:hr>
            <ns3:cad>92</ns3:cad>
          </ns3:TrackPointExtension>
        </extensions>
      </trkpt>
      <trkpt lat="29.28012910299003124237060546875" lon="117.2474025003612041473388671875">
        <ele>60.59999847412109375</ele>
        <time>2026-05-05T12:21:40.000Z</time>
        <extensions>
          <ns3:TrackPointExtension>
            <ns3:hr>133</ns3:hr>
            <ns3:cad>91</ns3:cad>
          </ns3:TrackPointExtension>
        </extensions>
      </trkpt>
      <trkpt lat="29.28014318458735942840576171875" lon="117.24741817452013492584228515625">
        <ele>60.59999847412109375</ele>
        <time>2026-05-05T12:21:41.000Z</time>
        <extensions>
          <ns3:TrackPointExtension>
            <ns3:hr>132</ns3:hr>
            <ns3:cad>91</ns3:cad>
          </ns3:TrackPointExtension>
        </extensions>
      </trkpt>
      <trkpt lat="29.28016833029687404632568359375" lon="117.2474444098770618438720703125">
        <ele>60.59999847412109375</ele>
        <time>2026-05-05T12:21:42.000Z</time>
        <extensions>
          <ns3:TrackPointExtension>
            <ns3:hr>132</ns3:hr>
            <ns3:cad>91</ns3:cad>
          </ns3:TrackPointExtension>
        </extensions>
      </trkpt>
      <trkpt lat="29.28018257953226566314697265625" lon="117.2474563121795654296875">
        <ele>60.59999847412109375</ele>
        <time>2026-05-05T12:21:43.000Z</time>
        <extensions>
          <ns3:TrackPointExtension>
            <ns3:hr>132</ns3:hr>
            <ns3:cad>91</ns3:cad>
          </ns3:TrackPointExtension>
        </extensions>
      </trkpt>
      <trkpt lat="29.280217029154300689697265625" lon="117.24748103879392147064208984375">
        <ele>60.59999847412109375</ele>
        <time>2026-05-05T12:21:44.000Z</time>
        <extensions>
          <ns3:TrackPointExtension>
            <ns3:hr>132</ns3:hr>
            <ns3:cad>91</ns3:cad>
          </ns3:TrackPointExtension>
        </extensions>
      </trkpt>
      <trkpt lat="29.28023572079837322235107421875" lon="117.24749243818223476409912109375">
        <ele>60.59999847412109375</ele>
        <time>2026-05-05T12:21:45.000Z</time>
        <extensions>
          <ns3:TrackPointExtension>
            <ns3:hr>132</ns3:hr>
            <ns3:cad>91</ns3:cad>
          </ns3:TrackPointExtension>
        </extensions>
      </trkpt>
      <trkpt lat="29.2802651412785053253173828125" lon="117.2475054301321506500244140625">
        <ele>60.59999847412109375</ele>
        <time>2026-05-05T12:21:46.000Z</time>
        <extensions>
          <ns3:TrackPointExtension>
            <ns3:hr>132</ns3:hr>
            <ns3:cad>92</ns3:cad>
          </ns3:TrackPointExtension>
        </extensions>
      </trkpt>
      <trkpt lat="29.28027913905680179595947265625" lon="117.2475111298263072967529296875">
        <ele>60.59999847412109375</ele>
        <time>2026-05-05T12:21:47.000Z</time>
        <extensions>
          <ns3:TrackPointExtension>
            <ns3:hr>132</ns3:hr>
            <ns3:cad>92</ns3:cad>
          </ns3:TrackPointExtension>
        </extensions>
      </trkpt>
      <trkpt lat="29.2803073860704898834228515625" lon="117.24751867353916168212890625">
        <ele>60.59999847412109375</ele>
        <time>2026-05-05T12:21:48.000Z</time>
        <extensions>
          <ns3:TrackPointExtension>
            <ns3:hr>132</ns3:hr>
            <ns3:cad>92</ns3:cad>
          </ns3:TrackPointExtension>
        </extensions>
      </trkpt>
      <trkpt lat="29.28032456897199153900146484375" lon="117.24752269685268402099609375">
        <ele>60.59999847412109375</ele>
        <time>2026-05-05T12:21:49.000Z</time>
        <extensions>
          <ns3:TrackPointExtension>
            <ns3:hr>131</ns3:hr>
            <ns3:cad>92</ns3:cad>
          </ns3:TrackPointExtension>
        </extensions>
      </trkpt>
      <trkpt lat="29.2803633771836757659912109375" lon="117.24752613343298435211181640625">
        <ele>60.59999847412109375</ele>
        <time>2026-05-05T12:21:50.000Z</time>
        <extensions>
          <ns3:TrackPointExtension>
            <ns3:hr>132</ns3:hr>
            <ns3:cad>92</ns3:cad>
          </ns3:TrackPointExtension>
        </extensions>
      </trkpt>
      <trkpt lat="29.2803776264190673828125" lon="117.24752680398523807525634765625">
        <ele>60.59999847412109375</ele>
        <time>2026-05-05T12:21:51.000Z</time>
        <extensions>
          <ns3:TrackPointExtension>
            <ns3:hr>132</ns3:hr>
            <ns3:cad>92</ns3:cad>
          </ns3:TrackPointExtension>
        </extensions>
      </trkpt>
      <trkpt lat="29.28041718900203704833984375" lon="117.24752294830977916717529296875">
        <ele>60.59999847412109375</ele>
        <time>2026-05-05T12:21:52.000Z</time>
        <extensions>
          <ns3:TrackPointExtension>
            <ns3:hr>132</ns3:hr>
            <ns3:cad>92</ns3:cad>
          </ns3:TrackPointExtension>
        </extensions>
      </trkpt>
      <trkpt lat="29.28043236024677753448486328125" lon="117.24751976318657398223876953125">
        <ele>60.59999847412109375</ele>
        <time>2026-05-05T12:21:53.000Z</time>
        <extensions>
          <ns3:TrackPointExtension>
            <ns3:hr>132</ns3:hr>
            <ns3:cad>91</ns3:cad>
          </ns3:TrackPointExtension>
        </extensions>
      </trkpt>
      <trkpt lat="29.2804676480591297149658203125" lon="117.24751037545502185821533203125">
        <ele>60.59999847412109375</ele>
        <time>2026-05-05T12:21:54.000Z</time>
        <extensions>
          <ns3:TrackPointExtension>
            <ns3:hr>131</ns3:hr>
            <ns3:cad>91</ns3:cad>
          </ns3:TrackPointExtension>
        </extensions>
      </trkpt>
      <trkpt lat="29.28047862835228443145751953125" lon="117.24750551395118236541748046875">
        <ele>60.59999847412109375</ele>
        <time>2026-05-05T12:21:55.000Z</time>
        <extensions>
          <ns3:TrackPointExtension>
            <ns3:hr>132</ns3:hr>
            <ns3:cad>91</ns3:cad>
          </ns3:TrackPointExtension>
        </extensions>
      </trkpt>
      <trkpt lat="29.28051500581204891204833984375" lon="117.247488498687744140625">
        <ele>60.59999847412109375</ele>
        <time>2026-05-05T12:21:56.000Z</time>
        <extensions>
          <ns3:TrackPointExtension>
            <ns3:hr>132</ns3:hr>
            <ns3:cad>91</ns3:cad>
          </ns3:TrackPointExtension>
        </extensions>
      </trkpt>
      <trkpt lat="29.28052254952490329742431640625" lon="117.2474836371839046478271484375">
        <ele>60.59999847412109375</ele>
        <time>2026-05-05T12:21:57.000Z</time>
        <extensions>
          <ns3:TrackPointExtension>
            <ns3:hr>132</ns3:hr>
            <ns3:cad>92</ns3:cad>
          </ns3:TrackPointExtension>
        </extensions>
      </trkpt>
      <trkpt lat="29.28055305965244770050048828125" lon="117.24746343679726123809814453125">
        <ele>60.59999847412109375</ele>
        <time>2026-05-05T12:21:58.000Z</time>
        <extensions>
          <ns3:TrackPointExtension>
            <ns3:hr>131</ns3:hr>
            <ns3:cad>92</ns3:cad>
          </ns3:TrackPointExtension>
        </extensions>
      </trkpt>
      <trkpt lat="29.280567727982997894287109375" lon="117.24745052866637706756591796875">
        <ele>60.59999847412109375</ele>
        <time>2026-05-05T12:21:59.000Z</time>
        <extensions>
          <ns3:TrackPointExtension>
            <ns3:hr>131</ns3:hr>
            <ns3:cad>92</ns3:cad>
          </ns3:TrackPointExtension>
        </extensions>
      </trkpt>
      <trkpt lat="29.28058943711221218109130859375" lon="117.247431166470050811767578125">
        <ele>60.59999847412109375</ele>
        <time>2026-05-05T12:22:00.000Z</time>
        <extensions>
          <ns3:TrackPointExtension>
            <ns3:hr>131</ns3:hr>
            <ns3:cad>92</ns3:cad>
          </ns3:TrackPointExtension>
        </extensions>
      </trkpt>
      <trkpt lat="29.2806118167936801910400390625" lon="117.247408367693424224853515625">
        <ele>60.59999847412109375</ele>
        <time>2026-05-05T12:22:01.000Z</time>
        <extensions>
          <ns3:TrackPointExtension>
            <ns3:hr>131</ns3:hr>
            <ns3:cad>93</ns3:cad>
          </ns3:TrackPointExtension>
        </extensions>
      </trkpt>
      <trkpt lat="29.280627407133579254150390625" lon="117.2473924420773983001708984375">
        <ele>60.59999847412109375</ele>
        <time>2026-05-05T12:22:02.000Z</time>
        <extensions>
          <ns3:TrackPointExtension>
            <ns3:hr>131</ns3:hr>
            <ns3:cad>93</ns3:cad>
          </ns3:TrackPointExtension>
        </extensions>
      </trkpt>
      <trkpt lat="29.2806493677198886871337890625" lon="117.24737006239593029022216796875">
        <ele>60.59999847412109375</ele>
        <time>2026-05-05T12:22:03.000Z</time>
        <extensions>
          <ns3:TrackPointExtension>
            <ns3:hr>131</ns3:hr>
            <ns3:cad>93</ns3:cad>
          </ns3:TrackPointExtension>
        </extensions>
      </trkpt>
      <trkpt lat="29.2806684784591197967529296875" lon="117.2473505325615406036376953125">
        <ele>60.59999847412109375</ele>
        <time>2026-05-05T12:22:04.000Z</time>
        <extensions>
          <ns3:TrackPointExtension>
            <ns3:hr>131</ns3:hr>
            <ns3:cad>93</ns3:cad>
          </ns3:TrackPointExtension>
        </extensions>
      </trkpt>
      <trkpt lat="29.2806922830641269683837890625" lon="117.24732630886137485504150390625">
        <ele>60.59999847412109375</ele>
        <time>2026-05-05T12:22:05.000Z</time>
        <extensions>
          <ns3:TrackPointExtension>
            <ns3:hr>131</ns3:hr>
            <ns3:cad>93</ns3:cad>
          </ns3:TrackPointExtension>
        </extensions>
      </trkpt>
      <trkpt lat="29.280707538127899169921875" lon="117.2473106347024440765380859375">
        <ele>60.59999847412109375</ele>
        <time>2026-05-05T12:22:06.000Z</time>
        <extensions>
          <ns3:TrackPointExtension>
            <ns3:hr>131</ns3:hr>
            <ns3:cad>93</ns3:cad>
          </ns3:TrackPointExtension>
        </extensions>
      </trkpt>
      <trkpt lat="29.2807358689606189727783203125" lon="117.2472818009555339813232421875">
        <ele>60.59999847412109375</ele>
        <time>2026-05-05T12:22:07.000Z</time>
        <extensions>
          <ns3:TrackPointExtension>
            <ns3:hr>131</ns3:hr>
            <ns3:cad>92</ns3:cad>
          </ns3:TrackPointExtension>
        </extensions>
      </trkpt>
      <trkpt lat="29.280743412673473358154296875" lon="117.2472740896046161651611328125">
        <ele>60.59999847412109375</ele>
        <time>2026-05-05T12:22:08.000Z</time>
        <extensions>
          <ns3:TrackPointExtension>
            <ns3:hr>132</ns3:hr>
            <ns3:cad>92</ns3:cad>
          </ns3:TrackPointExtension>
        </extensions>
      </trkpt>
      <trkpt lat="29.2807697318494319915771484375" lon="117.24724718369543552398681640625">
        <ele>60.59999847412109375</ele>
        <time>2026-05-05T12:22:09.000Z</time>
        <extensions>
          <ns3:TrackPointExtension>
            <ns3:hr>132</ns3:hr>
            <ns3:cad>92</ns3:cad>
          </ns3:TrackPointExtension>
        </extensions>
      </trkpt>
      <trkpt lat="29.28078171797096729278564453125" lon="117.24723494611680507659912109375">
        <ele>60.59999847412109375</ele>
        <time>2026-05-05T12:22:10.000Z</time>
        <extensions>
          <ns3:TrackPointExtension>
            <ns3:hr>133</ns3:hr>
            <ns3:cad>92</ns3:cad>
          </ns3:TrackPointExtension>
        </extensions>
      </trkpt>
      <trkpt lat="29.28081222809851169586181640625" lon="117.247203849256038665771484375">
        <ele>60.59999847412109375</ele>
        <time>2026-05-05T12:22:11.000Z</time>
        <extensions>
          <ns3:TrackPointExtension>
            <ns3:hr>133</ns3:hr>
            <ns3:cad>92</ns3:cad>
          </ns3:TrackPointExtension>
        </extensions>
      </trkpt>
      <trkpt lat="29.28082077763974666595458984375" lon="117.247195132076740264892578125">
        <ele>60.59999847412109375</ele>
        <time>2026-05-05T12:22:12.000Z</time>
        <extensions>
          <ns3:TrackPointExtension>
            <ns3:hr>133</ns3:hr>
            <ns3:cad>92</ns3:cad>
          </ns3:TrackPointExtension>
        </extensions>
      </trkpt>
      <trkpt lat="29.280852377414703369140625" lon="117.24716286174952983856201171875">
        <ele>60.59999847412109375</ele>
        <time>2026-05-05T12:22:13.000Z</time>
        <extensions>
          <ns3:TrackPointExtension>
            <ns3:hr>133</ns3:hr>
            <ns3:cad>92</ns3:cad>
          </ns3:TrackPointExtension>
        </extensions>
      </trkpt>
      <trkpt lat="29.2808622680604457855224609375" lon="117.24715280346572399139404296875">
        <ele>60.59999847412109375</ele>
        <time>2026-05-05T12:22:14.000Z</time>
        <extensions>
          <ns3:TrackPointExtension>
            <ns3:hr>133</ns3:hr>
            <ns3:cad>92</ns3:cad>
          </ns3:TrackPointExtension>
        </extensions>
      </trkpt>
      <trkpt lat="29.28089437074959278106689453125" lon="117.24712011404335498809814453125">
        <ele>60.59999847412109375</ele>
        <time>2026-05-05T12:22:15.000Z</time>
        <extensions>
          <ns3:TrackPointExtension>
            <ns3:hr>133</ns3:hr>
            <ns3:cad>92</ns3:cad>
          </ns3:TrackPointExtension>
        </extensions>
      </trkpt>
      <trkpt lat="29.28089990280568599700927734375" lon="117.24711441434919834136962890625">
        <ele>60.59999847412109375</ele>
        <time>2026-05-05T12:22:16.000Z</time>
        <extensions>
          <ns3:TrackPointExtension>
            <ns3:hr>133</ns3:hr>
            <ns3:cad>92</ns3:cad>
          </ns3:TrackPointExtension>
        </extensions>
      </trkpt>
      <trkpt lat="29.2809316702187061309814453125" lon="117.2470819763839244842529296875">
        <ele>60.59999847412109375</ele>
        <time>2026-05-05T12:22:17.000Z</time>
        <extensions>
          <ns3:TrackPointExtension>
            <ns3:hr>134</ns3:hr>
            <ns3:cad>92</ns3:cad>
          </ns3:TrackPointExtension>
        </extensions>
      </trkpt>
      <trkpt lat="29.28093929775059223175048828125" lon="117.24707418121397495269775390625">
        <ele>60.59999847412109375</ele>
        <time>2026-05-05T12:22:18.000Z</time>
        <extensions>
          <ns3:TrackPointExtension>
            <ns3:hr>134</ns3:hr>
            <ns3:cad>92</ns3:cad>
          </ns3:TrackPointExtension>
        </extensions>
      </trkpt>
      <trkpt lat="29.28096746094524860382080078125" lon="117.24704551510512828826904296875">
        <ele>60.59999847412109375</ele>
        <time>2026-05-05T12:22:19.000Z</time>
        <extensions>
          <ns3:TrackPointExtension>
            <ns3:hr>134</ns3:hr>
            <ns3:cad>92</ns3:cad>
          </ns3:TrackPointExtension>
        </extensions>
      </trkpt>
      <trkpt lat="29.28098187781870365142822265625" lon="117.24703076295554637908935546875">
        <ele>60.59999847412109375</ele>
        <time>2026-05-05T12:22:20.000Z</time>
        <extensions>
          <ns3:TrackPointExtension>
            <ns3:hr>134</ns3:hr>
            <ns3:cad>92</ns3:cad>
          </ns3:TrackPointExtension>
        </extensions>
      </trkpt>
      <trkpt lat="29.28100501187145709991455078125" lon="117.24700712598860263824462890625">
        <ele>60.59999847412109375</ele>
        <time>2026-05-05T12:22:21.000Z</time>
        <extensions>
          <ns3:TrackPointExtension>
            <ns3:hr>134</ns3:hr>
            <ns3:cad>92</ns3:cad>
          </ns3:TrackPointExtension>
        </extensions>
      </trkpt>
      <trkpt lat="29.281016997992992401123046875" lon="117.24699488840997219085693359375">
        <ele>60.59999847412109375</ele>
        <time>2026-05-05T12:22:22.000Z</time>
        <extensions>
          <ns3:TrackPointExtension>
            <ns3:hr>134</ns3:hr>
            <ns3:cad>92</ns3:cad>
          </ns3:TrackPointExtension>
        </extensions>
      </trkpt>
      <trkpt lat="29.28104356862604618072509765625" lon="117.246967814862728118896484375">
        <ele>60.59999847412109375</ele>
        <time>2026-05-05T12:22:23.000Z</time>
        <extensions>
          <ns3:TrackPointExtension>
            <ns3:hr>135</ns3:hr>
            <ns3:cad>92</ns3:cad>
          </ns3:TrackPointExtension>
        </extensions>
      </trkpt>
      <trkpt lat="29.2810533754527568817138671875" lon="117.246957756578922271728515625">
        <ele>60.59999847412109375</ele>
        <time>2026-05-05T12:22:24.000Z</time>
        <extensions>
          <ns3:TrackPointExtension>
            <ns3:hr>134</ns3:hr>
            <ns3:cad>92</ns3:cad>
          </ns3:TrackPointExtension>
        </extensions>
      </trkpt>
      <trkpt lat="29.28107642568647861480712890625" lon="117.246934287250041961669921875">
        <ele>60.59999847412109375</ele>
        <time>2026-05-05T12:22:25.000Z</time>
        <extensions>
          <ns3:TrackPointExtension>
            <ns3:hr>135</ns3:hr>
            <ns3:cad>92</ns3:cad>
          </ns3:TrackPointExtension>
        </extensions>
      </trkpt>
      <trkpt lat="29.2810919322073459625244140625" lon="117.24691844545304775238037109375">
        <ele>60.59999847412109375</ele>
        <time>2026-05-05T12:22:26.000Z</time>
        <extensions>
          <ns3:TrackPointExtension>
            <ns3:hr>135</ns3:hr>
            <ns3:cad>92</ns3:cad>
          </ns3:TrackPointExtension>
        </extensions>
      </trkpt>
      <trkpt lat="29.28111464716494083404541015625" lon="117.2468952275812625885009765625">
        <ele>60.59999847412109375</ele>
        <time>2026-05-05T12:22:27.000Z</time>
        <extensions>
          <ns3:TrackPointExtension>
            <ns3:hr>135</ns3:hr>
            <ns3:cad>92</ns3:cad>
          </ns3:TrackPointExtension>
        </extensions>
      </trkpt>
      <trkpt lat="29.2811351828277111053466796875" lon="117.24687435664236545562744140625">
        <ele>60.59999847412109375</ele>
        <time>2026-05-05T12:22:28.000Z</time>
        <extensions>
          <ns3:TrackPointExtension>
            <ns3:hr>135</ns3:hr>
            <ns3:cad>92</ns3:cad>
          </ns3:TrackPointExtension>
        </extensions>
      </trkpt>
      <trkpt lat="29.2811532877385616302490234375" lon="117.246855832636356353759765625">
        <ele>60.59999847412109375</ele>
        <time>2026-05-05T12:22:29.000Z</time>
        <extensions>
          <ns3:TrackPointExtension>
            <ns3:hr>134</ns3:hr>
            <ns3:cad>92</ns3:cad>
          </ns3:TrackPointExtension>
        </extensions>
      </trkpt>
      <trkpt lat="29.28117667324841022491455078125" lon="117.24683043546974658966064453125">
        <ele>60.59999847412109375</ele>
        <time>2026-05-05T12:22:30.000Z</time>
        <extensions>
          <ns3:TrackPointExtension>
            <ns3:hr>135</ns3:hr>
            <ns3:cad>92</ns3:cad>
          </ns3:TrackPointExtension>
        </extensions>
      </trkpt>
      <trkpt lat="29.2811894975602626800537109375" lon="117.246815264225006103515625">
        <ele>60.59999847412109375</ele>
        <time>2026-05-05T12:22:31.000Z</time>
        <extensions>
          <ns3:TrackPointExtension>
            <ns3:hr>135</ns3:hr>
            <ns3:cad>92</ns3:cad>
          </ns3:TrackPointExtension>
        </extensions>
      </trkpt>
      <trkpt lat="29.28121238015592098236083984375" lon="117.24678299389779567718505859375">
        <ele>60.59999847412109375</ele>
        <time>2026-05-05T12:22:32.000Z</time>
        <extensions>
          <ns3:TrackPointExtension>
            <ns3:hr>135</ns3:hr>
            <ns3:cad>92</ns3:cad>
          </ns3:TrackPointExtension>
        </extensions>
      </trkpt>
      <trkpt lat="29.281222522258758544921875" lon="117.24676706828176975250244140625">
        <ele>60.59999847412109375</ele>
        <time>2026-05-05T12:22:33.000Z</time>
        <extensions>
          <ns3:TrackPointExtension>
            <ns3:hr>135</ns3:hr>
            <ns3:cad>92</ns3:cad>
          </ns3:TrackPointExtension>
        </extensions>
      </trkpt>
      <trkpt lat="29.28124004043638706207275390625" lon="117.24673136137425899505615234375">
        <ele>60.59999847412109375</ele>
        <time>2026-05-05T12:22:34.000Z</time>
        <extensions>
          <ns3:TrackPointExtension>
            <ns3:hr>135</ns3:hr>
            <ns3:cad>92</ns3:cad>
          </ns3:TrackPointExtension>
        </extensions>
      </trkpt>
      <trkpt lat="29.28124825470149517059326171875" lon="117.24671308882534503936767578125">
        <ele>60.59999847412109375</ele>
        <time>2026-05-05T12:22:35.000Z</time>
        <extensions>
          <ns3:TrackPointExtension>
            <ns3:hr>134</ns3:hr>
            <ns3:cad>92</ns3:cad>
          </ns3:TrackPointExtension>
        </extensions>
      </trkpt>
      <trkpt lat="29.2812599055469036102294921875" lon="117.246675789356231689453125">
        <ele>60.59999847412109375</ele>
        <time>2026-05-05T12:22:36.000Z</time>
        <extensions>
          <ns3:TrackPointExtension>
            <ns3:hr>135</ns3:hr>
            <ns3:cad>92</ns3:cad>
          </ns3:TrackPointExtension>
        </extensions>
      </trkpt>
      <trkpt lat="29.28126476705074310302734375" lon="117.24665760062634944915771484375">
        <ele>60.59999847412109375</ele>
        <time>2026-05-05T12:22:37.000Z</time>
        <extensions>
          <ns3:TrackPointExtension>
            <ns3:hr>135</ns3:hr>
            <ns3:cad>91</ns3:cad>
          </ns3:TrackPointExtension>
        </extensions>
      </trkpt>
      <trkpt lat="29.2812726460397243499755859375" lon="117.2466129250824451446533203125">
        <ele>60.59999847412109375</ele>
        <time>2026-05-05T12:22:38.000Z</time>
        <extensions>
          <ns3:TrackPointExtension>
            <ns3:hr>134</ns3:hr>
            <ns3:cad>92</ns3:cad>
          </ns3:TrackPointExtension>
        </extensions>
      </trkpt>
      <trkpt lat="29.28127373568713665008544921875" lon="117.24659540690481662750244140625">
        <ele>60.59999847412109375</ele>
        <time>2026-05-05T12:22:39.000Z</time>
        <extensions>
          <ns3:TrackPointExtension>
            <ns3:hr>135</ns3:hr>
            <ns3:cad>92</ns3:cad>
          </ns3:TrackPointExtension>
        </extensions>
      </trkpt>
      <trkpt lat="29.28127549588680267333984375" lon="117.246559448540210723876953125">
        <ele>60.59999847412109375</ele>
        <time>2026-05-05T12:22:40.000Z</time>
        <extensions>
          <ns3:TrackPointExtension>
            <ns3:hr>135</ns3:hr>
            <ns3:cad>92</ns3:cad>
          </ns3:TrackPointExtension>
        </extensions>
      </trkpt>
      <trkpt lat="29.281274490058422088623046875" lon="117.24654377438127994537353515625">
        <ele>60.59999847412109375</ele>
        <time>2026-05-05T12:22:41.000Z</time>
        <extensions>
          <ns3:TrackPointExtension>
            <ns3:hr>135</ns3:hr>
            <ns3:cad>92</ns3:cad>
          </ns3:TrackPointExtension>
        </extensions>
      </trkpt>
      <trkpt lat="29.28127071820199489593505859375" lon="117.2465012781322002410888671875">
        <ele>60.59999847412109375</ele>
        <time>2026-05-05T12:22:42.000Z</time>
        <extensions>
          <ns3:TrackPointExtension>
            <ns3:hr>135</ns3:hr>
            <ns3:cad>91</ns3:cad>
          </ns3:TrackPointExtension>
        </extensions>
      </trkpt>
      <trkpt lat="29.2812679521739482879638671875" lon="117.24648728035390377044677734375">
        <ele>60.59999847412109375</ele>
        <time>2026-05-05T12:22:43.000Z</time>
        <extensions>
          <ns3:TrackPointExtension>
            <ns3:hr>135</ns3:hr>
            <ns3:cad>92</ns3:cad>
          </ns3:TrackPointExtension>
        </extensions>
      </trkpt>
      <trkpt lat="29.28125940263271331787109375" lon="117.2464486397802829742431640625">
        <ele>60.59999847412109375</ele>
        <time>2026-05-05T12:22:44.000Z</time>
        <extensions>
          <ns3:TrackPointExtension>
            <ns3:hr>135</ns3:hr>
            <ns3:cad>92</ns3:cad>
          </ns3:TrackPointExtension>
        </extensions>
      </trkpt>
      <trkpt lat="29.2812552116811275482177734375" lon="117.24643615074455738067626953125">
        <ele>60.59999847412109375</ele>
        <time>2026-05-05T12:22:45.000Z</time>
        <extensions>
          <ns3:TrackPointExtension>
            <ns3:hr>135</ns3:hr>
            <ns3:cad>92</ns3:cad>
          </ns3:TrackPointExtension>
        </extensions>
      </trkpt>
      <trkpt lat="29.2812399566173553466796875" lon="117.246395163238048553466796875">
        <ele>60.59999847412109375</ele>
        <time>2026-05-05T12:22:46.000Z</time>
        <extensions>
          <ns3:TrackPointExtension>
            <ns3:hr>135</ns3:hr>
            <ns3:cad>92</ns3:cad>
          </ns3:TrackPointExtension>
        </extensions>
      </trkpt>
      <trkpt lat="29.2812319099903106689453125" lon="117.24637881852686405181884765625">
        <ele>60.59999847412109375</ele>
        <time>2026-05-05T12:22:47.000Z</time>
        <extensions>
          <ns3:TrackPointExtension>
            <ns3:hr>135</ns3:hr>
            <ns3:cad>92</ns3:cad>
          </ns3:TrackPointExtension>
        </extensions>
      </trkpt>
      <trkpt lat="29.28121254779398441314697265625" lon="117.2463443689048290252685546875">
        <ele>60.59999847412109375</ele>
        <time>2026-05-05T12:22:48.000Z</time>
        <extensions>
          <ns3:TrackPointExtension>
            <ns3:hr>135</ns3:hr>
            <ns3:cad>92</ns3:cad>
          </ns3:TrackPointExtension>
        </extensions>
      </trkpt>
      <trkpt lat="29.2812015675008296966552734375" lon="117.24632802419364452362060546875">
        <ele>60.59999847412109375</ele>
        <time>2026-05-05T12:22:49.000Z</time>
        <extensions>
          <ns3:TrackPointExtension>
            <ns3:hr>135</ns3:hr>
            <ns3:cad>92</ns3:cad>
          </ns3:TrackPointExtension>
        </extensions>
      </trkpt>
      <trkpt lat="29.281179271638393402099609375" lon="117.246299944818019866943359375">
        <ele>60.59999847412109375</ele>
        <time>2026-05-05T12:22:50.000Z</time>
        <extensions>
          <ns3:TrackPointExtension>
            <ns3:hr>135</ns3:hr>
            <ns3:cad>92</ns3:cad>
          </ns3:TrackPointExtension>
        </extensions>
      </trkpt>
      <trkpt lat="29.2811680398881435394287109375" lon="117.24628745578229427337646484375">
        <ele>60.59999847412109375</ele>
        <time>2026-05-05T12:22:51.000Z</time>
        <extensions>
          <ns3:TrackPointExtension>
            <ns3:hr>135</ns3:hr>
            <ns3:cad>92</ns3:cad>
          </ns3:TrackPointExtension>
        </extensions>
      </trkpt>
      <trkpt lat="29.28114406764507293701171875" lon="117.24626515991985797882080078125">
        <ele>60.59999847412109375</ele>
        <time>2026-05-05T12:22:52.000Z</time>
        <extensions>
          <ns3:TrackPointExtension>
            <ns3:hr>135</ns3:hr>
            <ns3:cad>92</ns3:cad>
          </ns3:TrackPointExtension>
        </extensions>
      </trkpt>
      <trkpt lat="29.28113057278096675872802734375" lon="117.24625392816960811614990234375">
        <ele>60.59999847412109375</ele>
        <time>2026-05-05T12:22:53.000Z</time>
        <extensions>
          <ns3:TrackPointExtension>
            <ns3:hr>135</ns3:hr>
            <ns3:cad>92</ns3:cad>
          </ns3:TrackPointExtension>
        </extensions>
      </trkpt>
      <trkpt lat="29.281109534204006195068359375" lon="117.24623934365808963775634765625">
        <ele>60.59999847412109375</ele>
        <time>2026-05-05T12:22:54.000Z</time>
        <extensions>
          <ns3:TrackPointExtension>
            <ns3:hr>135</ns3:hr>
            <ns3:cad>92</ns3:cad>
          </ns3:TrackPointExtension>
        </extensions>
      </trkpt>
      <trkpt lat="29.28108816035091876983642578125" lon="117.2462263517081737518310546875">
        <ele>60.59999847412109375</ele>
        <time>2026-05-05T12:22:55.000Z</time>
        <extensions>
          <ns3:TrackPointExtension>
            <ns3:hr>135</ns3:hr>
            <ns3:cad>92</ns3:cad>
          </ns3:TrackPointExtension>
        </extensions>
      </trkpt>
      <trkpt lat="29.2810681276023387908935546875" lon="117.24621688015758991241455078125">
        <ele>60.59999847412109375</ele>
        <time>2026-05-05T12:22:56.000Z</time>
        <extensions>
          <ns3:TrackPointExtension>
            <ns3:hr>135</ns3:hr>
            <ns3:cad>92</ns3:cad>
          </ns3:TrackPointExtension>
        </extensions>
      </trkpt>
      <trkpt lat="29.2810426466166973114013671875" lon="117.24620640277862548828125">
        <ele>60.59999847412109375</ele>
        <time>2026-05-05T12:22:57.000Z</time>
        <extensions>
          <ns3:TrackPointExtension>
            <ns3:hr>135</ns3:hr>
            <ns3:cad>92</ns3:cad>
          </ns3:TrackPointExtension>
        </extensions>
      </trkpt>
      <trkpt lat="29.28103049285709857940673828125" lon="117.246202714741230010986328125">
        <ele>60.59999847412109375</ele>
        <time>2026-05-05T12:22:58.000Z</time>
        <extensions>
          <ns3:TrackPointExtension>
            <ns3:hr>135</ns3:hr>
            <ns3:cad>92</ns3:cad>
          </ns3:TrackPointExtension>
        </extensions>
      </trkpt>
      <trkpt lat="29.28099260665476322174072265625" lon="117.2461938299238681793212890625">
        <ele>60.59999847412109375</ele>
        <time>2026-05-05T12:22:59.000Z</time>
        <extensions>
          <ns3:TrackPointExtension>
            <ns3:hr>135</ns3:hr>
            <ns3:cad>92</ns3:cad>
          </ns3:TrackPointExtension>
        </extensions>
      </trkpt>
      <trkpt lat="29.28097969852387905120849609375" lon="117.24619290791451930999755859375">
        <ele>60.59999847412109375</ele>
        <time>2026-05-05T12:23:00.000Z</time>
        <extensions>
          <ns3:TrackPointExtension>
            <ns3:hr>135</ns3:hr>
            <ns3:cad>92</ns3:cad>
          </ns3:TrackPointExtension>
        </extensions>
      </trkpt>
      <trkpt lat="29.2809407226741313934326171875" lon="117.2461911477148532867431640625">
        <ele>60.59999847412109375</ele>
        <time>2026-05-05T12:23:01.000Z</time>
        <extensions>
          <ns3:TrackPointExtension>
            <ns3:hr>135</ns3:hr>
            <ns3:cad>92</ns3:cad>
          </ns3:TrackPointExtension>
        </extensions>
      </trkpt>
      <trkpt lat="29.28093007765710353851318359375" lon="117.24619223736226558685302734375">
        <ele>60.59999847412109375</ele>
        <time>2026-05-05T12:23:02.000Z</time>
        <extensions>
          <ns3:TrackPointExtension>
            <ns3:hr>135</ns3:hr>
            <ns3:cad>92</ns3:cad>
          </ns3:TrackPointExtension>
        </extensions>
      </trkpt>
      <trkpt lat="29.28088431246578693389892578125" lon="117.2461991943418979644775390625">
        <ele>60.59999847412109375</ele>
        <time>2026-05-05T12:23:03.000Z</time>
        <extensions>
          <ns3:TrackPointExtension>
            <ns3:hr>136</ns3:hr>
            <ns3:cad>92</ns3:cad>
          </ns3:TrackPointExtension>
        </extensions>
      </trkpt>
      <trkpt lat="29.28087458945810794830322265625" lon="117.24620179273188114166259765625">
        <ele>60.59999847412109375</ele>
        <time>2026-05-05T12:23:04.000Z</time>
        <extensions>
          <ns3:TrackPointExtension>
            <ns3:hr>136</ns3:hr>
            <ns3:cad>92</ns3:cad>
          </ns3:TrackPointExtension>
        </extensions>
      </trkpt>
      <trkpt lat="29.28083318285644054412841796875" lon="117.2462166287004947662353515625">
        <ele>60.59999847412109375</ele>
        <time>2026-05-05T12:23:05.000Z</time>
        <extensions>
          <ns3:TrackPointExtension>
            <ns3:hr>136</ns3:hr>
            <ns3:cad>92</ns3:cad>
          </ns3:TrackPointExtension>
        </extensions>
      </trkpt>
      <trkpt lat="29.2808216996490955352783203125" lon="117.24622174166142940521240234375">
        <ele>60.59999847412109375</ele>
        <time>2026-05-05T12:23:06.000Z</time>
        <extensions>
          <ns3:TrackPointExtension>
            <ns3:hr>136</ns3:hr>
            <ns3:cad>92</ns3:cad>
          </ns3:TrackPointExtension>
        </extensions>
      </trkpt>
      <trkpt lat="29.2807844839990139007568359375" lon="117.246243618428707122802734375">
        <ele>60.59999847412109375</ele>
        <time>2026-05-05T12:23:07.000Z</time>
        <extensions>
          <ns3:TrackPointExtension>
            <ns3:hr>136</ns3:hr>
            <ns3:cad>92</ns3:cad>
          </ns3:TrackPointExtension>
        </extensions>
      </trkpt>
      <trkpt lat="29.28077635355293750762939453125" lon="117.24624889902770519256591796875">
        <ele>60.59999847412109375</ele>
        <time>2026-05-05T12:23:08.000Z</time>
        <extensions>
          <ns3:TrackPointExtension>
            <ns3:hr>136</ns3:hr>
            <ns3:cad>92</ns3:cad>
          </ns3:TrackPointExtension>
        </extensions>
      </trkpt>
      <trkpt lat="29.2807415686547756195068359375" lon="117.24627823568880558013916015625">
        <ele>60.59999847412109375</ele>
        <time>2026-05-05T12:23:09.000Z</time>
        <extensions>
          <ns3:TrackPointExtension>
            <ns3:hr>136</ns3:hr>
            <ns3:cad>91</ns3:cad>
          </ns3:TrackPointExtension>
        </extensions>
      </trkpt>
      <trkpt lat="29.28073293529450893402099609375" lon="117.2462860308587551116943359375">
        <ele>60.59999847412109375</ele>
        <time>2026-05-05T12:23:10.000Z</time>
        <extensions>
          <ns3:TrackPointExtension>
            <ns3:hr>137</ns3:hr>
            <ns3:cad>91</ns3:cad>
          </ns3:TrackPointExtension>
        </extensions>
      </trkpt>
      <trkpt lat="29.2806986533105373382568359375" lon="117.24632098339498043060302734375">
        <ele>60.59999847412109375</ele>
        <time>2026-05-05T12:23:11.000Z</time>
        <extensions>
          <ns3:TrackPointExtension>
            <ns3:hr>137</ns3:hr>
            <ns3:cad>91</ns3:cad>
          </ns3:TrackPointExtension>
        </extensions>
      </trkpt>
      <trkpt lat="29.2806896008551120758056640625" lon="117.24633020348846912384033203125">
        <ele>60.59999847412109375</ele>
        <time>2026-05-05T12:23:12.000Z</time>
        <extensions>
          <ns3:TrackPointExtension>
            <ns3:hr>137</ns3:hr>
            <ns3:cad>91</ns3:cad>
          </ns3:TrackPointExtension>
        </extensions>
      </trkpt>
      <trkpt lat="29.280662275850772857666015625" lon="117.2463581152260303497314453125">
        <ele>60.59999847412109375</ele>
        <time>2026-05-05T12:23:13.000Z</time>
        <extensions>
          <ns3:TrackPointExtension>
            <ns3:hr>136</ns3:hr>
            <ns3:cad>92</ns3:cad>
          </ns3:TrackPointExtension>
        </extensions>
      </trkpt>
      <trkpt lat="29.280654229223728179931640625" lon="117.246366329491138458251953125">
        <ele>60.59999847412109375</ele>
        <time>2026-05-05T12:23:14.000Z</time>
        <extensions>
          <ns3:TrackPointExtension>
            <ns3:hr>137</ns3:hr>
            <ns3:cad>92</ns3:cad>
          </ns3:TrackPointExtension>
        </extensions>
      </trkpt>
      <trkpt lat="29.28062279708683490753173828125" lon="117.2463983483612537384033203125">
        <ele>60.59999847412109375</ele>
        <time>2026-05-05T12:23:15.000Z</time>
        <extensions>
          <ns3:TrackPointExtension>
            <ns3:hr>136</ns3:hr>
            <ns3:cad>92</ns3:cad>
          </ns3:TrackPointExtension>
        </extensions>
      </trkpt>
      <trkpt lat="29.28060804493725299835205078125" lon="117.2464134357869625091552734375">
        <ele>60.59999847412109375</ele>
        <time>2026-05-05T12:23:16.000Z</time>
        <extensions>
          <ns3:TrackPointExtension>
            <ns3:hr>136</ns3:hr>
            <ns3:cad>92</ns3:cad>
          </ns3:TrackPointExtension>
        </extensions>
      </trkpt>
      <trkpt lat="29.280593879520893096923828125" lon="117.2464278526604175567626953125">
        <ele>60.59999847412109375</ele>
        <time>2026-05-05T12:23:17.000Z</time>
        <extensions>
          <ns3:TrackPointExtension>
            <ns3:hr>136</ns3:hr>
            <ns3:cad>92</ns3:cad>
          </ns3:TrackPointExtension>
        </extensions>
      </trkpt>
      <trkpt lat="29.28057032637298107147216796875" lon="117.24645190872251987457275390625">
        <ele>60.59999847412109375</ele>
        <time>2026-05-05T12:23:18.000Z</time>
        <extensions>
          <ns3:TrackPointExtension>
            <ns3:hr>136</ns3:hr>
            <ns3:cad>92</ns3:cad>
          </ns3:TrackPointExtension>
        </extensions>
      </trkpt>
      <trkpt lat="29.280550964176654815673828125" lon="117.246471606194972991943359375">
        <ele>60.59999847412109375</ele>
        <time>2026-05-05T12:23:19.000Z</time>
        <extensions>
          <ns3:TrackPointExtension>
            <ns3:hr>136</ns3:hr>
            <ns3:cad>92</ns3:cad>
          </ns3:TrackPointExtension>
        </extensions>
      </trkpt>
      <trkpt lat="29.28053445182740688323974609375" lon="117.2464885376393795013427734375">
        <ele>60.59999847412109375</ele>
        <time>2026-05-05T12:23:20.000Z</time>
        <extensions>
          <ns3:TrackPointExtension>
            <ns3:hr>135</ns3:hr>
            <ns3:cad>92</ns3:cad>
          </ns3:TrackPointExtension>
        </extensions>
      </trkpt>
      <trkpt lat="29.28051584400236606597900390625" lon="117.24650756455957889556884765625">
        <ele>60.59999847412109375</ele>
        <time>2026-05-05T12:23:21.000Z</time>
        <extensions>
          <ns3:TrackPointExtension>
            <ns3:hr>135</ns3:hr>
            <ns3:cad>91</ns3:cad>
          </ns3:TrackPointExtension>
        </extensions>
      </trkpt>
      <trkpt lat="29.28049606271088123321533203125" lon="117.24652768112719058990478515625">
        <ele>60.59999847412109375</ele>
        <time>2026-05-05T12:23:22.000Z</time>
        <extensions>
          <ns3:TrackPointExtension>
            <ns3:hr>134</ns3:hr>
            <ns3:cad>91</ns3:cad>
          </ns3:TrackPointExtension>
        </extensions>
      </trkpt>
      <trkpt lat="29.28047779016196727752685546875" lon="117.24654637277126312255859375">
        <ele>60.59999847412109375</ele>
        <time>2026-05-05T12:23:23.000Z</time>
        <extensions>
          <ns3:TrackPointExtension>
            <ns3:hr>134</ns3:hr>
            <ns3:cad>91</ns3:cad>
          </ns3:TrackPointExtension>
        </extensions>
      </trkpt>
      <trkpt lat="29.28045549429953098297119140625" lon="117.24656908772885799407958984375">
        <ele>60.59999847412109375</ele>
        <time>2026-05-05T12:23:24.000Z</time>
        <extensions>
          <ns3:TrackPointExtension>
            <ns3:hr>134</ns3:hr>
            <ns3:cad>92</ns3:cad>
          </ns3:TrackPointExtension>
        </extensions>
      </trkpt>
      <trkpt lat="29.280439652502536773681640625" lon="117.24658526480197906494140625">
        <ele>60.59999847412109375</ele>
        <time>2026-05-05T12:23:25.000Z</time>
        <extensions>
          <ns3:TrackPointExtension>
            <ns3:hr>133</ns3:hr>
            <ns3:cad>92</ns3:cad>
          </ns3:TrackPointExtension>
        </extensions>
      </trkpt>
      <trkpt lat="29.280418194830417633056640625" lon="117.24660714156925678253173828125">
        <ele>60.59999847412109375</ele>
        <time>2026-05-05T12:23:26.000Z</time>
        <extensions>
          <ns3:TrackPointExtension>
            <ns3:hr>133</ns3:hr>
            <ns3:cad>90</ns3:cad>
          </ns3:TrackPointExtension>
        </extensions>
      </trkpt>
      <trkpt lat="29.28040185011923313140869140625" lon="117.246623821556568145751953125">
        <ele>60.59999847412109375</ele>
        <time>2026-05-05T12:23:27.000Z</time>
        <extensions>
          <ns3:TrackPointExtension>
            <ns3:hr>133</ns3:hr>
            <ns3:cad>90</ns3:cad>
          </ns3:TrackPointExtension>
        </extensions>
      </trkpt>
      <trkpt lat="29.280384667217731475830078125" lon="117.24664133973419666290283203125">
        <ele>60.59999847412109375</ele>
        <time>2026-05-05T12:23:28.000Z</time>
        <extensions>
          <ns3:TrackPointExtension>
            <ns3:hr>133</ns3:hr>
            <ns3:cad>90</ns3:cad>
          </ns3:TrackPointExtension>
        </extensions>
      </trkpt>
      <trkpt lat="29.28036765195429325103759765625" lon="117.246658690273761749267578125">
        <ele>60.59999847412109375</ele>
        <time>2026-05-05T12:23:29.000Z</time>
        <extensions>
          <ns3:TrackPointExtension>
            <ns3:hr>133</ns3:hr>
            <ns3:cad>90</ns3:cad>
          </ns3:TrackPointExtension>
        </extensions>
      </trkpt>
      <trkpt lat="29.2803506366908550262451171875" lon="117.246676124632358551025390625">
        <ele>60.59999847412109375</ele>
        <time>2026-05-05T12:23:30.000Z</time>
        <extensions>
          <ns3:TrackPointExtension>
            <ns3:hr>133</ns3:hr>
            <ns3:cad>90</ns3:cad>
          </ns3:TrackPointExtension>
        </extensions>
      </trkpt>
      <trkpt lat="29.2803318612277507781982421875" lon="117.24669523537158966064453125">
        <ele>60.59999847412109375</ele>
        <time>2026-05-05T12:23:31.000Z</time>
        <extensions>
          <ns3:TrackPointExtension>
            <ns3:hr>132</ns3:hr>
            <ns3:cad>90</ns3:cad>
          </ns3:TrackPointExtension>
        </extensions>
      </trkpt>
      <trkpt lat="29.280314929783344268798828125" lon="117.2467125020921230316162109375">
        <ele>60.59999847412109375</ele>
        <time>2026-05-05T12:23:32.000Z</time>
        <extensions>
          <ns3:TrackPointExtension>
            <ns3:hr>132</ns3:hr>
            <ns3:cad>90</ns3:cad>
          </ns3:TrackPointExtension>
        </extensions>
      </trkpt>
      <trkpt lat="29.28029908798635005950927734375" lon="117.24672867916524410247802734375">
        <ele>60.59999847412109375</ele>
        <time>2026-05-05T12:23:33.000Z</time>
        <extensions>
          <ns3:TrackPointExtension>
            <ns3:hr>132</ns3:hr>
            <ns3:cad>90</ns3:cad>
          </ns3:TrackPointExtension>
        </extensions>
      </trkpt>
      <trkpt lat="29.28027779795229434967041015625" lon="117.2467503882944583892822265625">
        <ele>60.59999847412109375</ele>
        <time>2026-05-05T12:23:34.000Z</time>
        <extensions>
          <ns3:TrackPointExtension>
            <ns3:hr>132</ns3:hr>
            <ns3:cad>91</ns3:cad>
          </ns3:TrackPointExtension>
        </extensions>
      </trkpt>
      <trkpt lat="29.28026170469820499420166015625" lon="117.24676690064370632171630859375">
        <ele>60.59999847412109375</ele>
        <time>2026-05-05T12:23:35.000Z</time>
        <extensions>
          <ns3:TrackPointExtension>
            <ns3:hr>132</ns3:hr>
            <ns3:cad>92</ns3:cad>
          </ns3:TrackPointExtension>
        </extensions>
      </trkpt>
      <trkpt lat="29.280240498483180999755859375" lon="117.246788442134857177734375">
        <ele>60.59999847412109375</ele>
        <time>2026-05-05T12:23:36.000Z</time>
        <extensions>
          <ns3:TrackPointExtension>
            <ns3:hr>132</ns3:hr>
            <ns3:cad>92</ns3:cad>
          </ns3:TrackPointExtension>
        </extensions>
      </trkpt>
      <trkpt lat="29.2802249081432819366455078125" lon="117.2468043677508831024169921875">
        <ele>60.59999847412109375</ele>
        <time>2026-05-05T12:23:37.000Z</time>
        <extensions>
          <ns3:TrackPointExtension>
            <ns3:hr>132</ns3:hr>
            <ns3:cad>92</ns3:cad>
          </ns3:TrackPointExtension>
        </extensions>
      </trkpt>
      <trkpt lat="29.28020705468952655792236328125" lon="117.24682264029979705810546875">
        <ele>60.59999847412109375</ele>
        <time>2026-05-05T12:23:38.000Z</time>
        <extensions>
          <ns3:TrackPointExtension>
            <ns3:hr>131</ns3:hr>
            <ns3:cad>92</ns3:cad>
          </ns3:TrackPointExtension>
        </extensions>
      </trkpt>
      <trkpt lat="29.28019456565380096435546875" lon="117.2468353807926177978515625">
        <ele>60.59999847412109375</ele>
        <time>2026-05-05T12:23:39.000Z</time>
        <extensions>
          <ns3:TrackPointExtension>
            <ns3:hr>131</ns3:hr>
            <ns3:cad>90</ns3:cad>
          </ns3:TrackPointExtension>
        </extensions>
      </trkpt>
      <trkpt lat="29.2801699228584766387939453125" lon="117.246860526502132415771484375">
        <ele>60.59999847412109375</ele>
        <time>2026-05-05T12:23:40.000Z</time>
        <extensions>
          <ns3:TrackPointExtension>
            <ns3:hr>131</ns3:hr>
            <ns3:cad>90</ns3:cad>
          </ns3:TrackPointExtension>
        </extensions>
      </trkpt>
      <trkpt lat="29.28015558980405330657958984375" lon="117.2468751110136508941650390625">
        <ele>60.59999847412109375</ele>
        <time>2026-05-05T12:23:41.000Z</time>
        <extensions>
          <ns3:TrackPointExtension>
            <ns3:hr>130</ns3:hr>
            <ns3:cad>90</ns3:cad>
          </ns3:TrackPointExtension>
        </extensions>
      </trkpt>
      <trkpt lat="29.28013647906482219696044921875" lon="117.2468975745141506195068359375">
        <ele>60.59999847412109375</ele>
        <time>2026-05-05T12:23:42.000Z</time>
        <extensions>
          <ns3:TrackPointExtension>
            <ns3:hr>130</ns3:hr>
            <ns3:cad>90</ns3:cad>
          </ns3:TrackPointExtension>
        </extensions>
      </trkpt>
      <trkpt lat="29.280121140182018280029296875" lon="117.2469163499772548675537109375">
        <ele>60.59999847412109375</ele>
        <time>2026-05-05T12:23:43.000Z</time>
        <extensions>
          <ns3:TrackPointExtension>
            <ns3:hr>129</ns3:hr>
            <ns3:cad>89</ns3:cad>
          </ns3:TrackPointExtension>
        </extensions>
      </trkpt>
      <trkpt lat="29.28010747767984867095947265625" lon="117.24693789146840572357177734375">
        <ele>60.59999847412109375</ele>
        <time>2026-05-05T12:23:44.000Z</time>
        <extensions>
          <ns3:TrackPointExtension>
            <ns3:hr>129</ns3:hr>
            <ns3:cad>89</ns3:cad>
          </ns3:TrackPointExtension>
        </extensions>
      </trkpt>
      <trkpt lat="29.280094988644123077392578125" lon="117.24695809185504913330078125">
        <ele>60.59999847412109375</ele>
        <time>2026-05-05T12:23:45.000Z</time>
        <extensions>
          <ns3:TrackPointExtension>
            <ns3:hr>129</ns3:hr>
            <ns3:cad>90</ns3:cad>
          </ns3:TrackPointExtension>
        </extensions>
      </trkpt>
      <trkpt lat="29.28008249960839748382568359375" lon="117.24698499776422977447509765625">
        <ele>60.59999847412109375</ele>
        <time>2026-05-05T12:23:46.000Z</time>
        <extensions>
          <ns3:TrackPointExtension>
            <ns3:hr>129</ns3:hr>
            <ns3:cad>90</ns3:cad>
          </ns3:TrackPointExtension>
        </extensions>
      </trkpt>
      <trkpt lat="29.28007629700005054473876953125" lon="117.2469984926283359527587890625">
        <ele>60.59999847412109375</ele>
        <time>2026-05-05T12:23:47.000Z</time>
        <extensions>
          <ns3:TrackPointExtension>
            <ns3:hr>129</ns3:hr>
            <ns3:cad>90</ns3:cad>
          </ns3:TrackPointExtension>
        </extensions>
      </trkpt>
      <trkpt lat="29.28006590344011783599853515625" lon="117.2470293380320072174072265625">
        <ele>60.59999847412109375</ele>
        <time>2026-05-05T12:23:48.000Z</time>
        <extensions>
          <ns3:TrackPointExtension>
            <ns3:hr>129</ns3:hr>
            <ns3:cad>90</ns3:cad>
          </ns3:TrackPointExtension>
        </extensions>
      </trkpt>
      <trkpt lat="29.28005752153694629669189453125" lon="117.24705842323601245880126953125">
        <ele>60.59999847412109375</ele>
        <time>2026-05-05T12:23:49.000Z</time>
        <extensions>
          <ns3:TrackPointExtension>
            <ns3:hr>128</ns3:hr>
            <ns3:cad>90</ns3:cad>
          </ns3:TrackPointExtension>
        </extensions>
      </trkpt>
      <trkpt lat="29.2800508998334407806396484375" lon="117.2470953874289989471435546875">
        <ele>60.59999847412109375</ele>
        <time>2026-05-05T12:23:50.000Z</time>
        <extensions>
          <ns3:TrackPointExtension>
            <ns3:hr>128</ns3:hr>
            <ns3:cad>90</ns3:cad>
          </ns3:TrackPointExtension>
        </extensions>
      </trkpt>
      <trkpt lat="29.28004813380539417266845703125" lon="117.24712438881397247314453125">
        <ele>60.59999847412109375</ele>
        <time>2026-05-05T12:23:51.000Z</time>
        <extensions>
          <ns3:TrackPointExtension>
            <ns3:hr>129</ns3:hr>
            <ns3:cad>90</ns3:cad>
          </ns3:TrackPointExtension>
        </extensions>
      </trkpt>
      <trkpt lat="29.28004679270088672637939453125" lon="117.24716462194919586181640625">
        <ele>60.59999847412109375</ele>
        <time>2026-05-05T12:23:52.000Z</time>
        <extensions>
          <ns3:TrackPointExtension>
            <ns3:hr>129</ns3:hr>
            <ns3:cad>91</ns3:cad>
          </ns3:TrackPointExtension>
        </extensions>
      </trkpt>
      <trkpt lat="29.2800478823482990264892578125" lon="117.2471795417368412017822265625">
        <ele>60.59999847412109375</ele>
        <time>2026-05-05T12:23:53.000Z</time>
        <extensions>
          <ns3:TrackPointExtension>
            <ns3:hr>129</ns3:hr>
            <ns3:cad>91</ns3:cad>
          </ns3:TrackPointExtension>
        </extensions>
      </trkpt>
      <trkpt lat="29.28005165420472621917724609375" lon="117.247218601405620574951171875">
        <ele>60.59999847412109375</ele>
        <time>2026-05-05T12:23:54.000Z</time>
        <extensions>
          <ns3:TrackPointExtension>
            <ns3:hr>129</ns3:hr>
            <ns3:cad>92</ns3:cad>
          </ns3:TrackPointExtension>
        </extensions>
      </trkpt>
      <trkpt lat="29.28005618043243885040283203125" lon="117.24724098108708858489990234375">
        <ele>60.59999847412109375</ele>
        <time>2026-05-05T12:23:55.000Z</time>
        <extensions>
          <ns3:TrackPointExtension>
            <ns3:hr>129</ns3:hr>
            <ns3:cad>92</ns3:cad>
          </ns3:TrackPointExtension>
        </extensions>
      </trkpt>
      <trkpt lat="29.28006992675364017486572265625" lon="117.2472908534109592437744140625">
        <ele>60.59999847412109375</ele>
        <time>2026-05-05T12:23:56.000Z</time>
        <extensions>
          <ns3:TrackPointExtension>
            <ns3:hr>129</ns3:hr>
            <ns3:cad>91</ns3:cad>
          </ns3:TrackPointExtension>
        </extensions>
      </trkpt>
      <trkpt lat="29.28007520735263824462890625" lon="117.24730635993182659149169921875">
        <ele>60.59999847412109375</ele>
        <time>2026-05-05T12:23:57.000Z</time>
        <extensions>
          <ns3:TrackPointExtension>
            <ns3:hr>129</ns3:hr>
            <ns3:cad>91</ns3:cad>
          </ns3:TrackPointExtension>
        </extensions>
      </trkpt>
      <trkpt lat="29.280095659196376800537109375" lon="117.24735011346638202667236328125">
        <ele>60.59999847412109375</ele>
        <time>2026-05-05T12:23:58.000Z</time>
        <extensions>
          <ns3:TrackPointExtension>
            <ns3:hr>129</ns3:hr>
            <ns3:cad>91</ns3:cad>
          </ns3:TrackPointExtension>
        </extensions>
      </trkpt>
      <trkpt lat="29.2801021970808506011962890625" lon="117.24736251868307590484619140625">
        <ele>60.59999847412109375</ele>
        <time>2026-05-05T12:23:59.000Z</time>
        <extensions>
          <ns3:TrackPointExtension>
            <ns3:hr>129</ns3:hr>
            <ns3:cad>92</ns3:cad>
          </ns3:TrackPointExtension>
        </extensions>
      </trkpt>
      <trkpt lat="29.280130527913570404052734375" lon="117.2474040091037750244140625">
        <ele>60.59999847412109375</ele>
        <time>2026-05-05T12:24:00.000Z</time>
        <extensions>
          <ns3:TrackPointExtension>
            <ns3:hr>129</ns3:hr>
            <ns3:cad>92</ns3:cad>
          </ns3:TrackPointExtension>
        </extensions>
      </trkpt>
      <trkpt lat="29.280139245092868804931640625" lon="117.24741381593048572540283203125">
        <ele>60.59999847412109375</ele>
        <time>2026-05-05T12:24:01.000Z</time>
        <extensions>
          <ns3:TrackPointExtension>
            <ns3:hr>129</ns3:hr>
            <ns3:cad>92</ns3:cad>
          </ns3:TrackPointExtension>
        </extensions>
      </trkpt>
      <trkpt lat="29.28015768527984619140625" lon="117.2474343515932559967041015625">
        <ele>60.59999847412109375</ele>
        <time>2026-05-05T12:24:02.000Z</time>
        <extensions>
          <ns3:TrackPointExtension>
            <ns3:hr>129</ns3:hr>
            <ns3:cad>92</ns3:cad>
          </ns3:TrackPointExtension>
        </extensions>
      </trkpt>
      <trkpt lat="29.28017654456198215484619140625" lon="117.247451283037662506103515625">
        <ele>60.59999847412109375</ele>
        <time>2026-05-05T12:24:03.000Z</time>
        <extensions>
          <ns3:TrackPointExtension>
            <ns3:hr>129</ns3:hr>
            <ns3:cad>92</ns3:cad>
          </ns3:TrackPointExtension>
        </extensions>
      </trkpt>
      <trkpt lat="29.2802088148891925811767578125" lon="117.247476093471050262451171875">
        <ele>60.59999847412109375</ele>
        <time>2026-05-05T12:24:04.000Z</time>
        <extensions>
          <ns3:TrackPointExtension>
            <ns3:hr>129</ns3:hr>
            <ns3:cad>92</ns3:cad>
          </ns3:TrackPointExtension>
        </extensions>
      </trkpt>
      <trkpt lat="29.28022800944745540618896484375" lon="117.24748774431645870208740234375">
        <ele>60.59999847412109375</ele>
        <time>2026-05-05T12:24:05.000Z</time>
        <extensions>
          <ns3:TrackPointExtension>
            <ns3:hr>130</ns3:hr>
            <ns3:cad>92</ns3:cad>
          </ns3:TrackPointExtension>
        </extensions>
      </trkpt>
      <trkpt lat="29.280248545110225677490234375" lon="117.24749864079058170318603515625">
        <ele>60.59999847412109375</ele>
        <time>2026-05-05T12:24:06.000Z</time>
        <extensions>
          <ns3:TrackPointExtension>
            <ns3:hr>130</ns3:hr>
            <ns3:cad>92</ns3:cad>
          </ns3:TrackPointExtension>
        </extensions>
      </trkpt>
      <trkpt lat="29.280274696648120880126953125" lon="117.24750936962664127349853515625">
        <ele>60.59999847412109375</ele>
        <time>2026-05-05T12:24:07.000Z</time>
        <extensions>
          <ns3:TrackPointExtension>
            <ns3:hr>130</ns3:hr>
            <ns3:cad>92</ns3:cad>
          </ns3:TrackPointExtension>
        </extensions>
      </trkpt>
      <trkpt lat="29.2802849225699901580810546875" lon="117.24751339294016361236572265625">
        <ele>60.59999847412109375</ele>
        <time>2026-05-05T12:24:08.000Z</time>
        <extensions>
          <ns3:TrackPointExtension>
            <ns3:hr>129</ns3:hr>
            <ns3:cad>92</ns3:cad>
          </ns3:TrackPointExtension>
        </extensions>
      </trkpt>
      <trkpt lat="29.28031953983008861541748046875" lon="117.2475215233862400054931640625">
        <ele>60.59999847412109375</ele>
        <time>2026-05-05T12:24:09.000Z</time>
        <extensions>
          <ns3:TrackPointExtension>
            <ns3:hr>129</ns3:hr>
            <ns3:cad>92</ns3:cad>
          </ns3:TrackPointExtension>
        </extensions>
      </trkpt>
      <trkpt lat="29.280331023037433624267578125" lon="117.24752395413815975189208984375">
        <ele>60.59999847412109375</ele>
        <time>2026-05-05T12:24:10.000Z</time>
        <extensions>
          <ns3:TrackPointExtension>
            <ns3:hr>129</ns3:hr>
            <ns3:cad>92</ns3:cad>
          </ns3:TrackPointExtension>
        </extensions>
      </trkpt>
      <trkpt lat="29.2803650535643100738525390625" lon="117.2475262172520160675048828125">
        <ele>60.59999847412109375</ele>
        <time>2026-05-05T12:24:11.000Z</time>
        <extensions>
          <ns3:TrackPointExtension>
            <ns3:hr>129</ns3:hr>
            <ns3:cad>92</ns3:cad>
          </ns3:TrackPointExtension>
        </extensions>
      </trkpt>
      <trkpt lat="29.2803801409900188446044921875" lon="117.2475265525281429290771484375">
        <ele>60.59999847412109375</ele>
        <time>2026-05-05T12:24:12.000Z</time>
        <extensions>
          <ns3:TrackPointExtension>
            <ns3:hr>129</ns3:hr>
            <ns3:cad>92</ns3:cad>
          </ns3:TrackPointExtension>
        </extensions>
      </trkpt>
      <trkpt lat="29.2804186977446079254150390625" lon="117.24752278067171573638916015625">
        <ele>60.59999847412109375</ele>
        <time>2026-05-05T12:24:13.000Z</time>
        <extensions>
          <ns3:TrackPointExtension>
            <ns3:hr>129</ns3:hr>
            <ns3:cad>91</ns3:cad>
          </ns3:TrackPointExtension>
        </extensions>
      </trkpt>
      <trkpt lat="29.2804354615509510040283203125" lon="117.24751892499625682830810546875">
        <ele>60.59999847412109375</ele>
        <time>2026-05-05T12:24:14.000Z</time>
        <extensions>
          <ns3:TrackPointExtension>
            <ns3:hr>129</ns3:hr>
            <ns3:cad>91</ns3:cad>
          </ns3:TrackPointExtension>
        </extensions>
      </trkpt>
      <trkpt lat="29.28047158755362033843994140625" lon="117.2475086152553558349609375">
        <ele>60.59999847412109375</ele>
        <time>2026-05-05T12:24:15.000Z</time>
        <extensions>
          <ns3:TrackPointExtension>
            <ns3:hr>129</ns3:hr>
            <ns3:cad>91</ns3:cad>
          </ns3:TrackPointExtension>
        </extensions>
      </trkpt>
      <trkpt lat="29.28048164583742618560791015625" lon="117.24750417284667491912841796875">
        <ele>60.59999847412109375</ele>
        <time>2026-05-05T12:24:16.000Z</time>
        <extensions>
          <ns3:TrackPointExtension>
            <ns3:hr>129</ns3:hr>
            <ns3:cad>90</ns3:cad>
          </ns3:TrackPointExtension>
        </extensions>
      </trkpt>
      <trkpt lat="29.280525483191013336181640625" lon="117.24748170934617519378662109375">
        <ele>60.59999847412109375</ele>
        <time>2026-05-05T12:24:17.000Z</time>
        <extensions>
          <ns3:TrackPointExtension>
            <ns3:hr>129</ns3:hr>
            <ns3:cad>90</ns3:cad>
          </ns3:TrackPointExtension>
        </extensions>
      </trkpt>
      <trkpt lat="29.28053361363708972930908203125" lon="117.2474764287471771240234375">
        <ele>60.59999847412109375</ele>
        <time>2026-05-05T12:24:18.000Z</time>
        <extensions>
          <ns3:TrackPointExtension>
            <ns3:hr>129</ns3:hr>
            <ns3:cad>90</ns3:cad>
          </ns3:TrackPointExtension>
        </extensions>
      </trkpt>
      <trkpt lat="29.2805678956210613250732421875" lon="117.24745036102831363677978515625">
        <ele>60.59999847412109375</ele>
        <time>2026-05-05T12:24:19.000Z</time>
        <extensions>
          <ns3:TrackPointExtension>
            <ns3:hr>129</ns3:hr>
            <ns3:cad>90</ns3:cad>
          </ns3:TrackPointExtension>
        </extensions>
      </trkpt>
      <trkpt lat="29.2805769480764865875244140625" lon="117.2474423982203006744384765625">
        <ele>60.59999847412109375</ele>
        <time>2026-05-05T12:24:20.000Z</time>
        <extensions>
          <ns3:TrackPointExtension>
            <ns3:hr>129</ns3:hr>
            <ns3:cad>90</ns3:cad>
          </ns3:TrackPointExtension>
        </extensions>
      </trkpt>
      <trkpt lat="29.2806104756891727447509765625" lon="117.247409708797931671142578125">
        <ele>60.59999847412109375</ele>
        <time>2026-05-05T12:24:21.000Z</time>
        <extensions>
          <ns3:TrackPointExtension>
            <ns3:hr>130</ns3:hr>
            <ns3:cad>90</ns3:cad>
          </ns3:TrackPointExtension>
        </extensions>
      </trkpt>
      <trkpt lat="29.2806148342788219451904296875" lon="117.24740526638925075531005859375">
        <ele>60.59999847412109375</ele>
        <time>2026-05-05T12:24:22.000Z</time>
        <extensions>
          <ns3:TrackPointExtension>
            <ns3:hr>130</ns3:hr>
            <ns3:cad>91</ns3:cad>
          </ns3:TrackPointExtension>
        </extensions>
      </trkpt>
      <trkpt lat="29.2806471884250640869140625" lon="117.24737224169075489044189453125">
        <ele>60.59999847412109375</ele>
        <time>2026-05-05T12:24:23.000Z</time>
        <extensions>
          <ns3:TrackPointExtension>
            <ns3:hr>130</ns3:hr>
            <ns3:cad>91</ns3:cad>
          </ns3:TrackPointExtension>
        </extensions>
      </trkpt>
      <trkpt lat="29.280650876462459564208984375" lon="117.24736846983432769775390625">
        <ele>60.59999847412109375</ele>
        <time>2026-05-05T12:24:24.000Z</time>
        <extensions>
          <ns3:TrackPointExtension>
            <ns3:hr>130</ns3:hr>
            <ns3:cad>91</ns3:cad>
          </ns3:TrackPointExtension>
        </extensions>
      </trkpt>
      <trkpt lat="29.2806805483996868133544921875" lon="117.24733821116387844085693359375">
        <ele>60.59999847412109375</ele>
        <time>2026-05-05T12:24:25.000Z</time>
        <extensions>
          <ns3:TrackPointExtension>
            <ns3:hr>131</ns3:hr>
            <ns3:cad>91</ns3:cad>
          </ns3:TrackPointExtension>
        </extensions>
      </trkpt>
      <trkpt lat="29.28069152869284152984619140625" lon="117.2473270632326602935791015625">
        <ele>60.59999847412109375</ele>
        <time>2026-05-05T12:24:26.000Z</time>
        <extensions>
          <ns3:TrackPointExtension>
            <ns3:hr>131</ns3:hr>
            <ns3:cad>92</ns3:cad>
          </ns3:TrackPointExtension>
        </extensions>
      </trkpt>
      <trkpt lat="29.28072027862071990966796875" lon="117.24729764275252819061279296875">
        <ele>60.59999847412109375</ele>
        <time>2026-05-05T12:24:27.000Z</time>
        <extensions>
          <ns3:TrackPointExtension>
            <ns3:hr>131</ns3:hr>
            <ns3:cad>92</ns3:cad>
          </ns3:TrackPointExtension>
        </extensions>
      </trkpt>
      <trkpt lat="29.280730001628398895263671875" lon="117.24728775210678577423095703125">
        <ele>60.59999847412109375</ele>
        <time>2026-05-05T12:24:28.000Z</time>
        <extensions>
          <ns3:TrackPointExtension>
            <ns3:hr>131</ns3:hr>
            <ns3:cad>92</ns3:cad>
          </ns3:TrackPointExtension>
        </extensions>
      </trkpt>
      <trkpt lat="29.28075606934726238250732421875" lon="117.24726109765470027923583984375">
        <ele>60.59999847412109375</ele>
        <time>2026-05-05T12:24:29.000Z</time>
        <extensions>
          <ns3:TrackPointExtension>
            <ns3:hr>131</ns3:hr>
            <ns3:cad>92</ns3:cad>
          </ns3:TrackPointExtension>
        </extensions>
      </trkpt>
      <trkpt lat="29.28076495416462421417236328125" lon="117.247252129018306732177734375">
        <ele>60.59999847412109375</ele>
        <time>2026-05-05T12:24:30.000Z</time>
        <extensions>
          <ns3:TrackPointExtension>
            <ns3:hr>131</ns3:hr>
            <ns3:cad>92</ns3:cad>
          </ns3:TrackPointExtension>
        </extensions>
      </trkpt>
      <trkpt lat="29.28079068660736083984375" lon="117.2472258098423480987548828125">
        <ele>60.59999847412109375</ele>
        <time>2026-05-05T12:24:31.000Z</time>
        <extensions>
          <ns3:TrackPointExtension>
            <ns3:hr>130</ns3:hr>
            <ns3:cad>92</ns3:cad>
          </ns3:TrackPointExtension>
        </extensions>
      </trkpt>
      <trkpt lat="29.280803762376308441162109375" lon="117.24721248261630535125732421875">
        <ele>60.59999847412109375</ele>
        <time>2026-05-05T12:24:32.000Z</time>
        <extensions>
          <ns3:TrackPointExtension>
            <ns3:hr>131</ns3:hr>
            <ns3:cad>92</ns3:cad>
          </ns3:TrackPointExtension>
        </extensions>
      </trkpt>
      <trkpt lat="29.280827231705188751220703125" lon="117.24718851037323474884033203125">
        <ele>60.59999847412109375</ele>
        <time>2026-05-05T12:24:33.000Z</time>
        <extensions>
          <ns3:TrackPointExtension>
            <ns3:hr>131</ns3:hr>
            <ns3:cad>92</ns3:cad>
          </ns3:TrackPointExtension>
        </extensions>
      </trkpt>
      <trkpt lat="29.28084231913089752197265625" lon="117.2471731714904308319091796875">
        <ele>60.59999847412109375</ele>
        <time>2026-05-05T12:24:34.000Z</time>
        <extensions>
          <ns3:TrackPointExtension>
            <ns3:hr>130</ns3:hr>
            <ns3:cad>92</ns3:cad>
          </ns3:TrackPointExtension>
        </extensions>
      </trkpt>
      <trkpt lat="29.2808649502694606781005859375" lon="117.2471500374376773834228515625">
        <ele>60.59999847412109375</ele>
        <time>2026-05-05T12:24:35.000Z</time>
        <extensions>
          <ns3:TrackPointExtension>
            <ns3:hr>131</ns3:hr>
            <ns3:cad>92</ns3:cad>
          </ns3:TrackPointExtension>
        </extensions>
      </trkpt>
      <trkpt lat="29.28088079206645488739013671875" lon="117.24713386036455631256103515625">
        <ele>60.59999847412109375</ele>
        <time>2026-05-05T12:24:36.000Z</time>
        <extensions>
          <ns3:TrackPointExtension>
            <ns3:hr>131</ns3:hr>
            <ns3:cad>92</ns3:cad>
          </ns3:TrackPointExtension>
        </extensions>
      </trkpt>
      <trkpt lat="29.28090275265276432037353515625" lon="117.2471114806830883026123046875">
        <ele>60.59999847412109375</ele>
        <time>2026-05-05T12:24:37.000Z</time>
        <extensions>
          <ns3:TrackPointExtension>
            <ns3:hr>131</ns3:hr>
            <ns3:cad>91</ns3:cad>
          </ns3:TrackPointExtension>
        </extensions>
      </trkpt>
      <trkpt lat="29.2809192650020122528076171875" lon="117.24709463305771350860595703125">
        <ele>60.59999847412109375</ele>
        <time>2026-05-05T12:24:38.000Z</time>
        <extensions>
          <ns3:TrackPointExtension>
            <ns3:hr>131</ns3:hr>
            <ns3:cad>91</ns3:cad>
          </ns3:TrackPointExtension>
        </extensions>
      </trkpt>
      <trkpt lat="29.2809393815696239471435546875" lon="117.2470740973949432373046875">
        <ele>60.59999847412109375</ele>
        <time>2026-05-05T12:24:39.000Z</time>
        <extensions>
          <ns3:TrackPointExtension>
            <ns3:hr>131</ns3:hr>
            <ns3:cad>90</ns3:cad>
          </ns3:TrackPointExtension>
        </extensions>
      </trkpt>
      <trkpt lat="29.280959665775299072265625" lon="117.2470534779131412506103515625">
        <ele>60.59999847412109375</ele>
        <time>2026-05-05T12:24:40.000Z</time>
        <extensions>
          <ns3:TrackPointExtension>
            <ns3:hr>131</ns3:hr>
            <ns3:cad>90</ns3:cad>
          </ns3:TrackPointExtension>
        </extensions>
      </trkpt>
      <trkpt lat="29.28097852505743503570556640625" lon="117.247034199535846710205078125">
        <ele>60.59999847412109375</ele>
        <time>2026-05-05T12:24:41.000Z</time>
        <extensions>
          <ns3:TrackPointExtension>
            <ns3:hr>131</ns3:hr>
            <ns3:cad>90</ns3:cad>
          </ns3:TrackPointExtension>
        </extensions>
      </trkpt>
      <trkpt lat="29.28099411539733409881591796875" lon="117.2470182739198207855224609375">
        <ele>60.59999847412109375</ele>
        <time>2026-05-05T12:24:42.000Z</time>
        <extensions>
          <ns3:TrackPointExtension>
            <ns3:hr>131</ns3:hr>
            <ns3:cad>90</ns3:cad>
          </ns3:TrackPointExtension>
        </extensions>
      </trkpt>
      <trkpt lat="29.28101205267012119293212890625" lon="117.247000001370906829833984375">
        <ele>60.59999847412109375</ele>
        <time>2026-05-05T12:24:43.000Z</time>
        <extensions>
          <ns3:TrackPointExtension>
            <ns3:hr>130</ns3:hr>
            <ns3:cad>90</ns3:cad>
          </ns3:TrackPointExtension>
        </extensions>
      </trkpt>
      <trkpt lat="29.281034767627716064453125" lon="117.24697678349912166595458984375">
        <ele>60.59999847412109375</ele>
        <time>2026-05-05T12:24:44.000Z</time>
        <extensions>
          <ns3:TrackPointExtension>
            <ns3:hr>128</ns3:hr>
            <ns3:cad>90</ns3:cad>
          </ns3:TrackPointExtension>
        </extensions>
      </trkpt>
      <trkpt lat="29.28105127997696399688720703125" lon="117.2469599358737468719482421875">
        <ele>60.59999847412109375</ele>
        <time>2026-05-05T12:24:45.000Z</time>
        <extensions>
          <ns3:TrackPointExtension>
            <ns3:hr>127</ns3:hr>
            <ns3:cad>90</ns3:cad>
          </ns3:TrackPointExtension>
        </extensions>
      </trkpt>
      <trkpt lat="29.28107994608581066131591796875" lon="117.24693068303167819976806640625">
        <ele>60.59999847412109375</ele>
        <time>2026-05-05T12:24:46.000Z</time>
        <extensions>
          <ns3:TrackPointExtension>
            <ns3:hr>126</ns3:hr>
            <ns3:cad>91</ns3:cad>
          </ns3:TrackPointExtension>
        </extensions>
      </trkpt>
      <trkpt lat="29.2810905911028385162353515625" lon="117.24691978655755519866943359375">
        <ele>60.59999847412109375</ele>
        <time>2026-05-05T12:24:47.000Z</time>
        <extensions>
          <ns3:TrackPointExtension>
            <ns3:hr>125</ns3:hr>
            <ns3:cad>91</ns3:cad>
          </ns3:TrackPointExtension>
        </extensions>
      </trkpt>
      <trkpt lat="29.28112286143004894256591796875" lon="117.24688692949712276458740234375">
        <ele>60.59999847412109375</ele>
        <time>2026-05-05T12:24:48.000Z</time>
        <extensions>
          <ns3:TrackPointExtension>
            <ns3:hr>125</ns3:hr>
            <ns3:cad>91</ns3:cad>
          </ns3:TrackPointExtension>
        </extensions>
      </trkpt>
      <trkpt lat="29.2811299860477447509765625" lon="117.24687955342233180999755859375">
        <ele>60.59999847412109375</ele>
        <time>2026-05-05T12:24:49.000Z</time>
        <extensions>
          <ns3:TrackPointExtension>
            <ns3:hr>125</ns3:hr>
            <ns3:cad>92</ns3:cad>
          </ns3:TrackPointExtension>
        </extensions>
      </trkpt>
      <trkpt lat="29.28115437738597393035888671875" lon="117.24685474298894405364990234375">
        <ele>60.59999847412109375</ele>
        <time>2026-05-05T12:24:50.000Z</time>
        <extensions>
          <ns3:TrackPointExtension>
            <ns3:hr>125</ns3:hr>
            <ns3:cad>92</ns3:cad>
          </ns3:TrackPointExtension>
        </extensions>
      </trkpt>
      <trkpt lat="29.2811648547649383544921875" lon="117.24684401415288448333740234375">
        <ele>60.59999847412109375</ele>
        <time>2026-05-05T12:24:51.000Z</time>
        <extensions>
          <ns3:TrackPointExtension>
            <ns3:hr>125</ns3:hr>
            <ns3:cad>92</ns3:cad>
          </ns3:TrackPointExtension>
        </extensions>
      </trkpt>
      <trkpt lat="29.281190335750579833984375" lon="117.24681434221565723419189453125">
        <ele>60.59999847412109375</ele>
        <time>2026-05-05T12:24:52.000Z</time>
        <extensions>
          <ns3:TrackPointExtension>
            <ns3:hr>126</ns3:hr>
            <ns3:cad>92</ns3:cad>
          </ns3:TrackPointExtension>
        </extensions>
      </trkpt>
      <trkpt lat="29.28120282478630542755126953125" lon="117.2467979975044727325439453125">
        <ele>60.59999847412109375</ele>
        <time>2026-05-05T12:24:53.000Z</time>
        <extensions>
          <ns3:TrackPointExtension>
            <ns3:hr>126</ns3:hr>
            <ns3:cad>92</ns3:cad>
          </ns3:TrackPointExtension>
        </extensions>
      </trkpt>
      <trkpt lat="29.28121942095458507537841796875" lon="117.24677192978560924530029296875">
        <ele>60.59999847412109375</ele>
        <time>2026-05-05T12:24:54.000Z</time>
        <extensions>
          <ns3:TrackPointExtension>
            <ns3:hr>128</ns3:hr>
            <ns3:cad>92</ns3:cad>
          </ns3:TrackPointExtension>
        </extensions>
      </trkpt>
      <trkpt lat="29.28122562356293201446533203125" lon="117.2467621229588985443115234375">
        <ele>60.59999847412109375</ele>
        <time>2026-05-05T12:24:55.000Z</time>
        <extensions>
          <ns3:TrackPointExtension>
            <ns3:hr>130</ns3:hr>
            <ns3:cad>90</ns3:cad>
          </ns3:TrackPointExtension>
        </extensions>
      </trkpt>
      <trkpt lat="29.28124708123505115509033203125" lon="117.246716022491455078125">
        <ele>60.59999847412109375</ele>
        <time>2026-05-05T12:24:56.000Z</time>
        <extensions>
          <ns3:TrackPointExtension>
            <ns3:hr>131</ns3:hr>
            <ns3:cad>90</ns3:cad>
          </ns3:TrackPointExtension>
        </extensions>
      </trkpt>
      <trkpt lat="29.28125110454857349395751953125" lon="117.2467041201889514923095703125">
        <ele>60.59999847412109375</ele>
        <time>2026-05-05T12:24:57.000Z</time>
        <extensions>
          <ns3:TrackPointExtension>
            <ns3:hr>131</ns3:hr>
            <ns3:cad>91</ns3:cad>
          </ns3:TrackPointExtension>
        </extensions>
      </trkpt>
      <trkpt lat="29.281263761222362518310546875" lon="117.24666304886341094970703125">
        <ele>60.59999847412109375</ele>
        <time>2026-05-05T12:24:58.000Z</time>
        <extensions>
          <ns3:TrackPointExtension>
            <ns3:hr>131</ns3:hr>
            <ns3:cad>91</ns3:cad>
          </ns3:TrackPointExtension>
        </extensions>
      </trkpt>
      <trkpt lat="29.28126619197428226470947265625" lon="117.24664963781833648681640625">
        <ele>60.59999847412109375</ele>
        <time>2026-05-05T12:24:59.000Z</time>
        <extensions>
          <ns3:TrackPointExtension>
            <ns3:hr>131</ns3:hr>
            <ns3:cad>91</ns3:cad>
          </ns3:TrackPointExtension>
        </extensions>
      </trkpt>
      <trkpt lat="29.281273148953914642333984375" lon="117.246607057750225067138671875">
        <ele>60.59999847412109375</ele>
        <time>2026-05-05T12:25:00.000Z</time>
        <extensions>
          <ns3:TrackPointExtension>
            <ns3:hr>131</ns3:hr>
            <ns3:cad>91</ns3:cad>
          </ns3:TrackPointExtension>
        </extensions>
      </trkpt>
      <trkpt lat="29.28127407096326351165771484375" lon="117.2465881146490573883056640625">
        <ele>60.59999847412109375</ele>
        <time>2026-05-05T12:25:01.000Z</time>
        <extensions>
          <ns3:TrackPointExtension>
            <ns3:hr>131</ns3:hr>
            <ns3:cad>91</ns3:cad>
          </ns3:TrackPointExtension>
        </extensions>
      </trkpt>
      <trkpt lat="29.281274490058422088623046875" lon="117.24654410965740680694580078125">
        <ele>60.59999847412109375</ele>
        <time>2026-05-05T12:25:02.000Z</time>
        <extensions>
          <ns3:TrackPointExtension>
            <ns3:hr>131</ns3:hr>
            <ns3:cad>91</ns3:cad>
          </ns3:TrackPointExtension>
        </extensions>
      </trkpt>
      <trkpt lat="29.28127356804907321929931640625" lon="117.24653120152652263641357421875">
        <ele>60.59999847412109375</ele>
        <time>2026-05-05T12:25:03.000Z</time>
        <extensions>
          <ns3:TrackPointExtension>
            <ns3:hr>131</ns3:hr>
            <ns3:cad>90</ns3:cad>
          </ns3:TrackPointExtension>
        </extensions>
      </trkpt>
      <trkpt lat="29.28126954473555088043212890625" lon="117.24649541079998016357421875">
        <ele>60.59999847412109375</ele>
        <time>2026-05-05T12:25:04.000Z</time>
        <extensions>
          <ns3:TrackPointExtension>
            <ns3:hr>130</ns3:hr>
            <ns3:cad>90</ns3:cad>
          </ns3:TrackPointExtension>
        </extensions>
      </trkpt>
      <trkpt lat="29.2812656052410602569580078125" lon="117.2464759647846221923828125">
        <ele>60.59999847412109375</ele>
        <time>2026-05-05T12:25:05.000Z</time>
        <extensions>
          <ns3:TrackPointExtension>
            <ns3:hr>131</ns3:hr>
            <ns3:cad>90</ns3:cad>
          </ns3:TrackPointExtension>
        </extensions>
      </trkpt>
      <trkpt lat="29.28125881589949131011962890625" lon="117.24644687958061695098876953125">
        <ele>60.59999847412109375</ele>
        <time>2026-05-05T12:25:06.000Z</time>
        <extensions>
          <ns3:TrackPointExtension>
            <ns3:hr>131</ns3:hr>
            <ns3:cad>89</ns3:cad>
          </ns3:TrackPointExtension>
        </extensions>
      </trkpt>
      <trkpt lat="29.2812528647482395172119140625" lon="117.2464291937649250030517578125">
        <ele>60.59999847412109375</ele>
        <time>2026-05-05T12:25:07.000Z</time>
        <extensions>
          <ns3:TrackPointExtension>
            <ns3:hr>131</ns3:hr>
            <ns3:cad>89</ns3:cad>
          </ns3:TrackPointExtension>
        </extensions>
      </trkpt>
      <trkpt lat="29.28123702295124530792236328125" lon="117.246389128267765045166015625">
        <ele>60.59999847412109375</ele>
        <time>2026-05-05T12:25:08.000Z</time>
        <extensions>
          <ns3:TrackPointExtension>
            <ns3:hr>131</ns3:hr>
            <ns3:cad>89</ns3:cad>
          </ns3:TrackPointExtension>
        </extensions>
      </trkpt>
      <trkpt lat="29.28123165853321552276611328125" lon="117.246378399431705474853515625">
        <ele>60.59999847412109375</ele>
        <time>2026-05-05T12:25:09.000Z</time>
        <extensions>
          <ns3:TrackPointExtension>
            <ns3:hr>132</ns3:hr>
            <ns3:cad>89</ns3:cad>
          </ns3:TrackPointExtension>
        </extensions>
      </trkpt>
      <trkpt lat="29.2812146432697772979736328125" lon="117.24634747020900249481201171875">
        <ele>60.59999847412109375</ele>
        <time>2026-05-05T12:25:10.000Z</time>
        <extensions>
          <ns3:TrackPointExtension>
            <ns3:hr>132</ns3:hr>
            <ns3:cad>89</ns3:cad>
          </ns3:TrackPointExtension>
        </extensions>
      </trkpt>
      <trkpt lat="29.2812049202620983123779296875" lon="117.24633305333554744720458984375">
        <ele>60.59999847412109375</ele>
        <time>2026-05-05T12:25:11.000Z</time>
        <extensions>
          <ns3:TrackPointExtension>
            <ns3:hr>132</ns3:hr>
            <ns3:cad>89</ns3:cad>
          </ns3:TrackPointExtension>
        </extensions>
      </trkpt>
      <trkpt lat="29.28118220530450344085693359375" lon="117.246303297579288482666015625">
        <ele>60.59999847412109375</ele>
        <time>2026-05-05T12:25:12.000Z</time>
        <extensions>
          <ns3:TrackPointExtension>
            <ns3:hr>132</ns3:hr>
            <ns3:cad>89</ns3:cad>
          </ns3:TrackPointExtension>
        </extensions>
      </trkpt>
      <trkpt lat="29.2811710573732852935791015625" lon="117.2462908923625946044921875">
        <ele>60.59999847412109375</ele>
        <time>2026-05-05T12:25:13.000Z</time>
        <extensions>
          <ns3:TrackPointExtension>
            <ns3:hr>132</ns3:hr>
            <ns3:cad>89</ns3:cad>
          </ns3:TrackPointExtension>
        </extensions>
      </trkpt>
      <trkpt lat="29.2811439000070095062255859375" lon="117.246265076100826263427734375">
        <ele>60.59999847412109375</ele>
        <time>2026-05-05T12:25:14.000Z</time>
        <extensions>
          <ns3:TrackPointExtension>
            <ns3:hr>132</ns3:hr>
            <ns3:cad>90</ns3:cad>
          </ns3:TrackPointExtension>
        </extensions>
      </trkpt>
      <trkpt lat="29.281132332980632781982421875" lon="117.24625543691217899322509765625">
        <ele>60.59999847412109375</ele>
        <time>2026-05-05T12:25:15.000Z</time>
        <extensions>
          <ns3:TrackPointExtension>
            <ns3:hr>132</ns3:hr>
            <ns3:cad>90</ns3:cad>
          </ns3:TrackPointExtension>
        </extensions>
      </trkpt>
      <trkpt lat="29.281105510890483856201171875" lon="117.246236912906169891357421875">
        <ele>60.59999847412109375</ele>
        <time>2026-05-05T12:25:16.000Z</time>
        <extensions>
          <ns3:TrackPointExtension>
            <ns3:hr>132</ns3:hr>
            <ns3:cad>90</ns3:cad>
          </ns3:TrackPointExtension>
        </extensions>
      </trkpt>
      <trkpt lat="29.2810892499983310699462890625" lon="117.2462270222604274749755859375">
        <ele>60.59999847412109375</ele>
        <time>2026-05-05T12:25:17.000Z</time>
        <extensions>
          <ns3:TrackPointExtension>
            <ns3:hr>133</ns3:hr>
            <ns3:cad>90</ns3:cad>
          </ns3:TrackPointExtension>
        </extensions>
      </trkpt>
      <trkpt lat="29.2810644395649433135986328125" lon="117.2462152875959873199462890625">
        <ele>60.59999847412109375</ele>
        <time>2026-05-05T12:25:18.000Z</time>
        <extensions>
          <ns3:TrackPointExtension>
            <ns3:hr>133</ns3:hr>
            <ns3:cad>90</ns3:cad>
          </ns3:TrackPointExtension>
        </extensions>
      </trkpt>
      <trkpt lat="29.281044490635395050048828125" lon="117.24620715714991092681884765625">
        <ele>60.59999847412109375</ele>
        <time>2026-05-05T12:25:19.000Z</time>
        <extensions>
          <ns3:TrackPointExtension>
            <ns3:hr>133</ns3:hr>
            <ns3:cad>90</ns3:cad>
          </ns3:TrackPointExtension>
        </extensions>
      </trkpt>
      <trkpt lat="29.2810225300490856170654296875" lon="117.24620078690350055694580078125">
        <ele>60.59999847412109375</ele>
        <time>2026-05-05T12:25:20.000Z</time>
        <extensions>
          <ns3:TrackPointExtension>
            <ns3:hr>133</ns3:hr>
            <ns3:cad>90</ns3:cad>
          </ns3:TrackPointExtension>
        </extensions>
      </trkpt>
      <trkpt lat="29.2809987254440784454345703125" lon="117.24619525484740734100341796875">
        <ele>60.59999847412109375</ele>
        <time>2026-05-05T12:25:21.000Z</time>
        <extensions>
          <ns3:TrackPointExtension>
            <ns3:hr>133</ns3:hr>
            <ns3:cad>91</ns3:cad>
          </ns3:TrackPointExtension>
        </extensions>
      </trkpt>
      <trkpt lat="29.28097550757229328155517578125" lon="117.246192656457424163818359375">
        <ele>60.59999847412109375</ele>
        <time>2026-05-05T12:25:22.000Z</time>
        <extensions>
          <ns3:TrackPointExtension>
            <ns3:hr>134</ns3:hr>
            <ns3:cad>91</ns3:cad>
          </ns3:TrackPointExtension>
        </extensions>
      </trkpt>
      <trkpt lat="29.28094818256795406341552734375" lon="117.2461908124387264251708984375">
        <ele>60.59999847412109375</ele>
        <time>2026-05-05T12:25:23.000Z</time>
        <extensions>
          <ns3:TrackPointExtension>
            <ns3:hr>133</ns3:hr>
            <ns3:cad>91</ns3:cad>
          </ns3:TrackPointExtension>
        </extensions>
      </trkpt>
      <trkpt lat="29.2809289880096912384033203125" lon="117.24619232118129730224609375">
        <ele>60.59999847412109375</ele>
        <time>2026-05-05T12:25:24.000Z</time>
        <extensions>
          <ns3:TrackPointExtension>
            <ns3:hr>133</ns3:hr>
            <ns3:cad>91</ns3:cad>
          </ns3:TrackPointExtension>
        </extensions>
      </trkpt>
      <trkpt lat="29.28088850341737270355224609375" lon="117.24619810469448566436767578125">
        <ele>60.59999847412109375</ele>
        <time>2026-05-05T12:25:25.000Z</time>
        <extensions>
          <ns3:TrackPointExtension>
            <ns3:hr>134</ns3:hr>
            <ns3:cad>91</ns3:cad>
          </ns3:TrackPointExtension>
        </extensions>
      </trkpt>
      <trkpt lat="29.2808793671429157257080078125" lon="117.2462005354464054107666015625">
        <ele>60.59999847412109375</ele>
        <time>2026-05-05T12:25:26.000Z</time>
        <extensions>
          <ns3:TrackPointExtension>
            <ns3:hr>133</ns3:hr>
            <ns3:cad>91</ns3:cad>
          </ns3:TrackPointExtension>
        </extensions>
      </trkpt>
      <trkpt lat="29.28083955310285091400146484375" lon="117.24621377885341644287109375">
        <ele>60.59999847412109375</ele>
        <time>2026-05-05T12:25:27.000Z</time>
        <extensions>
          <ns3:TrackPointExtension>
            <ns3:hr>134</ns3:hr>
            <ns3:cad>91</ns3:cad>
          </ns3:TrackPointExtension>
        </extensions>
      </trkpt>
      <trkpt lat="29.2808247171342372894287109375" lon="117.24622040055692195892333984375">
        <ele>60.59999847412109375</ele>
        <time>2026-05-05T12:25:28.000Z</time>
        <extensions>
          <ns3:TrackPointExtension>
            <ns3:hr>134</ns3:hr>
            <ns3:cad>91</ns3:cad>
          </ns3:TrackPointExtension>
        </extensions>
      </trkpt>
      <trkpt lat="29.28077937103807926177978515625" lon="117.246246971189975738525390625">
        <ele>60.59999847412109375</ele>
        <time>2026-05-05T12:25:29.000Z</time>
        <extensions>
          <ns3:TrackPointExtension>
            <ns3:hr>134</ns3:hr>
            <ns3:cad>91</ns3:cad>
          </ns3:TrackPointExtension>
        </extensions>
      </trkpt>
      <trkpt lat="29.280772246420383453369140625" lon="117.2462514974176883697509765625">
        <ele>60.59999847412109375</ele>
        <time>2026-05-05T12:25:30.000Z</time>
        <extensions>
          <ns3:TrackPointExtension>
            <ns3:hr>133</ns3:hr>
            <ns3:cad>91</ns3:cad>
          </ns3:TrackPointExtension>
        </extensions>
      </trkpt>
      <trkpt lat="29.2807357013225555419921875" lon="117.24628343246877193450927734375">
        <ele>60.59999847412109375</ele>
        <time>2026-05-05T12:25:31.000Z</time>
        <extensions>
          <ns3:TrackPointExtension>
            <ns3:hr>134</ns3:hr>
            <ns3:cad>90</ns3:cad>
          </ns3:TrackPointExtension>
        </extensions>
      </trkpt>
      <trkpt lat="29.28072690032422542572021484375" lon="117.24629214964807033538818359375">
        <ele>60.59999847412109375</ele>
        <time>2026-05-05T12:25:32.000Z</time>
        <extensions>
          <ns3:TrackPointExtension>
            <ns3:hr>134</ns3:hr>
            <ns3:cad>90</ns3:cad>
          </ns3:TrackPointExtension>
        </extensions>
      </trkpt>
      <trkpt lat="29.2806986533105373382568359375" lon="117.24632098339498043060302734375">
        <ele>60.59999847412109375</ele>
        <time>2026-05-05T12:25:33.000Z</time>
        <extensions>
          <ns3:TrackPointExtension>
            <ns3:hr>134</ns3:hr>
            <ns3:cad>90</ns3:cad>
          </ns3:TrackPointExtension>
        </extensions>
      </trkpt>
      <trkpt lat="29.28069219924509525299072265625" lon="117.2463276050984859466552734375">
        <ele>60.59999847412109375</ele>
        <time>2026-05-05T12:25:34.000Z</time>
        <extensions>
          <ns3:TrackPointExtension>
            <ns3:hr>134</ns3:hr>
            <ns3:cad>90</ns3:cad>
          </ns3:TrackPointExtension>
        </extensions>
      </trkpt>
      <trkpt lat="29.28066051565110683441162109375" lon="117.24635995924472808837890625">
        <ele>60.59999847412109375</ele>
        <time>2026-05-05T12:25:35.000Z</time>
        <extensions>
          <ns3:TrackPointExtension>
            <ns3:hr>135</ns3:hr>
            <ns3:cad>90</ns3:cad>
          </ns3:TrackPointExtension>
        </extensions>
      </trkpt>
      <trkpt lat="29.2806550674140453338623046875" lon="117.24636540748178958892822265625">
        <ele>60.59999847412109375</ele>
        <time>2026-05-05T12:25:36.000Z</time>
        <extensions>
          <ns3:TrackPointExtension>
            <ns3:hr>135</ns3:hr>
            <ns3:cad>90</ns3:cad>
          </ns3:TrackPointExtension>
        </extensions>
      </trkpt>
      <trkpt lat="29.28062103688716888427734375" lon="117.24640019237995147705078125">
        <ele>60.59999847412109375</ele>
        <time>2026-05-05T12:25:37.000Z</time>
        <extensions>
          <ns3:TrackPointExtension>
            <ns3:hr>135</ns3:hr>
            <ns3:cad>90</ns3:cad>
          </ns3:TrackPointExtension>
        </extensions>
      </trkpt>
      <trkpt lat="29.28061676211655139923095703125" lon="117.246404550969600677490234375">
        <ele>60.59999847412109375</ele>
        <time>2026-05-05T12:25:38.000Z</time>
        <extensions>
          <ns3:TrackPointExtension>
            <ns3:hr>135</ns3:hr>
            <ns3:cad>91</ns3:cad>
          </ns3:TrackPointExtension>
        </extensions>
      </trkpt>
      <trkpt lat="29.2805846594274044036865234375" lon="117.24643732421100139617919921875">
        <ele>60.59999847412109375</ele>
        <time>2026-05-05T12:25:39.000Z</time>
        <extensions>
          <ns3:TrackPointExtension>
            <ns3:hr>135</ns3:hr>
            <ns3:cad>91</ns3:cad>
          </ns3:TrackPointExtension>
        </extensions>
      </trkpt>
      <trkpt lat="29.280577115714550018310546875" lon="117.2464449517428874969482421875">
        <ele>60.59999847412109375</ele>
        <time>2026-05-05T12:25:40.000Z</time>
        <extensions>
          <ns3:TrackPointExtension>
            <ns3:hr>135</ns3:hr>
            <ns3:cad>92</ns3:cad>
          </ns3:TrackPointExtension>
        </extensions>
      </trkpt>
      <trkpt lat="29.28054719232022762298583984375" lon="117.2464754618704319000244140625">
        <ele>60.59999847412109375</ele>
        <time>2026-05-05T12:25:41.000Z</time>
        <extensions>
          <ns3:TrackPointExtension>
            <ns3:hr>134</ns3:hr>
            <ns3:cad>92</ns3:cad>
          </ns3:TrackPointExtension>
        </extensions>
      </trkpt>
      <trkpt lat="29.28053881041705608367919921875" lon="117.24648409523069858551025390625">
        <ele>60.59999847412109375</ele>
        <time>2026-05-05T12:25:42.000Z</time>
        <extensions>
          <ns3:TrackPointExtension>
            <ns3:hr>134</ns3:hr>
            <ns3:cad>91</ns3:cad>
          </ns3:TrackPointExtension>
        </extensions>
      </trkpt>
      <trkpt lat="29.28051014430820941925048828125" lon="117.2465133480727672576904296875">
        <ele>60.59999847412109375</ele>
        <time>2026-05-05T12:25:43.000Z</time>
        <extensions>
          <ns3:TrackPointExtension>
            <ns3:hr>134</ns3:hr>
            <ns3:cad>91</ns3:cad>
          </ns3:TrackPointExtension>
        </extensions>
      </trkpt>
      <trkpt lat="29.28050377406179904937744140625" lon="117.246519885957241058349609375">
        <ele>60.59999847412109375</ele>
        <time>2026-05-05T12:25:44.000Z</time>
        <extensions>
          <ns3:TrackPointExtension>
            <ns3:hr>134</ns3:hr>
            <ns3:cad>91</ns3:cad>
          </ns3:TrackPointExtension>
        </extensions>
      </trkpt>
      <trkpt lat="29.2804726772010326385498046875" lon="117.2465515695512294769287109375">
        <ele>60.59999847412109375</ele>
        <time>2026-05-05T12:25:45.000Z</time>
        <extensions>
          <ns3:TrackPointExtension>
            <ns3:hr>134</ns3:hr>
            <ns3:cad>91</ns3:cad>
          </ns3:TrackPointExtension>
        </extensions>
      </trkpt>
      <trkpt lat="29.28046236746013164520263671875" lon="117.24656204693019390106201171875">
        <ele>60.59999847412109375</ele>
        <time>2026-05-05T12:25:46.000Z</time>
        <extensions>
          <ns3:TrackPointExtension>
            <ns3:hr>134</ns3:hr>
            <ns3:cad>91</ns3:cad>
          </ns3:TrackPointExtension>
        </extensions>
      </trkpt>
      <trkpt lat="29.28043688647449016571044921875" lon="117.24658803083002567291259765625">
        <ele>60.59999847412109375</ele>
        <time>2026-05-05T12:25:47.000Z</time>
        <extensions>
          <ns3:TrackPointExtension>
            <ns3:hr>134</ns3:hr>
            <ns3:cad>91</ns3:cad>
          </ns3:TrackPointExtension>
        </extensions>
      </trkpt>
      <trkpt lat="29.28042397834360599517822265625" lon="117.24660127423703670501708984375">
        <ele>60.59999847412109375</ele>
        <time>2026-05-05T12:25:48.000Z</time>
        <extensions>
          <ns3:TrackPointExtension>
            <ns3:hr>134</ns3:hr>
            <ns3:cad>92</ns3:cad>
          </ns3:TrackPointExtension>
        </extensions>
      </trkpt>
      <trkpt lat="29.2803995870053768157958984375" lon="117.2466261684894561767578125">
        <ele>60.59999847412109375</ele>
        <time>2026-05-05T12:25:49.000Z</time>
        <extensions>
          <ns3:TrackPointExtension>
            <ns3:hr>134</ns3:hr>
            <ns3:cad>91</ns3:cad>
          </ns3:TrackPointExtension>
        </extensions>
      </trkpt>
      <trkpt lat="29.280388690531253814697265625" lon="117.24663731642067432403564453125">
        <ele>60.59999847412109375</ele>
        <time>2026-05-05T12:25:50.000Z</time>
        <extensions>
          <ns3:TrackPointExtension>
            <ns3:hr>135</ns3:hr>
            <ns3:cad>91</ns3:cad>
          </ns3:TrackPointExtension>
        </extensions>
      </trkpt>
      <trkpt lat="29.280363209545612335205078125" lon="117.24666330032050609588623046875">
        <ele>60.59999847412109375</ele>
        <time>2026-05-05T12:25:51.000Z</time>
        <extensions>
          <ns3:TrackPointExtension>
            <ns3:hr>135</ns3:hr>
            <ns3:cad>91</ns3:cad>
          </ns3:TrackPointExtension>
        </extensions>
      </trkpt>
      <trkpt lat="29.280351810157299041748046875" lon="117.2466749511659145355224609375">
        <ele>60.59999847412109375</ele>
        <time>2026-05-05T12:25:52.000Z</time>
        <extensions>
          <ns3:TrackPointExtension>
            <ns3:hr>135</ns3:hr>
            <ns3:cad>91</ns3:cad>
          </ns3:TrackPointExtension>
        </extensions>
      </trkpt>
      <trkpt lat="29.28032926283776760101318359375" lon="117.24669791758060455322265625">
        <ele>60.59999847412109375</ele>
        <time>2026-05-05T12:25:53.000Z</time>
        <extensions>
          <ns3:TrackPointExtension>
            <ns3:hr>135</ns3:hr>
            <ns3:cad>90</ns3:cad>
          </ns3:TrackPointExtension>
        </extensions>
      </trkpt>
      <trkpt lat="29.2803177796304225921630859375" lon="117.246709652245044708251953125">
        <ele>60.59999847412109375</ele>
        <time>2026-05-05T12:25:54.000Z</time>
        <extensions>
          <ns3:TrackPointExtension>
            <ns3:hr>135</ns3:hr>
            <ns3:cad>90</ns3:cad>
          </ns3:TrackPointExtension>
        </extensions>
      </trkpt>
      <trkpt lat="29.280292131006717681884765625" lon="117.24673571996390819549560546875">
        <ele>60.59999847412109375</ele>
        <time>2026-05-05T12:25:55.000Z</time>
        <extensions>
          <ns3:TrackPointExtension>
            <ns3:hr>135</ns3:hr>
            <ns3:cad>91</ns3:cad>
          </ns3:TrackPointExtension>
        </extensions>
      </trkpt>
      <trkpt lat="29.280274026095867156982421875" lon="117.24675432778894901275634765625">
        <ele>60.59999847412109375</ele>
        <time>2026-05-05T12:25:56.000Z</time>
        <extensions>
          <ns3:TrackPointExtension>
            <ns3:hr>135</ns3:hr>
            <ns3:cad>91</ns3:cad>
          </ns3:TrackPointExtension>
        </extensions>
      </trkpt>
      <trkpt lat="29.2802502214908599853515625" lon="117.2467785514891147613525390625">
        <ele>60.59999847412109375</ele>
        <time>2026-05-05T12:25:57.000Z</time>
        <extensions>
          <ns3:TrackPointExtension>
            <ns3:hr>135</ns3:hr>
            <ns3:cad>91</ns3:cad>
          </ns3:TrackPointExtension>
        </extensions>
      </trkpt>
      <trkpt lat="29.2802245728671550750732421875" lon="117.2468047030270099639892578125">
        <ele>60.59999847412109375</ele>
        <time>2026-05-05T12:25:58.000Z</time>
        <extensions>
          <ns3:TrackPointExtension>
            <ns3:hr>134</ns3:hr>
            <ns3:cad>91</ns3:cad>
          </ns3:TrackPointExtension>
        </extensions>
      </trkpt>
      <trkpt lat="29.2802051268517971038818359375" lon="117.24682456813752651214599609375">
        <ele>60.59999847412109375</ele>
        <time>2026-05-05T12:25:59.000Z</time>
        <extensions>
          <ns3:TrackPointExtension>
            <ns3:hr>135</ns3:hr>
            <ns3:cad>92</ns3:cad>
          </ns3:TrackPointExtension>
        </extensions>
      </trkpt>
      <trkpt lat="29.2801809869706630706787109375" lon="117.246849127113819122314453125">
        <ele>60.59999847412109375</ele>
        <time>2026-05-05T12:26:00.000Z</time>
        <extensions>
          <ns3:TrackPointExtension>
            <ns3:hr>134</ns3:hr>
            <ns3:cad>92</ns3:cad>
          </ns3:TrackPointExtension>
        </extensions>
      </trkpt>
      <trkpt lat="29.280163384974002838134765625" lon="117.24686714820563793182373046875">
        <ele>60.59999847412109375</ele>
        <time>2026-05-05T12:26:01.000Z</time>
        <extensions>
          <ns3:TrackPointExtension>
            <ns3:hr>134</ns3:hr>
            <ns3:cad>92</ns3:cad>
          </ns3:TrackPointExtension>
        </extensions>
      </trkpt>
      <trkpt lat="29.28013823926448822021484375" lon="117.24689547903835773468017578125">
        <ele>60.59999847412109375</ele>
        <time>2026-05-05T12:26:02.000Z</time>
        <extensions>
          <ns3:TrackPointExtension>
            <ns3:hr>134</ns3:hr>
            <ns3:cad>92</ns3:cad>
          </ns3:TrackPointExtension>
        </extensions>
      </trkpt>
      <trkpt lat="29.2801249958574771881103515625" lon="117.24691115319728851318359375">
        <ele>60.59999847412109375</ele>
        <time>2026-05-05T12:26:03.000Z</time>
        <extensions>
          <ns3:TrackPointExtension>
            <ns3:hr>134</ns3:hr>
            <ns3:cad>92</ns3:cad>
          </ns3:TrackPointExtension>
        </extensions>
      </trkpt>
      <trkpt lat="29.28009842522442340850830078125" lon="117.24695214070379734039306640625">
        <ele>60.59999847412109375</ele>
        <time>2026-05-05T12:26:04.000Z</time>
        <extensions>
          <ns3:TrackPointExtension>
            <ns3:hr>134</ns3:hr>
            <ns3:cad>92</ns3:cad>
          </ns3:TrackPointExtension>
        </extensions>
      </trkpt>
      <trkpt lat="29.28009339608252048492431640625" lon="117.24696136079728603363037109375">
        <ele>60.59999847412109375</ele>
        <time>2026-05-05T12:26:05.000Z</time>
        <extensions>
          <ns3:TrackPointExtension>
            <ns3:hr>135</ns3:hr>
            <ns3:cad>92</ns3:cad>
          </ns3:TrackPointExtension>
        </extensions>
      </trkpt>
      <trkpt lat="29.2800760455429553985595703125" lon="117.2469989955425262451171875">
        <ele>60.59999847412109375</ele>
        <time>2026-05-05T12:26:06.000Z</time>
        <extensions>
          <ns3:TrackPointExtension>
            <ns3:hr>135</ns3:hr>
            <ns3:cad>92</ns3:cad>
          </ns3:TrackPointExtension>
        </extensions>
      </trkpt>
      <trkpt lat="29.280068837106227874755859375" lon="117.24701986648142337799072265625">
        <ele>60.59999847412109375</ele>
        <time>2026-05-05T12:26:07.000Z</time>
        <extensions>
          <ns3:TrackPointExtension>
            <ns3:hr>135</ns3:hr>
            <ns3:cad>92</ns3:cad>
          </ns3:TrackPointExtension>
        </extensions>
      </trkpt>
      <trkpt lat="29.28005986846983432769775390625" lon="117.2470487840473651885986328125">
        <ele>60.59999847412109375</ele>
        <time>2026-05-05T12:26:08.000Z</time>
        <extensions>
          <ns3:TrackPointExtension>
            <ns3:hr>135</ns3:hr>
            <ns3:cad>91</ns3:cad>
          </ns3:TrackPointExtension>
        </extensions>
      </trkpt>
      <trkpt lat="29.28005668334662914276123046875" lon="117.2470632009208202362060546875">
        <ele>60.59999847412109375</ele>
        <time>2026-05-05T12:26:09.000Z</time>
        <extensions>
          <ns3:TrackPointExtension>
            <ns3:hr>135</ns3:hr>
            <ns3:cad>91</ns3:cad>
          </ns3:TrackPointExtension>
        </extensions>
      </trkpt>
      <trkpt lat="29.280048720538616180419921875" lon="117.24711307324469089508056640625">
        <ele>60.59999847412109375</ele>
        <time>2026-05-05T12:26:10.000Z</time>
        <extensions>
          <ns3:TrackPointExtension>
            <ns3:hr>135</ns3:hr>
            <ns3:cad>91</ns3:cad>
          </ns3:TrackPointExtension>
        </extensions>
      </trkpt>
      <trkpt lat="29.28004746325314044952392578125" lon="117.24713738076388835906982421875">
        <ele>60.59999847412109375</ele>
        <time>2026-05-05T12:26:11.000Z</time>
        <extensions>
          <ns3:TrackPointExtension>
            <ns3:hr>135</ns3:hr>
            <ns3:cad>91</ns3:cad>
          </ns3:TrackPointExtension>
        </extensions>
      </trkpt>
      <trkpt lat="29.280047714710235595703125" lon="117.247176356613636016845703125">
        <ele>60.59999847412109375</ele>
        <time>2026-05-05T12:26:12.000Z</time>
        <extensions>
          <ns3:TrackPointExtension>
            <ns3:hr>135</ns3:hr>
            <ns3:cad>90</ns3:cad>
          </ns3:TrackPointExtension>
        </extensions>
      </trkpt>
      <trkpt lat="29.2800492234528064727783203125" lon="117.24719773046672344207763671875">
        <ele>60.59999847412109375</ele>
        <time>2026-05-05T12:26:13.000Z</time>
        <extensions>
          <ns3:TrackPointExtension>
            <ns3:hr>135</ns3:hr>
            <ns3:cad>90</ns3:cad>
          </ns3:TrackPointExtension>
        </extensions>
      </trkpt>
      <trkpt lat="29.2800549231469631195068359375" lon="117.24723477847874164581298828125">
        <ele>60.59999847412109375</ele>
        <time>2026-05-05T12:26:14.000Z</time>
        <extensions>
          <ns3:TrackPointExtension>
            <ns3:hr>135</ns3:hr>
            <ns3:cad>90</ns3:cad>
          </ns3:TrackPointExtension>
        </extensions>
      </trkpt>
      <trkpt lat="29.280060119926929473876953125" lon="117.247260510921478271484375">
        <ele>60.59999847412109375</ele>
        <time>2026-05-05T12:26:15.000Z</time>
        <extensions>
          <ns3:TrackPointExtension>
            <ns3:hr>135</ns3:hr>
            <ns3:cad>91</ns3:cad>
          </ns3:TrackPointExtension>
        </extensions>
      </trkpt>
      <trkpt lat="29.2800696752965450286865234375" lon="117.24728993140161037445068359375">
        <ele>60.59999847412109375</ele>
        <time>2026-05-05T12:26:16.000Z</time>
        <extensions>
          <ns3:TrackPointExtension>
            <ns3:hr>135</ns3:hr>
            <ns3:cad>92</ns3:cad>
          </ns3:TrackPointExtension>
        </extensions>
      </trkpt>
      <trkpt lat="29.2800790630280971527099609375" lon="117.247316502034664154052734375">
        <ele>60.59999847412109375</ele>
        <time>2026-05-05T12:26:17.000Z</time>
        <extensions>
          <ns3:TrackPointExtension>
            <ns3:hr>135</ns3:hr>
            <ns3:cad>92</ns3:cad>
          </ns3:TrackPointExtension>
        </extensions>
      </trkpt>
      <trkpt lat="29.28009171970188617706298828125" lon="117.2473421506583690643310546875">
        <ele>60.59999847412109375</ele>
        <time>2026-05-05T12:26:18.000Z</time>
        <extensions>
          <ns3:TrackPointExtension>
            <ns3:hr>135</ns3:hr>
            <ns3:cad>92</ns3:cad>
          </ns3:TrackPointExtension>
        </extensions>
      </trkpt>
      <trkpt lat="29.280105046927928924560546875" lon="117.24736670963466167449951171875">
        <ele>60.59999847412109375</ele>
        <time>2026-05-05T12:26:19.000Z</time>
        <extensions>
          <ns3:TrackPointExtension>
            <ns3:hr>135</ns3:hr>
            <ns3:cad>92</ns3:cad>
          </ns3:TrackPointExtension>
        </extensions>
      </trkpt>
      <trkpt lat="29.2801149375736713409423828125" lon="117.247381545603275299072265625">
        <ele>60.59999847412109375</ele>
        <time>2026-05-05T12:26:20.000Z</time>
        <extensions>
          <ns3:TrackPointExtension>
            <ns3:hr>135</ns3:hr>
            <ns3:cad>92</ns3:cad>
          </ns3:TrackPointExtension>
        </extensions>
      </trkpt>
      <trkpt lat="29.2801348865032196044921875" lon="117.2474088706076145172119140625">
        <ele>60.59999847412109375</ele>
        <time>2026-05-05T12:26:21.000Z</time>
        <extensions>
          <ns3:TrackPointExtension>
            <ns3:hr>135</ns3:hr>
            <ns3:cad>92</ns3:cad>
          </ns3:TrackPointExtension>
        </extensions>
      </trkpt>
      <trkpt lat="29.280145950615406036376953125" lon="117.2474212758243083953857421875">
        <ele>60.59999847412109375</ele>
        <time>2026-05-05T12:26:22.000Z</time>
        <extensions>
          <ns3:TrackPointExtension>
            <ns3:hr>135</ns3:hr>
            <ns3:cad>92</ns3:cad>
          </ns3:TrackPointExtension>
        </extensions>
      </trkpt>
      <trkpt lat="29.28017402999103069305419921875" lon="117.24744918756186962127685546875">
        <ele>60.59999847412109375</ele>
        <time>2026-05-05T12:26:23.000Z</time>
        <extensions>
          <ns3:TrackPointExtension>
            <ns3:hr>135</ns3:hr>
            <ns3:cad>92</ns3:cad>
          </ns3:TrackPointExtension>
        </extensions>
      </trkpt>
      <trkpt lat="29.2801840044558048248291015625" lon="117.24745756946504116058349609375">
        <ele>60.59999847412109375</ele>
        <time>2026-05-05T12:26:24.000Z</time>
        <extensions>
          <ns3:TrackPointExtension>
            <ns3:hr>135</ns3:hr>
            <ns3:cad>92</ns3:cad>
          </ns3:TrackPointExtension>
        </extensions>
      </trkpt>
      <trkpt lat="29.280221052467823028564453125" lon="117.24748355336487293243408203125">
        <ele>60.59999847412109375</ele>
        <time>2026-05-05T12:26:25.000Z</time>
        <extensions>
          <ns3:TrackPointExtension>
            <ns3:hr>135</ns3:hr>
            <ns3:cad>92</ns3:cad>
          </ns3:TrackPointExtension>
        </extensions>
      </trkpt>
      <trkpt lat="29.28023756481707096099853515625" lon="117.247493527829647064208984375">
        <ele>60.59999847412109375</ele>
        <time>2026-05-05T12:26:26.000Z</time>
        <extensions>
          <ns3:TrackPointExtension>
            <ns3:hr>135</ns3:hr>
            <ns3:cad>92</ns3:cad>
          </ns3:TrackPointExtension>
        </extensions>
      </trkpt>
      <trkpt lat="29.28026824258267879486083984375" lon="117.24750668741762638092041015625">
        <ele>60.59999847412109375</ele>
        <time>2026-05-05T12:26:27.000Z</time>
        <extensions>
          <ns3:TrackPointExtension>
            <ns3:hr>135</ns3:hr>
            <ns3:cad>92</ns3:cad>
          </ns3:TrackPointExtension>
        </extensions>
      </trkpt>
      <trkpt lat="29.28028232418000698089599609375" lon="117.2475124709308147430419921875">
        <ele>60.59999847412109375</ele>
        <time>2026-05-05T12:26:28.000Z</time>
        <extensions>
          <ns3:TrackPointExtension>
            <ns3:hr>135</ns3:hr>
            <ns3:cad>92</ns3:cad>
          </ns3:TrackPointExtension>
        </extensions>
      </trkpt>
      <trkpt lat="29.280321300029754638671875" lon="117.24752194248139858245849609375">
        <ele>60.59999847412109375</ele>
        <time>2026-05-05T12:26:29.000Z</time>
        <extensions>
          <ns3:TrackPointExtension>
            <ns3:hr>135</ns3:hr>
            <ns3:cad>92</ns3:cad>
          </ns3:TrackPointExtension>
        </extensions>
      </trkpt>
      <trkpt lat="29.28033378906548023223876953125" lon="117.24752412177622318267822265625">
        <ele>60.59999847412109375</ele>
        <time>2026-05-05T12:26:30.000Z</time>
        <extensions>
          <ns3:TrackPointExtension>
            <ns3:hr>135</ns3:hr>
            <ns3:cad>92</ns3:cad>
          </ns3:TrackPointExtension>
        </extensions>
      </trkpt>
      <trkpt lat="29.28037620149552822113037109375" lon="117.24752697162330150604248046875">
        <ele>60.59999847412109375</ele>
        <time>2026-05-05T12:26:31.000Z</time>
        <extensions>
          <ns3:TrackPointExtension>
            <ns3:hr>136</ns3:hr>
            <ns3:cad>92</ns3:cad>
          </ns3:TrackPointExtension>
        </extensions>
      </trkpt>
      <trkpt lat="29.28038374520838260650634765625" lon="117.2475262172520160675048828125">
        <ele>60.59999847412109375</ele>
        <time>2026-05-05T12:26:32.000Z</time>
        <extensions>
          <ns3:TrackPointExtension>
            <ns3:hr>136</ns3:hr>
            <ns3:cad>92</ns3:cad>
          </ns3:TrackPointExtension>
        </extensions>
      </trkpt>
      <trkpt lat="29.28042230196297168731689453125" lon="117.24752244539558887481689453125">
        <ele>60.59999847412109375</ele>
        <time>2026-05-05T12:26:33.000Z</time>
        <extensions>
          <ns3:TrackPointExtension>
            <ns3:hr>136</ns3:hr>
            <ns3:cad>92</ns3:cad>
          </ns3:TrackPointExtension>
        </extensions>
      </trkpt>
      <trkpt lat="29.28043303079903125762939453125" lon="117.24751959554851055145263671875">
        <ele>60.59999847412109375</ele>
        <time>2026-05-05T12:26:34.000Z</time>
        <extensions>
          <ns3:TrackPointExtension>
            <ns3:hr>137</ns3:hr>
            <ns3:cad>92</ns3:cad>
          </ns3:TrackPointExtension>
        </extensions>
      </trkpt>
      <trkpt lat="29.280470497906208038330078125" lon="117.2475091181695461273193359375">
        <ele>60.59999847412109375</ele>
        <time>2026-05-05T12:26:35.000Z</time>
        <extensions>
          <ns3:TrackPointExtension>
            <ns3:hr>137</ns3:hr>
            <ns3:cad>91</ns3:cad>
          </ns3:TrackPointExtension>
        </extensions>
      </trkpt>
      <trkpt lat="29.280487932264804840087890625" lon="117.2475014068186283111572265625">
        <ele>60.59999847412109375</ele>
        <time>2026-05-05T12:26:36.000Z</time>
        <extensions>
          <ns3:TrackPointExtension>
            <ns3:hr>137</ns3:hr>
            <ns3:cad>91</ns3:cad>
          </ns3:TrackPointExtension>
        </extensions>
      </trkpt>
      <trkpt lat="29.2805182747542858123779296875" lon="117.24748640321195125579833984375">
        <ele>60.59999847412109375</ele>
        <time>2026-05-05T12:26:37.000Z</time>
        <extensions>
          <ns3:TrackPointExtension>
            <ns3:hr>137</ns3:hr>
            <ns3:cad>90</ns3:cad>
          </ns3:TrackPointExtension>
        </extensions>
      </trkpt>
      <trkpt lat="29.2805357091128826141357421875" lon="117.24747517146170139312744140625">
        <ele>60.59999847412109375</ele>
        <time>2026-05-05T12:26:38.000Z</time>
        <extensions>
          <ns3:TrackPointExtension>
            <ns3:hr>136</ns3:hr>
            <ns3:cad>91</ns3:cad>
          </ns3:TrackPointExtension>
        </extensions>
      </trkpt>
      <trkpt lat="29.28056311793625354766845703125" lon="117.247454635798931121826171875">
        <ele>60.59999847412109375</ele>
        <time>2026-05-05T12:26:39.000Z</time>
        <extensions>
          <ns3:TrackPointExtension>
            <ns3:hr>137</ns3:hr>
            <ns3:cad>91</ns3:cad>
          </ns3:TrackPointExtension>
        </extensions>
      </trkpt>
      <trkpt lat="29.280572421848773956298828125" lon="117.2474464215338230133056640625">
        <ele>60.59999847412109375</ele>
        <time>2026-05-05T12:26:40.000Z</time>
        <extensions>
          <ns3:TrackPointExtension>
            <ns3:hr>137</ns3:hr>
            <ns3:cad>91</ns3:cad>
          </ns3:TrackPointExtension>
        </extensions>
      </trkpt>
      <trkpt lat="29.2805963940918445587158203125" lon="117.24742412567138671875">
        <ele>60.59999847412109375</ele>
        <time>2026-05-05T12:26:41.000Z</time>
        <extensions>
          <ns3:TrackPointExtension>
            <ns3:hr>137</ns3:hr>
            <ns3:cad>91</ns3:cad>
          </ns3:TrackPointExtension>
        </extensions>
      </trkpt>
      <trkpt lat="29.2806096374988555908203125" lon="117.24741063080728054046630859375">
        <ele>60.59999847412109375</ele>
        <time>2026-05-05T12:26:42.000Z</time>
        <extensions>
          <ns3:TrackPointExtension>
            <ns3:hr>136</ns3:hr>
            <ns3:cad>91</ns3:cad>
          </ns3:TrackPointExtension>
        </extensions>
      </trkpt>
      <trkpt lat="29.28063319064676761627197265625" lon="117.24738649092614650726318359375">
        <ele>60.59999847412109375</ele>
        <time>2026-05-05T12:26:43.000Z</time>
        <extensions>
          <ns3:TrackPointExtension>
            <ns3:hr>136</ns3:hr>
            <ns3:cad>92</ns3:cad>
          </ns3:TrackPointExtension>
        </extensions>
      </trkpt>
      <trkpt lat="29.28064526058733463287353515625" lon="117.24737425334751605987548828125">
        <ele>60.59999847412109375</ele>
        <time>2026-05-05T12:26:44.000Z</time>
        <extensions>
          <ns3:TrackPointExtension>
            <ns3:hr>136</ns3:hr>
            <ns3:cad>92</ns3:cad>
          </ns3:TrackPointExtension>
        </extensions>
      </trkpt>
      <trkpt lat="29.28066906519234180450439453125" lon="117.24734994582831859588623046875">
        <ele>60.59999847412109375</ele>
        <time>2026-05-05T12:26:45.000Z</time>
        <extensions>
          <ns3:TrackPointExtension>
            <ns3:hr>136</ns3:hr>
            <ns3:cad>91</ns3:cad>
          </ns3:TrackPointExtension>
        </extensions>
      </trkpt>
      <trkpt lat="29.2806822247803211212158203125" lon="117.24733653478324413299560546875">
        <ele>60.59999847412109375</ele>
        <time>2026-05-05T12:26:46.000Z</time>
        <extensions>
          <ns3:TrackPointExtension>
            <ns3:hr>136</ns3:hr>
            <ns3:cad>90</ns3:cad>
          </ns3:TrackPointExtension>
        </extensions>
      </trkpt>
      <trkpt lat="29.2807035148143768310546875" lon="117.24731482565402984619140625">
        <ele>60.59999847412109375</ele>
        <time>2026-05-05T12:26:47.000Z</time>
        <extensions>
          <ns3:TrackPointExtension>
            <ns3:hr>135</ns3:hr>
            <ns3:cad>90</ns3:cad>
          </ns3:TrackPointExtension>
        </extensions>
      </trkpt>
      <trkpt lat="29.2807281576097011566162109375" lon="117.24728959612548351287841796875">
        <ele>60.59999847412109375</ele>
        <time>2026-05-05T12:26:48.000Z</time>
        <extensions>
          <ns3:TrackPointExtension>
            <ns3:hr>135</ns3:hr>
            <ns3:cad>90</ns3:cad>
          </ns3:TrackPointExtension>
        </extensions>
      </trkpt>
      <trkpt lat="29.28074718452990055084228515625" lon="117.247270233929157257080078125">
        <ele>60.59999847412109375</ele>
        <time>2026-05-05T12:26:49.000Z</time>
        <extensions>
          <ns3:TrackPointExtension>
            <ns3:hr>135</ns3:hr>
            <ns3:cad>90</ns3:cad>
          </ns3:TrackPointExtension>
        </extensions>
      </trkpt>
      <trkpt lat="29.28076864220201969146728515625" lon="117.24724835716187953948974609375">
        <ele>60.59999847412109375</ele>
        <time>2026-05-05T12:26:50.000Z</time>
        <extensions>
          <ns3:TrackPointExtension>
            <ns3:hr>135</ns3:hr>
            <ns3:cad>90</ns3:cad>
          </ns3:TrackPointExtension>
        </extensions>
      </trkpt>
      <trkpt lat="29.2807888425886631011962890625" lon="117.24722773768007755279541015625">
        <ele>60.59999847412109375</ele>
        <time>2026-05-05T12:26:51.000Z</time>
        <extensions>
          <ns3:TrackPointExtension>
            <ns3:hr>134</ns3:hr>
            <ns3:cad>90</ns3:cad>
          </ns3:TrackPointExtension>
        </extensions>
      </trkpt>
      <trkpt lat="29.2808109708130359649658203125" lon="117.24720510654151439666748046875">
        <ele>60.59999847412109375</ele>
        <time>2026-05-05T12:26:52.000Z</time>
        <extensions>
          <ns3:TrackPointExtension>
            <ns3:hr>134</ns3:hr>
            <ns3:cad>90</ns3:cad>
          </ns3:TrackPointExtension>
        </extensions>
      </trkpt>
      <trkpt lat="29.28082756698131561279296875" lon="117.2471882589161396026611328125">
        <ele>60.59999847412109375</ele>
        <time>2026-05-05T12:26:53.000Z</time>
        <extensions>
          <ns3:TrackPointExtension>
            <ns3:hr>134</ns3:hr>
            <ns3:cad>91</ns3:cad>
          </ns3:TrackPointExtension>
        </extensions>
      </trkpt>
      <trkpt lat="29.28085279650986194610595703125" lon="117.2471624426543712615966796875">
        <ele>60.59999847412109375</ele>
        <time>2026-05-05T12:26:54.000Z</time>
        <extensions>
          <ns3:TrackPointExtension>
            <ns3:hr>134</ns3:hr>
            <ns3:cad>91</ns3:cad>
          </ns3:TrackPointExtension>
        </extensions>
      </trkpt>
      <trkpt lat="29.28086780011653900146484375" lon="117.24714718759059906005859375">
        <ele>60.59999847412109375</ele>
        <time>2026-05-05T12:26:55.000Z</time>
        <extensions>
          <ns3:TrackPointExtension>
            <ns3:hr>134</ns3:hr>
            <ns3:cad>91</ns3:cad>
          </ns3:TrackPointExtension>
        </extensions>
      </trkpt>
      <trkpt lat="29.280894286930561065673828125" lon="117.24712011404335498809814453125">
        <ele>60.59999847412109375</ele>
        <time>2026-05-05T12:26:56.000Z</time>
        <extensions>
          <ns3:TrackPointExtension>
            <ns3:hr>133</ns3:hr>
            <ns3:cad>91</ns3:cad>
          </ns3:TrackPointExtension>
        </extensions>
      </trkpt>
      <trkpt lat="29.280907027423381805419921875" lon="117.2471071220934391021728515625">
        <ele>60.59999847412109375</ele>
        <time>2026-05-05T12:26:57.000Z</time>
        <extensions>
          <ns3:TrackPointExtension>
            <ns3:hr>134</ns3:hr>
            <ns3:cad>91</ns3:cad>
          </ns3:TrackPointExtension>
        </extensions>
      </trkpt>
      <trkpt lat="29.2809350229799747467041015625" lon="117.2470786236226558685302734375">
        <ele>60.59999847412109375</ele>
        <time>2026-05-05T12:26:58.000Z</time>
        <extensions>
          <ns3:TrackPointExtension>
            <ns3:hr>134</ns3:hr>
            <ns3:cad>91</ns3:cad>
          </ns3:TrackPointExtension>
        </extensions>
      </trkpt>
      <trkpt lat="29.28094566799700260162353515625" lon="117.247067727148532867431640625">
        <ele>60.59999847412109375</ele>
        <time>2026-05-05T12:26:59.000Z</time>
        <extensions>
          <ns3:TrackPointExtension>
            <ns3:hr>133</ns3:hr>
            <ns3:cad>90</ns3:cad>
          </ns3:TrackPointExtension>
        </extensions>
      </trkpt>
      <trkpt lat="29.28097316063940525054931640625" lon="117.24703964777290821075439453125">
        <ele>60.59999847412109375</ele>
        <time>2026-05-05T12:27:00.000Z</time>
        <extensions>
          <ns3:TrackPointExtension>
            <ns3:hr>133</ns3:hr>
            <ns3:cad>90</ns3:cad>
          </ns3:TrackPointExtension>
        </extensions>
      </trkpt>
      <trkpt lat="29.28098053671419620513916015625" lon="117.24703210406005382537841796875">
        <ele>60.59999847412109375</ele>
        <time>2026-05-05T12:27:01.000Z</time>
        <extensions>
          <ns3:TrackPointExtension>
            <ns3:hr>132</ns3:hr>
            <ns3:cad>90</ns3:cad>
          </ns3:TrackPointExtension>
        </extensions>
      </trkpt>
      <trkpt lat="29.2810091190040111541748046875" lon="117.24700293503701686859130859375">
        <ele>60.59999847412109375</ele>
        <time>2026-05-05T12:27:02.000Z</time>
        <extensions>
          <ns3:TrackPointExtension>
            <ns3:hr>132</ns3:hr>
            <ns3:cad>91</ns3:cad>
          </ns3:TrackPointExtension>
        </extensions>
      </trkpt>
      <trkpt lat="29.2810154892504215240478515625" lon="117.24699639715254306793212890625">
        <ele>60.59999847412109375</ele>
        <time>2026-05-05T12:27:03.000Z</time>
        <extensions>
          <ns3:TrackPointExtension>
            <ns3:hr>132</ns3:hr>
            <ns3:cad>91</ns3:cad>
          </ns3:TrackPointExtension>
        </extensions>
      </trkpt>
      <trkpt lat="29.2810496874153614044189453125" lon="117.2469616122543811798095703125">
        <ele>60.59999847412109375</ele>
        <time>2026-05-05T12:27:04.000Z</time>
        <extensions>
          <ns3:TrackPointExtension>
            <ns3:hr>132</ns3:hr>
            <ns3:cad>92</ns3:cad>
          </ns3:TrackPointExtension>
        </extensions>
      </trkpt>
      <trkpt lat="29.28105530329048633575439453125" lon="117.24695582874119281768798828125">
        <ele>60.59999847412109375</ele>
        <time>2026-05-05T12:27:05.000Z</time>
        <extensions>
          <ns3:TrackPointExtension>
            <ns3:hr>132</ns3:hr>
            <ns3:cad>92</ns3:cad>
          </ns3:TrackPointExtension>
        </extensions>
      </trkpt>
      <trkpt lat="29.28108262829482555389404296875" lon="117.246927917003631591796875">
        <ele>60.59999847412109375</ele>
        <time>2026-05-05T12:27:06.000Z</time>
        <extensions>
          <ns3:TrackPointExtension>
            <ns3:hr>132</ns3:hr>
            <ns3:cad>92</ns3:cad>
          </ns3:TrackPointExtension>
        </extensions>
      </trkpt>
      <trkpt lat="29.28108715452253818511962890625" lon="117.24692330695688724517822265625">
        <ele>60.59999847412109375</ele>
        <time>2026-05-05T12:27:07.000Z</time>
        <extensions>
          <ns3:TrackPointExtension>
            <ns3:hr>132</ns3:hr>
            <ns3:cad>92</ns3:cad>
          </ns3:TrackPointExtension>
        </extensions>
      </trkpt>
      <trkpt lat="29.28112152032554149627685546875" lon="117.2468881867825984954833984375">
        <ele>60.59999847412109375</ele>
        <time>2026-05-05T12:27:08.000Z</time>
        <extensions>
          <ns3:TrackPointExtension>
            <ns3:hr>132</ns3:hr>
            <ns3:cad>92</ns3:cad>
          </ns3:TrackPointExtension>
        </extensions>
      </trkpt>
      <trkpt lat="29.28112722001969814300537109375" lon="117.2468824870884418487548828125">
        <ele>60.59999847412109375</ele>
        <time>2026-05-05T12:27:09.000Z</time>
        <extensions>
          <ns3:TrackPointExtension>
            <ns3:hr>131</ns3:hr>
            <ns3:cad>91</ns3:cad>
          </ns3:TrackPointExtension>
        </extensions>
      </trkpt>
      <trkpt lat="29.28115856833755970001220703125" lon="117.24685038439929485321044921875">
        <ele>60.59999847412109375</ele>
        <time>2026-05-05T12:27:10.000Z</time>
        <extensions>
          <ns3:TrackPointExtension>
            <ns3:hr>131</ns3:hr>
            <ns3:cad>91</ns3:cad>
          </ns3:TrackPointExtension>
        </extensions>
      </trkpt>
      <trkpt lat="29.2811673693358898162841796875" lon="117.24684133194386959075927734375">
        <ele>60.59999847412109375</ele>
        <time>2026-05-05T12:27:11.000Z</time>
        <extensions>
          <ns3:TrackPointExtension>
            <ns3:hr>131</ns3:hr>
            <ns3:cad>91</ns3:cad>
          </ns3:TrackPointExtension>
        </extensions>
      </trkpt>
      <trkpt lat="29.2811928503215312957763671875" lon="117.2468114085495471954345703125">
        <ele>60.59999847412109375</ele>
        <time>2026-05-05T12:27:12.000Z</time>
        <extensions>
          <ns3:TrackPointExtension>
            <ns3:hr>131</ns3:hr>
            <ns3:cad>91</ns3:cad>
          </ns3:TrackPointExtension>
        </extensions>
      </trkpt>
      <trkpt lat="29.2812008969485759735107421875" lon="117.2468010149896144866943359375">
        <ele>60.59999847412109375</ele>
        <time>2026-05-05T12:27:13.000Z</time>
        <extensions>
          <ns3:TrackPointExtension>
            <ns3:hr>131</ns3:hr>
            <ns3:cad>91</ns3:cad>
          </ns3:TrackPointExtension>
        </extensions>
      </trkpt>
      <trkpt lat="29.28122361190617084503173828125" lon="117.24676539190113544464111328125">
        <ele>60.59999847412109375</ele>
        <time>2026-05-05T12:27:14.000Z</time>
        <extensions>
          <ns3:TrackPointExtension>
            <ns3:hr>131</ns3:hr>
            <ns3:cad>91</ns3:cad>
          </ns3:TrackPointExtension>
        </extensions>
      </trkpt>
      <trkpt lat="29.28122864104807376861572265625" lon="117.24675600416958332061767578125">
        <ele>60.59999847412109375</ele>
        <time>2026-05-05T12:27:15.000Z</time>
        <extensions>
          <ns3:TrackPointExtension>
            <ns3:hr>131</ns3:hr>
            <ns3:cad>91</ns3:cad>
          </ns3:TrackPointExtension>
        </extensions>
      </trkpt>
      <trkpt lat="29.28124330937862396240234375" lon="117.24672415293753147125244140625">
        <ele>60.59999847412109375</ele>
        <time>2026-05-05T12:27:16.000Z</time>
        <extensions>
          <ns3:TrackPointExtension>
            <ns3:hr>131</ns3:hr>
            <ns3:cad>91</ns3:cad>
          </ns3:TrackPointExtension>
        </extensions>
      </trkpt>
      <trkpt lat="29.281249009072780609130859375" lon="117.2467108257114887237548828125">
        <ele>60.59999847412109375</ele>
        <time>2026-05-05T12:27:17.000Z</time>
        <extensions>
          <ns3:TrackPointExtension>
            <ns3:hr>131</ns3:hr>
            <ns3:cad>91</ns3:cad>
          </ns3:TrackPointExtension>
        </extensions>
      </trkpt>
      <trkpt lat="29.28125965408980846405029296875" lon="117.2466766275465488433837890625">
        <ele>60.59999847412109375</ele>
        <time>2026-05-05T12:27:18.000Z</time>
        <extensions>
          <ns3:TrackPointExtension>
            <ns3:hr>130</ns3:hr>
            <ns3:cad>90</ns3:cad>
          </ns3:TrackPointExtension>
        </extensions>
      </trkpt>
      <trkpt lat="29.28126501850783824920654296875" lon="117.24665592424571514129638671875">
        <ele>60.59999847412109375</ele>
        <time>2026-05-05T12:27:19.000Z</time>
        <extensions>
          <ns3:TrackPointExtension>
            <ns3:hr>131</ns3:hr>
            <ns3:cad>90</ns3:cad>
          </ns3:TrackPointExtension>
        </extensions>
      </trkpt>
      <trkpt lat="29.28127021528780460357666015625" lon="117.24662658758461475372314453125">
        <ele>60.59999847412109375</ele>
        <time>2026-05-05T12:27:20.000Z</time>
        <extensions>
          <ns3:TrackPointExtension>
            <ns3:hr>131</ns3:hr>
            <ns3:cad>90</ns3:cad>
          </ns3:TrackPointExtension>
        </extensions>
      </trkpt>
      <trkpt lat="29.281273148953914642333984375" lon="117.2466058842837810516357421875">
        <ele>60.59999847412109375</ele>
        <time>2026-05-05T12:27:21.000Z</time>
        <extensions>
          <ns3:TrackPointExtension>
            <ns3:hr>130</ns3:hr>
            <ns3:cad>91</ns3:cad>
          </ns3:TrackPointExtension>
        </extensions>
      </trkpt>
      <trkpt lat="29.28127457387745380401611328125" lon="117.24657847546041011810302734375">
        <ele>60.59999847412109375</ele>
        <time>2026-05-05T12:27:22.000Z</time>
        <extensions>
          <ns3:TrackPointExtension>
            <ns3:hr>130</ns3:hr>
            <ns3:cad>91</ns3:cad>
          </ns3:TrackPointExtension>
        </extensions>
      </trkpt>
      <trkpt lat="29.28127549588680267333984375" lon="117.246557772159576416015625">
        <ele>60.59999847412109375</ele>
        <time>2026-05-05T12:27:23.000Z</time>
        <extensions>
          <ns3:TrackPointExtension>
            <ns3:hr>130</ns3:hr>
            <ns3:cad>91</ns3:cad>
          </ns3:TrackPointExtension>
        </extensions>
      </trkpt>
      <trkpt lat="29.28127189166843891143798828125" lon="117.24650924094021320343017578125">
        <ele>60.59999847412109375</ele>
        <time>2026-05-05T12:27:24.000Z</time>
        <extensions>
          <ns3:TrackPointExtension>
            <ns3:hr>130</ns3:hr>
            <ns3:cad>90</ns3:cad>
          </ns3:TrackPointExtension>
        </extensions>
      </trkpt>
      <trkpt lat="29.2812689580023288726806640625" lon="117.246492393314838409423828125">
        <ele>60.59999847412109375</ele>
        <time>2026-05-05T12:27:25.000Z</time>
        <extensions>
          <ns3:TrackPointExtension>
            <ns3:hr>131</ns3:hr>
            <ns3:cad>90</ns3:cad>
          </ns3:TrackPointExtension>
        </extensions>
      </trkpt>
      <trkpt lat="29.28126149810850620269775390625" lon="117.24645542912185192108154296875">
        <ele>60.59999847412109375</ele>
        <time>2026-05-05T12:27:26.000Z</time>
        <extensions>
          <ns3:TrackPointExtension>
            <ns3:hr>130</ns3:hr>
            <ns3:cad>90</ns3:cad>
          </ns3:TrackPointExtension>
        </extensions>
      </trkpt>
      <trkpt lat="29.28125378675758838653564453125" lon="117.24643195979297161102294921875">
        <ele>60.59999847412109375</ele>
        <time>2026-05-05T12:27:27.000Z</time>
        <extensions>
          <ns3:TrackPointExtension>
            <ns3:hr>130</ns3:hr>
            <ns3:cad>90</ns3:cad>
          </ns3:TrackPointExtension>
        </extensions>
      </trkpt>
      <trkpt lat="29.2812441475689411163330078125" lon="117.24640379659831523895263671875">
        <ele>60.59999847412109375</ele>
        <time>2026-05-05T12:27:28.000Z</time>
        <extensions>
          <ns3:TrackPointExtension>
            <ns3:hr>131</ns3:hr>
            <ns3:cad>90</ns3:cad>
          </ns3:TrackPointExtension>
        </extensions>
      </trkpt>
      <trkpt lat="29.2812297306954860687255859375" lon="117.24637445993721485137939453125">
        <ele>60.59999847412109375</ele>
        <time>2026-05-05T12:27:29.000Z</time>
        <extensions>
          <ns3:TrackPointExtension>
            <ns3:hr>130</ns3:hr>
            <ns3:cad>90</ns3:cad>
          </ns3:TrackPointExtension>
        </extensions>
      </trkpt>
      <trkpt lat="29.28121523000299930572509765625" lon="117.2463483922183513641357421875">
        <ele>60.59999847412109375</ele>
        <time>2026-05-05T12:27:30.000Z</time>
        <extensions>
          <ns3:TrackPointExtension>
            <ns3:hr>130</ns3:hr>
            <ns3:cad>91</ns3:cad>
          </ns3:TrackPointExtension>
        </extensions>
      </trkpt>
      <trkpt lat="29.28119662217795848846435546875" lon="117.24632064811885356903076171875">
        <ele>60.59999847412109375</ele>
        <time>2026-05-05T12:27:31.000Z</time>
        <extensions>
          <ns3:TrackPointExtension>
            <ns3:hr>131</ns3:hr>
            <ns3:cad>91</ns3:cad>
          </ns3:TrackPointExtension>
        </extensions>
      </trkpt>
      <trkpt lat="29.28118773736059665679931640625" lon="117.24630941636860370635986328125">
        <ele>60.59999847412109375</ele>
        <time>2026-05-05T12:27:32.000Z</time>
        <extensions>
          <ns3:TrackPointExtension>
            <ns3:hr>130</ns3:hr>
            <ns3:cad>91</ns3:cad>
          </ns3:TrackPointExtension>
        </extensions>
      </trkpt>
      <trkpt lat="29.2811648547649383544921875" lon="117.246283851563930511474609375">
        <ele>60.59999847412109375</ele>
        <time>2026-05-05T12:27:33.000Z</time>
        <extensions>
          <ns3:TrackPointExtension>
            <ns3:hr>130</ns3:hr>
            <ns3:cad>91</ns3:cad>
          </ns3:TrackPointExtension>
        </extensions>
      </trkpt>
      <trkpt lat="29.28115437738597393035888671875" lon="117.246273793280124664306640625">
        <ele>60.59999847412109375</ele>
        <time>2026-05-05T12:27:34.000Z</time>
        <extensions>
          <ns3:TrackPointExtension>
            <ns3:hr>130</ns3:hr>
            <ns3:cad>91</ns3:cad>
          </ns3:TrackPointExtension>
        </extensions>
      </trkpt>
      <trkpt lat="29.281127639114856719970703125" lon="117.2462514974176883697509765625">
        <ele>60.59999847412109375</ele>
        <time>2026-05-05T12:27:35.000Z</time>
        <extensions>
          <ns3:TrackPointExtension>
            <ns3:hr>131</ns3:hr>
            <ns3:cad>91</ns3:cad>
          </ns3:TrackPointExtension>
        </extensions>
      </trkpt>
      <trkpt lat="29.28111699409782886505126953125" lon="117.24624386988580226898193359375">
        <ele>60.59999847412109375</ele>
        <time>2026-05-05T12:27:36.000Z</time>
        <extensions>
          <ns3:TrackPointExtension>
            <ns3:hr>130</ns3:hr>
            <ns3:cad>91</ns3:cad>
          </ns3:TrackPointExtension>
        </extensions>
      </trkpt>
      <trkpt lat="29.28108179010450839996337890625" lon="117.24622257985174655914306640625">
        <ele>60.59999847412109375</ele>
        <time>2026-05-05T12:27:37.000Z</time>
        <extensions>
          <ns3:TrackPointExtension>
            <ns3:hr>130</ns3:hr>
            <ns3:cad>91</ns3:cad>
          </ns3:TrackPointExtension>
        </extensions>
      </trkpt>
      <trkpt lat="29.2810738272964954376220703125" lon="117.24621922709047794342041015625">
        <ele>60.59999847412109375</ele>
        <time>2026-05-05T12:27:38.000Z</time>
        <extensions>
          <ns3:TrackPointExtension>
            <ns3:hr>131</ns3:hr>
            <ns3:cad>91</ns3:cad>
          </ns3:TrackPointExtension>
        </extensions>
      </trkpt>
      <trkpt lat="29.28103518672287464141845703125" lon="117.24620380438864231109619140625">
        <ele>60.59999847412109375</ele>
        <time>2026-05-05T12:27:39.000Z</time>
        <extensions>
          <ns3:TrackPointExtension>
            <ns3:hr>130</ns3:hr>
            <ns3:cad>91</ns3:cad>
          </ns3:TrackPointExtension>
        </extensions>
      </trkpt>
      <trkpt lat="29.2810278944671154022216796875" lon="117.246202044188976287841796875">
        <ele>60.59999847412109375</ele>
        <time>2026-05-05T12:27:40.000Z</time>
        <extensions>
          <ns3:TrackPointExtension>
            <ns3:hr>130</ns3:hr>
            <ns3:cad>92</ns3:cad>
          </ns3:TrackPointExtension>
        </extensions>
      </trkpt>
      <trkpt lat="29.28098715841770172119140625" lon="117.24619341082870960235595703125">
        <ele>60.59999847412109375</ele>
        <time>2026-05-05T12:27:41.000Z</time>
        <extensions>
          <ns3:TrackPointExtension>
            <ns3:hr>131</ns3:hr>
            <ns3:cad>92</ns3:cad>
          </ns3:TrackPointExtension>
        </extensions>
      </trkpt>
      <trkpt lat="29.28098087199032306671142578125" lon="117.246192991733551025390625">
        <ele>60.59999847412109375</ele>
        <time>2026-05-05T12:27:42.000Z</time>
        <extensions>
          <ns3:TrackPointExtension>
            <ns3:hr>130</ns3:hr>
            <ns3:cad>92</ns3:cad>
          </ns3:TrackPointExtension>
        </extensions>
      </trkpt>
      <trkpt lat="29.28093963302671909332275390625" lon="117.24619123153388500213623046875">
        <ele>60.59999847412109375</ele>
        <time>2026-05-05T12:27:43.000Z</time>
        <extensions>
          <ns3:TrackPointExtension>
            <ns3:hr>130</ns3:hr>
            <ns3:cad>92</ns3:cad>
          </ns3:TrackPointExtension>
        </extensions>
      </trkpt>
      <trkpt lat="29.28092773072421550750732421875" lon="117.24619240500032901763916015625">
        <ele>60.59999847412109375</ele>
        <time>2026-05-05T12:27:44.000Z</time>
        <extensions>
          <ns3:TrackPointExtension>
            <ns3:hr>131</ns3:hr>
            <ns3:cad>92</ns3:cad>
          </ns3:TrackPointExtension>
        </extensions>
      </trkpt>
      <trkpt lat="29.280886910855770111083984375" lon="117.2461985237896442413330078125">
        <ele>60.59999847412109375</ele>
        <time>2026-05-05T12:27:45.000Z</time>
        <extensions>
          <ns3:TrackPointExtension>
            <ns3:hr>130</ns3:hr>
            <ns3:cad>92</ns3:cad>
          </ns3:TrackPointExtension>
        </extensions>
      </trkpt>
      <trkpt lat="29.2808740027248859405517578125" lon="117.24620196036994457244873046875">
        <ele>60.59999847412109375</ele>
        <time>2026-05-05T12:27:46.000Z</time>
        <extensions>
          <ns3:TrackPointExtension>
            <ns3:hr>131</ns3:hr>
            <ns3:cad>92</ns3:cad>
          </ns3:TrackPointExtension>
        </extensions>
      </trkpt>
      <trkpt lat="29.280836619436740875244140625" lon="117.24621503613889217376708984375">
        <ele>60.59999847412109375</ele>
        <time>2026-05-05T12:27:47.000Z</time>
        <extensions>
          <ns3:TrackPointExtension>
            <ns3:hr>131</ns3:hr>
            <ns3:cad>92</ns3:cad>
          </ns3:TrackPointExtension>
        </extensions>
      </trkpt>
      <trkpt lat="29.2808273993432521820068359375" lon="117.24621922709047794342041015625">
        <ele>60.59999847412109375</ele>
        <time>2026-05-05T12:27:48.000Z</time>
        <extensions>
          <ns3:TrackPointExtension>
            <ns3:hr>131</ns3:hr>
            <ns3:cad>91</ns3:cad>
          </ns3:TrackPointExtension>
        </extensions>
      </trkpt>
      <trkpt lat="29.28078993223607540130615234375" lon="117.2462400980293750762939453125">
        <ele>60.59999847412109375</ele>
        <time>2026-05-05T12:27:49.000Z</time>
        <extensions>
          <ns3:TrackPointExtension>
            <ns3:hr>132</ns3:hr>
            <ns3:cad>91</ns3:cad>
          </ns3:TrackPointExtension>
        </extensions>
      </trkpt>
      <trkpt lat="29.28077987395226955413818359375" lon="117.246246635913848876953125">
        <ele>60.59999847412109375</ele>
        <time>2026-05-05T12:27:50.000Z</time>
        <extensions>
          <ns3:TrackPointExtension>
            <ns3:hr>132</ns3:hr>
            <ns3:cad>91</ns3:cad>
          </ns3:TrackPointExtension>
        </extensions>
      </trkpt>
      <trkpt lat="29.2807445861399173736572265625" lon="117.2462756372988224029541015625">
        <ele>60.59999847412109375</ele>
        <time>2026-05-05T12:27:51.000Z</time>
        <extensions>
          <ns3:TrackPointExtension>
            <ns3:hr>133</ns3:hr>
            <ns3:cad>91</ns3:cad>
          </ns3:TrackPointExtension>
        </extensions>
      </trkpt>
      <trkpt lat="29.28073612041771411895751953125" lon="117.2462830133736133575439453125">
        <ele>60.59999847412109375</ele>
        <time>2026-05-05T12:27:52.000Z</time>
        <extensions>
          <ns3:TrackPointExtension>
            <ns3:hr>133</ns3:hr>
            <ns3:cad>90</ns3:cad>
          </ns3:TrackPointExtension>
        </extensions>
      </trkpt>
      <trkpt lat="29.2807036824524402618408203125" lon="117.24631578661501407623291015625">
        <ele>60.59999847412109375</ele>
        <time>2026-05-05T12:27:53.000Z</time>
        <extensions>
          <ns3:TrackPointExtension>
            <ns3:hr>132</ns3:hr>
            <ns3:cad>90</ns3:cad>
          </ns3:TrackPointExtension>
        </extensions>
      </trkpt>
      <trkpt lat="29.28069052286446094512939453125" lon="117.2463292814791202545166015625">
        <ele>60.59999847412109375</ele>
        <time>2026-05-05T12:27:54.000Z</time>
        <extensions>
          <ns3:TrackPointExtension>
            <ns3:hr>132</ns3:hr>
            <ns3:cad>90</ns3:cad>
          </ns3:TrackPointExtension>
        </extensions>
      </trkpt>
      <trkpt lat="29.28066604770720005035400390625" lon="117.246354259550571441650390625">
        <ele>60.59999847412109375</ele>
        <time>2026-05-05T12:27:55.000Z</time>
        <extensions>
          <ns3:TrackPointExtension>
            <ns3:hr>132</ns3:hr>
            <ns3:cad>90</ns3:cad>
          </ns3:TrackPointExtension>
        </extensions>
      </trkpt>
      <trkpt lat="29.2806564085185527801513671875" lon="117.24636406637728214263916015625">
        <ele>60.59999847412109375</ele>
        <time>2026-05-05T12:27:56.000Z</time>
        <extensions>
          <ns3:TrackPointExtension>
            <ns3:hr>132</ns3:hr>
            <ns3:cad>91</ns3:cad>
          </ns3:TrackPointExtension>
        </extensions>
      </trkpt>
      <trkpt lat="29.28063252009451389312744140625" lon="117.246388457715511322021484375">
        <ele>60.59999847412109375</ele>
        <time>2026-05-05T12:27:57.000Z</time>
        <extensions>
          <ns3:TrackPointExtension>
            <ns3:hr>132</ns3:hr>
            <ns3:cad>92</ns3:cad>
          </ns3:TrackPointExtension>
        </extensions>
      </trkpt>
      <trkpt lat="29.28061592392623424530029296875" lon="117.2464053891599178314208984375">
        <ele>60.59999847412109375</ele>
        <time>2026-05-05T12:27:58.000Z</time>
        <extensions>
          <ns3:TrackPointExtension>
            <ns3:hr>133</ns3:hr>
            <ns3:cad>92</ns3:cad>
          </ns3:TrackPointExtension>
        </extensions>
      </trkpt>
      <trkpt lat="29.28059211932122707366943359375" lon="117.24642969667911529541015625">
        <ele>60.59999847412109375</ele>
        <time>2026-05-05T12:27:59.000Z</time>
        <extensions>
          <ns3:TrackPointExtension>
            <ns3:hr>132</ns3:hr>
            <ns3:cad>92</ns3:cad>
          </ns3:TrackPointExtension>
        </extensions>
      </trkpt>
      <trkpt lat="29.2805769480764865875244140625" lon="117.246445119380950927734375">
        <ele>60.59999847412109375</ele>
        <time>2026-05-05T12:28:00.000Z</time>
        <extensions>
          <ns3:TrackPointExtension>
            <ns3:hr>132</ns3:hr>
            <ns3:cad>92</ns3:cad>
          </ns3:TrackPointExtension>
        </extensions>
      </trkpt>
      <trkpt lat="29.28055708296597003936767578125" lon="117.24646548740565776824951171875">
        <ele>60.59999847412109375</ele>
        <time>2026-05-05T12:28:01.000Z</time>
        <extensions>
          <ns3:TrackPointExtension>
            <ns3:hr>133</ns3:hr>
            <ns3:cad>92</ns3:cad>
          </ns3:TrackPointExtension>
        </extensions>
      </trkpt>
      <trkpt lat="29.2805400677025318145751953125" lon="117.24648275412619113922119140625">
        <ele>60.59999847412109375</ele>
        <time>2026-05-05T12:28:02.000Z</time>
        <extensions>
          <ns3:TrackPointExtension>
            <ns3:hr>132</ns3:hr>
            <ns3:cad>91</ns3:cad>
          </ns3:TrackPointExtension>
        </extensions>
      </trkpt>
      <trkpt lat="29.28052246570587158203125" lon="117.24650077521800994873046875">
        <ele>60.59999847412109375</ele>
        <time>2026-05-05T12:28:03.000Z</time>
        <extensions>
          <ns3:TrackPointExtension>
            <ns3:hr>132</ns3:hr>
            <ns3:cad>91</ns3:cad>
          </ns3:TrackPointExtension>
        </extensions>
      </trkpt>
      <trkpt lat="29.2805021815001964569091796875" lon="117.2465213946998119354248046875">
        <ele>60.59999847412109375</ele>
        <time>2026-05-05T12:28:04.000Z</time>
        <extensions>
          <ns3:TrackPointExtension>
            <ns3:hr>132</ns3:hr>
            <ns3:cad>91</ns3:cad>
          </ns3:TrackPointExtension>
        </extensions>
      </trkpt>
      <trkpt lat="29.280485920608043670654296875" lon="117.246537990868091583251953125">
        <ele>60.59999847412109375</ele>
        <time>2026-05-05T12:28:05.000Z</time>
        <extensions>
          <ns3:TrackPointExtension>
            <ns3:hr>131</ns3:hr>
            <ns3:cad>90</ns3:cad>
          </ns3:TrackPointExtension>
        </extensions>
      </trkpt>
      <trkpt lat="29.2804621160030364990234375" lon="117.2465622983872890472412109375">
        <ele>60.59999847412109375</ele>
        <time>2026-05-05T12:28:06.000Z</time>
        <extensions>
          <ns3:TrackPointExtension>
            <ns3:hr>131</ns3:hr>
            <ns3:cad>90</ns3:cad>
          </ns3:TrackPointExtension>
        </extensions>
      </trkpt>
      <trkpt lat="29.28044535219669342041015625" lon="117.2465793974697589874267578125">
        <ele>60.59999847412109375</ele>
        <time>2026-05-05T12:28:07.000Z</time>
        <extensions>
          <ns3:TrackPointExtension>
            <ns3:hr>131</ns3:hr>
            <ns3:cad>90</ns3:cad>
          </ns3:TrackPointExtension>
        </extensions>
      </trkpt>
      <trkpt lat="29.28041660226881504058837890625" lon="117.246608734130859375">
        <ele>60.59999847412109375</ele>
        <time>2026-05-05T12:28:08.000Z</time>
        <extensions>
          <ns3:TrackPointExtension>
            <ns3:hr>131</ns3:hr>
            <ns3:cad>90</ns3:cad>
          </ns3:TrackPointExtension>
        </extensions>
      </trkpt>
      <trkpt lat="29.2804026044905185699462890625" lon="117.24662306718528270721435546875">
        <ele>60.59999847412109375</ele>
        <time>2026-05-05T12:28:09.000Z</time>
        <extensions>
          <ns3:TrackPointExtension>
            <ns3:hr>130</ns3:hr>
            <ns3:cad>90</ns3:cad>
          </ns3:TrackPointExtension>
        </extensions>
      </trkpt>
      <trkpt lat="29.2803764529526233673095703125" lon="117.24664972163736820220947265625">
        <ele>60.59999847412109375</ele>
        <time>2026-05-05T12:28:10.000Z</time>
        <extensions>
          <ns3:TrackPointExtension>
            <ns3:hr>131</ns3:hr>
            <ns3:cad>90</ns3:cad>
          </ns3:TrackPointExtension>
        </extensions>
      </trkpt>
      <trkpt lat="29.28036362864077091217041015625" lon="117.2466628812253475189208984375">
        <ele>60.59999847412109375</ele>
        <time>2026-05-05T12:28:11.000Z</time>
        <extensions>
          <ns3:TrackPointExtension>
            <ns3:hr>130</ns3:hr>
            <ns3:cad>90</ns3:cad>
          </ns3:TrackPointExtension>
        </extensions>
      </trkpt>
      <trkpt lat="29.2803362198173999786376953125" lon="117.24669079296290874481201171875">
        <ele>60.59999847412109375</ele>
        <time>2026-05-05T12:28:12.000Z</time>
        <extensions>
          <ns3:TrackPointExtension>
            <ns3:hr>131</ns3:hr>
            <ns3:cad>91</ns3:cad>
          </ns3:TrackPointExtension>
        </extensions>
      </trkpt>
      <trkpt lat="29.280324988067150115966796875" lon="117.246702276170253753662109375">
        <ele>60.59999847412109375</ele>
        <time>2026-05-05T12:28:13.000Z</time>
        <extensions>
          <ns3:TrackPointExtension>
            <ns3:hr>131</ns3:hr>
            <ns3:cad>91</ns3:cad>
          </ns3:TrackPointExtension>
        </extensions>
      </trkpt>
      <trkpt lat="29.28029489703476428985595703125" lon="117.2467329539358615875244140625">
        <ele>60.59999847412109375</ele>
        <time>2026-05-05T12:28:14.000Z</time>
        <extensions>
          <ns3:TrackPointExtension>
            <ns3:hr>130</ns3:hr>
            <ns3:cad>91</ns3:cad>
          </ns3:TrackPointExtension>
        </extensions>
      </trkpt>
      <trkpt lat="29.28028886206448078155517578125" lon="117.246739156544208526611328125">
        <ele>60.59999847412109375</ele>
        <time>2026-05-05T12:28:15.000Z</time>
        <extensions>
          <ns3:TrackPointExtension>
            <ns3:hr>130</ns3:hr>
            <ns3:cad>91</ns3:cad>
          </ns3:TrackPointExtension>
        </extensions>
      </trkpt>
      <trkpt lat="29.28025566972792148590087890625" lon="117.24677301943302154541015625">
        <ele>60.59999847412109375</ele>
        <time>2026-05-05T12:28:16.000Z</time>
        <extensions>
          <ns3:TrackPointExtension>
            <ns3:hr>130</ns3:hr>
            <ns3:cad>91</ns3:cad>
          </ns3:TrackPointExtension>
        </extensions>
      </trkpt>
      <trkpt lat="29.28025080822408199310302734375" lon="117.24677796475589275360107421875">
        <ele>60.59999847412109375</ele>
        <time>2026-05-05T12:28:17.000Z</time>
        <extensions>
          <ns3:TrackPointExtension>
            <ns3:hr>131</ns3:hr>
            <ns3:cad>91</ns3:cad>
          </ns3:TrackPointExtension>
        </extensions>
      </trkpt>
      <trkpt lat="29.28022080101072788238525390625" lon="117.24680864252150058746337890625">
        <ele>60.59999847412109375</ele>
        <time>2026-05-05T12:28:18.000Z</time>
        <extensions>
          <ns3:TrackPointExtension>
            <ns3:hr>131</ns3:hr>
            <ns3:cad>91</ns3:cad>
          </ns3:TrackPointExtension>
        </extensions>
      </trkpt>
      <trkpt lat="29.2802155204117298126220703125" lon="117.2468139231204986572265625">
        <ele>60.59999847412109375</ele>
        <time>2026-05-05T12:28:19.000Z</time>
        <extensions>
          <ns3:TrackPointExtension>
            <ns3:hr>131</ns3:hr>
            <ns3:cad>91</ns3:cad>
          </ns3:TrackPointExtension>
        </extensions>
      </trkpt>
      <trkpt lat="29.28018475882709026336669921875" lon="117.24684535525739192962646484375">
        <ele>60.59999847412109375</ele>
        <time>2026-05-05T12:28:20.000Z</time>
        <extensions>
          <ns3:TrackPointExtension>
            <ns3:hr>130</ns3:hr>
            <ns3:cad>91</ns3:cad>
          </ns3:TrackPointExtension>
        </extensions>
      </trkpt>
      <trkpt lat="29.2801736108958721160888671875" lon="117.2468566708266735076904296875">
        <ele>60.59999847412109375</ele>
        <time>2026-05-05T12:28:21.000Z</time>
        <extensions>
          <ns3:TrackPointExtension>
            <ns3:hr>131</ns3:hr>
            <ns3:cad>91</ns3:cad>
          </ns3:TrackPointExtension>
        </extensions>
      </trkpt>
      <trkpt lat="29.28015005774796009063720703125" lon="117.24688164889812469482421875">
        <ele>60.59999847412109375</ele>
        <time>2026-05-05T12:28:22.000Z</time>
        <extensions>
          <ns3:TrackPointExtension>
            <ns3:hr>131</ns3:hr>
            <ns3:cad>91</ns3:cad>
          </ns3:TrackPointExtension>
        </extensions>
      </trkpt>
      <trkpt lat="29.28013689815998077392578125" lon="117.2468970715999603271484375">
        <ele>60.59999847412109375</ele>
        <time>2026-05-05T12:28:23.000Z</time>
        <extensions>
          <ns3:TrackPointExtension>
            <ns3:hr>130</ns3:hr>
            <ns3:cad>92</ns3:cad>
          </ns3:TrackPointExtension>
        </extensions>
      </trkpt>
      <trkpt lat="29.280113093554973602294921875" lon="117.24692900665104389190673828125">
        <ele>60.59999847412109375</ele>
        <time>2026-05-05T12:28:24.000Z</time>
        <extensions>
          <ns3:TrackPointExtension>
            <ns3:hr>131</ns3:hr>
            <ns3:cad>92</ns3:cad>
          </ns3:TrackPointExtension>
        </extensions>
      </trkpt>
      <trkpt lat="29.28010077215731143951416015625" lon="117.24694845266640186309814453125">
        <ele>60.59999847412109375</ele>
        <time>2026-05-05T12:28:25.000Z</time>
        <extensions>
          <ns3:TrackPointExtension>
            <ns3:hr>131</ns3:hr>
            <ns3:cad>92</ns3:cad>
          </ns3:TrackPointExtension>
        </extensions>
      </trkpt>
      <trkpt lat="29.28008467890322208404541015625" lon="117.2469803877174854278564453125">
        <ele>60.59999847412109375</ele>
        <time>2026-05-05T12:28:26.000Z</time>
        <extensions>
          <ns3:TrackPointExtension>
            <ns3:hr>130</ns3:hr>
            <ns3:cad>92</ns3:cad>
          </ns3:TrackPointExtension>
        </extensions>
      </trkpt>
      <trkpt lat="29.28007445298135280609130859375" lon="117.2470025159418582916259765625">
        <ele>60.59999847412109375</ele>
        <time>2026-05-05T12:28:27.000Z</time>
        <extensions>
          <ns3:TrackPointExtension>
            <ns3:hr>131</ns3:hr>
            <ns3:cad>92</ns3:cad>
          </ns3:TrackPointExtension>
        </extensions>
      </trkpt>
      <trkpt lat="29.2800649814307689666748046875" lon="117.24703227169811725616455078125">
        <ele>60.59999847412109375</ele>
        <time>2026-05-05T12:28:28.000Z</time>
        <extensions>
          <ns3:TrackPointExtension>
            <ns3:hr>131</ns3:hr>
            <ns3:cad>92</ns3:cad>
          </ns3:TrackPointExtension>
        </extensions>
      </trkpt>
      <trkpt lat="29.28005601279437541961669921875" lon="117.2470668889582157135009765625">
        <ele>60.59999847412109375</ele>
        <time>2026-05-05T12:28:29.000Z</time>
        <extensions>
          <ns3:TrackPointExtension>
            <ns3:hr>132</ns3:hr>
            <ns3:cad>92</ns3:cad>
          </ns3:TrackPointExtension>
        </extensions>
      </trkpt>
      <trkpt lat="29.28005115129053592681884765625" lon="117.247094213962554931640625">
        <ele>60.59999847412109375</ele>
        <time>2026-05-05T12:28:30.000Z</time>
        <extensions>
          <ns3:TrackPointExtension>
            <ns3:hr>132</ns3:hr>
            <ns3:cad>92</ns3:cad>
          </ns3:TrackPointExtension>
        </extensions>
      </trkpt>
      <trkpt lat="29.28004763089120388031005859375" lon="117.247134111821651458740234375">
        <ele>60.59999847412109375</ele>
        <time>2026-05-05T12:28:31.000Z</time>
        <extensions>
          <ns3:TrackPointExtension>
            <ns3:hr>133</ns3:hr>
            <ns3:cad>92</ns3:cad>
          </ns3:TrackPointExtension>
        </extensions>
      </trkpt>
      <trkpt lat="29.280046708881855010986328125" lon="117.2471523843705654144287109375">
        <ele>60.59999847412109375</ele>
        <time>2026-05-05T12:28:32.000Z</time>
        <extensions>
          <ns3:TrackPointExtension>
            <ns3:hr>133</ns3:hr>
            <ns3:cad>92</ns3:cad>
          </ns3:TrackPointExtension>
        </extensions>
      </trkpt>
      <trkpt lat="29.2800492234528064727783203125" lon="117.24719773046672344207763671875">
        <ele>60.59999847412109375</ele>
        <time>2026-05-05T12:28:33.000Z</time>
        <extensions>
          <ns3:TrackPointExtension>
            <ns3:hr>134</ns3:hr>
            <ns3:cad>92</ns3:cad>
          </ns3:TrackPointExtension>
        </extensions>
      </trkpt>
      <trkpt lat="29.2800502292811870574951171875" lon="117.2472108900547027587890625">
        <ele>60.59999847412109375</ele>
        <time>2026-05-05T12:28:34.000Z</time>
        <extensions>
          <ns3:TrackPointExtension>
            <ns3:hr>134</ns3:hr>
            <ns3:cad>92</ns3:cad>
          </ns3:TrackPointExtension>
        </extensions>
      </trkpt>
      <trkpt lat="29.28005886264145374298095703125" lon="117.2472543083131313323974609375">
        <ele>60.59999847412109375</ele>
        <time>2026-05-05T12:28:35.000Z</time>
        <extensions>
          <ns3:TrackPointExtension>
            <ns3:hr>135</ns3:hr>
            <ns3:cad>91</ns3:cad>
          </ns3:TrackPointExtension>
        </extensions>
      </trkpt>
      <trkpt lat="29.2800622992217540740966796875" lon="117.24726830609142780303955078125">
        <ele>60.59999847412109375</ele>
        <time>2026-05-05T12:28:36.000Z</time>
        <extensions>
          <ns3:TrackPointExtension>
            <ns3:hr>135</ns3:hr>
            <ns3:cad>91</ns3:cad>
          </ns3:TrackPointExtension>
        </extensions>
      </trkpt>
      <trkpt lat="29.28007747046649456024169921875" lon="117.247313149273395538330078125">
        <ele>60.59999847412109375</ele>
        <time>2026-05-05T12:28:37.000Z</time>
        <extensions>
          <ns3:TrackPointExtension>
            <ns3:hr>135</ns3:hr>
            <ns3:cad>91</ns3:cad>
          </ns3:TrackPointExtension>
        </extensions>
      </trkpt>
      <trkpt lat="29.28008333779871463775634765625" lon="117.247325219213962554931640625">
        <ele>60.59999847412109375</ele>
        <time>2026-05-05T12:28:38.000Z</time>
        <extensions>
          <ns3:TrackPointExtension>
            <ns3:hr>135</ns3:hr>
            <ns3:cad>91</ns3:cad>
          </ns3:TrackPointExtension>
        </extensions>
      </trkpt>
      <trkpt lat="29.28010345436632633209228515625" lon="117.24736436270177364349365234375">
        <ele>60.59999847412109375</ele>
        <time>2026-05-05T12:28:39.000Z</time>
        <extensions>
          <ns3:TrackPointExtension>
            <ns3:hr>134</ns3:hr>
            <ns3:cad>91</ns3:cad>
          </ns3:TrackPointExtension>
        </extensions>
      </trkpt>
      <trkpt lat="29.2801082320511341094970703125" lon="117.247371487319469451904296875">
        <ele>60.59999847412109375</ele>
        <time>2026-05-05T12:28:40.000Z</time>
        <extensions>
          <ns3:TrackPointExtension>
            <ns3:hr>134</ns3:hr>
            <ns3:cad>91</ns3:cad>
          </ns3:TrackPointExtension>
        </extensions>
      </trkpt>
      <trkpt lat="29.28013580851256847381591796875" lon="117.24740996025502681732177734375">
        <ele>60.59999847412109375</ele>
        <time>2026-05-05T12:28:41.000Z</time>
        <extensions>
          <ns3:TrackPointExtension>
            <ns3:hr>134</ns3:hr>
            <ns3:cad>91</ns3:cad>
          </ns3:TrackPointExtension>
        </extensions>
      </trkpt>
      <trkpt lat="29.28014251403510570526123046875" lon="117.2474174201488494873046875">
        <ele>60.59999847412109375</ele>
        <time>2026-05-05T12:28:42.000Z</time>
        <extensions>
          <ns3:TrackPointExtension>
            <ns3:hr>134</ns3:hr>
            <ns3:cad>90</ns3:cad>
          </ns3:TrackPointExtension>
        </extensions>
      </trkpt>
      <trkpt lat="29.2801726050674915313720703125" lon="117.24744801409542560577392578125">
        <ele>60.59999847412109375</ele>
        <time>2026-05-05T12:28:43.000Z</time>
        <extensions>
          <ns3:TrackPointExtension>
            <ns3:hr>134</ns3:hr>
            <ns3:cad>90</ns3:cad>
          </ns3:TrackPointExtension>
        </extensions>
      </trkpt>
      <trkpt lat="29.28018392063677310943603515625" lon="117.24745740182697772979736328125">
        <ele>60.59999847412109375</ele>
        <time>2026-05-05T12:28:44.000Z</time>
        <extensions>
          <ns3:TrackPointExtension>
            <ns3:hr>134</ns3:hr>
            <ns3:cad>91</ns3:cad>
          </ns3:TrackPointExtension>
        </extensions>
      </trkpt>
      <trkpt lat="29.28021593950688838958740234375" lon="117.247480452060699462890625">
        <ele>60.59999847412109375</ele>
        <time>2026-05-05T12:28:45.000Z</time>
        <extensions>
          <ns3:TrackPointExtension>
            <ns3:hr>133</ns3:hr>
            <ns3:cad>91</ns3:cad>
          </ns3:TrackPointExtension>
        </extensions>
      </trkpt>
      <trkpt lat="29.28022616542875766754150390625" lon="117.24748657085001468658447265625">
        <ele>60.59999847412109375</ele>
        <time>2026-05-05T12:28:46.000Z</time>
        <extensions>
          <ns3:TrackPointExtension>
            <ns3:hr>133</ns3:hr>
            <ns3:cad>91</ns3:cad>
          </ns3:TrackPointExtension>
        </extensions>
      </trkpt>
      <trkpt lat="29.28026455454528331756591796875" lon="117.24750517867505550384521484375">
        <ele>60.59999847412109375</ele>
        <time>2026-05-05T12:28:47.000Z</time>
        <extensions>
          <ns3:TrackPointExtension>
            <ns3:hr>133</ns3:hr>
            <ns3:cad>91</ns3:cad>
          </ns3:TrackPointExtension>
        </extensions>
      </trkpt>
      <trkpt lat="29.2802718468010425567626953125" lon="117.24750819616019725799560546875">
        <ele>60.59999847412109375</ele>
        <time>2026-05-05T12:28:48.000Z</time>
        <extensions>
          <ns3:TrackPointExtension>
            <ns3:hr>132</ns3:hr>
            <ns3:cad>92</ns3:cad>
          </ns3:TrackPointExtension>
        </extensions>
      </trkpt>
      <trkpt lat="29.28030847571790218353271484375" lon="117.24751892499625682830810546875">
        <ele>60.59999847412109375</ele>
        <time>2026-05-05T12:28:49.000Z</time>
        <extensions>
          <ns3:TrackPointExtension>
            <ns3:hr>132</ns3:hr>
            <ns3:cad>92</ns3:cad>
          </ns3:TrackPointExtension>
        </extensions>
      </trkpt>
      <trkpt lat="29.28032792173326015472412109375" lon="117.24752345122396945953369140625">
        <ele>60.59999847412109375</ele>
        <time>2026-05-05T12:28:50.000Z</time>
        <extensions>
          <ns3:TrackPointExtension>
            <ns3:hr>132</ns3:hr>
            <ns3:cad>92</ns3:cad>
          </ns3:TrackPointExtension>
        </extensions>
      </trkpt>
      <trkpt lat="29.280355162918567657470703125" lon="117.2475255466997623443603515625">
        <ele>60.59999847412109375</ele>
        <time>2026-05-05T12:28:51.000Z</time>
        <extensions>
          <ns3:TrackPointExtension>
            <ns3:hr>132</ns3:hr>
            <ns3:cad>91</ns3:cad>
          </ns3:TrackPointExtension>
        </extensions>
      </trkpt>
      <trkpt lat="29.280377961695194244384765625" lon="117.24752680398523807525634765625">
        <ele>60.59999847412109375</ele>
        <time>2026-05-05T12:28:52.000Z</time>
        <extensions>
          <ns3:TrackPointExtension>
            <ns3:hr>132</ns3:hr>
            <ns3:cad>91</ns3:cad>
          </ns3:TrackPointExtension>
        </extensions>
      </trkpt>
      <trkpt lat="29.2804039455950260162353515625" lon="117.2475242055952548980712890625">
        <ele>60.59999847412109375</ele>
        <time>2026-05-05T12:28:53.000Z</time>
        <extensions>
          <ns3:TrackPointExtension>
            <ns3:hr>132</ns3:hr>
            <ns3:cad>91</ns3:cad>
          </ns3:TrackPointExtension>
        </extensions>
      </trkpt>
      <trkpt lat="29.28042833693325519561767578125" lon="117.2475208528339862823486328125">
        <ele>60.59999847412109375</ele>
        <time>2026-05-05T12:28:54.000Z</time>
        <extensions>
          <ns3:TrackPointExtension>
            <ns3:hr>132</ns3:hr>
            <ns3:cad>91</ns3:cad>
          </ns3:TrackPointExtension>
        </extensions>
      </trkpt>
      <trkpt lat="29.2804545722901821136474609375" lon="117.24751389585435390472412109375">
        <ele>60.59999847412109375</ele>
        <time>2026-05-05T12:28:55.000Z</time>
        <extensions>
          <ns3:TrackPointExtension>
            <ns3:hr>132</ns3:hr>
            <ns3:cad>91</ns3:cad>
          </ns3:TrackPointExtension>
        </extensions>
      </trkpt>
      <trkpt lat="29.2804820649325847625732421875" lon="117.24750400520861148834228515625">
        <ele>60.59999847412109375</ele>
        <time>2026-05-05T12:28:56.000Z</time>
        <extensions>
          <ns3:TrackPointExtension>
            <ns3:hr>132</ns3:hr>
            <ns3:cad>91</ns3:cad>
          </ns3:TrackPointExtension>
        </extensions>
      </trkpt>
      <trkpt lat="29.2805077135562896728515625" lon="117.24749260582029819488525390625">
        <ele>60.59999847412109375</ele>
        <time>2026-05-05T12:28:57.000Z</time>
        <extensions>
          <ns3:TrackPointExtension>
            <ns3:hr>132</ns3:hr>
            <ns3:cad>91</ns3:cad>
          </ns3:TrackPointExtension>
        </extensions>
      </trkpt>
      <trkpt lat="29.28053713403642177581787109375" lon="117.24747416563332080841064453125">
        <ele>60.59999847412109375</ele>
        <time>2026-05-05T12:28:58.000Z</time>
        <extensions>
          <ns3:TrackPointExtension>
            <ns3:hr>132</ns3:hr>
            <ns3:cad>91</ns3:cad>
          </ns3:TrackPointExtension>
        </extensions>
      </trkpt>
      <trkpt lat="29.28056144155561923980712890625" lon="117.24745606072247028350830078125">
        <ele>60.59999847412109375</ele>
        <time>2026-05-05T12:28:59.000Z</time>
        <extensions>
          <ns3:TrackPointExtension>
            <ns3:hr>133</ns3:hr>
            <ns3:cad>91</ns3:cad>
          </ns3:TrackPointExtension>
        </extensions>
      </trkpt>
      <trkpt lat="29.2805881798267364501953125" lon="117.247432507574558258056640625">
        <ele>60.59999847412109375</ele>
        <time>2026-05-05T12:29:00.000Z</time>
        <extensions>
          <ns3:TrackPointExtension>
            <ns3:hr>133</ns3:hr>
            <ns3:cad>91</ns3:cad>
          </ns3:TrackPointExtension>
        </extensions>
      </trkpt>
      <trkpt lat="29.280605278909206390380859375" lon="117.24741498939692974090576171875">
        <ele>60.59999847412109375</ele>
        <time>2026-05-05T12:29:01.000Z</time>
        <extensions>
          <ns3:TrackPointExtension>
            <ns3:hr>133</ns3:hr>
            <ns3:cad>91</ns3:cad>
          </ns3:TrackPointExtension>
        </extensions>
      </trkpt>
      <trkpt lat="29.2806299217045307159423828125" lon="117.24738992750644683837890625">
        <ele>60.59999847412109375</ele>
        <time>2026-05-05T12:29:02.000Z</time>
        <extensions>
          <ns3:TrackPointExtension>
            <ns3:hr>134</ns3:hr>
            <ns3:cad>91</ns3:cad>
          </ns3:TrackPointExtension>
        </extensions>
      </trkpt>
      <trkpt lat="29.28064459003508090972900390625" lon="117.24737492389976978302001953125">
        <ele>60.59999847412109375</ele>
        <time>2026-05-05T12:29:03.000Z</time>
        <extensions>
          <ns3:TrackPointExtension>
            <ns3:hr>134</ns3:hr>
            <ns3:cad>91</ns3:cad>
          </ns3:TrackPointExtension>
        </extensions>
      </trkpt>
      <trkpt lat="29.2806681431829929351806640625" lon="117.2473508678376674652099609375">
        <ele>60.59999847412109375</ele>
        <time>2026-05-05T12:29:04.000Z</time>
        <extensions>
          <ns3:TrackPointExtension>
            <ns3:hr>134</ns3:hr>
            <ns3:cad>91</ns3:cad>
          </ns3:TrackPointExtension>
        </extensions>
      </trkpt>
      <trkpt lat="29.28068348206579685211181640625" lon="117.247335277497768402099609375">
        <ele>60.59999847412109375</ele>
        <time>2026-05-05T12:29:05.000Z</time>
        <extensions>
          <ns3:TrackPointExtension>
            <ns3:hr>133</ns3:hr>
            <ns3:cad>91</ns3:cad>
          </ns3:TrackPointExtension>
        </extensions>
      </trkpt>
      <trkpt lat="29.28071089088916778564453125" lon="117.2473072819411754608154296875">
        <ele>60.59999847412109375</ele>
        <time>2026-05-05T12:29:06.000Z</time>
        <extensions>
          <ns3:TrackPointExtension>
            <ns3:hr>133</ns3:hr>
            <ns3:cad>91</ns3:cad>
          </ns3:TrackPointExtension>
        </extensions>
      </trkpt>
      <trkpt lat="29.2807217873632907867431640625" lon="117.24729613400995731353759765625">
        <ele>60.59999847412109375</ele>
        <time>2026-05-05T12:29:07.000Z</time>
        <extensions>
          <ns3:TrackPointExtension>
            <ns3:hr>134</ns3:hr>
            <ns3:cad>91</ns3:cad>
          </ns3:TrackPointExtension>
        </extensions>
      </trkpt>
      <trkpt lat="29.28075104020535945892333984375" lon="117.24726629443466663360595703125">
        <ele>60.59999847412109375</ele>
        <time>2026-05-05T12:29:08.000Z</time>
        <extensions>
          <ns3:TrackPointExtension>
            <ns3:hr>134</ns3:hr>
            <ns3:cad>91</ns3:cad>
          </ns3:TrackPointExtension>
        </extensions>
      </trkpt>
      <trkpt lat="29.28076051175594329833984375" lon="117.2472566552460193634033203125">
        <ele>60.59999847412109375</ele>
        <time>2026-05-05T12:29:09.000Z</time>
        <extensions>
          <ns3:TrackPointExtension>
            <ns3:hr>134</ns3:hr>
            <ns3:cad>91</ns3:cad>
          </ns3:TrackPointExtension>
        </extensions>
      </trkpt>
      <trkpt lat="29.2807935364544391632080078125" lon="117.247222959995269775390625">
        <ele>60.59999847412109375</ele>
        <time>2026-05-05T12:29:10.000Z</time>
        <extensions>
          <ns3:TrackPointExtension>
            <ns3:hr>134</ns3:hr>
            <ns3:cad>91</ns3:cad>
          </ns3:TrackPointExtension>
        </extensions>
      </trkpt>
      <trkpt lat="29.2808009125292301177978515625" lon="117.2472154162824153900146484375">
        <ele>60.59999847412109375</ele>
        <time>2026-05-05T12:29:11.000Z</time>
        <extensions>
          <ns3:TrackPointExtension>
            <ns3:hr>134</ns3:hr>
            <ns3:cad>90</ns3:cad>
          </ns3:TrackPointExtension>
        </extensions>
      </trkpt>
      <trkpt lat="29.28083452396094799041748046875" lon="117.247181050479412078857421875">
        <ele>60.59999847412109375</ele>
        <time>2026-05-05T12:29:12.000Z</time>
        <extensions>
          <ns3:TrackPointExtension>
            <ns3:hr>135</ns3:hr>
            <ns3:cad>90</ns3:cad>
          </ns3:TrackPointExtension>
        </extensions>
      </trkpt>
      <trkpt lat="29.28083837963640689849853515625" lon="117.24717711098492145538330078125">
        <ele>60.59999847412109375</ele>
        <time>2026-05-05T12:29:13.000Z</time>
        <extensions>
          <ns3:TrackPointExtension>
            <ns3:hr>135</ns3:hr>
            <ns3:cad>91</ns3:cad>
          </ns3:TrackPointExtension>
        </extensions>
      </trkpt>
      <trkpt lat="29.2808713205158710479736328125" lon="117.24714358337223529815673828125">
        <ele>60.59999847412109375</ele>
        <time>2026-05-05T12:29:14.000Z</time>
        <extensions>
          <ns3:TrackPointExtension>
            <ns3:hr>135</ns3:hr>
            <ns3:cad>92</ns3:cad>
          </ns3:TrackPointExtension>
        </extensions>
      </trkpt>
      <trkpt lat="29.2808763496577739715576171875" lon="117.24713838659226894378662109375">
        <ele>60.59999847412109375</ele>
        <time>2026-05-05T12:29:15.000Z</time>
        <extensions>
          <ns3:TrackPointExtension>
            <ns3:hr>135</ns3:hr>
            <ns3:cad>92</ns3:cad>
          </ns3:TrackPointExtension>
        </extensions>
      </trkpt>
      <trkpt lat="29.28090861998498439788818359375" lon="117.24710552953183650970458984375">
        <ele>60.59999847412109375</ele>
        <time>2026-05-05T12:29:16.000Z</time>
        <extensions>
          <ns3:TrackPointExtension>
            <ns3:hr>136</ns3:hr>
            <ns3:cad>92</ns3:cad>
          </ns3:TrackPointExtension>
        </extensions>
      </trkpt>
      <trkpt lat="29.2809165827929973602294921875" lon="117.2470973990857601165771484375">
        <ele>60.59999847412109375</ele>
        <time>2026-05-05T12:29:17.000Z</time>
        <extensions>
          <ns3:TrackPointExtension>
            <ns3:hr>136</ns3:hr>
            <ns3:cad>91</ns3:cad>
          </ns3:TrackPointExtension>
        </extensions>
      </trkpt>
      <trkpt lat="29.28094835020601749420166015625" lon="117.24706496112048625946044921875">
        <ele>60.59999847412109375</ele>
        <time>2026-05-05T12:29:18.000Z</time>
        <extensions>
          <ns3:TrackPointExtension>
            <ns3:hr>136</ns3:hr>
            <ns3:cad>91</ns3:cad>
          </ns3:TrackPointExtension>
        </extensions>
      </trkpt>
      <trkpt lat="29.28095505572855472564697265625" lon="117.24705808795988559722900390625">
        <ele>60.59999847412109375</ele>
        <time>2026-05-05T12:29:19.000Z</time>
        <extensions>
          <ns3:TrackPointExtension>
            <ns3:hr>136</ns3:hr>
            <ns3:cad>92</ns3:cad>
          </ns3:TrackPointExtension>
        </extensions>
      </trkpt>
      <trkpt lat="29.28098489530384540557861328125" lon="117.2470276616513729095458984375">
        <ele>60.59999847412109375</ele>
        <time>2026-05-05T12:29:20.000Z</time>
        <extensions>
          <ns3:TrackPointExtension>
            <ns3:hr>136</ns3:hr>
            <ns3:cad>92</ns3:cad>
          </ns3:TrackPointExtension>
        </extensions>
      </trkpt>
      <trkpt lat="29.28099512122571468353271484375" lon="117.2470172680914402008056640625">
        <ele>60.59999847412109375</ele>
        <time>2026-05-05T12:29:21.000Z</time>
        <extensions>
          <ns3:TrackPointExtension>
            <ns3:hr>136</ns3:hr>
            <ns3:cad>92</ns3:cad>
          </ns3:TrackPointExtension>
        </extensions>
      </trkpt>
      <trkpt lat="29.28102345205843448638916015625" lon="117.24698835052549839019775390625">
        <ele>60.59999847412109375</ele>
        <time>2026-05-05T12:29:22.000Z</time>
        <extensions>
          <ns3:TrackPointExtension>
            <ns3:hr>137</ns3:hr>
            <ns3:cad>92</ns3:cad>
          </ns3:TrackPointExtension>
        </extensions>
      </trkpt>
      <trkpt lat="29.28103619255125522613525390625" lon="117.2469753585755825042724609375">
        <ele>60.59999847412109375</ele>
        <time>2026-05-05T12:29:23.000Z</time>
        <extensions>
          <ns3:TrackPointExtension>
            <ns3:hr>136</ns3:hr>
            <ns3:cad>92</ns3:cad>
          </ns3:TrackPointExtension>
        </extensions>
      </trkpt>
      <trkpt lat="29.28105957806110382080078125" lon="117.24695147015154361724853515625">
        <ele>60.59999847412109375</ele>
        <time>2026-05-05T12:29:24.000Z</time>
        <extensions>
          <ns3:TrackPointExtension>
            <ns3:hr>136</ns3:hr>
            <ns3:cad>92</ns3:cad>
          </ns3:TrackPointExtension>
        </extensions>
      </trkpt>
      <trkpt lat="29.2810734920203685760498046875" lon="117.2469373047351837158203125">
        <ele>60.59999847412109375</ele>
        <time>2026-05-05T12:29:25.000Z</time>
        <extensions>
          <ns3:TrackPointExtension>
            <ns3:hr>137</ns3:hr>
            <ns3:cad>92</ns3:cad>
          </ns3:TrackPointExtension>
        </extensions>
      </trkpt>
      <trkpt lat="29.28109645843505859375" lon="117.24691383540630340576171875">
        <ele>60.59999847412109375</ele>
        <time>2026-05-05T12:29:26.000Z</time>
        <extensions>
          <ns3:TrackPointExtension>
            <ns3:hr>136</ns3:hr>
            <ns3:cad>92</ns3:cad>
          </ns3:TrackPointExtension>
        </extensions>
      </trkpt>
      <trkpt lat="29.28111992776393890380859375" lon="117.2468898631632328033447265625">
        <ele>60.59999847412109375</ele>
        <time>2026-05-05T12:29:27.000Z</time>
        <extensions>
          <ns3:TrackPointExtension>
            <ns3:hr>136</ns3:hr>
            <ns3:cad>92</ns3:cad>
          </ns3:TrackPointExtension>
        </extensions>
      </trkpt>
      <trkpt lat="29.28113979287445545196533203125" lon="117.24686966277658939361572265625">
        <ele>60.59999847412109375</ele>
        <time>2026-05-05T12:29:28.000Z</time>
        <extensions>
          <ns3:TrackPointExtension>
            <ns3:hr>137</ns3:hr>
            <ns3:cad>92</ns3:cad>
          </ns3:TrackPointExtension>
        </extensions>
      </trkpt>
      <trkpt lat="29.2811613343656063079833984375" lon="117.2468476183712482452392578125">
        <ele>60.59999847412109375</ele>
        <time>2026-05-05T12:29:29.000Z</time>
        <extensions>
          <ns3:TrackPointExtension>
            <ns3:hr>136</ns3:hr>
            <ns3:cad>92</ns3:cad>
          </ns3:TrackPointExtension>
        </extensions>
      </trkpt>
      <trkpt lat="29.2811780981719493865966796875" lon="117.24682875908911228179931640625">
        <ele>60.59999847412109375</ele>
        <time>2026-05-05T12:29:30.000Z</time>
        <extensions>
          <ns3:TrackPointExtension>
            <ns3:hr>136</ns3:hr>
            <ns3:cad>92</ns3:cad>
          </ns3:TrackPointExtension>
        </extensions>
      </trkpt>
      <trkpt lat="29.2811992205679416656494140625" lon="117.2468036971986293792724609375">
        <ele>60.59999847412109375</ele>
        <time>2026-05-05T12:29:31.000Z</time>
        <extensions>
          <ns3:TrackPointExtension>
            <ns3:hr>137</ns3:hr>
            <ns3:cad>92</ns3:cad>
          </ns3:TrackPointExtension>
        </extensions>
      </trkpt>
      <trkpt lat="29.28121137432754039764404296875" lon="117.24678467027842998504638671875">
        <ele>60.59999847412109375</ele>
        <time>2026-05-05T12:29:32.000Z</time>
        <extensions>
          <ns3:TrackPointExtension>
            <ns3:hr>136</ns3:hr>
            <ns3:cad>92</ns3:cad>
          </ns3:TrackPointExtension>
        </extensions>
      </trkpt>
      <trkpt lat="29.2812317423522472381591796875" lon="117.246749214828014373779296875">
        <ele>60.59999847412109375</ele>
        <time>2026-05-05T12:29:33.000Z</time>
        <extensions>
          <ns3:TrackPointExtension>
            <ns3:hr>137</ns3:hr>
            <ns3:cad>92</ns3:cad>
          </ns3:TrackPointExtension>
        </extensions>
      </trkpt>
      <trkpt lat="29.28123786114156246185302734375" lon="117.24673605524003505706787109375">
        <ele>60.59999847412109375</ele>
        <time>2026-05-05T12:29:34.000Z</time>
        <extensions>
          <ns3:TrackPointExtension>
            <ns3:hr>137</ns3:hr>
            <ns3:cad>92</ns3:cad>
          </ns3:TrackPointExtension>
        </extensions>
      </trkpt>
      <trkpt lat="29.28125278092920780181884765625" lon="117.24669867195188999176025390625">
        <ele>60.59999847412109375</ele>
        <time>2026-05-05T12:29:35.000Z</time>
        <extensions>
          <ns3:TrackPointExtension>
            <ns3:hr>137</ns3:hr>
            <ns3:cad>92</ns3:cad>
          </ns3:TrackPointExtension>
        </extensions>
      </trkpt>
      <trkpt lat="29.281257726252079010009765625" lon="117.24668274633586406707763671875">
        <ele>60.59999847412109375</ele>
        <time>2026-05-05T12:29:36.000Z</time>
        <extensions>
          <ns3:TrackPointExtension>
            <ns3:hr>136</ns3:hr>
            <ns3:cad>92</ns3:cad>
          </ns3:TrackPointExtension>
        </extensions>
      </trkpt>
      <trkpt lat="29.28126870654523372650146484375" lon="117.246635220944881439208984375">
        <ele>60.59999847412109375</ele>
        <time>2026-05-05T12:29:37.000Z</time>
        <extensions>
          <ns3:TrackPointExtension>
            <ns3:hr>137</ns3:hr>
            <ns3:cad>92</ns3:cad>
          </ns3:TrackPointExtension>
        </extensions>
      </trkpt>
      <trkpt lat="29.28127055056393146514892578125" lon="117.24662507884204387664794921875">
        <ele>60.59999847412109375</ele>
        <time>2026-05-05T12:29:38.000Z</time>
        <extensions>
          <ns3:TrackPointExtension>
            <ns3:hr>137</ns3:hr>
            <ns3:cad>91</ns3:cad>
          </ns3:TrackPointExtension>
        </extensions>
      </trkpt>
      <trkpt lat="29.28127440623939037322998046875" lon="117.24658099003136157989501953125">
        <ele>60.59999847412109375</ele>
        <time>2026-05-05T12:29:39.000Z</time>
        <extensions>
          <ns3:TrackPointExtension>
            <ns3:hr>138</ns3:hr>
            <ns3:cad>91</ns3:cad>
          </ns3:TrackPointExtension>
        </extensions>
      </trkpt>
      <trkpt lat="29.2812753282487392425537109375" lon="117.246563471853733062744140625">
        <ele>60.59999847412109375</ele>
        <time>2026-05-05T12:29:40.000Z</time>
        <extensions>
          <ns3:TrackPointExtension>
            <ns3:hr>138</ns3:hr>
            <ns3:cad>91</ns3:cad>
          </ns3:TrackPointExtension>
        </extensions>
      </trkpt>
      <trkpt lat="29.28127281367778778076171875" lon="117.246521897614002227783203125">
        <ele>60.59999847412109375</ele>
        <time>2026-05-05T12:29:41.000Z</time>
        <extensions>
          <ns3:TrackPointExtension>
            <ns3:hr>138</ns3:hr>
            <ns3:cad>91</ns3:cad>
          </ns3:TrackPointExtension>
        </extensions>
      </trkpt>
      <trkpt lat="29.2812721431255340576171875" lon="117.2465126775205135345458984375">
        <ele>60.59999847412109375</ele>
        <time>2026-05-05T12:29:42.000Z</time>
        <extensions>
          <ns3:TrackPointExtension>
            <ns3:hr>139</ns3:hr>
            <ns3:cad>91</ns3:cad>
          </ns3:TrackPointExtension>
        </extensions>
      </trkpt>
      <trkpt lat="29.2812635935842990875244140625" lon="117.24646599031984806060791015625">
        <ele>60.59999847412109375</ele>
        <time>2026-05-05T12:29:43.000Z</time>
        <extensions>
          <ns3:TrackPointExtension>
            <ns3:hr>139</ns3:hr>
            <ns3:cad>91</ns3:cad>
          </ns3:TrackPointExtension>
        </extensions>
      </trkpt>
      <trkpt lat="29.28126099519431591033935546875" lon="117.24645341746509075164794921875">
        <ele>60.59999847412109375</ele>
        <time>2026-05-05T12:29:44.000Z</time>
        <extensions>
          <ns3:TrackPointExtension>
            <ns3:hr>139</ns3:hr>
            <ns3:cad>91</ns3:cad>
          </ns3:TrackPointExtension>
        </extensions>
      </trkpt>
      <trkpt lat="29.28124724887311458587646484375" lon="117.24641284905374050140380859375">
        <ele>60.59999847412109375</ele>
        <time>2026-05-05T12:29:45.000Z</time>
        <extensions>
          <ns3:TrackPointExtension>
            <ns3:hr>140</ns3:hr>
            <ns3:cad>90</ns3:cad>
          </ns3:TrackPointExtension>
        </extensions>
      </trkpt>
      <trkpt lat="29.28124238736927509307861328125" lon="117.24640010856091976165771484375">
        <ele>60.59999847412109375</ele>
        <time>2026-05-05T12:29:46.000Z</time>
        <extensions>
          <ns3:TrackPointExtension>
            <ns3:hr>139</ns3:hr>
            <ns3:cad>90</ns3:cad>
          </ns3:TrackPointExtension>
        </extensions>
      </trkpt>
      <trkpt lat="29.28122243843972682952880859375" lon="117.246359623968601226806640625">
        <ele>60.59999847412109375</ele>
        <time>2026-05-05T12:29:47.000Z</time>
        <extensions>
          <ns3:TrackPointExtension>
            <ns3:hr>139</ns3:hr>
            <ns3:cad>90</ns3:cad>
          </ns3:TrackPointExtension>
        </extensions>
      </trkpt>
      <trkpt lat="29.2812116257846355438232421875" lon="117.2463430278003215789794921875">
        <ele>60.59999847412109375</ele>
        <time>2026-05-05T12:29:48.000Z</time>
        <extensions>
          <ns3:TrackPointExtension>
            <ns3:hr>139</ns3:hr>
            <ns3:cad>90</ns3:cad>
          </ns3:TrackPointExtension>
        </extensions>
      </trkpt>
      <trkpt lat="29.28118924610316753387451171875" lon="117.2463111765682697296142578125">
        <ele>60.59999847412109375</ele>
        <time>2026-05-05T12:29:49.000Z</time>
        <extensions>
          <ns3:TrackPointExtension>
            <ns3:hr>139</ns3:hr>
            <ns3:cad>90</ns3:cad>
          </ns3:TrackPointExtension>
        </extensions>
      </trkpt>
      <trkpt lat="29.28117633797228336334228515625" lon="117.2462967596948146820068359375">
        <ele>60.59999847412109375</ele>
        <time>2026-05-05T12:29:50.000Z</time>
        <extensions>
          <ns3:TrackPointExtension>
            <ns3:hr>139</ns3:hr>
            <ns3:cad>90</ns3:cad>
          </ns3:TrackPointExtension>
        </extensions>
      </trkpt>
      <trkpt lat="29.281151108443737030029296875" lon="117.246271111071109771728515625">
        <ele>60.59999847412109375</ele>
        <time>2026-05-05T12:29:51.000Z</time>
        <extensions>
          <ns3:TrackPointExtension>
            <ns3:hr>139</ns3:hr>
            <ns3:cad>90</ns3:cad>
          </ns3:TrackPointExtension>
        </extensions>
      </trkpt>
      <trkpt lat="29.281143061816692352294921875" lon="117.246264405548572540283203125">
        <ele>60.59999847412109375</ele>
        <time>2026-05-05T12:29:52.000Z</time>
        <extensions>
          <ns3:TrackPointExtension>
            <ns3:hr>139</ns3:hr>
            <ns3:cad>90</ns3:cad>
          </ns3:TrackPointExtension>
        </extensions>
      </trkpt>
      <trkpt lat="29.2811103723943233489990234375" lon="117.24623984657227993011474609375">
        <ele>60.59999847412109375</ele>
        <time>2026-05-05T12:29:53.000Z</time>
        <extensions>
          <ns3:TrackPointExtension>
            <ns3:hr>138</ns3:hr>
            <ns3:cad>90</ns3:cad>
          </ns3:TrackPointExtension>
        </extensions>
      </trkpt>
      <trkpt lat="29.28109302185475826263427734375" lon="117.2462293691933155059814453125">
        <ele>60.59999847412109375</ele>
        <time>2026-05-05T12:29:54.000Z</time>
        <extensions>
          <ns3:TrackPointExtension>
            <ns3:hr>138</ns3:hr>
            <ns3:cad>90</ns3:cad>
          </ns3:TrackPointExtension>
        </extensions>
      </trkpt>
      <trkpt lat="29.281066618859767913818359375" lon="117.24621620960533618927001953125">
        <ele>60.59999847412109375</ele>
        <time>2026-05-05T12:29:55.000Z</time>
        <extensions>
          <ns3:TrackPointExtension>
            <ns3:hr>138</ns3:hr>
            <ns3:cad>90</ns3:cad>
          </ns3:TrackPointExtension>
        </extensions>
      </trkpt>
      <trkpt lat="29.28105597384274005889892578125" lon="117.24621185101568698883056640625">
        <ele>60.59999847412109375</ele>
        <time>2026-05-05T12:29:56.000Z</time>
        <extensions>
          <ns3:TrackPointExtension>
            <ns3:hr>138</ns3:hr>
            <ns3:cad>90</ns3:cad>
          </ns3:TrackPointExtension>
        </extensions>
      </trkpt>
      <trkpt lat="29.281025715172290802001953125" lon="117.2462015412747859954833984375">
        <ele>60.59999847412109375</ele>
        <time>2026-05-05T12:29:57.000Z</time>
        <extensions>
          <ns3:TrackPointExtension>
            <ns3:hr>138</ns3:hr>
            <ns3:cad>90</ns3:cad>
          </ns3:TrackPointExtension>
        </extensions>
      </trkpt>
      <trkpt lat="29.28100652061402797698974609375" lon="117.24619709886610507965087890625">
        <ele>60.59999847412109375</ele>
        <time>2026-05-05T12:29:58.000Z</time>
        <extensions>
          <ns3:TrackPointExtension>
            <ns3:hr>138</ns3:hr>
            <ns3:cad>90</ns3:cad>
          </ns3:TrackPointExtension>
        </extensions>
      </trkpt>
      <trkpt lat="29.280972741544246673583984375" lon="117.2461924888193607330322265625">
        <ele>60.59999847412109375</ele>
        <time>2026-05-05T12:29:59.000Z</time>
        <extensions>
          <ns3:TrackPointExtension>
            <ns3:hr>137</ns3:hr>
            <ns3:cad>90</ns3:cad>
          </ns3:TrackPointExtension>
        </extensions>
      </trkpt>
      <trkpt lat="29.28096109069883823394775390625" lon="117.2461916506290435791015625">
        <ele>60.59999847412109375</ele>
        <time>2026-05-05T12:30:00.000Z</time>
        <extensions>
          <ns3:TrackPointExtension>
            <ns3:hr>137</ns3:hr>
            <ns3:cad>90</ns3:cad>
          </ns3:TrackPointExtension>
        </extensions>
      </trkpt>
      <trkpt lat="29.280927479267120361328125" lon="117.2461924888193607330322265625">
        <ele>60.59999847412109375</ele>
        <time>2026-05-05T12:30:01.000Z</time>
        <extensions>
          <ns3:TrackPointExtension>
            <ns3:hr>136</ns3:hr>
            <ns3:cad>90</ns3:cad>
          </ns3:TrackPointExtension>
        </extensions>
      </trkpt>
      <trkpt lat="29.28091205656528472900390625" lon="117.24619391374289989471435546875">
        <ele>60.59999847412109375</ele>
        <time>2026-05-05T12:30:02.000Z</time>
        <extensions>
          <ns3:TrackPointExtension>
            <ns3:hr>136</ns3:hr>
            <ns3:cad>90</ns3:cad>
          </ns3:TrackPointExtension>
        </extensions>
      </trkpt>
      <trkpt lat="29.2808776907622814178466796875" lon="117.24620095454156398773193359375">
        <ele>60.59999847412109375</ele>
        <time>2026-05-05T12:30:03.000Z</time>
        <extensions>
          <ns3:TrackPointExtension>
            <ns3:hr>136</ns3:hr>
            <ns3:cad>90</ns3:cad>
          </ns3:TrackPointExtension>
        </extensions>
      </trkpt>
      <trkpt lat="29.2808535508811473846435546875" lon="117.2462075762450695037841796875">
        <ele>60.59999847412109375</ele>
        <time>2026-05-05T12:30:04.000Z</time>
        <extensions>
          <ns3:TrackPointExtension>
            <ns3:hr>135</ns3:hr>
            <ns3:cad>90</ns3:cad>
          </ns3:TrackPointExtension>
        </extensions>
      </trkpt>
      <trkpt lat="29.28082245402038097381591796875" lon="117.24622140638530254364013671875">
        <ele>60.59999847412109375</ele>
        <time>2026-05-05T12:30:05.000Z</time>
        <extensions>
          <ns3:TrackPointExtension>
            <ns3:hr>135</ns3:hr>
            <ns3:cad>90</ns3:cad>
          </ns3:TrackPointExtension>
        </extensions>
      </trkpt>
      <trkpt lat="29.28080367855727672576904296875" lon="117.24623121321201324462890625">
        <ele>60.59999847412109375</ele>
        <time>2026-05-05T12:30:06.000Z</time>
        <extensions>
          <ns3:TrackPointExtension>
            <ns3:hr>135</ns3:hr>
            <ns3:cad>90</ns3:cad>
          </ns3:TrackPointExtension>
        </extensions>
      </trkpt>
      <trkpt lat="29.28077450953423976898193359375" lon="117.24625007249414920806884765625">
        <ele>60.59999847412109375</ele>
        <time>2026-05-05T12:30:07.000Z</time>
        <extensions>
          <ns3:TrackPointExtension>
            <ns3:hr>135</ns3:hr>
            <ns3:cad>89</ns3:cad>
          </ns3:TrackPointExtension>
        </extensions>
      </trkpt>
      <trkpt lat="29.28076009266078472137451171875" lon="117.2462618909776210784912109375">
        <ele>60.59999847412109375</ele>
        <time>2026-05-05T12:30:08.000Z</time>
        <extensions>
          <ns3:TrackPointExtension>
            <ns3:hr>135</ns3:hr>
            <ns3:cad>89</ns3:cad>
          </ns3:TrackPointExtension>
        </extensions>
      </trkpt>
      <trkpt lat="29.28072622977197170257568359375" lon="117.24629290401935577392578125">
        <ele>60.59999847412109375</ele>
        <time>2026-05-05T12:30:09.000Z</time>
        <extensions>
          <ns3:TrackPointExtension>
            <ns3:hr>135</ns3:hr>
            <ns3:cad>89</ns3:cad>
          </ns3:TrackPointExtension>
        </extensions>
      </trkpt>
      <trkpt lat="29.2807130701839923858642578125" lon="117.24630631506443023681640625">
        <ele>60.59999847412109375</ele>
        <time>2026-05-05T12:30:10.000Z</time>
        <extensions>
          <ns3:TrackPointExtension>
            <ns3:hr>135</ns3:hr>
            <ns3:cad>89</ns3:cad>
          </ns3:TrackPointExtension>
        </extensions>
      </trkpt>
      <trkpt lat="29.28070007823407649993896484375" lon="117.2463195584714412689208984375">
        <ele>60.59999847412109375</ele>
        <time>2026-05-05T12:30:11.000Z</time>
        <extensions>
          <ns3:TrackPointExtension>
            <ns3:hr>135</ns3:hr>
            <ns3:cad>90</ns3:cad>
          </ns3:TrackPointExtension>
        </extensions>
      </trkpt>
      <trkpt lat="29.28067074157297611236572265625" lon="117.2463493980467319488525390625">
        <ele>60.59999847412109375</ele>
        <time>2026-05-05T12:30:12.000Z</time>
        <extensions>
          <ns3:TrackPointExtension>
            <ns3:hr>135</ns3:hr>
            <ns3:cad>90</ns3:cad>
          </ns3:TrackPointExtension>
        </extensions>
      </trkpt>
      <trkpt lat="29.28065816871821880340576171875" lon="117.246362306177616119384765625">
        <ele>60.59999847412109375</ele>
        <time>2026-05-05T12:30:13.000Z</time>
        <extensions>
          <ns3:TrackPointExtension>
            <ns3:hr>135</ns3:hr>
            <ns3:cad>90</ns3:cad>
          </ns3:TrackPointExtension>
        </extensions>
      </trkpt>
      <trkpt lat="29.280630089342594146728515625" lon="117.24639088846743106842041015625">
        <ele>60.59999847412109375</ele>
        <time>2026-05-05T12:30:14.000Z</time>
        <extensions>
          <ns3:TrackPointExtension>
            <ns3:hr>135</ns3:hr>
            <ns3:cad>90</ns3:cad>
          </ns3:TrackPointExtension>
        </extensions>
      </trkpt>
      <trkpt lat="29.28061567246913909912109375" lon="117.24640564061701297760009765625">
        <ele>60.59999847412109375</ele>
        <time>2026-05-05T12:30:15.000Z</time>
        <extensions>
          <ns3:TrackPointExtension>
            <ns3:hr>135</ns3:hr>
            <ns3:cad>90</ns3:cad>
          </ns3:TrackPointExtension>
        </extensions>
      </trkpt>
      <trkpt lat="29.28058885037899017333984375" lon="117.2464330494403839111328125">
        <ele>60.59999847412109375</ele>
        <time>2026-05-05T12:30:16.000Z</time>
        <extensions>
          <ns3:TrackPointExtension>
            <ns3:hr>135</ns3:hr>
            <ns3:cad>90</ns3:cad>
          </ns3:TrackPointExtension>
        </extensions>
      </trkpt>
      <trkpt lat="29.28057401441037654876708984375" lon="117.24644822068512439727783203125">
        <ele>60.59999847412109375</ele>
        <time>2026-05-05T12:30:17.000Z</time>
        <extensions>
          <ns3:TrackPointExtension>
            <ns3:hr>135</ns3:hr>
            <ns3:cad>90</ns3:cad>
          </ns3:TrackPointExtension>
        </extensions>
      </trkpt>
      <trkpt lat="29.2805479466915130615234375" lon="117.2464747913181781768798828125">
        <ele>60.59999847412109375</ele>
        <time>2026-05-05T12:30:18.000Z</time>
        <extensions>
          <ns3:TrackPointExtension>
            <ns3:hr>135</ns3:hr>
            <ns3:cad>91</ns3:cad>
          </ns3:TrackPointExtension>
        </extensions>
      </trkpt>
      <trkpt lat="29.28053252398967742919921875" lon="117.2464905492961406707763671875">
        <ele>60.59999847412109375</ele>
        <time>2026-05-05T12:30:19.000Z</time>
        <extensions>
          <ns3:TrackPointExtension>
            <ns3:hr>135</ns3:hr>
            <ns3:cad>91</ns3:cad>
          </ns3:TrackPointExtension>
        </extensions>
      </trkpt>
      <trkpt lat="29.28050494752824306488037109375" lon="117.24651862867176532745361328125">
        <ele>60.59999847412109375</ele>
        <time>2026-05-05T12:30:20.000Z</time>
        <extensions>
          <ns3:TrackPointExtension>
            <ns3:hr>135</ns3:hr>
            <ns3:cad>91</ns3:cad>
          </ns3:TrackPointExtension>
        </extensions>
      </trkpt>
      <trkpt lat="29.280497319996356964111328125" lon="117.2465264238417148590087890625">
        <ele>60.59999847412109375</ele>
        <time>2026-05-05T12:30:21.000Z</time>
        <extensions>
          <ns3:TrackPointExtension>
            <ns3:hr>135</ns3:hr>
            <ns3:cad>91</ns3:cad>
          </ns3:TrackPointExtension>
        </extensions>
      </trkpt>
      <trkpt lat="29.28046756424009799957275390625" lon="117.246556766331195831298828125">
        <ele>60.59999847412109375</ele>
        <time>2026-05-05T12:30:22.000Z</time>
        <extensions>
          <ns3:TrackPointExtension>
            <ns3:hr>135</ns3:hr>
            <ns3:cad>91</ns3:cad>
          </ns3:TrackPointExtension>
        </extensions>
      </trkpt>
      <trkpt lat="29.2804567515850067138671875" lon="117.24656783044338226318359375">
        <ele>60.59999847412109375</ele>
        <time>2026-05-05T12:30:23.000Z</time>
        <extensions>
          <ns3:TrackPointExtension>
            <ns3:hr>135</ns3:hr>
            <ns3:cad>91</ns3:cad>
          </ns3:TrackPointExtension>
        </extensions>
      </trkpt>
      <trkpt lat="29.2804284207522869110107421875" lon="117.2465966641902923583984375">
        <ele>60.59999847412109375</ele>
        <time>2026-05-05T12:30:24.000Z</time>
        <extensions>
          <ns3:TrackPointExtension>
            <ns3:hr>135</ns3:hr>
            <ns3:cad>91</ns3:cad>
          </ns3:TrackPointExtension>
        </extensions>
      </trkpt>
      <trkpt lat="29.280414842069149017333984375" lon="117.2466105781495571136474609375">
        <ele>60.59999847412109375</ele>
        <time>2026-05-05T12:30:25.000Z</time>
        <extensions>
          <ns3:TrackPointExtension>
            <ns3:hr>135</ns3:hr>
            <ns3:cad>91</ns3:cad>
          </ns3:TrackPointExtension>
        </extensions>
      </trkpt>
      <trkpt lat="29.2804009281098842620849609375" lon="117.24662474356591701507568359375">
        <ele>60.59999847412109375</ele>
        <time>2026-05-05T12:30:26.000Z</time>
        <extensions>
          <ns3:TrackPointExtension>
            <ns3:hr>135</ns3:hr>
            <ns3:cad>91</ns3:cad>
          </ns3:TrackPointExtension>
        </extensions>
      </trkpt>
      <trkpt lat="29.2803861759603023529052734375" lon="117.24663983099162578582763671875">
        <ele>60.59999847412109375</ele>
        <time>2026-05-05T12:30:27.000Z</time>
        <extensions>
          <ns3:TrackPointExtension>
            <ns3:hr>135</ns3:hr>
            <ns3:cad>91</ns3:cad>
          </ns3:TrackPointExtension>
        </extensions>
      </trkpt>
      <trkpt lat="29.28035004995763301849365234375" lon="117.24667671136558055877685546875">
        <ele>60.59999847412109375</ele>
        <time>2026-05-05T12:30:28.000Z</time>
        <extensions>
          <ns3:TrackPointExtension>
            <ns3:hr>135</ns3:hr>
            <ns3:cad>91</ns3:cad>
          </ns3:TrackPointExtension>
        </extensions>
      </trkpt>
      <trkpt lat="29.280342422425746917724609375" lon="117.24668450653553009033203125">
        <ele>60.59999847412109375</ele>
        <time>2026-05-05T12:30:29.000Z</time>
        <extensions>
          <ns3:TrackPointExtension>
            <ns3:hr>135</ns3:hr>
            <ns3:cad>92</ns3:cad>
          </ns3:TrackPointExtension>
        </extensions>
      </trkpt>
      <trkpt lat="29.28030864335596561431884765625" lon="117.24671895615756511688232421875">
        <ele>60.59999847412109375</ele>
        <time>2026-05-05T12:30:30.000Z</time>
        <extensions>
          <ns3:TrackPointExtension>
            <ns3:hr>135</ns3:hr>
            <ns3:cad>92</ns3:cad>
          </ns3:TrackPointExtension>
        </extensions>
      </trkpt>
      <trkpt lat="29.2803013511002063751220703125" lon="117.24672633223235607147216796875">
        <ele>60.59999847412109375</ele>
        <time>2026-05-05T12:30:31.000Z</time>
        <extensions>
          <ns3:TrackPointExtension>
            <ns3:hr>135</ns3:hr>
            <ns3:cad>91</ns3:cad>
          </ns3:TrackPointExtension>
        </extensions>
      </trkpt>
      <trkpt lat="29.28026740439236164093017578125" lon="117.24676103331148624420166015625">
        <ele>60.59999847412109375</ele>
        <time>2026-05-05T12:30:32.000Z</time>
        <extensions>
          <ns3:TrackPointExtension>
            <ns3:hr>134</ns3:hr>
            <ns3:cad>91</ns3:cad>
          </ns3:TrackPointExtension>
        </extensions>
      </trkpt>
      <trkpt lat="29.2802582681179046630859375" lon="117.24677033722400665283203125">
        <ele>60.59999847412109375</ele>
        <time>2026-05-05T12:30:33.000Z</time>
        <extensions>
          <ns3:TrackPointExtension>
            <ns3:hr>134</ns3:hr>
            <ns3:cad>91</ns3:cad>
          </ns3:TrackPointExtension>
        </extensions>
      </trkpt>
      <trkpt lat="29.2802314460277557373046875" lon="117.24679774604737758636474609375">
        <ele>60.59999847412109375</ele>
        <time>2026-05-05T12:30:34.000Z</time>
        <extensions>
          <ns3:TrackPointExtension>
            <ns3:hr>134</ns3:hr>
            <ns3:cad>91</ns3:cad>
          </ns3:TrackPointExtension>
        </extensions>
      </trkpt>
      <trkpt lat="29.28022130392491817474365234375" lon="117.2468080557882785797119140625">
        <ele>60.59999847412109375</ele>
        <time>2026-05-05T12:30:35.000Z</time>
        <extensions>
          <ns3:TrackPointExtension>
            <ns3:hr>134</ns3:hr>
            <ns3:cad>91</ns3:cad>
          </ns3:TrackPointExtension>
        </extensions>
      </trkpt>
      <trkpt lat="29.2801960743963718414306640625" lon="117.24683378823101520538330078125">
        <ele>60.59999847412109375</ele>
        <time>2026-05-05T12:30:36.000Z</time>
        <extensions>
          <ns3:TrackPointExtension>
            <ns3:hr>135</ns3:hr>
            <ns3:cad>92</ns3:cad>
          </ns3:TrackPointExtension>
        </extensions>
      </trkpt>
      <trkpt lat="29.2801803164184093475341796875" lon="117.24684988148510456085205078125">
        <ele>60.59999847412109375</ele>
        <time>2026-05-05T12:30:37.000Z</time>
        <extensions>
          <ns3:TrackPointExtension>
            <ns3:hr>135</ns3:hr>
            <ns3:cad>92</ns3:cad>
          </ns3:TrackPointExtension>
        </extensions>
      </trkpt>
      <trkpt lat="29.28015944547951221466064453125" lon="117.24687117151916027069091796875">
        <ele>60.59999847412109375</ele>
        <time>2026-05-05T12:30:38.000Z</time>
        <extensions>
          <ns3:TrackPointExtension>
            <ns3:hr>135</ns3:hr>
            <ns3:cad>92</ns3:cad>
          </ns3:TrackPointExtension>
        </extensions>
      </trkpt>
      <trkpt lat="29.28014628589153289794921875" lon="117.246886007487773895263671875">
        <ele>60.59999847412109375</ele>
        <time>2026-05-05T12:30:39.000Z</time>
        <extensions>
          <ns3:TrackPointExtension>
            <ns3:hr>135</ns3:hr>
            <ns3:cad>92</ns3:cad>
          </ns3:TrackPointExtension>
        </extensions>
      </trkpt>
      <trkpt lat="29.2801253311336040496826171875" lon="117.24691073410212993621826171875">
        <ele>60.59999847412109375</ele>
        <time>2026-05-05T12:30:40.000Z</time>
        <extensions>
          <ns3:TrackPointExtension>
            <ns3:hr>135</ns3:hr>
            <ns3:cad>92</ns3:cad>
          </ns3:TrackPointExtension>
        </extensions>
      </trkpt>
      <trkpt lat="29.28011585958302021026611328125" lon="117.24692464806139469146728515625">
        <ele>60.59999847412109375</ele>
        <time>2026-05-05T12:30:41.000Z</time>
        <extensions>
          <ns3:TrackPointExtension>
            <ns3:hr>135</ns3:hr>
            <ns3:cad>92</ns3:cad>
          </ns3:TrackPointExtension>
        </extensions>
      </trkpt>
      <trkpt lat="29.28009490482509136199951171875" lon="117.2469582594931125640869140625">
        <ele>60.59999847412109375</ele>
        <time>2026-05-05T12:30:42.000Z</time>
        <extensions>
          <ns3:TrackPointExtension>
            <ns3:hr>135</ns3:hr>
            <ns3:cad>92</ns3:cad>
          </ns3:TrackPointExtension>
        </extensions>
      </trkpt>
      <trkpt lat="29.28008166141808032989501953125" lon="117.2469867579638957977294921875">
        <ele>60.59999847412109375</ele>
        <time>2026-05-05T12:30:43.000Z</time>
        <extensions>
          <ns3:TrackPointExtension>
            <ns3:hr>135</ns3:hr>
            <ns3:cad>92</ns3:cad>
          </ns3:TrackPointExtension>
        </extensions>
      </trkpt>
      <trkpt lat="29.28006959147751331329345703125" lon="117.2470176033675670623779296875">
        <ele>60.59999847412109375</ele>
        <time>2026-05-05T12:30:44.000Z</time>
        <extensions>
          <ns3:TrackPointExtension>
            <ns3:hr>135</ns3:hr>
            <ns3:cad>92</ns3:cad>
          </ns3:TrackPointExtension>
        </extensions>
      </trkpt>
      <trkpt lat="29.2800616286695003509521484375" lon="117.24704300053417682647705078125">
        <ele>60.59999847412109375</ele>
        <time>2026-05-05T12:30:45.000Z</time>
        <extensions>
          <ns3:TrackPointExtension>
            <ns3:hr>135</ns3:hr>
            <ns3:cad>91</ns3:cad>
          </ns3:TrackPointExtension>
        </extensions>
      </trkpt>
      <trkpt lat="29.2800549231469631195068359375" lon="117.24707267247140407562255859375">
        <ele>60.59999847412109375</ele>
        <time>2026-05-05T12:30:46.000Z</time>
        <extensions>
          <ns3:TrackPointExtension>
            <ns3:hr>135</ns3:hr>
            <ns3:cad>91</ns3:cad>
          </ns3:TrackPointExtension>
        </extensions>
      </trkpt>
      <trkpt lat="29.28004897199571132659912109375" lon="117.24710754118859767913818359375">
        <ele>60.59999847412109375</ele>
        <time>2026-05-05T12:30:47.000Z</time>
        <extensions>
          <ns3:TrackPointExtension>
            <ns3:hr>135</ns3:hr>
            <ns3:cad>91</ns3:cad>
          </ns3:TrackPointExtension>
        </extensions>
      </trkpt>
      <trkpt lat="29.2800475470721721649169921875" lon="117.24713645875453948974609375">
        <ele>60.59999847412109375</ele>
        <time>2026-05-05T12:30:48.000Z</time>
        <extensions>
          <ns3:TrackPointExtension>
            <ns3:hr>135</ns3:hr>
            <ns3:cad>90</ns3:cad>
          </ns3:TrackPointExtension>
        </extensions>
      </trkpt>
      <trkpt lat="29.2800475470721721649169921875" lon="117.24717476405203342437744140625">
        <ele>60.59999847412109375</ele>
        <time>2026-05-05T12:30:49.000Z</time>
        <extensions>
          <ns3:TrackPointExtension>
            <ns3:hr>135</ns3:hr>
            <ns3:cad>90</ns3:cad>
          </ns3:TrackPointExtension>
        </extensions>
      </trkpt>
      <trkpt lat="29.28004880435764789581298828125" lon="117.24719144403934478759765625">
        <ele>60.59999847412109375</ele>
        <time>2026-05-05T12:30:50.000Z</time>
        <extensions>
          <ns3:TrackPointExtension>
            <ns3:hr>135</ns3:hr>
            <ns3:cad>91</ns3:cad>
          </ns3:TrackPointExtension>
        </extensions>
      </trkpt>
      <trkpt lat="29.28005467168986797332763671875" lon="117.2472335211932659149169921875">
        <ele>60.59999847412109375</ele>
        <time>2026-05-05T12:30:51.000Z</time>
        <extensions>
          <ns3:TrackPointExtension>
            <ns3:hr>136</ns3:hr>
            <ns3:cad>91</ns3:cad>
          </ns3:TrackPointExtension>
        </extensions>
      </trkpt>
      <trkpt lat="29.2800582759082317352294921875" lon="117.24725154228508472442626953125">
        <ele>60.59999847412109375</ele>
        <time>2026-05-05T12:30:52.000Z</time>
        <extensions>
          <ns3:TrackPointExtension>
            <ns3:hr>135</ns3:hr>
            <ns3:cad>92</ns3:cad>
          </ns3:TrackPointExtension>
        </extensions>
      </trkpt>
      <trkpt lat="29.28007160313427448272705078125" lon="117.247295714914798736572265625">
        <ele>60.59999847412109375</ele>
        <time>2026-05-05T12:30:53.000Z</time>
        <extensions>
          <ns3:TrackPointExtension>
            <ns3:hr>135</ns3:hr>
            <ns3:cad>92</ns3:cad>
          </ns3:TrackPointExtension>
        </extensions>
      </trkpt>
      <trkpt lat="29.28007612936198711395263671875" lon="117.24730920977890491485595703125">
        <ele>60.59999847412109375</ele>
        <time>2026-05-05T12:30:54.000Z</time>
        <extensions>
          <ns3:TrackPointExtension>
            <ns3:hr>135</ns3:hr>
            <ns3:cad>92</ns3:cad>
          </ns3:TrackPointExtension>
        </extensions>
      </trkpt>
      <trkpt lat="29.28009507246315479278564453125" lon="117.24734893999993801116943359375">
        <ele>60.59999847412109375</ele>
        <time>2026-05-05T12:30:55.000Z</time>
        <extensions>
          <ns3:TrackPointExtension>
            <ns3:hr>135</ns3:hr>
            <ns3:cad>91</ns3:cad>
          </ns3:TrackPointExtension>
        </extensions>
      </trkpt>
      <trkpt lat="29.2801005207002162933349609375" lon="117.247360087931156158447265625">
        <ele>60.59999847412109375</ele>
        <time>2026-05-05T12:30:56.000Z</time>
        <extensions>
          <ns3:TrackPointExtension>
            <ns3:hr>136</ns3:hr>
            <ns3:cad>91</ns3:cad>
          </ns3:TrackPointExtension>
        </extensions>
      </trkpt>
      <trkpt lat="29.28012222982943058013916015625" lon="117.24739235825836658477783203125">
        <ele>60.59999847412109375</ele>
        <time>2026-05-05T12:30:57.000Z</time>
        <extensions>
          <ns3:TrackPointExtension>
            <ns3:hr>136</ns3:hr>
            <ns3:cad>91</ns3:cad>
          </ns3:TrackPointExtension>
        </extensions>
      </trkpt>
      <trkpt lat="29.2801280133426189422607421875" lon="117.247400991618633270263671875">
        <ele>60.59999847412109375</ele>
        <time>2026-05-05T12:30:58.000Z</time>
        <extensions>
          <ns3:TrackPointExtension>
            <ns3:hr>137</ns3:hr>
            <ns3:cad>90</ns3:cad>
          </ns3:TrackPointExtension>
        </extensions>
      </trkpt>
      <trkpt lat="29.2801575176417827606201171875" lon="117.24743418395519256591796875">
        <ele>60.59999847412109375</ele>
        <time>2026-05-05T12:30:59.000Z</time>
        <extensions>
          <ns3:TrackPointExtension>
            <ns3:hr>137</ns3:hr>
            <ns3:cad>90</ns3:cad>
          </ns3:TrackPointExtension>
        </extensions>
      </trkpt>
      <trkpt lat="29.2801699228584766387939453125" lon="117.2474457509815692901611328125">
        <ele>60.59999847412109375</ele>
        <time>2026-05-05T12:31:00.000Z</time>
        <extensions>
          <ns3:TrackPointExtension>
            <ns3:hr>137</ns3:hr>
            <ns3:cad>91</ns3:cad>
          </ns3:TrackPointExtension>
        </extensions>
      </trkpt>
      <trkpt lat="29.28020336665213108062744140625" lon="117.247472740709781646728515625">
        <ele>60.59999847412109375</ele>
        <time>2026-05-05T12:31:01.000Z</time>
        <extensions>
          <ns3:TrackPointExtension>
            <ns3:hr>137</ns3:hr>
            <ns3:cad>91</ns3:cad>
          </ns3:TrackPointExtension>
        </extensions>
      </trkpt>
      <trkpt lat="29.28021258674561977386474609375" lon="117.24747835658490657806396484375">
        <ele>60.59999847412109375</ele>
        <time>2026-05-05T12:31:02.000Z</time>
        <extensions>
          <ns3:TrackPointExtension>
            <ns3:hr>137</ns3:hr>
            <ns3:cad>91</ns3:cad>
          </ns3:TrackPointExtension>
        </extensions>
      </trkpt>
      <trkpt lat="29.28025265224277973175048828125" lon="117.24750031717121601104736328125">
        <ele>60.59999847412109375</ele>
        <time>2026-05-05T12:31:03.000Z</time>
        <extensions>
          <ns3:TrackPointExtension>
            <ns3:hr>137</ns3:hr>
            <ns3:cad>92</ns3:cad>
          </ns3:TrackPointExtension>
        </extensions>
      </trkpt>
      <trkpt lat="29.28025986067950725555419921875" lon="117.2475032508373260498046875">
        <ele>60.59999847412109375</ele>
        <time>2026-05-05T12:31:04.000Z</time>
        <extensions>
          <ns3:TrackPointExtension>
            <ns3:hr>138</ns3:hr>
            <ns3:cad>92</ns3:cad>
          </ns3:TrackPointExtension>
        </extensions>
      </trkpt>
      <trkpt lat="29.2803057096898555755615234375" lon="117.24751825444400310516357421875">
        <ele>60.59999847412109375</ele>
        <time>2026-05-05T12:31:05.000Z</time>
        <extensions>
          <ns3:TrackPointExtension>
            <ns3:hr>137</ns3:hr>
            <ns3:cad>92</ns3:cad>
          </ns3:TrackPointExtension>
        </extensions>
      </trkpt>
      <trkpt lat="29.28032398223876953125" lon="117.2475225292146205902099609375">
        <ele>60.59999847412109375</ele>
        <time>2026-05-05T12:31:06.000Z</time>
        <extensions>
          <ns3:TrackPointExtension>
            <ns3:hr>137</ns3:hr>
            <ns3:cad>92</ns3:cad>
          </ns3:TrackPointExtension>
        </extensions>
      </trkpt>
      <trkpt lat="29.28035927005112171173095703125" lon="117.24752579815685749053955078125">
        <ele>60.59999847412109375</ele>
        <time>2026-05-05T12:31:07.000Z</time>
        <extensions>
          <ns3:TrackPointExtension>
            <ns3:hr>137</ns3:hr>
            <ns3:cad>92</ns3:cad>
          </ns3:TrackPointExtension>
        </extensions>
      </trkpt>
      <trkpt lat="29.28037603385746479034423828125" lon="117.24752697162330150604248046875">
        <ele>60.59999847412109375</ele>
        <time>2026-05-05T12:31:08.000Z</time>
        <extensions>
          <ns3:TrackPointExtension>
            <ns3:hr>137</ns3:hr>
            <ns3:cad>91</ns3:cad>
          </ns3:TrackPointExtension>
        </extensions>
      </trkpt>
      <trkpt lat="29.28040654398500919342041015625" lon="117.24752395413815975189208984375">
        <ele>60.59999847412109375</ele>
        <time>2026-05-05T12:31:09.000Z</time>
        <extensions>
          <ns3:TrackPointExtension>
            <ns3:hr>137</ns3:hr>
            <ns3:cad>91</ns3:cad>
          </ns3:TrackPointExtension>
        </extensions>
      </trkpt>
      <trkpt lat="29.28041987121105194091796875" lon="117.24752269685268402099609375">
        <ele>60.59999847412109375</ele>
        <time>2026-05-05T12:31:10.000Z</time>
        <extensions>
          <ns3:TrackPointExtension>
            <ns3:hr>137</ns3:hr>
            <ns3:cad>91</ns3:cad>
          </ns3:TrackPointExtension>
        </extensions>
      </trkpt>
      <trkpt lat="29.28045348264276981353759765625" lon="117.2475141473114490509033203125">
        <ele>60.59999847412109375</ele>
        <time>2026-05-05T12:31:11.000Z</time>
        <extensions>
          <ns3:TrackPointExtension>
            <ns3:hr>136</ns3:hr>
            <ns3:cad>90</ns3:cad>
          </ns3:TrackPointExtension>
        </extensions>
      </trkpt>
      <trkpt lat="29.28047326393425464630126953125" lon="117.24750786088407039642333984375">
        <ele>60.59999847412109375</ele>
        <time>2026-05-05T12:31:12.000Z</time>
        <extensions>
          <ns3:TrackPointExtension>
            <ns3:hr>136</ns3:hr>
            <ns3:cad>90</ns3:cad>
          </ns3:TrackPointExtension>
        </extensions>
      </trkpt>
      <trkpt lat="29.2805001698434352874755859375" lon="117.24749595858156681060791015625">
        <ele>60.59999847412109375</ele>
        <time>2026-05-05T12:31:13.000Z</time>
        <extensions>
          <ns3:TrackPointExtension>
            <ns3:hr>136</ns3:hr>
            <ns3:cad>91</ns3:cad>
          </ns3:TrackPointExtension>
        </extensions>
      </trkpt>
      <trkpt lat="29.2805159278213977813720703125" lon="117.24748791195452213287353515625">
        <ele>60.59999847412109375</ele>
        <time>2026-05-05T12:31:14.000Z</time>
        <extensions>
          <ns3:TrackPointExtension>
            <ns3:hr>136</ns3:hr>
            <ns3:cad>91</ns3:cad>
          </ns3:TrackPointExtension>
        </extensions>
      </trkpt>
      <trkpt lat="29.2805434204638004302978515625" lon="117.24747014231979846954345703125">
        <ele>60.59999847412109375</ele>
        <time>2026-05-05T12:31:15.000Z</time>
        <extensions>
          <ns3:TrackPointExtension>
            <ns3:hr>135</ns3:hr>
            <ns3:cad>92</ns3:cad>
          </ns3:TrackPointExtension>
        </extensions>
      </trkpt>
      <trkpt lat="29.28055825643241405487060546875" lon="117.24745891056954860687255859375">
        <ele>60.59999847412109375</ele>
        <time>2026-05-05T12:31:16.000Z</time>
        <extensions>
          <ns3:TrackPointExtension>
            <ns3:hr>135</ns3:hr>
            <ns3:cad>92</ns3:cad>
          </ns3:TrackPointExtension>
        </extensions>
      </trkpt>
      <trkpt lat="29.2805833183228969573974609375" lon="117.24743678234517574310302734375">
        <ele>60.59999847412109375</ele>
        <time>2026-05-05T12:31:17.000Z</time>
        <extensions>
          <ns3:TrackPointExtension>
            <ns3:hr>135</ns3:hr>
            <ns3:cad>92</ns3:cad>
          </ns3:TrackPointExtension>
        </extensions>
      </trkpt>
      <trkpt lat="29.2805977351963520050048828125" lon="117.24742270074784755706787109375">
        <ele>60.59999847412109375</ele>
        <time>2026-05-05T12:31:18.000Z</time>
        <extensions>
          <ns3:TrackPointExtension>
            <ns3:hr>135</ns3:hr>
            <ns3:cad>91</ns3:cad>
          </ns3:TrackPointExtension>
        </extensions>
      </trkpt>
      <trkpt lat="29.2806181870400905609130859375" lon="117.2474018298089504241943359375">
        <ele>60.59999847412109375</ele>
        <time>2026-05-05T12:31:19.000Z</time>
        <extensions>
          <ns3:TrackPointExtension>
            <ns3:hr>134</ns3:hr>
            <ns3:cad>91</ns3:cad>
          </ns3:TrackPointExtension>
        </extensions>
      </trkpt>
      <trkpt lat="29.28063469938933849334716796875" lon="117.24738498218357563018798828125">
        <ele>60.59999847412109375</ele>
        <time>2026-05-05T12:31:20.000Z</time>
        <extensions>
          <ns3:TrackPointExtension>
            <ns3:hr>134</ns3:hr>
            <ns3:cad>90</ns3:cad>
          </ns3:TrackPointExtension>
        </extensions>
      </trkpt>
      <trkpt lat="29.280655570328235626220703125" lon="117.24736369214951992034912109375">
        <ele>60.59999847412109375</ele>
        <time>2026-05-05T12:31:21.000Z</time>
        <extensions>
          <ns3:TrackPointExtension>
            <ns3:hr>134</ns3:hr>
            <ns3:cad>90</ns3:cad>
          </ns3:TrackPointExtension>
        </extensions>
      </trkpt>
      <trkpt lat="29.2806751839816570281982421875" lon="117.24734365940093994140625">
        <ele>60.59999847412109375</ele>
        <time>2026-05-05T12:31:22.000Z</time>
        <extensions>
          <ns3:TrackPointExtension>
            <ns3:hr>133</ns3:hr>
            <ns3:cad>90</ns3:cad>
          </ns3:TrackPointExtension>
        </extensions>
      </trkpt>
      <trkpt lat="29.28069613873958587646484375" lon="117.24732228554785251617431640625">
        <ele>60.59999847412109375</ele>
        <time>2026-05-05T12:31:23.000Z</time>
        <extensions>
          <ns3:TrackPointExtension>
            <ns3:hr>133</ns3:hr>
            <ns3:cad>90</ns3:cad>
          </ns3:TrackPointExtension>
        </extensions>
      </trkpt>
      <trkpt lat="29.2807150818407535552978515625" lon="117.24730300717055797576904296875">
        <ele>60.59999847412109375</ele>
        <time>2026-05-05T12:31:24.000Z</time>
        <extensions>
          <ns3:TrackPointExtension>
            <ns3:hr>132</ns3:hr>
            <ns3:cad>90</ns3:cad>
          </ns3:TrackPointExtension>
        </extensions>
      </trkpt>
      <trkpt lat="29.2807335220277309417724609375" lon="117.24728423170745372772216796875">
        <ele>60.59999847412109375</ele>
        <time>2026-05-05T12:31:25.000Z</time>
        <extensions>
          <ns3:TrackPointExtension>
            <ns3:hr>132</ns3:hr>
            <ns3:cad>90</ns3:cad>
          </ns3:TrackPointExtension>
        </extensions>
      </trkpt>
      <trkpt lat="29.28075707517564296722412109375" lon="117.247260175645351409912109375">
        <ele>60.59999847412109375</ele>
        <time>2026-05-05T12:31:26.000Z</time>
        <extensions>
          <ns3:TrackPointExtension>
            <ns3:hr>132</ns3:hr>
            <ns3:cad>91</ns3:cad>
          </ns3:TrackPointExtension>
        </extensions>
      </trkpt>
      <trkpt lat="29.28077518008649349212646484375" lon="117.24724165163934230804443359375">
        <ele>60.59999847412109375</ele>
        <time>2026-05-05T12:31:27.000Z</time>
        <extensions>
          <ns3:TrackPointExtension>
            <ns3:hr>132</ns3:hr>
            <ns3:cad>91</ns3:cad>
          </ns3:TrackPointExtension>
        </extensions>
      </trkpt>
      <trkpt lat="29.28079940378665924072265625" lon="117.24721692502498626708984375">
        <ele>60.59999847412109375</ele>
        <time>2026-05-05T12:31:28.000Z</time>
        <extensions>
          <ns3:TrackPointExtension>
            <ns3:hr>132</ns3:hr>
            <ns3:cad>91</ns3:cad>
          </ns3:TrackPointExtension>
        </extensions>
      </trkpt>
      <trkpt lat="29.28081708960235118865966796875" lon="117.24719890393316745758056640625">
        <ele>60.59999847412109375</ele>
        <time>2026-05-05T12:31:29.000Z</time>
        <extensions>
          <ns3:TrackPointExtension>
            <ns3:hr>132</ns3:hr>
            <ns3:cad>92</ns3:cad>
          </ns3:TrackPointExtension>
        </extensions>
      </trkpt>
      <trkpt lat="29.2808387987315654754638671875" lon="117.24717677570879459381103515625">
        <ele>60.59999847412109375</ele>
        <time>2026-05-05T12:31:30.000Z</time>
        <extensions>
          <ns3:TrackPointExtension>
            <ns3:hr>131</ns3:hr>
            <ns3:cad>92</ns3:cad>
          </ns3:TrackPointExtension>
        </extensions>
      </trkpt>
      <trkpt lat="29.2808483541011810302734375" lon="117.247166968882083892822265625">
        <ele>60.59999847412109375</ele>
        <time>2026-05-05T12:31:31.000Z</time>
        <extensions>
          <ns3:TrackPointExtension>
            <ns3:hr>132</ns3:hr>
            <ns3:cad>92</ns3:cad>
          </ns3:TrackPointExtension>
        </extensions>
      </trkpt>
      <trkpt lat="29.28088397718966007232666015625" lon="117.2471305914223194122314453125">
        <ele>60.59999847412109375</ele>
        <time>2026-05-05T12:31:32.000Z</time>
        <extensions>
          <ns3:TrackPointExtension>
            <ns3:hr>132</ns3:hr>
            <ns3:cad>92</ns3:cad>
          </ns3:TrackPointExtension>
        </extensions>
      </trkpt>
      <trkpt lat="29.28088984452188014984130859375" lon="117.24712464027106761932373046875">
        <ele>60.59999847412109375</ele>
        <time>2026-05-05T12:31:33.000Z</time>
        <extensions>
          <ns3:TrackPointExtension>
            <ns3:hr>132</ns3:hr>
            <ns3:cad>92</ns3:cad>
          </ns3:TrackPointExtension>
        </extensions>
      </trkpt>
      <trkpt lat="29.28092219866812229156494140625" lon="117.24709161557257175445556640625">
        <ele>60.59999847412109375</ele>
        <time>2026-05-05T12:31:34.000Z</time>
        <extensions>
          <ns3:TrackPointExtension>
            <ns3:hr>132</ns3:hr>
            <ns3:cad>92</ns3:cad>
          </ns3:TrackPointExtension>
        </extensions>
      </trkpt>
      <trkpt lat="29.28092840127646923065185546875" lon="117.2470853291451930999755859375">
        <ele>60.59999847412109375</ele>
        <time>2026-05-05T12:31:35.000Z</time>
        <extensions>
          <ns3:TrackPointExtension>
            <ns3:hr>132</ns3:hr>
            <ns3:cad>92</ns3:cad>
          </ns3:TrackPointExtension>
        </extensions>
      </trkpt>
      <trkpt lat="29.28096167743206024169921875" lon="117.24705138243734836578369140625">
        <ele>60.59999847412109375</ele>
        <time>2026-05-05T12:31:36.000Z</time>
        <extensions>
          <ns3:TrackPointExtension>
            <ns3:hr>132</ns3:hr>
            <ns3:cad>92</ns3:cad>
          </ns3:TrackPointExtension>
        </extensions>
      </trkpt>
      <trkpt lat="29.28096997551620006561279296875" lon="117.247042916715145111083984375">
        <ele>60.59999847412109375</ele>
        <time>2026-05-05T12:31:37.000Z</time>
        <extensions>
          <ns3:TrackPointExtension>
            <ns3:hr>132</ns3:hr>
            <ns3:cad>92</ns3:cad>
          </ns3:TrackPointExtension>
        </extensions>
      </trkpt>
      <trkpt lat="29.280997551977634429931640625" lon="117.247014753520488739013671875">
        <ele>60.59999847412109375</ele>
        <time>2026-05-05T12:31:38.000Z</time>
        <extensions>
          <ns3:TrackPointExtension>
            <ns3:hr>132</ns3:hr>
            <ns3:cad>92</ns3:cad>
          </ns3:TrackPointExtension>
        </extensions>
      </trkpt>
      <trkpt lat="29.28100618533790111541748046875" lon="117.24700595252215862274169921875">
        <ele>60.59999847412109375</ele>
        <time>2026-05-05T12:31:39.000Z</time>
        <extensions>
          <ns3:TrackPointExtension>
            <ns3:hr>132</ns3:hr>
            <ns3:cad>92</ns3:cad>
          </ns3:TrackPointExtension>
        </extensions>
      </trkpt>
      <trkpt lat="29.28103351034224033355712890625" lon="117.24697812460362911224365234375">
        <ele>60.59999847412109375</ele>
        <time>2026-05-05T12:31:40.000Z</time>
        <extensions>
          <ns3:TrackPointExtension>
            <ns3:hr>131</ns3:hr>
            <ns3:cad>92</ns3:cad>
          </ns3:TrackPointExtension>
        </extensions>
      </trkpt>
      <trkpt lat="29.28104625083506107330322265625" lon="117.24696504883468151092529296875">
        <ele>60.59999847412109375</ele>
        <time>2026-05-05T12:31:41.000Z</time>
        <extensions>
          <ns3:TrackPointExtension>
            <ns3:hr>132</ns3:hr>
            <ns3:cad>92</ns3:cad>
          </ns3:TrackPointExtension>
        </extensions>
      </trkpt>
      <trkpt lat="29.28106904961168766021728515625" lon="117.24694174714386463165283203125">
        <ele>60.59999847412109375</ele>
        <time>2026-05-05T12:31:42.000Z</time>
        <extensions>
          <ns3:TrackPointExtension>
            <ns3:hr>132</ns3:hr>
            <ns3:cad>92</ns3:cad>
          </ns3:TrackPointExtension>
        </extensions>
      </trkpt>
      <trkpt lat="29.28108581341803073883056640625" lon="117.24692464806139469146728515625">
        <ele>60.59999847412109375</ele>
        <time>2026-05-05T12:31:43.000Z</time>
        <extensions>
          <ns3:TrackPointExtension>
            <ns3:hr>132</ns3:hr>
            <ns3:cad>92</ns3:cad>
          </ns3:TrackPointExtension>
        </extensions>
      </trkpt>
      <trkpt lat="29.28110651671886444091796875" lon="117.2469036094844341278076171875">
        <ele>60.59999847412109375</ele>
        <time>2026-05-05T12:31:44.000Z</time>
        <extensions>
          <ns3:TrackPointExtension>
            <ns3:hr>132</ns3:hr>
            <ns3:cad>92</ns3:cad>
          </ns3:TrackPointExtension>
        </extensions>
      </trkpt>
      <trkpt lat="29.281126298010349273681640625" lon="117.246883325278759002685546875">
        <ele>60.59999847412109375</ele>
        <time>2026-05-05T12:31:45.000Z</time>
        <extensions>
          <ns3:TrackPointExtension>
            <ns3:hr>132</ns3:hr>
            <ns3:cad>92</ns3:cad>
          </ns3:TrackPointExtension>
        </extensions>
      </trkpt>
      <trkpt lat="29.2811495997011661529541015625" lon="117.24685960449278354644775390625">
        <ele>60.59999847412109375</ele>
        <time>2026-05-05T12:31:46.000Z</time>
        <extensions>
          <ns3:TrackPointExtension>
            <ns3:hr>132</ns3:hr>
            <ns3:cad>92</ns3:cad>
          </ns3:TrackPointExtension>
        </extensions>
      </trkpt>
      <trkpt lat="29.28117047064006328582763671875" lon="117.246837727725505828857421875">
        <ele>60.59999847412109375</ele>
        <time>2026-05-05T12:31:47.000Z</time>
        <extensions>
          <ns3:TrackPointExtension>
            <ns3:hr>132</ns3:hr>
            <ns3:cad>92</ns3:cad>
          </ns3:TrackPointExtension>
        </extensions>
      </trkpt>
      <trkpt lat="29.2811889946460723876953125" lon="117.24681593477725982666015625">
        <ele>60.59999847412109375</ele>
        <time>2026-05-05T12:31:48.000Z</time>
        <extensions>
          <ns3:TrackPointExtension>
            <ns3:hr>132</ns3:hr>
            <ns3:cad>92</ns3:cad>
          </ns3:TrackPointExtension>
        </extensions>
      </trkpt>
      <trkpt lat="29.28120986558496952056884765625" lon="117.24678701721131801605224609375">
        <ele>60.59999847412109375</ele>
        <time>2026-05-05T12:31:49.000Z</time>
        <extensions>
          <ns3:TrackPointExtension>
            <ns3:hr>132</ns3:hr>
            <ns3:cad>92</ns3:cad>
          </ns3:TrackPointExtension>
        </extensions>
      </trkpt>
      <trkpt lat="29.2812200076878070831298828125" lon="117.2467710077762603759765625">
        <ele>60.59999847412109375</ele>
        <time>2026-05-05T12:31:50.000Z</time>
        <extensions>
          <ns3:TrackPointExtension>
            <ns3:hr>132</ns3:hr>
            <ns3:cad>92</ns3:cad>
          </ns3:TrackPointExtension>
        </extensions>
      </trkpt>
      <trkpt lat="29.2812394537031650543212890625" lon="117.24673253484070301055908203125">
        <ele>60.59999847412109375</ele>
        <time>2026-05-05T12:31:51.000Z</time>
        <extensions>
          <ns3:TrackPointExtension>
            <ns3:hr>132</ns3:hr>
            <ns3:cad>93</ns3:cad>
          </ns3:TrackPointExtension>
        </extensions>
      </trkpt>
      <trkpt lat="29.28124557249248027801513671875" lon="117.24671937525272369384765625">
        <ele>60.59999847412109375</ele>
        <time>2026-05-05T12:31:52.000Z</time>
        <extensions>
          <ns3:TrackPointExtension>
            <ns3:hr>132</ns3:hr>
            <ns3:cad>92</ns3:cad>
          </ns3:TrackPointExtension>
        </extensions>
      </trkpt>
      <trkpt lat="29.281259737908840179443359375" lon="117.2466762922704219818115234375">
        <ele>60.59999847412109375</ele>
        <time>2026-05-05T12:31:53.000Z</time>
        <extensions>
          <ns3:TrackPointExtension>
            <ns3:hr>132</ns3:hr>
            <ns3:cad>92</ns3:cad>
          </ns3:TrackPointExtension>
        </extensions>
      </trkpt>
      <trkpt lat="29.28126434795558452606201171875" lon="117.24665994755923748016357421875">
        <ele>60.59999847412109375</ele>
        <time>2026-05-05T12:31:54.000Z</time>
        <extensions>
          <ns3:TrackPointExtension>
            <ns3:hr>132</ns3:hr>
            <ns3:cad>92</ns3:cad>
          </ns3:TrackPointExtension>
        </extensions>
      </trkpt>
      <trkpt lat="29.2812723107635974884033203125" lon="117.246615104377269744873046875">
        <ele>60.59999847412109375</ele>
        <time>2026-05-05T12:31:55.000Z</time>
        <extensions>
          <ns3:TrackPointExtension>
            <ns3:hr>132</ns3:hr>
            <ns3:cad>92</ns3:cad>
          </ns3:TrackPointExtension>
        </extensions>
      </trkpt>
      <trkpt lat="29.28127323277294635772705078125" lon="117.246604375541210174560546875">
        <ele>60.59999847412109375</ele>
        <time>2026-05-05T12:31:56.000Z</time>
        <extensions>
          <ns3:TrackPointExtension>
            <ns3:hr>132</ns3:hr>
            <ns3:cad>92</ns3:cad>
          </ns3:TrackPointExtension>
        </extensions>
      </trkpt>
      <trkpt lat="29.28127549588680267333984375" lon="117.246557436883449554443359375">
        <ele>60.59999847412109375</ele>
        <time>2026-05-05T12:31:57.000Z</time>
        <extensions>
          <ns3:TrackPointExtension>
            <ns3:hr>132</ns3:hr>
            <ns3:cad>92</ns3:cad>
          </ns3:TrackPointExtension>
        </extensions>
      </trkpt>
      <trkpt lat="29.2812748253345489501953125" lon="117.24654846824705600738525390625">
        <ele>60.59999847412109375</ele>
        <time>2026-05-05T12:31:58.000Z</time>
        <extensions>
          <ns3:TrackPointExtension>
            <ns3:hr>132</ns3:hr>
            <ns3:cad>92</ns3:cad>
          </ns3:TrackPointExtension>
        </extensions>
      </trkpt>
      <trkpt lat="29.28127172403037548065185546875" lon="117.24650639109313488006591796875">
        <ele>60.59999847412109375</ele>
        <time>2026-05-05T12:31:59.000Z</time>
        <extensions>
          <ns3:TrackPointExtension>
            <ns3:hr>132</ns3:hr>
            <ns3:cad>92</ns3:cad>
          </ns3:TrackPointExtension>
        </extensions>
      </trkpt>
      <trkpt lat="29.28126937709748744964599609375" lon="117.2464942373335361480712890625">
        <ele>60.59999847412109375</ele>
        <time>2026-05-05T12:32:00.000Z</time>
        <extensions>
          <ns3:TrackPointExtension>
            <ns3:hr>132</ns3:hr>
            <ns3:cad>92</ns3:cad>
          </ns3:TrackPointExtension>
        </extensions>
      </trkpt>
      <trkpt lat="29.2812615819275379180908203125" lon="117.24645576439797878265380859375">
        <ele>60.59999847412109375</ele>
        <time>2026-05-05T12:32:01.000Z</time>
        <extensions>
          <ns3:TrackPointExtension>
            <ns3:hr>132</ns3:hr>
            <ns3:cad>92</ns3:cad>
          </ns3:TrackPointExtension>
        </extensions>
      </trkpt>
      <trkpt lat="29.2812565527856349945068359375" lon="117.246440090239048004150390625">
        <ele>60.59999847412109375</ele>
        <time>2026-05-05T12:32:02.000Z</time>
        <extensions>
          <ns3:TrackPointExtension>
            <ns3:hr>133</ns3:hr>
            <ns3:cad>92</ns3:cad>
          </ns3:TrackPointExtension>
        </extensions>
      </trkpt>
      <trkpt lat="29.2812418006360530853271484375" lon="117.2463990189135074615478515625">
        <ele>60.59999847412109375</ele>
        <time>2026-05-05T12:32:03.000Z</time>
        <extensions>
          <ns3:TrackPointExtension>
            <ns3:hr>133</ns3:hr>
            <ns3:cad>92</ns3:cad>
          </ns3:TrackPointExtension>
        </extensions>
      </trkpt>
      <trkpt lat="29.2812327481806278228759765625" lon="117.2463805787265300750732421875">
        <ele>60.59999847412109375</ele>
        <time>2026-05-05T12:32:04.000Z</time>
        <extensions>
          <ns3:TrackPointExtension>
            <ns3:hr>133</ns3:hr>
            <ns3:cad>92</ns3:cad>
          </ns3:TrackPointExtension>
        </extensions>
      </trkpt>
      <trkpt lat="29.28121774457395076751708984375" lon="117.24635216407477855682373046875">
        <ele>60.59999847412109375</ele>
        <time>2026-05-05T12:32:05.000Z</time>
        <extensions>
          <ns3:TrackPointExtension>
            <ns3:hr>134</ns3:hr>
            <ns3:cad>92</ns3:cad>
          </ns3:TrackPointExtension>
        </extensions>
      </trkpt>
      <trkpt lat="29.28120684809982776641845703125" lon="117.24633590318262577056884765625">
        <ele>60.59999847412109375</ele>
        <time>2026-05-05T12:32:06.000Z</time>
        <extensions>
          <ns3:TrackPointExtension>
            <ns3:hr>134</ns3:hr>
            <ns3:cad>92</ns3:cad>
          </ns3:TrackPointExtension>
        </extensions>
      </trkpt>
      <trkpt lat="29.28118824027478694915771484375" lon="117.24631008692085742950439453125">
        <ele>60.59999847412109375</ele>
        <time>2026-05-05T12:32:07.000Z</time>
        <extensions>
          <ns3:TrackPointExtension>
            <ns3:hr>134</ns3:hr>
            <ns3:cad>92</ns3:cad>
          </ns3:TrackPointExtension>
        </extensions>
      </trkpt>
      <trkpt lat="29.28117549978196620941162109375" lon="117.24629583768546581268310546875">
        <ele>60.59999847412109375</ele>
        <time>2026-05-05T12:32:08.000Z</time>
        <extensions>
          <ns3:TrackPointExtension>
            <ns3:hr>134</ns3:hr>
            <ns3:cad>92</ns3:cad>
          </ns3:TrackPointExtension>
        </extensions>
      </trkpt>
      <trkpt lat="29.281156472861766815185546875" lon="117.24627555347979068756103515625">
        <ele>60.59999847412109375</ele>
        <time>2026-05-05T12:32:09.000Z</time>
        <extensions>
          <ns3:TrackPointExtension>
            <ns3:hr>134</ns3:hr>
            <ns3:cad>92</ns3:cad>
          </ns3:TrackPointExtension>
        </extensions>
      </trkpt>
      <trkpt lat="29.28114281035959720611572265625" lon="117.24626415409147739410400390625">
        <ele>60.59999847412109375</ele>
        <time>2026-05-05T12:32:10.000Z</time>
        <extensions>
          <ns3:TrackPointExtension>
            <ns3:hr>134</ns3:hr>
            <ns3:cad>92</ns3:cad>
          </ns3:TrackPointExtension>
        </extensions>
      </trkpt>
      <trkpt lat="29.28111716173589229583740234375" lon="117.246243953704833984375">
        <ele>60.59999847412109375</ele>
        <time>2026-05-05T12:32:11.000Z</time>
        <extensions>
          <ns3:TrackPointExtension>
            <ns3:hr>135</ns3:hr>
            <ns3:cad>90</ns3:cad>
          </ns3:TrackPointExtension>
        </extensions>
      </trkpt>
      <trkpt lat="29.28110039792954921722412109375" lon="117.24623381160199642181396484375">
        <ele>60.59999847412109375</ele>
        <time>2026-05-05T12:32:12.000Z</time>
        <extensions>
          <ns3:TrackPointExtension>
            <ns3:hr>135</ns3:hr>
            <ns3:cad>90</ns3:cad>
          </ns3:TrackPointExtension>
        </extensions>
      </trkpt>
      <trkpt lat="29.281071312725543975830078125" lon="117.246218137443065643310546875">
        <ele>60.59999847412109375</ele>
        <time>2026-05-05T12:32:13.000Z</time>
        <extensions>
          <ns3:TrackPointExtension>
            <ns3:hr>135</ns3:hr>
            <ns3:cad>90</ns3:cad>
          </ns3:TrackPointExtension>
        </extensions>
      </trkpt>
      <trkpt lat="29.2810436524450778961181640625" lon="117.24620682187378406524658203125">
        <ele>60.59999847412109375</ele>
        <time>2026-05-05T12:32:14.000Z</time>
        <extensions>
          <ns3:TrackPointExtension>
            <ns3:hr>135</ns3:hr>
            <ns3:cad>90</ns3:cad>
          </ns3:TrackPointExtension>
        </extensions>
      </trkpt>
      <trkpt lat="29.28102429024875164031982421875" lon="117.2462012059986591339111328125">
        <ele>60.59999847412109375</ele>
        <time>2026-05-05T12:32:15.000Z</time>
        <extensions>
          <ns3:TrackPointExtension>
            <ns3:hr>135</ns3:hr>
            <ns3:cad>90</ns3:cad>
          </ns3:TrackPointExtension>
        </extensions>
      </trkpt>
      <trkpt lat="29.28099629469215869903564453125" lon="117.246194668114185333251953125">
        <ele>60.59999847412109375</ele>
        <time>2026-05-05T12:32:16.000Z</time>
        <extensions>
          <ns3:TrackPointExtension>
            <ns3:hr>135</ns3:hr>
            <ns3:cad>90</ns3:cad>
          </ns3:TrackPointExtension>
        </extensions>
      </trkpt>
      <trkpt lat="29.2809779383242130279541015625" lon="117.2461928240954875946044921875">
        <ele>60.59999847412109375</ele>
        <time>2026-05-05T12:32:17.000Z</time>
        <extensions>
          <ns3:TrackPointExtension>
            <ns3:hr>135</ns3:hr>
            <ns3:cad>90</ns3:cad>
          </ns3:TrackPointExtension>
        </extensions>
      </trkpt>
      <trkpt lat="29.2809422314167022705078125" lon="117.24619098007678985595703125">
        <ele>60.59999847412109375</ele>
        <time>2026-05-05T12:32:18.000Z</time>
        <extensions>
          <ns3:TrackPointExtension>
            <ns3:hr>134</ns3:hr>
            <ns3:cad>90</ns3:cad>
          </ns3:TrackPointExtension>
        </extensions>
      </trkpt>
      <trkpt lat="29.28092622198164463043212890625" lon="117.24619257263839244842529296875">
        <ele>60.59999847412109375</ele>
        <time>2026-05-05T12:32:19.000Z</time>
        <extensions>
          <ns3:TrackPointExtension>
            <ns3:hr>134</ns3:hr>
            <ns3:cad>90</ns3:cad>
          </ns3:TrackPointExtension>
        </extensions>
      </trkpt>
      <trkpt lat="29.28088791668415069580078125" lon="117.24619827233254909515380859375">
        <ele>60.59999847412109375</ele>
        <time>2026-05-05T12:32:20.000Z</time>
        <extensions>
          <ns3:TrackPointExtension>
            <ns3:hr>134</ns3:hr>
            <ns3:cad>90</ns3:cad>
          </ns3:TrackPointExtension>
        </extensions>
      </trkpt>
      <trkpt lat="29.28087408654391765594482421875" lon="117.24620196036994457244873046875">
        <ele>60.59999847412109375</ele>
        <time>2026-05-05T12:32:21.000Z</time>
        <extensions>
          <ns3:TrackPointExtension>
            <ns3:hr>134</ns3:hr>
            <ns3:cad>91</ns3:cad>
          </ns3:TrackPointExtension>
        </extensions>
      </trkpt>
      <trkpt lat="29.2808347754180431365966796875" lon="117.24621587432920932769775390625">
        <ele>60.59999847412109375</ele>
        <time>2026-05-05T12:32:22.000Z</time>
        <extensions>
          <ns3:TrackPointExtension>
            <ns3:hr>134</ns3:hr>
            <ns3:cad>91</ns3:cad>
          </ns3:TrackPointExtension>
        </extensions>
      </trkpt>
      <trkpt lat="29.28082228638231754302978515625" lon="117.246221490204334259033203125">
        <ele>60.59999847412109375</ele>
        <time>2026-05-05T12:32:23.000Z</time>
        <extensions>
          <ns3:TrackPointExtension>
            <ns3:hr>133</ns3:hr>
            <ns3:cad>91</ns3:cad>
          </ns3:TrackPointExtension>
        </extensions>
      </trkpt>
      <trkpt lat="29.28078725002706050872802734375" lon="117.24624185822904109954833984375">
        <ele>60.59999847412109375</ele>
        <time>2026-05-05T12:32:24.000Z</time>
        <extensions>
          <ns3:TrackPointExtension>
            <ns3:hr>134</ns3:hr>
            <ns3:cad>91</ns3:cad>
          </ns3:TrackPointExtension>
        </extensions>
      </trkpt>
      <trkpt lat="29.2807704024016857147216796875" lon="117.24625275470316410064697265625">
        <ele>60.59999847412109375</ele>
        <time>2026-05-05T12:32:25.000Z</time>
        <extensions>
          <ns3:TrackPointExtension>
            <ns3:hr>134</ns3:hr>
            <ns3:cad>91</ns3:cad>
          </ns3:TrackPointExtension>
        </extensions>
      </trkpt>
      <trkpt lat="29.280737377703189849853515625" lon="117.24628192372620105743408203125">
        <ele>60.59999847412109375</ele>
        <time>2026-05-05T12:32:26.000Z</time>
        <extensions>
          <ns3:TrackPointExtension>
            <ns3:hr>133</ns3:hr>
            <ns3:cad>91</ns3:cad>
          </ns3:TrackPointExtension>
        </extensions>
      </trkpt>
      <trkpt lat="29.28072539158165454864501953125" lon="117.24629365839064121246337890625">
        <ele>60.59999847412109375</ele>
        <time>2026-05-05T12:32:27.000Z</time>
        <extensions>
          <ns3:TrackPointExtension>
            <ns3:hr>134</ns3:hr>
            <ns3:cad>91</ns3:cad>
          </ns3:TrackPointExtension>
        </extensions>
      </trkpt>
      <trkpt lat="29.280691780149936676025390625" lon="117.24632802419364452362060546875">
        <ele>60.59999847412109375</ele>
        <time>2026-05-05T12:32:28.000Z</time>
        <extensions>
          <ns3:TrackPointExtension>
            <ns3:hr>133</ns3:hr>
            <ns3:cad>91</ns3:cad>
          </ns3:TrackPointExtension>
        </extensions>
      </trkpt>
      <trkpt lat="29.28068197332322597503662109375" lon="117.2463379986584186553955078125">
        <ele>60.59999847412109375</ele>
        <time>2026-05-05T12:32:29.000Z</time>
        <extensions>
          <ns3:TrackPointExtension>
            <ns3:hr>133</ns3:hr>
            <ns3:cad>91</ns3:cad>
          </ns3:TrackPointExtension>
        </extensions>
      </trkpt>
      <trkpt lat="29.2806500382721424102783203125" lon="117.2463705204427242279052734375">
        <ele>60.59999847412109375</ele>
        <time>2026-05-05T12:32:30.000Z</time>
        <extensions>
          <ns3:TrackPointExtension>
            <ns3:hr>133</ns3:hr>
            <ns3:cad>91</ns3:cad>
          </ns3:TrackPointExtension>
        </extensions>
      </trkpt>
      <trkpt lat="29.2806418240070343017578125" lon="117.2463789023458957672119140625">
        <ele>60.59999847412109375</ele>
        <time>2026-05-05T12:32:31.000Z</time>
        <extensions>
          <ns3:TrackPointExtension>
            <ns3:hr>133</ns3:hr>
            <ns3:cad>91</ns3:cad>
          </ns3:TrackPointExtension>
        </extensions>
      </trkpt>
      <trkpt lat="29.28060720674693584442138671875" lon="117.2464142739772796630859375">
        <ele>60.59999847412109375</ele>
        <time>2026-05-05T12:32:32.000Z</time>
        <extensions>
          <ns3:TrackPointExtension>
            <ns3:hr>133</ns3:hr>
            <ns3:cad>91</ns3:cad>
          </ns3:TrackPointExtension>
        </extensions>
      </trkpt>
      <trkpt lat="29.28060268051922321319580078125" lon="117.24641888402402400970458984375">
        <ele>60.59999847412109375</ele>
        <time>2026-05-05T12:32:33.000Z</time>
        <extensions>
          <ns3:TrackPointExtension>
            <ns3:hr>133</ns3:hr>
            <ns3:cad>91</ns3:cad>
          </ns3:TrackPointExtension>
        </extensions>
      </trkpt>
      <trkpt lat="29.28057066164910793304443359375" lon="117.24645157344639301300048828125">
        <ele>60.59999847412109375</ele>
        <time>2026-05-05T12:32:34.000Z</time>
        <extensions>
          <ns3:TrackPointExtension>
            <ns3:hr>133</ns3:hr>
            <ns3:cad>91</ns3:cad>
          </ns3:TrackPointExtension>
        </extensions>
      </trkpt>
      <trkpt lat="29.28056479431688785552978515625" lon="117.246457524597644805908203125">
        <ele>60.59999847412109375</ele>
        <time>2026-05-05T12:32:35.000Z</time>
        <extensions>
          <ns3:TrackPointExtension>
            <ns3:hr>132</ns3:hr>
            <ns3:cad>90</ns3:cad>
          </ns3:TrackPointExtension>
        </extensions>
      </trkpt>
      <trkpt lat="29.28053998388350009918212890625" lon="117.2464828379452228546142578125">
        <ele>60.59999847412109375</ele>
        <time>2026-05-05T12:32:36.000Z</time>
        <extensions>
          <ns3:TrackPointExtension>
            <ns3:hr>132</ns3:hr>
            <ns3:cad>90</ns3:cad>
          </ns3:TrackPointExtension>
        </extensions>
      </trkpt>
      <trkpt lat="29.28053026087582111358642578125" lon="117.24649281240999698638916015625">
        <ele>60.59999847412109375</ele>
        <time>2026-05-05T12:32:37.000Z</time>
        <extensions>
          <ns3:TrackPointExtension>
            <ns3:hr>132</ns3:hr>
            <ns3:cad>91</ns3:cad>
          </ns3:TrackPointExtension>
        </extensions>
      </trkpt>
      <trkpt lat="29.28050293587148189544677734375" lon="117.2465207241475582122802734375">
        <ele>60.59999847412109375</ele>
        <time>2026-05-05T12:32:38.000Z</time>
        <extensions>
          <ns3:TrackPointExtension>
            <ns3:hr>132</ns3:hr>
            <ns3:cad>91</ns3:cad>
          </ns3:TrackPointExtension>
        </extensions>
      </trkpt>
      <trkpt lat="29.2804996669292449951171875" lon="117.24652399308979511260986328125">
        <ele>60.59999847412109375</ele>
        <time>2026-05-05T12:32:39.000Z</time>
        <extensions>
          <ns3:TrackPointExtension>
            <ns3:hr>131</ns3:hr>
            <ns3:cad>91</ns3:cad>
          </ns3:TrackPointExtension>
        </extensions>
      </trkpt>
      <trkpt lat="29.28046756424009799957275390625" lon="117.246556766331195831298828125">
        <ele>60.59999847412109375</ele>
        <time>2026-05-05T12:32:40.000Z</time>
        <extensions>
          <ns3:TrackPointExtension>
            <ns3:hr>131</ns3:hr>
            <ns3:cad>91</ns3:cad>
          </ns3:TrackPointExtension>
        </extensions>
      </trkpt>
      <trkpt lat="29.28045432083308696746826171875" lon="117.24657026119530200958251953125">
        <ele>60.59999847412109375</ele>
        <time>2026-05-05T12:32:41.000Z</time>
        <extensions>
          <ns3:TrackPointExtension>
            <ns3:hr>131</ns3:hr>
            <ns3:cad>90</ns3:cad>
          </ns3:TrackPointExtension>
        </extensions>
      </trkpt>
      <trkpt lat="29.2804280854761600494384765625" lon="117.246596999466419219970703125">
        <ele>60.59999847412109375</ele>
        <time>2026-05-05T12:32:42.000Z</time>
        <extensions>
          <ns3:TrackPointExtension>
            <ns3:hr>131</ns3:hr>
            <ns3:cad>90</ns3:cad>
          </ns3:TrackPointExtension>
        </extensions>
      </trkpt>
      <trkpt lat="29.28041559644043445587158203125" lon="117.246609739959239959716796875">
        <ele>60.59999847412109375</ele>
        <time>2026-05-05T12:32:43.000Z</time>
        <extensions>
          <ns3:TrackPointExtension>
            <ns3:hr>131</ns3:hr>
            <ns3:cad>90</ns3:cad>
          </ns3:TrackPointExtension>
        </extensions>
      </trkpt>
      <trkpt lat="29.28038927726447582244873046875" lon="117.24663664586842060089111328125">
        <ele>60.59999847412109375</ele>
        <time>2026-05-05T12:32:44.000Z</time>
        <extensions>
          <ns3:TrackPointExtension>
            <ns3:hr>131</ns3:hr>
            <ns3:cad>90</ns3:cad>
          </ns3:TrackPointExtension>
        </extensions>
      </trkpt>
      <trkpt lat="29.2803791351616382598876953125" lon="117.24664703942835330963134765625">
        <ele>60.59999847412109375</ele>
        <time>2026-05-05T12:32:45.000Z</time>
        <extensions>
          <ns3:TrackPointExtension>
            <ns3:hr>131</ns3:hr>
            <ns3:cad>90</ns3:cad>
          </ns3:TrackPointExtension>
        </extensions>
      </trkpt>
      <trkpt lat="29.2803529836237430572509765625" lon="117.24667369388043880462646484375">
        <ele>60.59999847412109375</ele>
        <time>2026-05-05T12:32:46.000Z</time>
        <extensions>
          <ns3:TrackPointExtension>
            <ns3:hr>131</ns3:hr>
            <ns3:cad>91</ns3:cad>
          </ns3:TrackPointExtension>
        </extensions>
      </trkpt>
      <trkpt lat="29.28034049458801746368408203125" lon="117.24668643437325954437255859375">
        <ele>60.59999847412109375</ele>
        <time>2026-05-05T12:32:47.000Z</time>
        <extensions>
          <ns3:TrackPointExtension>
            <ns3:hr>131</ns3:hr>
            <ns3:cad>91</ns3:cad>
          </ns3:TrackPointExtension>
        </extensions>
      </trkpt>
      <trkpt lat="29.28031819872558116912841796875" lon="117.24670923314988613128662109375">
        <ele>60.59999847412109375</ele>
        <time>2026-05-05T12:32:48.000Z</time>
        <extensions>
          <ns3:TrackPointExtension>
            <ns3:hr>130</ns3:hr>
            <ns3:cad>90</ns3:cad>
          </ns3:TrackPointExtension>
        </extensions>
      </trkpt>
      <trkpt lat="29.2803036980330944061279296875" lon="117.24672398529946804046630859375">
        <ele>60.59999847412109375</ele>
        <time>2026-05-05T12:32:49.000Z</time>
        <extensions>
          <ns3:TrackPointExtension>
            <ns3:hr>130</ns3:hr>
            <ns3:cad>90</ns3:cad>
          </ns3:TrackPointExtension>
        </extensions>
      </trkpt>
      <trkpt lat="29.280280061066150665283203125" lon="117.24674812518060207366943359375">
        <ele>60.59999847412109375</ele>
        <time>2026-05-05T12:32:50.000Z</time>
        <extensions>
          <ns3:TrackPointExtension>
            <ns3:hr>130</ns3:hr>
            <ns3:cad>90</ns3:cad>
          </ns3:TrackPointExtension>
        </extensions>
      </trkpt>
      <trkpt lat="29.2802634648978710174560546875" lon="117.24676505662500858306884765625">
        <ele>60.59999847412109375</ele>
        <time>2026-05-05T12:32:51.000Z</time>
        <extensions>
          <ns3:TrackPointExtension>
            <ns3:hr>130</ns3:hr>
            <ns3:cad>90</ns3:cad>
          </ns3:TrackPointExtension>
        </extensions>
      </trkpt>
      <trkpt lat="29.2802421748638153076171875" lon="117.246786765754222869873046875">
        <ele>60.59999847412109375</ele>
        <time>2026-05-05T12:32:52.000Z</time>
        <extensions>
          <ns3:TrackPointExtension>
            <ns3:hr>130</ns3:hr>
            <ns3:cad>90</ns3:cad>
          </ns3:TrackPointExtension>
        </extensions>
      </trkpt>
      <trkpt lat="29.280224405229091644287109375" lon="117.246804870665073394775390625">
        <ele>60.59999847412109375</ele>
        <time>2026-05-05T12:32:53.000Z</time>
        <extensions>
          <ns3:TrackPointExtension>
            <ns3:hr>130</ns3:hr>
            <ns3:cad>90</ns3:cad>
          </ns3:TrackPointExtension>
        </extensions>
      </trkpt>
      <trkpt lat="29.28020303137600421905517578125" lon="117.24682666361331939697265625">
        <ele>60.59999847412109375</ele>
        <time>2026-05-05T12:32:54.000Z</time>
        <extensions>
          <ns3:TrackPointExtension>
            <ns3:hr>130</ns3:hr>
            <ns3:cad>90</ns3:cad>
          </ns3:TrackPointExtension>
        </extensions>
      </trkpt>
      <trkpt lat="29.28018174134194850921630859375" lon="117.246848456561565399169921875">
        <ele>60.59999847412109375</ele>
        <time>2026-05-05T12:32:55.000Z</time>
        <extensions>
          <ns3:TrackPointExtension>
            <ns3:hr>129</ns3:hr>
            <ns3:cad>90</ns3:cad>
          </ns3:TrackPointExtension>
        </extensions>
      </trkpt>
      <trkpt lat="29.28016196005046367645263671875" lon="117.246868573129177093505859375">
        <ele>60.59999847412109375</ele>
        <time>2026-05-05T12:32:56.000Z</time>
        <extensions>
          <ns3:TrackPointExtension>
            <ns3:hr>130</ns3:hr>
            <ns3:cad>91</ns3:cad>
          </ns3:TrackPointExtension>
        </extensions>
      </trkpt>
      <trkpt lat="29.28014234639704227447509765625" lon="117.246890701353549957275390625">
        <ele>60.59999847412109375</ele>
        <time>2026-05-05T12:32:57.000Z</time>
        <extensions>
          <ns3:TrackPointExtension>
            <ns3:hr>130</ns3:hr>
            <ns3:cad>90</ns3:cad>
          </ns3:TrackPointExtension>
        </extensions>
      </trkpt>
      <trkpt lat="29.28012507967650890350341796875" lon="117.24691106937825679779052734375">
        <ele>60.59999847412109375</ele>
        <time>2026-05-05T12:32:58.000Z</time>
        <extensions>
          <ns3:TrackPointExtension>
            <ns3:hr>131</ns3:hr>
            <ns3:cad>90</ns3:cad>
          </ns3:TrackPointExtension>
        </extensions>
      </trkpt>
      <trkpt lat="29.2801052145659923553466796875" lon="117.2469414956867694854736328125">
        <ele>60.59999847412109375</ele>
        <time>2026-05-05T12:32:59.000Z</time>
        <extensions>
          <ns3:TrackPointExtension>
            <ns3:hr>131</ns3:hr>
            <ns3:cad>90</ns3:cad>
          </ns3:TrackPointExtension>
        </extensions>
      </trkpt>
      <trkpt lat="29.28009188733994960784912109375" lon="117.24696479737758636474609375">
        <ele>60.59999847412109375</ele>
        <time>2026-05-05T12:33:00.000Z</time>
        <extensions>
          <ns3:TrackPointExtension>
            <ns3:hr>131</ns3:hr>
            <ns3:cad>90</ns3:cad>
          </ns3:TrackPointExtension>
        </extensions>
      </trkpt>
      <trkpt lat="29.28007654845714569091796875" lon="117.24699790589511394500732421875">
        <ele>60.59999847412109375</ele>
        <time>2026-05-05T12:33:01.000Z</time>
        <extensions>
          <ns3:TrackPointExtension>
            <ns3:hr>131</ns3:hr>
            <ns3:cad>91</ns3:cad>
          </ns3:TrackPointExtension>
        </extensions>
      </trkpt>
      <trkpt lat="29.28006908856332302093505859375" lon="117.247019112110137939453125">
        <ele>60.59999847412109375</ele>
        <time>2026-05-05T12:33:02.000Z</time>
        <extensions>
          <ns3:TrackPointExtension>
            <ns3:hr>131</ns3:hr>
            <ns3:cad>91</ns3:cad>
          </ns3:TrackPointExtension>
        </extensions>
      </trkpt>
      <trkpt lat="29.2800592817366123199462890625" lon="117.24705062806606292724609375">
        <ele>60.59999847412109375</ele>
        <time>2026-05-05T12:33:03.000Z</time>
        <extensions>
          <ns3:TrackPointExtension>
            <ns3:hr>131</ns3:hr>
            <ns3:cad>91</ns3:cad>
          </ns3:TrackPointExtension>
        </extensions>
      </trkpt>
      <trkpt lat="29.2800559289753437042236328125" lon="117.24706714041531085968017578125">
        <ele>60.59999847412109375</ele>
        <time>2026-05-05T12:33:04.000Z</time>
        <extensions>
          <ns3:TrackPointExtension>
            <ns3:hr>132</ns3:hr>
            <ns3:cad>91</ns3:cad>
          </ns3:TrackPointExtension>
        </extensions>
      </trkpt>
      <trkpt lat="29.28004880435764789581298828125" lon="117.2471108101308345794677734375">
        <ele>60.59999847412109375</ele>
        <time>2026-05-05T12:33:05.000Z</time>
        <extensions>
          <ns3:TrackPointExtension>
            <ns3:hr>132</ns3:hr>
            <ns3:cad>91</ns3:cad>
          </ns3:TrackPointExtension>
        </extensions>
      </trkpt>
      <trkpt lat="29.28004779852926731109619140625" lon="117.2471302561461925506591796875">
        <ele>60.59999847412109375</ele>
        <time>2026-05-05T12:33:06.000Z</time>
        <extensions>
          <ns3:TrackPointExtension>
            <ns3:hr>133</ns3:hr>
            <ns3:cad>90</ns3:cad>
          </ns3:TrackPointExtension>
        </extensions>
      </trkpt>
      <trkpt lat="29.280047379434108734130859375" lon="117.24717241711914539337158203125">
        <ele>60.59999847412109375</ele>
        <time>2026-05-05T12:33:07.000Z</time>
        <extensions>
          <ns3:TrackPointExtension>
            <ns3:hr>133</ns3:hr>
            <ns3:cad>90</ns3:cad>
          </ns3:TrackPointExtension>
        </extensions>
      </trkpt>
      <trkpt lat="29.28004913963377475738525390625" lon="117.247196137905120849609375">
        <ele>60.59999847412109375</ele>
        <time>2026-05-05T12:33:08.000Z</time>
        <extensions>
          <ns3:TrackPointExtension>
            <ns3:hr>134</ns3:hr>
            <ns3:cad>90</ns3:cad>
          </ns3:TrackPointExtension>
        </extensions>
      </trkpt>
      <trkpt lat="29.28005701862275600433349609375" lon="117.24724517203867435455322265625">
        <ele>60.59999847412109375</ele>
        <time>2026-05-05T12:33:09.000Z</time>
        <extensions>
          <ns3:TrackPointExtension>
            <ns3:hr>135</ns3:hr>
            <ns3:cad>90</ns3:cad>
          </ns3:TrackPointExtension>
        </extensions>
      </trkpt>
      <trkpt lat="29.28006045520305633544921875" lon="117.24726210348308086395263671875">
        <ele>60.59999847412109375</ele>
        <time>2026-05-05T12:33:10.000Z</time>
        <extensions>
          <ns3:TrackPointExtension>
            <ns3:hr>136</ns3:hr>
            <ns3:cad>90</ns3:cad>
          </ns3:TrackPointExtension>
        </extensions>
      </trkpt>
      <trkpt lat="29.2800703458487987518310546875" lon="117.24729211069643497467041015625">
        <ele>60.59999847412109375</ele>
        <time>2026-05-05T12:33:11.000Z</time>
        <extensions>
          <ns3:TrackPointExtension>
            <ns3:hr>136</ns3:hr>
            <ns3:cad>91</ns3:cad>
          </ns3:TrackPointExtension>
        </extensions>
      </trkpt>
      <trkpt lat="29.28007529117166996002197265625" lon="117.24730669520795345306396484375">
        <ele>60.59999847412109375</ele>
        <time>2026-05-05T12:33:12.000Z</time>
        <extensions>
          <ns3:TrackPointExtension>
            <ns3:hr>136</ns3:hr>
            <ns3:cad>91</ns3:cad>
          </ns3:TrackPointExtension>
        </extensions>
      </trkpt>
      <trkpt lat="29.28010060451924800872802734375" lon="117.24736017175018787384033203125">
        <ele>60.59999847412109375</ele>
        <time>2026-05-05T12:33:13.000Z</time>
        <extensions>
          <ns3:TrackPointExtension>
            <ns3:hr>136</ns3:hr>
            <ns3:cad>91</ns3:cad>
          </ns3:TrackPointExtension>
        </extensions>
      </trkpt>
      <trkpt lat="29.28010462783277034759521484375" lon="117.24736620672047138214111328125">
        <ele>60.59999847412109375</ele>
        <time>2026-05-05T12:33:14.000Z</time>
        <extensions>
          <ns3:TrackPointExtension>
            <ns3:hr>136</ns3:hr>
            <ns3:cad>91</ns3:cad>
          </ns3:TrackPointExtension>
        </extensions>
      </trkpt>
      <trkpt lat="29.280134551227092742919921875" lon="117.24740845151245594024658203125">
        <ele>60.59999847412109375</ele>
        <time>2026-05-05T12:33:15.000Z</time>
        <extensions>
          <ns3:TrackPointExtension>
            <ns3:hr>137</ns3:hr>
            <ns3:cad>91</ns3:cad>
          </ns3:TrackPointExtension>
        </extensions>
      </trkpt>
      <trkpt lat="29.28014033474028110504150390625" lon="117.2474149055778980255126953125">
        <ele>60.59999847412109375</ele>
        <time>2026-05-05T12:33:16.000Z</time>
        <extensions>
          <ns3:TrackPointExtension>
            <ns3:hr>136</ns3:hr>
            <ns3:cad>91</ns3:cad>
          </ns3:TrackPointExtension>
        </extensions>
      </trkpt>
      <trkpt lat="29.28017335943877696990966796875" lon="117.24744868464767932891845703125">
        <ele>60.59999847412109375</ele>
        <time>2026-05-05T12:33:17.000Z</time>
        <extensions>
          <ns3:TrackPointExtension>
            <ns3:hr>135</ns3:hr>
            <ns3:cad>91</ns3:cad>
          </ns3:TrackPointExtension>
        </extensions>
      </trkpt>
      <trkpt lat="29.2801845073699951171875" lon="117.24745790474116802215576171875">
        <ele>60.59999847412109375</ele>
        <time>2026-05-05T12:33:18.000Z</time>
        <extensions>
          <ns3:TrackPointExtension>
            <ns3:hr>135</ns3:hr>
            <ns3:cad>91</ns3:cad>
          </ns3:TrackPointExtension>
        </extensions>
      </trkpt>
      <trkpt lat="29.28021191619336605072021484375" lon="117.2474779374897480010986328125">
        <ele>60.59999847412109375</ele>
        <time>2026-05-05T12:33:19.000Z</time>
        <extensions>
          <ns3:TrackPointExtension>
            <ns3:hr>135</ns3:hr>
            <ns3:cad>92</ns3:cad>
          </ns3:TrackPointExtension>
        </extensions>
      </trkpt>
      <trkpt lat="29.28022884763777256011962890625" lon="117.24748824723064899444580078125">
        <ele>60.59999847412109375</ele>
        <time>2026-05-05T12:33:20.000Z</time>
        <extensions>
          <ns3:TrackPointExtension>
            <ns3:hr>135</ns3:hr>
            <ns3:cad>92</ns3:cad>
          </ns3:TrackPointExtension>
        </extensions>
      </trkpt>
      <trkpt lat="29.2802581004798412322998046875" lon="117.24750249646604061126708984375">
        <ele>60.59999847412109375</ele>
        <time>2026-05-05T12:33:21.000Z</time>
        <extensions>
          <ns3:TrackPointExtension>
            <ns3:hr>135</ns3:hr>
            <ns3:cad>92</ns3:cad>
          </ns3:TrackPointExtension>
        </extensions>
      </trkpt>
      <trkpt lat="29.28027528338134288787841796875" lon="117.24750953726470470428466796875">
        <ele>60.59999847412109375</ele>
        <time>2026-05-05T12:33:22.000Z</time>
        <extensions>
          <ns3:TrackPointExtension>
            <ns3:hr>135</ns3:hr>
            <ns3:cad>92</ns3:cad>
          </ns3:TrackPointExtension>
        </extensions>
      </trkpt>
      <trkpt lat="29.280305206775665283203125" lon="117.2475181706249713897705078125">
        <ele>60.59999847412109375</ele>
        <time>2026-05-05T12:33:23.000Z</time>
        <extensions>
          <ns3:TrackPointExtension>
            <ns3:hr>134</ns3:hr>
            <ns3:cad>92</ns3:cad>
          </ns3:TrackPointExtension>
        </extensions>
      </trkpt>
      <trkpt lat="29.280331023037433624267578125" lon="117.24752395413815975189208984375">
        <ele>60.59999847412109375</ele>
        <time>2026-05-05T12:33:24.000Z</time>
        <extensions>
          <ns3:TrackPointExtension>
            <ns3:hr>134</ns3:hr>
            <ns3:cad>92</ns3:cad>
          </ns3:TrackPointExtension>
        </extensions>
      </trkpt>
      <trkpt lat="29.280357174575328826904296875" lon="117.247525714337825775146484375">
        <ele>60.59999847412109375</ele>
        <time>2026-05-05T12:33:25.000Z</time>
        <extensions>
          <ns3:TrackPointExtension>
            <ns3:hr>134</ns3:hr>
            <ns3:cad>91</ns3:cad>
          </ns3:TrackPointExtension>
        </extensions>
      </trkpt>
      <trkpt lat="29.2803794704377651214599609375" lon="117.24752663634717464447021484375">
        <ele>60.59999847412109375</ele>
        <time>2026-05-05T12:33:26.000Z</time>
        <extensions>
          <ns3:TrackPointExtension>
            <ns3:hr>133</ns3:hr>
            <ns3:cad>91</ns3:cad>
          </ns3:TrackPointExtension>
        </extensions>
      </trkpt>
      <trkpt lat="29.28040335886180400848388671875" lon="117.24752428941428661346435546875">
        <ele>60.59999847412109375</ele>
        <time>2026-05-05T12:33:27.000Z</time>
        <extensions>
          <ns3:TrackPointExtension>
            <ns3:hr>133</ns3:hr>
            <ns3:cad>90</ns3:cad>
          </ns3:TrackPointExtension>
        </extensions>
      </trkpt>
      <trkpt lat="29.2804304324090480804443359375" lon="117.24752026610076427459716796875">
        <ele>60.59999847412109375</ele>
        <time>2026-05-05T12:33:28.000Z</time>
        <extensions>
          <ns3:TrackPointExtension>
            <ns3:hr>133</ns3:hr>
            <ns3:cad>90</ns3:cad>
          </ns3:TrackPointExtension>
        </extensions>
      </trkpt>
      <trkpt lat="29.2804552428424358367919921875" lon="117.24751372821629047393798828125">
        <ele>60.59999847412109375</ele>
        <time>2026-05-05T12:33:29.000Z</time>
        <extensions>
          <ns3:TrackPointExtension>
            <ns3:hr>133</ns3:hr>
            <ns3:cad>90</ns3:cad>
          </ns3:TrackPointExtension>
        </extensions>
      </trkpt>
      <trkpt lat="29.2804850824177265167236328125" lon="117.24750266410410404205322265625">
        <ele>60.59999847412109375</ele>
        <time>2026-05-05T12:33:30.000Z</time>
        <extensions>
          <ns3:TrackPointExtension>
            <ns3:hr>132</ns3:hr>
            <ns3:cad>92</ns3:cad>
          </ns3:TrackPointExtension>
        </extensions>
      </trkpt>
      <trkpt lat="29.28050276823341846466064453125" lon="117.24749478511512279510498046875">
        <ele>60.59999847412109375</ele>
        <time>2026-05-05T12:33:31.000Z</time>
        <extensions>
          <ns3:TrackPointExtension>
            <ns3:hr>132</ns3:hr>
            <ns3:cad>92</ns3:cad>
          </ns3:TrackPointExtension>
        </extensions>
      </trkpt>
      <trkpt lat="29.28053562529385089874267578125" lon="117.24747517146170139312744140625">
        <ele>60.59999847412109375</ele>
        <time>2026-05-05T12:33:32.000Z</time>
        <extensions>
          <ns3:TrackPointExtension>
            <ns3:hr>132</ns3:hr>
            <ns3:cad>92</ns3:cad>
          </ns3:TrackPointExtension>
        </extensions>
      </trkpt>
      <trkpt lat="29.2805487848818302154541015625" lon="117.247466705739498138427734375">
        <ele>60.59999847412109375</ele>
        <time>2026-05-05T12:33:33.000Z</time>
        <extensions>
          <ns3:TrackPointExtension>
            <ns3:hr>133</ns3:hr>
            <ns3:cad>92</ns3:cad>
          </ns3:TrackPointExtension>
        </extensions>
      </trkpt>
      <trkpt lat="29.28057610988616943359375" lon="117.24744315259158611297607421875">
        <ele>60.59999847412109375</ele>
        <time>2026-05-05T12:33:34.000Z</time>
        <extensions>
          <ns3:TrackPointExtension>
            <ns3:hr>133</ns3:hr>
            <ns3:cad>92</ns3:cad>
          </ns3:TrackPointExtension>
        </extensions>
      </trkpt>
      <trkpt lat="29.28059161640703678131103515625" lon="117.24742890335619449615478515625">
        <ele>60.59999847412109375</ele>
        <time>2026-05-05T12:33:35.000Z</time>
        <extensions>
          <ns3:TrackPointExtension>
            <ns3:hr>133</ns3:hr>
            <ns3:cad>91</ns3:cad>
          </ns3:TrackPointExtension>
        </extensions>
      </trkpt>
      <trkpt lat="29.28061692975461483001708984375" lon="117.24740308709442615509033203125">
        <ele>60.59999847412109375</ele>
        <time>2026-05-05T12:33:36.000Z</time>
        <extensions>
          <ns3:TrackPointExtension>
            <ns3:hr>132</ns3:hr>
            <ns3:cad>91</ns3:cad>
          </ns3:TrackPointExtension>
        </extensions>
      </trkpt>
      <trkpt lat="29.28062967024743556976318359375" lon="117.2473900951445102691650390625">
        <ele>60.59999847412109375</ele>
        <time>2026-05-05T12:33:37.000Z</time>
        <extensions>
          <ns3:TrackPointExtension>
            <ns3:hr>132</ns3:hr>
            <ns3:cad>90</ns3:cad>
          </ns3:TrackPointExtension>
        </extensions>
      </trkpt>
      <trkpt lat="29.280658252537250518798828125" lon="117.2473609261214733123779296875">
        <ele>60.59999847412109375</ele>
        <time>2026-05-05T12:33:38.000Z</time>
        <extensions>
          <ns3:TrackPointExtension>
            <ns3:hr>132</ns3:hr>
            <ns3:cad>90</ns3:cad>
          </ns3:TrackPointExtension>
        </extensions>
      </trkpt>
      <trkpt lat="29.28066772408783435821533203125" lon="117.24735128693282604217529296875">
        <ele>60.59999847412109375</ele>
        <time>2026-05-05T12:33:39.000Z</time>
        <extensions>
          <ns3:TrackPointExtension>
            <ns3:hr>132</ns3:hr>
            <ns3:cad>90</ns3:cad>
          </ns3:TrackPointExtension>
        </extensions>
      </trkpt>
      <trkpt lat="29.28070058114826679229736328125" lon="117.247317843139171600341796875">
        <ele>60.59999847412109375</ele>
        <time>2026-05-05T12:33:40.000Z</time>
        <extensions>
          <ns3:TrackPointExtension>
            <ns3:hr>132</ns3:hr>
            <ns3:cad>91</ns3:cad>
          </ns3:TrackPointExtension>
        </extensions>
      </trkpt>
      <trkpt lat="29.280707873404026031494140625" lon="117.24731038324534893035888671875">
        <ele>60.59999847412109375</ele>
        <time>2026-05-05T12:33:41.000Z</time>
        <extensions>
          <ns3:TrackPointExtension>
            <ns3:hr>132</ns3:hr>
            <ns3:cad>91</ns3:cad>
          </ns3:TrackPointExtension>
        </extensions>
      </trkpt>
      <trkpt lat="29.28074299357831478118896484375" lon="117.24727450869977474212646484375">
        <ele>60.59999847412109375</ele>
        <time>2026-05-05T12:33:42.000Z</time>
        <extensions>
          <ns3:TrackPointExtension>
            <ns3:hr>132</ns3:hr>
            <ns3:cad>92</ns3:cad>
          </ns3:TrackPointExtension>
        </extensions>
      </trkpt>
      <trkpt lat="29.2807491123676300048828125" lon="117.247268222272396087646484375">
        <ele>60.59999847412109375</ele>
        <time>2026-05-05T12:33:43.000Z</time>
        <extensions>
          <ns3:TrackPointExtension>
            <ns3:hr>132</ns3:hr>
            <ns3:cad>92</ns3:cad>
          </ns3:TrackPointExtension>
        </extensions>
      </trkpt>
      <trkpt lat="29.2807814665138721466064453125" lon="117.2472351975739002227783203125">
        <ele>60.59999847412109375</ele>
        <time>2026-05-05T12:33:44.000Z</time>
        <extensions>
          <ns3:TrackPointExtension>
            <ns3:hr>132</ns3:hr>
            <ns3:cad>92</ns3:cad>
          </ns3:TrackPointExtension>
        </extensions>
      </trkpt>
      <trkpt lat="29.28078331053256988525390625" lon="117.247233353555202484130859375">
        <ele>60.59999847412109375</ele>
        <time>2026-05-05T12:33:45.000Z</time>
        <extensions>
          <ns3:TrackPointExtension>
            <ns3:hr>132</ns3:hr>
            <ns3:cad>92</ns3:cad>
          </ns3:TrackPointExtension>
        </extensions>
      </trkpt>
      <trkpt lat="29.28081725724041461944580078125" lon="117.24719873629510402679443359375">
        <ele>60.59999847412109375</ele>
        <time>2026-05-05T12:33:46.000Z</time>
        <extensions>
          <ns3:TrackPointExtension>
            <ns3:hr>132</ns3:hr>
            <ns3:cad>92</ns3:cad>
          </ns3:TrackPointExtension>
        </extensions>
      </trkpt>
      <trkpt lat="29.2808220349252223968505859375" lon="117.247193790972232818603515625">
        <ele>60.59999847412109375</ele>
        <time>2026-05-05T12:33:47.000Z</time>
        <extensions>
          <ns3:TrackPointExtension>
            <ns3:hr>132</ns3:hr>
            <ns3:cad>92</ns3:cad>
          </ns3:TrackPointExtension>
        </extensions>
      </trkpt>
      <trkpt lat="29.28085279650986194610595703125" lon="117.24716252647340297698974609375">
        <ele>60.59999847412109375</ele>
        <time>2026-05-05T12:33:48.000Z</time>
        <extensions>
          <ns3:TrackPointExtension>
            <ns3:hr>132</ns3:hr>
            <ns3:cad>91</ns3:cad>
          </ns3:TrackPointExtension>
        </extensions>
      </trkpt>
      <trkpt lat="29.28085866384208202362060546875" lon="117.2471564076840877532958984375">
        <ele>60.59999847412109375</ele>
        <time>2026-05-05T12:33:49.000Z</time>
        <extensions>
          <ns3:TrackPointExtension>
            <ns3:hr>132</ns3:hr>
            <ns3:cad>91</ns3:cad>
          </ns3:TrackPointExtension>
        </extensions>
      </trkpt>
      <trkpt lat="29.28089051507413387298583984375" lon="117.24712396971881389617919921875">
        <ele>60.59999847412109375</ele>
        <time>2026-05-05T12:33:50.000Z</time>
        <extensions>
          <ns3:TrackPointExtension>
            <ns3:hr>132</ns3:hr>
            <ns3:cad>91</ns3:cad>
          </ns3:TrackPointExtension>
        </extensions>
      </trkpt>
      <trkpt lat="29.2808954603970050811767578125" lon="117.24711894057691097259521484375">
        <ele>60.59999847412109375</ele>
        <time>2026-05-05T12:33:51.000Z</time>
        <extensions>
          <ns3:TrackPointExtension>
            <ns3:hr>132</ns3:hr>
            <ns3:cad>91</ns3:cad>
          </ns3:TrackPointExtension>
        </extensions>
      </trkpt>
      <trkpt lat="29.28092471323907375335693359375" lon="117.24708910100162029266357421875">
        <ele>60.59999847412109375</ele>
        <time>2026-05-05T12:33:52.000Z</time>
        <extensions>
          <ns3:TrackPointExtension>
            <ns3:hr>132</ns3:hr>
            <ns3:cad>91</ns3:cad>
          </ns3:TrackPointExtension>
        </extensions>
      </trkpt>
      <trkpt lat="29.280931167304515838623046875" lon="117.24708256311714649200439453125">
        <ele>60.59999847412109375</ele>
        <time>2026-05-05T12:33:53.000Z</time>
        <extensions>
          <ns3:TrackPointExtension>
            <ns3:hr>132</ns3:hr>
            <ns3:cad>91</ns3:cad>
          </ns3:TrackPointExtension>
        </extensions>
      </trkpt>
      <trkpt lat="29.2809588275849819183349609375" lon="117.24705423228442668914794921875">
        <ele>60.59999847412109375</ele>
        <time>2026-05-05T12:33:54.000Z</time>
        <extensions>
          <ns3:TrackPointExtension>
            <ns3:hr>132</ns3:hr>
            <ns3:cad>91</ns3:cad>
          </ns3:TrackPointExtension>
        </extensions>
      </trkpt>
      <trkpt lat="29.28096980787813663482666015625" lon="117.2470430843532085418701171875">
        <ele>60.59999847412109375</ele>
        <time>2026-05-05T12:33:55.000Z</time>
        <extensions>
          <ns3:TrackPointExtension>
            <ns3:hr>132</ns3:hr>
            <ns3:cad>91</ns3:cad>
          </ns3:TrackPointExtension>
        </extensions>
      </trkpt>
      <trkpt lat="29.28099679760634899139404296875" lon="117.2470155917108058929443359375">
        <ele>60.59999847412109375</ele>
        <time>2026-05-05T12:33:56.000Z</time>
        <extensions>
          <ns3:TrackPointExtension>
            <ns3:hr>132</ns3:hr>
            <ns3:cad>91</ns3:cad>
          </ns3:TrackPointExtension>
        </extensions>
      </trkpt>
      <trkpt lat="29.28101071156561374664306640625" lon="117.247001342475414276123046875">
        <ele>60.59999847412109375</ele>
        <time>2026-05-05T12:33:57.000Z</time>
        <extensions>
          <ns3:TrackPointExtension>
            <ns3:hr>132</ns3:hr>
            <ns3:cad>92</ns3:cad>
          </ns3:TrackPointExtension>
        </extensions>
      </trkpt>
      <trkpt lat="29.28103409707546234130859375" lon="117.24697745405137538909912109375">
        <ele>60.59999847412109375</ele>
        <time>2026-05-05T12:33:58.000Z</time>
        <extensions>
          <ns3:TrackPointExtension>
            <ns3:hr>132</ns3:hr>
            <ns3:cad>92</ns3:cad>
          </ns3:TrackPointExtension>
        </extensions>
      </trkpt>
      <trkpt lat="29.2810490168631076812744140625" lon="117.24696219898760318756103515625">
        <ele>60.59999847412109375</ele>
        <time>2026-05-05T12:33:59.000Z</time>
        <extensions>
          <ns3:TrackPointExtension>
            <ns3:hr>132</ns3:hr>
            <ns3:cad>92</ns3:cad>
          </ns3:TrackPointExtension>
        </extensions>
      </trkpt>
      <trkpt lat="29.28107206709682941436767578125" lon="117.24693872965872287750244140625">
        <ele>60.59999847412109375</ele>
        <time>2026-05-05T12:34:00.000Z</time>
        <extensions>
          <ns3:TrackPointExtension>
            <ns3:hr>132</ns3:hr>
            <ns3:cad>92</ns3:cad>
          </ns3:TrackPointExtension>
        </extensions>
      </trkpt>
      <trkpt lat="29.281090088188648223876953125" lon="117.2469203732907772064208984375">
        <ele>60.59999847412109375</ele>
        <time>2026-05-05T12:34:01.000Z</time>
        <extensions>
          <ns3:TrackPointExtension>
            <ns3:hr>132</ns3:hr>
            <ns3:cad>92</ns3:cad>
          </ns3:TrackPointExtension>
        </extensions>
      </trkpt>
      <trkpt lat="29.2811113782227039337158203125" lon="117.2468985803425312042236328125">
        <ele>60.59999847412109375</ele>
        <time>2026-05-05T12:34:02.000Z</time>
        <extensions>
          <ns3:TrackPointExtension>
            <ns3:hr>132</ns3:hr>
            <ns3:cad>92</ns3:cad>
          </ns3:TrackPointExtension>
        </extensions>
      </trkpt>
      <trkpt lat="29.2811331711709499359130859375" lon="117.24687636829912662506103515625">
        <ele>60.59999847412109375</ele>
        <time>2026-05-05T12:34:03.000Z</time>
        <extensions>
          <ns3:TrackPointExtension>
            <ns3:hr>132</ns3:hr>
            <ns3:cad>91</ns3:cad>
          </ns3:TrackPointExtension>
        </extensions>
      </trkpt>
      <trkpt lat="29.281147420406341552734375" lon="117.24686178378760814666748046875">
        <ele>60.59999847412109375</ele>
        <time>2026-05-05T12:34:04.000Z</time>
        <extensions>
          <ns3:TrackPointExtension>
            <ns3:hr>133</ns3:hr>
            <ns3:cad>91</ns3:cad>
          </ns3:TrackPointExtension>
        </extensions>
      </trkpt>
      <trkpt lat="29.281170554459095001220703125" lon="117.24683764390647411346435546875">
        <ele>60.59999847412109375</ele>
        <time>2026-05-05T12:34:05.000Z</time>
        <extensions>
          <ns3:TrackPointExtension>
            <ns3:hr>133</ns3:hr>
            <ns3:cad>91</ns3:cad>
          </ns3:TrackPointExtension>
        </extensions>
      </trkpt>
      <trkpt lat="29.28118522278964519500732421875" lon="117.246820293366909027099609375">
        <ele>60.59999847412109375</ele>
        <time>2026-05-05T12:34:06.000Z</time>
        <extensions>
          <ns3:TrackPointExtension>
            <ns3:hr>133</ns3:hr>
            <ns3:cad>91</ns3:cad>
          </ns3:TrackPointExtension>
        </extensions>
      </trkpt>
      <trkpt lat="29.28120735101401805877685546875" lon="117.2467909567058086395263671875">
        <ele>60.59999847412109375</ele>
        <time>2026-05-05T12:34:07.000Z</time>
        <extensions>
          <ns3:TrackPointExtension>
            <ns3:hr>133</ns3:hr>
            <ns3:cad>91</ns3:cad>
          </ns3:TrackPointExtension>
        </extensions>
      </trkpt>
      <trkpt lat="29.28122160024940967559814453125" lon="117.2467684932053089141845703125">
        <ele>60.59999847412109375</ele>
        <time>2026-05-05T12:34:08.000Z</time>
        <extensions>
          <ns3:TrackPointExtension>
            <ns3:hr>133</ns3:hr>
            <ns3:cad>91</ns3:cad>
          </ns3:TrackPointExtension>
        </extensions>
      </trkpt>
      <trkpt lat="29.281239621341228485107421875" lon="117.24673219956457614898681640625">
        <ele>60.59999847412109375</ele>
        <time>2026-05-05T12:34:09.000Z</time>
        <extensions>
          <ns3:TrackPointExtension>
            <ns3:hr>133</ns3:hr>
            <ns3:cad>91</ns3:cad>
          </ns3:TrackPointExtension>
        </extensions>
      </trkpt>
      <trkpt lat="29.28124875761568546295166015625" lon="117.24671158008277416229248046875">
        <ele>60.59999847412109375</ele>
        <time>2026-05-05T12:34:10.000Z</time>
        <extensions>
          <ns3:TrackPointExtension>
            <ns3:hr>133</ns3:hr>
            <ns3:cad>91</ns3:cad>
          </ns3:TrackPointExtension>
        </extensions>
      </trkpt>
      <trkpt lat="29.281256385147571563720703125" lon="117.24668710492551326751708984375">
        <ele>60.59999847412109375</ele>
        <time>2026-05-05T12:34:11.000Z</time>
        <extensions>
          <ns3:TrackPointExtension>
            <ns3:hr>133</ns3:hr>
            <ns3:cad>90</ns3:cad>
          </ns3:TrackPointExtension>
        </extensions>
      </trkpt>
      <trkpt lat="29.28125806152820587158203125" lon="117.24668182432651519775390625">
        <ele>60.59999847412109375</ele>
        <time>2026-05-05T12:34:12.000Z</time>
        <extensions>
          <ns3:TrackPointExtension>
            <ns3:hr>134</ns3:hr>
            <ns3:cad>90</ns3:cad>
          </ns3:TrackPointExtension>
        </extensions>
      </trkpt>
      <trkpt lat="29.2812682874500751495361328125" lon="117.24663756787776947021484375">
        <ele>60.59999847412109375</ele>
        <time>2026-05-05T12:34:13.000Z</time>
        <extensions>
          <ns3:TrackPointExtension>
            <ns3:hr>133</ns3:hr>
            <ns3:cad>92</ns3:cad>
          </ns3:TrackPointExtension>
        </extensions>
      </trkpt>
      <trkpt lat="29.2812706343829631805419921875" lon="117.24662440828979015350341796875">
        <ele>60.59999847412109375</ele>
        <time>2026-05-05T12:34:14.000Z</time>
        <extensions>
          <ns3:TrackPointExtension>
            <ns3:hr>133</ns3:hr>
            <ns3:cad>92</ns3:cad>
          </ns3:TrackPointExtension>
        </extensions>
      </trkpt>
      <trkpt lat="29.2812746576964855194091796875" lon="117.2465767152607440948486328125">
        <ele>60.59999847412109375</ele>
        <time>2026-05-05T12:34:15.000Z</time>
        <extensions>
          <ns3:TrackPointExtension>
            <ns3:hr>133</ns3:hr>
            <ns3:cad>92</ns3:cad>
          </ns3:TrackPointExtension>
        </extensions>
      </trkpt>
      <trkpt lat="29.28127557970583438873291015625" lon="117.2465591132640838623046875">
        <ele>60.59999847412109375</ele>
        <time>2026-05-05T12:34:16.000Z</time>
        <extensions>
          <ns3:TrackPointExtension>
            <ns3:hr>133</ns3:hr>
            <ns3:cad>90</ns3:cad>
          </ns3:TrackPointExtension>
        </extensions>
      </trkpt>
      <trkpt lat="29.2812726460397243499755859375" lon="117.246519215404987335205078125">
        <ele>60.59999847412109375</ele>
        <time>2026-05-05T12:34:17.000Z</time>
        <extensions>
          <ns3:TrackPointExtension>
            <ns3:hr>133</ns3:hr>
            <ns3:cad>90</ns3:cad>
          </ns3:TrackPointExtension>
        </extensions>
      </trkpt>
      <trkpt lat="29.281271807849407196044921875" lon="117.24650748074054718017578125">
        <ele>60.59999847412109375</ele>
        <time>2026-05-05T12:34:18.000Z</time>
        <extensions>
          <ns3:TrackPointExtension>
            <ns3:hr>132</ns3:hr>
            <ns3:cad>90</ns3:cad>
          </ns3:TrackPointExtension>
        </extensions>
      </trkpt>
      <trkpt lat="29.28126300685107707977294921875" lon="117.2464627213776111602783203125">
        <ele>60.59999847412109375</ele>
        <time>2026-05-05T12:34:19.000Z</time>
        <extensions>
          <ns3:TrackPointExtension>
            <ns3:hr>132</ns3:hr>
            <ns3:cad>90</ns3:cad>
          </ns3:TrackPointExtension>
        </extensions>
      </trkpt>
      <trkpt lat="29.28125998936593532562255859375" lon="117.24645023234188556671142578125">
        <ele>60.59999847412109375</ele>
        <time>2026-05-05T12:34:20.000Z</time>
        <extensions>
          <ns3:TrackPointExtension>
            <ns3:hr>133</ns3:hr>
            <ns3:cad>90</ns3:cad>
          </ns3:TrackPointExtension>
        </extensions>
      </trkpt>
      <trkpt lat="29.281245656311511993408203125" lon="117.24640798754990100860595703125">
        <ele>60.59999847412109375</ele>
        <time>2026-05-05T12:34:21.000Z</time>
        <extensions>
          <ns3:TrackPointExtension>
            <ns3:hr>133</ns3:hr>
            <ns3:cad>90</ns3:cad>
          </ns3:TrackPointExtension>
        </extensions>
      </trkpt>
      <trkpt lat="29.28123584948480129241943359375" lon="117.2463869489729404449462890625">
        <ele>60.59999847412109375</ele>
        <time>2026-05-05T12:34:22.000Z</time>
        <extensions>
          <ns3:TrackPointExtension>
            <ns3:hr>133</ns3:hr>
            <ns3:cad>90</ns3:cad>
          </ns3:TrackPointExtension>
        </extensions>
      </trkpt>
      <trkpt lat="29.28122243843972682952880859375" lon="117.246359623968601226806640625">
        <ele>60.59999847412109375</ele>
        <time>2026-05-05T12:34:23.000Z</time>
        <extensions>
          <ns3:TrackPointExtension>
            <ns3:hr>134</ns3:hr>
            <ns3:cad>90</ns3:cad>
          </ns3:TrackPointExtension>
        </extensions>
      </trkpt>
      <trkpt lat="29.28121539764106273651123046875" lon="117.24634864367544651031494140625">
        <ele>60.59999847412109375</ele>
        <time>2026-05-05T12:34:24.000Z</time>
        <extensions>
          <ns3:TrackPointExtension>
            <ns3:hr>134</ns3:hr>
            <ns3:cad>90</ns3:cad>
          </ns3:TrackPointExtension>
        </extensions>
      </trkpt>
      <trkpt lat="29.2811985500156879425048828125" lon="117.2463235817849636077880859375">
        <ele>60.59999847412109375</ele>
        <time>2026-05-05T12:34:25.000Z</time>
        <extensions>
          <ns3:TrackPointExtension>
            <ns3:hr>134</ns3:hr>
            <ns3:cad>90</ns3:cad>
          </ns3:TrackPointExtension>
        </extensions>
      </trkpt>
      <trkpt lat="29.2811831273138523101806640625" lon="117.24630438722670078277587890625">
        <ele>60.59999847412109375</ele>
        <time>2026-05-05T12:34:26.000Z</time>
        <extensions>
          <ns3:TrackPointExtension>
            <ns3:hr>135</ns3:hr>
            <ns3:cad>90</ns3:cad>
          </ns3:TrackPointExtension>
        </extensions>
      </trkpt>
      <trkpt lat="29.28116376511752605438232421875" lon="117.2462826780974864959716796875">
        <ele>60.59999847412109375</ele>
        <time>2026-05-05T12:34:27.000Z</time>
        <extensions>
          <ns3:TrackPointExtension>
            <ns3:hr>135</ns3:hr>
            <ns3:cad>90</ns3:cad>
          </ns3:TrackPointExtension>
        </extensions>
      </trkpt>
      <trkpt lat="29.281141720712184906005859375" lon="117.2462632320821285247802734375">
        <ele>60.59999847412109375</ele>
        <time>2026-05-05T12:34:28.000Z</time>
        <extensions>
          <ns3:TrackPointExtension>
            <ns3:hr>136</ns3:hr>
            <ns3:cad>91</ns3:cad>
          </ns3:TrackPointExtension>
        </extensions>
      </trkpt>
      <trkpt lat="29.28111992776393890380859375" lon="117.246245630085468292236328125">
        <ele>60.59999847412109375</ele>
        <time>2026-05-05T12:34:29.000Z</time>
        <extensions>
          <ns3:TrackPointExtension>
            <ns3:hr>136</ns3:hr>
            <ns3:cad>91</ns3:cad>
          </ns3:TrackPointExtension>
        </extensions>
      </trkpt>
      <trkpt lat="29.281094111502170562744140625" lon="117.24622995592653751373291015625">
        <ele>60.59999847412109375</ele>
        <time>2026-05-05T12:34:30.000Z</time>
        <extensions>
          <ns3:TrackPointExtension>
            <ns3:hr>137</ns3:hr>
            <ns3:cad>88</ns3:cad>
          </ns3:TrackPointExtension>
        </extensions>
      </trkpt>
      <trkpt lat="29.28107324056327342987060546875" lon="117.2462189756333827972412109375">
        <ele>60.59999847412109375</ele>
        <time>2026-05-05T12:34:31.000Z</time>
        <extensions>
          <ns3:TrackPointExtension>
            <ns3:hr>137</ns3:hr>
            <ns3:cad>88</ns3:cad>
          </ns3:TrackPointExtension>
        </extensions>
      </trkpt>
      <trkpt lat="29.28104809485375881195068359375" lon="117.24620866589248180389404296875">
        <ele>60.59999847412109375</ele>
        <time>2026-05-05T12:34:32.000Z</time>
        <extensions>
          <ns3:TrackPointExtension>
            <ns3:hr>137</ns3:hr>
            <ns3:cad>88</ns3:cad>
          </ns3:TrackPointExtension>
        </extensions>
      </trkpt>
      <trkpt lat="29.2810342647135257720947265625" lon="117.2462035529315471649169921875">
        <ele>60.59999847412109375</ele>
        <time>2026-05-05T12:34:33.000Z</time>
        <extensions>
          <ns3:TrackPointExtension>
            <ns3:hr>137</ns3:hr>
            <ns3:cad>93</ns3:cad>
          </ns3:TrackPointExtension>
        </extensions>
      </trkpt>
      <trkpt lat="29.28098925389349460601806640625" lon="117.24619357846677303314208984375">
        <ele>60.59999847412109375</ele>
        <time>2026-05-05T12:34:34.000Z</time>
        <extensions>
          <ns3:TrackPointExtension>
            <ns3:hr>138</ns3:hr>
            <ns3:cad>93</ns3:cad>
          </ns3:TrackPointExtension>
        </extensions>
      </trkpt>
      <trkpt lat="29.28099042735993862152099609375" lon="117.24619366228580474853515625">
        <ele>60.59999847412109375</ele>
        <time>2026-05-05T12:34:35.000Z</time>
        <extensions>
          <ns3:TrackPointExtension>
            <ns3:hr>137</ns3:hr>
            <ns3:cad>93</ns3:cad>
          </ns3:TrackPointExtension>
        </extensions>
      </trkpt>
      <trkpt lat="29.2809457518160343170166015625" lon="117.246190644800662994384765625">
        <ele>60.59999847412109375</ele>
        <time>2026-05-05T12:34:36.000Z</time>
        <extensions>
          <ns3:TrackPointExtension>
            <ns3:hr>137</ns3:hr>
            <ns3:cad>93</ns3:cad>
          </ns3:TrackPointExtension>
        </extensions>
      </trkpt>
      <trkpt lat="29.28094047121703624725341796875" lon="117.2461911477148532867431640625">
        <ele>60.59999847412109375</ele>
        <time>2026-05-05T12:34:37.000Z</time>
        <extensions>
          <ns3:TrackPointExtension>
            <ns3:hr>137</ns3:hr>
            <ns3:cad>92</ns3:cad>
          </ns3:TrackPointExtension>
        </extensions>
      </trkpt>
      <trkpt lat="29.280890263617038726806640625" lon="117.24619768559932708740234375">
        <ele>60.59999847412109375</ele>
        <time>2026-05-05T12:34:38.000Z</time>
        <extensions>
          <ns3:TrackPointExtension>
            <ns3:hr>137</ns3:hr>
            <ns3:cad>92</ns3:cad>
          </ns3:TrackPointExtension>
        </extensions>
      </trkpt>
      <trkpt lat="29.280886240303516387939453125" lon="117.246198691427707672119140625">
        <ele>60.59999847412109375</ele>
        <time>2026-05-05T12:34:39.000Z</time>
        <extensions>
          <ns3:TrackPointExtension>
            <ns3:hr>137</ns3:hr>
            <ns3:cad>92</ns3:cad>
          </ns3:TrackPointExtension>
        </extensions>
      </trkpt>
      <trkpt lat="29.28083963692188262939453125" lon="117.24621377885341644287109375">
        <ele>60.59999847412109375</ele>
        <time>2026-05-05T12:34:40.000Z</time>
        <extensions>
          <ns3:TrackPointExtension>
            <ns3:hr>137</ns3:hr>
            <ns3:cad>92</ns3:cad>
          </ns3:TrackPointExtension>
        </extensions>
      </trkpt>
      <trkpt lat="29.28082781843841075897216796875" lon="117.2462189756333827972412109375">
        <ele>60.59999847412109375</ele>
        <time>2026-05-05T12:34:41.000Z</time>
        <extensions>
          <ns3:TrackPointExtension>
            <ns3:hr>137</ns3:hr>
            <ns3:cad>90</ns3:cad>
          </ns3:TrackPointExtension>
        </extensions>
      </trkpt>
      <trkpt lat="29.28078607656061649322509765625" lon="117.2462426126003265380859375">
        <ele>60.59999847412109375</ele>
        <time>2026-05-05T12:34:42.000Z</time>
        <extensions>
          <ns3:TrackPointExtension>
            <ns3:hr>137</ns3:hr>
            <ns3:cad>90</ns3:cad>
          </ns3:TrackPointExtension>
        </extensions>
      </trkpt>
      <trkpt lat="29.28077392280101776123046875" lon="117.2462504915893077850341796875">
        <ele>60.59999847412109375</ele>
        <time>2026-05-05T12:34:43.000Z</time>
        <extensions>
          <ns3:TrackPointExtension>
            <ns3:hr>137</ns3:hr>
            <ns3:cad>90</ns3:cad>
          </ns3:TrackPointExtension>
        </extensions>
      </trkpt>
      <trkpt lat="29.2807429097592830657958984375" lon="117.24627706222236156463623046875">
        <ele>60.59999847412109375</ele>
        <time>2026-05-05T12:34:44.000Z</time>
        <extensions>
          <ns3:TrackPointExtension>
            <ns3:hr>137</ns3:hr>
            <ns3:cad>90</ns3:cad>
          </ns3:TrackPointExtension>
        </extensions>
      </trkpt>
      <trkpt lat="29.280723631381988525390625" lon="117.24629550240933895111083984375">
        <ele>60.59999847412109375</ele>
        <time>2026-05-05T12:34:45.000Z</time>
        <extensions>
          <ns3:TrackPointExtension>
            <ns3:hr>137</ns3:hr>
            <ns3:cad>90</ns3:cad>
          </ns3:TrackPointExtension>
        </extensions>
      </trkpt>
      <trkpt lat="29.28070058114826679229736328125" lon="117.24631897173821926116943359375">
        <ele>60.59999847412109375</ele>
        <time>2026-05-05T12:34:46.000Z</time>
        <extensions>
          <ns3:TrackPointExtension>
            <ns3:hr>136</ns3:hr>
            <ns3:cad>91</ns3:cad>
          </ns3:TrackPointExtension>
        </extensions>
      </trkpt>
      <trkpt lat="29.280685745179653167724609375" lon="117.246334142982959747314453125">
        <ele>60.59999847412109375</ele>
        <time>2026-05-05T12:34:47.000Z</time>
        <extensions>
          <ns3:TrackPointExtension>
            <ns3:hr>137</ns3:hr>
            <ns3:cad>91</ns3:cad>
          </ns3:TrackPointExtension>
        </extensions>
      </trkpt>
      <trkpt lat="29.28066018037497997283935546875" lon="117.246360294520854949951171875">
        <ele>60.59999847412109375</ele>
        <time>2026-05-05T12:34:48.000Z</time>
        <extensions>
          <ns3:TrackPointExtension>
            <ns3:hr>137</ns3:hr>
            <ns3:cad>92</ns3:cad>
          </ns3:TrackPointExtension>
        </extensions>
      </trkpt>
      <trkpt lat="29.280643500387668609619140625" lon="117.2463772259652614593505859375">
        <ele>60.59999847412109375</ele>
        <time>2026-05-05T12:34:49.000Z</time>
        <extensions>
          <ns3:TrackPointExtension>
            <ns3:hr>136</ns3:hr>
            <ns3:cad>92</ns3:cad>
          </ns3:TrackPointExtension>
        </extensions>
      </trkpt>
      <trkpt lat="29.28061860613524913787841796875" lon="117.2464027069509029388427734375">
        <ele>60.59999847412109375</ele>
        <time>2026-05-05T12:34:50.000Z</time>
        <extensions>
          <ns3:TrackPointExtension>
            <ns3:hr>136</ns3:hr>
            <ns3:cad>92</ns3:cad>
          </ns3:TrackPointExtension>
        </extensions>
      </trkpt>
      <trkpt lat="29.280600249767303466796875" lon="117.24642139859497547149658203125">
        <ele>60.59999847412109375</ele>
        <time>2026-05-05T12:34:51.000Z</time>
        <extensions>
          <ns3:TrackPointExtension>
            <ns3:hr>136</ns3:hr>
            <ns3:cad>92</ns3:cad>
          </ns3:TrackPointExtension>
        </extensions>
      </trkpt>
      <trkpt lat="29.2805776186287403106689453125" lon="117.24644453264772891998291015625">
        <ele>60.59999847412109375</ele>
        <time>2026-05-05T12:34:52.000Z</time>
        <extensions>
          <ns3:TrackPointExtension>
            <ns3:hr>137</ns3:hr>
            <ns3:cad>92</ns3:cad>
          </ns3:TrackPointExtension>
        </extensions>
      </trkpt>
      <trkpt lat="29.28055859170854091644287109375" lon="117.24646397866308689117431640625">
        <ele>60.59999847412109375</ele>
        <time>2026-05-05T12:34:53.000Z</time>
        <extensions>
          <ns3:TrackPointExtension>
            <ns3:hr>137</ns3:hr>
            <ns3:cad>92</ns3:cad>
          </ns3:TrackPointExtension>
        </extensions>
      </trkpt>
      <trkpt lat="29.280542246997356414794921875" lon="117.24648057483136653900146484375">
        <ele>60.59999847412109375</ele>
        <time>2026-05-05T12:34:54.000Z</time>
        <extensions>
          <ns3:TrackPointExtension>
            <ns3:hr>137</ns3:hr>
            <ns3:cad>92</ns3:cad>
          </ns3:TrackPointExtension>
        </extensions>
      </trkpt>
      <trkpt lat="29.28051584400236606597900390625" lon="117.24650756455957889556884765625">
        <ele>60.59999847412109375</ele>
        <time>2026-05-05T12:34:55.000Z</time>
        <extensions>
          <ns3:TrackPointExtension>
            <ns3:hr>137</ns3:hr>
            <ns3:cad>92</ns3:cad>
          </ns3:TrackPointExtension>
        </extensions>
      </trkpt>
      <trkpt lat="29.280502684414386749267578125" lon="117.24652097560465335845947265625">
        <ele>60.59999847412109375</ele>
        <time>2026-05-05T12:34:56.000Z</time>
        <extensions>
          <ns3:TrackPointExtension>
            <ns3:hr>136</ns3:hr>
            <ns3:cad>92</ns3:cad>
          </ns3:TrackPointExtension>
        </extensions>
      </trkpt>
      <trkpt lat="29.28047695197165012359619140625" lon="117.2465472109615802764892578125">
        <ele>60.59999847412109375</ele>
        <time>2026-05-05T12:34:57.000Z</time>
        <extensions>
          <ns3:TrackPointExtension>
            <ns3:hr>136</ns3:hr>
            <ns3:cad>92</ns3:cad>
          </ns3:TrackPointExtension>
        </extensions>
      </trkpt>
      <trkpt lat="29.28045968525111675262451171875" lon="117.246564812958240509033203125">
        <ele>60.59999847412109375</ele>
        <time>2026-05-05T12:34:58.000Z</time>
        <extensions>
          <ns3:TrackPointExtension>
            <ns3:hr>136</ns3:hr>
            <ns3:cad>92</ns3:cad>
          </ns3:TrackPointExtension>
        </extensions>
      </trkpt>
      <trkpt lat="29.28043738938868045806884765625" lon="117.24658752791583538055419921875">
        <ele>60.59999847412109375</ele>
        <time>2026-05-05T12:34:59.000Z</time>
        <extensions>
          <ns3:TrackPointExtension>
            <ns3:hr>135</ns3:hr>
            <ns3:cad>92</ns3:cad>
          </ns3:TrackPointExtension>
        </extensions>
      </trkpt>
      <trkpt lat="29.28042255342006683349609375" lon="117.24660269916057586669921875">
        <ele>60.59999847412109375</ele>
        <time>2026-05-05T12:35:00.000Z</time>
        <extensions>
          <ns3:TrackPointExtension>
            <ns3:hr>135</ns3:hr>
            <ns3:cad>92</ns3:cad>
          </ns3:TrackPointExtension>
        </extensions>
      </trkpt>
      <trkpt lat="29.28039363585412502288818359375" lon="117.24663220345973968505859375">
        <ele>60.59999847412109375</ele>
        <time>2026-05-05T12:35:01.000Z</time>
        <extensions>
          <ns3:TrackPointExtension>
            <ns3:hr>134</ns3:hr>
            <ns3:cad>91</ns3:cad>
          </ns3:TrackPointExtension>
        </extensions>
      </trkpt>
      <trkpt lat="29.28038056008517742156982421875" lon="117.24664561450481414794921875">
        <ele>60.59999847412109375</ele>
        <time>2026-05-05T12:35:02.000Z</time>
        <extensions>
          <ns3:TrackPointExtension>
            <ns3:hr>132</ns3:hr>
            <ns3:cad>91</ns3:cad>
          </ns3:TrackPointExtension>
        </extensions>
      </trkpt>
      <trkpt lat="29.28035474382340908050537109375" lon="117.24667184986174106597900390625">
        <ele>60.59999847412109375</ele>
        <time>2026-05-05T12:35:03.000Z</time>
        <extensions>
          <ns3:TrackPointExtension>
            <ns3:hr>131</ns3:hr>
            <ns3:cad>90</ns3:cad>
          </ns3:TrackPointExtension>
        </extensions>
      </trkpt>
      <trkpt lat="29.28034049458801746368408203125" lon="117.24668643437325954437255859375">
        <ele>60.59999847412109375</ele>
        <time>2026-05-05T12:35:04.000Z</time>
        <extensions>
          <ns3:TrackPointExtension>
            <ns3:hr>130</ns3:hr>
            <ns3:cad>90</ns3:cad>
          </ns3:TrackPointExtension>
        </extensions>
      </trkpt>
      <trkpt lat="29.28031300194561481475830078125" lon="117.2467145137488842010498046875">
        <ele>60.59999847412109375</ele>
        <time>2026-05-05T12:35:05.000Z</time>
        <extensions>
          <ns3:TrackPointExtension>
            <ns3:hr>130</ns3:hr>
            <ns3:cad>90</ns3:cad>
          </ns3:TrackPointExtension>
        </extensions>
      </trkpt>
      <trkpt lat="29.280308224260807037353515625" lon="117.24671937525272369384765625">
        <ele>60.59999847412109375</ele>
        <time>2026-05-05T12:35:06.000Z</time>
        <extensions>
          <ns3:TrackPointExtension>
            <ns3:hr>129</ns3:hr>
            <ns3:cad>91</ns3:cad>
          </ns3:TrackPointExtension>
        </extensions>
      </trkpt>
      <trkpt lat="29.28027712740004062652587890625" lon="117.2467510588467121124267578125">
        <ele>60.59999847412109375</ele>
        <time>2026-05-05T12:35:07.000Z</time>
        <extensions>
          <ns3:TrackPointExtension>
            <ns3:hr>129</ns3:hr>
            <ns3:cad>91</ns3:cad>
          </ns3:TrackPointExtension>
        </extensions>
      </trkpt>
      <trkpt lat="29.280272684991359710693359375" lon="117.24675558507442474365234375">
        <ele>60.59999847412109375</ele>
        <time>2026-05-05T12:35:08.000Z</time>
        <extensions>
          <ns3:TrackPointExtension>
            <ns3:hr>129</ns3:hr>
            <ns3:cad>92</ns3:cad>
          </ns3:TrackPointExtension>
        </extensions>
      </trkpt>
      <trkpt lat="29.28024150431156158447265625" lon="117.24678752012550830841064453125">
        <ele>60.59999847412109375</ele>
        <time>2026-05-05T12:35:09.000Z</time>
        <extensions>
          <ns3:TrackPointExtension>
            <ns3:hr>129</ns3:hr>
            <ns3:cad>92</ns3:cad>
          </ns3:TrackPointExtension>
        </extensions>
      </trkpt>
      <trkpt lat="29.2802369780838489532470703125" lon="117.24679204635322093963623046875">
        <ele>60.59999847412109375</ele>
        <time>2026-05-05T12:35:10.000Z</time>
        <extensions>
          <ns3:TrackPointExtension>
            <ns3:hr>129</ns3:hr>
            <ns3:cad>92</ns3:cad>
          </ns3:TrackPointExtension>
        </extensions>
      </trkpt>
      <trkpt lat="29.2802061326801776885986328125" lon="117.2468234784901142120361328125">
        <ele>60.59999847412109375</ele>
        <time>2026-05-05T12:35:11.000Z</time>
        <extensions>
          <ns3:TrackPointExtension>
            <ns3:hr>130</ns3:hr>
            <ns3:cad>92</ns3:cad>
          </ns3:TrackPointExtension>
        </extensions>
      </trkpt>
      <trkpt lat="29.2801923863589763641357421875" lon="117.2468375600874423980712890625">
        <ele>60.59999847412109375</ele>
        <time>2026-05-05T12:35:12.000Z</time>
        <extensions>
          <ns3:TrackPointExtension>
            <ns3:hr>131</ns3:hr>
            <ns3:cad>92</ns3:cad>
          </ns3:TrackPointExtension>
        </extensions>
      </trkpt>
      <trkpt lat="29.2801643908023834228515625" lon="117.24686614237725734710693359375">
        <ele>60.59999847412109375</ele>
        <time>2026-05-05T12:35:13.000Z</time>
        <extensions>
          <ns3:TrackPointExtension>
            <ns3:hr>131</ns3:hr>
            <ns3:cad>92</ns3:cad>
          </ns3:TrackPointExtension>
        </extensions>
      </trkpt>
      <trkpt lat="29.2801551707088947296142578125" lon="117.2468756139278411865234375">
        <ele>60.59999847412109375</ele>
        <time>2026-05-05T12:35:14.000Z</time>
        <extensions>
          <ns3:TrackPointExtension>
            <ns3:hr>132</ns3:hr>
            <ns3:cad>92</ns3:cad>
          </ns3:TrackPointExtension>
        </extensions>
      </trkpt>
      <trkpt lat="29.28012809716165065765380859375" lon="117.246907465159893035888671875">
        <ele>60.59999847412109375</ele>
        <time>2026-05-05T12:35:15.000Z</time>
        <extensions>
          <ns3:TrackPointExtension>
            <ns3:hr>132</ns3:hr>
            <ns3:cad>92</ns3:cad>
          </ns3:TrackPointExtension>
        </extensions>
      </trkpt>
      <trkpt lat="29.2801182903349399566650390625" lon="117.24692096002399921417236328125">
        <ele>60.59999847412109375</ele>
        <time>2026-05-05T12:35:16.000Z</time>
        <extensions>
          <ns3:TrackPointExtension>
            <ns3:hr>132</ns3:hr>
            <ns3:cad>92</ns3:cad>
          </ns3:TrackPointExtension>
        </extensions>
      </trkpt>
      <trkpt lat="29.280095994472503662109375" lon="117.24695599637925624847412109375">
        <ele>60.59999847412109375</ele>
        <time>2026-05-05T12:35:17.000Z</time>
        <extensions>
          <ns3:TrackPointExtension>
            <ns3:hr>133</ns3:hr>
            <ns3:cad>92</ns3:cad>
          </ns3:TrackPointExtension>
        </extensions>
      </trkpt>
      <trkpt lat="29.2800892889499664306640625" lon="117.2469703294336795806884765625">
        <ele>60.59999847412109375</ele>
        <time>2026-05-05T12:35:18.000Z</time>
        <extensions>
          <ns3:TrackPointExtension>
            <ns3:hr>133</ns3:hr>
            <ns3:cad>92</ns3:cad>
          </ns3:TrackPointExtension>
        </extensions>
      </trkpt>
      <trkpt lat="29.28007260896265506744384765625" lon="117.24700796417891979217529296875">
        <ele>60.59999847412109375</ele>
        <time>2026-05-05T12:35:19.000Z</time>
        <extensions>
          <ns3:TrackPointExtension>
            <ns3:hr>134</ns3:hr>
            <ns3:cad>91</ns3:cad>
          </ns3:TrackPointExtension>
        </extensions>
      </trkpt>
      <trkpt lat="29.28006472997367382049560546875" lon="117.24703319370746612548828125">
        <ele>60.59999847412109375</ele>
        <time>2026-05-05T12:35:20.000Z</time>
        <extensions>
          <ns3:TrackPointExtension>
            <ns3:hr>134</ns3:hr>
            <ns3:cad>91</ns3:cad>
          </ns3:TrackPointExtension>
        </extensions>
      </trkpt>
      <trkpt lat="29.28005567751824855804443359375" lon="117.2470687329769134521484375">
        <ele>60.59999847412109375</ele>
        <time>2026-05-05T12:35:21.000Z</time>
        <extensions>
          <ns3:TrackPointExtension>
            <ns3:hr>135</ns3:hr>
            <ns3:cad>91</ns3:cad>
          </ns3:TrackPointExtension>
        </extensions>
      </trkpt>
      <trkpt lat="29.28005106747150421142578125" lon="117.2470947168767452239990234375">
        <ele>60.59999847412109375</ele>
        <time>2026-05-05T12:35:22.000Z</time>
        <extensions>
          <ns3:TrackPointExtension>
            <ns3:hr>135</ns3:hr>
            <ns3:cad>91</ns3:cad>
          </ns3:TrackPointExtension>
        </extensions>
      </trkpt>
      <trkpt lat="29.28004796616733074188232421875" lon="117.2471282444894313812255859375">
        <ele>60.59999847412109375</ele>
        <time>2026-05-05T12:35:23.000Z</time>
        <extensions>
          <ns3:TrackPointExtension>
            <ns3:hr>135</ns3:hr>
            <ns3:cad>91</ns3:cad>
          </ns3:TrackPointExtension>
        </extensions>
      </trkpt>
      <trkpt lat="29.2800463736057281494140625" lon="117.24715883843600749969482421875">
        <ele>60.59999847412109375</ele>
        <time>2026-05-05T12:35:24.000Z</time>
        <extensions>
          <ns3:TrackPointExtension>
            <ns3:hr>135</ns3:hr>
            <ns3:cad>91</ns3:cad>
          </ns3:TrackPointExtension>
        </extensions>
      </trkpt>
      <trkpt lat="29.28004846908152103424072265625" lon="117.24718742072582244873046875">
        <ele>60.59999847412109375</ele>
        <time>2026-05-05T12:35:25.000Z</time>
        <extensions>
          <ns3:TrackPointExtension>
            <ns3:hr>135</ns3:hr>
            <ns3:cad>90</ns3:cad>
          </ns3:TrackPointExtension>
        </extensions>
      </trkpt>
      <trkpt lat="29.2800502292811870574951171875" lon="117.2472108900547027587890625">
        <ele>60.59999847412109375</ele>
        <time>2026-05-05T12:35:26.000Z</time>
        <extensions>
          <ns3:TrackPointExtension>
            <ns3:hr>135</ns3:hr>
            <ns3:cad>90</ns3:cad>
          </ns3:TrackPointExtension>
        </extensions>
      </trkpt>
      <trkpt lat="29.28005701862275600433349609375" lon="117.2472452558577060699462890625">
        <ele>60.59999847412109375</ele>
        <time>2026-05-05T12:35:27.000Z</time>
        <extensions>
          <ns3:TrackPointExtension>
            <ns3:hr>136</ns3:hr>
            <ns3:cad>90</ns3:cad>
          </ns3:TrackPointExtension>
        </extensions>
      </trkpt>
      <trkpt lat="29.2800616286695003509521484375" lon="117.24726629443466663360595703125">
        <ele>60.59999847412109375</ele>
        <time>2026-05-05T12:35:28.000Z</time>
        <extensions>
          <ns3:TrackPointExtension>
            <ns3:hr>136</ns3:hr>
            <ns3:cad>90</ns3:cad>
          </ns3:TrackPointExtension>
        </extensions>
      </trkpt>
      <trkpt lat="29.2800726927816867828369140625" lon="117.24729898385703563690185546875">
        <ele>60.59999847412109375</ele>
        <time>2026-05-05T12:35:29.000Z</time>
        <extensions>
          <ns3:TrackPointExtension>
            <ns3:hr>136</ns3:hr>
            <ns3:cad>90</ns3:cad>
          </ns3:TrackPointExtension>
        </extensions>
      </trkpt>
      <trkpt lat="29.28008182905614376068115234375" lon="117.24732211790978908538818359375">
        <ele>60.59999847412109375</ele>
        <time>2026-05-05T12:35:30.000Z</time>
        <extensions>
          <ns3:TrackPointExtension>
            <ns3:hr>136</ns3:hr>
            <ns3:cad>90</ns3:cad>
          </ns3:TrackPointExtension>
        </extensions>
      </trkpt>
      <trkpt lat="29.2800958268344402313232421875" lon="117.2473505325615406036376953125">
        <ele>60.59999847412109375</ele>
        <time>2026-05-05T12:35:31.000Z</time>
        <extensions>
          <ns3:TrackPointExtension>
            <ns3:hr>136</ns3:hr>
            <ns3:cad>90</ns3:cad>
          </ns3:TrackPointExtension>
        </extensions>
      </trkpt>
      <trkpt lat="29.28011083044111728668212890625" lon="117.2473753429949283599853515625">
        <ele>60.59999847412109375</ele>
        <time>2026-05-05T12:35:32.000Z</time>
        <extensions>
          <ns3:TrackPointExtension>
            <ns3:hr>137</ns3:hr>
            <ns3:cad>90</ns3:cad>
          </ns3:TrackPointExtension>
        </extensions>
      </trkpt>
      <trkpt lat="29.28012792952358722686767578125" lon="117.24740090779960155487060546875">
        <ele>60.59999847412109375</ele>
        <time>2026-05-05T12:35:33.000Z</time>
        <extensions>
          <ns3:TrackPointExtension>
            <ns3:hr>137</ns3:hr>
            <ns3:cad>90</ns3:cad>
          </ns3:TrackPointExtension>
        </extensions>
      </trkpt>
      <trkpt lat="29.28014838136732578277587890625" lon="117.2474239580333232879638671875">
        <ele>60.59999847412109375</ele>
        <time>2026-05-05T12:35:34.000Z</time>
        <extensions>
          <ns3:TrackPointExtension>
            <ns3:hr>137</ns3:hr>
            <ns3:cad>90</ns3:cad>
          </ns3:TrackPointExtension>
        </extensions>
      </trkpt>
      <trkpt lat="29.28016548044979572296142578125" lon="117.2474420629441738128662109375">
        <ele>60.59999847412109375</ele>
        <time>2026-05-05T12:35:35.000Z</time>
        <extensions>
          <ns3:TrackPointExtension>
            <ns3:hr>136</ns3:hr>
            <ns3:cad>90</ns3:cad>
          </ns3:TrackPointExtension>
        </extensions>
      </trkpt>
      <trkpt lat="29.2801927216351032257080078125" lon="117.24746477790176868438720703125">
        <ele>60.59999847412109375</ele>
        <time>2026-05-05T12:35:36.000Z</time>
        <extensions>
          <ns3:TrackPointExtension>
            <ns3:hr>137</ns3:hr>
            <ns3:cad>91</ns3:cad>
          </ns3:TrackPointExtension>
        </extensions>
      </trkpt>
      <trkpt lat="29.28020060062408447265625" lon="117.24747114814817905426025390625">
        <ele>60.59999847412109375</ele>
        <time>2026-05-05T12:35:37.000Z</time>
        <extensions>
          <ns3:TrackPointExtension>
            <ns3:hr>137</ns3:hr>
            <ns3:cad>91</ns3:cad>
          </ns3:TrackPointExtension>
        </extensions>
      </trkpt>
      <trkpt lat="29.280239157378673553466796875" lon="117.24749453365802764892578125">
        <ele>60.59999847412109375</ele>
        <time>2026-05-05T12:35:38.000Z</time>
        <extensions>
          <ns3:TrackPointExtension>
            <ns3:hr>136</ns3:hr>
            <ns3:cad>91</ns3:cad>
          </ns3:TrackPointExtension>
        </extensions>
      </trkpt>
      <trkpt lat="29.28024829365313053131103515625" lon="117.24749847315251827239990234375">
        <ele>60.59999847412109375</ele>
        <time>2026-05-05T12:35:39.000Z</time>
        <extensions>
          <ns3:TrackPointExtension>
            <ns3:hr>136</ns3:hr>
            <ns3:cad>91</ns3:cad>
          </ns3:TrackPointExtension>
        </extensions>
      </trkpt>
      <trkpt lat="29.2802876047790050506591796875" lon="117.24751406349241733551025390625">
        <ele>60.59999847412109375</ele>
        <time>2026-05-05T12:35:40.000Z</time>
        <extensions>
          <ns3:TrackPointExtension>
            <ns3:hr>136</ns3:hr>
            <ns3:cad>91</ns3:cad>
          </ns3:TrackPointExtension>
        </extensions>
      </trkpt>
      <trkpt lat="29.28030453622341156005859375" lon="117.247518002986907958984375">
        <ele>60.59999847412109375</ele>
        <time>2026-05-05T12:35:41.000Z</time>
        <extensions>
          <ns3:TrackPointExtension>
            <ns3:hr>136</ns3:hr>
            <ns3:cad>92</ns3:cad>
          </ns3:TrackPointExtension>
        </extensions>
      </trkpt>
      <trkpt lat="29.2803425900638103485107421875" lon="117.2475247085094451904296875">
        <ele>60.59999847412109375</ele>
        <time>2026-05-05T12:35:42.000Z</time>
        <extensions>
          <ns3:TrackPointExtension>
            <ns3:hr>135</ns3:hr>
            <ns3:cad>92</ns3:cad>
          </ns3:TrackPointExtension>
        </extensions>
      </trkpt>
      <trkpt lat="29.28035658784210681915283203125" lon="117.24752563051879405975341796875">
        <ele>60.59999847412109375</ele>
        <time>2026-05-05T12:35:43.000Z</time>
        <extensions>
          <ns3:TrackPointExtension>
            <ns3:hr>135</ns3:hr>
            <ns3:cad>92</ns3:cad>
          </ns3:TrackPointExtension>
        </extensions>
      </trkpt>
      <trkpt lat="29.2803985811769962310791015625" lon="117.24752479232847690582275390625">
        <ele>60.59999847412109375</ele>
        <time>2026-05-05T12:35:44.000Z</time>
        <extensions>
          <ns3:TrackPointExtension>
            <ns3:hr>134</ns3:hr>
            <ns3:cad>92</ns3:cad>
          </ns3:TrackPointExtension>
        </extensions>
      </trkpt>
      <trkpt lat="29.28041190840303897857666015625" lon="117.24752345122396945953369140625">
        <ele>60.59999847412109375</ele>
        <time>2026-05-05T12:35:45.000Z</time>
        <extensions>
          <ns3:TrackPointExtension>
            <ns3:hr>134</ns3:hr>
            <ns3:cad>92</ns3:cad>
          </ns3:TrackPointExtension>
        </extensions>
      </trkpt>
      <trkpt lat="29.28045381791889667510986328125" lon="117.24751406349241733551025390625">
        <ele>60.59999847412109375</ele>
        <time>2026-05-05T12:35:46.000Z</time>
        <extensions>
          <ns3:TrackPointExtension>
            <ns3:hr>134</ns3:hr>
            <ns3:cad>92</ns3:cad>
          </ns3:TrackPointExtension>
        </extensions>
      </trkpt>
      <trkpt lat="29.28046421147882938385009765625" lon="117.2475112974643707275390625">
        <ele>60.59999847412109375</ele>
        <time>2026-05-05T12:35:47.000Z</time>
        <extensions>
          <ns3:TrackPointExtension>
            <ns3:hr>133</ns3:hr>
            <ns3:cad>92</ns3:cad>
          </ns3:TrackPointExtension>
        </extensions>
      </trkpt>
      <trkpt lat="29.28050058893859386444091796875" lon="117.24749579094350337982177734375">
        <ele>60.59999847412109375</ele>
        <time>2026-05-05T12:35:48.000Z</time>
        <extensions>
          <ns3:TrackPointExtension>
            <ns3:hr>133</ns3:hr>
            <ns3:cad>92</ns3:cad>
          </ns3:TrackPointExtension>
        </extensions>
      </trkpt>
      <trkpt lat="29.28051165305078029632568359375" lon="117.2474906779825687408447265625">
        <ele>60.59999847412109375</ele>
        <time>2026-05-05T12:35:49.000Z</time>
        <extensions>
          <ns3:TrackPointExtension>
            <ns3:hr>133</ns3:hr>
            <ns3:cad>92</ns3:cad>
          </ns3:TrackPointExtension>
        </extensions>
      </trkpt>
      <trkpt lat="29.28053881041705608367919921875" lon="117.24747315980494022369384765625">
        <ele>60.59999847412109375</ele>
        <time>2026-05-05T12:35:50.000Z</time>
        <extensions>
          <ns3:TrackPointExtension>
            <ns3:hr>134</ns3:hr>
            <ns3:cad>92</ns3:cad>
          </ns3:TrackPointExtension>
        </extensions>
      </trkpt>
      <trkpt lat="29.28055557422339916229248046875" lon="117.24746125750243663787841796875">
        <ele>60.59999847412109375</ele>
        <time>2026-05-05T12:35:51.000Z</time>
        <extensions>
          <ns3:TrackPointExtension>
            <ns3:hr>133</ns3:hr>
            <ns3:cad>91</ns3:cad>
          </ns3:TrackPointExtension>
        </extensions>
      </trkpt>
      <trkpt lat="29.2805779539048671722412109375" lon="117.2474415600299835205078125">
        <ele>60.59999847412109375</ele>
        <time>2026-05-05T12:35:52.000Z</time>
        <extensions>
          <ns3:TrackPointExtension>
            <ns3:hr>134</ns3:hr>
            <ns3:cad>91</ns3:cad>
          </ns3:TrackPointExtension>
        </extensions>
      </trkpt>
      <trkpt lat="29.28058926947414875030517578125" lon="117.24743141792714595794677734375">
        <ele>60.59999847412109375</ele>
        <time>2026-05-05T12:35:53.000Z</time>
        <extensions>
          <ns3:TrackPointExtension>
            <ns3:hr>134</ns3:hr>
            <ns3:cad>90</ns3:cad>
          </ns3:TrackPointExtension>
        </extensions>
      </trkpt>
      <trkpt lat="29.280613325536251068115234375" lon="117.24740677513182163238525390625">
        <ele>60.59999847412109375</ele>
        <time>2026-05-05T12:35:54.000Z</time>
        <extensions>
          <ns3:TrackPointExtension>
            <ns3:hr>134</ns3:hr>
            <ns3:cad>90</ns3:cad>
          </ns3:TrackPointExtension>
        </extensions>
      </trkpt>
      <trkpt lat="29.28062581457197666168212890625" lon="117.24739403463900089263916015625">
        <ele>60.59999847412109375</ele>
        <time>2026-05-05T12:35:55.000Z</time>
        <extensions>
          <ns3:TrackPointExtension>
            <ns3:hr>134</ns3:hr>
            <ns3:cad>90</ns3:cad>
          </ns3:TrackPointExtension>
        </extensions>
      </trkpt>
      <trkpt lat="29.2806498706340789794921875" lon="117.247369475662708282470703125">
        <ele>60.59999847412109375</ele>
        <time>2026-05-05T12:35:56.000Z</time>
        <extensions>
          <ns3:TrackPointExtension>
            <ns3:hr>133</ns3:hr>
            <ns3:cad>90</ns3:cad>
          </ns3:TrackPointExtension>
        </extensions>
      </trkpt>
      <trkpt lat="29.2806641198694705963134765625" lon="117.24735497497022151947021484375">
        <ele>60.59999847412109375</ele>
        <time>2026-05-05T12:35:57.000Z</time>
        <extensions>
          <ns3:TrackPointExtension>
            <ns3:hr>133</ns3:hr>
            <ns3:cad>91</ns3:cad>
          </ns3:TrackPointExtension>
        </extensions>
      </trkpt>
      <trkpt lat="29.2806879244744777679443359375" lon="117.2473307512700557708740234375">
        <ele>60.59999847412109375</ele>
        <time>2026-05-05T12:35:58.000Z</time>
        <extensions>
          <ns3:TrackPointExtension>
            <ns3:hr>133</ns3:hr>
            <ns3:cad>91</ns3:cad>
          </ns3:TrackPointExtension>
        </extensions>
      </trkpt>
      <trkpt lat="29.2807033471763134002685546875" lon="117.2473149932920932769775390625">
        <ele>60.59999847412109375</ele>
        <time>2026-05-05T12:35:59.000Z</time>
        <extensions>
          <ns3:TrackPointExtension>
            <ns3:hr>134</ns3:hr>
            <ns3:cad>91</ns3:cad>
          </ns3:TrackPointExtension>
        </extensions>
      </trkpt>
      <trkpt lat="29.28072656504809856414794921875" lon="117.24729127250611782073974609375">
        <ele>60.59999847412109375</ele>
        <time>2026-05-05T12:36:00.000Z</time>
        <extensions>
          <ns3:TrackPointExtension>
            <ns3:hr>133</ns3:hr>
            <ns3:cad>91</ns3:cad>
          </ns3:TrackPointExtension>
        </extensions>
      </trkpt>
      <trkpt lat="29.28074265830218791961669921875" lon="117.24727484397590160369873046875">
        <ele>60.59999847412109375</ele>
        <time>2026-05-05T12:36:01.000Z</time>
        <extensions>
          <ns3:TrackPointExtension>
            <ns3:hr>133</ns3:hr>
            <ns3:cad>92</ns3:cad>
          </ns3:TrackPointExtension>
        </extensions>
      </trkpt>
      <trkpt lat="29.280762858688831329345703125" lon="117.24725422449409961700439453125">
        <ele>60.59999847412109375</ele>
        <time>2026-05-05T12:36:02.000Z</time>
        <extensions>
          <ns3:TrackPointExtension>
            <ns3:hr>134</ns3:hr>
            <ns3:cad>92</ns3:cad>
          </ns3:TrackPointExtension>
        </extensions>
      </trkpt>
      <trkpt lat="29.28078331053256988525390625" lon="117.247233353555202484130859375">
        <ele>60.59999847412109375</ele>
        <time>2026-05-05T12:36:03.000Z</time>
        <extensions>
          <ns3:TrackPointExtension>
            <ns3:hr>134</ns3:hr>
            <ns3:cad>91</ns3:cad>
          </ns3:TrackPointExtension>
        </extensions>
      </trkpt>
      <trkpt lat="29.2808022536337375640869140625" lon="117.2472140751779079437255859375">
        <ele>60.59999847412109375</ele>
        <time>2026-05-05T12:36:04.000Z</time>
        <extensions>
          <ns3:TrackPointExtension>
            <ns3:hr>133</ns3:hr>
            <ns3:cad>91</ns3:cad>
          </ns3:TrackPointExtension>
        </extensions>
      </trkpt>
      <trkpt lat="29.2808268964290618896484375" lon="117.24718884564936161041259765625">
        <ele>60.59999847412109375</ele>
        <time>2026-05-05T12:36:05.000Z</time>
        <extensions>
          <ns3:TrackPointExtension>
            <ns3:hr>133</ns3:hr>
            <ns3:cad>92</ns3:cad>
          </ns3:TrackPointExtension>
        </extensions>
      </trkpt>
      <trkpt lat="29.2808391340076923370361328125" lon="117.24717644043266773223876953125">
        <ele>60.59999847412109375</ele>
        <time>2026-05-05T12:36:06.000Z</time>
        <extensions>
          <ns3:TrackPointExtension>
            <ns3:hr>133</ns3:hr>
            <ns3:cad>92</ns3:cad>
          </ns3:TrackPointExtension>
        </extensions>
      </trkpt>
      <trkpt lat="29.28086805157363414764404296875" lon="117.247146852314472198486328125">
        <ele>60.59999847412109375</ele>
        <time>2026-05-05T12:36:07.000Z</time>
        <extensions>
          <ns3:TrackPointExtension>
            <ns3:hr>133</ns3:hr>
            <ns3:cad>92</ns3:cad>
          </ns3:TrackPointExtension>
        </extensions>
      </trkpt>
      <trkpt lat="29.28088079206645488739013671875" lon="117.24713386036455631256103515625">
        <ele>60.59999847412109375</ele>
        <time>2026-05-05T12:36:08.000Z</time>
        <extensions>
          <ns3:TrackPointExtension>
            <ns3:hr>134</ns3:hr>
            <ns3:cad>92</ns3:cad>
          </ns3:TrackPointExtension>
        </extensions>
      </trkpt>
      <trkpt lat="29.28090878762304782867431640625" lon="117.24710536189377307891845703125">
        <ele>60.59999847412109375</ele>
        <time>2026-05-05T12:36:09.000Z</time>
        <extensions>
          <ns3:TrackPointExtension>
            <ns3:hr>133</ns3:hr>
            <ns3:cad>92</ns3:cad>
          </ns3:TrackPointExtension>
        </extensions>
      </trkpt>
      <trkpt lat="29.28092068992555141448974609375" lon="117.247093208134174346923828125">
        <ele>60.59999847412109375</ele>
        <time>2026-05-05T12:36:10.000Z</time>
        <extensions>
          <ns3:TrackPointExtension>
            <ns3:hr>132</ns3:hr>
            <ns3:cad>91</ns3:cad>
          </ns3:TrackPointExtension>
        </extensions>
      </trkpt>
      <trkpt lat="29.28094784729182720184326171875" lon="117.2470655478537082672119140625">
        <ele>60.59999847412109375</ele>
        <time>2026-05-05T12:36:11.000Z</time>
        <extensions>
          <ns3:TrackPointExtension>
            <ns3:hr>132</ns3:hr>
            <ns3:cad>91</ns3:cad>
          </ns3:TrackPointExtension>
        </extensions>
      </trkpt>
      <trkpt lat="29.2809618450701236724853515625" lon="117.2470511309802532196044921875">
        <ele>60.59999847412109375</ele>
        <time>2026-05-05T12:36:12.000Z</time>
        <extensions>
          <ns3:TrackPointExtension>
            <ns3:hr>132</ns3:hr>
            <ns3:cad>90</ns3:cad>
          </ns3:TrackPointExtension>
        </extensions>
      </trkpt>
      <trkpt lat="29.2809806205332279205322265625" lon="117.2470320202410221099853515625">
        <ele>60.59999847412109375</ele>
        <time>2026-05-05T12:36:13.000Z</time>
        <extensions>
          <ns3:TrackPointExtension>
            <ns3:hr>132</ns3:hr>
            <ns3:cad>90</ns3:cad>
          </ns3:TrackPointExtension>
        </extensions>
      </trkpt>
      <trkpt lat="29.2810012400150299072265625" lon="117.24701098166406154632568359375">
        <ele>60.59999847412109375</ele>
        <time>2026-05-05T12:36:14.000Z</time>
        <extensions>
          <ns3:TrackPointExtension>
            <ns3:hr>132</ns3:hr>
            <ns3:cad>90</ns3:cad>
          </ns3:TrackPointExtension>
        </extensions>
      </trkpt>
      <trkpt lat="29.28102714009582996368408203125" lon="117.24698449485003948211669921875">
        <ele>60.59999847412109375</ele>
        <time>2026-05-05T12:36:15.000Z</time>
        <extensions>
          <ns3:TrackPointExtension>
            <ns3:hr>132</ns3:hr>
            <ns3:cad>90</ns3:cad>
          </ns3:TrackPointExtension>
        </extensions>
      </trkpt>
      <trkpt lat="29.28104574792087078094482421875" lon="117.24696555174887180328369140625">
        <ele>60.59999847412109375</ele>
        <time>2026-05-05T12:36:16.000Z</time>
        <extensions>
          <ns3:TrackPointExtension>
            <ns3:hr>132</ns3:hr>
            <ns3:cad>91</ns3:cad>
          </ns3:TrackPointExtension>
        </extensions>
      </trkpt>
      <trkpt lat="29.2810642719268798828125" lon="117.24694660864770412445068359375">
        <ele>60.59999847412109375</ele>
        <time>2026-05-05T12:36:17.000Z</time>
        <extensions>
          <ns3:TrackPointExtension>
            <ns3:hr>132</ns3:hr>
            <ns3:cad>92</ns3:cad>
          </ns3:TrackPointExtension>
        </extensions>
      </trkpt>
      <trkpt lat="29.28108480758965015411376953125" lon="117.24692565388977527618408203125">
        <ele>60.59999847412109375</ele>
        <time>2026-05-05T12:36:18.000Z</time>
        <extensions>
          <ns3:TrackPointExtension>
            <ns3:hr>132</ns3:hr>
            <ns3:cad>92</ns3:cad>
          </ns3:TrackPointExtension>
        </extensions>
      </trkpt>
      <trkpt lat="29.28110945038497447967529296875" lon="117.2469005919992923736572265625">
        <ele>60.59999847412109375</ele>
        <time>2026-05-05T12:36:19.000Z</time>
        <extensions>
          <ns3:TrackPointExtension>
            <ns3:hr>131</ns3:hr>
            <ns3:cad>92</ns3:cad>
          </ns3:TrackPointExtension>
        </extensions>
      </trkpt>
      <trkpt lat="29.2811257950961589813232421875" lon="117.24688391201198101043701171875">
        <ele>60.59999847412109375</ele>
        <time>2026-05-05T12:36:20.000Z</time>
        <extensions>
          <ns3:TrackPointExtension>
            <ns3:hr>131</ns3:hr>
            <ns3:cad>92</ns3:cad>
          </ns3:TrackPointExtension>
        </extensions>
      </trkpt>
      <trkpt lat="29.28114700131118297576904296875" lon="117.24686228670179843902587890625">
        <ele>60.59999847412109375</ele>
        <time>2026-05-05T12:36:21.000Z</time>
        <extensions>
          <ns3:TrackPointExtension>
            <ns3:hr>131</ns3:hr>
            <ns3:cad>92</ns3:cad>
          </ns3:TrackPointExtension>
        </extensions>
      </trkpt>
      <trkpt lat="29.281163178384304046630859375" lon="117.24684569053351879119873046875">
        <ele>60.59999847412109375</ele>
        <time>2026-05-05T12:36:22.000Z</time>
        <extensions>
          <ns3:TrackPointExtension>
            <ns3:hr>131</ns3:hr>
            <ns3:cad>92</ns3:cad>
          </ns3:TrackPointExtension>
        </extensions>
      </trkpt>
      <trkpt lat="29.28118430078029632568359375" lon="117.24682138301432132720947265625">
        <ele>60.59999847412109375</ele>
        <time>2026-05-05T12:36:23.000Z</time>
        <extensions>
          <ns3:TrackPointExtension>
            <ns3:hr>131</ns3:hr>
            <ns3:cad>92</ns3:cad>
          </ns3:TrackPointExtension>
        </extensions>
      </trkpt>
      <trkpt lat="29.2811997234821319580078125" lon="117.2468030266463756561279296875">
        <ele>60.59999847412109375</ele>
        <time>2026-05-05T12:36:24.000Z</time>
        <extensions>
          <ns3:TrackPointExtension>
            <ns3:hr>131</ns3:hr>
            <ns3:cad>92</ns3:cad>
          </ns3:TrackPointExtension>
        </extensions>
      </trkpt>
      <trkpt lat="29.28122243843972682952880859375" lon="117.24676723591983318328857421875">
        <ele>60.59999847412109375</ele>
        <time>2026-05-05T12:36:25.000Z</time>
        <extensions>
          <ns3:TrackPointExtension>
            <ns3:hr>131</ns3:hr>
            <ns3:cad>91</ns3:cad>
          </ns3:TrackPointExtension>
        </extensions>
      </trkpt>
      <trkpt lat="29.2812253721058368682861328125" lon="117.24676254205405712127685546875">
        <ele>60.59999847412109375</ele>
        <time>2026-05-05T12:36:26.000Z</time>
        <extensions>
          <ns3:TrackPointExtension>
            <ns3:hr>131</ns3:hr>
            <ns3:cad>91</ns3:cad>
          </ns3:TrackPointExtension>
        </extensions>
      </trkpt>
      <trkpt lat="29.28124305792152881622314453125" lon="117.24672465585172176361083984375">
        <ele>60.59999847412109375</ele>
        <time>2026-05-05T12:36:27.000Z</time>
        <extensions>
          <ns3:TrackPointExtension>
            <ns3:hr>131</ns3:hr>
            <ns3:cad>90</ns3:cad>
          </ns3:TrackPointExtension>
        </extensions>
      </trkpt>
      <trkpt lat="29.28124808706343173980712890625" lon="117.24671359173953533172607421875">
        <ele>60.59999847412109375</ele>
        <time>2026-05-05T12:36:28.000Z</time>
        <extensions>
          <ns3:TrackPointExtension>
            <ns3:hr>132</ns3:hr>
            <ns3:cad>90</ns3:cad>
          </ns3:TrackPointExtension>
        </extensions>
      </trkpt>
      <trkpt lat="29.2812629230320453643798828125" lon="117.2466662339866161346435546875">
        <ele>60.59999847412109375</ele>
        <time>2026-05-05T12:36:29.000Z</time>
        <extensions>
          <ns3:TrackPointExtension>
            <ns3:hr>131</ns3:hr>
            <ns3:cad>90</ns3:cad>
          </ns3:TrackPointExtension>
        </extensions>
      </trkpt>
      <trkpt lat="29.281265437602996826171875" lon="117.24665366113185882568359375">
        <ele>60.59999847412109375</ele>
        <time>2026-05-05T12:36:30.000Z</time>
        <extensions>
          <ns3:TrackPointExtension>
            <ns3:hr>131</ns3:hr>
            <ns3:cad>90</ns3:cad>
          </ns3:TrackPointExtension>
        </extensions>
      </trkpt>
      <trkpt lat="29.28127289749681949615478515625" lon="117.24661116488277912139892578125">
        <ele>60.59999847412109375</ele>
        <time>2026-05-05T12:36:31.000Z</time>
        <extensions>
          <ns3:TrackPointExtension>
            <ns3:hr>131</ns3:hr>
            <ns3:cad>90</ns3:cad>
          </ns3:TrackPointExtension>
        </extensions>
      </trkpt>
      <trkpt lat="29.28127356804907321929931640625" lon="117.24659733474254608154296875">
        <ele>60.59999847412109375</ele>
        <time>2026-05-05T12:36:32.000Z</time>
        <extensions>
          <ns3:TrackPointExtension>
            <ns3:hr>131</ns3:hr>
            <ns3:cad>89</ns3:cad>
          </ns3:TrackPointExtension>
        </extensions>
      </trkpt>
      <trkpt lat="29.28127549588680267333984375" lon="117.24656020291149616241455078125">
        <ele>60.59999847412109375</ele>
        <time>2026-05-05T12:36:33.000Z</time>
        <extensions>
          <ns3:TrackPointExtension>
            <ns3:hr>131</ns3:hr>
            <ns3:cad>88</ns3:cad>
          </ns3:TrackPointExtension>
        </extensions>
      </trkpt>
      <trkpt lat="29.28127440623939037322998046875" lon="117.2465430200099945068359375">
        <ele>60.59999847412109375</ele>
        <time>2026-05-05T12:36:34.000Z</time>
        <extensions>
          <ns3:TrackPointExtension>
            <ns3:hr>131</ns3:hr>
            <ns3:cad>88</ns3:cad>
          </ns3:TrackPointExtension>
        </extensions>
      </trkpt>
      <trkpt lat="29.281270802021026611328125" lon="117.2465012781322002410888671875">
        <ele>60.59999847412109375</ele>
        <time>2026-05-05T12:36:35.000Z</time>
        <extensions>
          <ns3:TrackPointExtension>
            <ns3:hr>132</ns3:hr>
            <ns3:cad>89</ns3:cad>
          </ns3:TrackPointExtension>
        </extensions>
      </trkpt>
      <trkpt lat="29.2812672816216945648193359375" lon="117.2464841790497303009033203125">
        <ele>60.59999847412109375</ele>
        <time>2026-05-05T12:36:36.000Z</time>
        <extensions>
          <ns3:TrackPointExtension>
            <ns3:hr>132</ns3:hr>
            <ns3:cad>89</ns3:cad>
          </ns3:TrackPointExtension>
        </extensions>
      </trkpt>
      <trkpt lat="29.28125697188079357147216796875" lon="117.24644151516258716583251953125">
        <ele>60.59999847412109375</ele>
        <time>2026-05-05T12:36:37.000Z</time>
        <extensions>
          <ns3:TrackPointExtension>
            <ns3:hr>133</ns3:hr>
            <ns3:cad>89</ns3:cad>
          </ns3:TrackPointExtension>
        </extensions>
      </trkpt>
      <trkpt lat="29.2812545411288738250732421875" lon="117.24643430672585964202880859375">
        <ele>60.59999847412109375</ele>
        <time>2026-05-05T12:36:38.000Z</time>
        <extensions>
          <ns3:TrackPointExtension>
            <ns3:hr>134</ns3:hr>
            <ns3:cad>89</ns3:cad>
          </ns3:TrackPointExtension>
        </extensions>
      </trkpt>
      <trkpt lat="29.28123928606510162353515625" lon="117.24639390595257282257080078125">
        <ele>60.59999847412109375</ele>
        <time>2026-05-05T12:36:39.000Z</time>
        <extensions>
          <ns3:TrackPointExtension>
            <ns3:hr>134</ns3:hr>
            <ns3:cad>90</ns3:cad>
          </ns3:TrackPointExtension>
        </extensions>
      </trkpt>
      <trkpt lat="29.28123400546610355377197265625" lon="117.24638300947844982147216796875">
        <ele>60.59999847412109375</ele>
        <time>2026-05-05T12:36:40.000Z</time>
        <extensions>
          <ns3:TrackPointExtension>
            <ns3:hr>134</ns3:hr>
            <ns3:cad>90</ns3:cad>
          </ns3:TrackPointExtension>
        </extensions>
      </trkpt>
      <trkpt lat="29.28121154196560382843017578125" lon="117.246342860162258148193359375">
        <ele>60.59999847412109375</ele>
        <time>2026-05-05T12:36:41.000Z</time>
        <extensions>
          <ns3:TrackPointExtension>
            <ns3:hr>133</ns3:hr>
            <ns3:cad>90</ns3:cad>
          </ns3:TrackPointExtension>
        </extensions>
      </trkpt>
      <trkpt lat="29.28120383061468601226806640625" lon="117.24633137695491313934326171875">
        <ele>60.59999847412109375</ele>
        <time>2026-05-05T12:36:42.000Z</time>
        <extensions>
          <ns3:TrackPointExtension>
            <ns3:hr>134</ns3:hr>
            <ns3:cad>90</ns3:cad>
          </ns3:TrackPointExtension>
        </extensions>
      </trkpt>
      <trkpt lat="29.2811770923435688018798828125" lon="117.2462975978851318359375">
        <ele>60.59999847412109375</ele>
        <time>2026-05-05T12:36:43.000Z</time>
        <extensions>
          <ns3:TrackPointExtension>
            <ns3:hr>133</ns3:hr>
            <ns3:cad>90</ns3:cad>
          </ns3:TrackPointExtension>
        </extensions>
      </trkpt>
      <trkpt lat="29.28117449395358562469482421875" lon="117.24629466421902179718017578125">
        <ele>60.59999847412109375</ele>
        <time>2026-05-05T12:36:44.000Z</time>
        <extensions>
          <ns3:TrackPointExtension>
            <ns3:hr>133</ns3:hr>
            <ns3:cad>90</ns3:cad>
          </ns3:TrackPointExtension>
        </extensions>
      </trkpt>
      <trkpt lat="29.28114113397896289825439453125" lon="117.246262729167938232421875">
        <ele>60.59999847412109375</ele>
        <time>2026-05-05T12:36:45.000Z</time>
        <extensions>
          <ns3:TrackPointExtension>
            <ns3:hr>133</ns3:hr>
            <ns3:cad>90</ns3:cad>
          </ns3:TrackPointExtension>
        </extensions>
      </trkpt>
      <trkpt lat="29.28113727830350399017333984375" lon="117.2462595440447330474853515625">
        <ele>60.59999847412109375</ele>
        <time>2026-05-05T12:36:46.000Z</time>
        <extensions>
          <ns3:TrackPointExtension>
            <ns3:hr>133</ns3:hr>
            <ns3:cad>90</ns3:cad>
          </ns3:TrackPointExtension>
        </extensions>
      </trkpt>
      <trkpt lat="29.28110090084373950958251953125" lon="117.2462340630590915679931640625">
        <ele>60.59999847412109375</ele>
        <time>2026-05-05T12:36:47.000Z</time>
        <extensions>
          <ns3:TrackPointExtension>
            <ns3:hr>134</ns3:hr>
            <ns3:cad>90</ns3:cad>
          </ns3:TrackPointExtension>
        </extensions>
      </trkpt>
      <trkpt lat="29.28109520114958286285400390625" lon="117.24623062647879123687744140625">
        <ele>60.59999847412109375</ele>
        <time>2026-05-05T12:36:48.000Z</time>
        <extensions>
          <ns3:TrackPointExtension>
            <ns3:hr>133</ns3:hr>
            <ns3:cad>90</ns3:cad>
          </ns3:TrackPointExtension>
        </extensions>
      </trkpt>
      <trkpt lat="29.28105832077562808990478515625" lon="117.24621285684406757354736328125">
        <ele>60.59999847412109375</ele>
        <time>2026-05-05T12:36:49.000Z</time>
        <extensions>
          <ns3:TrackPointExtension>
            <ns3:hr>133</ns3:hr>
            <ns3:cad>90</ns3:cad>
          </ns3:TrackPointExtension>
        </extensions>
      </trkpt>
      <trkpt lat="29.281053878366947174072265625" lon="117.24621101282536983489990234375">
        <ele>60.59999847412109375</ele>
        <time>2026-05-05T12:36:50.000Z</time>
        <extensions>
          <ns3:TrackPointExtension>
            <ns3:hr>134</ns3:hr>
            <ns3:cad>89</ns3:cad>
          </ns3:TrackPointExtension>
        </extensions>
      </trkpt>
      <trkpt lat="29.28101037628948688507080078125" lon="117.246198020875453948974609375">
        <ele>60.59999847412109375</ele>
        <time>2026-05-05T12:36:51.000Z</time>
        <extensions>
          <ns3:TrackPointExtension>
            <ns3:hr>134</ns3:hr>
            <ns3:cad>89</ns3:cad>
          </ns3:TrackPointExtension>
        </extensions>
      </trkpt>
      <trkpt lat="29.2810012400150299072265625" lon="117.2461958415806293487548828125">
        <ele>60.59999847412109375</ele>
        <time>2026-05-05T12:36:52.000Z</time>
        <extensions>
          <ns3:TrackPointExtension>
            <ns3:hr>134</ns3:hr>
            <ns3:cad>89</ns3:cad>
          </ns3:TrackPointExtension>
        </extensions>
      </trkpt>
      <trkpt lat="29.28096042014658451080322265625" lon="117.2461916506290435791015625">
        <ele>60.59999847412109375</ele>
        <time>2026-05-05T12:36:53.000Z</time>
        <extensions>
          <ns3:TrackPointExtension>
            <ns3:hr>134</ns3:hr>
            <ns3:cad>89</ns3:cad>
          </ns3:TrackPointExtension>
        </extensions>
      </trkpt>
      <trkpt lat="29.280947931110858917236328125" lon="117.2461908124387264251708984375">
        <ele>60.59999847412109375</ele>
        <time>2026-05-05T12:36:54.000Z</time>
        <extensions>
          <ns3:TrackPointExtension>
            <ns3:hr>135</ns3:hr>
            <ns3:cad>89</ns3:cad>
          </ns3:TrackPointExtension>
        </extensions>
      </trkpt>
      <trkpt lat="29.28090392611920833587646484375" lon="117.24619475193321704864501953125">
        <ele>60.59999847412109375</ele>
        <time>2026-05-05T12:36:55.000Z</time>
        <extensions>
          <ns3:TrackPointExtension>
            <ns3:hr>135</ns3:hr>
            <ns3:cad>90</ns3:cad>
          </ns3:TrackPointExtension>
        </extensions>
      </trkpt>
      <trkpt lat="29.28089235909283161163330078125" lon="117.24619709886610507965087890625">
        <ele>60.59999847412109375</ele>
        <time>2026-05-05T12:36:56.000Z</time>
        <extensions>
          <ns3:TrackPointExtension>
            <ns3:hr>135</ns3:hr>
            <ns3:cad>90</ns3:cad>
          </ns3:TrackPointExtension>
        </extensions>
      </trkpt>
      <trkpt lat="29.28085681982338428497314453125" lon="117.24620648659765720367431640625">
        <ele>60.59999847412109375</ele>
        <time>2026-05-05T12:36:57.000Z</time>
        <extensions>
          <ns3:TrackPointExtension>
            <ns3:hr>136</ns3:hr>
            <ns3:cad>90</ns3:cad>
          </ns3:TrackPointExtension>
        </extensions>
      </trkpt>
      <trkpt lat="29.280841313302516937255859375" lon="117.24621302448213100433349609375">
        <ele>60.59999847412109375</ele>
        <time>2026-05-05T12:36:58.000Z</time>
        <extensions>
          <ns3:TrackPointExtension>
            <ns3:hr>136</ns3:hr>
            <ns3:cad>90</ns3:cad>
          </ns3:TrackPointExtension>
        </extensions>
      </trkpt>
      <trkpt lat="29.2808096297085285186767578125" lon="117.2462273575365543365478515625">
        <ele>60.59999847412109375</ele>
        <time>2026-05-05T12:36:59.000Z</time>
        <extensions>
          <ns3:TrackPointExtension>
            <ns3:hr>136</ns3:hr>
            <ns3:cad>90</ns3:cad>
          </ns3:TrackPointExtension>
        </extensions>
      </trkpt>
      <trkpt lat="29.28078976459801197052001953125" lon="117.24624018184840679168701171875">
        <ele>60.59999847412109375</ele>
        <time>2026-05-05T12:37:00.000Z</time>
        <extensions>
          <ns3:TrackPointExtension>
            <ns3:hr>136</ns3:hr>
            <ns3:cad>90</ns3:cad>
          </ns3:TrackPointExtension>
        </extensions>
      </trkpt>
      <trkpt lat="29.28076897747814655303955078125" lon="117.24625409580767154693603515625">
        <ele>60.59999847412109375</ele>
        <time>2026-05-05T12:37:01.000Z</time>
        <extensions>
          <ns3:TrackPointExtension>
            <ns3:hr>136</ns3:hr>
            <ns3:cad>90</ns3:cad>
          </ns3:TrackPointExtension>
        </extensions>
      </trkpt>
      <trkpt lat="29.28075053729116916656494140625" lon="117.24627035669982433319091796875">
        <ele>60.59999847412109375</ele>
        <time>2026-05-05T12:37:02.000Z</time>
        <extensions>
          <ns3:TrackPointExtension>
            <ns3:hr>136</ns3:hr>
            <ns3:cad>92</ns3:cad>
          </ns3:TrackPointExtension>
        </extensions>
      </trkpt>
      <trkpt lat="29.280726648867130279541015625" lon="117.2462924011051654815673828125">
        <ele>60.59999847412109375</ele>
        <time>2026-05-05T12:37:03.000Z</time>
        <extensions>
          <ns3:TrackPointExtension>
            <ns3:hr>136</ns3:hr>
            <ns3:cad>92</ns3:cad>
          </ns3:TrackPointExtension>
        </extensions>
      </trkpt>
      <trkpt lat="29.28070561029016971588134765625" lon="117.24631394259631633758544921875">
        <ele>60.59999847412109375</ele>
        <time>2026-05-05T12:37:04.000Z</time>
        <extensions>
          <ns3:TrackPointExtension>
            <ns3:hr>136</ns3:hr>
            <ns3:cad>92</ns3:cad>
          </ns3:TrackPointExtension>
        </extensions>
      </trkpt>
      <trkpt lat="29.28068549372255802154541015625" lon="117.24633439444005489349365234375">
        <ele>60.59999847412109375</ele>
        <time>2026-05-05T12:37:05.000Z</time>
        <extensions>
          <ns3:TrackPointExtension>
            <ns3:hr>137</ns3:hr>
            <ns3:cad>92</ns3:cad>
          </ns3:TrackPointExtension>
        </extensions>
      </trkpt>
      <trkpt lat="29.28066235966980457305908203125" lon="117.24635803140699863433837890625">
        <ele>60.59999847412109375</ele>
        <time>2026-05-05T12:37:06.000Z</time>
        <extensions>
          <ns3:TrackPointExtension>
            <ns3:hr>137</ns3:hr>
            <ns3:cad>92</ns3:cad>
          </ns3:TrackPointExtension>
        </extensions>
      </trkpt>
      <trkpt lat="29.28064308129251003265380859375" lon="117.246377728879451751708984375">
        <ele>60.59999847412109375</ele>
        <time>2026-05-05T12:37:07.000Z</time>
        <extensions>
          <ns3:TrackPointExtension>
            <ns3:hr>137</ns3:hr>
            <ns3:cad>92</ns3:cad>
          </ns3:TrackPointExtension>
        </extensions>
      </trkpt>
      <trkpt lat="29.280626736581325531005859375" lon="117.2463943250477313995361328125">
        <ele>60.59999847412109375</ele>
        <time>2026-05-05T12:37:08.000Z</time>
        <extensions>
          <ns3:TrackPointExtension>
            <ns3:hr>137</ns3:hr>
            <ns3:cad>92</ns3:cad>
          </ns3:TrackPointExtension>
        </extensions>
      </trkpt>
      <trkpt lat="29.28061391226947307586669921875" lon="117.24640748463571071624755859375">
        <ele>60.59999847412109375</ele>
        <time>2026-05-05T12:37:09.000Z</time>
        <extensions>
          <ns3:TrackPointExtension>
            <ns3:hr>136</ns3:hr>
            <ns3:cad>92</ns3:cad>
          </ns3:TrackPointExtension>
        </extensions>
      </trkpt>
      <trkpt lat="29.28058960475027561187744140625" lon="117.2464322112500667572021484375">
        <ele>60.59999847412109375</ele>
        <time>2026-05-05T12:37:10.000Z</time>
        <extensions>
          <ns3:TrackPointExtension>
            <ns3:hr>136</ns3:hr>
            <ns3:cad>91</ns3:cad>
          </ns3:TrackPointExtension>
        </extensions>
      </trkpt>
      <trkpt lat="29.280579127371311187744140625" lon="117.2464429400861263275146484375">
        <ele>60.59999847412109375</ele>
        <time>2026-05-05T12:37:11.000Z</time>
        <extensions>
          <ns3:TrackPointExtension>
            <ns3:hr>136</ns3:hr>
            <ns3:cad>91</ns3:cad>
          </ns3:TrackPointExtension>
        </extensions>
      </trkpt>
      <trkpt lat="29.28055205382406711578369140625" lon="117.24647051654756069183349609375">
        <ele>60.59999847412109375</ele>
        <time>2026-05-05T12:37:12.000Z</time>
        <extensions>
          <ns3:TrackPointExtension>
            <ns3:hr>137</ns3:hr>
            <ns3:cad>91</ns3:cad>
          </ns3:TrackPointExtension>
        </extensions>
      </trkpt>
      <trkpt lat="29.2805400677025318145751953125" lon="117.2464828379452228546142578125">
        <ele>60.59999847412109375</ele>
        <time>2026-05-05T12:37:13.000Z</time>
        <extensions>
          <ns3:TrackPointExtension>
            <ns3:hr>136</ns3:hr>
            <ns3:cad>91</ns3:cad>
          </ns3:TrackPointExtension>
        </extensions>
      </trkpt>
      <trkpt lat="29.28051198832690715789794921875" lon="117.24651150405406951904296875">
        <ele>60.59999847412109375</ele>
        <time>2026-05-05T12:37:14.000Z</time>
        <extensions>
          <ns3:TrackPointExtension>
            <ns3:hr>136</ns3:hr>
            <ns3:cad>91</ns3:cad>
          </ns3:TrackPointExtension>
        </extensions>
      </trkpt>
      <trkpt lat="29.28049740381538867950439453125" lon="117.24652634002268314361572265625">
        <ele>60.59999847412109375</ele>
        <time>2026-05-05T12:37:15.000Z</time>
        <extensions>
          <ns3:TrackPointExtension>
            <ns3:hr>135</ns3:hr>
            <ns3:cad>91</ns3:cad>
          </ns3:TrackPointExtension>
        </extensions>
      </trkpt>
      <trkpt lat="29.280473850667476654052734375" lon="117.24655039608478546142578125">
        <ele>60.59999847412109375</ele>
        <time>2026-05-05T12:37:16.000Z</time>
        <extensions>
          <ns3:TrackPointExtension>
            <ns3:hr>135</ns3:hr>
            <ns3:cad>90</ns3:cad>
          </ns3:TrackPointExtension>
        </extensions>
      </trkpt>
      <trkpt lat="29.28046412765979766845703125" lon="117.2465602867305278778076171875">
        <ele>60.59999847412109375</ele>
        <time>2026-05-05T12:37:17.000Z</time>
        <extensions>
          <ns3:TrackPointExtension>
            <ns3:hr>135</ns3:hr>
            <ns3:cad>90</ns3:cad>
          </ns3:TrackPointExtension>
        </extensions>
      </trkpt>
      <trkpt lat="29.2804361321032047271728515625" lon="117.2465887852013111114501953125">
        <ele>60.59999847412109375</ele>
        <time>2026-05-05T12:37:18.000Z</time>
        <extensions>
          <ns3:TrackPointExtension>
            <ns3:hr>135</ns3:hr>
            <ns3:cad>90</ns3:cad>
          </ns3:TrackPointExtension>
        </extensions>
      </trkpt>
      <trkpt lat="29.2804230563342571258544921875" lon="117.2466021962463855743408203125">
        <ele>60.59999847412109375</ele>
        <time>2026-05-05T12:37:19.000Z</time>
        <extensions>
          <ns3:TrackPointExtension>
            <ns3:hr>135</ns3:hr>
            <ns3:cad>90</ns3:cad>
          </ns3:TrackPointExtension>
        </extensions>
      </trkpt>
      <trkpt lat="29.28039497695863246917724609375" lon="117.24663077853620052337646484375">
        <ele>60.59999847412109375</ele>
        <time>2026-05-05T12:37:20.000Z</time>
        <extensions>
          <ns3:TrackPointExtension>
            <ns3:hr>135</ns3:hr>
            <ns3:cad>90</ns3:cad>
          </ns3:TrackPointExtension>
        </extensions>
      </trkpt>
      <trkpt lat="29.28038542158901691436767578125" lon="117.246640585362911224365234375">
        <ele>60.59999847412109375</ele>
        <time>2026-05-05T12:37:21.000Z</time>
        <extensions>
          <ns3:TrackPointExtension>
            <ns3:hr>135</ns3:hr>
            <ns3:cad>90</ns3:cad>
          </ns3:TrackPointExtension>
        </extensions>
      </trkpt>
      <trkpt lat="29.28035549819469451904296875" lon="117.24667109549045562744140625">
        <ele>60.59999847412109375</ele>
        <time>2026-05-05T12:37:22.000Z</time>
        <extensions>
          <ns3:TrackPointExtension>
            <ns3:hr>135</ns3:hr>
            <ns3:cad>90</ns3:cad>
          </ns3:TrackPointExtension>
        </extensions>
      </trkpt>
      <trkpt lat="29.28034518845379352569580078125" lon="117.2466816566884517669677734375">
        <ele>60.59999847412109375</ele>
        <time>2026-05-05T12:37:23.000Z</time>
        <extensions>
          <ns3:TrackPointExtension>
            <ns3:hr>135</ns3:hr>
            <ns3:cad>90</ns3:cad>
          </ns3:TrackPointExtension>
        </extensions>
      </trkpt>
      <trkpt lat="29.2803145945072174072265625" lon="117.24671292118728160858154296875">
        <ele>60.59999847412109375</ele>
        <time>2026-05-05T12:37:24.000Z</time>
        <extensions>
          <ns3:TrackPointExtension>
            <ns3:hr>135</ns3:hr>
            <ns3:cad>90</ns3:cad>
          </ns3:TrackPointExtension>
        </extensions>
      </trkpt>
      <trkpt lat="29.2803047038614749908447265625" lon="117.24672297947108745574951171875">
        <ele>60.59999847412109375</ele>
        <time>2026-05-05T12:37:25.000Z</time>
        <extensions>
          <ns3:TrackPointExtension>
            <ns3:hr>135</ns3:hr>
            <ns3:cad>91</ns3:cad>
          </ns3:TrackPointExtension>
        </extensions>
      </trkpt>
      <trkpt lat="29.2802725173532962799072265625" lon="117.24675583653151988983154296875">
        <ele>60.59999847412109375</ele>
        <time>2026-05-05T12:37:26.000Z</time>
        <extensions>
          <ns3:TrackPointExtension>
            <ns3:hr>135</ns3:hr>
            <ns3:cad>91</ns3:cad>
          </ns3:TrackPointExtension>
        </extensions>
      </trkpt>
      <trkpt lat="29.28026321344077587127685546875" lon="117.24676522426307201385498046875">
        <ele>60.59999847412109375</ele>
        <time>2026-05-05T12:37:27.000Z</time>
        <extensions>
          <ns3:TrackPointExtension>
            <ns3:hr>135</ns3:hr>
            <ns3:cad>91</ns3:cad>
          </ns3:TrackPointExtension>
        </extensions>
      </trkpt>
      <trkpt lat="29.28023303858935832977294921875" lon="117.246796153485774993896484375">
        <ele>60.59999847412109375</ele>
        <time>2026-05-05T12:37:28.000Z</time>
        <extensions>
          <ns3:TrackPointExtension>
            <ns3:hr>135</ns3:hr>
            <ns3:cad>90</ns3:cad>
          </ns3:TrackPointExtension>
        </extensions>
      </trkpt>
      <trkpt lat="29.28022432141005992889404296875" lon="117.24680495448410511016845703125">
        <ele>60.59999847412109375</ele>
        <time>2026-05-05T12:37:29.000Z</time>
        <extensions>
          <ns3:TrackPointExtension>
            <ns3:hr>135</ns3:hr>
            <ns3:cad>90</ns3:cad>
          </ns3:TrackPointExtension>
        </extensions>
      </trkpt>
      <trkpt lat="29.28020068444311618804931640625" lon="117.24682909436523914337158203125">
        <ele>60.59999847412109375</ele>
        <time>2026-05-05T12:37:30.000Z</time>
        <extensions>
          <ns3:TrackPointExtension>
            <ns3:hr>134</ns3:hr>
            <ns3:cad>90</ns3:cad>
          </ns3:TrackPointExtension>
        </extensions>
      </trkpt>
      <trkpt lat="29.2801876924932003021240234375" lon="117.24684233777225017547607421875">
        <ele>60.59999847412109375</ele>
        <time>2026-05-05T12:37:31.000Z</time>
        <extensions>
          <ns3:TrackPointExtension>
            <ns3:hr>134</ns3:hr>
            <ns3:cad>90</ns3:cad>
          </ns3:TrackPointExtension>
        </extensions>
      </trkpt>
      <trkpt lat="29.2801588587462902069091796875" lon="117.2468717582523822784423828125">
        <ele>60.59999847412109375</ele>
        <time>2026-05-05T12:37:32.000Z</time>
        <extensions>
          <ns3:TrackPointExtension>
            <ns3:hr>134</ns3:hr>
            <ns3:cad>90</ns3:cad>
          </ns3:TrackPointExtension>
        </extensions>
      </trkpt>
      <trkpt lat="29.28014921955764293670654296875" lon="117.24688257090747356414794921875">
        <ele>60.59999847412109375</ele>
        <time>2026-05-05T12:37:33.000Z</time>
        <extensions>
          <ns3:TrackPointExtension>
            <ns3:hr>134</ns3:hr>
            <ns3:cad>90</ns3:cad>
          </ns3:TrackPointExtension>
        </extensions>
      </trkpt>
      <trkpt lat="29.280124492943286895751953125" lon="117.24691173993051052093505859375">
        <ele>60.59999847412109375</ele>
        <time>2026-05-05T12:37:34.000Z</time>
        <extensions>
          <ns3:TrackPointExtension>
            <ns3:hr>134</ns3:hr>
            <ns3:cad>90</ns3:cad>
          </ns3:TrackPointExtension>
        </extensions>
      </trkpt>
      <trkpt lat="29.28011585958302021026611328125" lon="117.2469247318804264068603515625">
        <ele>60.59999847412109375</ele>
        <time>2026-05-05T12:37:35.000Z</time>
        <extensions>
          <ns3:TrackPointExtension>
            <ns3:hr>133</ns3:hr>
            <ns3:cad>90</ns3:cad>
          </ns3:TrackPointExtension>
        </extensions>
      </trkpt>
      <trkpt lat="29.28009306080639362335205078125" lon="117.24696219898760318756103515625">
        <ele>60.59999847412109375</ele>
        <time>2026-05-05T12:37:36.000Z</time>
        <extensions>
          <ns3:TrackPointExtension>
            <ns3:hr>133</ns3:hr>
            <ns3:cad>91</ns3:cad>
          </ns3:TrackPointExtension>
        </extensions>
      </trkpt>
      <trkpt lat="29.28008903749287128448486328125" lon="117.2469709999859333038330078125">
        <ele>60.59999847412109375</ele>
        <time>2026-05-05T12:37:37.000Z</time>
        <extensions>
          <ns3:TrackPointExtension>
            <ns3:hr>133</ns3:hr>
            <ns3:cad>91</ns3:cad>
          </ns3:TrackPointExtension>
        </extensions>
      </trkpt>
      <trkpt lat="29.2800673283636569976806640625" lon="117.24702489562332630157470703125">
        <ele>60.59999847412109375</ele>
        <time>2026-05-05T12:37:38.000Z</time>
        <extensions>
          <ns3:TrackPointExtension>
            <ns3:hr>132</ns3:hr>
            <ns3:cad>91</ns3:cad>
          </ns3:TrackPointExtension>
        </extensions>
      </trkpt>
      <trkpt lat="29.280061461031436920166015625" lon="117.24704367108643054962158203125">
        <ele>60.59999847412109375</ele>
        <time>2026-05-05T12:37:39.000Z</time>
        <extensions>
          <ns3:TrackPointExtension>
            <ns3:hr>132</ns3:hr>
            <ns3:cad>91</ns3:cad>
          </ns3:TrackPointExtension>
        </extensions>
      </trkpt>
      <trkpt lat="29.2800522409379482269287109375" lon="117.247087843716144561767578125">
        <ele>60.59999847412109375</ele>
        <time>2026-05-05T12:37:40.000Z</time>
        <extensions>
          <ns3:TrackPointExtension>
            <ns3:hr>132</ns3:hr>
            <ns3:cad>91</ns3:cad>
          </ns3:TrackPointExtension>
        </extensions>
      </trkpt>
      <trkpt lat="29.28004947490990161895751953125" lon="117.2471036016941070556640625">
        <ele>60.59999847412109375</ele>
        <time>2026-05-05T12:37:41.000Z</time>
        <extensions>
          <ns3:TrackPointExtension>
            <ns3:hr>132</ns3:hr>
            <ns3:cad>92</ns3:cad>
          </ns3:TrackPointExtension>
        </extensions>
      </trkpt>
      <trkpt lat="29.2800472117960453033447265625" lon="117.24714316427707672119140625">
        <ele>60.59999847412109375</ele>
        <time>2026-05-05T12:37:42.000Z</time>
        <extensions>
          <ns3:TrackPointExtension>
            <ns3:hr>132</ns3:hr>
            <ns3:cad>92</ns3:cad>
          </ns3:TrackPointExtension>
        </extensions>
      </trkpt>
      <trkpt lat="29.28004662506282329559326171875" lon="117.2471621073782444000244140625">
        <ele>60.59999847412109375</ele>
        <time>2026-05-05T12:37:43.000Z</time>
        <extensions>
          <ns3:TrackPointExtension>
            <ns3:hr>132</ns3:hr>
            <ns3:cad>91</ns3:cad>
          </ns3:TrackPointExtension>
        </extensions>
      </trkpt>
      <trkpt lat="29.280049391090869903564453125" lon="117.24719974212348461151123046875">
        <ele>60.59999847412109375</ele>
        <time>2026-05-05T12:37:44.000Z</time>
        <extensions>
          <ns3:TrackPointExtension>
            <ns3:hr>132</ns3:hr>
            <ns3:cad>91</ns3:cad>
          </ns3:TrackPointExtension>
        </extensions>
      </trkpt>
      <trkpt lat="29.2800532467663288116455078125" lon="117.24722639657557010650634765625">
        <ele>60.59999847412109375</ele>
        <time>2026-05-05T12:37:45.000Z</time>
        <extensions>
          <ns3:TrackPointExtension>
            <ns3:hr>132</ns3:hr>
            <ns3:cad>91</ns3:cad>
          </ns3:TrackPointExtension>
        </extensions>
      </trkpt>
      <trkpt lat="29.28005970083177089691162109375" lon="117.24725841544568538665771484375">
        <ele>60.59999847412109375</ele>
        <time>2026-05-05T12:37:46.000Z</time>
        <extensions>
          <ns3:TrackPointExtension>
            <ns3:hr>133</ns3:hr>
            <ns3:cad>91</ns3:cad>
          </ns3:TrackPointExtension>
        </extensions>
      </trkpt>
      <trkpt lat="29.2800673283636569976806640625" lon="117.2472831420600414276123046875">
        <ele>60.59999847412109375</ele>
        <time>2026-05-05T12:37:47.000Z</time>
        <extensions>
          <ns3:TrackPointExtension>
            <ns3:hr>132</ns3:hr>
            <ns3:cad>91</ns3:cad>
          </ns3:TrackPointExtension>
        </extensions>
      </trkpt>
      <trkpt lat="29.280071519315242767333984375" lon="117.24729546345770359039306640625">
        <ele>60.59999847412109375</ele>
        <time>2026-05-05T12:37:48.000Z</time>
        <extensions>
          <ns3:TrackPointExtension>
            <ns3:hr>132</ns3:hr>
            <ns3:cad>90</ns3:cad>
          </ns3:TrackPointExtension>
        </extensions>
      </trkpt>
      <trkpt lat="29.28009373135864734649658203125" lon="117.247346341609954833984375">
        <ele>60.59999847412109375</ele>
        <time>2026-05-05T12:37:49.000Z</time>
        <extensions>
          <ns3:TrackPointExtension>
            <ns3:hr>132</ns3:hr>
            <ns3:cad>90</ns3:cad>
          </ns3:TrackPointExtension>
        </extensions>
      </trkpt>
      <trkpt lat="29.2800973355770111083984375" lon="117.24735363386571407318115234375">
        <ele>60.59999847412109375</ele>
        <time>2026-05-05T12:37:50.000Z</time>
        <extensions>
          <ns3:TrackPointExtension>
            <ns3:hr>132</ns3:hr>
            <ns3:cad>90</ns3:cad>
          </ns3:TrackPointExtension>
        </extensions>
      </trkpt>
      <trkpt lat="29.28012256510555744171142578125" lon="117.2473927773535251617431640625">
        <ele>60.59999847412109375</ele>
        <time>2026-05-05T12:37:51.000Z</time>
        <extensions>
          <ns3:TrackPointExtension>
            <ns3:hr>132</ns3:hr>
            <ns3:cad>90</ns3:cad>
          </ns3:TrackPointExtension>
        </extensions>
      </trkpt>
      <trkpt lat="29.28012776188552379608154296875" lon="117.24740057252347469329833984375">
        <ele>60.59999847412109375</ele>
        <time>2026-05-05T12:37:52.000Z</time>
        <extensions>
          <ns3:TrackPointExtension>
            <ns3:hr>133</ns3:hr>
            <ns3:cad>90</ns3:cad>
          </ns3:TrackPointExtension>
        </extensions>
      </trkpt>
      <trkpt lat="29.28015835583209991455078125" lon="117.24743510596454143524169921875">
        <ele>60.59999847412109375</ele>
        <time>2026-05-05T12:37:53.000Z</time>
        <extensions>
          <ns3:TrackPointExtension>
            <ns3:hr>133</ns3:hr>
            <ns3:cad>90</ns3:cad>
          </ns3:TrackPointExtension>
        </extensions>
      </trkpt>
      <trkpt lat="29.28016900084912776947021484375" lon="117.24744499661028385162353515625">
        <ele>60.59999847412109375</ele>
        <time>2026-05-05T12:37:54.000Z</time>
        <extensions>
          <ns3:TrackPointExtension>
            <ns3:hr>133</ns3:hr>
            <ns3:cad>91</ns3:cad>
          </ns3:TrackPointExtension>
        </extensions>
      </trkpt>
      <trkpt lat="29.2801994271576404571533203125" lon="117.24747039377689361572265625">
        <ele>60.59999847412109375</ele>
        <time>2026-05-05T12:37:55.000Z</time>
        <extensions>
          <ns3:TrackPointExtension>
            <ns3:hr>132</ns3:hr>
            <ns3:cad>91</ns3:cad>
          </ns3:TrackPointExtension>
        </extensions>
      </trkpt>
      <trkpt lat="29.28021376021206378936767578125" lon="117.2474791109561920166015625">
        <ele>60.59999847412109375</ele>
        <time>2026-05-05T12:37:56.000Z</time>
        <extensions>
          <ns3:TrackPointExtension>
            <ns3:hr>132</ns3:hr>
            <ns3:cad>90</ns3:cad>
          </ns3:TrackPointExtension>
        </extensions>
      </trkpt>
      <trkpt lat="29.2802517302334308624267578125" lon="117.24749989807605743408203125">
        <ele>60.59999847412109375</ele>
        <time>2026-05-05T12:37:57.000Z</time>
        <extensions>
          <ns3:TrackPointExtension>
            <ns3:hr>132</ns3:hr>
            <ns3:cad>90</ns3:cad>
          </ns3:TrackPointExtension>
        </extensions>
      </trkpt>
      <trkpt lat="29.28026304580271244049072265625" lon="117.24750459194183349609375">
        <ele>60.59999847412109375</ele>
        <time>2026-05-05T12:37:58.000Z</time>
        <extensions>
          <ns3:TrackPointExtension>
            <ns3:hr>132</ns3:hr>
            <ns3:cad>90</ns3:cad>
          </ns3:TrackPointExtension>
        </extensions>
      </trkpt>
      <trkpt lat="29.28030629642307758331298828125" lon="117.24751842208206653594970703125">
        <ele>60.59999847412109375</ele>
        <time>2026-05-05T12:37:59.000Z</time>
        <extensions>
          <ns3:TrackPointExtension>
            <ns3:hr>133</ns3:hr>
            <ns3:cad>90</ns3:cad>
          </ns3:TrackPointExtension>
        </extensions>
      </trkpt>
      <trkpt lat="29.28032088093459606170654296875" lon="117.24752177484333515167236328125">
        <ele>60.59999847412109375</ele>
        <time>2026-05-05T12:38:00.000Z</time>
        <extensions>
          <ns3:TrackPointExtension>
            <ns3:hr>132</ns3:hr>
            <ns3:cad>91</ns3:cad>
          </ns3:TrackPointExtension>
        </extensions>
      </trkpt>
      <trkpt lat="29.2803628742694854736328125" lon="117.24752604961395263671875">
        <ele>60.59999847412109375</ele>
        <time>2026-05-05T12:38:01.000Z</time>
        <extensions>
          <ns3:TrackPointExtension>
            <ns3:hr>132</ns3:hr>
            <ns3:cad>91</ns3:cad>
          </ns3:TrackPointExtension>
        </extensions>
      </trkpt>
      <trkpt lat="29.28037519566714763641357421875" lon="117.2475268878042697906494140625">
        <ele>60.59999847412109375</ele>
        <time>2026-05-05T12:38:02.000Z</time>
        <extensions>
          <ns3:TrackPointExtension>
            <ns3:hr>132</ns3:hr>
            <ns3:cad>91</ns3:cad>
          </ns3:TrackPointExtension>
        </extensions>
      </trkpt>
      <trkpt lat="29.2804166860878467559814453125" lon="117.247523032128810882568359375">
        <ele>60.59999847412109375</ele>
        <time>2026-05-05T12:38:03.000Z</time>
        <extensions>
          <ns3:TrackPointExtension>
            <ns3:hr>132</ns3:hr>
            <ns3:cad>91</ns3:cad>
          </ns3:TrackPointExtension>
        </extensions>
      </trkpt>
      <trkpt lat="29.28043504245579242706298828125" lon="117.24751909263432025909423828125">
        <ele>60.59999847412109375</ele>
        <time>2026-05-05T12:38:04.000Z</time>
        <extensions>
          <ns3:TrackPointExtension>
            <ns3:hr>132</ns3:hr>
            <ns3:cad>91</ns3:cad>
          </ns3:TrackPointExtension>
        </extensions>
      </trkpt>
      <trkpt lat="29.28047074936330318450927734375" lon="117.24750903435051441192626953125">
        <ele>60.59999847412109375</ele>
        <time>2026-05-05T12:38:05.000Z</time>
        <extensions>
          <ns3:TrackPointExtension>
            <ns3:hr>132</ns3:hr>
            <ns3:cad>91</ns3:cad>
          </ns3:TrackPointExtension>
        </extensions>
      </trkpt>
      <trkpt lat="29.2804894410073757171630859375" lon="117.2475007362663745880126953125">
        <ele>60.59999847412109375</ele>
        <time>2026-05-05T12:38:06.000Z</time>
        <extensions>
          <ns3:TrackPointExtension>
            <ns3:hr>132</ns3:hr>
            <ns3:cad>92</ns3:cad>
          </ns3:TrackPointExtension>
        </extensions>
      </trkpt>
      <trkpt lat="29.28052447736263275146484375" lon="117.24748237989842891693115234375">
        <ele>60.59999847412109375</ele>
        <time>2026-05-05T12:38:07.000Z</time>
        <extensions>
          <ns3:TrackPointExtension>
            <ns3:hr>132</ns3:hr>
            <ns3:cad>92</ns3:cad>
          </ns3:TrackPointExtension>
        </extensions>
      </trkpt>
      <trkpt lat="29.28053847514092922210693359375" lon="117.24747332744300365447998046875">
        <ele>60.59999847412109375</ele>
        <time>2026-05-05T12:38:08.000Z</time>
        <extensions>
          <ns3:TrackPointExtension>
            <ns3:hr>132</ns3:hr>
            <ns3:cad>92</ns3:cad>
          </ns3:TrackPointExtension>
        </extensions>
      </trkpt>
      <trkpt lat="29.28056261502206325531005859375" lon="117.24745505489408969879150390625">
        <ele>60.59999847412109375</ele>
        <time>2026-05-05T12:38:09.000Z</time>
        <extensions>
          <ns3:TrackPointExtension>
            <ns3:hr>132</ns3:hr>
            <ns3:cad>92</ns3:cad>
          </ns3:TrackPointExtension>
        </extensions>
      </trkpt>
      <trkpt lat="29.28057636134326457977294921875" lon="117.24744298495352268218994140625">
        <ele>60.59999847412109375</ele>
        <time>2026-05-05T12:38:10.000Z</time>
        <extensions>
          <ns3:TrackPointExtension>
            <ns3:hr>132</ns3:hr>
            <ns3:cad>92</ns3:cad>
          </ns3:TrackPointExtension>
        </extensions>
      </trkpt>
      <trkpt lat="29.28060092031955718994140625" lon="117.24741943180561065673828125">
        <ele>60.59999847412109375</ele>
        <time>2026-05-05T12:38:11.000Z</time>
        <extensions>
          <ns3:TrackPointExtension>
            <ns3:hr>132</ns3:hr>
            <ns3:cad>92</ns3:cad>
          </ns3:TrackPointExtension>
        </extensions>
      </trkpt>
      <trkpt lat="29.2806151695549488067626953125" lon="117.24740493111312389373779296875">
        <ele>60.59999847412109375</ele>
        <time>2026-05-05T12:38:12.000Z</time>
        <extensions>
          <ns3:TrackPointExtension>
            <ns3:hr>132</ns3:hr>
            <ns3:cad>92</ns3:cad>
          </ns3:TrackPointExtension>
        </extensions>
      </trkpt>
      <trkpt lat="29.28063637576997280120849609375" lon="117.24738330580294132232666015625">
        <ele>60.59999847412109375</ele>
        <time>2026-05-05T12:38:13.000Z</time>
        <extensions>
          <ns3:TrackPointExtension>
            <ns3:hr>132</ns3:hr>
            <ns3:cad>92</ns3:cad>
          </ns3:TrackPointExtension>
        </extensions>
      </trkpt>
      <trkpt lat="29.280654229223728179931640625" lon="117.24736511707305908203125">
        <ele>60.59999847412109375</ele>
        <time>2026-05-05T12:38:14.000Z</time>
        <extensions>
          <ns3:TrackPointExtension>
            <ns3:hr>132</ns3:hr>
            <ns3:cad>91</ns3:cad>
          </ns3:TrackPointExtension>
        </extensions>
      </trkpt>
      <trkpt lat="29.2806741781532764434814453125" lon="117.24734474904835224151611328125">
        <ele>60.59999847412109375</ele>
        <time>2026-05-05T12:38:15.000Z</time>
        <extensions>
          <ns3:TrackPointExtension>
            <ns3:hr>132</ns3:hr>
            <ns3:cad>91</ns3:cad>
          </ns3:TrackPointExtension>
        </extensions>
      </trkpt>
      <trkpt lat="29.28069337271153926849365234375" lon="117.24732513539493083953857421875">
        <ele>60.59999847412109375</ele>
        <time>2026-05-05T12:38:16.000Z</time>
        <extensions>
          <ns3:TrackPointExtension>
            <ns3:hr>132</ns3:hr>
            <ns3:cad>90</ns3:cad>
          </ns3:TrackPointExtension>
        </extensions>
      </trkpt>
      <trkpt lat="29.28071298636496067047119140625" lon="117.24730518646538257598876953125">
        <ele>60.59999847412109375</ele>
        <time>2026-05-05T12:38:17.000Z</time>
        <extensions>
          <ns3:TrackPointExtension>
            <ns3:hr>132</ns3:hr>
            <ns3:cad>90</ns3:cad>
          </ns3:TrackPointExtension>
        </extensions>
      </trkpt>
      <trkpt lat="29.28073544986546039581298828125" lon="117.24728222005069255828857421875">
        <ele>60.59999847412109375</ele>
        <time>2026-05-05T12:38:18.000Z</time>
        <extensions>
          <ns3:TrackPointExtension>
            <ns3:hr>132</ns3:hr>
            <ns3:cad>91</ns3:cad>
          </ns3:TrackPointExtension>
        </extensions>
      </trkpt>
      <trkpt lat="29.28075204603374004364013671875" lon="117.24726528860628604888916015625">
        <ele>60.59999847412109375</ele>
        <time>2026-05-05T12:38:19.000Z</time>
        <extensions>
          <ns3:TrackPointExtension>
            <ns3:hr>132</ns3:hr>
            <ns3:cad>91</ns3:cad>
          </ns3:TrackPointExtension>
        </extensions>
      </trkpt>
      <trkpt lat="29.28078222088515758514404296875" lon="117.24723444320261478424072265625">
        <ele>60.59999847412109375</ele>
        <time>2026-05-05T12:38:20.000Z</time>
        <extensions>
          <ns3:TrackPointExtension>
            <ns3:hr>132</ns3:hr>
            <ns3:cad>91</ns3:cad>
          </ns3:TrackPointExtension>
        </extensions>
      </trkpt>
      <trkpt lat="29.2807947099208831787109375" lon="117.2472217865288257598876953125">
        <ele>60.59999847412109375</ele>
        <time>2026-05-05T12:38:21.000Z</time>
        <extensions>
          <ns3:TrackPointExtension>
            <ns3:hr>132</ns3:hr>
            <ns3:cad>91</ns3:cad>
          </ns3:TrackPointExtension>
        </extensions>
      </trkpt>
      <trkpt lat="29.28082278929650783538818359375" lon="117.24719303660094738006591796875">
        <ele>60.59999847412109375</ele>
        <time>2026-05-05T12:38:22.000Z</time>
        <extensions>
          <ns3:TrackPointExtension>
            <ns3:hr>132</ns3:hr>
            <ns3:cad>92</ns3:cad>
          </ns3:TrackPointExtension>
        </extensions>
      </trkpt>
      <trkpt lat="29.28083502687513828277587890625" lon="117.24718063138425350189208984375">
        <ele>60.59999847412109375</ele>
        <time>2026-05-05T12:38:23.000Z</time>
        <extensions>
          <ns3:TrackPointExtension>
            <ns3:hr>132</ns3:hr>
            <ns3:cad>91</ns3:cad>
          </ns3:TrackPointExtension>
        </extensions>
      </trkpt>
      <trkpt lat="29.2808671295642852783203125" lon="117.24714777432382106781005859375">
        <ele>60.59999847412109375</ele>
        <time>2026-05-05T12:38:24.000Z</time>
        <extensions>
          <ns3:TrackPointExtension>
            <ns3:hr>132</ns3:hr>
            <ns3:cad>92</ns3:cad>
          </ns3:TrackPointExtension>
        </extensions>
      </trkpt>
      <trkpt lat="29.2808756791055202484130859375" lon="117.24713914096355438232421875">
        <ele>60.59999847412109375</ele>
        <time>2026-05-05T12:38:25.000Z</time>
        <extensions>
          <ns3:TrackPointExtension>
            <ns3:hr>132</ns3:hr>
            <ns3:cad>91</ns3:cad>
          </ns3:TrackPointExtension>
        </extensions>
      </trkpt>
      <trkpt lat="29.28091063164174556732177734375" lon="117.2471034340560436248779296875">
        <ele>60.59999847412109375</ele>
        <time>2026-05-05T12:38:26.000Z</time>
        <extensions>
          <ns3:TrackPointExtension>
            <ns3:hr>132</ns3:hr>
            <ns3:cad>92</ns3:cad>
          </ns3:TrackPointExtension>
        </extensions>
      </trkpt>
      <trkpt lat="29.28091666661202907562255859375" lon="117.24709731526672840118408203125">
        <ele>60.59999847412109375</ele>
        <time>2026-05-05T12:38:27.000Z</time>
        <extensions>
          <ns3:TrackPointExtension>
            <ns3:hr>132</ns3:hr>
            <ns3:cad>92</ns3:cad>
          </ns3:TrackPointExtension>
        </extensions>
      </trkpt>
      <trkpt lat="29.28095069713890552520751953125" lon="117.24706261418759822845458984375">
        <ele>60.59999847412109375</ele>
        <time>2026-05-05T12:38:28.000Z</time>
        <extensions>
          <ns3:TrackPointExtension>
            <ns3:hr>132</ns3:hr>
            <ns3:cad>92</ns3:cad>
          </ns3:TrackPointExtension>
        </extensions>
      </trkpt>
      <trkpt lat="29.2809628508985042572021484375" lon="117.24705020897090435028076171875">
        <ele>60.59999847412109375</ele>
        <time>2026-05-05T12:38:29.000Z</time>
        <extensions>
          <ns3:TrackPointExtension>
            <ns3:hr>132</ns3:hr>
            <ns3:cad>92</ns3:cad>
          </ns3:TrackPointExtension>
        </extensions>
      </trkpt>
      <trkpt lat="29.2809849791228771209716796875" lon="117.24702757783234119415283203125">
        <ele>60.59999847412109375</ele>
        <time>2026-05-05T12:38:30.000Z</time>
        <extensions>
          <ns3:TrackPointExtension>
            <ns3:hr>132</ns3:hr>
            <ns3:cad>92</ns3:cad>
          </ns3:TrackPointExtension>
        </extensions>
      </trkpt>
      <trkpt lat="29.28099260665476322174072265625" lon="117.24701986648142337799072265625">
        <ele>60.59999847412109375</ele>
        <time>2026-05-05T12:38:31.000Z</time>
        <extensions>
          <ns3:TrackPointExtension>
            <ns3:hr>132</ns3:hr>
            <ns3:cad>92</ns3:cad>
          </ns3:TrackPointExtension>
        </extensions>
      </trkpt>
      <trkpt lat="29.2810225300490856170654296875" lon="117.246989272534847259521484375">
        <ele>60.59999847412109375</ele>
        <time>2026-05-05T12:38:32.000Z</time>
        <extensions>
          <ns3:TrackPointExtension>
            <ns3:hr>133</ns3:hr>
            <ns3:cad>92</ns3:cad>
          </ns3:TrackPointExtension>
        </extensions>
      </trkpt>
      <trkpt lat="29.28103434853255748748779296875" lon="117.246977202594280242919921875">
        <ele>60.59999847412109375</ele>
        <time>2026-05-05T12:38:33.000Z</time>
        <extensions>
          <ns3:TrackPointExtension>
            <ns3:hr>133</ns3:hr>
            <ns3:cad>90</ns3:cad>
          </ns3:TrackPointExtension>
        </extensions>
      </trkpt>
      <trkpt lat="29.28106351755559444427490234375" lon="117.24694744683802127838134765625">
        <ele>60.59999847412109375</ele>
        <time>2026-05-05T12:38:34.000Z</time>
        <extensions>
          <ns3:TrackPointExtension>
            <ns3:hr>133</ns3:hr>
            <ns3:cad>90</ns3:cad>
          </ns3:TrackPointExtension>
        </extensions>
      </trkpt>
      <trkpt lat="29.28107910789549350738525390625" lon="117.246931605041027069091796875">
        <ele>60.59999847412109375</ele>
        <time>2026-05-05T12:38:35.000Z</time>
        <extensions>
          <ns3:TrackPointExtension>
            <ns3:hr>133</ns3:hr>
            <ns3:cad>90</ns3:cad>
          </ns3:TrackPointExtension>
        </extensions>
      </trkpt>
      <trkpt lat="29.2811073549091815948486328125" lon="117.24690268747508525848388671875">
        <ele>60.59999847412109375</ele>
        <time>2026-05-05T12:38:36.000Z</time>
        <extensions>
          <ns3:TrackPointExtension>
            <ns3:hr>134</ns3:hr>
            <ns3:cad>90</ns3:cad>
          </ns3:TrackPointExtension>
        </extensions>
      </trkpt>
      <trkpt lat="29.28112395107746124267578125" lon="117.24688575603067874908447265625">
        <ele>60.59999847412109375</ele>
        <time>2026-05-05T12:38:37.000Z</time>
        <extensions>
          <ns3:TrackPointExtension>
            <ns3:hr>133</ns3:hr>
            <ns3:cad>90</ns3:cad>
          </ns3:TrackPointExtension>
        </extensions>
      </trkpt>
      <trkpt lat="29.2811492644250392913818359375" lon="117.24685993976891040802001953125">
        <ele>60.59999847412109375</ele>
        <time>2026-05-05T12:38:38.000Z</time>
        <extensions>
          <ns3:TrackPointExtension>
            <ns3:hr>133</ns3:hr>
            <ns3:cad>91</ns3:cad>
          </ns3:TrackPointExtension>
        </extensions>
      </trkpt>
      <trkpt lat="29.281160831451416015625" lon="117.24684812128543853759765625">
        <ele>60.59999847412109375</ele>
        <time>2026-05-05T12:38:39.000Z</time>
        <extensions>
          <ns3:TrackPointExtension>
            <ns3:hr>133</ns3:hr>
            <ns3:cad>91</ns3:cad>
          </ns3:TrackPointExtension>
        </extensions>
      </trkpt>
      <trkpt lat="29.28118287585675716400146484375" lon="117.2468231432139873504638671875">
        <ele>60.59999847412109375</ele>
        <time>2026-05-05T12:38:40.000Z</time>
        <extensions>
          <ns3:TrackPointExtension>
            <ns3:hr>134</ns3:hr>
            <ns3:cad>91</ns3:cad>
          </ns3:TrackPointExtension>
        </extensions>
      </trkpt>
      <trkpt lat="29.28119645453989505767822265625" lon="117.24680713377892971038818359375">
        <ele>60.59999847412109375</ele>
        <time>2026-05-05T12:38:41.000Z</time>
        <extensions>
          <ns3:TrackPointExtension>
            <ns3:hr>134</ns3:hr>
            <ns3:cad>91</ns3:cad>
          </ns3:TrackPointExtension>
        </extensions>
      </trkpt>
      <trkpt lat="29.28121271543204784393310546875" lon="117.24678240716457366943359375">
        <ele>60.59999847412109375</ele>
        <time>2026-05-05T12:38:42.000Z</time>
        <extensions>
          <ns3:TrackPointExtension>
            <ns3:hr>134</ns3:hr>
            <ns3:cad>90</ns3:cad>
          </ns3:TrackPointExtension>
        </extensions>
      </trkpt>
      <trkpt lat="29.28122361190617084503173828125" lon="117.246765308082103729248046875">
        <ele>60.59999847412109375</ele>
        <time>2026-05-05T12:38:43.000Z</time>
        <extensions>
          <ns3:TrackPointExtension>
            <ns3:hr>134</ns3:hr>
            <ns3:cad>90</ns3:cad>
          </ns3:TrackPointExtension>
        </extensions>
      </trkpt>
      <trkpt lat="29.2812377773225307464599609375" lon="117.24673622287809848785400390625">
        <ele>60.59999847412109375</ele>
        <time>2026-05-05T12:38:44.000Z</time>
        <extensions>
          <ns3:TrackPointExtension>
            <ns3:hr>133</ns3:hr>
            <ns3:cad>90</ns3:cad>
          </ns3:TrackPointExtension>
        </extensions>
      </trkpt>
      <trkpt lat="29.28125026635825634002685546875" lon="117.2467066347599029541015625">
        <ele>60.59999847412109375</ele>
        <time>2026-05-05T12:38:45.000Z</time>
        <extensions>
          <ns3:TrackPointExtension>
            <ns3:hr>133</ns3:hr>
            <ns3:cad>90</ns3:cad>
          </ns3:TrackPointExtension>
        </extensions>
      </trkpt>
      <trkpt lat="29.28125864826142787933349609375" lon="117.2466798126697540283203125">
        <ele>60.59999847412109375</ele>
        <time>2026-05-05T12:38:46.000Z</time>
        <extensions>
          <ns3:TrackPointExtension>
            <ns3:hr>133</ns3:hr>
            <ns3:cad>90</ns3:cad>
          </ns3:TrackPointExtension>
        </extensions>
      </trkpt>
      <trkpt lat="29.28126652725040912628173828125" lon="117.246647290885448455810546875">
        <ele>60.59999847412109375</ele>
        <time>2026-05-05T12:38:47.000Z</time>
        <extensions>
          <ns3:TrackPointExtension>
            <ns3:hr>133</ns3:hr>
            <ns3:cad>90</ns3:cad>
          </ns3:TrackPointExtension>
        </extensions>
      </trkpt>
      <trkpt lat="29.28127205930650234222412109375" lon="117.24661619402468204498291015625">
        <ele>60.59999847412109375</ele>
        <time>2026-05-05T12:38:48.000Z</time>
        <extensions>
          <ns3:TrackPointExtension>
            <ns3:hr>133</ns3:hr>
            <ns3:cad>90</ns3:cad>
          </ns3:TrackPointExtension>
        </extensions>
      </trkpt>
      <trkpt lat="29.28127440623939037322998046875" lon="117.246580906212329864501953125">
        <ele>60.59999847412109375</ele>
        <time>2026-05-05T12:38:49.000Z</time>
        <extensions>
          <ns3:TrackPointExtension>
            <ns3:hr>132</ns3:hr>
            <ns3:cad>91</ns3:cad>
          </ns3:TrackPointExtension>
        </extensions>
      </trkpt>
      <trkpt lat="29.28127541206777095794677734375" lon="117.2465565986931324005126953125">
        <ele>60.59999847412109375</ele>
        <time>2026-05-05T12:38:50.000Z</time>
        <extensions>
          <ns3:TrackPointExtension>
            <ns3:hr>132</ns3:hr>
            <ns3:cad>90</ns3:cad>
          </ns3:TrackPointExtension>
        </extensions>
      </trkpt>
      <trkpt lat="29.28127281367778778076171875" lon="117.2465213946998119354248046875">
        <ele>60.59999847412109375</ele>
        <time>2026-05-05T12:38:51.000Z</time>
        <extensions>
          <ns3:TrackPointExtension>
            <ns3:hr>132</ns3:hr>
            <ns3:cad>91</ns3:cad>
          </ns3:TrackPointExtension>
        </extensions>
      </trkpt>
      <trkpt lat="29.28126920945942401885986328125" lon="117.24649348296225070953369140625">
        <ele>60.59999847412109375</ele>
        <time>2026-05-05T12:38:52.000Z</time>
        <extensions>
          <ns3:TrackPointExtension>
            <ns3:hr>132</ns3:hr>
            <ns3:cad>90</ns3:cad>
          </ns3:TrackPointExtension>
        </extensions>
      </trkpt>
      <trkpt lat="29.28126342594623565673828125" lon="117.24646498449146747589111328125">
        <ele>60.59999847412109375</ele>
        <time>2026-05-05T12:38:53.000Z</time>
        <extensions>
          <ns3:TrackPointExtension>
            <ns3:hr>132</ns3:hr>
            <ns3:cad>90</ns3:cad>
          </ns3:TrackPointExtension>
        </extensions>
      </trkpt>
      <trkpt lat="29.2812568880617618560791015625" lon="117.24644101224839687347412109375">
        <ele>60.59999847412109375</ele>
        <time>2026-05-05T12:38:54.000Z</time>
        <extensions>
          <ns3:TrackPointExtension>
            <ns3:hr>132</ns3:hr>
            <ns3:cad>90</ns3:cad>
          </ns3:TrackPointExtension>
        </extensions>
      </trkpt>
      <trkpt lat="29.28124289028346538543701171875" lon="117.24640111438930034637451171875">
        <ele>60.59999847412109375</ele>
        <time>2026-05-05T12:38:55.000Z</time>
        <extensions>
          <ns3:TrackPointExtension>
            <ns3:hr>133</ns3:hr>
            <ns3:cad>90</ns3:cad>
          </ns3:TrackPointExtension>
        </extensions>
      </trkpt>
      <trkpt lat="29.28123635239899158477783203125" lon="117.2463879548013210296630859375">
        <ele>60.59999847412109375</ele>
        <time>2026-05-05T12:38:56.000Z</time>
        <extensions>
          <ns3:TrackPointExtension>
            <ns3:hr>132</ns3:hr>
            <ns3:cad>90</ns3:cad>
          </ns3:TrackPointExtension>
        </extensions>
      </trkpt>
      <trkpt lat="29.2812173254787921905517578125" lon="117.2463514097034931182861328125">
        <ele>60.59999847412109375</ele>
        <time>2026-05-05T12:38:57.000Z</time>
        <extensions>
          <ns3:TrackPointExtension>
            <ns3:hr>132</ns3:hr>
            <ns3:cad>90</ns3:cad>
          </ns3:TrackPointExtension>
        </extensions>
      </trkpt>
      <trkpt lat="29.281206093728542327880859375" lon="117.24633472971618175506591796875">
        <ele>60.59999847412109375</ele>
        <time>2026-05-05T12:38:58.000Z</time>
        <extensions>
          <ns3:TrackPointExtension>
            <ns3:hr>132</ns3:hr>
            <ns3:cad>90</ns3:cad>
          </ns3:TrackPointExtension>
        </extensions>
      </trkpt>
      <trkpt lat="29.2811844684183597564697265625" lon="117.2463058121502399444580078125">
        <ele>60.59999847412109375</ele>
        <time>2026-05-05T12:38:59.000Z</time>
        <extensions>
          <ns3:TrackPointExtension>
            <ns3:hr>132</ns3:hr>
            <ns3:cad>91</ns3:cad>
          </ns3:TrackPointExtension>
        </extensions>
      </trkpt>
      <trkpt lat="29.28118153475224971771240234375" lon="117.24630254320800304412841796875">
        <ele>60.59999847412109375</ele>
        <time>2026-05-05T12:39:00.000Z</time>
        <extensions>
          <ns3:TrackPointExtension>
            <ns3:hr>132</ns3:hr>
            <ns3:cad>90</ns3:cad>
          </ns3:TrackPointExtension>
        </extensions>
      </trkpt>
      <trkpt lat="29.2811506055295467376708984375" lon="117.24627069197595119476318359375">
        <ele>60.59999847412109375</ele>
        <time>2026-05-05T12:39:01.000Z</time>
        <extensions>
          <ns3:TrackPointExtension>
            <ns3:hr>132</ns3:hr>
            <ns3:cad>90</ns3:cad>
          </ns3:TrackPointExtension>
        </extensions>
      </trkpt>
      <trkpt lat="29.2811375297605991363525390625" lon="117.24625979550182819366455078125">
        <ele>60.59999847412109375</ele>
        <time>2026-05-05T12:39:02.000Z</time>
        <extensions>
          <ns3:TrackPointExtension>
            <ns3:hr>132</ns3:hr>
            <ns3:cad>90</ns3:cad>
          </ns3:TrackPointExtension>
        </extensions>
      </trkpt>
      <trkpt lat="29.28111230023205280303955078125" lon="117.24624102003872394561767578125">
        <ele>60.59999847412109375</ele>
        <time>2026-05-05T12:39:03.000Z</time>
        <extensions>
          <ns3:TrackPointExtension>
            <ns3:hr>132</ns3:hr>
            <ns3:cad>90</ns3:cad>
          </ns3:TrackPointExtension>
        </extensions>
      </trkpt>
      <trkpt lat="29.28109721280634403228759765625" lon="117.2462318837642669677734375">
        <ele>60.59999847412109375</ele>
        <time>2026-05-05T12:39:04.000Z</time>
        <extensions>
          <ns3:TrackPointExtension>
            <ns3:hr>131</ns3:hr>
            <ns3:cad>90</ns3:cad>
          </ns3:TrackPointExtension>
        </extensions>
      </trkpt>
      <trkpt lat="29.2810584045946598052978515625" lon="117.24621285684406757354736328125">
        <ele>60.59999847412109375</ele>
        <time>2026-05-05T12:39:05.000Z</time>
        <extensions>
          <ns3:TrackPointExtension>
            <ns3:hr>131</ns3:hr>
            <ns3:cad>90</ns3:cad>
          </ns3:TrackPointExtension>
        </extensions>
      </trkpt>
      <trkpt lat="29.28104725666344165802001953125" lon="117.2462082467973232269287109375">
        <ele>60.59999847412109375</ele>
        <time>2026-05-05T12:39:06.000Z</time>
        <extensions>
          <ns3:TrackPointExtension>
            <ns3:hr>131</ns3:hr>
            <ns3:cad>90</ns3:cad>
          </ns3:TrackPointExtension>
        </extensions>
      </trkpt>
      <trkpt lat="29.2810067720711231231689453125" lon="117.24619709886610507965087890625">
        <ele>60.59999847412109375</ele>
        <time>2026-05-05T12:39:07.000Z</time>
        <extensions>
          <ns3:TrackPointExtension>
            <ns3:hr>131</ns3:hr>
            <ns3:cad>90</ns3:cad>
          </ns3:TrackPointExtension>
        </extensions>
      </trkpt>
      <trkpt lat="29.280998893082141876220703125" lon="117.24619525484740734100341796875">
        <ele>60.59999847412109375</ele>
        <time>2026-05-05T12:39:08.000Z</time>
        <extensions>
          <ns3:TrackPointExtension>
            <ns3:hr>131</ns3:hr>
            <ns3:cad>90</ns3:cad>
          </ns3:TrackPointExtension>
        </extensions>
      </trkpt>
      <trkpt lat="29.28095170296728610992431640625" lon="117.24619106389582157135009765625">
        <ele>60.59999847412109375</ele>
        <time>2026-05-05T12:39:09.000Z</time>
        <extensions>
          <ns3:TrackPointExtension>
            <ns3:hr>130</ns3:hr>
            <ns3:cad>90</ns3:cad>
          </ns3:TrackPointExtension>
        </extensions>
      </trkpt>
      <trkpt lat="29.2809395492076873779296875" lon="117.246191315352916717529296875">
        <ele>60.59999847412109375</ele>
        <time>2026-05-05T12:39:10.000Z</time>
        <extensions>
          <ns3:TrackPointExtension>
            <ns3:hr>131</ns3:hr>
            <ns3:cad>90</ns3:cad>
          </ns3:TrackPointExtension>
        </extensions>
      </trkpt>
      <trkpt lat="29.2809041775763034820556640625" lon="117.24619475193321704864501953125">
        <ele>60.59999847412109375</ele>
        <time>2026-05-05T12:39:11.000Z</time>
        <extensions>
          <ns3:TrackPointExtension>
            <ns3:hr>131</ns3:hr>
            <ns3:cad>91</ns3:cad>
          </ns3:TrackPointExtension>
        </extensions>
      </trkpt>
      <trkpt lat="29.28088917396962642669677734375" lon="117.24619793705642223358154296875">
        <ele>60.59999847412109375</ele>
        <time>2026-05-05T12:39:12.000Z</time>
        <extensions>
          <ns3:TrackPointExtension>
            <ns3:hr>131</ns3:hr>
            <ns3:cad>92</ns3:cad>
          </ns3:TrackPointExtension>
        </extensions>
      </trkpt>
      <trkpt lat="29.280857406556606292724609375" lon="117.24620640277862548828125">
        <ele>60.59999847412109375</ele>
        <time>2026-05-05T12:39:13.000Z</time>
        <extensions>
          <ns3:TrackPointExtension>
            <ns3:hr>131</ns3:hr>
            <ns3:cad>92</ns3:cad>
          </ns3:TrackPointExtension>
        </extensions>
      </trkpt>
      <trkpt lat="29.2808317579329013824462890625" lon="117.2462172992527484893798828125">
        <ele>60.59999847412109375</ele>
        <time>2026-05-05T12:39:14.000Z</time>
        <extensions>
          <ns3:TrackPointExtension>
            <ns3:hr>132</ns3:hr>
            <ns3:cad>92</ns3:cad>
          </ns3:TrackPointExtension>
        </extensions>
      </trkpt>
      <trkpt lat="29.28080535493791103363037109375" lon="117.246230207383632659912109375">
        <ele>60.59999847412109375</ele>
        <time>2026-05-05T12:39:15.000Z</time>
        <extensions>
          <ns3:TrackPointExtension>
            <ns3:hr>132</ns3:hr>
            <ns3:cad>91</ns3:cad>
          </ns3:TrackPointExtension>
        </extensions>
      </trkpt>
      <trkpt lat="29.2807878367602825164794921875" lon="117.2462414391338825225830078125">
        <ele>60.59999847412109375</ele>
        <time>2026-05-05T12:39:16.000Z</time>
        <extensions>
          <ns3:TrackPointExtension>
            <ns3:hr>133</ns3:hr>
            <ns3:cad>91</ns3:cad>
          </ns3:TrackPointExtension>
        </extensions>
      </trkpt>
      <trkpt lat="29.28076797164976596832275390625" lon="117.24625493399798870086669921875">
        <ele>60.59999847412109375</ele>
        <time>2026-05-05T12:39:17.000Z</time>
        <extensions>
          <ns3:TrackPointExtension>
            <ns3:hr>134</ns3:hr>
            <ns3:cad>91</ns3:cad>
          </ns3:TrackPointExtension>
        </extensions>
      </trkpt>
      <trkpt lat="29.2807437479496002197265625" lon="117.2462763078510761260986328125">
        <ele>60.59999847412109375</ele>
        <time>2026-05-05T12:39:18.000Z</time>
        <extensions>
          <ns3:TrackPointExtension>
            <ns3:hr>134</ns3:hr>
            <ns3:cad>91</ns3:cad>
          </ns3:TrackPointExtension>
        </extensions>
      </trkpt>
      <trkpt lat="29.28072354756295680999755859375" lon="117.24629550240933895111083984375">
        <ele>60.59999847412109375</ele>
        <time>2026-05-05T12:39:19.000Z</time>
        <extensions>
          <ns3:TrackPointExtension>
            <ns3:hr>134</ns3:hr>
            <ns3:cad>91</ns3:cad>
          </ns3:TrackPointExtension>
        </extensions>
      </trkpt>
      <trkpt lat="29.28069873712956905364990234375" lon="117.2463208995759487152099609375">
        <ele>60.59999847412109375</ele>
        <time>2026-05-05T12:39:20.000Z</time>
        <extensions>
          <ns3:TrackPointExtension>
            <ns3:hr>134</ns3:hr>
            <ns3:cad>91</ns3:cad>
          </ns3:TrackPointExtension>
        </extensions>
      </trkpt>
      <trkpt lat="29.280682392418384552001953125" lon="117.24633757956326007843017578125">
        <ele>60.59999847412109375</ele>
        <time>2026-05-05T12:39:21.000Z</time>
        <extensions>
          <ns3:TrackPointExtension>
            <ns3:hr>135</ns3:hr>
            <ns3:cad>92</ns3:cad>
          </ns3:TrackPointExtension>
        </extensions>
      </trkpt>
      <trkpt lat="29.280653893947601318359375" lon="117.24636666476726531982421875">
        <ele>60.59999847412109375</ele>
        <time>2026-05-05T12:39:22.000Z</time>
        <extensions>
          <ns3:TrackPointExtension>
            <ns3:hr>135</ns3:hr>
            <ns3:cad>91</ns3:cad>
          </ns3:TrackPointExtension>
        </extensions>
      </trkpt>
      <trkpt lat="29.28064241074025630950927734375" lon="117.246378399431705474853515625">
        <ele>60.59999847412109375</ele>
        <time>2026-05-05T12:39:23.000Z</time>
        <extensions>
          <ns3:TrackPointExtension>
            <ns3:hr>135</ns3:hr>
            <ns3:cad>92</ns3:cad>
          </ns3:TrackPointExtension>
        </extensions>
      </trkpt>
      <trkpt lat="29.28061273880302906036376953125" lon="117.24640865810215473175048828125">
        <ele>60.59999847412109375</ele>
        <time>2026-05-05T12:39:24.000Z</time>
        <extensions>
          <ns3:TrackPointExtension>
            <ns3:hr>135</ns3:hr>
            <ns3:cad>92</ns3:cad>
          </ns3:TrackPointExtension>
        </extensions>
      </trkpt>
      <trkpt lat="29.2806014232337474822998046875" lon="117.2464201413094997406005859375">
        <ele>60.59999847412109375</ele>
        <time>2026-05-05T12:39:25.000Z</time>
        <extensions>
          <ns3:TrackPointExtension>
            <ns3:hr>135</ns3:hr>
            <ns3:cad>92</ns3:cad>
          </ns3:TrackPointExtension>
        </extensions>
      </trkpt>
      <trkpt lat="29.2805732600390911102294921875" lon="117.2464489750564098358154296875">
        <ele>60.59999847412109375</ele>
        <time>2026-05-05T12:39:26.000Z</time>
        <extensions>
          <ns3:TrackPointExtension>
            <ns3:hr>136</ns3:hr>
            <ns3:cad>91</ns3:cad>
          </ns3:TrackPointExtension>
        </extensions>
      </trkpt>
      <trkpt lat="29.28055959753692150115966796875" lon="117.246462889015674591064453125">
        <ele>60.59999847412109375</ele>
        <time>2026-05-05T12:39:27.000Z</time>
        <extensions>
          <ns3:TrackPointExtension>
            <ns3:hr>136</ns3:hr>
            <ns3:cad>91</ns3:cad>
          </ns3:TrackPointExtension>
        </extensions>
      </trkpt>
      <trkpt lat="29.2805296741425991058349609375" lon="117.246493399143218994140625">
        <ele>60.59999847412109375</ele>
        <time>2026-05-05T12:39:28.000Z</time>
        <extensions>
          <ns3:TrackPointExtension>
            <ns3:hr>136</ns3:hr>
            <ns3:cad>91</ns3:cad>
          </ns3:TrackPointExtension>
        </extensions>
      </trkpt>
      <trkpt lat="29.2805157601833343505859375" lon="117.2465076483786106109619140625">
        <ele>60.59999847412109375</ele>
        <time>2026-05-05T12:39:29.000Z</time>
        <extensions>
          <ns3:TrackPointExtension>
            <ns3:hr>137</ns3:hr>
            <ns3:cad>91</ns3:cad>
          </ns3:TrackPointExtension>
        </extensions>
      </trkpt>
      <trkpt lat="29.28048483096063137054443359375" lon="117.2465391643345355987548828125">
        <ele>60.59999847412109375</ele>
        <time>2026-05-05T12:39:30.000Z</time>
        <extensions>
          <ns3:TrackPointExtension>
            <ns3:hr>137</ns3:hr>
            <ns3:cad>91</ns3:cad>
          </ns3:TrackPointExtension>
        </extensions>
      </trkpt>
      <trkpt lat="29.2804777063429355621337890625" lon="117.24654645659029483795166015625">
        <ele>60.59999847412109375</ele>
        <time>2026-05-05T12:39:31.000Z</time>
        <extensions>
          <ns3:TrackPointExtension>
            <ns3:hr>137</ns3:hr>
            <ns3:cad>91</ns3:cad>
          </ns3:TrackPointExtension>
        </extensions>
      </trkpt>
      <trkpt lat="29.28044090978801250457763671875" lon="117.24658400751650333404541015625">
        <ele>60.59999847412109375</ele>
        <time>2026-05-05T12:39:32.000Z</time>
        <extensions>
          <ns3:TrackPointExtension>
            <ns3:hr>137</ns3:hr>
            <ns3:cad>92</ns3:cad>
          </ns3:TrackPointExtension>
        </extensions>
      </trkpt>
      <trkpt lat="29.28043051622807979583740234375" lon="117.24659456871449947357177734375">
        <ele>60.59999847412109375</ele>
        <time>2026-05-05T12:39:33.000Z</time>
        <extensions>
          <ns3:TrackPointExtension>
            <ns3:hr>137</ns3:hr>
            <ns3:cad>92</ns3:cad>
          </ns3:TrackPointExtension>
        </extensions>
      </trkpt>
      <trkpt lat="29.2803979106247425079345703125" lon="117.246627844870090484619140625">
        <ele>60.59999847412109375</ele>
        <time>2026-05-05T12:39:34.000Z</time>
        <extensions>
          <ns3:TrackPointExtension>
            <ns3:hr>137</ns3:hr>
            <ns3:cad>92</ns3:cad>
          </ns3:TrackPointExtension>
        </extensions>
      </trkpt>
      <trkpt lat="29.28038827143609523773193359375" lon="117.24663765169680118560791015625">
        <ele>60.59999847412109375</ele>
        <time>2026-05-05T12:39:35.000Z</time>
        <extensions>
          <ns3:TrackPointExtension>
            <ns3:hr>138</ns3:hr>
            <ns3:cad>92</ns3:cad>
          </ns3:TrackPointExtension>
        </extensions>
      </trkpt>
      <trkpt lat="29.28035658784210681915283203125" lon="117.24667000584304332733154296875">
        <ele>60.59999847412109375</ele>
        <time>2026-05-05T12:39:36.000Z</time>
        <extensions>
          <ns3:TrackPointExtension>
            <ns3:hr>138</ns3:hr>
            <ns3:cad>93</ns3:cad>
          </ns3:TrackPointExtension>
        </extensions>
      </trkpt>
      <trkpt lat="29.2803459428250789642333984375" lon="117.24668090231716632843017578125">
        <ele>60.59999847412109375</ele>
        <time>2026-05-05T12:39:37.000Z</time>
        <extensions>
          <ns3:TrackPointExtension>
            <ns3:hr>138</ns3:hr>
            <ns3:cad>93</ns3:cad>
          </ns3:TrackPointExtension>
        </extensions>
      </trkpt>
      <trkpt lat="29.28032121621072292327880859375" lon="117.24670604802668094635009765625">
        <ele>60.59999847412109375</ele>
        <time>2026-05-05T12:39:38.000Z</time>
        <extensions>
          <ns3:TrackPointExtension>
            <ns3:hr>138</ns3:hr>
            <ns3:cad>92</ns3:cad>
          </ns3:TrackPointExtension>
        </extensions>
      </trkpt>
      <trkpt lat="29.2803073860704898834228515625" lon="117.2467202134430408477783203125">
        <ele>60.59999847412109375</ele>
        <time>2026-05-05T12:39:39.000Z</time>
        <extensions>
          <ns3:TrackPointExtension>
            <ns3:hr>138</ns3:hr>
            <ns3:cad>92</ns3:cad>
          </ns3:TrackPointExtension>
        </extensions>
      </trkpt>
      <trkpt lat="29.2802832461893558502197265625" lon="117.24674485623836517333984375">
        <ele>60.59999847412109375</ele>
        <time>2026-05-05T12:39:40.000Z</time>
        <extensions>
          <ns3:TrackPointExtension>
            <ns3:hr>138</ns3:hr>
            <ns3:cad>92</ns3:cad>
          </ns3:TrackPointExtension>
        </extensions>
      </trkpt>
      <trkpt lat="29.28026296198368072509765625" lon="117.24676555953919887542724609375">
        <ele>60.59999847412109375</ele>
        <time>2026-05-05T12:39:41.000Z</time>
        <extensions>
          <ns3:TrackPointExtension>
            <ns3:hr>138</ns3:hr>
            <ns3:cad>91</ns3:cad>
          </ns3:TrackPointExtension>
        </extensions>
      </trkpt>
      <trkpt lat="29.280243180692195892333984375" lon="117.24678575992584228515625">
        <ele>60.59999847412109375</ele>
        <time>2026-05-05T12:39:42.000Z</time>
        <extensions>
          <ns3:TrackPointExtension>
            <ns3:hr>138</ns3:hr>
            <ns3:cad>91</ns3:cad>
          </ns3:TrackPointExtension>
        </extensions>
      </trkpt>
      <trkpt lat="29.28021979518234729766845703125" lon="117.24680964834988117218017578125">
        <ele>60.59999847412109375</ele>
        <time>2026-05-05T12:39:43.000Z</time>
        <extensions>
          <ns3:TrackPointExtension>
            <ns3:hr>138</ns3:hr>
            <ns3:cad>92</ns3:cad>
          </ns3:TrackPointExtension>
        </extensions>
      </trkpt>
      <trkpt lat="29.28020529448986053466796875" lon="117.24682440049946308135986328125">
        <ele>60.59999847412109375</ele>
        <time>2026-05-05T12:39:44.000Z</time>
        <extensions>
          <ns3:TrackPointExtension>
            <ns3:hr>138</ns3:hr>
            <ns3:cad>93</ns3:cad>
          </ns3:TrackPointExtension>
        </extensions>
      </trkpt>
      <trkpt lat="29.28017587400972843170166015625" lon="117.24685440771281719207763671875">
        <ele>60.59999847412109375</ele>
        <time>2026-05-05T12:39:45.000Z</time>
        <extensions>
          <ns3:TrackPointExtension>
            <ns3:hr>138</ns3:hr>
            <ns3:cad>93</ns3:cad>
          </ns3:TrackPointExtension>
        </extensions>
      </trkpt>
      <trkpt lat="29.28016372025012969970703125" lon="117.24686681292951107025146484375">
        <ele>60.59999847412109375</ele>
        <time>2026-05-05T12:39:46.000Z</time>
        <extensions>
          <ns3:TrackPointExtension>
            <ns3:hr>138</ns3:hr>
            <ns3:cad>92</ns3:cad>
          </ns3:TrackPointExtension>
        </extensions>
      </trkpt>
      <trkpt lat="29.28013614378869533538818359375" lon="117.24689799360930919647216796875">
        <ele>60.59999847412109375</ele>
        <time>2026-05-05T12:39:47.000Z</time>
        <extensions>
          <ns3:TrackPointExtension>
            <ns3:hr>138</ns3:hr>
            <ns3:cad>92</ns3:cad>
          </ns3:TrackPointExtension>
        </extensions>
      </trkpt>
      <trkpt lat="29.28012625314295291900634765625" lon="117.2469096444547176361083984375">
        <ele>60.59999847412109375</ele>
        <time>2026-05-05T12:39:48.000Z</time>
        <extensions>
          <ns3:TrackPointExtension>
            <ns3:hr>138</ns3:hr>
            <ns3:cad>92</ns3:cad>
          </ns3:TrackPointExtension>
        </extensions>
      </trkpt>
      <trkpt lat="29.28010127507150173187255859375" lon="117.24694761447608470916748046875">
        <ele>60.59999847412109375</ele>
        <time>2026-05-05T12:39:49.000Z</time>
        <extensions>
          <ns3:TrackPointExtension>
            <ns3:hr>138</ns3:hr>
            <ns3:cad>92</ns3:cad>
          </ns3:TrackPointExtension>
        </extensions>
      </trkpt>
      <trkpt lat="29.28009423427283763885498046875" lon="117.24695951677858829498291015625">
        <ele>60.59999847412109375</ele>
        <time>2026-05-05T12:39:50.000Z</time>
        <extensions>
          <ns3:TrackPointExtension>
            <ns3:hr>138</ns3:hr>
            <ns3:cad>92</ns3:cad>
          </ns3:TrackPointExtension>
        </extensions>
      </trkpt>
      <trkpt lat="29.2800767160952091217041015625" lon="117.24699757061898708343505859375">
        <ele>60.59999847412109375</ele>
        <time>2026-05-05T12:39:51.000Z</time>
        <extensions>
          <ns3:TrackPointExtension>
            <ns3:hr>139</ns3:hr>
            <ns3:cad>92</ns3:cad>
          </ns3:TrackPointExtension>
        </extensions>
      </trkpt>
      <trkpt lat="29.28006908856332302093505859375" lon="117.24701919592916965484619140625">
        <ele>60.59999847412109375</ele>
        <time>2026-05-05T12:39:52.000Z</time>
        <extensions>
          <ns3:TrackPointExtension>
            <ns3:hr>138</ns3:hr>
            <ns3:cad>91</ns3:cad>
          </ns3:TrackPointExtension>
        </extensions>
      </trkpt>
      <trkpt lat="29.28005852736532688140869140625" lon="117.24705305881798267364501953125">
        <ele>60.59999847412109375</ele>
        <time>2026-05-05T12:39:53.000Z</time>
        <extensions>
          <ns3:TrackPointExtension>
            <ns3:hr>138</ns3:hr>
            <ns3:cad>91</ns3:cad>
          </ns3:TrackPointExtension>
        </extensions>
      </trkpt>
      <trkpt lat="29.28005500696599483489990234375" lon="117.24707216955721378326416015625">
        <ele>60.59999847412109375</ele>
        <time>2026-05-05T12:39:54.000Z</time>
        <extensions>
          <ns3:TrackPointExtension>
            <ns3:hr>138</ns3:hr>
            <ns3:cad>91</ns3:cad>
          </ns3:TrackPointExtension>
        </extensions>
      </trkpt>
      <trkpt lat="29.280049391090869903564453125" lon="117.2471041046082973480224609375">
        <ele>60.59999847412109375</ele>
        <time>2026-05-05T12:39:55.000Z</time>
        <extensions>
          <ns3:TrackPointExtension>
            <ns3:hr>138</ns3:hr>
            <ns3:cad>92</ns3:cad>
          </ns3:TrackPointExtension>
        </extensions>
      </trkpt>
      <trkpt lat="29.280048049986362457275390625" lon="117.24712581373751163482666015625">
        <ele>60.59999847412109375</ele>
        <time>2026-05-05T12:39:56.000Z</time>
        <extensions>
          <ns3:TrackPointExtension>
            <ns3:hr>138</ns3:hr>
            <ns3:cad>92</ns3:cad>
          </ns3:TrackPointExtension>
        </extensions>
      </trkpt>
      <trkpt lat="29.28004645742475986480712890625" lon="117.2471599280834197998046875">
        <ele>60.59999847412109375</ele>
        <time>2026-05-05T12:39:57.000Z</time>
        <extensions>
          <ns3:TrackPointExtension>
            <ns3:hr>138</ns3:hr>
            <ns3:cad>92</ns3:cad>
          </ns3:TrackPointExtension>
        </extensions>
      </trkpt>
      <trkpt lat="29.28004779852926731109619140625" lon="117.24717828445136547088623046875">
        <ele>60.59999847412109375</ele>
        <time>2026-05-05T12:39:58.000Z</time>
        <extensions>
          <ns3:TrackPointExtension>
            <ns3:hr>137</ns3:hr>
            <ns3:cad>91</ns3:cad>
          </ns3:TrackPointExtension>
        </extensions>
      </trkpt>
      <trkpt lat="29.28005131892859935760498046875" lon="117.2472167573869228363037109375">
        <ele>60.59999847412109375</ele>
        <time>2026-05-05T12:39:59.000Z</time>
        <extensions>
          <ns3:TrackPointExtension>
            <ns3:hr>137</ns3:hr>
            <ns3:cad>91</ns3:cad>
          </ns3:TrackPointExtension>
        </extensions>
      </trkpt>
      <trkpt lat="29.2800572700798511505126953125" lon="117.24724634550511837005615234375">
        <ele>60.59999847412109375</ele>
        <time>2026-05-05T12:40:00.000Z</time>
        <extensions>
          <ns3:TrackPointExtension>
            <ns3:hr>137</ns3:hr>
            <ns3:cad>91</ns3:cad>
          </ns3:TrackPointExtension>
        </extensions>
      </trkpt>
      <trkpt lat="29.28006556816399097442626953125" lon="117.24727786146104335784912109375">
        <ele>60.59999847412109375</ele>
        <time>2026-05-05T12:40:01.000Z</time>
        <extensions>
          <ns3:TrackPointExtension>
            <ns3:hr>138</ns3:hr>
            <ns3:cad>91</ns3:cad>
          </ns3:TrackPointExtension>
        </extensions>
      </trkpt>
      <trkpt lat="29.2800747044384479522705078125" lon="117.24730501882731914520263671875">
        <ele>60.59999847412109375</ele>
        <time>2026-05-05T12:40:02.000Z</time>
        <extensions>
          <ns3:TrackPointExtension>
            <ns3:hr>138</ns3:hr>
            <ns3:cad>91</ns3:cad>
          </ns3:TrackPointExtension>
        </extensions>
      </trkpt>
      <trkpt lat="29.28008954040706157684326171875" lon="117.24733770824968814849853515625">
        <ele>60.59999847412109375</ele>
        <time>2026-05-05T12:40:03.000Z</time>
        <extensions>
          <ns3:TrackPointExtension>
            <ns3:hr>138</ns3:hr>
            <ns3:cad>91</ns3:cad>
          </ns3:TrackPointExtension>
        </extensions>
      </trkpt>
      <trkpt lat="29.28009993396699428558349609375" lon="117.24735899828374385833740234375">
        <ele>60.59999847412109375</ele>
        <time>2026-05-05T12:40:04.000Z</time>
        <extensions>
          <ns3:TrackPointExtension>
            <ns3:hr>138</ns3:hr>
            <ns3:cad>93</ns3:cad>
          </ns3:TrackPointExtension>
        </extensions>
      </trkpt>
      <trkpt lat="29.2801201343536376953125" lon="117.247389256954193115234375">
        <ele>60.59999847412109375</ele>
        <time>2026-05-05T12:40:05.000Z</time>
        <extensions>
          <ns3:TrackPointExtension>
            <ns3:hr>138</ns3:hr>
            <ns3:cad>93</ns3:cad>
          </ns3:TrackPointExtension>
        </extensions>
      </trkpt>
      <trkpt lat="29.2801357246935367584228515625" lon="117.2474098764359951019287109375">
        <ele>60.59999847412109375</ele>
        <time>2026-05-05T12:40:06.000Z</time>
        <extensions>
          <ns3:TrackPointExtension>
            <ns3:hr>137</ns3:hr>
            <ns3:cad>92</ns3:cad>
          </ns3:TrackPointExtension>
        </extensions>
      </trkpt>
      <trkpt lat="29.28015575744211673736572265625" lon="117.247432172298431396484375">
        <ele>60.59999847412109375</ele>
        <time>2026-05-05T12:40:07.000Z</time>
        <extensions>
          <ns3:TrackPointExtension>
            <ns3:hr>137</ns3:hr>
            <ns3:cad>92</ns3:cad>
          </ns3:TrackPointExtension>
        </extensions>
      </trkpt>
      <trkpt lat="29.2801779694855213165283203125" lon="117.2474524565041065216064453125">
        <ele>60.59999847412109375</ele>
        <time>2026-05-05T12:40:08.000Z</time>
        <extensions>
          <ns3:TrackPointExtension>
            <ns3:hr>137</ns3:hr>
            <ns3:cad>91</ns3:cad>
          </ns3:TrackPointExtension>
        </extensions>
      </trkpt>
      <trkpt lat="29.280197583138942718505859375" lon="117.24746880121529102325439453125">
        <ele>60.59999847412109375</ele>
        <time>2026-05-05T12:40:09.000Z</time>
        <extensions>
          <ns3:TrackPointExtension>
            <ns3:hr>136</ns3:hr>
            <ns3:cad>90</ns3:cad>
          </ns3:TrackPointExtension>
        </extensions>
      </trkpt>
      <trkpt lat="29.2802275903522968292236328125" lon="117.247487492859363555908203125">
        <ele>60.59999847412109375</ele>
        <time>2026-05-05T12:40:10.000Z</time>
        <extensions>
          <ns3:TrackPointExtension>
            <ns3:hr>136</ns3:hr>
            <ns3:cad>90</ns3:cad>
          </ns3:TrackPointExtension>
        </extensions>
      </trkpt>
      <trkpt lat="29.28024913184344768524169921875" lon="117.247498892247676849365234375">
        <ele>60.59999847412109375</ele>
        <time>2026-05-05T12:40:11.000Z</time>
        <extensions>
          <ns3:TrackPointExtension>
            <ns3:hr>136</ns3:hr>
            <ns3:cad>91</ns3:cad>
          </ns3:TrackPointExtension>
        </extensions>
      </trkpt>
      <trkpt lat="29.28028064779937267303466796875" lon="117.2475118003785610198974609375">
        <ele>60.59999847412109375</ele>
        <time>2026-05-05T12:40:12.000Z</time>
        <extensions>
          <ns3:TrackPointExtension>
            <ns3:hr>136</ns3:hr>
            <ns3:cad>92</ns3:cad>
          </ns3:TrackPointExtension>
        </extensions>
      </trkpt>
      <trkpt lat="29.2802979983389377593994140625" lon="117.2475164942443370819091796875">
        <ele>60.59999847412109375</ele>
        <time>2026-05-05T12:40:13.000Z</time>
        <extensions>
          <ns3:TrackPointExtension>
            <ns3:hr>136</ns3:hr>
            <ns3:cad>92</ns3:cad>
          </ns3:TrackPointExtension>
        </extensions>
      </trkpt>
      <trkpt lat="29.2803291790187358856201171875" lon="117.247523702681064605712890625">
        <ele>60.59999847412109375</ele>
        <time>2026-05-05T12:40:14.000Z</time>
        <extensions>
          <ns3:TrackPointExtension>
            <ns3:hr>136</ns3:hr>
            <ns3:cad>92</ns3:cad>
          </ns3:TrackPointExtension>
        </extensions>
      </trkpt>
      <trkpt lat="29.280342422425746917724609375" lon="117.2475247085094451904296875">
        <ele>60.59999847412109375</ele>
        <time>2026-05-05T12:40:15.000Z</time>
        <extensions>
          <ns3:TrackPointExtension>
            <ns3:hr>136</ns3:hr>
            <ns3:cad>92</ns3:cad>
          </ns3:TrackPointExtension>
        </extensions>
      </trkpt>
      <trkpt lat="29.28039682097733020782470703125" lon="117.24752495996654033660888671875">
        <ele>60.59999847412109375</ele>
        <time>2026-05-05T12:40:16.000Z</time>
        <extensions>
          <ns3:TrackPointExtension>
            <ns3:hr>136</ns3:hr>
            <ns3:cad>92</ns3:cad>
          </ns3:TrackPointExtension>
        </extensions>
      </trkpt>
      <trkpt lat="29.280407465994358062744140625" lon="117.2475238703191280364990234375">
        <ele>60.59999847412109375</ele>
        <time>2026-05-05T12:40:17.000Z</time>
        <extensions>
          <ns3:TrackPointExtension>
            <ns3:hr>137</ns3:hr>
            <ns3:cad>92</ns3:cad>
          </ns3:TrackPointExtension>
        </extensions>
      </trkpt>
      <trkpt lat="29.2804559133946895599365234375" lon="117.24751356057822704315185546875">
        <ele>60.59999847412109375</ele>
        <time>2026-05-05T12:40:18.000Z</time>
        <extensions>
          <ns3:TrackPointExtension>
            <ns3:hr>137</ns3:hr>
            <ns3:cad>92</ns3:cad>
          </ns3:TrackPointExtension>
        </extensions>
      </trkpt>
      <trkpt lat="29.28046622313559055328369140625" lon="117.2475107945501804351806640625">
        <ele>60.59999847412109375</ele>
        <time>2026-05-05T12:40:19.000Z</time>
        <extensions>
          <ns3:TrackPointExtension>
            <ns3:hr>137</ns3:hr>
            <ns3:cad>92</ns3:cad>
          </ns3:TrackPointExtension>
        </extensions>
      </trkpt>
      <trkpt lat="29.28050838410854339599609375" lon="117.24749227054417133331298828125">
        <ele>60.59999847412109375</ele>
        <time>2026-05-05T12:40:20.000Z</time>
        <extensions>
          <ns3:TrackPointExtension>
            <ns3:hr>137</ns3:hr>
            <ns3:cad>92</ns3:cad>
          </ns3:TrackPointExtension>
        </extensions>
      </trkpt>
      <trkpt lat="29.28051911294460296630859375" lon="117.247485816478729248046875">
        <ele>60.59999847412109375</ele>
        <time>2026-05-05T12:40:21.000Z</time>
        <extensions>
          <ns3:TrackPointExtension>
            <ns3:hr>137</ns3:hr>
            <ns3:cad>92</ns3:cad>
          </ns3:TrackPointExtension>
        </extensions>
      </trkpt>
      <trkpt lat="29.2805586755275726318359375" lon="117.24745857529342174530029296875">
        <ele>60.59999847412109375</ele>
        <time>2026-05-05T12:40:22.000Z</time>
        <extensions>
          <ns3:TrackPointExtension>
            <ns3:hr>136</ns3:hr>
            <ns3:cad>92</ns3:cad>
          </ns3:TrackPointExtension>
        </extensions>
      </trkpt>
      <trkpt lat="29.2805668897926807403564453125" lon="117.247451283037662506103515625">
        <ele>60.59999847412109375</ele>
        <time>2026-05-05T12:40:23.000Z</time>
        <extensions>
          <ns3:TrackPointExtension>
            <ns3:hr>136</ns3:hr>
            <ns3:cad>92</ns3:cad>
          </ns3:TrackPointExtension>
        </extensions>
      </trkpt>
      <trkpt lat="29.28059513680636882781982421875" lon="117.24742538295686244964599609375">
        <ele>60.59999847412109375</ele>
        <time>2026-05-05T12:40:24.000Z</time>
        <extensions>
          <ns3:TrackPointExtension>
            <ns3:hr>136</ns3:hr>
            <ns3:cad>92</ns3:cad>
          </ns3:TrackPointExtension>
        </extensions>
      </trkpt>
      <trkpt lat="29.28061106242239475250244140625" lon="117.24740912206470966339111328125">
        <ele>60.59999847412109375</ele>
        <time>2026-05-05T12:40:25.000Z</time>
        <extensions>
          <ns3:TrackPointExtension>
            <ns3:hr>136</ns3:hr>
            <ns3:cad>92</ns3:cad>
          </ns3:TrackPointExtension>
        </extensions>
      </trkpt>
      <trkpt lat="29.28062430582940578460693359375" lon="117.247395627200603485107421875">
        <ele>60.59999847412109375</ele>
        <time>2026-05-05T12:40:26.000Z</time>
        <extensions>
          <ns3:TrackPointExtension>
            <ns3:hr>137</ns3:hr>
            <ns3:cad>92</ns3:cad>
          </ns3:TrackPointExtension>
        </extensions>
      </trkpt>
      <trkpt lat="29.2806376330554485321044921875" lon="117.24738196469843387603759765625">
        <ele>60.59999847412109375</ele>
        <time>2026-05-05T12:40:27.000Z</time>
        <extensions>
          <ns3:TrackPointExtension>
            <ns3:hr>136</ns3:hr>
            <ns3:cad>92</ns3:cad>
          </ns3:TrackPointExtension>
        </extensions>
      </trkpt>
      <trkpt lat="29.28066135384142398834228515625" lon="117.24735774099826812744140625">
        <ele>60.59999847412109375</ele>
        <time>2026-05-05T12:40:28.000Z</time>
        <extensions>
          <ns3:TrackPointExtension>
            <ns3:hr>137</ns3:hr>
            <ns3:cad>92</ns3:cad>
          </ns3:TrackPointExtension>
        </extensions>
      </trkpt>
      <trkpt lat="29.28067660890519618988037109375" lon="117.24734223447740077972412109375">
        <ele>60.59999847412109375</ele>
        <time>2026-05-05T12:40:29.000Z</time>
        <extensions>
          <ns3:TrackPointExtension>
            <ns3:hr>135</ns3:hr>
            <ns3:cad>91</ns3:cad>
          </ns3:TrackPointExtension>
        </extensions>
      </trkpt>
      <trkpt lat="29.28070024587213993072509765625" lon="117.24731809459626674652099609375">
        <ele>60.59999847412109375</ele>
        <time>2026-05-05T12:40:30.000Z</time>
        <extensions>
          <ns3:TrackPointExtension>
            <ns3:hr>135</ns3:hr>
            <ns3:cad>91</ns3:cad>
          </ns3:TrackPointExtension>
        </extensions>
      </trkpt>
      <trkpt lat="29.2807167582213878631591796875" lon="117.2473012469708919525146484375">
        <ele>60.59999847412109375</ele>
        <time>2026-05-05T12:40:31.000Z</time>
        <extensions>
          <ns3:TrackPointExtension>
            <ns3:hr>135</ns3:hr>
            <ns3:cad>91</ns3:cad>
          </ns3:TrackPointExtension>
        </extensions>
      </trkpt>
      <trkpt lat="29.28073762916028499603271484375" lon="117.24727995693683624267578125">
        <ele>60.59999847412109375</ele>
        <time>2026-05-05T12:40:32.000Z</time>
        <extensions>
          <ns3:TrackPointExtension>
            <ns3:hr>135</ns3:hr>
            <ns3:cad>91</ns3:cad>
          </ns3:TrackPointExtension>
        </extensions>
      </trkpt>
      <trkpt lat="29.28075992502272129058837890625" lon="117.24725724197924137115478515625">
        <ele>60.59999847412109375</ele>
        <time>2026-05-05T12:40:33.000Z</time>
        <extensions>
          <ns3:TrackPointExtension>
            <ns3:hr>135</ns3:hr>
            <ns3:cad>91</ns3:cad>
          </ns3:TrackPointExtension>
        </extensions>
      </trkpt>
      <trkpt lat="29.28077383898198604583740234375" lon="117.2472430765628814697265625">
        <ele>60.59999847412109375</ele>
        <time>2026-05-05T12:40:34.000Z</time>
        <extensions>
          <ns3:TrackPointExtension>
            <ns3:hr>135</ns3:hr>
            <ns3:cad>92</ns3:cad>
          </ns3:TrackPointExtension>
        </extensions>
      </trkpt>
      <trkpt lat="29.28080099634826183319091796875" lon="117.24721533246338367462158203125">
        <ele>60.59999847412109375</ele>
        <time>2026-05-05T12:40:35.000Z</time>
        <extensions>
          <ns3:TrackPointExtension>
            <ns3:hr>135</ns3:hr>
            <ns3:cad>92</ns3:cad>
          </ns3:TrackPointExtension>
        </extensions>
      </trkpt>
      <trkpt lat="29.28081491030752658843994140625" lon="117.24720108322799205780029296875">
        <ele>60.59999847412109375</ele>
        <time>2026-05-05T12:40:36.000Z</time>
        <extensions>
          <ns3:TrackPointExtension>
            <ns3:hr>135</ns3:hr>
            <ns3:cad>92</ns3:cad>
          </ns3:TrackPointExtension>
        </extensions>
      </trkpt>
      <trkpt lat="29.28084441460669040679931640625" lon="117.247170992195606231689453125">
        <ele>60.59999847412109375</ele>
        <time>2026-05-05T12:40:37.000Z</time>
        <extensions>
          <ns3:TrackPointExtension>
            <ns3:hr>135</ns3:hr>
            <ns3:cad>92</ns3:cad>
          </ns3:TrackPointExtension>
        </extensions>
      </trkpt>
      <trkpt lat="29.28085665218532085418701171875" lon="117.24715850315988063812255859375">
        <ele>60.59999847412109375</ele>
        <time>2026-05-05T12:40:38.000Z</time>
        <extensions>
          <ns3:TrackPointExtension>
            <ns3:hr>134</ns3:hr>
            <ns3:cad>92</ns3:cad>
          </ns3:TrackPointExtension>
        </extensions>
      </trkpt>
      <trkpt lat="29.280887581408023834228515625" lon="117.24712698720395565032958984375">
        <ele>60.59999847412109375</ele>
        <time>2026-05-05T12:40:39.000Z</time>
        <extensions>
          <ns3:TrackPointExtension>
            <ns3:hr>134</ns3:hr>
            <ns3:cad>92</ns3:cad>
          </ns3:TrackPointExtension>
        </extensions>
      </trkpt>
      <trkpt lat="29.2808954603970050811767578125" lon="117.24711894057691097259521484375">
        <ele>60.59999847412109375</ele>
        <time>2026-05-05T12:40:40.000Z</time>
        <extensions>
          <ns3:TrackPointExtension>
            <ns3:hr>134</ns3:hr>
            <ns3:cad>92</ns3:cad>
          </ns3:TrackPointExtension>
        </extensions>
      </trkpt>
      <trkpt lat="29.2809252999722957611083984375" lon="117.24708843044936656951904296875">
        <ele>60.59999847412109375</ele>
        <time>2026-05-05T12:40:41.000Z</time>
        <extensions>
          <ns3:TrackPointExtension>
            <ns3:hr>134</ns3:hr>
            <ns3:cad>92</ns3:cad>
          </ns3:TrackPointExtension>
        </extensions>
      </trkpt>
      <trkpt lat="29.28093560971319675445556640625" lon="117.2470779530704021453857421875">
        <ele>60.59999847412109375</ele>
        <time>2026-05-05T12:40:42.000Z</time>
        <extensions>
          <ns3:TrackPointExtension>
            <ns3:hr>134</ns3:hr>
            <ns3:cad>92</ns3:cad>
          </ns3:TrackPointExtension>
        </extensions>
      </trkpt>
      <trkpt lat="29.28096746094524860382080078125" lon="117.2470454312860965728759765625">
        <ele>60.59999847412109375</ele>
        <time>2026-05-05T12:40:43.000Z</time>
        <extensions>
          <ns3:TrackPointExtension>
            <ns3:hr>133</ns3:hr>
            <ns3:cad>92</ns3:cad>
          </ns3:TrackPointExtension>
        </extensions>
      </trkpt>
      <trkpt lat="29.2809742502868175506591796875" lon="117.24703855812549591064453125">
        <ele>60.59999847412109375</ele>
        <time>2026-05-05T12:40:44.000Z</time>
        <extensions>
          <ns3:TrackPointExtension>
            <ns3:hr>134</ns3:hr>
            <ns3:cad>92</ns3:cad>
          </ns3:TrackPointExtension>
        </extensions>
      </trkpt>
      <trkpt lat="29.28100920282304286956787109375" lon="117.2470028512179851531982421875">
        <ele>60.59999847412109375</ele>
        <time>2026-05-05T12:40:45.000Z</time>
        <extensions>
          <ns3:TrackPointExtension>
            <ns3:hr>134</ns3:hr>
            <ns3:cad>92</ns3:cad>
          </ns3:TrackPointExtension>
        </extensions>
      </trkpt>
      <trkpt lat="29.2810144834220409393310546875" lon="117.2469974867999553680419921875">
        <ele>60.59999847412109375</ele>
        <time>2026-05-05T12:40:46.000Z</time>
        <extensions>
          <ns3:TrackPointExtension>
            <ns3:hr>133</ns3:hr>
            <ns3:cad>92</ns3:cad>
          </ns3:TrackPointExtension>
        </extensions>
      </trkpt>
      <trkpt lat="29.28104960359632968902587890625" lon="117.2469616122543811798095703125">
        <ele>60.59999847412109375</ele>
        <time>2026-05-05T12:40:47.000Z</time>
        <extensions>
          <ns3:TrackPointExtension>
            <ns3:hr>134</ns3:hr>
            <ns3:cad>92</ns3:cad>
          </ns3:TrackPointExtension>
        </extensions>
      </trkpt>
      <trkpt lat="29.2810563929378986358642578125" lon="117.246954739093780517578125">
        <ele>60.59999847412109375</ele>
        <time>2026-05-05T12:40:48.000Z</time>
        <extensions>
          <ns3:TrackPointExtension>
            <ns3:hr>134</ns3:hr>
            <ns3:cad>91</ns3:cad>
          </ns3:TrackPointExtension>
        </extensions>
      </trkpt>
      <trkpt lat="29.2810912616550922393798828125" lon="117.24691911600530147552490234375">
        <ele>60.59999847412109375</ele>
        <time>2026-05-05T12:40:49.000Z</time>
        <extensions>
          <ns3:TrackPointExtension>
            <ns3:hr>134</ns3:hr>
            <ns3:cad>91</ns3:cad>
          </ns3:TrackPointExtension>
        </extensions>
      </trkpt>
      <trkpt lat="29.281099475920200347900390625" lon="117.24691073410212993621826171875">
        <ele>60.59999847412109375</ele>
        <time>2026-05-05T12:40:50.000Z</time>
        <extensions>
          <ns3:TrackPointExtension>
            <ns3:hr>134</ns3:hr>
            <ns3:cad>91</ns3:cad>
          </ns3:TrackPointExtension>
        </extensions>
      </trkpt>
      <trkpt lat="29.2811284773051738739013671875" lon="117.2468811459839344024658203125">
        <ele>60.59999847412109375</ele>
        <time>2026-05-05T12:40:51.000Z</time>
        <extensions>
          <ns3:TrackPointExtension>
            <ns3:hr>134</ns3:hr>
            <ns3:cad>92</ns3:cad>
          </ns3:TrackPointExtension>
        </extensions>
      </trkpt>
      <trkpt lat="29.281140379607677459716796875" lon="117.24686899222433567047119140625">
        <ele>60.59999847412109375</ele>
        <time>2026-05-05T12:40:52.000Z</time>
        <extensions>
          <ns3:TrackPointExtension>
            <ns3:hr>134</ns3:hr>
            <ns3:cad>92</ns3:cad>
          </ns3:TrackPointExtension>
        </extensions>
      </trkpt>
      <trkpt lat="29.28116728551685810089111328125" lon="117.24684141576290130615234375">
        <ele>60.59999847412109375</ele>
        <time>2026-05-05T12:40:53.000Z</time>
        <extensions>
          <ns3:TrackPointExtension>
            <ns3:hr>133</ns3:hr>
            <ns3:cad>92</ns3:cad>
          </ns3:TrackPointExtension>
        </extensions>
      </trkpt>
      <trkpt lat="29.28118052892386913299560546875" lon="117.24682590924203395843505859375">
        <ele>60.59999847412109375</ele>
        <time>2026-05-05T12:40:54.000Z</time>
        <extensions>
          <ns3:TrackPointExtension>
            <ns3:hr>134</ns3:hr>
            <ns3:cad>92</ns3:cad>
          </ns3:TrackPointExtension>
        </extensions>
      </trkpt>
      <trkpt lat="29.281199388206005096435546875" lon="117.24680344574153423309326171875">
        <ele>60.59999847412109375</ele>
        <time>2026-05-05T12:40:55.000Z</time>
        <extensions>
          <ns3:TrackPointExtension>
            <ns3:hr>134</ns3:hr>
            <ns3:cad>92</ns3:cad>
          </ns3:TrackPointExtension>
        </extensions>
      </trkpt>
      <trkpt lat="29.2812143079936504364013671875" lon="117.24677997641265392303466796875">
        <ele>60.59999847412109375</ele>
        <time>2026-05-05T12:40:56.000Z</time>
        <extensions>
          <ns3:TrackPointExtension>
            <ns3:hr>134</ns3:hr>
            <ns3:cad>92</ns3:cad>
          </ns3:TrackPointExtension>
        </extensions>
      </trkpt>
      <trkpt lat="29.281229563057422637939453125" lon="117.246753908693790435791015625">
        <ele>60.59999847412109375</ele>
        <time>2026-05-05T12:40:57.000Z</time>
        <extensions>
          <ns3:TrackPointExtension>
            <ns3:hr>134</ns3:hr>
            <ns3:cad>92</ns3:cad>
          </ns3:TrackPointExtension>
        </extensions>
      </trkpt>
      <trkpt lat="29.28124138154089450836181640625" lon="117.246728427708148956298828125">
        <ele>60.59999847412109375</ele>
        <time>2026-05-05T12:40:58.000Z</time>
        <extensions>
          <ns3:TrackPointExtension>
            <ns3:hr>134</ns3:hr>
            <ns3:cad>92</ns3:cad>
          </ns3:TrackPointExtension>
        </extensions>
      </trkpt>
      <trkpt lat="29.28125244565308094024658203125" lon="117.24669967778027057647705078125">
        <ele>60.59999847412109375</ele>
        <time>2026-05-05T12:40:59.000Z</time>
        <extensions>
          <ns3:TrackPointExtension>
            <ns3:hr>134</ns3:hr>
            <ns3:cad>92</ns3:cad>
          </ns3:TrackPointExtension>
        </extensions>
      </trkpt>
      <trkpt lat="29.28126099519431591033935546875" lon="117.24667243659496307373046875">
        <ele>60.59999847412109375</ele>
        <time>2026-05-05T12:41:00.000Z</time>
        <extensions>
          <ns3:TrackPointExtension>
            <ns3:hr>134</ns3:hr>
            <ns3:cad>92</ns3:cad>
          </ns3:TrackPointExtension>
        </extensions>
      </trkpt>
      <trkpt lat="29.28126535378396511077880859375" lon="117.24665408022701740264892578125">
        <ele>60.59999847412109375</ele>
        <time>2026-05-05T12:41:01.000Z</time>
        <extensions>
          <ns3:TrackPointExtension>
            <ns3:hr>134</ns3:hr>
            <ns3:cad>92</ns3:cad>
          </ns3:TrackPointExtension>
        </extensions>
      </trkpt>
      <trkpt lat="29.28127289749681949615478515625" lon="117.2466105781495571136474609375">
        <ele>60.59999847412109375</ele>
        <time>2026-05-05T12:41:02.000Z</time>
        <extensions>
          <ns3:TrackPointExtension>
            <ns3:hr>133</ns3:hr>
            <ns3:cad>92</ns3:cad>
          </ns3:TrackPointExtension>
        </extensions>
      </trkpt>
      <trkpt lat="29.2812736518681049346923828125" lon="117.24659590981900691986083984375">
        <ele>60.59999847412109375</ele>
        <time>2026-05-05T12:41:03.000Z</time>
        <extensions>
          <ns3:TrackPointExtension>
            <ns3:hr>134</ns3:hr>
            <ns3:cad>90</ns3:cad>
          </ns3:TrackPointExtension>
        </extensions>
      </trkpt>
      <trkpt lat="29.2812748253345489501953125" lon="117.2465488873422145843505859375">
        <ele>60.59999847412109375</ele>
        <time>2026-05-05T12:41:04.000Z</time>
        <extensions>
          <ns3:TrackPointExtension>
            <ns3:hr>134</ns3:hr>
            <ns3:cad>90</ns3:cad>
          </ns3:TrackPointExtension>
        </extensions>
      </trkpt>
      <trkpt lat="29.2812736518681049346923828125" lon="117.24653237499296665191650390625">
        <ele>60.59999847412109375</ele>
        <time>2026-05-05T12:41:05.000Z</time>
        <extensions>
          <ns3:TrackPointExtension>
            <ns3:hr>133</ns3:hr>
            <ns3:cad>90</ns3:cad>
          </ns3:TrackPointExtension>
        </extensions>
      </trkpt>
      <trkpt lat="29.28126920945942401885986328125" lon="117.24649365060031414031982421875">
        <ele>60.59999847412109375</ele>
        <time>2026-05-05T12:41:06.000Z</time>
        <extensions>
          <ns3:TrackPointExtension>
            <ns3:hr>133</ns3:hr>
            <ns3:cad>90</ns3:cad>
          </ns3:TrackPointExtension>
        </extensions>
      </trkpt>
      <trkpt lat="29.28126476705074310302734375" lon="117.2464717738330364227294921875">
        <ele>60.59999847412109375</ele>
        <time>2026-05-05T12:41:07.000Z</time>
        <extensions>
          <ns3:TrackPointExtension>
            <ns3:hr>133</ns3:hr>
            <ns3:cad>90</ns3:cad>
          </ns3:TrackPointExtension>
        </extensions>
      </trkpt>
      <trkpt lat="29.28125579841434955596923828125" lon="117.246438078582286834716796875">
        <ele>60.59999847412109375</ele>
        <time>2026-05-05T12:41:08.000Z</time>
        <extensions>
          <ns3:TrackPointExtension>
            <ns3:hr>134</ns3:hr>
            <ns3:cad>92</ns3:cad>
          </ns3:TrackPointExtension>
        </extensions>
      </trkpt>
      <trkpt lat="29.28125060163438320159912109375" lon="117.24642273969948291778564453125">
        <ele>60.59999847412109375</ele>
        <time>2026-05-05T12:41:09.000Z</time>
        <extensions>
          <ns3:TrackPointExtension>
            <ns3:hr>134</ns3:hr>
            <ns3:cad>92</ns3:cad>
          </ns3:TrackPointExtension>
        </extensions>
      </trkpt>
      <trkpt lat="29.2812310717999935150146484375" lon="117.246377058327198028564453125">
        <ele>60.59999847412109375</ele>
        <time>2026-05-05T12:41:10.000Z</time>
        <extensions>
          <ns3:TrackPointExtension>
            <ns3:hr>134</ns3:hr>
            <ns3:cad>92</ns3:cad>
          </ns3:TrackPointExtension>
        </extensions>
      </trkpt>
      <trkpt lat="29.281222857534885406494140625" lon="117.24636037833988666534423828125">
        <ele>60.59999847412109375</ele>
        <time>2026-05-05T12:41:11.000Z</time>
        <extensions>
          <ns3:TrackPointExtension>
            <ns3:hr>134</ns3:hr>
            <ns3:cad>91</ns3:cad>
          </ns3:TrackPointExtension>
        </extensions>
      </trkpt>
      <trkpt lat="29.28120064549148082733154296875" lon="117.2463265992701053619384765625">
        <ele>60.59999847412109375</ele>
        <time>2026-05-05T12:41:12.000Z</time>
        <extensions>
          <ns3:TrackPointExtension>
            <ns3:hr>133</ns3:hr>
            <ns3:cad>91</ns3:cad>
          </ns3:TrackPointExtension>
        </extensions>
      </trkpt>
      <trkpt lat="29.28119092248380184173583984375" lon="117.24631302058696746826171875">
        <ele>60.59999847412109375</ele>
        <time>2026-05-05T12:41:13.000Z</time>
        <extensions>
          <ns3:TrackPointExtension>
            <ns3:hr>134</ns3:hr>
            <ns3:cad>91</ns3:cad>
          </ns3:TrackPointExtension>
        </extensions>
      </trkpt>
      <trkpt lat="29.28116074763238430023193359375" lon="117.2462793253362178802490234375">
        <ele>60.59999847412109375</ele>
        <time>2026-05-05T12:41:14.000Z</time>
        <extensions>
          <ns3:TrackPointExtension>
            <ns3:hr>135</ns3:hr>
            <ns3:cad>92</ns3:cad>
          </ns3:TrackPointExtension>
        </extensions>
      </trkpt>
      <trkpt lat="29.2811546288430690765380859375" lon="117.24627404473721981048583984375">
        <ele>60.59999847412109375</ele>
        <time>2026-05-05T12:41:15.000Z</time>
        <extensions>
          <ns3:TrackPointExtension>
            <ns3:hr>135</ns3:hr>
            <ns3:cad>92</ns3:cad>
          </ns3:TrackPointExtension>
        </extensions>
      </trkpt>
      <trkpt lat="29.28112554363906383514404296875" lon="117.24624973721802234649658203125">
        <ele>60.59999847412109375</ele>
        <time>2026-05-05T12:41:16.000Z</time>
        <extensions>
          <ns3:TrackPointExtension>
            <ns3:hr>135</ns3:hr>
            <ns3:cad>92</ns3:cad>
          </ns3:TrackPointExtension>
        </extensions>
      </trkpt>
      <trkpt lat="29.28111179731786251068115234375" lon="117.2462407685816287994384765625">
        <ele>60.59999847412109375</ele>
        <time>2026-05-05T12:41:17.000Z</time>
        <extensions>
          <ns3:TrackPointExtension>
            <ns3:hr>135</ns3:hr>
            <ns3:cad>92</ns3:cad>
          </ns3:TrackPointExtension>
        </extensions>
      </trkpt>
      <trkpt lat="29.28108581341803073883056640625" lon="117.24622492678463459014892578125">
        <ele>60.59999847412109375</ele>
        <time>2026-05-05T12:41:18.000Z</time>
        <extensions>
          <ns3:TrackPointExtension>
            <ns3:hr>135</ns3:hr>
            <ns3:cad>92</ns3:cad>
          </ns3:TrackPointExtension>
        </extensions>
      </trkpt>
      <trkpt lat="29.281068630516529083251953125" lon="117.24621704779565334320068359375">
        <ele>60.59999847412109375</ele>
        <time>2026-05-05T12:41:19.000Z</time>
        <extensions>
          <ns3:TrackPointExtension>
            <ns3:hr>134</ns3:hr>
            <ns3:cad>92</ns3:cad>
          </ns3:TrackPointExtension>
        </extensions>
      </trkpt>
      <trkpt lat="29.28103921003639698028564453125" lon="117.24620497785508632659912109375">
        <ele>60.59999847412109375</ele>
        <time>2026-05-05T12:41:20.000Z</time>
        <extensions>
          <ns3:TrackPointExtension>
            <ns3:hr>135</ns3:hr>
            <ns3:cad>92</ns3:cad>
          </ns3:TrackPointExtension>
        </extensions>
      </trkpt>
      <trkpt lat="29.28101800382137298583984375" lon="117.24619978107511997222900390625">
        <ele>60.59999847412109375</ele>
        <time>2026-05-05T12:41:21.000Z</time>
        <extensions>
          <ns3:TrackPointExtension>
            <ns3:hr>135</ns3:hr>
            <ns3:cad>92</ns3:cad>
          </ns3:TrackPointExtension>
        </extensions>
      </trkpt>
      <trkpt lat="29.28098984062671661376953125" lon="117.24619357846677303314208984375">
        <ele>60.59999847412109375</ele>
        <time>2026-05-05T12:41:22.000Z</time>
        <extensions>
          <ns3:TrackPointExtension>
            <ns3:hr>135</ns3:hr>
            <ns3:cad>92</ns3:cad>
          </ns3:TrackPointExtension>
        </extensions>
      </trkpt>
      <trkpt lat="29.280965365469455718994140625" lon="117.246191985905170440673828125">
        <ele>60.59999847412109375</ele>
        <time>2026-05-05T12:41:23.000Z</time>
        <extensions>
          <ns3:TrackPointExtension>
            <ns3:hr>135</ns3:hr>
            <ns3:cad>92</ns3:cad>
          </ns3:TrackPointExtension>
        </extensions>
      </trkpt>
      <trkpt lat="29.2809444107115268707275390625" lon="117.2461908124387264251708984375">
        <ele>60.59999847412109375</ele>
        <time>2026-05-05T12:41:24.000Z</time>
        <extensions>
          <ns3:TrackPointExtension>
            <ns3:hr>135</ns3:hr>
            <ns3:cad>92</ns3:cad>
          </ns3:TrackPointExtension>
        </extensions>
      </trkpt>
      <trkpt lat="29.28090426139533519744873046875" lon="117.24619475193321704864501953125">
        <ele>60.59999847412109375</ele>
        <time>2026-05-05T12:41:25.000Z</time>
        <extensions>
          <ns3:TrackPointExtension>
            <ns3:hr>135</ns3:hr>
            <ns3:cad>91</ns3:cad>
          </ns3:TrackPointExtension>
        </extensions>
      </trkpt>
      <trkpt lat="29.28088615648448467254638671875" lon="117.24619877524673938751220703125">
        <ele>60.59999847412109375</ele>
        <time>2026-05-05T12:41:26.000Z</time>
        <extensions>
          <ns3:TrackPointExtension>
            <ns3:hr>135</ns3:hr>
            <ns3:cad>92</ns3:cad>
          </ns3:TrackPointExtension>
        </extensions>
      </trkpt>
      <trkpt lat="29.28085179068148136138916015625" lon="117.24620833061635494232177734375">
        <ele>60.59999847412109375</ele>
        <time>2026-05-05T12:41:27.000Z</time>
        <extensions>
          <ns3:TrackPointExtension>
            <ns3:hr>135</ns3:hr>
            <ns3:cad>91</ns3:cad>
          </ns3:TrackPointExtension>
        </extensions>
      </trkpt>
      <trkpt lat="29.280840642750263214111328125" lon="117.2462132759392261505126953125">
        <ele>60.59999847412109375</ele>
        <time>2026-05-05T12:41:28.000Z</time>
        <extensions>
          <ns3:TrackPointExtension>
            <ns3:hr>135</ns3:hr>
            <ns3:cad>92</ns3:cad>
          </ns3:TrackPointExtension>
        </extensions>
      </trkpt>
      <trkpt lat="29.28080200217664241790771484375" lon="117.2462323866784572601318359375">
        <ele>60.59999847412109375</ele>
        <time>2026-05-05T12:41:29.000Z</time>
        <extensions>
          <ns3:TrackPointExtension>
            <ns3:hr>135</ns3:hr>
            <ns3:cad>92</ns3:cad>
          </ns3:TrackPointExtension>
        </extensions>
      </trkpt>
      <trkpt lat="29.28078691475093364715576171875" lon="117.24624202586710453033447265625">
        <ele>60.59999847412109375</ele>
        <time>2026-05-05T12:41:30.000Z</time>
        <extensions>
          <ns3:TrackPointExtension>
            <ns3:hr>135</ns3:hr>
            <ns3:cad>92</ns3:cad>
          </ns3:TrackPointExtension>
        </extensions>
      </trkpt>
      <trkpt lat="29.2807553149759769439697265625" lon="117.24626616574823856353759765625">
        <ele>60.59999847412109375</ele>
        <time>2026-05-05T12:41:31.000Z</time>
        <extensions>
          <ns3:TrackPointExtension>
            <ns3:hr>135</ns3:hr>
            <ns3:cad>92</ns3:cad>
          </ns3:TrackPointExtension>
        </extensions>
      </trkpt>
      <trkpt lat="29.28074399940669536590576171875" lon="117.24627605639398097991943359375">
        <ele>60.59999847412109375</ele>
        <time>2026-05-05T12:41:32.000Z</time>
        <extensions>
          <ns3:TrackPointExtension>
            <ns3:hr>135</ns3:hr>
            <ns3:cad>90</ns3:cad>
          </ns3:TrackPointExtension>
        </extensions>
      </trkpt>
      <trkpt lat="29.28070913068950176239013671875" lon="117.24631033837795257568359375">
        <ele>60.59999847412109375</ele>
        <time>2026-05-05T12:41:33.000Z</time>
        <extensions>
          <ns3:TrackPointExtension>
            <ns3:hr>135</ns3:hr>
            <ns3:cad>90</ns3:cad>
          </ns3:TrackPointExtension>
        </extensions>
      </trkpt>
      <trkpt lat="29.2806993238627910614013671875" lon="117.24632031284272670745849609375">
        <ele>60.59999847412109375</ele>
        <time>2026-05-05T12:41:34.000Z</time>
        <extensions>
          <ns3:TrackPointExtension>
            <ns3:hr>135</ns3:hr>
            <ns3:cad>90</ns3:cad>
          </ns3:TrackPointExtension>
        </extensions>
      </trkpt>
      <trkpt lat="29.2806654609739780426025390625" lon="117.24635484628379344940185546875">
        <ele>60.59999847412109375</ele>
        <time>2026-05-05T12:41:35.000Z</time>
        <extensions>
          <ns3:TrackPointExtension>
            <ns3:hr>135</ns3:hr>
            <ns3:cad>90</ns3:cad>
          </ns3:TrackPointExtension>
        </extensions>
      </trkpt>
      <trkpt lat="29.28065582178533077239990234375" lon="117.246364653110504150390625">
        <ele>60.59999847412109375</ele>
        <time>2026-05-05T12:41:36.000Z</time>
        <extensions>
          <ns3:TrackPointExtension>
            <ns3:hr>135</ns3:hr>
            <ns3:cad>90</ns3:cad>
          </ns3:TrackPointExtension>
        </extensions>
      </trkpt>
      <trkpt lat="29.2806243896484375" lon="117.24639675579965114593505859375">
        <ele>60.59999847412109375</ele>
        <time>2026-05-05T12:41:37.000Z</time>
        <extensions>
          <ns3:TrackPointExtension>
            <ns3:hr>135</ns3:hr>
            <ns3:cad>91</ns3:cad>
          </ns3:TrackPointExtension>
        </extensions>
      </trkpt>
      <trkpt lat="29.2806155048310756683349609375" lon="117.24640580825507640838623046875">
        <ele>60.59999847412109375</ele>
        <time>2026-05-05T12:41:38.000Z</time>
        <extensions>
          <ns3:TrackPointExtension>
            <ns3:hr>135</ns3:hr>
            <ns3:cad>91</ns3:cad>
          </ns3:TrackPointExtension>
        </extensions>
      </trkpt>
      <trkpt lat="29.28058482706546783447265625" lon="117.24643715657293796539306640625">
        <ele>60.59999847412109375</ele>
        <time>2026-05-05T12:41:39.000Z</time>
        <extensions>
          <ns3:TrackPointExtension>
            <ns3:hr>134</ns3:hr>
            <ns3:cad>91</ns3:cad>
          </ns3:TrackPointExtension>
        </extensions>
      </trkpt>
      <trkpt lat="29.28057703189551830291748046875" lon="117.246445119380950927734375">
        <ele>60.59999847412109375</ele>
        <time>2026-05-05T12:41:40.000Z</time>
        <extensions>
          <ns3:TrackPointExtension>
            <ns3:hr>134</ns3:hr>
            <ns3:cad>91</ns3:cad>
          </ns3:TrackPointExtension>
        </extensions>
      </trkpt>
      <trkpt lat="29.2805471085011959075927734375" lon="117.246475629508495330810546875">
        <ele>60.59999847412109375</ele>
        <time>2026-05-05T12:41:41.000Z</time>
        <extensions>
          <ns3:TrackPointExtension>
            <ns3:hr>134</ns3:hr>
            <ns3:cad>91</ns3:cad>
          </ns3:TrackPointExtension>
        </extensions>
      </trkpt>
      <trkpt lat="29.2805417440831661224365234375" lon="117.24648107774555683135986328125">
        <ele>60.59999847412109375</ele>
        <time>2026-05-05T12:41:42.000Z</time>
        <extensions>
          <ns3:TrackPointExtension>
            <ns3:hr>133</ns3:hr>
            <ns3:cad>90</ns3:cad>
          </ns3:TrackPointExtension>
        </extensions>
      </trkpt>
      <trkpt lat="29.28051282651722431182861328125" lon="117.24651058204472064971923828125">
        <ele>60.59999847412109375</ele>
        <time>2026-05-05T12:41:43.000Z</time>
        <extensions>
          <ns3:TrackPointExtension>
            <ns3:hr>134</ns3:hr>
            <ns3:cad>90</ns3:cad>
          </ns3:TrackPointExtension>
        </extensions>
      </trkpt>
      <trkpt lat="29.2804994992911815643310546875" lon="117.2465242445468902587890625">
        <ele>60.59999847412109375</ele>
        <time>2026-05-05T12:41:44.000Z</time>
        <extensions>
          <ns3:TrackPointExtension>
            <ns3:hr>134</ns3:hr>
            <ns3:cad>90</ns3:cad>
          </ns3:TrackPointExtension>
        </extensions>
      </trkpt>
      <trkpt lat="29.2804755270481109619140625" lon="117.24654863588511943817138671875">
        <ele>60.59999847412109375</ele>
        <time>2026-05-05T12:41:45.000Z</time>
        <extensions>
          <ns3:TrackPointExtension>
            <ns3:hr>133</ns3:hr>
            <ns3:cad>89</ns3:cad>
          </ns3:TrackPointExtension>
        </extensions>
      </trkpt>
      <trkpt lat="29.28045599721372127532958984375" lon="117.24656858481466770172119140625">
        <ele>60.59999847412109375</ele>
        <time>2026-05-05T12:41:46.000Z</time>
        <extensions>
          <ns3:TrackPointExtension>
            <ns3:hr>134</ns3:hr>
            <ns3:cad>89</ns3:cad>
          </ns3:TrackPointExtension>
        </extensions>
      </trkpt>
      <trkpt lat="29.28043571300804615020751953125" lon="117.24658928811550140380859375">
        <ele>60.59999847412109375</ele>
        <time>2026-05-05T12:41:47.000Z</time>
        <extensions>
          <ns3:TrackPointExtension>
            <ns3:hr>134</ns3:hr>
            <ns3:cad>90</ns3:cad>
          </ns3:TrackPointExtension>
        </extensions>
      </trkpt>
      <trkpt lat="29.280419535934925079345703125" lon="117.24660580046474933624267578125">
        <ele>60.59999847412109375</ele>
        <time>2026-05-05T12:41:48.000Z</time>
        <extensions>
          <ns3:TrackPointExtension>
            <ns3:hr>134</ns3:hr>
            <ns3:cad>90</ns3:cad>
          </ns3:TrackPointExtension>
        </extensions>
      </trkpt>
      <trkpt lat="29.28039799444377422332763671875" lon="117.24662776105105876922607421875">
        <ele>60.59999847412109375</ele>
        <time>2026-05-05T12:41:49.000Z</time>
        <extensions>
          <ns3:TrackPointExtension>
            <ns3:hr>134</ns3:hr>
            <ns3:cad>90</ns3:cad>
          </ns3:TrackPointExtension>
        </extensions>
      </trkpt>
      <trkpt lat="29.2803841643035411834716796875" lon="117.24664184264838695526123046875">
        <ele>60.59999847412109375</ele>
        <time>2026-05-05T12:41:50.000Z</time>
        <extensions>
          <ns3:TrackPointExtension>
            <ns3:hr>133</ns3:hr>
            <ns3:cad>90</ns3:cad>
          </ns3:TrackPointExtension>
        </extensions>
      </trkpt>
      <trkpt lat="29.2803600244224071502685546875" lon="117.24666648544371128082275390625">
        <ele>60.59999847412109375</ele>
        <time>2026-05-05T12:41:51.000Z</time>
        <extensions>
          <ns3:TrackPointExtension>
            <ns3:hr>133</ns3:hr>
            <ns3:cad>90</ns3:cad>
          </ns3:TrackPointExtension>
        </extensions>
      </trkpt>
      <trkpt lat="29.280344434082508087158203125" lon="117.24668241105973720550537109375">
        <ele>60.59999847412109375</ele>
        <time>2026-05-05T12:41:52.000Z</time>
        <extensions>
          <ns3:TrackPointExtension>
            <ns3:hr>133</ns3:hr>
            <ns3:cad>90</ns3:cad>
          </ns3:TrackPointExtension>
        </extensions>
      </trkpt>
      <trkpt lat="29.280322305858135223388671875" lon="117.246704958379268646240234375">
        <ele>60.59999847412109375</ele>
        <time>2026-05-05T12:41:53.000Z</time>
        <extensions>
          <ns3:TrackPointExtension>
            <ns3:hr>133</ns3:hr>
            <ns3:cad>91</ns3:cad>
          </ns3:TrackPointExtension>
        </extensions>
      </trkpt>
      <trkpt lat="29.280306212604045867919921875" lon="117.24672138690948486328125">
        <ele>60.59999847412109375</ele>
        <time>2026-05-05T12:41:54.000Z</time>
        <extensions>
          <ns3:TrackPointExtension>
            <ns3:hr>134</ns3:hr>
            <ns3:cad>91</ns3:cad>
          </ns3:TrackPointExtension>
        </extensions>
      </trkpt>
      <trkpt lat="29.28028450347483158111572265625" lon="117.24674359895288944244384765625">
        <ele>60.59999847412109375</ele>
        <time>2026-05-05T12:41:55.000Z</time>
        <extensions>
          <ns3:TrackPointExtension>
            <ns3:hr>134</ns3:hr>
            <ns3:cad>90</ns3:cad>
          </ns3:TrackPointExtension>
        </extensions>
      </trkpt>
      <trkpt lat="29.2802681587636470794677734375" lon="117.2467602789402008056640625">
        <ele>60.59999847412109375</ele>
        <time>2026-05-05T12:41:56.000Z</time>
        <extensions>
          <ns3:TrackPointExtension>
            <ns3:hr>134</ns3:hr>
            <ns3:cad>90</ns3:cad>
          </ns3:TrackPointExtension>
        </extensions>
      </trkpt>
      <trkpt lat="29.28024477325379848480224609375" lon="117.24678416736423969268798828125">
        <ele>60.59999847412109375</ele>
        <time>2026-05-05T12:41:57.000Z</time>
        <extensions>
          <ns3:TrackPointExtension>
            <ns3:hr>134</ns3:hr>
            <ns3:cad>91</ns3:cad>
          </ns3:TrackPointExtension>
        </extensions>
      </trkpt>
      <trkpt lat="29.2802260816097259521484375" lon="117.2468031942844390869140625">
        <ele>60.59999847412109375</ele>
        <time>2026-05-05T12:41:58.000Z</time>
        <extensions>
          <ns3:TrackPointExtension>
            <ns3:hr>134</ns3:hr>
            <ns3:cad>92</ns3:cad>
          </ns3:TrackPointExtension>
        </extensions>
      </trkpt>
      <trkpt lat="29.28020688705146312713623046875" lon="117.2468228079378604888916015625">
        <ele>60.59999847412109375</ele>
        <time>2026-05-05T12:41:59.000Z</time>
        <extensions>
          <ns3:TrackPointExtension>
            <ns3:hr>135</ns3:hr>
            <ns3:cad>92</ns3:cad>
          </ns3:TrackPointExtension>
        </extensions>
      </trkpt>
      <trkpt lat="29.28018090315163135528564453125" lon="117.24684921093285083770751953125">
        <ele>60.59999847412109375</ele>
        <time>2026-05-05T12:42:00.000Z</time>
        <extensions>
          <ns3:TrackPointExtension>
            <ns3:hr>135</ns3:hr>
            <ns3:cad>92</ns3:cad>
          </ns3:TrackPointExtension>
        </extensions>
      </trkpt>
      <trkpt lat="29.280162714421749114990234375" lon="117.246867902576923370361328125">
        <ele>60.59999847412109375</ele>
        <time>2026-05-05T12:42:01.000Z</time>
        <extensions>
          <ns3:TrackPointExtension>
            <ns3:hr>135</ns3:hr>
            <ns3:cad>92</ns3:cad>
          </ns3:TrackPointExtension>
        </extensions>
      </trkpt>
      <trkpt lat="29.280139245092868804931640625" lon="117.2468943893909454345703125">
        <ele>60.59999847412109375</ele>
        <time>2026-05-05T12:42:02.000Z</time>
        <extensions>
          <ns3:TrackPointExtension>
            <ns3:hr>136</ns3:hr>
            <ns3:cad>92</ns3:cad>
          </ns3:TrackPointExtension>
        </extensions>
      </trkpt>
      <trkpt lat="29.28012709133327007293701171875" lon="117.2469086386263370513916015625">
        <ele>60.59999847412109375</ele>
        <time>2026-05-05T12:42:03.000Z</time>
        <extensions>
          <ns3:TrackPointExtension>
            <ns3:hr>136</ns3:hr>
            <ns3:cad>92</ns3:cad>
          </ns3:TrackPointExtension>
        </extensions>
      </trkpt>
      <trkpt lat="29.2801042087376117706298828125" lon="117.246943004429340362548828125">
        <ele>60.59999847412109375</ele>
        <time>2026-05-05T12:42:04.000Z</time>
        <extensions>
          <ns3:TrackPointExtension>
            <ns3:hr>136</ns3:hr>
            <ns3:cad>92</ns3:cad>
          </ns3:TrackPointExtension>
        </extensions>
      </trkpt>
      <trkpt lat="29.28009540773928165435791015625" lon="117.246957086026668548583984375">
        <ele>60.59999847412109375</ele>
        <time>2026-05-05T12:42:05.000Z</time>
        <extensions>
          <ns3:TrackPointExtension>
            <ns3:hr>136</ns3:hr>
            <ns3:cad>91</ns3:cad>
          </ns3:TrackPointExtension>
        </extensions>
      </trkpt>
      <trkpt lat="29.28007361479103565216064453125" lon="117.2470048628747463226318359375">
        <ele>60.59999847412109375</ele>
        <time>2026-05-05T12:42:06.000Z</time>
        <extensions>
          <ns3:TrackPointExtension>
            <ns3:hr>136</ns3:hr>
            <ns3:cad>91</ns3:cad>
          </ns3:TrackPointExtension>
        </extensions>
      </trkpt>
      <trkpt lat="29.2800676636397838592529296875" lon="117.24702372215688228607177734375">
        <ele>60.59999847412109375</ele>
        <time>2026-05-05T12:42:07.000Z</time>
        <extensions>
          <ns3:TrackPointExtension>
            <ns3:hr>136</ns3:hr>
            <ns3:cad>91</ns3:cad>
          </ns3:TrackPointExtension>
        </extensions>
      </trkpt>
      <trkpt lat="29.2800562642514705657958984375" lon="117.2470655478537082672119140625">
        <ele>60.59999847412109375</ele>
        <time>2026-05-05T12:42:08.000Z</time>
        <extensions>
          <ns3:TrackPointExtension>
            <ns3:hr>136</ns3:hr>
            <ns3:cad>90</ns3:cad>
          </ns3:TrackPointExtension>
        </extensions>
      </trkpt>
      <trkpt lat="29.2800532467663288116455078125" lon="117.24708222784101963043212890625">
        <ele>60.59999847412109375</ele>
        <time>2026-05-05T12:42:09.000Z</time>
        <extensions>
          <ns3:TrackPointExtension>
            <ns3:hr>136</ns3:hr>
            <ns3:cad>90</ns3:cad>
          </ns3:TrackPointExtension>
        </extensions>
      </trkpt>
      <trkpt lat="29.28004796616733074188232421875" lon="117.247128076851367950439453125">
        <ele>60.59999847412109375</ele>
        <time>2026-05-05T12:42:10.000Z</time>
        <extensions>
          <ns3:TrackPointExtension>
            <ns3:hr>136</ns3:hr>
            <ns3:cad>90</ns3:cad>
          </ns3:TrackPointExtension>
        </extensions>
      </trkpt>
      <trkpt lat="29.2800468765199184417724609375" lon="117.2471486963331699371337890625">
        <ele>60.59999847412109375</ele>
        <time>2026-05-05T12:42:11.000Z</time>
        <extensions>
          <ns3:TrackPointExtension>
            <ns3:hr>136</ns3:hr>
            <ns3:cad>90</ns3:cad>
          </ns3:TrackPointExtension>
        </extensions>
      </trkpt>
      <trkpt lat="29.2800488881766796112060546875" lon="117.2471926175057888031005859375">
        <ele>60.59999847412109375</ele>
        <time>2026-05-05T12:42:12.000Z</time>
        <extensions>
          <ns3:TrackPointExtension>
            <ns3:hr>136</ns3:hr>
            <ns3:cad>90</ns3:cad>
          </ns3:TrackPointExtension>
        </extensions>
      </trkpt>
      <trkpt lat="29.2800502292811870574951171875" lon="117.24721030332148075103759765625">
        <ele>60.59999847412109375</ele>
        <time>2026-05-05T12:42:13.000Z</time>
        <extensions>
          <ns3:TrackPointExtension>
            <ns3:hr>135</ns3:hr>
            <ns3:cad>90</ns3:cad>
          </ns3:TrackPointExtension>
        </extensions>
      </trkpt>
      <trkpt lat="29.2800586111843585968017578125" lon="117.24725321866571903228759765625">
        <ele>60.59999847412109375</ele>
        <time>2026-05-05T12:42:14.000Z</time>
        <extensions>
          <ns3:TrackPointExtension>
            <ns3:hr>135</ns3:hr>
            <ns3:cad>90</ns3:cad>
          </ns3:TrackPointExtension>
        </extensions>
      </trkpt>
      <trkpt lat="29.28006338886916637420654296875" lon="117.24727149121463298797607421875">
        <ele>60.59999847412109375</ele>
        <time>2026-05-05T12:42:15.000Z</time>
        <extensions>
          <ns3:TrackPointExtension>
            <ns3:hr>135</ns3:hr>
            <ns3:cad>90</ns3:cad>
          </ns3:TrackPointExtension>
        </extensions>
      </trkpt>
      <trkpt lat="29.28007730282843112945556640625" lon="117.2473126463592052459716796875">
        <ele>60.59999847412109375</ele>
        <time>2026-05-05T12:42:16.000Z</time>
        <extensions>
          <ns3:TrackPointExtension>
            <ns3:hr>135</ns3:hr>
            <ns3:cad>91</ns3:cad>
          </ns3:TrackPointExtension>
        </extensions>
      </trkpt>
      <trkpt lat="29.28008283488452434539794921875" lon="117.2473240457475185394287109375">
        <ele>60.59999847412109375</ele>
        <time>2026-05-05T12:42:17.000Z</time>
        <extensions>
          <ns3:TrackPointExtension>
            <ns3:hr>135</ns3:hr>
            <ns3:cad>91</ns3:cad>
          </ns3:TrackPointExtension>
        </extensions>
      </trkpt>
      <trkpt lat="29.28010161034762859344482421875" lon="117.2473615966737270355224609375">
        <ele>60.59999847412109375</ele>
        <time>2026-05-05T12:42:18.000Z</time>
        <extensions>
          <ns3:TrackPointExtension>
            <ns3:hr>135</ns3:hr>
            <ns3:cad>91</ns3:cad>
          </ns3:TrackPointExtension>
        </extensions>
      </trkpt>
      <trkpt lat="29.28010764531791210174560546875" lon="117.24737056531012058258056640625">
        <ele>60.59999847412109375</ele>
        <time>2026-05-05T12:42:19.000Z</time>
        <extensions>
          <ns3:TrackPointExtension>
            <ns3:hr>135</ns3:hr>
            <ns3:cad>91</ns3:cad>
          </ns3:TrackPointExtension>
        </extensions>
      </trkpt>
      <trkpt lat="29.280135221779346466064453125" lon="117.24740928970277309417724609375">
        <ele>60.59999847412109375</ele>
        <time>2026-05-05T12:42:20.000Z</time>
        <extensions>
          <ns3:TrackPointExtension>
            <ns3:hr>134</ns3:hr>
            <ns3:cad>91</ns3:cad>
          </ns3:TrackPointExtension>
        </extensions>
      </trkpt>
      <trkpt lat="29.2801380716264247894287109375" lon="117.24741247482597827911376953125">
        <ele>60.59999847412109375</ele>
        <time>2026-05-05T12:42:21.000Z</time>
        <extensions>
          <ns3:TrackPointExtension>
            <ns3:hr>134</ns3:hr>
            <ns3:cad>90</ns3:cad>
          </ns3:TrackPointExtension>
        </extensions>
      </trkpt>
      <trkpt lat="29.2801685817539691925048828125" lon="117.24744466133415699005126953125">
        <ele>60.59999847412109375</ele>
        <time>2026-05-05T12:42:22.000Z</time>
        <extensions>
          <ns3:TrackPointExtension>
            <ns3:hr>134</ns3:hr>
            <ns3:cad>90</ns3:cad>
          </ns3:TrackPointExtension>
        </extensions>
      </trkpt>
      <trkpt lat="29.28018517792224884033203125" lon="117.2474584914743900299072265625">
        <ele>60.59999847412109375</ele>
        <time>2026-05-05T12:42:23.000Z</time>
        <extensions>
          <ns3:TrackPointExtension>
            <ns3:hr>134</ns3:hr>
            <ns3:cad>90</ns3:cad>
          </ns3:TrackPointExtension>
        </extensions>
      </trkpt>
      <trkpt lat="29.2802094854414463043212890625" lon="117.24747651256620883941650390625">
        <ele>60.59999847412109375</ele>
        <time>2026-05-05T12:42:24.000Z</time>
        <extensions>
          <ns3:TrackPointExtension>
            <ns3:hr>135</ns3:hr>
            <ns3:cad>90</ns3:cad>
          </ns3:TrackPointExtension>
        </extensions>
      </trkpt>
      <trkpt lat="29.280227757990360260009765625" lon="117.24748757667839527130126953125">
        <ele>60.59999847412109375</ele>
        <time>2026-05-05T12:42:25.000Z</time>
        <extensions>
          <ns3:TrackPointExtension>
            <ns3:hr>134</ns3:hr>
            <ns3:cad>90</ns3:cad>
          </ns3:TrackPointExtension>
        </extensions>
      </trkpt>
      <trkpt lat="29.2802529036998748779296875" lon="117.2475004009902477264404296875">
        <ele>60.59999847412109375</ele>
        <time>2026-05-05T12:42:26.000Z</time>
        <extensions>
          <ns3:TrackPointExtension>
            <ns3:hr>135</ns3:hr>
            <ns3:cad>91</ns3:cad>
          </ns3:TrackPointExtension>
        </extensions>
      </trkpt>
      <trkpt lat="29.28027763031423091888427734375" lon="117.24751054309308528900146484375">
        <ele>60.59999847412109375</ele>
        <time>2026-05-05T12:42:27.000Z</time>
        <extensions>
          <ns3:TrackPointExtension>
            <ns3:hr>135</ns3:hr>
            <ns3:cad>91</ns3:cad>
          </ns3:TrackPointExtension>
        </extensions>
      </trkpt>
      <trkpt lat="29.28031316958367824554443359375" lon="117.24752001464366912841796875">
        <ele>60.59999847412109375</ele>
        <time>2026-05-05T12:42:28.000Z</time>
        <extensions>
          <ns3:TrackPointExtension>
            <ns3:hr>135</ns3:hr>
            <ns3:cad>91</ns3:cad>
          </ns3:TrackPointExtension>
        </extensions>
      </trkpt>
      <trkpt lat="29.280330352485179901123046875" lon="117.24752395413815975189208984375">
        <ele>60.59999847412109375</ele>
        <time>2026-05-05T12:42:29.000Z</time>
        <extensions>
          <ns3:TrackPointExtension>
            <ns3:hr>135</ns3:hr>
            <ns3:cad>91</ns3:cad>
          </ns3:TrackPointExtension>
        </extensions>
      </trkpt>
      <trkpt lat="29.28036262281239032745361328125" lon="117.24752604961395263671875">
        <ele>60.59999847412109375</ele>
        <time>2026-05-05T12:42:30.000Z</time>
        <extensions>
          <ns3:TrackPointExtension>
            <ns3:hr>135</ns3:hr>
            <ns3:cad>91</ns3:cad>
          </ns3:TrackPointExtension>
        </extensions>
      </trkpt>
      <trkpt lat="29.28038659505546092987060546875" lon="117.24752596579492092132568359375">
        <ele>60.59999847412109375</ele>
        <time>2026-05-05T12:42:31.000Z</time>
        <extensions>
          <ns3:TrackPointExtension>
            <ns3:hr>136</ns3:hr>
            <ns3:cad>91</ns3:cad>
          </ns3:TrackPointExtension>
        </extensions>
      </trkpt>
      <trkpt lat="29.2804197035729885101318359375" lon="117.24752269685268402099609375">
        <ele>60.59999847412109375</ele>
        <time>2026-05-05T12:42:32.000Z</time>
        <extensions>
          <ns3:TrackPointExtension>
            <ns3:hr>135</ns3:hr>
            <ns3:cad>91</ns3:cad>
          </ns3:TrackPointExtension>
        </extensions>
      </trkpt>
      <trkpt lat="29.28043973632156848907470703125" lon="117.2475178353488445281982421875">
        <ele>60.59999847412109375</ele>
        <time>2026-05-05T12:42:33.000Z</time>
        <extensions>
          <ns3:TrackPointExtension>
            <ns3:hr>135</ns3:hr>
            <ns3:cad>92</ns3:cad>
          </ns3:TrackPointExtension>
        </extensions>
      </trkpt>
      <trkpt lat="29.2804656364023685455322265625" lon="117.247510962188243865966796875">
        <ele>60.59999847412109375</ele>
        <time>2026-05-05T12:42:34.000Z</time>
        <extensions>
          <ns3:TrackPointExtension>
            <ns3:hr>134</ns3:hr>
            <ns3:cad>92</ns3:cad>
          </ns3:TrackPointExtension>
        </extensions>
      </trkpt>
      <trkpt lat="29.28049002774059772491455078125" lon="117.2475004009902477264404296875">
        <ele>60.59999847412109375</ele>
        <time>2026-05-05T12:42:35.000Z</time>
        <extensions>
          <ns3:TrackPointExtension>
            <ns3:hr>134</ns3:hr>
            <ns3:cad>92</ns3:cad>
          </ns3:TrackPointExtension>
        </extensions>
      </trkpt>
      <trkpt lat="29.2805152572691440582275390625" lon="117.2474883310496807098388671875">
        <ele>60.59999847412109375</ele>
        <time>2026-05-05T12:42:36.000Z</time>
        <extensions>
          <ns3:TrackPointExtension>
            <ns3:hr>133</ns3:hr>
            <ns3:cad>92</ns3:cad>
          </ns3:TrackPointExtension>
        </extensions>
      </trkpt>
      <trkpt lat="29.280536882579326629638671875" lon="117.24747433327138423919677734375">
        <ele>60.59999847412109375</ele>
        <time>2026-05-05T12:42:37.000Z</time>
        <extensions>
          <ns3:TrackPointExtension>
            <ns3:hr>133</ns3:hr>
            <ns3:cad>90</ns3:cad>
          </ns3:TrackPointExtension>
        </extensions>
      </trkpt>
      <trkpt lat="29.28056060336530208587646484375" lon="117.2474568150937557220458984375">
        <ele>60.59999847412109375</ele>
        <time>2026-05-05T12:42:38.000Z</time>
        <extensions>
          <ns3:TrackPointExtension>
            <ns3:hr>132</ns3:hr>
            <ns3:cad>90</ns3:cad>
          </ns3:TrackPointExtension>
        </extensions>
      </trkpt>
      <trkpt lat="29.2805796302855014801025390625" lon="117.24743996746838092803955078125">
        <ele>60.59999847412109375</ele>
        <time>2026-05-05T12:42:39.000Z</time>
        <extensions>
          <ns3:TrackPointExtension>
            <ns3:hr>132</ns3:hr>
            <ns3:cad>90</ns3:cad>
          </ns3:TrackPointExtension>
        </extensions>
      </trkpt>
      <trkpt lat="29.2806030996143817901611328125" lon="117.2474172525107860565185546875">
        <ele>60.59999847412109375</ele>
        <time>2026-05-05T12:42:40.000Z</time>
        <extensions>
          <ns3:TrackPointExtension>
            <ns3:hr>131</ns3:hr>
            <ns3:cad>90</ns3:cad>
          </ns3:TrackPointExtension>
        </extensions>
      </trkpt>
      <trkpt lat="29.280623383820056915283203125" lon="117.24739654920995235443115234375">
        <ele>60.59999847412109375</ele>
        <time>2026-05-05T12:42:41.000Z</time>
        <extensions>
          <ns3:TrackPointExtension>
            <ns3:hr>130</ns3:hr>
            <ns3:cad>90</ns3:cad>
          </ns3:TrackPointExtension>
        </extensions>
      </trkpt>
      <trkpt lat="29.280641488730907440185546875" lon="117.24737810902297496795654296875">
        <ele>60.59999847412109375</ele>
        <time>2026-05-05T12:42:42.000Z</time>
        <extensions>
          <ns3:TrackPointExtension>
            <ns3:hr>129</ns3:hr>
            <ns3:cad>90</ns3:cad>
          </ns3:TrackPointExtension>
        </extensions>
      </trkpt>
      <trkpt lat="29.28065934218466281890869140625" lon="117.24735983647406101226806640625">
        <ele>60.59999847412109375</ele>
        <time>2026-05-05T12:42:43.000Z</time>
        <extensions>
          <ns3:TrackPointExtension>
            <ns3:hr>128</ns3:hr>
            <ns3:cad>91</ns3:cad>
          </ns3:TrackPointExtension>
        </extensions>
      </trkpt>
      <trkpt lat="29.28068297915160655975341796875" lon="117.2473357804119586944580078125">
        <ele>60.59999847412109375</ele>
        <time>2026-05-05T12:42:44.000Z</time>
        <extensions>
          <ns3:TrackPointExtension>
            <ns3:hr>126</ns3:hr>
            <ns3:cad>91</ns3:cad>
          </ns3:TrackPointExtension>
        </extensions>
      </trkpt>
      <trkpt lat="29.280702173709869384765625" lon="117.24731616675853729248046875">
        <ele>60.59999847412109375</ele>
        <time>2026-05-05T12:42:45.000Z</time>
        <extensions>
          <ns3:TrackPointExtension>
            <ns3:hr>124</ns3:hr>
            <ns3:cad>90</ns3:cad>
          </ns3:TrackPointExtension>
        </extensions>
      </trkpt>
      <trkpt lat="29.2807248048484325408935546875" lon="117.24729311652481555938720703125">
        <ele>60.59999847412109375</ele>
        <time>2026-05-05T12:42:46.000Z</time>
        <extensions>
          <ns3:TrackPointExtension>
            <ns3:hr>123</ns3:hr>
            <ns3:cad>90</ns3:cad>
          </ns3:TrackPointExtension>
        </extensions>
      </trkpt>
      <trkpt lat="29.2807449214160442352294921875" lon="117.24727249704301357269287109375">
        <ele>60.59999847412109375</ele>
        <time>2026-05-05T12:42:47.000Z</time>
        <extensions>
          <ns3:TrackPointExtension>
            <ns3:hr>123</ns3:hr>
            <ns3:cad>90</ns3:cad>
          </ns3:TrackPointExtension>
        </extensions>
      </trkpt>
      <trkpt lat="29.2807640321552753448486328125" lon="117.24725305102765560150146484375">
        <ele>60.59999847412109375</ele>
        <time>2026-05-05T12:42:48.000Z</time>
        <extensions>
          <ns3:TrackPointExtension>
            <ns3:hr>122</ns3:hr>
            <ns3:cad>89</ns3:cad>
          </ns3:TrackPointExtension>
        </extensions>
      </trkpt>
      <trkpt lat="29.280781634151935577392578125" lon="117.2472350299358367919921875">
        <ele>60.59999847412109375</ele>
        <time>2026-05-05T12:42:49.000Z</time>
        <extensions>
          <ns3:TrackPointExtension>
            <ns3:hr>122</ns3:hr>
            <ns3:cad>89</ns3:cad>
          </ns3:TrackPointExtension>
        </extensions>
      </trkpt>
      <trkpt lat="29.280801080167293548583984375" lon="117.247215248644351959228515625">
        <ele>60.59999847412109375</ele>
        <time>2026-05-05T12:42:50.000Z</time>
        <extensions>
          <ns3:TrackPointExtension>
            <ns3:hr>122</ns3:hr>
            <ns3:cad>90</ns3:cad>
          </ns3:TrackPointExtension>
        </extensions>
      </trkpt>
      <trkpt lat="29.28082563914358615875244140625" lon="117.24719018675386905670166015625">
        <ele>60.59999847412109375</ele>
        <time>2026-05-05T12:42:51.000Z</time>
        <extensions>
          <ns3:TrackPointExtension>
            <ns3:hr>122</ns3:hr>
            <ns3:cad>90</ns3:cad>
          </ns3:TrackPointExtension>
        </extensions>
      </trkpt>
      <trkpt lat="29.28084097802639007568359375" lon="117.2471745125949382781982421875">
        <ele>60.59999847412109375</ele>
        <time>2026-05-05T12:42:52.000Z</time>
        <extensions>
          <ns3:TrackPointExtension>
            <ns3:hr>123</ns3:hr>
            <ns3:cad>90</ns3:cad>
          </ns3:TrackPointExtension>
        </extensions>
      </trkpt>
      <trkpt lat="29.280868805944919586181640625" lon="117.247146181762218475341796875">
        <ele>60.59999847412109375</ele>
        <time>2026-05-05T12:42:53.000Z</time>
        <extensions>
          <ns3:TrackPointExtension>
            <ns3:hr>123</ns3:hr>
            <ns3:cad>90</ns3:cad>
          </ns3:TrackPointExtension>
        </extensions>
      </trkpt>
      <trkpt lat="29.2808832228183746337890625" lon="117.247131429612636566162109375">
        <ele>60.59999847412109375</ele>
        <time>2026-05-05T12:42:54.000Z</time>
        <extensions>
          <ns3:TrackPointExtension>
            <ns3:hr>125</ns3:hr>
            <ns3:cad>91</ns3:cad>
          </ns3:TrackPointExtension>
        </extensions>
      </trkpt>
      <trkpt lat="29.2809112183749675750732421875" lon="117.24710284732282161712646484375">
        <ele>60.59999847412109375</ele>
        <time>2026-05-05T12:42:55.000Z</time>
        <extensions>
          <ns3:TrackPointExtension>
            <ns3:hr>127</ns3:hr>
            <ns3:cad>91</ns3:cad>
          </ns3:TrackPointExtension>
        </extensions>
      </trkpt>
      <trkpt lat="29.28092412650585174560546875" lon="117.24708960391581058502197265625">
        <ele>60.59999847412109375</ele>
        <time>2026-05-05T12:42:56.000Z</time>
        <extensions>
          <ns3:TrackPointExtension>
            <ns3:hr>129</ns3:hr>
            <ns3:cad>91</ns3:cad>
          </ns3:TrackPointExtension>
        </extensions>
      </trkpt>
      <trkpt lat="29.28095522336661815643310546875" lon="117.24705792032182216644287109375">
        <ele>60.59999847412109375</ele>
        <time>2026-05-05T12:42:57.000Z</time>
        <extensions>
          <ns3:TrackPointExtension>
            <ns3:hr>130</ns3:hr>
            <ns3:cad>91</ns3:cad>
          </ns3:TrackPointExtension>
        </extensions>
      </trkpt>
      <trkpt lat="29.280966036021709442138671875" lon="117.247046940028667449951171875">
        <ele>60.59999847412109375</ele>
        <time>2026-05-05T12:42:58.000Z</time>
        <extensions>
          <ns3:TrackPointExtension>
            <ns3:hr>131</ns3:hr>
            <ns3:cad>91</ns3:cad>
          </ns3:TrackPointExtension>
        </extensions>
      </trkpt>
      <trkpt lat="29.28099076263606548309326171875" lon="117.24702171050012111663818359375">
        <ele>60.59999847412109375</ele>
        <time>2026-05-05T12:42:59.000Z</time>
        <extensions>
          <ns3:TrackPointExtension>
            <ns3:hr>132</ns3:hr>
            <ns3:cad>91</ns3:cad>
          </ns3:TrackPointExtension>
        </extensions>
      </trkpt>
      <trkpt lat="29.2810101248323917388916015625" lon="117.2470018453896045684814453125">
        <ele>60.59999847412109375</ele>
        <time>2026-05-05T12:43:00.000Z</time>
        <extensions>
          <ns3:TrackPointExtension>
            <ns3:hr>132</ns3:hr>
            <ns3:cad>92</ns3:cad>
          </ns3:TrackPointExtension>
        </extensions>
      </trkpt>
      <trkpt lat="29.28103921003639698028564453125" lon="117.24697225727140903472900390625">
        <ele>60.59999847412109375</ele>
        <time>2026-05-05T12:43:01.000Z</time>
        <extensions>
          <ns3:TrackPointExtension>
            <ns3:hr>133</ns3:hr>
            <ns3:cad>91</ns3:cad>
          </ns3:TrackPointExtension>
        </extensions>
      </trkpt>
      <trkpt lat="29.28104214370250701904296875" lon="117.24696923978626728057861328125">
        <ele>60.59999847412109375</ele>
        <time>2026-05-05T12:43:02.000Z</time>
        <extensions>
          <ns3:TrackPointExtension>
            <ns3:hr>134</ns3:hr>
            <ns3:cad>92</ns3:cad>
          </ns3:TrackPointExtension>
        </extensions>
      </trkpt>
      <trkpt lat="29.281075000762939453125" lon="117.24693571217358112335205078125">
        <ele>60.59999847412109375</ele>
        <time>2026-05-05T12:43:03.000Z</time>
        <extensions>
          <ns3:TrackPointExtension>
            <ns3:hr>135</ns3:hr>
            <ns3:cad>92</ns3:cad>
          </ns3:TrackPointExtension>
        </extensions>
      </trkpt>
      <trkpt lat="29.28108598105609416961669921875" lon="117.24692448042333126068115234375">
        <ele>60.59999847412109375</ele>
        <time>2026-05-05T12:43:04.000Z</time>
        <extensions>
          <ns3:TrackPointExtension>
            <ns3:hr>135</ns3:hr>
            <ns3:cad>92</ns3:cad>
          </ns3:TrackPointExtension>
        </extensions>
      </trkpt>
      <trkpt lat="29.28111867047846317291259765625" lon="117.2468912042677402496337890625">
        <ele>60.59999847412109375</ele>
        <time>2026-05-05T12:43:05.000Z</time>
        <extensions>
          <ns3:TrackPointExtension>
            <ns3:hr>135</ns3:hr>
            <ns3:cad>92</ns3:cad>
          </ns3:TrackPointExtension>
        </extensions>
      </trkpt>
      <trkpt lat="29.28112906403839588165283203125" lon="117.24688055925071239471435546875">
        <ele>60.59999847412109375</ele>
        <time>2026-05-05T12:43:06.000Z</time>
        <extensions>
          <ns3:TrackPointExtension>
            <ns3:hr>135</ns3:hr>
            <ns3:cad>92</ns3:cad>
          </ns3:TrackPointExtension>
        </extensions>
      </trkpt>
      <trkpt lat="29.2811569757759571075439453125" lon="117.24685206077992916107177734375">
        <ele>60.59999847412109375</ele>
        <time>2026-05-05T12:43:07.000Z</time>
        <extensions>
          <ns3:TrackPointExtension>
            <ns3:hr>135</ns3:hr>
            <ns3:cad>92</ns3:cad>
          </ns3:TrackPointExtension>
        </extensions>
      </trkpt>
      <trkpt lat="29.281170554459095001220703125" lon="117.24683764390647411346435546875">
        <ele>60.59999847412109375</ele>
        <time>2026-05-05T12:43:08.000Z</time>
        <extensions>
          <ns3:TrackPointExtension>
            <ns3:hr>136</ns3:hr>
            <ns3:cad>92</ns3:cad>
          </ns3:TrackPointExtension>
        </extensions>
      </trkpt>
      <trkpt lat="29.2811931855976581573486328125" lon="117.246810905635356903076171875">
        <ele>60.59999847412109375</ele>
        <time>2026-05-05T12:43:09.000Z</time>
        <extensions>
          <ns3:TrackPointExtension>
            <ns3:hr>136</ns3:hr>
            <ns3:cad>92</ns3:cad>
          </ns3:TrackPointExtension>
        </extensions>
      </trkpt>
      <trkpt lat="29.28120885975658893585205078125" lon="117.2467886097729206085205078125">
        <ele>60.59999847412109375</ele>
        <time>2026-05-05T12:43:10.000Z</time>
        <extensions>
          <ns3:TrackPointExtension>
            <ns3:hr>136</ns3:hr>
            <ns3:cad>92</ns3:cad>
          </ns3:TrackPointExtension>
        </extensions>
      </trkpt>
      <trkpt lat="29.2812277190387248992919921875" lon="117.246757932007312774658203125">
        <ele>60.59999847412109375</ele>
        <time>2026-05-05T12:43:11.000Z</time>
        <extensions>
          <ns3:TrackPointExtension>
            <ns3:hr>137</ns3:hr>
            <ns3:cad>92</ns3:cad>
          </ns3:TrackPointExtension>
        </extensions>
      </trkpt>
      <trkpt lat="29.2812374420464038848876953125" lon="117.2467369772493839263916015625">
        <ele>60.59999847412109375</ele>
        <time>2026-05-05T12:43:12.000Z</time>
        <extensions>
          <ns3:TrackPointExtension>
            <ns3:hr>137</ns3:hr>
            <ns3:cad>92</ns3:cad>
          </ns3:TrackPointExtension>
        </extensions>
      </trkpt>
      <trkpt lat="29.28125009872019290924072265625" lon="117.24670730531215667724609375">
        <ele>60.59999847412109375</ele>
        <time>2026-05-05T12:43:13.000Z</time>
        <extensions>
          <ns3:TrackPointExtension>
            <ns3:hr>138</ns3:hr>
            <ns3:cad>92</ns3:cad>
          </ns3:TrackPointExtension>
        </extensions>
      </trkpt>
      <trkpt lat="29.281257055699825286865234375" lon="117.246684841811656951904296875">
        <ele>60.59999847412109375</ele>
        <time>2026-05-05T12:43:14.000Z</time>
        <extensions>
          <ns3:TrackPointExtension>
            <ns3:hr>138</ns3:hr>
            <ns3:cad>92</ns3:cad>
          </ns3:TrackPointExtension>
        </extensions>
      </trkpt>
      <trkpt lat="29.28126518614590167999267578125" lon="117.24665500223636627197265625">
        <ele>60.59999847412109375</ele>
        <time>2026-05-05T12:43:15.000Z</time>
        <extensions>
          <ns3:TrackPointExtension>
            <ns3:hr>138</ns3:hr>
            <ns3:cad>92</ns3:cad>
          </ns3:TrackPointExtension>
        </extensions>
      </trkpt>
      <trkpt lat="29.2812702991068363189697265625" lon="117.2466261684894561767578125">
        <ele>60.59999847412109375</ele>
        <time>2026-05-05T12:43:16.000Z</time>
        <extensions>
          <ns3:TrackPointExtension>
            <ns3:hr>139</ns3:hr>
            <ns3:cad>92</ns3:cad>
          </ns3:TrackPointExtension>
        </extensions>
      </trkpt>
      <trkpt lat="29.28127348423004150390625" lon="117.246600352227687835693359375">
        <ele>60.59999847412109375</ele>
        <time>2026-05-05T12:43:17.000Z</time>
        <extensions>
          <ns3:TrackPointExtension>
            <ns3:hr>139</ns3:hr>
            <ns3:cad>91</ns3:cad>
          </ns3:TrackPointExtension>
        </extensions>
      </trkpt>
      <trkpt lat="29.28127524442970752716064453125" lon="117.246564812958240509033203125">
        <ele>60.59999847412109375</ele>
        <time>2026-05-05T12:43:18.000Z</time>
        <extensions>
          <ns3:TrackPointExtension>
            <ns3:hr>139</ns3:hr>
            <ns3:cad>91</ns3:cad>
          </ns3:TrackPointExtension>
        </extensions>
      </trkpt>
      <trkpt lat="29.28127390332520008087158203125" lon="117.24653656594455242156982421875">
        <ele>60.59999847412109375</ele>
        <time>2026-05-05T12:43:19.000Z</time>
        <extensions>
          <ns3:TrackPointExtension>
            <ns3:hr>139</ns3:hr>
            <ns3:cad>91</ns3:cad>
          </ns3:TrackPointExtension>
        </extensions>
      </trkpt>
      <trkpt lat="29.281269796192646026611328125" lon="117.24649650044739246368408203125">
        <ele>60.59999847412109375</ele>
        <time>2026-05-05T12:43:20.000Z</time>
        <extensions>
          <ns3:TrackPointExtension>
            <ns3:hr>138</ns3:hr>
            <ns3:cad>92</ns3:cad>
          </ns3:TrackPointExtension>
        </extensions>
      </trkpt>
      <trkpt lat="29.28126619197428226470947265625" lon="117.2464784793555736541748046875">
        <ele>60.59999847412109375</ele>
        <time>2026-05-05T12:43:21.000Z</time>
        <extensions>
          <ns3:TrackPointExtension>
            <ns3:hr>138</ns3:hr>
            <ns3:cad>92</ns3:cad>
          </ns3:TrackPointExtension>
        </extensions>
      </trkpt>
      <trkpt lat="29.2812555469572544097900390625" lon="117.2464372403919696807861328125">
        <ele>60.59999847412109375</ele>
        <time>2026-05-05T12:43:22.000Z</time>
        <extensions>
          <ns3:TrackPointExtension>
            <ns3:hr>138</ns3:hr>
            <ns3:cad>92</ns3:cad>
          </ns3:TrackPointExtension>
        </extensions>
      </trkpt>
      <trkpt lat="29.28125076927244663238525390625" lon="117.24642299115657806396484375">
        <ele>60.59999847412109375</ele>
        <time>2026-05-05T12:43:23.000Z</time>
        <extensions>
          <ns3:TrackPointExtension>
            <ns3:hr>138</ns3:hr>
            <ns3:cad>92</ns3:cad>
          </ns3:TrackPointExtension>
        </extensions>
      </trkpt>
      <trkpt lat="29.28123232908546924591064453125" lon="117.246379740536212921142578125">
        <ele>60.59999847412109375</ele>
        <time>2026-05-05T12:43:24.000Z</time>
        <extensions>
          <ns3:TrackPointExtension>
            <ns3:hr>138</ns3:hr>
            <ns3:cad>92</ns3:cad>
          </ns3:TrackPointExtension>
        </extensions>
      </trkpt>
      <trkpt lat="29.28122612647712230682373046875" lon="117.246367000043392181396484375">
        <ele>60.59999847412109375</ele>
        <time>2026-05-05T12:43:25.000Z</time>
        <extensions>
          <ns3:TrackPointExtension>
            <ns3:hr>138</ns3:hr>
            <ns3:cad>92</ns3:cad>
          </ns3:TrackPointExtension>
        </extensions>
      </trkpt>
      <trkpt lat="29.281203411519527435302734375" lon="117.246330790221691131591796875">
        <ele>60.59999847412109375</ele>
        <time>2026-05-05T12:43:26.000Z</time>
        <extensions>
          <ns3:TrackPointExtension>
            <ns3:hr>138</ns3:hr>
            <ns3:cad>92</ns3:cad>
          </ns3:TrackPointExtension>
        </extensions>
      </trkpt>
      <trkpt lat="29.28119595162570476531982421875" lon="117.24631972610950469970703125">
        <ele>60.59999847412109375</ele>
        <time>2026-05-05T12:43:27.000Z</time>
        <extensions>
          <ns3:TrackPointExtension>
            <ns3:hr>138</ns3:hr>
            <ns3:cad>91</ns3:cad>
          </ns3:TrackPointExtension>
        </extensions>
      </trkpt>
      <trkpt lat="29.28116577677428722381591796875" lon="117.24628494121134281158447265625">
        <ele>60.59999847412109375</ele>
        <time>2026-05-05T12:43:28.000Z</time>
        <extensions>
          <ns3:TrackPointExtension>
            <ns3:hr>138</ns3:hr>
            <ns3:cad>91</ns3:cad>
          </ns3:TrackPointExtension>
        </extensions>
      </trkpt>
      <trkpt lat="29.28116057999432086944580078125" lon="117.246279157698154449462890625">
        <ele>60.59999847412109375</ele>
        <time>2026-05-05T12:43:29.000Z</time>
        <extensions>
          <ns3:TrackPointExtension>
            <ns3:hr>138</ns3:hr>
            <ns3:cad>91</ns3:cad>
          </ns3:TrackPointExtension>
        </extensions>
      </trkpt>
      <trkpt lat="29.28112529218196868896484375" lon="117.24624956957995891571044921875">
        <ele>60.59999847412109375</ele>
        <time>2026-05-05T12:43:30.000Z</time>
        <extensions>
          <ns3:TrackPointExtension>
            <ns3:hr>138</ns3:hr>
            <ns3:cad>91</ns3:cad>
          </ns3:TrackPointExtension>
        </extensions>
      </trkpt>
      <trkpt lat="29.281120263040065765380859375" lon="117.2462457977235317230224609375">
        <ele>60.59999847412109375</ele>
        <time>2026-05-05T12:43:31.000Z</time>
        <extensions>
          <ns3:TrackPointExtension>
            <ns3:hr>138</ns3:hr>
            <ns3:cad>90</ns3:cad>
          </ns3:TrackPointExtension>
        </extensions>
      </trkpt>
      <trkpt lat="29.281080029904842376708984375" lon="117.24622174166142940521240234375">
        <ele>60.59999847412109375</ele>
        <time>2026-05-05T12:43:32.000Z</time>
        <extensions>
          <ns3:TrackPointExtension>
            <ns3:hr>137</ns3:hr>
            <ns3:cad>90</ns3:cad>
          </ns3:TrackPointExtension>
        </extensions>
      </trkpt>
      <trkpt lat="29.28105982951819896697998046875" lon="117.246213443577289581298828125">
        <ele>60.59999847412109375</ele>
        <time>2026-05-05T12:43:33.000Z</time>
        <extensions>
          <ns3:TrackPointExtension>
            <ns3:hr>137</ns3:hr>
            <ns3:cad>90</ns3:cad>
          </ns3:TrackPointExtension>
        </extensions>
      </trkpt>
      <trkpt lat="29.281032420694828033447265625" lon="117.24620313383638858795166015625">
        <ele>60.59999847412109375</ele>
        <time>2026-05-05T12:43:34.000Z</time>
        <extensions>
          <ns3:TrackPointExtension>
            <ns3:hr>137</ns3:hr>
            <ns3:cad>91</ns3:cad>
          </ns3:TrackPointExtension>
        </extensions>
      </trkpt>
      <trkpt lat="29.28101934492588043212890625" lon="117.24620011635124683380126953125">
        <ele>60.59999847412109375</ele>
        <time>2026-05-05T12:43:35.000Z</time>
        <extensions>
          <ns3:TrackPointExtension>
            <ns3:hr>137</ns3:hr>
            <ns3:cad>91</ns3:cad>
          </ns3:TrackPointExtension>
        </extensions>
      </trkpt>
      <trkpt lat="29.2809829674661159515380859375" lon="117.2461931593716144561767578125">
        <ele>60.59999847412109375</ele>
        <time>2026-05-05T12:43:36.000Z</time>
        <extensions>
          <ns3:TrackPointExtension>
            <ns3:hr>137</ns3:hr>
            <ns3:cad>91</ns3:cad>
          </ns3:TrackPointExtension>
        </extensions>
      </trkpt>
      <trkpt lat="29.2809675447642803192138671875" lon="117.24619206972420215606689453125">
        <ele>60.59999847412109375</ele>
        <time>2026-05-05T12:43:37.000Z</time>
        <extensions>
          <ns3:TrackPointExtension>
            <ns3:hr>137</ns3:hr>
            <ns3:cad>91</ns3:cad>
          </ns3:TrackPointExtension>
        </extensions>
      </trkpt>
      <trkpt lat="29.28093711845576763153076171875" lon="117.2461914829909801483154296875">
        <ele>60.59999847412109375</ele>
        <time>2026-05-05T12:43:38.000Z</time>
        <extensions>
          <ns3:TrackPointExtension>
            <ns3:hr>137</ns3:hr>
            <ns3:cad>91</ns3:cad>
          </ns3:TrackPointExtension>
        </extensions>
      </trkpt>
      <trkpt lat="29.28091398440301418304443359375" lon="117.24619374610483646392822265625">
        <ele>60.59999847412109375</ele>
        <time>2026-05-05T12:43:39.000Z</time>
        <extensions>
          <ns3:TrackPointExtension>
            <ns3:hr>137</ns3:hr>
            <ns3:cad>92</ns3:cad>
          </ns3:TrackPointExtension>
        </extensions>
      </trkpt>
      <trkpt lat="29.28088213317096233367919921875" lon="117.24619978107511997222900390625">
        <ele>60.59999847412109375</ele>
        <time>2026-05-05T12:43:40.000Z</time>
        <extensions>
          <ns3:TrackPointExtension>
            <ns3:hr>136</ns3:hr>
            <ns3:cad>92</ns3:cad>
          </ns3:TrackPointExtension>
        </extensions>
      </trkpt>
      <trkpt lat="29.28085816092789173126220703125" lon="117.24620615132153034210205078125">
        <ele>60.59999847412109375</ele>
        <time>2026-05-05T12:43:41.000Z</time>
        <extensions>
          <ns3:TrackPointExtension>
            <ns3:hr>137</ns3:hr>
            <ns3:cad>92</ns3:cad>
          </ns3:TrackPointExtension>
        </extensions>
      </trkpt>
      <trkpt lat="29.2808324284851551055908203125" lon="117.2462169639766216278076171875">
        <ele>60.59999847412109375</ele>
        <time>2026-05-05T12:43:42.000Z</time>
        <extensions>
          <ns3:TrackPointExtension>
            <ns3:hr>137</ns3:hr>
            <ns3:cad>92</ns3:cad>
          </ns3:TrackPointExtension>
        </extensions>
      </trkpt>
      <trkpt lat="29.2808092944324016571044921875" lon="117.24622760899364948272705078125">
        <ele>60.59999847412109375</ele>
        <time>2026-05-05T12:43:43.000Z</time>
        <extensions>
          <ns3:TrackPointExtension>
            <ns3:hr>136</ns3:hr>
            <ns3:cad>92</ns3:cad>
          </ns3:TrackPointExtension>
        </extensions>
      </trkpt>
      <trkpt lat="29.28078607656061649322509765625" lon="117.2462426126003265380859375">
        <ele>60.59999847412109375</ele>
        <time>2026-05-05T12:43:44.000Z</time>
        <extensions>
          <ns3:TrackPointExtension>
            <ns3:hr>137</ns3:hr>
            <ns3:cad>92</ns3:cad>
          </ns3:TrackPointExtension>
        </extensions>
      </trkpt>
      <trkpt lat="29.2807650379836559295654296875" lon="117.2462575323879718780517578125">
        <ele>60.59999847412109375</ele>
        <time>2026-05-05T12:43:45.000Z</time>
        <extensions>
          <ns3:TrackPointExtension>
            <ns3:hr>137</ns3:hr>
            <ns3:cad>92</ns3:cad>
          </ns3:TrackPointExtension>
        </extensions>
      </trkpt>
      <trkpt lat="29.28074064664542675018310546875" lon="117.24627907387912273406982421875">
        <ele>60.59999847412109375</ele>
        <time>2026-05-05T12:43:46.000Z</time>
        <extensions>
          <ns3:TrackPointExtension>
            <ns3:hr>136</ns3:hr>
            <ns3:cad>92</ns3:cad>
          </ns3:TrackPointExtension>
        </extensions>
      </trkpt>
      <trkpt lat="29.28071801550686359405517578125" lon="117.24630120210349559783935546875">
        <ele>60.59999847412109375</ele>
        <time>2026-05-05T12:43:47.000Z</time>
        <extensions>
          <ns3:TrackPointExtension>
            <ns3:hr>137</ns3:hr>
            <ns3:cad>90</ns3:cad>
          </ns3:TrackPointExtension>
        </extensions>
      </trkpt>
      <trkpt lat="29.28069789893925189971923828125" lon="117.246321737766265869140625">
        <ele>60.59999847412109375</ele>
        <time>2026-05-05T12:43:48.000Z</time>
        <extensions>
          <ns3:TrackPointExtension>
            <ns3:hr>137</ns3:hr>
            <ns3:cad>90</ns3:cad>
          </ns3:TrackPointExtension>
        </extensions>
      </trkpt>
      <trkpt lat="29.28067543543875217437744140625" lon="117.2463447041809558868408203125">
        <ele>60.59999847412109375</ele>
        <time>2026-05-05T12:43:49.000Z</time>
        <extensions>
          <ns3:TrackPointExtension>
            <ns3:hr>136</ns3:hr>
            <ns3:cad>90</ns3:cad>
          </ns3:TrackPointExtension>
        </extensions>
      </trkpt>
      <trkpt lat="29.280658923089504241943359375" lon="117.2463614679872989654541015625">
        <ele>60.59999847412109375</ele>
        <time>2026-05-05T12:43:50.000Z</time>
        <extensions>
          <ns3:TrackPointExtension>
            <ns3:hr>137</ns3:hr>
            <ns3:cad>90</ns3:cad>
          </ns3:TrackPointExtension>
        </extensions>
      </trkpt>
      <trkpt lat="29.28063168190419673919677734375" lon="117.2463892959058284759521484375">
        <ele>60.59999847412109375</ele>
        <time>2026-05-05T12:43:51.000Z</time>
        <extensions>
          <ns3:TrackPointExtension>
            <ns3:hr>136</ns3:hr>
            <ns3:cad>90</ns3:cad>
          </ns3:TrackPointExtension>
        </extensions>
      </trkpt>
      <trkpt lat="29.28061760030686855316162109375" lon="117.24640362896025180816650390625">
        <ele>60.59999847412109375</ele>
        <time>2026-05-05T12:43:52.000Z</time>
        <extensions>
          <ns3:TrackPointExtension>
            <ns3:hr>136</ns3:hr>
            <ns3:cad>90</ns3:cad>
          </ns3:TrackPointExtension>
        </extensions>
      </trkpt>
      <trkpt lat="29.2805908620357513427734375" lon="117.24643095396459102630615234375">
        <ele>60.59999847412109375</ele>
        <time>2026-05-05T12:43:53.000Z</time>
        <extensions>
          <ns3:TrackPointExtension>
            <ns3:hr>136</ns3:hr>
            <ns3:cad>90</ns3:cad>
          </ns3:TrackPointExtension>
        </extensions>
      </trkpt>
      <trkpt lat="29.2805719189345836639404296875" lon="117.2464503161609172821044921875">
        <ele>60.59999847412109375</ele>
        <time>2026-05-05T12:43:54.000Z</time>
        <extensions>
          <ns3:TrackPointExtension>
            <ns3:hr>136</ns3:hr>
            <ns3:cad>90</ns3:cad>
          </ns3:TrackPointExtension>
        </extensions>
      </trkpt>
      <trkpt lat="29.28054685704410076141357421875" lon="117.24647588096559047698974609375">
        <ele>60.59999847412109375</ele>
        <time>2026-05-05T12:43:55.000Z</time>
        <extensions>
          <ns3:TrackPointExtension>
            <ns3:hr>135</ns3:hr>
            <ns3:cad>91</ns3:cad>
          </ns3:TrackPointExtension>
        </extensions>
      </trkpt>
      <trkpt lat="29.28053696639835834503173828125" lon="117.24648593924939632415771484375">
        <ele>60.59999847412109375</ele>
        <time>2026-05-05T12:43:56.000Z</time>
        <extensions>
          <ns3:TrackPointExtension>
            <ns3:hr>135</ns3:hr>
            <ns3:cad>91</ns3:cad>
          </ns3:TrackPointExtension>
        </extensions>
      </trkpt>
      <trkpt lat="29.2805051989853382110595703125" lon="117.2465183772146701812744140625">
        <ele>60.59999847412109375</ele>
        <time>2026-05-05T12:43:57.000Z</time>
        <extensions>
          <ns3:TrackPointExtension>
            <ns3:hr>135</ns3:hr>
            <ns3:cad>91</ns3:cad>
          </ns3:TrackPointExtension>
        </extensions>
      </trkpt>
      <trkpt lat="29.2804934643208980560302734375" lon="117.24653036333620548248291015625">
        <ele>60.59999847412109375</ele>
        <time>2026-05-05T12:43:58.000Z</time>
        <extensions>
          <ns3:TrackPointExtension>
            <ns3:hr>135</ns3:hr>
            <ns3:cad>92</ns3:cad>
          </ns3:TrackPointExtension>
        </extensions>
      </trkpt>
      <trkpt lat="29.2804629541933536529541015625" lon="117.246561460196971893310546875">
        <ele>60.59999847412109375</ele>
        <time>2026-05-05T12:43:59.000Z</time>
        <extensions>
          <ns3:TrackPointExtension>
            <ns3:hr>135</ns3:hr>
            <ns3:cad>92</ns3:cad>
          </ns3:TrackPointExtension>
        </extensions>
      </trkpt>
      <trkpt lat="29.28044937551021575927734375" lon="117.24657529033720493316650390625">
        <ele>60.59999847412109375</ele>
        <time>2026-05-05T12:44:00.000Z</time>
        <extensions>
          <ns3:TrackPointExtension>
            <ns3:hr>135</ns3:hr>
            <ns3:cad>92</ns3:cad>
          </ns3:TrackPointExtension>
        </extensions>
      </trkpt>
      <trkpt lat="29.2804260738193988800048828125" lon="117.2465991787612438201904296875">
        <ele>60.59999847412109375</ele>
        <time>2026-05-05T12:44:01.000Z</time>
        <extensions>
          <ns3:TrackPointExtension>
            <ns3:hr>135</ns3:hr>
            <ns3:cad>92</ns3:cad>
          </ns3:TrackPointExtension>
        </extensions>
      </trkpt>
      <trkpt lat="29.28041459061205387115478515625" lon="117.24661082960665225982666015625">
        <ele>60.59999847412109375</ele>
        <time>2026-05-05T12:44:02.000Z</time>
        <extensions>
          <ns3:TrackPointExtension>
            <ns3:hr>135</ns3:hr>
            <ns3:cad>91</ns3:cad>
          </ns3:TrackPointExtension>
        </extensions>
      </trkpt>
      <trkpt lat="29.2803816497325897216796875" lon="117.2466444410383701324462890625">
        <ele>60.59999847412109375</ele>
        <time>2026-05-05T12:44:03.000Z</time>
        <extensions>
          <ns3:TrackPointExtension>
            <ns3:hr>135</ns3:hr>
            <ns3:cad>91</ns3:cad>
          </ns3:TrackPointExtension>
        </extensions>
      </trkpt>
      <trkpt lat="29.28037469275295734405517578125" lon="117.24665156565606594085693359375">
        <ele>60.59999847412109375</ele>
        <time>2026-05-05T12:44:04.000Z</time>
        <extensions>
          <ns3:TrackPointExtension>
            <ns3:hr>135</ns3:hr>
            <ns3:cad>91</ns3:cad>
          </ns3:TrackPointExtension>
        </extensions>
      </trkpt>
      <trkpt lat="29.2803429253399372100830078125" lon="117.24668391980230808258056640625">
        <ele>60.59999847412109375</ele>
        <time>2026-05-05T12:44:05.000Z</time>
        <extensions>
          <ns3:TrackPointExtension>
            <ns3:hr>135</ns3:hr>
            <ns3:cad>91</ns3:cad>
          </ns3:TrackPointExtension>
        </extensions>
      </trkpt>
      <trkpt lat="29.280338399112224578857421875" lon="117.24668861366808414459228515625">
        <ele>60.59999847412109375</ele>
        <time>2026-05-05T12:44:06.000Z</time>
        <extensions>
          <ns3:TrackPointExtension>
            <ns3:hr>135</ns3:hr>
            <ns3:cad>91</ns3:cad>
          </ns3:TrackPointExtension>
        </extensions>
      </trkpt>
      <trkpt lat="29.28030327893793582916259765625" lon="117.246724404394626617431640625">
        <ele>60.59999847412109375</ele>
        <time>2026-05-05T12:44:07.000Z</time>
        <extensions>
          <ns3:TrackPointExtension>
            <ns3:hr>135</ns3:hr>
            <ns3:cad>91</ns3:cad>
          </ns3:TrackPointExtension>
        </extensions>
      </trkpt>
      <trkpt lat="29.28029640577733516693115234375" lon="117.24673144519329071044921875">
        <ele>60.59999847412109375</ele>
        <time>2026-05-05T12:44:08.000Z</time>
        <extensions>
          <ns3:TrackPointExtension>
            <ns3:hr>135</ns3:hr>
            <ns3:cad>91</ns3:cad>
          </ns3:TrackPointExtension>
        </extensions>
      </trkpt>
      <trkpt lat="29.28026706911623477935791015625" lon="117.24676136858761310577392578125">
        <ele>60.59999847412109375</ele>
        <time>2026-05-05T12:44:09.000Z</time>
        <extensions>
          <ns3:TrackPointExtension>
            <ns3:hr>135</ns3:hr>
            <ns3:cad>91</ns3:cad>
          </ns3:TrackPointExtension>
        </extensions>
      </trkpt>
      <trkpt lat="29.2802570946514606475830078125" lon="117.24677159450948238372802734375">
        <ele>60.59999847412109375</ele>
        <time>2026-05-05T12:44:10.000Z</time>
        <extensions>
          <ns3:TrackPointExtension>
            <ns3:hr>135</ns3:hr>
            <ns3:cad>91</ns3:cad>
          </ns3:TrackPointExtension>
        </extensions>
      </trkpt>
      <trkpt lat="29.28022935055196285247802734375" lon="117.24679992534220218658447265625">
        <ele>60.59999847412109375</ele>
        <time>2026-05-05T12:44:11.000Z</time>
        <extensions>
          <ns3:TrackPointExtension>
            <ns3:hr>135</ns3:hr>
            <ns3:cad>91</ns3:cad>
          </ns3:TrackPointExtension>
        </extensions>
      </trkpt>
      <trkpt lat="29.280216693878173828125" lon="117.2468127496540546417236328125">
        <ele>60.59999847412109375</ele>
        <time>2026-05-05T12:44:12.000Z</time>
        <extensions>
          <ns3:TrackPointExtension>
            <ns3:hr>135</ns3:hr>
            <ns3:cad>91</ns3:cad>
          </ns3:TrackPointExtension>
        </extensions>
      </trkpt>
      <trkpt lat="29.28018920123577117919921875" lon="117.24684082902967929840087890625">
        <ele>60.59999847412109375</ele>
        <time>2026-05-05T12:44:13.000Z</time>
        <extensions>
          <ns3:TrackPointExtension>
            <ns3:hr>135</ns3:hr>
            <ns3:cad>92</ns3:cad>
          </ns3:TrackPointExtension>
        </extensions>
      </trkpt>
      <trkpt lat="29.280173778533935546875" lon="117.24685658700764179229736328125">
        <ele>60.59999847412109375</ele>
        <time>2026-05-05T12:44:14.000Z</time>
        <extensions>
          <ns3:TrackPointExtension>
            <ns3:hr>136</ns3:hr>
            <ns3:cad>92</ns3:cad>
          </ns3:TrackPointExtension>
        </extensions>
      </trkpt>
      <trkpt lat="29.280149303376674652099609375" lon="117.2468824870884418487548828125">
        <ele>60.59999847412109375</ele>
        <time>2026-05-05T12:44:15.000Z</time>
        <extensions>
          <ns3:TrackPointExtension>
            <ns3:hr>135</ns3:hr>
            <ns3:cad>92</ns3:cad>
          </ns3:TrackPointExtension>
        </extensions>
      </trkpt>
      <trkpt lat="29.28013312630355358123779296875" lon="117.2469015978276729583740234375">
        <ele>60.59999847412109375</ele>
        <time>2026-05-05T12:44:16.000Z</time>
        <extensions>
          <ns3:TrackPointExtension>
            <ns3:hr>135</ns3:hr>
            <ns3:cad>92</ns3:cad>
          </ns3:TrackPointExtension>
        </extensions>
      </trkpt>
      <trkpt lat="29.2801125906407833099365234375" lon="117.24692992866039276123046875">
        <ele>60.59999847412109375</ele>
        <time>2026-05-05T12:44:17.000Z</time>
        <extensions>
          <ns3:TrackPointExtension>
            <ns3:hr>135</ns3:hr>
            <ns3:cad>92</ns3:cad>
          </ns3:TrackPointExtension>
        </extensions>
      </trkpt>
      <trkpt lat="29.2800973355770111083984375" lon="117.2469539009034633636474609375">
        <ele>60.59999847412109375</ele>
        <time>2026-05-05T12:44:18.000Z</time>
        <extensions>
          <ns3:TrackPointExtension>
            <ns3:hr>135</ns3:hr>
            <ns3:cad>92</ns3:cad>
          </ns3:TrackPointExtension>
        </extensions>
      </trkpt>
      <trkpt lat="29.28008367307484149932861328125" lon="117.246982567012310028076171875">
        <ele>60.59999847412109375</ele>
        <time>2026-05-05T12:44:19.000Z</time>
        <extensions>
          <ns3:TrackPointExtension>
            <ns3:hr>135</ns3:hr>
            <ns3:cad>92</ns3:cad>
          </ns3:TrackPointExtension>
        </extensions>
      </trkpt>
      <trkpt lat="29.28007059730589389801025390625" lon="117.24701433442533016204833984375">
        <ele>60.59999847412109375</ele>
        <time>2026-05-05T12:44:20.000Z</time>
        <extensions>
          <ns3:TrackPointExtension>
            <ns3:hr>135</ns3:hr>
            <ns3:cad>92</ns3:cad>
          </ns3:TrackPointExtension>
        </extensions>
      </trkpt>
      <trkpt lat="29.28006188012659549713134765625" lon="117.24704216234385967254638671875">
        <ele>60.59999847412109375</ele>
        <time>2026-05-05T12:44:21.000Z</time>
        <extensions>
          <ns3:TrackPointExtension>
            <ns3:hr>135</ns3:hr>
            <ns3:cad>92</ns3:cad>
          </ns3:TrackPointExtension>
        </extensions>
      </trkpt>
      <trkpt lat="29.2800544202327728271484375" lon="117.2470759414136409759521484375">
        <ele>60.59999847412109375</ele>
        <time>2026-05-05T12:44:22.000Z</time>
        <extensions>
          <ns3:TrackPointExtension>
            <ns3:hr>135</ns3:hr>
            <ns3:cad>92</ns3:cad>
          </ns3:TrackPointExtension>
        </extensions>
      </trkpt>
      <trkpt lat="29.28004981018602848052978515625" lon="117.24710167385637760162353515625">
        <ele>60.59999847412109375</ele>
        <time>2026-05-05T12:44:23.000Z</time>
        <extensions>
          <ns3:TrackPointExtension>
            <ns3:hr>136</ns3:hr>
            <ns3:cad>91</ns3:cad>
          </ns3:TrackPointExtension>
        </extensions>
      </trkpt>
      <trkpt lat="29.28004712797701358795166015625" lon="117.24714375101029872894287109375">
        <ele>60.59999847412109375</ele>
        <time>2026-05-05T12:44:24.000Z</time>
        <extensions>
          <ns3:TrackPointExtension>
            <ns3:hr>135</ns3:hr>
            <ns3:cad>91</ns3:cad>
          </ns3:TrackPointExtension>
        </extensions>
      </trkpt>
      <trkpt lat="29.28004712797701358795166015625" lon="117.24716856144368648529052734375">
        <ele>60.59999847412109375</ele>
        <time>2026-05-05T12:44:25.000Z</time>
        <extensions>
          <ns3:TrackPointExtension>
            <ns3:hr>135</ns3:hr>
            <ns3:cad>91</ns3:cad>
          </ns3:TrackPointExtension>
        </extensions>
      </trkpt>
      <trkpt lat="29.2800502292811870574951171875" lon="117.24721080623567104339599609375">
        <ele>60.59999847412109375</ele>
        <time>2026-05-05T12:44:26.000Z</time>
        <extensions>
          <ns3:TrackPointExtension>
            <ns3:hr>135</ns3:hr>
            <ns3:cad>91</ns3:cad>
          </ns3:TrackPointExtension>
        </extensions>
      </trkpt>
      <trkpt lat="29.2800539173185825347900390625" lon="117.2472298331558704376220703125">
        <ele>60.59999847412109375</ele>
        <time>2026-05-05T12:44:27.000Z</time>
        <extensions>
          <ns3:TrackPointExtension>
            <ns3:hr>135</ns3:hr>
            <ns3:cad>90</ns3:cad>
          </ns3:TrackPointExtension>
        </extensions>
      </trkpt>
      <trkpt lat="29.28006288595497608184814453125" lon="117.2472700662910938262939453125">
        <ele>60.59999847412109375</ele>
        <time>2026-05-05T12:44:28.000Z</time>
        <extensions>
          <ns3:TrackPointExtension>
            <ns3:hr>135</ns3:hr>
            <ns3:cad>90</ns3:cad>
          </ns3:TrackPointExtension>
        </extensions>
      </trkpt>
      <trkpt lat="29.28006975911557674407958984375" lon="117.247290350496768951416015625">
        <ele>60.59999847412109375</ele>
        <time>2026-05-05T12:44:29.000Z</time>
        <extensions>
          <ns3:TrackPointExtension>
            <ns3:hr>135</ns3:hr>
            <ns3:cad>91</ns3:cad>
          </ns3:TrackPointExtension>
        </extensions>
      </trkpt>
      <trkpt lat="29.2800847627222537994384765625" lon="117.2473280690610408782958984375">
        <ele>60.59999847412109375</ele>
        <time>2026-05-05T12:44:30.000Z</time>
        <extensions>
          <ns3:TrackPointExtension>
            <ns3:hr>135</ns3:hr>
            <ns3:cad>91</ns3:cad>
          </ns3:TrackPointExtension>
        </extensions>
      </trkpt>
      <trkpt lat="29.28009155206382274627685546875" lon="117.24734189920127391815185546875">
        <ele>60.59999847412109375</ele>
        <time>2026-05-05T12:44:31.000Z</time>
        <extensions>
          <ns3:TrackPointExtension>
            <ns3:hr>135</ns3:hr>
            <ns3:cad>91</ns3:cad>
          </ns3:TrackPointExtension>
        </extensions>
      </trkpt>
      <trkpt lat="29.28011535666882991790771484375" lon="117.24738213233649730682373046875">
        <ele>60.59999847412109375</ele>
        <time>2026-05-05T12:44:32.000Z</time>
        <extensions>
          <ns3:TrackPointExtension>
            <ns3:hr>135</ns3:hr>
            <ns3:cad>91</ns3:cad>
          </ns3:TrackPointExtension>
        </extensions>
      </trkpt>
      <trkpt lat="29.28012390621006488800048828125" lon="117.247394956648349761962890625">
        <ele>60.59999847412109375</ele>
        <time>2026-05-05T12:44:33.000Z</time>
        <extensions>
          <ns3:TrackPointExtension>
            <ns3:hr>135</ns3:hr>
            <ns3:cad>92</ns3:cad>
          </ns3:TrackPointExtension>
        </extensions>
      </trkpt>
      <trkpt lat="29.28015374578535556793212890625" lon="117.24742990918457508087158203125">
        <ele>60.59999847412109375</ele>
        <time>2026-05-05T12:44:34.000Z</time>
        <extensions>
          <ns3:TrackPointExtension>
            <ns3:hr>135</ns3:hr>
            <ns3:cad>92</ns3:cad>
          </ns3:TrackPointExtension>
        </extensions>
      </trkpt>
      <trkpt lat="29.28016397170722484588623046875" lon="117.24744080565869808197021484375">
        <ele>60.59999847412109375</ele>
        <time>2026-05-05T12:44:35.000Z</time>
        <extensions>
          <ns3:TrackPointExtension>
            <ns3:hr>135</ns3:hr>
            <ns3:cad>92</ns3:cad>
          </ns3:TrackPointExtension>
        </extensions>
      </trkpt>
      <trkpt lat="29.28019783459603786468505859375" lon="117.24746905267238616943359375">
        <ele>60.59999847412109375</ele>
        <time>2026-05-05T12:44:36.000Z</time>
        <extensions>
          <ns3:TrackPointExtension>
            <ns3:hr>135</ns3:hr>
            <ns3:cad>92</ns3:cad>
          </ns3:TrackPointExtension>
        </extensions>
      </trkpt>
      <trkpt lat="29.28021225146949291229248046875" lon="117.24747818894684314727783203125">
        <ele>60.59999847412109375</ele>
        <time>2026-05-05T12:44:37.000Z</time>
        <extensions>
          <ns3:TrackPointExtension>
            <ns3:hr>135</ns3:hr>
            <ns3:cad>92</ns3:cad>
          </ns3:TrackPointExtension>
        </extensions>
      </trkpt>
      <trkpt lat="29.280247874557971954345703125" lon="117.24749830551445484161376953125">
        <ele>60.59999847412109375</ele>
        <time>2026-05-05T12:44:38.000Z</time>
        <extensions>
          <ns3:TrackPointExtension>
            <ns3:hr>135</ns3:hr>
            <ns3:cad>92</ns3:cad>
          </ns3:TrackPointExtension>
        </extensions>
      </trkpt>
      <trkpt lat="29.28026673384010791778564453125" lon="117.2475061006844043731689453125">
        <ele>60.59999847412109375</ele>
        <time>2026-05-05T12:44:39.000Z</time>
        <extensions>
          <ns3:TrackPointExtension>
            <ns3:hr>135</ns3:hr>
            <ns3:cad>92</ns3:cad>
          </ns3:TrackPointExtension>
        </extensions>
      </trkpt>
      <trkpt lat="29.28030042909085750579833984375" lon="117.247516997158527374267578125">
        <ele>60.59999847412109375</ele>
        <time>2026-05-05T12:44:40.000Z</time>
        <extensions>
          <ns3:TrackPointExtension>
            <ns3:hr>135</ns3:hr>
            <ns3:cad>92</ns3:cad>
          </ns3:TrackPointExtension>
        </extensions>
      </trkpt>
      <trkpt lat="29.28032465279102325439453125" lon="117.24752269685268402099609375">
        <ele>60.59999847412109375</ele>
        <time>2026-05-05T12:44:41.000Z</time>
        <extensions>
          <ns3:TrackPointExtension>
            <ns3:hr>135</ns3:hr>
            <ns3:cad>92</ns3:cad>
          </ns3:TrackPointExtension>
        </extensions>
      </trkpt>
      <trkpt lat="29.280349127948284149169921875" lon="117.24752512760460376739501953125">
        <ele>60.59999847412109375</ele>
        <time>2026-05-05T12:44:42.000Z</time>
        <extensions>
          <ns3:TrackPointExtension>
            <ns3:hr>135</ns3:hr>
            <ns3:cad>92</ns3:cad>
          </ns3:TrackPointExtension>
        </extensions>
      </trkpt>
      <trkpt lat="29.28037720732390880584716796875" lon="117.2475268878042697906494140625">
        <ele>60.59999847412109375</ele>
        <time>2026-05-05T12:44:43.000Z</time>
        <extensions>
          <ns3:TrackPointExtension>
            <ns3:hr>136</ns3:hr>
            <ns3:cad>90</ns3:cad>
          </ns3:TrackPointExtension>
        </extensions>
      </trkpt>
      <trkpt lat="29.28040671162307262420654296875" lon="117.24752395413815975189208984375">
        <ele>60.59999847412109375</ele>
        <time>2026-05-05T12:44:44.000Z</time>
        <extensions>
          <ns3:TrackPointExtension>
            <ns3:hr>136</ns3:hr>
            <ns3:cad>90</ns3:cad>
          </ns3:TrackPointExtension>
        </extensions>
      </trkpt>
      <trkpt lat="29.28043353371322154998779296875" lon="117.2475195117294788360595703125">
        <ele>60.59999847412109375</ele>
        <time>2026-05-05T12:44:45.000Z</time>
        <extensions>
          <ns3:TrackPointExtension>
            <ns3:hr>136</ns3:hr>
            <ns3:cad>91</ns3:cad>
          </ns3:TrackPointExtension>
        </extensions>
      </trkpt>
      <trkpt lat="29.28046102635562419891357421875" lon="117.24751221947371959686279296875">
        <ele>60.59999847412109375</ele>
        <time>2026-05-05T12:44:46.000Z</time>
        <extensions>
          <ns3:TrackPointExtension>
            <ns3:hr>136</ns3:hr>
            <ns3:cad>91</ns3:cad>
          </ns3:TrackPointExtension>
        </extensions>
      </trkpt>
      <trkpt lat="29.280490614473819732666015625" lon="117.24750014953315258026123046875">
        <ele>60.59999847412109375</ele>
        <time>2026-05-05T12:44:47.000Z</time>
        <extensions>
          <ns3:TrackPointExtension>
            <ns3:hr>135</ns3:hr>
            <ns3:cad>91</ns3:cad>
          </ns3:TrackPointExtension>
        </extensions>
      </trkpt>
      <trkpt lat="29.28052045404911041259765625" lon="117.2474849782884120941162109375">
        <ele>60.59999847412109375</ele>
        <time>2026-05-05T12:44:48.000Z</time>
        <extensions>
          <ns3:TrackPointExtension>
            <ns3:hr>135</ns3:hr>
            <ns3:cad>91</ns3:cad>
          </ns3:TrackPointExtension>
        </extensions>
      </trkpt>
      <trkpt lat="29.28054803051054477691650390625" lon="117.24746712483465671539306640625">
        <ele>60.59999847412109375</ele>
        <time>2026-05-05T12:44:49.000Z</time>
        <extensions>
          <ns3:TrackPointExtension>
            <ns3:hr>136</ns3:hr>
            <ns3:cad>91</ns3:cad>
          </ns3:TrackPointExtension>
        </extensions>
      </trkpt>
      <trkpt lat="29.28056831471621990203857421875" lon="117.24745002575218677520751953125">
        <ele>60.59999847412109375</ele>
        <time>2026-05-05T12:44:50.000Z</time>
        <extensions>
          <ns3:TrackPointExtension>
            <ns3:hr>136</ns3:hr>
            <ns3:cad>90</ns3:cad>
          </ns3:TrackPointExtension>
        </extensions>
      </trkpt>
      <trkpt lat="29.2805947177112102508544921875" lon="117.247425802052021026611328125">
        <ele>60.59999847412109375</ele>
        <time>2026-05-05T12:44:51.000Z</time>
        <extensions>
          <ns3:TrackPointExtension>
            <ns3:hr>136</ns3:hr>
            <ns3:cad>90</ns3:cad>
          </ns3:TrackPointExtension>
        </extensions>
      </trkpt>
      <trkpt lat="29.2806057818233966827392578125" lon="117.24741448648273944854736328125">
        <ele>60.59999847412109375</ele>
        <time>2026-05-05T12:44:52.000Z</time>
        <extensions>
          <ns3:TrackPointExtension>
            <ns3:hr>136</ns3:hr>
            <ns3:cad>91</ns3:cad>
          </ns3:TrackPointExtension>
        </extensions>
      </trkpt>
      <trkpt lat="29.28063352592289447784423828125" lon="117.247386239469051361083984375">
        <ele>60.59999847412109375</ele>
        <time>2026-05-05T12:44:53.000Z</time>
        <extensions>
          <ns3:TrackPointExtension>
            <ns3:hr>136</ns3:hr>
            <ns3:cad>91</ns3:cad>
          </ns3:TrackPointExtension>
        </extensions>
      </trkpt>
      <trkpt lat="29.28064861334860324859619140625" lon="117.247370816767215728759765625">
        <ele>60.59999847412109375</ele>
        <time>2026-05-05T12:44:54.000Z</time>
        <extensions>
          <ns3:TrackPointExtension>
            <ns3:hr>135</ns3:hr>
            <ns3:cad>91</ns3:cad>
          </ns3:TrackPointExtension>
        </extensions>
      </trkpt>
      <trkpt lat="29.28067912347614765167236328125" lon="117.24733971990644931793212890625">
        <ele>60.59999847412109375</ele>
        <time>2026-05-05T12:44:55.000Z</time>
        <extensions>
          <ns3:TrackPointExtension>
            <ns3:hr>136</ns3:hr>
            <ns3:cad>92</ns3:cad>
          </ns3:TrackPointExtension>
        </extensions>
      </trkpt>
      <trkpt lat="29.28068867884576320648193359375" lon="117.247329913079738616943359375">
        <ele>60.59999847412109375</ele>
        <time>2026-05-05T12:44:56.000Z</time>
        <extensions>
          <ns3:TrackPointExtension>
            <ns3:hr>136</ns3:hr>
            <ns3:cad>92</ns3:cad>
          </ns3:TrackPointExtension>
        </extensions>
      </trkpt>
      <trkpt lat="29.280723966658115386962890625" lon="117.24729395471513271331787109375">
        <ele>60.59999847412109375</ele>
        <time>2026-05-05T12:44:57.000Z</time>
        <extensions>
          <ns3:TrackPointExtension>
            <ns3:hr>136</ns3:hr>
            <ns3:cad>92</ns3:cad>
          </ns3:TrackPointExtension>
        </extensions>
      </trkpt>
      <trkpt lat="29.28073109127581119537353515625" lon="117.24728666245937347412109375">
        <ele>60.59999847412109375</ele>
        <time>2026-05-05T12:44:58.000Z</time>
        <extensions>
          <ns3:TrackPointExtension>
            <ns3:hr>136</ns3:hr>
            <ns3:cad>92</ns3:cad>
          </ns3:TrackPointExtension>
        </extensions>
      </trkpt>
      <trkpt lat="29.2807626910507678985595703125" lon="117.24725439213216304779052734375">
        <ele>60.59999847412109375</ele>
        <time>2026-05-05T12:44:59.000Z</time>
        <extensions>
          <ns3:TrackPointExtension>
            <ns3:hr>136</ns3:hr>
            <ns3:cad>92</ns3:cad>
          </ns3:TrackPointExtension>
        </extensions>
      </trkpt>
      <trkpt lat="29.2807677201926708221435546875" lon="117.2472492791712284088134765625">
        <ele>60.59999847412109375</ele>
        <time>2026-05-05T12:45:00.000Z</time>
        <extensions>
          <ns3:TrackPointExtension>
            <ns3:hr>136</ns3:hr>
            <ns3:cad>92</ns3:cad>
          </ns3:TrackPointExtension>
        </extensions>
      </trkpt>
      <trkpt lat="29.28080569021403789520263671875" lon="117.24721047095954418182373046875">
        <ele>60.59999847412109375</ele>
        <time>2026-05-05T12:45:01.000Z</time>
        <extensions>
          <ns3:TrackPointExtension>
            <ns3:hr>136</ns3:hr>
            <ns3:cad>92</ns3:cad>
          </ns3:TrackPointExtension>
        </extensions>
      </trkpt>
      <trkpt lat="29.28081189282238483428955078125" lon="117.24720426835119724273681640625">
        <ele>60.59999847412109375</ele>
        <time>2026-05-05T12:45:02.000Z</time>
        <extensions>
          <ns3:TrackPointExtension>
            <ns3:hr>137</ns3:hr>
            <ns3:cad>92</ns3:cad>
          </ns3:TrackPointExtension>
        </extensions>
      </trkpt>
      <trkpt lat="29.28084542043507099151611328125" lon="117.24716998636722564697265625">
        <ele>60.59999847412109375</ele>
        <time>2026-05-05T12:45:03.000Z</time>
        <extensions>
          <ns3:TrackPointExtension>
            <ns3:hr>136</ns3:hr>
            <ns3:cad>92</ns3:cad>
          </ns3:TrackPointExtension>
        </extensions>
      </trkpt>
      <trkpt lat="29.280852712690830230712890625" lon="117.24716252647340297698974609375">
        <ele>60.59999847412109375</ele>
        <time>2026-05-05T12:45:04.000Z</time>
        <extensions>
          <ns3:TrackPointExtension>
            <ns3:hr>136</ns3:hr>
            <ns3:cad>92</ns3:cad>
          </ns3:TrackPointExtension>
        </extensions>
      </trkpt>
      <trkpt lat="29.2808827199041843414306640625" lon="117.2471319325268268585205078125">
        <ele>60.59999847412109375</ele>
        <time>2026-05-05T12:45:05.000Z</time>
        <extensions>
          <ns3:TrackPointExtension>
            <ns3:hr>137</ns3:hr>
            <ns3:cad>92</ns3:cad>
          </ns3:TrackPointExtension>
        </extensions>
      </trkpt>
      <trkpt lat="29.28089328110218048095703125" lon="117.24712111987173557281494140625">
        <ele>60.59999847412109375</ele>
        <time>2026-05-05T12:45:06.000Z</time>
        <extensions>
          <ns3:TrackPointExtension>
            <ns3:hr>136</ns3:hr>
            <ns3:cad>92</ns3:cad>
          </ns3:TrackPointExtension>
        </extensions>
      </trkpt>
      <trkpt lat="29.28091943264007568359375" lon="117.24709446541965007781982421875">
        <ele>60.59999847412109375</ele>
        <time>2026-05-05T12:45:07.000Z</time>
        <extensions>
          <ns3:TrackPointExtension>
            <ns3:hr>136</ns3:hr>
            <ns3:cad>92</ns3:cad>
          </ns3:TrackPointExtension>
        </extensions>
      </trkpt>
      <trkpt lat="29.2809333465993404388427734375" lon="117.2470803000032901763916015625">
        <ele>60.59999847412109375</ele>
        <time>2026-05-05T12:45:08.000Z</time>
        <extensions>
          <ns3:TrackPointExtension>
            <ns3:hr>137</ns3:hr>
            <ns3:cad>92</ns3:cad>
          </ns3:TrackPointExtension>
        </extensions>
      </trkpt>
      <trkpt lat="29.280960671603679656982421875" lon="117.24705238826572895050048828125">
        <ele>60.59999847412109375</ele>
        <time>2026-05-05T12:45:09.000Z</time>
        <extensions>
          <ns3:TrackPointExtension>
            <ns3:hr>136</ns3:hr>
            <ns3:cad>92</ns3:cad>
          </ns3:TrackPointExtension>
        </extensions>
      </trkpt>
      <trkpt lat="29.28097986616194248199462890625" lon="117.24703277461230754852294921875">
        <ele>60.59999847412109375</ele>
        <time>2026-05-05T12:45:10.000Z</time>
        <extensions>
          <ns3:TrackPointExtension>
            <ns3:hr>136</ns3:hr>
            <ns3:cad>92</ns3:cad>
          </ns3:TrackPointExtension>
        </extensions>
      </trkpt>
      <trkpt lat="29.28099746815860271453857421875" lon="117.24701483733952045440673828125">
        <ele>60.59999847412109375</ele>
        <time>2026-05-05T12:45:11.000Z</time>
        <extensions>
          <ns3:TrackPointExtension>
            <ns3:hr>137</ns3:hr>
            <ns3:cad>92</ns3:cad>
          </ns3:TrackPointExtension>
        </extensions>
      </trkpt>
      <trkpt lat="29.281023032963275909423828125" lon="117.2469887696206569671630859375">
        <ele>60.59999847412109375</ele>
        <time>2026-05-05T12:45:12.000Z</time>
        <extensions>
          <ns3:TrackPointExtension>
            <ns3:hr>136</ns3:hr>
            <ns3:cad>91</ns3:cad>
          </ns3:TrackPointExtension>
        </extensions>
      </trkpt>
      <trkpt lat="29.28103853948414325714111328125" lon="117.24697292782366275787353515625">
        <ele>60.59999847412109375</ele>
        <time>2026-05-05T12:45:13.000Z</time>
        <extensions>
          <ns3:TrackPointExtension>
            <ns3:hr>136</ns3:hr>
            <ns3:cad>91</ns3:cad>
          </ns3:TrackPointExtension>
        </extensions>
      </trkpt>
      <trkpt lat="29.28106519393622875213623046875" lon="117.24694577045738697052001953125">
        <ele>60.59999847412109375</ele>
        <time>2026-05-05T12:45:14.000Z</time>
        <extensions>
          <ns3:TrackPointExtension>
            <ns3:hr>136</ns3:hr>
            <ns3:cad>93</ns3:cad>
          </ns3:TrackPointExtension>
        </extensions>
      </trkpt>
      <trkpt lat="29.28107944317162036895751953125" lon="117.24693118594586849212646484375">
        <ele>60.59999847412109375</ele>
        <time>2026-05-05T12:45:15.000Z</time>
        <extensions>
          <ns3:TrackPointExtension>
            <ns3:hr>136</ns3:hr>
            <ns3:cad>93</ns3:cad>
          </ns3:TrackPointExtension>
        </extensions>
      </trkpt>
      <trkpt lat="29.28111783228814601898193359375" lon="117.24689195863902568817138671875">
        <ele>60.59999847412109375</ele>
        <time>2026-05-05T12:45:16.000Z</time>
        <extensions>
          <ns3:TrackPointExtension>
            <ns3:hr>136</ns3:hr>
            <ns3:cad>93</ns3:cad>
          </ns3:TrackPointExtension>
        </extensions>
      </trkpt>
      <trkpt lat="29.28112822584807872772216796875" lon="117.24688139744102954864501953125">
        <ele>60.59999847412109375</ele>
        <time>2026-05-05T12:45:17.000Z</time>
        <extensions>
          <ns3:TrackPointExtension>
            <ns3:hr>136</ns3:hr>
            <ns3:cad>93</ns3:cad>
          </ns3:TrackPointExtension>
        </extensions>
      </trkpt>
      <trkpt lat="29.28116016089916229248046875" lon="117.2468487918376922607421875">
        <ele>60.59999847412109375</ele>
        <time>2026-05-05T12:45:18.000Z</time>
        <extensions>
          <ns3:TrackPointExtension>
            <ns3:hr>137</ns3:hr>
            <ns3:cad>93</ns3:cad>
          </ns3:TrackPointExtension>
        </extensions>
      </trkpt>
      <trkpt lat="29.2811693809926509857177734375" lon="117.24683898501098155975341796875">
        <ele>60.59999847412109375</ele>
        <time>2026-05-05T12:45:19.000Z</time>
        <extensions>
          <ns3:TrackPointExtension>
            <ns3:hr>137</ns3:hr>
            <ns3:cad>92</ns3:cad>
          </ns3:TrackPointExtension>
        </extensions>
      </trkpt>
      <trkpt lat="29.2811997234821319580078125" lon="117.246802859008312225341796875">
        <ele>60.59999847412109375</ele>
        <time>2026-05-05T12:45:20.000Z</time>
        <extensions>
          <ns3:TrackPointExtension>
            <ns3:hr>137</ns3:hr>
            <ns3:cad>92</ns3:cad>
          </ns3:TrackPointExtension>
        </extensions>
      </trkpt>
      <trkpt lat="29.281204752624034881591796875" lon="117.2467949800193309783935546875">
        <ele>60.59999847412109375</ele>
        <time>2026-05-05T12:45:21.000Z</time>
        <extensions>
          <ns3:TrackPointExtension>
            <ns3:hr>137</ns3:hr>
            <ns3:cad>93</ns3:cad>
          </ns3:TrackPointExtension>
        </extensions>
      </trkpt>
      <trkpt lat="29.281226880848407745361328125" lon="117.2467597760260105133056640625">
        <ele>60.59999847412109375</ele>
        <time>2026-05-05T12:45:22.000Z</time>
        <extensions>
          <ns3:TrackPointExtension>
            <ns3:hr>137</ns3:hr>
            <ns3:cad>93</ns3:cad>
          </ns3:TrackPointExtension>
        </extensions>
      </trkpt>
      <trkpt lat="29.2812367714941501617431640625" lon="117.2467383183538913726806640625">
        <ele>60.59999847412109375</ele>
        <time>2026-05-05T12:45:23.000Z</time>
        <extensions>
          <ns3:TrackPointExtension>
            <ns3:hr>136</ns3:hr>
            <ns3:cad>93</ns3:cad>
          </ns3:TrackPointExtension>
        </extensions>
      </trkpt>
      <trkpt lat="29.28124959580600261688232421875" lon="117.24670873023569583892822265625">
        <ele>60.59999847412109375</ele>
        <time>2026-05-05T12:45:24.000Z</time>
        <extensions>
          <ns3:TrackPointExtension>
            <ns3:hr>137</ns3:hr>
            <ns3:cad>92</ns3:cad>
          </ns3:TrackPointExtension>
        </extensions>
      </trkpt>
      <trkpt lat="29.281255044043064117431640625" lon="117.24669146351516246795654296875">
        <ele>60.59999847412109375</ele>
        <time>2026-05-05T12:45:25.000Z</time>
        <extensions>
          <ns3:TrackPointExtension>
            <ns3:hr>137</ns3:hr>
            <ns3:cad>92</ns3:cad>
          </ns3:TrackPointExtension>
        </extensions>
      </trkpt>
      <trkpt lat="29.28126501850783824920654296875" lon="117.24665592424571514129638671875">
        <ele>60.59999847412109375</ele>
        <time>2026-05-05T12:45:26.000Z</time>
        <extensions>
          <ns3:TrackPointExtension>
            <ns3:hr>137</ns3:hr>
            <ns3:cad>92</ns3:cad>
          </ns3:TrackPointExtension>
        </extensions>
      </trkpt>
      <trkpt lat="29.28126879036426544189453125" lon="117.24663496948778629302978515625">
        <ele>60.59999847412109375</ele>
        <time>2026-05-05T12:45:27.000Z</time>
        <extensions>
          <ns3:TrackPointExtension>
            <ns3:hr>138</ns3:hr>
            <ns3:cad>92</ns3:cad>
          </ns3:TrackPointExtension>
        </extensions>
      </trkpt>
      <trkpt lat="29.28127348423004150390625" lon="117.24660026840865612030029296875">
        <ele>60.59999847412109375</ele>
        <time>2026-05-05T12:45:28.000Z</time>
        <extensions>
          <ns3:TrackPointExtension>
            <ns3:hr>138</ns3:hr>
            <ns3:cad>92</ns3:cad>
          </ns3:TrackPointExtension>
        </extensions>
      </trkpt>
      <trkpt lat="29.28127474151551723480224609375" lon="117.2465747036039829254150390625">
        <ele>60.59999847412109375</ele>
        <time>2026-05-05T12:45:29.000Z</time>
        <extensions>
          <ns3:TrackPointExtension>
            <ns3:hr>138</ns3:hr>
            <ns3:cad>92</ns3:cad>
          </ns3:TrackPointExtension>
        </extensions>
      </trkpt>
      <trkpt lat="29.28127457387745380401611328125" lon="117.24654545076191425323486328125">
        <ele>60.59999847412109375</ele>
        <time>2026-05-05T12:45:30.000Z</time>
        <extensions>
          <ns3:TrackPointExtension>
            <ns3:hr>139</ns3:hr>
            <ns3:cad>92</ns3:cad>
          </ns3:TrackPointExtension>
        </extensions>
      </trkpt>
      <trkpt lat="29.2812721431255340576171875" lon="117.24651276133954524993896484375">
        <ele>60.59999847412109375</ele>
        <time>2026-05-05T12:45:31.000Z</time>
        <extensions>
          <ns3:TrackPointExtension>
            <ns3:hr>139</ns3:hr>
            <ns3:cad>92</ns3:cad>
          </ns3:TrackPointExtension>
        </extensions>
      </trkpt>
      <trkpt lat="29.281267784535884857177734375" lon="117.2464865259826183319091796875">
        <ele>60.59999847412109375</ele>
        <time>2026-05-05T12:45:32.000Z</time>
        <extensions>
          <ns3:TrackPointExtension>
            <ns3:hr>139</ns3:hr>
            <ns3:cad>92</ns3:cad>
          </ns3:TrackPointExtension>
        </extensions>
      </trkpt>
      <trkpt lat="29.28125831298530101776123046875" lon="117.246445454657077789306640625">
        <ele>60.59999847412109375</ele>
        <time>2026-05-05T12:45:33.000Z</time>
        <extensions>
          <ns3:TrackPointExtension>
            <ns3:hr>139</ns3:hr>
            <ns3:cad>92</ns3:cad>
          </ns3:TrackPointExtension>
        </extensions>
      </trkpt>
      <trkpt lat="29.28125269711017608642578125" lon="117.24642877466976642608642578125">
        <ele>60.59999847412109375</ele>
        <time>2026-05-05T12:45:34.000Z</time>
        <extensions>
          <ns3:TrackPointExtension>
            <ns3:hr>139</ns3:hr>
            <ns3:cad>92</ns3:cad>
          </ns3:TrackPointExtension>
        </extensions>
      </trkpt>
      <trkpt lat="29.28123501129448413848876953125" lon="117.24638518877327442169189453125">
        <ele>60.59999847412109375</ele>
        <time>2026-05-05T12:45:35.000Z</time>
        <extensions>
          <ns3:TrackPointExtension>
            <ns3:hr>139</ns3:hr>
            <ns3:cad>92</ns3:cad>
          </ns3:TrackPointExtension>
        </extensions>
      </trkpt>
      <trkpt lat="29.28122931160032749176025390625" lon="117.2463735379278659820556640625">
        <ele>60.59999847412109375</ele>
        <time>2026-05-05T12:45:36.000Z</time>
        <extensions>
          <ns3:TrackPointExtension>
            <ns3:hr>138</ns3:hr>
            <ns3:cad>92</ns3:cad>
          </ns3:TrackPointExtension>
        </extensions>
      </trkpt>
      <trkpt lat="29.2812102846801280975341796875" lon="117.24634093232452869415283203125">
        <ele>60.59999847412109375</ele>
        <time>2026-05-05T12:45:37.000Z</time>
        <extensions>
          <ns3:TrackPointExtension>
            <ns3:hr>139</ns3:hr>
            <ns3:cad>92</ns3:cad>
          </ns3:TrackPointExtension>
        </extensions>
      </trkpt>
      <trkpt lat="29.2811982147395610809326171875" lon="117.2463230788707733154296875">
        <ele>60.59999847412109375</ele>
        <time>2026-05-05T12:45:38.000Z</time>
        <extensions>
          <ns3:TrackPointExtension>
            <ns3:hr>139</ns3:hr>
            <ns3:cad>92</ns3:cad>
          </ns3:TrackPointExtension>
        </extensions>
      </trkpt>
      <trkpt lat="29.28117633797228336334228515625" lon="117.24629667587578296661376953125">
        <ele>60.59999847412109375</ele>
        <time>2026-05-05T12:45:39.000Z</time>
        <extensions>
          <ns3:TrackPointExtension>
            <ns3:hr>138</ns3:hr>
            <ns3:cad>92</ns3:cad>
          </ns3:TrackPointExtension>
        </extensions>
      </trkpt>
      <trkpt lat="29.28116342984139919281005859375" lon="117.2462823428213596343994140625">
        <ele>60.59999847412109375</ele>
        <time>2026-05-05T12:45:40.000Z</time>
        <extensions>
          <ns3:TrackPointExtension>
            <ns3:hr>139</ns3:hr>
            <ns3:cad>92</ns3:cad>
          </ns3:TrackPointExtension>
        </extensions>
      </trkpt>
      <trkpt lat="29.2811408825218677520751953125" lon="117.2462625615298748016357421875">
        <ele>60.59999847412109375</ele>
        <time>2026-05-05T12:45:41.000Z</time>
        <extensions>
          <ns3:TrackPointExtension>
            <ns3:hr>139</ns3:hr>
            <ns3:cad>92</ns3:cad>
          </ns3:TrackPointExtension>
        </extensions>
      </trkpt>
      <trkpt lat="29.2811299860477447509765625" lon="117.24625342525541782379150390625">
        <ele>60.59999847412109375</ele>
        <time>2026-05-05T12:45:42.000Z</time>
        <extensions>
          <ns3:TrackPointExtension>
            <ns3:hr>139</ns3:hr>
            <ns3:cad>91</ns3:cad>
          </ns3:TrackPointExtension>
        </extensions>
      </trkpt>
      <trkpt lat="29.28109704516828060150146484375" lon="117.24623179994523525238037109375">
        <ele>60.59999847412109375</ele>
        <time>2026-05-05T12:45:43.000Z</time>
        <extensions>
          <ns3:TrackPointExtension>
            <ns3:hr>140</ns3:hr>
            <ns3:cad>90</ns3:cad>
          </ns3:TrackPointExtension>
        </extensions>
      </trkpt>
      <trkpt lat="29.28108832798898220062255859375" lon="117.24622643552720546722412109375">
        <ele>60.59999847412109375</ele>
        <time>2026-05-05T12:45:44.000Z</time>
        <extensions>
          <ns3:TrackPointExtension>
            <ns3:hr>139</ns3:hr>
            <ns3:cad>90</ns3:cad>
          </ns3:TrackPointExtension>
        </extensions>
      </trkpt>
      <trkpt lat="29.28105278871953487396240234375" lon="117.24621050991117954254150390625">
        <ele>60.59999847412109375</ele>
        <time>2026-05-05T12:45:45.000Z</time>
        <extensions>
          <ns3:TrackPointExtension>
            <ns3:hr>139</ns3:hr>
            <ns3:cad>90</ns3:cad>
          </ns3:TrackPointExtension>
        </extensions>
      </trkpt>
      <trkpt lat="29.28104373626410961151123046875" lon="117.24620682187378406524658203125">
        <ele>60.59999847412109375</ele>
        <time>2026-05-05T12:45:46.000Z</time>
        <extensions>
          <ns3:TrackPointExtension>
            <ns3:hr>139</ns3:hr>
            <ns3:cad>91</ns3:cad>
          </ns3:TrackPointExtension>
        </extensions>
      </trkpt>
      <trkpt lat="29.28100283257663249969482421875" lon="117.24619626067578792572021484375">
        <ele>60.59999847412109375</ele>
        <time>2026-05-05T12:45:47.000Z</time>
        <extensions>
          <ns3:TrackPointExtension>
            <ns3:hr>139</ns3:hr>
            <ns3:cad>91</ns3:cad>
          </ns3:TrackPointExtension>
        </extensions>
      </trkpt>
      <trkpt lat="29.2809983901679515838623046875" lon="117.2461951710283756256103515625">
        <ele>60.59999847412109375</ele>
        <time>2026-05-05T12:45:48.000Z</time>
        <extensions>
          <ns3:TrackPointExtension>
            <ns3:hr>139</ns3:hr>
            <ns3:cad>90</ns3:cad>
          </ns3:TrackPointExtension>
        </extensions>
      </trkpt>
      <trkpt lat="29.28095631301403045654296875" lon="117.246191315352916717529296875">
        <ele>60.59999847412109375</ele>
        <time>2026-05-05T12:45:49.000Z</time>
        <extensions>
          <ns3:TrackPointExtension>
            <ns3:hr>138</ns3:hr>
            <ns3:cad>90</ns3:cad>
          </ns3:TrackPointExtension>
        </extensions>
      </trkpt>
      <trkpt lat="29.28094826638698577880859375" lon="117.2461908124387264251708984375">
        <ele>60.59999847412109375</ele>
        <time>2026-05-05T12:45:50.000Z</time>
        <extensions>
          <ns3:TrackPointExtension>
            <ns3:hr>138</ns3:hr>
            <ns3:cad>90</ns3:cad>
          </ns3:TrackPointExtension>
        </extensions>
      </trkpt>
      <trkpt lat="29.28090426139533519744873046875" lon="117.24619475193321704864501953125">
        <ele>60.59999847412109375</ele>
        <time>2026-05-05T12:45:51.000Z</time>
        <extensions>
          <ns3:TrackPointExtension>
            <ns3:hr>138</ns3:hr>
            <ns3:cad>90</ns3:cad>
          </ns3:TrackPointExtension>
        </extensions>
      </trkpt>
      <trkpt lat="29.28088548593223094940185546875" lon="117.24619894288480281829833984375">
        <ele>60.59999847412109375</ele>
        <time>2026-05-05T12:45:52.000Z</time>
        <extensions>
          <ns3:TrackPointExtension>
            <ns3:hr>138</ns3:hr>
            <ns3:cad>90</ns3:cad>
          </ns3:TrackPointExtension>
        </extensions>
      </trkpt>
      <trkpt lat="29.28085547871887683868408203125" lon="117.2462069056928157806396484375">
        <ele>60.59999847412109375</ele>
        <time>2026-05-05T12:45:53.000Z</time>
        <extensions>
          <ns3:TrackPointExtension>
            <ns3:hr>138</ns3:hr>
            <ns3:cad>90</ns3:cad>
          </ns3:TrackPointExtension>
        </extensions>
      </trkpt>
      <trkpt lat="29.2808451689779758453369140625" lon="117.2462112642824649810791015625">
        <ele>60.59999847412109375</ele>
        <time>2026-05-05T12:45:54.000Z</time>
        <extensions>
          <ns3:TrackPointExtension>
            <ns3:hr>138</ns3:hr>
            <ns3:cad>90</ns3:cad>
          </ns3:TrackPointExtension>
        </extensions>
      </trkpt>
      <trkpt lat="29.28081457503139972686767578125" lon="117.24622492678463459014892578125">
        <ele>60.59999847412109375</ele>
        <time>2026-05-05T12:45:55.000Z</time>
        <extensions>
          <ns3:TrackPointExtension>
            <ns3:hr>138</ns3:hr>
            <ns3:cad>90</ns3:cad>
          </ns3:TrackPointExtension>
        </extensions>
      </trkpt>
      <trkpt lat="29.2808005772531032562255859375" lon="117.2462332248687744140625">
        <ele>60.59999847412109375</ele>
        <time>2026-05-05T12:45:56.000Z</time>
        <extensions>
          <ns3:TrackPointExtension>
            <ns3:hr>138</ns3:hr>
            <ns3:cad>90</ns3:cad>
          </ns3:TrackPointExtension>
        </extensions>
      </trkpt>
      <trkpt lat="29.28077082149684429168701171875" lon="117.24625241942703723907470703125">
        <ele>60.59999847412109375</ele>
        <time>2026-05-05T12:45:57.000Z</time>
        <extensions>
          <ns3:TrackPointExtension>
            <ns3:hr>138</ns3:hr>
            <ns3:cad>90</ns3:cad>
          </ns3:TrackPointExtension>
        </extensions>
      </trkpt>
      <trkpt lat="29.28075648844242095947265625" lon="117.246265076100826263427734375">
        <ele>60.59999847412109375</ele>
        <time>2026-05-05T12:45:58.000Z</time>
        <extensions>
          <ns3:TrackPointExtension>
            <ns3:hr>137</ns3:hr>
            <ns3:cad>90</ns3:cad>
          </ns3:TrackPointExtension>
        </extensions>
      </trkpt>
      <trkpt lat="29.28072857670485973358154296875" lon="117.2462903894484043121337890625">
        <ele>60.59999847412109375</ele>
        <time>2026-05-05T12:45:59.000Z</time>
        <extensions>
          <ns3:TrackPointExtension>
            <ns3:hr>137</ns3:hr>
            <ns3:cad>90</ns3:cad>
          </ns3:TrackPointExtension>
        </extensions>
      </trkpt>
      <trkpt lat="29.28071248345077037811279296875" lon="117.24630690179765224456787109375">
        <ele>60.59999847412109375</ele>
        <time>2026-05-05T12:46:00.000Z</time>
        <extensions>
          <ns3:TrackPointExtension>
            <ns3:hr>136</ns3:hr>
            <ns3:cad>90</ns3:cad>
          </ns3:TrackPointExtension>
        </extensions>
      </trkpt>
      <trkpt lat="29.2806862480938434600830078125" lon="117.2463336400687694549560546875">
        <ele>60.59999847412109375</ele>
        <time>2026-05-05T12:46:01.000Z</time>
        <extensions>
          <ns3:TrackPointExtension>
            <ns3:hr>136</ns3:hr>
            <ns3:cad>90</ns3:cad>
          </ns3:TrackPointExtension>
        </extensions>
      </trkpt>
      <trkpt lat="29.28067007102072238922119140625" lon="117.24635015241801738739013671875">
        <ele>60.59999847412109375</ele>
        <time>2026-05-05T12:46:02.000Z</time>
        <extensions>
          <ns3:TrackPointExtension>
            <ns3:hr>135</ns3:hr>
            <ns3:cad>90</ns3:cad>
          </ns3:TrackPointExtension>
        </extensions>
      </trkpt>
      <trkpt lat="29.28064710460603237152099609375" lon="117.24637362174689769744873046875">
        <ele>60.59999847412109375</ele>
        <time>2026-05-05T12:46:03.000Z</time>
        <extensions>
          <ns3:TrackPointExtension>
            <ns3:hr>135</ns3:hr>
            <ns3:cad>90</ns3:cad>
          </ns3:TrackPointExtension>
        </extensions>
      </trkpt>
      <trkpt lat="29.28062715567648410797119140625" lon="117.2463939897716045379638671875">
        <ele>60.59999847412109375</ele>
        <time>2026-05-05T12:46:04.000Z</time>
        <extensions>
          <ns3:TrackPointExtension>
            <ns3:hr>134</ns3:hr>
            <ns3:cad>91</ns3:cad>
          </ns3:TrackPointExtension>
        </extensions>
      </trkpt>
      <trkpt lat="29.28060821257531642913818359375" lon="117.246413268148899078369140625">
        <ele>60.59999847412109375</ele>
        <time>2026-05-05T12:46:05.000Z</time>
        <extensions>
          <ns3:TrackPointExtension>
            <ns3:hr>134</ns3:hr>
            <ns3:cad>92</ns3:cad>
          </ns3:TrackPointExtension>
        </extensions>
      </trkpt>
      <trkpt lat="29.28058750927448272705078125" lon="117.246434390544891357421875">
        <ele>60.59999847412109375</ele>
        <time>2026-05-05T12:46:06.000Z</time>
        <extensions>
          <ns3:TrackPointExtension>
            <ns3:hr>134</ns3:hr>
            <ns3:cad>92</ns3:cad>
          </ns3:TrackPointExtension>
        </extensions>
      </trkpt>
      <trkpt lat="29.280569069087505340576171875" lon="117.24645316600799560546875">
        <ele>60.59999847412109375</ele>
        <time>2026-05-05T12:46:07.000Z</time>
        <extensions>
          <ns3:TrackPointExtension>
            <ns3:hr>133</ns3:hr>
            <ns3:cad>92</ns3:cad>
          </ns3:TrackPointExtension>
        </extensions>
      </trkpt>
      <trkpt lat="29.280546270310878753662109375" lon="117.2464764676988124847412109375">
        <ele>60.59999847412109375</ele>
        <time>2026-05-05T12:46:08.000Z</time>
        <extensions>
          <ns3:TrackPointExtension>
            <ns3:hr>133</ns3:hr>
            <ns3:cad>91</ns3:cad>
          </ns3:TrackPointExtension>
        </extensions>
      </trkpt>
      <trkpt lat="29.28052757866680622100830078125" lon="117.2464955784380435943603515625">
        <ele>60.59999847412109375</ele>
        <time>2026-05-05T12:46:09.000Z</time>
        <extensions>
          <ns3:TrackPointExtension>
            <ns3:hr>133</ns3:hr>
            <ns3:cad>91</ns3:cad>
          </ns3:TrackPointExtension>
        </extensions>
      </trkpt>
      <trkpt lat="29.2805038578808307647705078125" lon="117.24651980213820934295654296875">
        <ele>60.59999847412109375</ele>
        <time>2026-05-05T12:46:10.000Z</time>
        <extensions>
          <ns3:TrackPointExtension>
            <ns3:hr>133</ns3:hr>
            <ns3:cad>91</ns3:cad>
          </ns3:TrackPointExtension>
        </extensions>
      </trkpt>
      <trkpt lat="29.2804867587983608245849609375" lon="117.2465371526777744293212890625">
        <ele>60.59999847412109375</ele>
        <time>2026-05-05T12:46:11.000Z</time>
        <extensions>
          <ns3:TrackPointExtension>
            <ns3:hr>133</ns3:hr>
            <ns3:cad>91</ns3:cad>
          </ns3:TrackPointExtension>
        </extensions>
      </trkpt>
      <trkpt lat="29.28046085871756076812744140625" lon="117.24656355567276477813720703125">
        <ele>60.59999847412109375</ele>
        <time>2026-05-05T12:46:12.000Z</time>
        <extensions>
          <ns3:TrackPointExtension>
            <ns3:hr>133</ns3:hr>
            <ns3:cad>91</ns3:cad>
          </ns3:TrackPointExtension>
        </extensions>
      </trkpt>
      <trkpt lat="29.280446358025074005126953125" lon="117.2465783916413784027099609375">
        <ele>60.59999847412109375</ele>
        <time>2026-05-05T12:46:13.000Z</time>
        <extensions>
          <ns3:TrackPointExtension>
            <ns3:hr>132</ns3:hr>
            <ns3:cad>90</ns3:cad>
          </ns3:TrackPointExtension>
        </extensions>
      </trkpt>
      <trkpt lat="29.28042364306747913360595703125" lon="117.24660160951316356658935546875">
        <ele>60.59999847412109375</ele>
        <time>2026-05-05T12:46:14.000Z</time>
        <extensions>
          <ns3:TrackPointExtension>
            <ns3:hr>132</ns3:hr>
            <ns3:cad>90</ns3:cad>
          </ns3:TrackPointExtension>
        </extensions>
      </trkpt>
      <trkpt lat="29.28041710518300533294677734375" lon="117.24660831503570079803466796875">
        <ele>60.59999847412109375</ele>
        <time>2026-05-05T12:46:15.000Z</time>
        <extensions>
          <ns3:TrackPointExtension>
            <ns3:hr>132</ns3:hr>
            <ns3:cad>91</ns3:cad>
          </ns3:TrackPointExtension>
        </extensions>
      </trkpt>
      <trkpt lat="29.280383996665477752685546875" lon="117.24664201028645038604736328125">
        <ele>60.59999847412109375</ele>
        <time>2026-05-05T12:46:16.000Z</time>
        <extensions>
          <ns3:TrackPointExtension>
            <ns3:hr>132</ns3:hr>
            <ns3:cad>91</ns3:cad>
          </ns3:TrackPointExtension>
        </extensions>
      </trkpt>
      <trkpt lat="29.28037687204778194427490234375" lon="117.246649302542209625244140625">
        <ele>60.59999847412109375</ele>
        <time>2026-05-05T12:46:17.000Z</time>
        <extensions>
          <ns3:TrackPointExtension>
            <ns3:hr>132</ns3:hr>
            <ns3:cad>91</ns3:cad>
          </ns3:TrackPointExtension>
        </extensions>
      </trkpt>
      <trkpt lat="29.2803462781012058258056640625" lon="117.24668056704103946685791015625">
        <ele>60.59999847412109375</ele>
        <time>2026-05-05T12:46:18.000Z</time>
        <extensions>
          <ns3:TrackPointExtension>
            <ns3:hr>132</ns3:hr>
            <ns3:cad>91</ns3:cad>
          </ns3:TrackPointExtension>
        </extensions>
      </trkpt>
      <trkpt lat="29.28033831529319286346435546875" lon="117.24668861366808414459228515625">
        <ele>60.59999847412109375</ele>
        <time>2026-05-05T12:46:19.000Z</time>
        <extensions>
          <ns3:TrackPointExtension>
            <ns3:hr>132</ns3:hr>
            <ns3:cad>91</ns3:cad>
          </ns3:TrackPointExtension>
        </extensions>
      </trkpt>
      <trkpt lat="29.280308224260807037353515625" lon="117.24671937525272369384765625">
        <ele>60.59999847412109375</ele>
        <time>2026-05-05T12:46:20.000Z</time>
        <extensions>
          <ns3:TrackPointExtension>
            <ns3:hr>132</ns3:hr>
            <ns3:cad>91</ns3:cad>
          </ns3:TrackPointExtension>
        </extensions>
      </trkpt>
      <trkpt lat="29.2803010158240795135498046875" lon="117.24672666750848293304443359375">
        <ele>60.59999847412109375</ele>
        <time>2026-05-05T12:46:21.000Z</time>
        <extensions>
          <ns3:TrackPointExtension>
            <ns3:hr>132</ns3:hr>
            <ns3:cad>91</ns3:cad>
          </ns3:TrackPointExtension>
        </extensions>
      </trkpt>
      <trkpt lat="29.28026991896331310272216796875" lon="117.2467584349215030670166015625">
        <ele>60.59999847412109375</ele>
        <time>2026-05-05T12:46:22.000Z</time>
        <extensions>
          <ns3:TrackPointExtension>
            <ns3:hr>132</ns3:hr>
            <ns3:cad>92</ns3:cad>
          </ns3:TrackPointExtension>
        </extensions>
      </trkpt>
      <trkpt lat="29.28025382570922374725341796875" lon="117.2467748634517192840576171875">
        <ele>60.59999847412109375</ele>
        <time>2026-05-05T12:46:23.000Z</time>
        <extensions>
          <ns3:TrackPointExtension>
            <ns3:hr>132</ns3:hr>
            <ns3:cad>92</ns3:cad>
          </ns3:TrackPointExtension>
        </extensions>
      </trkpt>
      <trkpt lat="29.2802339605987071990966796875" lon="117.2467951476573944091796875">
        <ele>60.59999847412109375</ele>
        <time>2026-05-05T12:46:24.000Z</time>
        <extensions>
          <ns3:TrackPointExtension>
            <ns3:hr>133</ns3:hr>
            <ns3:cad>92</ns3:cad>
          </ns3:TrackPointExtension>
        </extensions>
      </trkpt>
      <trkpt lat="29.28021057508885860443115234375" lon="117.24681903608143329620361328125">
        <ele>60.59999847412109375</ele>
        <time>2026-05-05T12:46:25.000Z</time>
        <extensions>
          <ns3:TrackPointExtension>
            <ns3:hr>133</ns3:hr>
            <ns3:cad>92</ns3:cad>
          </ns3:TrackPointExtension>
        </extensions>
      </trkpt>
      <trkpt lat="29.2801950685679912567138671875" lon="117.2468348778784275054931640625">
        <ele>60.59999847412109375</ele>
        <time>2026-05-05T12:46:26.000Z</time>
        <extensions>
          <ns3:TrackPointExtension>
            <ns3:hr>133</ns3:hr>
            <ns3:cad>92</ns3:cad>
          </ns3:TrackPointExtension>
        </extensions>
      </trkpt>
      <trkpt lat="29.28017771802842617034912109375" lon="117.24685256369411945343017578125">
        <ele>60.59999847412109375</ele>
        <time>2026-05-05T12:46:27.000Z</time>
        <extensions>
          <ns3:TrackPointExtension>
            <ns3:hr>133</ns3:hr>
            <ns3:cad>92</ns3:cad>
          </ns3:TrackPointExtension>
        </extensions>
      </trkpt>
      <trkpt lat="29.2801491357386112213134765625" lon="117.246882654726505279541015625">
        <ele>60.59999847412109375</ele>
        <time>2026-05-05T12:46:28.000Z</time>
        <extensions>
          <ns3:TrackPointExtension>
            <ns3:hr>133</ns3:hr>
            <ns3:cad>92</ns3:cad>
          </ns3:TrackPointExtension>
        </extensions>
      </trkpt>
      <trkpt lat="29.2801380716264247894287109375" lon="117.246895730495452880859375">
        <ele>60.59999847412109375</ele>
        <time>2026-05-05T12:46:29.000Z</time>
        <extensions>
          <ns3:TrackPointExtension>
            <ns3:hr>132</ns3:hr>
            <ns3:cad>92</ns3:cad>
          </ns3:TrackPointExtension>
        </extensions>
      </trkpt>
      <trkpt lat="29.28011619485914707183837890625" lon="117.24692414514720439910888671875">
        <ele>60.59999847412109375</ele>
        <time>2026-05-05T12:46:30.000Z</time>
        <extensions>
          <ns3:TrackPointExtension>
            <ns3:hr>132</ns3:hr>
            <ns3:cad>92</ns3:cad>
          </ns3:TrackPointExtension>
        </extensions>
      </trkpt>
      <trkpt lat="29.28010546602308750152587890625" lon="117.246940992772579193115234375">
        <ele>60.59999847412109375</ele>
        <time>2026-05-05T12:46:31.000Z</time>
        <extensions>
          <ns3:TrackPointExtension>
            <ns3:hr>133</ns3:hr>
            <ns3:cad>92</ns3:cad>
          </ns3:TrackPointExtension>
        </extensions>
      </trkpt>
      <trkpt lat="29.28008861839771270751953125" lon="117.24697175435721874237060546875">
        <ele>60.59999847412109375</ele>
        <time>2026-05-05T12:46:32.000Z</time>
        <extensions>
          <ns3:TrackPointExtension>
            <ns3:hr>133</ns3:hr>
            <ns3:cad>92</ns3:cad>
          </ns3:TrackPointExtension>
        </extensions>
      </trkpt>
      <trkpt lat="29.2800790630280971527099609375" lon="117.2469924576580524444580078125">
        <ele>60.59999847412109375</ele>
        <time>2026-05-05T12:46:33.000Z</time>
        <extensions>
          <ns3:TrackPointExtension>
            <ns3:hr>133</ns3:hr>
            <ns3:cad>92</ns3:cad>
          </ns3:TrackPointExtension>
        </extensions>
      </trkpt>
      <trkpt lat="29.2800651490688323974609375" lon="117.24703185260295867919921875">
        <ele>60.59999847412109375</ele>
        <time>2026-05-05T12:46:34.000Z</time>
        <extensions>
          <ns3:TrackPointExtension>
            <ns3:hr>133</ns3:hr>
            <ns3:cad>92</ns3:cad>
          </ns3:TrackPointExtension>
        </extensions>
      </trkpt>
      <trkpt lat="29.2800576053559780120849609375" lon="117.24705775268375873565673828125">
        <ele>60.59999847412109375</ele>
        <time>2026-05-05T12:46:35.000Z</time>
        <extensions>
          <ns3:TrackPointExtension>
            <ns3:hr>133</ns3:hr>
            <ns3:cad>92</ns3:cad>
          </ns3:TrackPointExtension>
        </extensions>
      </trkpt>
      <trkpt lat="29.2800519056618213653564453125" lon="117.24708977155387401580810546875">
        <ele>60.59999847412109375</ele>
        <time>2026-05-05T12:46:36.000Z</time>
        <extensions>
          <ns3:TrackPointExtension>
            <ns3:hr>132</ns3:hr>
            <ns3:cad>90</ns3:cad>
          </ns3:TrackPointExtension>
        </extensions>
      </trkpt>
      <trkpt lat="29.28004838526248931884765625" lon="117.24711944349110126495361328125">
        <ele>60.59999847412109375</ele>
        <time>2026-05-05T12:46:37.000Z</time>
        <extensions>
          <ns3:TrackPointExtension>
            <ns3:hr>132</ns3:hr>
            <ns3:cad>90</ns3:cad>
          </ns3:TrackPointExtension>
        </extensions>
      </trkpt>
      <trkpt lat="29.28004645742475986480712890625" lon="117.24715665914118289947509765625">
        <ele>60.59999847412109375</ele>
        <time>2026-05-05T12:46:38.000Z</time>
        <extensions>
          <ns3:TrackPointExtension>
            <ns3:hr>132</ns3:hr>
            <ns3:cad>91</ns3:cad>
          </ns3:TrackPointExtension>
        </extensions>
      </trkpt>
      <trkpt lat="29.28004846908152103424072265625" lon="117.24718750454485416412353515625">
        <ele>60.59999847412109375</ele>
        <time>2026-05-05T12:46:39.000Z</time>
        <extensions>
          <ns3:TrackPointExtension>
            <ns3:hr>132</ns3:hr>
            <ns3:cad>91</ns3:cad>
          </ns3:TrackPointExtension>
        </extensions>
      </trkpt>
      <trkpt lat="29.28005240857601165771484375" lon="117.2472224570810794830322265625">
        <ele>60.59999847412109375</ele>
        <time>2026-05-05T12:46:40.000Z</time>
        <extensions>
          <ns3:TrackPointExtension>
            <ns3:hr>132</ns3:hr>
            <ns3:cad>91</ns3:cad>
          </ns3:TrackPointExtension>
        </extensions>
      </trkpt>
      <trkpt lat="29.28005835972726345062255859375" lon="117.24725170992314815521240234375">
        <ele>60.59999847412109375</ele>
        <time>2026-05-05T12:46:41.000Z</time>
        <extensions>
          <ns3:TrackPointExtension>
            <ns3:hr>132</ns3:hr>
            <ns3:cad>91</ns3:cad>
          </ns3:TrackPointExtension>
        </extensions>
      </trkpt>
      <trkpt lat="29.28006540052592754364013671875" lon="117.24727752618491649627685546875">
        <ele>60.59999847412109375</ele>
        <time>2026-05-05T12:46:42.000Z</time>
        <extensions>
          <ns3:TrackPointExtension>
            <ns3:hr>132</ns3:hr>
            <ns3:cad>91</ns3:cad>
          </ns3:TrackPointExtension>
        </extensions>
      </trkpt>
      <trkpt lat="29.28007520735263824462890625" lon="117.24730652756989002227783203125">
        <ele>60.59999847412109375</ele>
        <time>2026-05-05T12:46:43.000Z</time>
        <extensions>
          <ns3:TrackPointExtension>
            <ns3:hr>131</ns3:hr>
            <ns3:cad>90</ns3:cad>
          </ns3:TrackPointExtension>
        </extensions>
      </trkpt>
      <trkpt lat="29.2800824157893657684326171875" lon="117.247323207557201385498046875">
        <ele>60.59999847412109375</ele>
        <time>2026-05-05T12:46:44.000Z</time>
        <extensions>
          <ns3:TrackPointExtension>
            <ns3:hr>131</ns3:hr>
            <ns3:cad>90</ns3:cad>
          </ns3:TrackPointExtension>
        </extensions>
      </trkpt>
      <trkpt lat="29.2801095731556415557861328125" lon="117.24737341515719890594482421875">
        <ele>60.59999847412109375</ele>
        <time>2026-05-05T12:46:45.000Z</time>
        <extensions>
          <ns3:TrackPointExtension>
            <ns3:hr>131</ns3:hr>
            <ns3:cad>90</ns3:cad>
          </ns3:TrackPointExtension>
        </extensions>
      </trkpt>
      <trkpt lat="29.280117116868495941162109375" lon="117.2473847307264804840087890625">
        <ele>60.59999847412109375</ele>
        <time>2026-05-05T12:46:46.000Z</time>
        <extensions>
          <ns3:TrackPointExtension>
            <ns3:hr>130</ns3:hr>
            <ns3:cad>90</ns3:cad>
          </ns3:TrackPointExtension>
        </extensions>
      </trkpt>
      <trkpt lat="29.2801387421786785125732421875" lon="117.24741314537823200225830078125">
        <ele>60.59999847412109375</ele>
        <time>2026-05-05T12:46:47.000Z</time>
        <extensions>
          <ns3:TrackPointExtension>
            <ns3:hr>130</ns3:hr>
            <ns3:cad>93</ns3:cad>
          </ns3:TrackPointExtension>
        </extensions>
      </trkpt>
      <trkpt lat="29.28014737553894519805908203125" lon="117.24742286838591098785400390625">
        <ele>60.59999847412109375</ele>
        <time>2026-05-05T12:46:48.000Z</time>
        <extensions>
          <ns3:TrackPointExtension>
            <ns3:hr>130</ns3:hr>
            <ns3:cad>93</ns3:cad>
          </ns3:TrackPointExtension>
        </extensions>
      </trkpt>
      <trkpt lat="29.280174784362316131591796875" lon="117.2474497742950916290283203125">
        <ele>60.59999847412109375</ele>
        <time>2026-05-05T12:46:49.000Z</time>
        <extensions>
          <ns3:TrackPointExtension>
            <ns3:hr>130</ns3:hr>
            <ns3:cad>93</ns3:cad>
          </ns3:TrackPointExtension>
        </extensions>
      </trkpt>
      <trkpt lat="29.280190877616405487060546875" lon="117.24746326915919780731201171875">
        <ele>60.59999847412109375</ele>
        <time>2026-05-05T12:46:50.000Z</time>
        <extensions>
          <ns3:TrackPointExtension>
            <ns3:hr>131</ns3:hr>
            <ns3:cad>93</ns3:cad>
          </ns3:TrackPointExtension>
        </extensions>
      </trkpt>
      <trkpt lat="29.28022147156298160552978515625" lon="117.24748380482196807861328125">
        <ele>60.59999847412109375</ele>
        <time>2026-05-05T12:46:51.000Z</time>
        <extensions>
          <ns3:TrackPointExtension>
            <ns3:hr>130</ns3:hr>
            <ns3:cad>92</ns3:cad>
          </ns3:TrackPointExtension>
        </extensions>
      </trkpt>
      <trkpt lat="29.2802373133599758148193359375" lon="117.2474933601915836334228515625">
        <ele>60.59999847412109375</ele>
        <time>2026-05-05T12:46:52.000Z</time>
        <extensions>
          <ns3:TrackPointExtension>
            <ns3:hr>131</ns3:hr>
            <ns3:cad>92</ns3:cad>
          </ns3:TrackPointExtension>
        </extensions>
      </trkpt>
      <trkpt lat="29.2802671529352664947509765625" lon="117.247506268322467803955078125">
        <ele>60.59999847412109375</ele>
        <time>2026-05-05T12:46:53.000Z</time>
        <extensions>
          <ns3:TrackPointExtension>
            <ns3:hr>131</ns3:hr>
            <ns3:cad>92</ns3:cad>
          </ns3:TrackPointExtension>
        </extensions>
      </trkpt>
      <trkpt lat="29.2802876047790050506591796875" lon="117.24751406349241733551025390625">
        <ele>60.59999847412109375</ele>
        <time>2026-05-05T12:46:54.000Z</time>
        <extensions>
          <ns3:TrackPointExtension>
            <ns3:hr>132</ns3:hr>
            <ns3:cad>92</ns3:cad>
          </ns3:TrackPointExtension>
        </extensions>
      </trkpt>
      <trkpt lat="29.28031526505947113037109375" lon="117.2475205175578594207763671875">
        <ele>60.59999847412109375</ele>
        <time>2026-05-05T12:46:55.000Z</time>
        <extensions>
          <ns3:TrackPointExtension>
            <ns3:hr>132</ns3:hr>
            <ns3:cad>92</ns3:cad>
          </ns3:TrackPointExtension>
        </extensions>
      </trkpt>
      <trkpt lat="29.2803414165973663330078125" lon="117.24752462469041347503662109375">
        <ele>60.59999847412109375</ele>
        <time>2026-05-05T12:46:56.000Z</time>
        <extensions>
          <ns3:TrackPointExtension>
            <ns3:hr>132</ns3:hr>
            <ns3:cad>92</ns3:cad>
          </ns3:TrackPointExtension>
        </extensions>
      </trkpt>
      <trkpt lat="29.28036832250654697418212890625" lon="117.24752646870911121368408203125">
        <ele>60.59999847412109375</ele>
        <time>2026-05-05T12:46:57.000Z</time>
        <extensions>
          <ns3:TrackPointExtension>
            <ns3:hr>132</ns3:hr>
            <ns3:cad>92</ns3:cad>
          </ns3:TrackPointExtension>
        </extensions>
      </trkpt>
      <trkpt lat="29.28039715625345706939697265625" lon="117.2475248761475086212158203125">
        <ele>60.59999847412109375</ele>
        <time>2026-05-05T12:46:58.000Z</time>
        <extensions>
          <ns3:TrackPointExtension>
            <ns3:hr>133</ns3:hr>
            <ns3:cad>92</ns3:cad>
          </ns3:TrackPointExtension>
        </extensions>
      </trkpt>
      <trkpt lat="29.28042297251522541046142578125" lon="117.24752227775752544403076171875">
        <ele>60.59999847412109375</ele>
        <time>2026-05-05T12:46:59.000Z</time>
        <extensions>
          <ns3:TrackPointExtension>
            <ns3:hr>133</ns3:hr>
            <ns3:cad>92</ns3:cad>
          </ns3:TrackPointExtension>
        </extensions>
      </trkpt>
      <trkpt lat="29.28045515902340412139892578125" lon="117.24751372821629047393798828125">
        <ele>60.59999847412109375</ele>
        <time>2026-05-05T12:47:00.000Z</time>
        <extensions>
          <ns3:TrackPointExtension>
            <ns3:hr>133</ns3:hr>
            <ns3:cad>92</ns3:cad>
          </ns3:TrackPointExtension>
        </extensions>
      </trkpt>
      <trkpt lat="29.28048080764710903167724609375" lon="117.24750450812280178070068359375">
        <ele>60.59999847412109375</ele>
        <time>2026-05-05T12:47:01.000Z</time>
        <extensions>
          <ns3:TrackPointExtension>
            <ns3:hr>133</ns3:hr>
            <ns3:cad>91</ns3:cad>
          </ns3:TrackPointExtension>
        </extensions>
      </trkpt>
      <trkpt lat="29.2805115692317485809326171875" lon="117.2474906779825687408447265625">
        <ele>60.59999847412109375</ele>
        <time>2026-05-05T12:47:02.000Z</time>
        <extensions>
          <ns3:TrackPointExtension>
            <ns3:hr>134</ns3:hr>
            <ns3:cad>90</ns3:cad>
          </ns3:TrackPointExtension>
        </extensions>
      </trkpt>
      <trkpt lat="29.2805360443890094757080078125" lon="117.2474749200046062469482421875">
        <ele>60.59999847412109375</ele>
        <time>2026-05-05T12:47:03.000Z</time>
        <extensions>
          <ns3:TrackPointExtension>
            <ns3:hr>134</ns3:hr>
            <ns3:cad>90</ns3:cad>
          </ns3:TrackPointExtension>
        </extensions>
      </trkpt>
      <trkpt lat="29.28056328557431697845458984375" lon="117.2474544681608676910400390625">
        <ele>60.59999847412109375</ele>
        <time>2026-05-05T12:47:04.000Z</time>
        <extensions>
          <ns3:TrackPointExtension>
            <ns3:hr>134</ns3:hr>
            <ns3:cad>90</ns3:cad>
          </ns3:TrackPointExtension>
        </extensions>
      </trkpt>
      <trkpt lat="29.28058172576129436492919921875" lon="117.24743820726871490478515625">
        <ele>60.59999847412109375</ele>
        <time>2026-05-05T12:47:05.000Z</time>
        <extensions>
          <ns3:TrackPointExtension>
            <ns3:hr>135</ns3:hr>
            <ns3:cad>90</ns3:cad>
          </ns3:TrackPointExtension>
        </extensions>
      </trkpt>
      <trkpt lat="29.28062346763908863067626953125" lon="117.2473964653909206390380859375">
        <ele>60.59999847412109375</ele>
        <time>2026-05-05T12:47:06.000Z</time>
        <extensions>
          <ns3:TrackPointExtension>
            <ns3:hr>135</ns3:hr>
            <ns3:cad>90</ns3:cad>
          </ns3:TrackPointExtension>
        </extensions>
      </trkpt>
      <trkpt lat="29.2806352861225605010986328125" lon="117.24738447926938533782958984375">
        <ele>60.59999847412109375</ele>
        <time>2026-05-05T12:47:07.000Z</time>
        <extensions>
          <ns3:TrackPointExtension>
            <ns3:hr>135</ns3:hr>
            <ns3:cad>90</ns3:cad>
          </ns3:TrackPointExtension>
        </extensions>
      </trkpt>
      <trkpt lat="29.28067828528583049774169921875" lon="117.24734055809676647186279296875">
        <ele>60.59999847412109375</ele>
        <time>2026-05-05T12:47:08.000Z</time>
        <extensions>
          <ns3:TrackPointExtension>
            <ns3:hr>136</ns3:hr>
            <ns3:cad>90</ns3:cad>
          </ns3:TrackPointExtension>
        </extensions>
      </trkpt>
      <trkpt lat="29.28069588728249073028564453125" lon="117.247322537004947662353515625">
        <ele>60.59999847412109375</ele>
        <time>2026-05-05T12:47:09.000Z</time>
        <extensions>
          <ns3:TrackPointExtension>
            <ns3:hr>136</ns3:hr>
            <ns3:cad>90</ns3:cad>
          </ns3:TrackPointExtension>
        </extensions>
      </trkpt>
      <trkpt lat="29.2807335220277309417724609375" lon="117.2472841478884220123291015625">
        <ele>60.59999847412109375</ele>
        <time>2026-05-05T12:47:10.000Z</time>
        <extensions>
          <ns3:TrackPointExtension>
            <ns3:hr>137</ns3:hr>
            <ns3:cad>90</ns3:cad>
          </ns3:TrackPointExtension>
        </extensions>
      </trkpt>
      <trkpt lat="29.280752129852771759033203125" lon="117.24726520478725433349609375">
        <ele>60.59999847412109375</ele>
        <time>2026-05-05T12:47:11.000Z</time>
        <extensions>
          <ns3:TrackPointExtension>
            <ns3:hr>137</ns3:hr>
            <ns3:cad>91</ns3:cad>
          </ns3:TrackPointExtension>
        </extensions>
      </trkpt>
      <trkpt lat="29.28078406490385532379150390625" lon="117.24723259918391704559326171875">
        <ele>60.59999847412109375</ele>
        <time>2026-05-05T12:47:12.000Z</time>
        <extensions>
          <ns3:TrackPointExtension>
            <ns3:hr>138</ns3:hr>
            <ns3:cad>93</ns3:cad>
          </ns3:TrackPointExtension>
        </extensions>
      </trkpt>
      <trkpt lat="29.28081491030752658843994140625" lon="117.24720108322799205780029296875">
        <ele>60.59999847412109375</ele>
        <time>2026-05-05T12:47:13.000Z</time>
        <extensions>
          <ns3:TrackPointExtension>
            <ns3:hr>138</ns3:hr>
            <ns3:cad>93</ns3:cad>
          </ns3:TrackPointExtension>
        </extensions>
      </trkpt>
      <trkpt lat="29.2808307521045207977294921875" lon="117.2471849061548709869384765625">
        <ele>60.59999847412109375</ele>
        <time>2026-05-05T12:47:14.000Z</time>
        <extensions>
          <ns3:TrackPointExtension>
            <ns3:hr>139</ns3:hr>
            <ns3:cad>93</ns3:cad>
          </ns3:TrackPointExtension>
        </extensions>
      </trkpt>
      <trkpt lat="29.28087911568582057952880859375" lon="117.2471356205642223358154296875">
        <ele>60.59999847412109375</ele>
        <time>2026-05-05T12:47:15.000Z</time>
        <extensions>
          <ns3:TrackPointExtension>
            <ns3:hr>139</ns3:hr>
            <ns3:cad>93</ns3:cad>
          </ns3:TrackPointExtension>
        </extensions>
      </trkpt>
      <trkpt lat="29.2808944545686244964599609375" lon="117.24711994640529155731201171875">
        <ele>60.59999847412109375</ele>
        <time>2026-05-05T12:47:16.000Z</time>
        <extensions>
          <ns3:TrackPointExtension>
            <ns3:hr>140</ns3:hr>
            <ns3:cad>94</ns3:cad>
          </ns3:TrackPointExtension>
        </extensions>
      </trkpt>
      <trkpt lat="29.280927479267120361328125" lon="117.2470863349735736846923828125">
        <ele>60.59999847412109375</ele>
        <time>2026-05-05T12:47:17.000Z</time>
        <extensions>
          <ns3:TrackPointExtension>
            <ns3:hr>141</ns3:hr>
            <ns3:cad>94</ns3:cad>
          </ns3:TrackPointExtension>
        </extensions>
      </trkpt>
      <trkpt lat="29.28094449453055858612060546875" lon="117.2470689006149768829345703125">
        <ele>60.59999847412109375</ele>
        <time>2026-05-05T12:47:18.000Z</time>
        <extensions>
          <ns3:TrackPointExtension>
            <ns3:hr>142</ns3:hr>
            <ns3:cad>94</ns3:cad>
          </ns3:TrackPointExtension>
        </extensions>
      </trkpt>
      <trkpt lat="29.28097349591553211212158203125" lon="117.24703931249678134918212890625">
        <ele>60.59999847412109375</ele>
        <time>2026-05-05T12:47:19.000Z</time>
        <extensions>
          <ns3:TrackPointExtension>
            <ns3:hr>143</ns3:hr>
            <ns3:cad>95</ns3:cad>
          </ns3:TrackPointExtension>
        </extensions>
      </trkpt>
      <trkpt lat="29.28100987337529659271240234375" lon="117.2470021806657314300537109375">
        <ele>60.59999847412109375</ele>
        <time>2026-05-05T12:47:20.000Z</time>
        <extensions>
          <ns3:TrackPointExtension>
            <ns3:hr>144</ns3:hr>
            <ns3:cad>95</ns3:cad>
          </ns3:TrackPointExtension>
        </extensions>
      </trkpt>
      <trkpt lat="29.28102194331586360931396484375" lon="117.24698985926806926727294921875">
        <ele>60.59999847412109375</ele>
        <time>2026-05-05T12:47:21.000Z</time>
        <extensions>
          <ns3:TrackPointExtension>
            <ns3:hr>146</ns3:hr>
            <ns3:cad>93</ns3:cad>
          </ns3:TrackPointExtension>
        </extensions>
      </trkpt>
      <trkpt lat="29.28106351755559444427490234375" lon="117.24694744683802127838134765625">
        <ele>60.59999847412109375</ele>
        <time>2026-05-05T12:47:22.000Z</time>
        <extensions>
          <ns3:TrackPointExtension>
            <ns3:hr>147</ns3:hr>
            <ns3:cad>93</ns3:cad>
          </ns3:TrackPointExtension>
        </extensions>
      </trkpt>
      <trkpt lat="29.2810761742293834686279296875" lon="117.24693453870713710784912109375">
        <ele>60.59999847412109375</ele>
        <time>2026-05-05T12:47:23.000Z</time>
        <extensions>
          <ns3:TrackPointExtension>
            <ns3:hr>148</ns3:hr>
            <ns3:cad>94</ns3:cad>
          </ns3:TrackPointExtension>
        </extensions>
      </trkpt>
      <trkpt lat="29.281110204756259918212890625" lon="117.24689983762800693511962890625">
        <ele>60.59999847412109375</ele>
        <time>2026-05-05T12:47:24.000Z</time>
        <extensions>
          <ns3:TrackPointExtension>
            <ns3:hr>148</ns3:hr>
            <ns3:cad>94</ns3:cad>
          </ns3:TrackPointExtension>
        </extensions>
      </trkpt>
      <trkpt lat="29.28114138543605804443359375" lon="117.24686798639595508575439453125">
        <ele>60.59999847412109375</ele>
        <time>2026-05-05T12:47:25.000Z</time>
        <extensions>
          <ns3:TrackPointExtension>
            <ns3:hr>149</ns3:hr>
            <ns3:cad>95</ns3:cad>
          </ns3:TrackPointExtension>
        </extensions>
      </trkpt>
      <trkpt lat="29.2811586521565914154052734375" lon="117.2468503005802631378173828125">
        <ele>60.59999847412109375</ele>
        <time>2026-05-05T12:47:26.000Z</time>
        <extensions>
          <ns3:TrackPointExtension>
            <ns3:hr>150</ns3:hr>
            <ns3:cad>95</ns3:cad>
          </ns3:TrackPointExtension>
        </extensions>
      </trkpt>
      <trkpt lat="29.2811982147395610809326171875" lon="117.24680495448410511016845703125">
        <ele>60.59999847412109375</ele>
        <time>2026-05-05T12:47:27.000Z</time>
        <extensions>
          <ns3:TrackPointExtension>
            <ns3:hr>151</ns3:hr>
            <ns3:cad>95</ns3:cad>
          </ns3:TrackPointExtension>
        </extensions>
      </trkpt>
      <trkpt lat="29.28121321834623813629150390625" lon="117.2467817366123199462890625">
        <ele>60.59999847412109375</ele>
        <time>2026-05-05T12:47:28.000Z</time>
        <extensions>
          <ns3:TrackPointExtension>
            <ns3:hr>151</ns3:hr>
            <ns3:cad>95</ns3:cad>
          </ns3:TrackPointExtension>
        </extensions>
      </trkpt>
      <trkpt lat="29.28123517893254756927490234375" lon="117.24674175493419170379638671875">
        <ele>60.59999847412109375</ele>
        <time>2026-05-05T12:47:29.000Z</time>
        <extensions>
          <ns3:TrackPointExtension>
            <ns3:hr>152</ns3:hr>
            <ns3:cad>96</ns3:cad>
          </ns3:TrackPointExtension>
        </extensions>
      </trkpt>
      <trkpt lat="29.2812478356063365936279296875" lon="117.246714346110820770263671875">
        <ele>60.59999847412109375</ele>
        <time>2026-05-05T12:47:30.000Z</time>
        <extensions>
          <ns3:TrackPointExtension>
            <ns3:hr>153</ns3:hr>
            <ns3:cad>96</ns3:cad>
          </ns3:TrackPointExtension>
        </extensions>
      </trkpt>
      <trkpt lat="29.2812582291662693023681640625" lon="117.24668106995522975921630859375">
        <ele>60.59999847412109375</ele>
        <time>2026-05-05T12:47:31.000Z</time>
        <extensions>
          <ns3:TrackPointExtension>
            <ns3:hr>153</ns3:hr>
            <ns3:cad>96</ns3:cad>
          </ns3:TrackPointExtension>
        </extensions>
      </trkpt>
      <trkpt lat="29.2812686227262020111083984375" lon="117.2466357238590717315673828125">
        <ele>60.59999847412109375</ele>
        <time>2026-05-05T12:47:32.000Z</time>
        <extensions>
          <ns3:TrackPointExtension>
            <ns3:hr>154</ns3:hr>
            <ns3:cad>95</ns3:cad>
          </ns3:TrackPointExtension>
        </extensions>
      </trkpt>
      <trkpt lat="29.281271807849407196044921875" lon="117.24661787040531635284423828125">
        <ele>60.59999847412109375</ele>
        <time>2026-05-05T12:47:33.000Z</time>
        <extensions>
          <ns3:TrackPointExtension>
            <ns3:hr>154</ns3:hr>
            <ns3:cad>95</ns3:cad>
          </ns3:TrackPointExtension>
        </extensions>
      </trkpt>
      <trkpt lat="29.28127541206777095794677734375" lon="117.2465619631111621856689453125">
        <ele>60.59999847412109375</ele>
        <time>2026-05-05T12:47:34.000Z</time>
        <extensions>
          <ns3:TrackPointExtension>
            <ns3:hr>155</ns3:hr>
            <ns3:cad>95</ns3:cad>
          </ns3:TrackPointExtension>
        </extensions>
      </trkpt>
      <trkpt lat="29.28127356804907321929931640625" lon="117.24653170444071292877197265625">
        <ele>60.59999847412109375</ele>
        <time>2026-05-05T12:47:35.000Z</time>
        <extensions>
          <ns3:TrackPointExtension>
            <ns3:hr>155</ns3:hr>
            <ns3:cad>95</ns3:cad>
          </ns3:TrackPointExtension>
        </extensions>
      </trkpt>
      <trkpt lat="29.281269796192646026611328125" lon="117.24649675190448760986328125">
        <ele>60.59999847412109375</ele>
        <time>2026-05-05T12:47:36.000Z</time>
        <extensions>
          <ns3:TrackPointExtension>
            <ns3:hr>156</ns3:hr>
            <ns3:cad>95</ns3:cad>
          </ns3:TrackPointExtension>
        </extensions>
      </trkpt>
      <trkpt lat="29.2812629230320453643798828125" lon="117.2464623861014842987060546875">
        <ele>60.59999847412109375</ele>
        <time>2026-05-05T12:47:37.000Z</time>
        <extensions>
          <ns3:TrackPointExtension>
            <ns3:hr>157</ns3:hr>
            <ns3:cad>95</ns3:cad>
          </ns3:TrackPointExtension>
        </extensions>
      </trkpt>
      <trkpt lat="29.28125563077628612518310546875" lon="117.246437408030033111572265625">
        <ele>60.59999847412109375</ele>
        <time>2026-05-05T12:47:38.000Z</time>
        <extensions>
          <ns3:TrackPointExtension>
            <ns3:hr>157</ns3:hr>
            <ns3:cad>95</ns3:cad>
          </ns3:TrackPointExtension>
        </extensions>
      </trkpt>
      <trkpt lat="29.28123216144740581512451171875" lon="117.24637932144105434417724609375">
        <ele>60.59999847412109375</ele>
        <time>2026-05-05T12:47:39.000Z</time>
        <extensions>
          <ns3:TrackPointExtension>
            <ns3:hr>157</ns3:hr>
            <ns3:cad>95</ns3:cad>
          </ns3:TrackPointExtension>
        </extensions>
      </trkpt>
      <trkpt lat="29.28122864104807376861572265625" lon="117.2463721968233585357666015625">
        <ele>60.59999847412109375</ele>
        <time>2026-05-05T12:47:40.000Z</time>
        <extensions>
          <ns3:TrackPointExtension>
            <ns3:hr>157</ns3:hr>
            <ns3:cad>95</ns3:cad>
          </ns3:TrackPointExtension>
        </extensions>
      </trkpt>
      <trkpt lat="29.2811955325305461883544921875" lon="117.2463190555572509765625">
        <ele>60.59999847412109375</ele>
        <time>2026-05-05T12:47:41.000Z</time>
        <extensions>
          <ns3:TrackPointExtension>
            <ns3:hr>158</ns3:hr>
            <ns3:cad>95</ns3:cad>
          </ns3:TrackPointExtension>
        </extensions>
      </trkpt>
      <trkpt lat="29.28118228912353515625" lon="117.24630338139832019805908203125">
        <ele>60.59999847412109375</ele>
        <time>2026-05-05T12:47:42.000Z</time>
        <extensions>
          <ns3:TrackPointExtension>
            <ns3:hr>158</ns3:hr>
            <ns3:cad>95</ns3:cad>
          </ns3:TrackPointExtension>
        </extensions>
      </trkpt>
      <trkpt lat="29.2811522819101810455322265625" lon="117.24627203308045864105224609375">
        <ele>60.59999847412109375</ele>
        <time>2026-05-05T12:47:43.000Z</time>
        <extensions>
          <ns3:TrackPointExtension>
            <ns3:hr>159</ns3:hr>
            <ns3:cad>95</ns3:cad>
          </ns3:TrackPointExtension>
        </extensions>
      </trkpt>
      <trkpt lat="29.28112420253455638885498046875" lon="117.24624864757061004638671875">
        <ele>60.59999847412109375</ele>
        <time>2026-05-05T12:47:44.000Z</time>
        <extensions>
          <ns3:TrackPointExtension>
            <ns3:hr>159</ns3:hr>
            <ns3:cad>95</ns3:cad>
          </ns3:TrackPointExtension>
        </extensions>
      </trkpt>
      <trkpt lat="29.2811071872711181640625" lon="117.24623791873455047607421875">
        <ele>60.59999847412109375</ele>
        <time>2026-05-05T12:47:45.000Z</time>
        <extensions>
          <ns3:TrackPointExtension>
            <ns3:hr>159</ns3:hr>
            <ns3:cad>95</ns3:cad>
          </ns3:TrackPointExtension>
        </extensions>
      </trkpt>
      <trkpt lat="29.28105714730918407440185546875" lon="117.24621235392987728118896484375">
        <ele>60.59999847412109375</ele>
        <time>2026-05-05T12:47:46.000Z</time>
        <extensions>
          <ns3:TrackPointExtension>
            <ns3:hr>159</ns3:hr>
            <ns3:cad>95</ns3:cad>
          </ns3:TrackPointExtension>
        </extensions>
      </trkpt>
      <trkpt lat="29.28103518672287464141845703125" lon="117.24620380438864231109619140625">
        <ele>60.59999847412109375</ele>
        <time>2026-05-05T12:47:47.000Z</time>
        <extensions>
          <ns3:TrackPointExtension>
            <ns3:hr>160</ns3:hr>
            <ns3:cad>95</ns3:cad>
          </ns3:TrackPointExtension>
        </extensions>
      </trkpt>
      <trkpt lat="29.2809940315783023834228515625" lon="117.2461941651999950408935546875">
        <ele>60.59999847412109375</ele>
        <time>2026-05-05T12:47:48.000Z</time>
        <extensions>
          <ns3:TrackPointExtension>
            <ns3:hr>160</ns3:hr>
            <ns3:cad>95</ns3:cad>
          </ns3:TrackPointExtension>
        </extensions>
      </trkpt>
      <trkpt lat="29.28096645511686801910400390625" lon="117.246191985905170440673828125">
        <ele>60.59999847412109375</ele>
        <time>2026-05-05T12:47:49.000Z</time>
        <extensions>
          <ns3:TrackPointExtension>
            <ns3:hr>160</ns3:hr>
            <ns3:cad>95</ns3:cad>
          </ns3:TrackPointExtension>
        </extensions>
      </trkpt>
      <trkpt lat="29.28093410097062587738037109375" lon="117.2461918182671070098876953125">
        <ele>60.59999847412109375</ele>
        <time>2026-05-05T12:47:50.000Z</time>
        <extensions>
          <ns3:TrackPointExtension>
            <ns3:hr>160</ns3:hr>
            <ns3:cad>95</ns3:cad>
          </ns3:TrackPointExtension>
        </extensions>
      </trkpt>
      <trkpt lat="29.28089839406311511993408203125" lon="117.2461955063045024871826171875">
        <ele>60.59999847412109375</ele>
        <time>2026-05-05T12:47:51.000Z</time>
        <extensions>
          <ns3:TrackPointExtension>
            <ns3:hr>160</ns3:hr>
            <ns3:cad>95</ns3:cad>
          </ns3:TrackPointExtension>
        </extensions>
      </trkpt>
      <trkpt lat="29.2808733321726322174072265625" lon="117.24620212800800800323486328125">
        <ele>60.59999847412109375</ele>
        <time>2026-05-05T12:47:52.000Z</time>
        <extensions>
          <ns3:TrackPointExtension>
            <ns3:hr>160</ns3:hr>
            <ns3:cad>95</ns3:cad>
          </ns3:TrackPointExtension>
        </extensions>
      </trkpt>
      <trkpt lat="29.28082161583006381988525390625" lon="117.24622174166142940521240234375">
        <ele>60.59999847412109375</ele>
        <time>2026-05-05T12:47:53.000Z</time>
        <extensions>
          <ns3:TrackPointExtension>
            <ns3:hr>160</ns3:hr>
            <ns3:cad>95</ns3:cad>
          </ns3:TrackPointExtension>
        </extensions>
      </trkpt>
      <trkpt lat="29.2808019183576107025146484375" lon="117.2462323866784572601318359375">
        <ele>60.59999847412109375</ele>
        <time>2026-05-05T12:47:54.000Z</time>
        <extensions>
          <ns3:TrackPointExtension>
            <ns3:hr>160</ns3:hr>
            <ns3:cad>94</ns3:cad>
          </ns3:TrackPointExtension>
        </extensions>
      </trkpt>
      <trkpt lat="29.28076679818332195281982421875" lon="117.2462560236454010009765625">
        <ele>60.59999847412109375</ele>
        <time>2026-05-05T12:47:55.000Z</time>
        <extensions>
          <ns3:TrackPointExtension>
            <ns3:hr>161</ns3:hr>
            <ns3:cad>94</ns3:cad>
          </ns3:TrackPointExtension>
        </extensions>
      </trkpt>
      <trkpt lat="29.28074634633958339691162109375" lon="117.24627404473721981048583984375">
        <ele>60.59999847412109375</ele>
        <time>2026-05-05T12:47:56.000Z</time>
        <extensions>
          <ns3:TrackPointExtension>
            <ns3:hr>160</ns3:hr>
            <ns3:cad>94</ns3:cad>
          </ns3:TrackPointExtension>
        </extensions>
      </trkpt>
      <trkpt lat="29.2807184346020221710205078125" lon="117.2463007830083370208740234375">
        <ele>60.59999847412109375</ele>
        <time>2026-05-05T12:47:57.000Z</time>
        <extensions>
          <ns3:TrackPointExtension>
            <ns3:hr>161</ns3:hr>
            <ns3:cad>94</ns3:cad>
          </ns3:TrackPointExtension>
        </extensions>
      </trkpt>
      <trkpt lat="29.2806872539222240447998046875" lon="117.2463326342403888702392578125">
        <ele>60.59999847412109375</ele>
        <time>2026-05-05T12:47:58.000Z</time>
        <extensions>
          <ns3:TrackPointExtension>
            <ns3:hr>160</ns3:hr>
            <ns3:cad>95</ns3:cad>
          </ns3:TrackPointExtension>
        </extensions>
      </trkpt>
      <trkpt lat="29.280669987201690673828125" lon="117.246350236237049102783203125">
        <ele>60.59999847412109375</ele>
        <time>2026-05-05T12:47:59.000Z</time>
        <extensions>
          <ns3:TrackPointExtension>
            <ns3:hr>160</ns3:hr>
            <ns3:cad>95</ns3:cad>
          </ns3:TrackPointExtension>
        </extensions>
      </trkpt>
      <trkpt lat="29.280632100999355316162109375" lon="117.24638887681066989898681640625">
        <ele>60.59999847412109375</ele>
        <time>2026-05-05T12:48:00.000Z</time>
        <extensions>
          <ns3:TrackPointExtension>
            <ns3:hr>160</ns3:hr>
            <ns3:cad>95</ns3:cad>
          </ns3:TrackPointExtension>
        </extensions>
      </trkpt>
      <trkpt lat="29.28061994723975658416748046875" lon="117.24640128202736377716064453125">
        <ele>60.59999847412109375</ele>
        <time>2026-05-05T12:48:01.000Z</time>
        <extensions>
          <ns3:TrackPointExtension>
            <ns3:hr>161</ns3:hr>
            <ns3:cad>95</ns3:cad>
          </ns3:TrackPointExtension>
        </extensions>
      </trkpt>
      <trkpt lat="29.28058524616062641143798828125" lon="117.24643665365874767303466796875">
        <ele>60.59999847412109375</ele>
        <time>2026-05-05T12:48:02.000Z</time>
        <extensions>
          <ns3:TrackPointExtension>
            <ns3:hr>161</ns3:hr>
            <ns3:cad>94</ns3:cad>
          </ns3:TrackPointExtension>
        </extensions>
      </trkpt>
      <trkpt lat="29.28056546486914157867431640625" lon="117.246456854045391082763671875">
        <ele>60.59999847412109375</ele>
        <time>2026-05-05T12:48:03.000Z</time>
        <extensions>
          <ns3:TrackPointExtension>
            <ns3:hr>161</ns3:hr>
            <ns3:cad>94</ns3:cad>
          </ns3:TrackPointExtension>
        </extensions>
      </trkpt>
      <trkpt lat="29.2805380560457706451416015625" lon="117.2464848496019840240478515625">
        <ele>60.59999847412109375</ele>
        <time>2026-05-05T12:48:04.000Z</time>
        <extensions>
          <ns3:TrackPointExtension>
            <ns3:hr>161</ns3:hr>
            <ns3:cad>94</ns3:cad>
          </ns3:TrackPointExtension>
        </extensions>
      </trkpt>
      <trkpt lat="29.280512742698192596435546875" lon="117.2465106658637523651123046875">
        <ele>60.59999847412109375</ele>
        <time>2026-05-05T12:48:05.000Z</time>
        <extensions>
          <ns3:TrackPointExtension>
            <ns3:hr>160</ns3:hr>
            <ns3:cad>95</ns3:cad>
          </ns3:TrackPointExtension>
        </extensions>
      </trkpt>
      <trkpt lat="29.280491285026073455810546875" lon="117.24653254263103008270263671875">
        <ele>60.59999847412109375</ele>
        <time>2026-05-05T12:48:06.000Z</time>
        <extensions>
          <ns3:TrackPointExtension>
            <ns3:hr>161</ns3:hr>
            <ns3:cad>95</ns3:cad>
          </ns3:TrackPointExtension>
        </extensions>
      </trkpt>
      <trkpt lat="29.28044996224343776702880859375" lon="117.2465747036039829254150390625">
        <ele>60.59999847412109375</ele>
        <time>2026-05-05T12:48:07.000Z</time>
        <extensions>
          <ns3:TrackPointExtension>
            <ns3:hr>161</ns3:hr>
            <ns3:cad>95</ns3:cad>
          </ns3:TrackPointExtension>
        </extensions>
      </trkpt>
      <trkpt lat="29.28043940104544162750244140625" lon="117.24658551625907421112060546875">
        <ele>60.59999847412109375</ele>
        <time>2026-05-05T12:48:08.000Z</time>
        <extensions>
          <ns3:TrackPointExtension>
            <ns3:hr>161</ns3:hr>
            <ns3:cad>95</ns3:cad>
          </ns3:TrackPointExtension>
        </extensions>
      </trkpt>
      <trkpt lat="29.280404783785343170166015625" lon="117.24662088789045810699462890625">
        <ele>60.59999847412109375</ele>
        <time>2026-05-05T12:48:09.000Z</time>
        <extensions>
          <ns3:TrackPointExtension>
            <ns3:hr>161</ns3:hr>
            <ns3:cad>95</ns3:cad>
          </ns3:TrackPointExtension>
        </extensions>
      </trkpt>
      <trkpt lat="29.28038307465612888336181640625" lon="117.24664293229579925537109375">
        <ele>60.59999847412109375</ele>
        <time>2026-05-05T12:48:10.000Z</time>
        <extensions>
          <ns3:TrackPointExtension>
            <ns3:hr>160</ns3:hr>
            <ns3:cad>95</ns3:cad>
          </ns3:TrackPointExtension>
        </extensions>
      </trkpt>
      <trkpt lat="29.2803583480417728424072265625" lon="117.2466682456433773040771484375">
        <ele>60.59999847412109375</ele>
        <time>2026-05-05T12:48:11.000Z</time>
        <extensions>
          <ns3:TrackPointExtension>
            <ns3:hr>161</ns3:hr>
            <ns3:cad>95</ns3:cad>
          </ns3:TrackPointExtension>
        </extensions>
      </trkpt>
      <trkpt lat="29.28032306022942066192626953125" lon="117.24670420400798320770263671875">
        <ele>60.59999847412109375</ele>
        <time>2026-05-05T12:48:12.000Z</time>
        <extensions>
          <ns3:TrackPointExtension>
            <ns3:hr>161</ns3:hr>
            <ns3:cad>95</ns3:cad>
          </ns3:TrackPointExtension>
        </extensions>
      </trkpt>
      <trkpt lat="29.28030990064144134521484375" lon="117.246717698872089385986328125">
        <ele>60.59999847412109375</ele>
        <time>2026-05-05T12:48:13.000Z</time>
        <extensions>
          <ns3:TrackPointExtension>
            <ns3:hr>161</ns3:hr>
            <ns3:cad>95</ns3:cad>
          </ns3:TrackPointExtension>
        </extensions>
      </trkpt>
      <trkpt lat="29.280273020267486572265625" lon="117.246755249798297882080078125">
        <ele>60.59999847412109375</ele>
        <time>2026-05-05T12:48:14.000Z</time>
        <extensions>
          <ns3:TrackPointExtension>
            <ns3:hr>162</ns3:hr>
            <ns3:cad>93</ns3:cad>
          </ns3:TrackPointExtension>
        </extensions>
      </trkpt>
      <trkpt lat="29.280257932841777801513671875" lon="117.246770672500133514404296875">
        <ele>60.59999847412109375</ele>
        <time>2026-05-05T12:48:15.000Z</time>
        <extensions>
          <ns3:TrackPointExtension>
            <ns3:hr>162</ns3:hr>
            <ns3:cad>93</ns3:cad>
          </ns3:TrackPointExtension>
        </extensions>
      </trkpt>
      <trkpt lat="29.280224405229091644287109375" lon="117.24680495448410511016845703125">
        <ele>60.59999847412109375</ele>
        <time>2026-05-05T12:48:16.000Z</time>
        <extensions>
          <ns3:TrackPointExtension>
            <ns3:hr>162</ns3:hr>
            <ns3:cad>94</ns3:cad>
          </ns3:TrackPointExtension>
        </extensions>
      </trkpt>
      <trkpt lat="29.2801964096724987030029296875" lon="117.2468335367739200592041015625">
        <ele>60.59999847412109375</ele>
        <time>2026-05-05T12:48:17.000Z</time>
        <extensions>
          <ns3:TrackPointExtension>
            <ns3:hr>161</ns3:hr>
            <ns3:cad>94</ns3:cad>
          </ns3:TrackPointExtension>
        </extensions>
      </trkpt>
      <trkpt lat="29.2801742814481258392333984375" lon="117.2468560002744197845458984375">
        <ele>60.59999847412109375</ele>
        <time>2026-05-05T12:48:18.000Z</time>
        <extensions>
          <ns3:TrackPointExtension>
            <ns3:hr>161</ns3:hr>
            <ns3:cad>95</ns3:cad>
          </ns3:TrackPointExtension>
        </extensions>
      </trkpt>
      <trkpt lat="29.28013664670288562774658203125" lon="117.24689732305705547332763671875">
        <ele>60.59999847412109375</ele>
        <time>2026-05-05T12:48:19.000Z</time>
        <extensions>
          <ns3:TrackPointExtension>
            <ns3:hr>161</ns3:hr>
            <ns3:cad>95</ns3:cad>
          </ns3:TrackPointExtension>
        </extensions>
      </trkpt>
      <trkpt lat="29.28012809716165065765380859375" lon="117.246907465159893035888671875">
        <ele>60.59999847412109375</ele>
        <time>2026-05-05T12:48:20.000Z</time>
        <extensions>
          <ns3:TrackPointExtension>
            <ns3:hr>161</ns3:hr>
            <ns3:cad>94</ns3:cad>
          </ns3:TrackPointExtension>
        </extensions>
      </trkpt>
      <trkpt lat="29.2800998501479625701904296875" lon="117.24694996140897274017333984375">
        <ele>60.59999847412109375</ele>
        <time>2026-05-05T12:48:21.000Z</time>
        <extensions>
          <ns3:TrackPointExtension>
            <ns3:hr>161</ns3:hr>
            <ns3:cad>94</ns3:cad>
          </ns3:TrackPointExtension>
        </extensions>
      </trkpt>
      <trkpt lat="29.2800866067409515380859375" lon="117.24697611294686794281005859375">
        <ele>60.59999847412109375</ele>
        <time>2026-05-05T12:48:22.000Z</time>
        <extensions>
          <ns3:TrackPointExtension>
            <ns3:hr>160</ns3:hr>
            <ns3:cad>94</ns3:cad>
          </ns3:TrackPointExtension>
        </extensions>
      </trkpt>
      <trkpt lat="29.28006892092525959014892578125" lon="117.2470196150243282318115234375">
        <ele>60.59999847412109375</ele>
        <time>2026-05-05T12:48:23.000Z</time>
        <extensions>
          <ns3:TrackPointExtension>
            <ns3:hr>161</ns3:hr>
            <ns3:cad>93</ns3:cad>
          </ns3:TrackPointExtension>
        </extensions>
      </trkpt>
      <trkpt lat="29.280056767165660858154296875" lon="117.2470625303685665130615234375">
        <ele>60.59999847412109375</ele>
        <time>2026-05-05T12:48:24.000Z</time>
        <extensions>
          <ns3:TrackPointExtension>
            <ns3:hr>161</ns3:hr>
            <ns3:cad>93</ns3:cad>
          </ns3:TrackPointExtension>
        </extensions>
      </trkpt>
      <trkpt lat="29.2800525762140750885009765625" lon="117.24708625115454196929931640625">
        <ele>60.59999847412109375</ele>
        <time>2026-05-05T12:48:25.000Z</time>
        <extensions>
          <ns3:TrackPointExtension>
            <ns3:hr>161</ns3:hr>
            <ns3:cad>93</ns3:cad>
          </ns3:TrackPointExtension>
        </extensions>
      </trkpt>
      <trkpt lat="29.280046708881855010986328125" lon="117.24715196527540683746337890625">
        <ele>60.59999847412109375</ele>
        <time>2026-05-05T12:48:26.000Z</time>
        <extensions>
          <ns3:TrackPointExtension>
            <ns3:hr>161</ns3:hr>
            <ns3:cad>94</ns3:cad>
          </ns3:TrackPointExtension>
        </extensions>
      </trkpt>
      <trkpt lat="29.280047379434108734130859375" lon="117.247172333300113677978515625">
        <ele>60.59999847412109375</ele>
        <time>2026-05-05T12:48:27.000Z</time>
        <extensions>
          <ns3:TrackPointExtension>
            <ns3:hr>161</ns3:hr>
            <ns3:cad>95</ns3:cad>
          </ns3:TrackPointExtension>
        </extensions>
      </trkpt>
      <trkpt lat="29.280053414404392242431640625" lon="117.24722740240395069122314453125">
        <ele>60.59999847412109375</ele>
        <time>2026-05-05T12:48:28.000Z</time>
        <extensions>
          <ns3:TrackPointExtension>
            <ns3:hr>160</ns3:hr>
            <ns3:cad>95</ns3:cad>
          </ns3:TrackPointExtension>
        </extensions>
      </trkpt>
      <trkpt lat="29.28006037138402462005615234375" lon="117.2472616843879222869873046875">
        <ele>60.59999847412109375</ele>
        <time>2026-05-05T12:48:29.000Z</time>
        <extensions>
          <ns3:TrackPointExtension>
            <ns3:hr>161</ns3:hr>
            <ns3:cad>94</ns3:cad>
          </ns3:TrackPointExtension>
        </extensions>
      </trkpt>
      <trkpt lat="29.28006825037300586700439453125" lon="117.24728590808808803558349609375">
        <ele>60.59999847412109375</ele>
        <time>2026-05-05T12:48:30.000Z</time>
        <extensions>
          <ns3:TrackPointExtension>
            <ns3:hr>161</ns3:hr>
            <ns3:cad>94</ns3:cad>
          </ns3:TrackPointExtension>
        </extensions>
      </trkpt>
      <trkpt lat="29.28009104914963245391845703125" lon="117.24734072573482990264892578125">
        <ele>60.59999847412109375</ele>
        <time>2026-05-05T12:48:31.000Z</time>
        <extensions>
          <ns3:TrackPointExtension>
            <ns3:hr>161</ns3:hr>
            <ns3:cad>94</ns3:cad>
          </ns3:TrackPointExtension>
        </extensions>
      </trkpt>
      <trkpt lat="29.28009691648185253143310546875" lon="117.24735279567539691925048828125">
        <ele>60.59999847412109375</ele>
        <time>2026-05-05T12:48:32.000Z</time>
        <extensions>
          <ns3:TrackPointExtension>
            <ns3:hr>161</ns3:hr>
            <ns3:cad>95</ns3:cad>
          </ns3:TrackPointExtension>
        </extensions>
      </trkpt>
      <trkpt lat="29.2801330424845218658447265625" lon="117.2474068589508533477783203125">
        <ele>60.59999847412109375</ele>
        <time>2026-05-05T12:48:33.000Z</time>
        <extensions>
          <ns3:TrackPointExtension>
            <ns3:hr>160</ns3:hr>
            <ns3:cad>95</ns3:cad>
          </ns3:TrackPointExtension>
        </extensions>
      </trkpt>
      <trkpt lat="29.28015156649053096771240234375" lon="117.24742756225168704986572265625">
        <ele>60.59999847412109375</ele>
        <time>2026-05-05T12:48:34.000Z</time>
        <extensions>
          <ns3:TrackPointExtension>
            <ns3:hr>161</ns3:hr>
            <ns3:cad>95</ns3:cad>
          </ns3:TrackPointExtension>
        </extensions>
      </trkpt>
      <trkpt lat="29.28017017431557178497314453125" lon="117.24744600243866443634033203125">
        <ele>60.59999847412109375</ele>
        <time>2026-05-05T12:48:35.000Z</time>
        <extensions>
          <ns3:TrackPointExtension>
            <ns3:hr>161</ns3:hr>
            <ns3:cad>95</ns3:cad>
          </ns3:TrackPointExtension>
        </extensions>
      </trkpt>
      <trkpt lat="29.2802031151950359344482421875" lon="117.24747265689074993133544921875">
        <ele>60.59999847412109375</ele>
        <time>2026-05-05T12:48:36.000Z</time>
        <extensions>
          <ns3:TrackPointExtension>
            <ns3:hr>161</ns3:hr>
            <ns3:cad>95</ns3:cad>
          </ns3:TrackPointExtension>
        </extensions>
      </trkpt>
      <trkpt lat="29.2802225612103939056396484375" lon="117.2474844753742218017578125">
        <ele>60.59999847412109375</ele>
        <time>2026-05-05T12:48:37.000Z</time>
        <extensions>
          <ns3:TrackPointExtension>
            <ns3:hr>162</ns3:hr>
            <ns3:cad>95</ns3:cad>
          </ns3:TrackPointExtension>
        </extensions>
      </trkpt>
      <trkpt lat="29.2802705056965351104736328125" lon="117.247507609426975250244140625">
        <ele>60.59999847412109375</ele>
        <time>2026-05-05T12:48:38.000Z</time>
        <extensions>
          <ns3:TrackPointExtension>
            <ns3:hr>162</ns3:hr>
            <ns3:cad>96</ns3:cad>
          </ns3:TrackPointExtension>
        </extensions>
      </trkpt>
      <trkpt lat="29.28029875271022319793701171875" lon="117.2475166618824005126953125">
        <ele>60.59999847412109375</ele>
        <time>2026-05-05T12:48:39.000Z</time>
        <extensions>
          <ns3:TrackPointExtension>
            <ns3:hr>162</ns3:hr>
            <ns3:cad>96</ns3:cad>
          </ns3:TrackPointExtension>
        </extensions>
      </trkpt>
      <trkpt lat="29.2803288437426090240478515625" lon="117.247523702681064605712890625">
        <ele>60.59999847412109375</ele>
        <time>2026-05-05T12:48:40.000Z</time>
        <extensions>
          <ns3:TrackPointExtension>
            <ns3:hr>162</ns3:hr>
            <ns3:cad>96</ns3:cad>
          </ns3:TrackPointExtension>
        </extensions>
      </trkpt>
      <trkpt lat="29.28037561476230621337890625" lon="117.2475268878042697906494140625">
        <ele>60.59999847412109375</ele>
        <time>2026-05-05T12:48:41.000Z</time>
        <extensions>
          <ns3:TrackPointExtension>
            <ns3:hr>162</ns3:hr>
            <ns3:cad>96</ns3:cad>
          </ns3:TrackPointExtension>
        </extensions>
      </trkpt>
      <trkpt lat="29.280397407710552215576171875" lon="117.2475248761475086212158203125">
        <ele>60.59999847412109375</ele>
        <time>2026-05-05T12:48:42.000Z</time>
        <extensions>
          <ns3:TrackPointExtension>
            <ns3:hr>162</ns3:hr>
            <ns3:cad>96</ns3:cad>
          </ns3:TrackPointExtension>
        </extensions>
      </trkpt>
      <trkpt lat="29.28045365028083324432373046875" lon="117.2475141473114490509033203125">
        <ele>60.59999847412109375</ele>
        <time>2026-05-05T12:48:43.000Z</time>
        <extensions>
          <ns3:TrackPointExtension>
            <ns3:hr>162</ns3:hr>
            <ns3:cad>96</ns3:cad>
          </ns3:TrackPointExtension>
        </extensions>
      </trkpt>
      <trkpt lat="29.28048290312290191650390625" lon="117.247503586113452911376953125">
        <ele>60.59999847412109375</ele>
        <time>2026-05-05T12:48:44.000Z</time>
        <extensions>
          <ns3:TrackPointExtension>
            <ns3:hr>163</ns3:hr>
            <ns3:cad>96</ns3:cad>
          </ns3:TrackPointExtension>
        </extensions>
      </trkpt>
      <trkpt lat="29.2805211246013641357421875" lon="117.24748455919325351715087890625">
        <ele>60.59999847412109375</ele>
        <time>2026-05-05T12:48:45.000Z</time>
        <extensions>
          <ns3:TrackPointExtension>
            <ns3:hr>163</ns3:hr>
            <ns3:cad>96</ns3:cad>
          </ns3:TrackPointExtension>
        </extensions>
      </trkpt>
      <trkpt lat="29.28054400719702243804931640625" lon="117.247469723224639892578125">
        <ele>60.59999847412109375</ele>
        <time>2026-05-05T12:48:46.000Z</time>
        <extensions>
          <ns3:TrackPointExtension>
            <ns3:hr>163</ns3:hr>
            <ns3:cad>95</ns3:cad>
          </ns3:TrackPointExtension>
        </extensions>
      </trkpt>
      <trkpt lat="29.2805722542107105255126953125" lon="117.24744650535285472869873046875">
        <ele>60.59999847412109375</ele>
        <time>2026-05-05T12:48:47.000Z</time>
        <extensions>
          <ns3:TrackPointExtension>
            <ns3:hr>163</ns3:hr>
            <ns3:cad>95</ns3:cad>
          </ns3:TrackPointExtension>
        </extensions>
      </trkpt>
      <trkpt lat="29.280605278909206390380859375" lon="117.247415073215961456298828125">
        <ele>60.59999847412109375</ele>
        <time>2026-05-05T12:48:48.000Z</time>
        <extensions>
          <ns3:TrackPointExtension>
            <ns3:hr>163</ns3:hr>
            <ns3:cad>94</ns3:cad>
          </ns3:TrackPointExtension>
        </extensions>
      </trkpt>
      <trkpt lat="29.28061827085912227630615234375" lon="117.2474018298089504241943359375">
        <ele>60.59999847412109375</ele>
        <time>2026-05-05T12:48:49.000Z</time>
        <extensions>
          <ns3:TrackPointExtension>
            <ns3:hr>164</ns3:hr>
            <ns3:cad>94</ns3:cad>
          </ns3:TrackPointExtension>
        </extensions>
      </trkpt>
      <trkpt lat="29.28065883927047252655029296875" lon="117.24736033938825130462646484375">
        <ele>60.59999847412109375</ele>
        <time>2026-05-05T12:48:50.000Z</time>
        <extensions>
          <ns3:TrackPointExtension>
            <ns3:hr>164</ns3:hr>
            <ns3:cad>94</ns3:cad>
          </ns3:TrackPointExtension>
        </extensions>
      </trkpt>
      <trkpt lat="29.2806765250861644744873046875" lon="117.2473423182964324951171875">
        <ele>60.59999847412109375</ele>
        <time>2026-05-05T12:48:51.000Z</time>
        <extensions>
          <ns3:TrackPointExtension>
            <ns3:hr>163</ns3:hr>
            <ns3:cad>94</ns3:cad>
          </ns3:TrackPointExtension>
        </extensions>
      </trkpt>
      <trkpt lat="29.280703850090503692626953125" lon="117.247314490377902984619140625">
        <ele>60.59999847412109375</ele>
        <time>2026-05-05T12:48:52.000Z</time>
        <extensions>
          <ns3:TrackPointExtension>
            <ns3:hr>162</ns3:hr>
            <ns3:cad>95</ns3:cad>
          </ns3:TrackPointExtension>
        </extensions>
      </trkpt>
      <trkpt lat="29.28074265830218791961669921875" lon="117.24727484397590160369873046875">
        <ele>60.59999847412109375</ele>
        <time>2026-05-05T12:48:53.000Z</time>
        <extensions>
          <ns3:TrackPointExtension>
            <ns3:hr>162</ns3:hr>
            <ns3:cad>95</ns3:cad>
          </ns3:TrackPointExtension>
        </extensions>
      </trkpt>
      <trkpt lat="29.280756153166294097900390625" lon="117.24726109765470027923583984375">
        <ele>60.59999847412109375</ele>
        <time>2026-05-05T12:48:54.000Z</time>
        <extensions>
          <ns3:TrackPointExtension>
            <ns3:hr>163</ns3:hr>
            <ns3:cad>95</ns3:cad>
          </ns3:TrackPointExtension>
        </extensions>
      </trkpt>
      <trkpt lat="29.28079797886312007904052734375" lon="117.2472184337675571441650390625">
        <ele>60.59999847412109375</ele>
        <time>2026-05-05T12:48:55.000Z</time>
        <extensions>
          <ns3:TrackPointExtension>
            <ns3:hr>163</ns3:hr>
            <ns3:cad>96</ns3:cad>
          </ns3:TrackPointExtension>
        </extensions>
      </trkpt>
      <trkpt lat="29.2808123119175434112548828125" lon="117.24720376543700695037841796875">
        <ele>60.59999847412109375</ele>
        <time>2026-05-05T12:48:56.000Z</time>
        <extensions>
          <ns3:TrackPointExtension>
            <ns3:hr>163</ns3:hr>
            <ns3:cad>96</ns3:cad>
          </ns3:TrackPointExtension>
        </extensions>
      </trkpt>
      <trkpt lat="29.28083888255059719085693359375" lon="117.24717660807073116302490234375">
        <ele>60.59999847412109375</ele>
        <time>2026-05-05T12:48:57.000Z</time>
        <extensions>
          <ns3:TrackPointExtension>
            <ns3:hr>162</ns3:hr>
            <ns3:cad>96</ns3:cad>
          </ns3:TrackPointExtension>
        </extensions>
      </trkpt>
      <trkpt lat="29.28086553700268268585205078125" lon="117.247149534523487091064453125">
        <ele>60.59999847412109375</ele>
        <time>2026-05-05T12:48:58.000Z</time>
        <extensions>
          <ns3:TrackPointExtension>
            <ns3:hr>162</ns3:hr>
            <ns3:cad>95</ns3:cad>
          </ns3:TrackPointExtension>
        </extensions>
      </trkpt>
      <trkpt lat="29.2808817140758037567138671875" lon="117.2471329383552074432373046875">
        <ele>60.59999847412109375</ele>
        <time>2026-05-05T12:48:59.000Z</time>
        <extensions>
          <ns3:TrackPointExtension>
            <ns3:hr>162</ns3:hr>
            <ns3:cad>95</ns3:cad>
          </ns3:TrackPointExtension>
        </extensions>
      </trkpt>
      <trkpt lat="29.28092571906745433807373046875" lon="117.2470880113542079925537109375">
        <ele>60.59999847412109375</ele>
        <time>2026-05-05T12:49:00.000Z</time>
        <extensions>
          <ns3:TrackPointExtension>
            <ns3:hr>162</ns3:hr>
            <ns3:cad>95</ns3:cad>
          </ns3:TrackPointExtension>
        </extensions>
      </trkpt>
      <trkpt lat="29.28094885312020778656005859375" lon="117.24706445820629596710205078125">
        <ele>60.59999847412109375</ele>
        <time>2026-05-05T12:49:01.000Z</time>
        <extensions>
          <ns3:TrackPointExtension>
            <ns3:hr>163</ns3:hr>
            <ns3:cad>95</ns3:cad>
          </ns3:TrackPointExtension>
        </extensions>
      </trkpt>
      <trkpt lat="29.28097768686711788177490234375" lon="117.24703495390713214874267578125">
        <ele>60.59999847412109375</ele>
        <time>2026-05-05T12:49:02.000Z</time>
        <extensions>
          <ns3:TrackPointExtension>
            <ns3:hr>162</ns3:hr>
            <ns3:cad>95</ns3:cad>
          </ns3:TrackPointExtension>
        </extensions>
      </trkpt>
      <trkpt lat="29.28100702352821826934814453125" lon="117.24700511433184146881103515625">
        <ele>60.59999847412109375</ele>
        <time>2026-05-05T12:49:03.000Z</time>
        <extensions>
          <ns3:TrackPointExtension>
            <ns3:hr>162</ns3:hr>
            <ns3:cad>95</ns3:cad>
          </ns3:TrackPointExtension>
        </extensions>
      </trkpt>
      <trkpt lat="29.2810242064297199249267578125" lon="117.24698751233518123626708984375">
        <ele>60.59999847412109375</ele>
        <time>2026-05-05T12:49:04.000Z</time>
        <extensions>
          <ns3:TrackPointExtension>
            <ns3:hr>162</ns3:hr>
            <ns3:cad>95</ns3:cad>
          </ns3:TrackPointExtension>
        </extensions>
      </trkpt>
      <trkpt lat="29.28106904961168766021728515625" lon="117.2469418309628963470458984375">
        <ele>60.59999847412109375</ele>
        <time>2026-05-05T12:49:05.000Z</time>
        <extensions>
          <ns3:TrackPointExtension>
            <ns3:hr>162</ns3:hr>
            <ns3:cad>96</ns3:cad>
          </ns3:TrackPointExtension>
        </extensions>
      </trkpt>
      <trkpt lat="29.28108413703739643096923828125" lon="117.2469264082610607147216796875">
        <ele>60.59999847412109375</ele>
        <time>2026-05-05T12:49:06.000Z</time>
        <extensions>
          <ns3:TrackPointExtension>
            <ns3:hr>162</ns3:hr>
            <ns3:cad>96</ns3:cad>
          </ns3:TrackPointExtension>
        </extensions>
      </trkpt>
      <trkpt lat="29.28111632354557514190673828125" lon="117.2468935512006282806396484375">
        <ele>60.59999847412109375</ele>
        <time>2026-05-05T12:49:07.000Z</time>
        <extensions>
          <ns3:TrackPointExtension>
            <ns3:hr>162</ns3:hr>
            <ns3:cad>96</ns3:cad>
          </ns3:TrackPointExtension>
        </extensions>
      </trkpt>
      <trkpt lat="29.281143061816692352294921875" lon="117.24686631001532077789306640625">
        <ele>60.59999847412109375</ele>
        <time>2026-05-05T12:49:08.000Z</time>
        <extensions>
          <ns3:TrackPointExtension>
            <ns3:hr>162</ns3:hr>
            <ns3:cad>97</ns3:cad>
          </ns3:TrackPointExtension>
        </extensions>
      </trkpt>
      <trkpt lat="29.281161837279796600341796875" lon="117.246847115457057952880859375">
        <ele>60.59999847412109375</ele>
        <time>2026-05-05T12:49:09.000Z</time>
        <extensions>
          <ns3:TrackPointExtension>
            <ns3:hr>162</ns3:hr>
            <ns3:cad>97</ns3:cad>
          </ns3:TrackPointExtension>
        </extensions>
      </trkpt>
      <trkpt lat="29.2811978794634342193603515625" lon="117.2468053735792636871337890625">
        <ele>60.59999847412109375</ele>
        <time>2026-05-05T12:49:10.000Z</time>
        <extensions>
          <ns3:TrackPointExtension>
            <ns3:hr>162</ns3:hr>
            <ns3:cad>96</ns3:cad>
          </ns3:TrackPointExtension>
        </extensions>
      </trkpt>
      <trkpt lat="29.2812131345272064208984375" lon="117.2467817366123199462890625">
        <ele>60.59999847412109375</ele>
        <time>2026-05-05T12:49:11.000Z</time>
        <extensions>
          <ns3:TrackPointExtension>
            <ns3:hr>162</ns3:hr>
            <ns3:cad>96</ns3:cad>
          </ns3:TrackPointExtension>
        </extensions>
      </trkpt>
      <trkpt lat="29.28123635239899158477783203125" lon="117.24673924036324024200439453125">
        <ele>60.59999847412109375</ele>
        <time>2026-05-05T12:49:12.000Z</time>
        <extensions>
          <ns3:TrackPointExtension>
            <ns3:hr>163</ns3:hr>
            <ns3:cad>95</ns3:cad>
          </ns3:TrackPointExtension>
        </extensions>
      </trkpt>
      <trkpt lat="29.28124657832086086273193359375" lon="117.24671711213886737823486328125">
        <ele>60.59999847412109375</ele>
        <time>2026-05-05T12:49:13.000Z</time>
        <extensions>
          <ns3:TrackPointExtension>
            <ns3:hr>162</ns3:hr>
            <ns3:cad>95</ns3:cad>
          </ns3:TrackPointExtension>
        </extensions>
      </trkpt>
      <trkpt lat="29.28125965408980846405029296875" lon="117.246676795184612274169921875">
        <ele>60.59999847412109375</ele>
        <time>2026-05-05T12:49:14.000Z</time>
        <extensions>
          <ns3:TrackPointExtension>
            <ns3:hr>162</ns3:hr>
            <ns3:cad>95</ns3:cad>
          </ns3:TrackPointExtension>
        </extensions>
      </trkpt>
      <trkpt lat="29.2812699638307094573974609375" lon="117.24662818014621734619140625">
        <ele>60.59999847412109375</ele>
        <time>2026-05-05T12:49:15.000Z</time>
        <extensions>
          <ns3:TrackPointExtension>
            <ns3:hr>162</ns3:hr>
            <ns3:cad>95</ns3:cad>
          </ns3:TrackPointExtension>
        </extensions>
      </trkpt>
      <trkpt lat="29.28127272985875606536865234375" lon="117.24661267362534999847412109375">
        <ele>60.59999847412109375</ele>
        <time>2026-05-05T12:49:16.000Z</time>
        <extensions>
          <ns3:TrackPointExtension>
            <ns3:hr>162</ns3:hr>
            <ns3:cad>95</ns3:cad>
          </ns3:TrackPointExtension>
        </extensions>
      </trkpt>
      <trkpt lat="29.2812753282487392425537109375" lon="117.246555425226688385009765625">
        <ele>60.59999847412109375</ele>
        <time>2026-05-05T12:49:17.000Z</time>
        <extensions>
          <ns3:TrackPointExtension>
            <ns3:hr>162</ns3:hr>
            <ns3:cad>95</ns3:cad>
          </ns3:TrackPointExtension>
        </extensions>
      </trkpt>
      <trkpt lat="29.28127340041100978851318359375" lon="117.2465296089649200439453125">
        <ele>60.59999847412109375</ele>
        <time>2026-05-05T12:49:18.000Z</time>
        <extensions>
          <ns3:TrackPointExtension>
            <ns3:hr>163</ns3:hr>
            <ns3:cad>95</ns3:cad>
          </ns3:TrackPointExtension>
        </extensions>
      </trkpt>
      <trkpt lat="29.2812699638307094573974609375" lon="117.2464975900948047637939453125">
        <ele>60.59999847412109375</ele>
        <time>2026-05-05T12:49:19.000Z</time>
        <extensions>
          <ns3:TrackPointExtension>
            <ns3:hr>162</ns3:hr>
            <ns3:cad>95</ns3:cad>
          </ns3:TrackPointExtension>
        </extensions>
      </trkpt>
      <trkpt lat="29.2812595702707767486572265625" lon="117.2464489750564098358154296875">
        <ele>60.59999847412109375</ele>
        <time>2026-05-05T12:49:20.000Z</time>
        <extensions>
          <ns3:TrackPointExtension>
            <ns3:hr>162</ns3:hr>
            <ns3:cad>95</ns3:cad>
          </ns3:TrackPointExtension>
        </extensions>
      </trkpt>
      <trkpt lat="29.28124993108212947845458984375" lon="117.24642072804272174835205078125">
        <ele>60.59999847412109375</ele>
        <time>2026-05-05T12:49:21.000Z</time>
        <extensions>
          <ns3:TrackPointExtension>
            <ns3:hr>162</ns3:hr>
            <ns3:cad>95</ns3:cad>
          </ns3:TrackPointExtension>
        </extensions>
      </trkpt>
      <trkpt lat="29.28122780285775661468505859375" lon="117.2463705204427242279052734375">
        <ele>60.59999847412109375</ele>
        <time>2026-05-05T12:49:22.000Z</time>
        <extensions>
          <ns3:TrackPointExtension>
            <ns3:hr>163</ns3:hr>
            <ns3:cad>94</ns3:cad>
          </ns3:TrackPointExtension>
        </extensions>
      </trkpt>
      <trkpt lat="29.28121782839298248291015625" lon="117.246352247893810272216796875">
        <ele>60.59999847412109375</ele>
        <time>2026-05-05T12:49:23.000Z</time>
        <extensions>
          <ns3:TrackPointExtension>
            <ns3:hr>163</ns3:hr>
            <ns3:cad>94</ns3:cad>
          </ns3:TrackPointExtension>
        </extensions>
      </trkpt>
      <trkpt lat="29.28118824027478694915771484375" lon="117.246310003101825714111328125">
        <ele>60.59999847412109375</ele>
        <time>2026-05-05T12:49:24.000Z</time>
        <extensions>
          <ns3:TrackPointExtension>
            <ns3:hr>162</ns3:hr>
            <ns3:cad>94</ns3:cad>
          </ns3:TrackPointExtension>
        </extensions>
      </trkpt>
      <trkpt lat="29.28117399103939533233642578125" lon="117.2462940774857997894287109375">
        <ele>60.59999847412109375</ele>
        <time>2026-05-05T12:49:25.000Z</time>
        <extensions>
          <ns3:TrackPointExtension>
            <ns3:hr>162</ns3:hr>
            <ns3:cad>94</ns3:cad>
          </ns3:TrackPointExtension>
        </extensions>
      </trkpt>
      <trkpt lat="29.2811519466340541839599609375" lon="117.246271781623363494873046875">
        <ele>60.59999847412109375</ele>
        <time>2026-05-05T12:49:26.000Z</time>
        <extensions>
          <ns3:TrackPointExtension>
            <ns3:hr>163</ns3:hr>
            <ns3:cad>94</ns3:cad>
          </ns3:TrackPointExtension>
        </extensions>
      </trkpt>
      <trkpt lat="29.28112034685909748077392578125" lon="117.24624588154256343841552734375">
        <ele>60.59999847412109375</ele>
        <time>2026-05-05T12:49:27.000Z</time>
        <extensions>
          <ns3:TrackPointExtension>
            <ns3:hr>163</ns3:hr>
            <ns3:cad>94</ns3:cad>
          </ns3:TrackPointExtension>
        </extensions>
      </trkpt>
      <trkpt lat="29.28110525943338871002197265625" lon="117.2462367452681064605712890625">
        <ele>60.59999847412109375</ele>
        <time>2026-05-05T12:49:28.000Z</time>
        <extensions>
          <ns3:TrackPointExtension>
            <ns3:hr>163</ns3:hr>
            <ns3:cad>94</ns3:cad>
          </ns3:TrackPointExtension>
        </extensions>
      </trkpt>
      <trkpt lat="29.281056225299835205078125" lon="117.2462119348347187042236328125">
        <ele>60.59999847412109375</ele>
        <time>2026-05-05T12:49:29.000Z</time>
        <extensions>
          <ns3:TrackPointExtension>
            <ns3:hr>163</ns3:hr>
            <ns3:cad>94</ns3:cad>
          </ns3:TrackPointExtension>
        </extensions>
      </trkpt>
      <trkpt lat="29.28104222752153873443603515625" lon="117.2462062351405620574951171875">
        <ele>60.59999847412109375</ele>
        <time>2026-05-05T12:49:30.000Z</time>
        <extensions>
          <ns3:TrackPointExtension>
            <ns3:hr>163</ns3:hr>
            <ns3:cad>94</ns3:cad>
          </ns3:TrackPointExtension>
        </extensions>
      </trkpt>
      <trkpt lat="29.281000904738903045654296875" lon="117.24619575776159763336181640625">
        <ele>60.59999847412109375</ele>
        <time>2026-05-05T12:49:31.000Z</time>
        <extensions>
          <ns3:TrackPointExtension>
            <ns3:hr>164</ns3:hr>
            <ns3:cad>94</ns3:cad>
          </ns3:TrackPointExtension>
        </extensions>
      </trkpt>
      <trkpt lat="29.28097081370651721954345703125" lon="117.24619232118129730224609375">
        <ele>60.59999847412109375</ele>
        <time>2026-05-05T12:49:32.000Z</time>
        <extensions>
          <ns3:TrackPointExtension>
            <ns3:hr>164</ns3:hr>
            <ns3:cad>94</ns3:cad>
          </ns3:TrackPointExtension>
        </extensions>
      </trkpt>
      <trkpt lat="29.28094550035893917083740234375" lon="117.24619072861969470977783203125">
        <ele>60.59999847412109375</ele>
        <time>2026-05-05T12:49:33.000Z</time>
        <extensions>
          <ns3:TrackPointExtension>
            <ns3:hr>164</ns3:hr>
            <ns3:cad>94</ns3:cad>
          </ns3:TrackPointExtension>
        </extensions>
      </trkpt>
      <trkpt lat="29.28089302964508533477783203125" lon="117.24619693122804164886474609375">
        <ele>60.59999847412109375</ele>
        <time>2026-05-05T12:49:34.000Z</time>
        <extensions>
          <ns3:TrackPointExtension>
            <ns3:hr>164</ns3:hr>
            <ns3:cad>95</ns3:cad>
          </ns3:TrackPointExtension>
        </extensions>
      </trkpt>
      <trkpt lat="29.28087576292455196380615234375" lon="117.2462015412747859954833984375">
        <ele>60.59999847412109375</ele>
        <time>2026-05-05T12:49:35.000Z</time>
        <extensions>
          <ns3:TrackPointExtension>
            <ns3:hr>164</ns3:hr>
            <ns3:cad>95</ns3:cad>
          </ns3:TrackPointExtension>
        </extensions>
      </trkpt>
      <trkpt lat="29.2808295786380767822265625" lon="117.24621822126209735870361328125">
        <ele>60.59999847412109375</ele>
        <time>2026-05-05T12:49:36.000Z</time>
        <extensions>
          <ns3:TrackPointExtension>
            <ns3:hr>164</ns3:hr>
            <ns3:cad>95</ns3:cad>
          </ns3:TrackPointExtension>
        </extensions>
      </trkpt>
      <trkpt lat="29.280798733234405517578125" lon="117.2462343983352184295654296875">
        <ele>60.59999847412109375</ele>
        <time>2026-05-05T12:49:37.000Z</time>
        <extensions>
          <ns3:TrackPointExtension>
            <ns3:hr>164</ns3:hr>
            <ns3:cad>95</ns3:cad>
          </ns3:TrackPointExtension>
        </extensions>
      </trkpt>
      <trkpt lat="29.28077082149684429168701171875" lon="117.2462525032460689544677734375">
        <ele>60.59999847412109375</ele>
        <time>2026-05-05T12:49:38.000Z</time>
        <extensions>
          <ns3:TrackPointExtension>
            <ns3:hr>165</ns3:hr>
            <ns3:cad>95</ns3:cad>
          </ns3:TrackPointExtension>
        </extensions>
      </trkpt>
      <trkpt lat="29.28073980845510959625244140625" lon="117.24627974443137645721435546875">
        <ele>60.59999847412109375</ele>
        <time>2026-05-05T12:49:39.000Z</time>
        <extensions>
          <ns3:TrackPointExtension>
            <ns3:hr>165</ns3:hr>
            <ns3:cad>95</ns3:cad>
          </ns3:TrackPointExtension>
        </extensions>
      </trkpt>
      <trkpt lat="29.2807224579155445098876953125" lon="117.24629667587578296661376953125">
        <ele>60.59999847412109375</ele>
        <time>2026-05-05T12:49:40.000Z</time>
        <extensions>
          <ns3:TrackPointExtension>
            <ns3:hr>165</ns3:hr>
            <ns3:cad>94</ns3:cad>
          </ns3:TrackPointExtension>
        </extensions>
      </trkpt>
      <trkpt lat="29.2806820571422576904296875" lon="117.24633791483938694000244140625">
        <ele>60.59999847412109375</ele>
        <time>2026-05-05T12:49:41.000Z</time>
        <extensions>
          <ns3:TrackPointExtension>
            <ns3:hr>165</ns3:hr>
            <ns3:cad>94</ns3:cad>
          </ns3:TrackPointExtension>
        </extensions>
      </trkpt>
      <trkpt lat="29.28066889755427837371826171875" lon="117.24635132588446140289306640625">
        <ele>60.59999847412109375</ele>
        <time>2026-05-05T12:49:42.000Z</time>
        <extensions>
          <ns3:TrackPointExtension>
            <ns3:hr>166</ns3:hr>
            <ns3:cad>94</ns3:cad>
          </ns3:TrackPointExtension>
        </extensions>
      </trkpt>
      <trkpt lat="29.2806364595890045166015625" lon="117.246384434401988983154296875">
        <ele>60.59999847412109375</ele>
        <time>2026-05-05T12:49:43.000Z</time>
        <extensions>
          <ns3:TrackPointExtension>
            <ns3:hr>166</ns3:hr>
            <ns3:cad>93</ns3:cad>
          </ns3:TrackPointExtension>
        </extensions>
      </trkpt>
      <trkpt lat="29.28061324171721935272216796875" lon="117.24640815518796443939208984375">
        <ele>60.59999847412109375</ele>
        <time>2026-05-05T12:49:44.000Z</time>
        <extensions>
          <ns3:TrackPointExtension>
            <ns3:hr>166</ns3:hr>
            <ns3:cad>93</ns3:cad>
          </ns3:TrackPointExtension>
        </extensions>
      </trkpt>
      <trkpt lat="29.28058725781738758087158203125" lon="117.24643464200198650360107421875">
        <ele>60.59999847412109375</ele>
        <time>2026-05-05T12:49:45.000Z</time>
        <extensions>
          <ns3:TrackPointExtension>
            <ns3:hr>166</ns3:hr>
            <ns3:cad>93</ns3:cad>
          </ns3:TrackPointExtension>
        </extensions>
      </trkpt>
      <trkpt lat="29.2805514670908451080322265625" lon="117.24647118709981441497802734375">
        <ele>60.59999847412109375</ele>
        <time>2026-05-05T12:49:46.000Z</time>
        <extensions>
          <ns3:TrackPointExtension>
            <ns3:hr>166</ns3:hr>
            <ns3:cad>94</ns3:cad>
          </ns3:TrackPointExtension>
        </extensions>
      </trkpt>
      <trkpt lat="29.2805393971502780914306640625" lon="117.24648342467844486236572265625">
        <ele>60.59999847412109375</ele>
        <time>2026-05-05T12:49:47.000Z</time>
        <extensions>
          <ns3:TrackPointExtension>
            <ns3:hr>166</ns3:hr>
            <ns3:cad>95</ns3:cad>
          </ns3:TrackPointExtension>
        </extensions>
      </trkpt>
      <trkpt lat="29.280500002205371856689453125" lon="117.24652365781366825103759765625">
        <ele>60.59999847412109375</ele>
        <time>2026-05-05T12:49:48.000Z</time>
        <extensions>
          <ns3:TrackPointExtension>
            <ns3:hr>166</ns3:hr>
            <ns3:cad>95</ns3:cad>
          </ns3:TrackPointExtension>
        </extensions>
      </trkpt>
      <trkpt lat="29.2804904468357563018798828125" lon="117.24653338082134723663330078125">
        <ele>60.59999847412109375</ele>
        <time>2026-05-05T12:49:49.000Z</time>
        <extensions>
          <ns3:TrackPointExtension>
            <ns3:hr>166</ns3:hr>
            <ns3:cad>95</ns3:cad>
          </ns3:TrackPointExtension>
        </extensions>
      </trkpt>
      <trkpt lat="29.28045473992824554443359375" lon="117.2465698421001434326171875">
        <ele>60.59999847412109375</ele>
        <time>2026-05-05T12:49:50.000Z</time>
        <extensions>
          <ns3:TrackPointExtension>
            <ns3:hr>166</ns3:hr>
            <ns3:cad>95</ns3:cad>
          </ns3:TrackPointExtension>
        </extensions>
      </trkpt>
      <trkpt lat="29.28042816929519176483154296875" lon="117.246596999466419219970703125">
        <ele>60.59999847412109375</ele>
        <time>2026-05-05T12:49:51.000Z</time>
        <extensions>
          <ns3:TrackPointExtension>
            <ns3:hr>165</ns3:hr>
            <ns3:cad>94</ns3:cad>
          </ns3:TrackPointExtension>
        </extensions>
      </trkpt>
      <trkpt lat="29.28040537051856517791748046875" lon="117.24662021733820438385009765625">
        <ele>60.59999847412109375</ele>
        <time>2026-05-05T12:49:52.000Z</time>
        <extensions>
          <ns3:TrackPointExtension>
            <ns3:hr>166</ns3:hr>
            <ns3:cad>94</ns3:cad>
          </ns3:TrackPointExtension>
        </extensions>
      </trkpt>
      <trkpt lat="29.280365891754627227783203125" lon="117.2466605342924594879150390625">
        <ele>60.59999847412109375</ele>
        <time>2026-05-05T12:49:53.000Z</time>
        <extensions>
          <ns3:TrackPointExtension>
            <ns3:hr>166</ns3:hr>
            <ns3:cad>94</ns3:cad>
          </ns3:TrackPointExtension>
        </extensions>
      </trkpt>
      <trkpt lat="29.2803543247282505035400390625" lon="117.24667235277593135833740234375">
        <ele>60.59999847412109375</ele>
        <time>2026-05-05T12:49:54.000Z</time>
        <extensions>
          <ns3:TrackPointExtension>
            <ns3:hr>165</ns3:hr>
            <ns3:cad>95</ns3:cad>
          </ns3:TrackPointExtension>
        </extensions>
      </trkpt>
      <trkpt lat="29.2803167738020420074462890625" lon="117.24671065807342529296875">
        <ele>60.59999847412109375</ele>
        <time>2026-05-05T12:49:55.000Z</time>
        <extensions>
          <ns3:TrackPointExtension>
            <ns3:hr>166</ns3:hr>
            <ns3:cad>95</ns3:cad>
          </ns3:TrackPointExtension>
        </extensions>
      </trkpt>
      <trkpt lat="29.2802963219583034515380859375" lon="117.24673152901232242584228515625">
        <ele>60.59999847412109375</ele>
        <time>2026-05-05T12:49:56.000Z</time>
        <extensions>
          <ns3:TrackPointExtension>
            <ns3:hr>165</ns3:hr>
            <ns3:cad>94</ns3:cad>
          </ns3:TrackPointExtension>
        </extensions>
      </trkpt>
      <trkpt lat="29.280267991125583648681640625" lon="117.2467604465782642364501953125">
        <ele>60.59999847412109375</ele>
        <time>2026-05-05T12:49:57.000Z</time>
        <extensions>
          <ns3:TrackPointExtension>
            <ns3:hr>165</ns3:hr>
            <ns3:cad>94</ns3:cad>
          </ns3:TrackPointExtension>
        </extensions>
      </trkpt>
      <trkpt lat="29.28024779073894023895263671875" lon="117.24678098224103450775146484375">
        <ele>60.59999847412109375</ele>
        <time>2026-05-05T12:49:58.000Z</time>
        <extensions>
          <ns3:TrackPointExtension>
            <ns3:hr>165</ns3:hr>
            <ns3:cad>93</ns3:cad>
          </ns3:TrackPointExtension>
        </extensions>
      </trkpt>
      <trkpt lat="29.280224740505218505859375" lon="117.24680461920797824859619140625">
        <ele>60.59999847412109375</ele>
        <time>2026-05-05T12:49:59.000Z</time>
        <extensions>
          <ns3:TrackPointExtension>
            <ns3:hr>165</ns3:hr>
            <ns3:cad>94</ns3:cad>
          </ns3:TrackPointExtension>
        </extensions>
      </trkpt>
      <trkpt lat="29.28019146434962749481201171875" lon="117.24683848209679126739501953125">
        <ele>60.59999847412109375</ele>
        <time>2026-05-05T12:50:00.000Z</time>
        <extensions>
          <ns3:TrackPointExtension>
            <ns3:hr>165</ns3:hr>
            <ns3:cad>95</ns3:cad>
          </ns3:TrackPointExtension>
        </extensions>
      </trkpt>
      <trkpt lat="29.280178807675838470458984375" lon="117.24685139022767543792724609375">
        <ele>60.59999847412109375</ele>
        <time>2026-05-05T12:50:01.000Z</time>
        <extensions>
          <ns3:TrackPointExtension>
            <ns3:hr>165</ns3:hr>
            <ns3:cad>95</ns3:cad>
          </ns3:TrackPointExtension>
        </extensions>
      </trkpt>
      <trkpt lat="29.28014016710221767425537109375" lon="117.2468932159245014190673828125">
        <ele>60.59999847412109375</ele>
        <time>2026-05-05T12:50:02.000Z</time>
        <extensions>
          <ns3:TrackPointExtension>
            <ns3:hr>165</ns3:hr>
            <ns3:cad>95</ns3:cad>
          </ns3:TrackPointExtension>
        </extensions>
      </trkpt>
      <trkpt lat="29.28013044409453868865966796875" lon="117.246904782950878143310546875">
        <ele>60.59999847412109375</ele>
        <time>2026-05-05T12:50:03.000Z</time>
        <extensions>
          <ns3:TrackPointExtension>
            <ns3:hr>165</ns3:hr>
            <ns3:cad>94</ns3:cad>
          </ns3:TrackPointExtension>
        </extensions>
      </trkpt>
      <trkpt lat="29.28010278381407260894775390625" lon="117.24694526754319667816162109375">
        <ele>60.59999847412109375</ele>
        <time>2026-05-05T12:50:04.000Z</time>
        <extensions>
          <ns3:TrackPointExtension>
            <ns3:hr>165</ns3:hr>
            <ns3:cad>94</ns3:cad>
          </ns3:TrackPointExtension>
        </extensions>
      </trkpt>
      <trkpt lat="29.28008551709353923797607421875" lon="117.246978543698787689208984375">
        <ele>60.59999847412109375</ele>
        <time>2026-05-05T12:50:05.000Z</time>
        <extensions>
          <ns3:TrackPointExtension>
            <ns3:hr>165</ns3:hr>
            <ns3:cad>94</ns3:cad>
          </ns3:TrackPointExtension>
        </extensions>
      </trkpt>
      <trkpt lat="29.28007193841040134429931640625" lon="117.24700997583568096160888671875">
        <ele>60.59999847412109375</ele>
        <time>2026-05-05T12:50:06.000Z</time>
        <extensions>
          <ns3:TrackPointExtension>
            <ns3:hr>165</ns3:hr>
            <ns3:cad>94</ns3:cad>
          </ns3:TrackPointExtension>
        </extensions>
      </trkpt>
      <trkpt lat="29.280056767165660858154296875" lon="117.247062362730503082275390625">
        <ele>60.59999847412109375</ele>
        <time>2026-05-05T12:50:07.000Z</time>
        <extensions>
          <ns3:TrackPointExtension>
            <ns3:hr>165</ns3:hr>
            <ns3:cad>94</ns3:cad>
          </ns3:TrackPointExtension>
        </extensions>
      </trkpt>
      <trkpt lat="29.28005500696599483489990234375" lon="117.2470722533762454986572265625">
        <ele>60.59999847412109375</ele>
        <time>2026-05-05T12:50:08.000Z</time>
        <extensions>
          <ns3:TrackPointExtension>
            <ns3:hr>164</ns3:hr>
            <ns3:cad>95</ns3:cad>
          </ns3:TrackPointExtension>
        </extensions>
      </trkpt>
      <trkpt lat="29.28004729561507701873779296875" lon="117.24714140407741069793701171875">
        <ele>60.59999847412109375</ele>
        <time>2026-05-05T12:50:09.000Z</time>
        <extensions>
          <ns3:TrackPointExtension>
            <ns3:hr>164</ns3:hr>
            <ns3:cad>95</ns3:cad>
          </ns3:TrackPointExtension>
        </extensions>
      </trkpt>
      <trkpt lat="29.2800468765199184417724609375" lon="117.24716537632048130035400390625">
        <ele>60.59999847412109375</ele>
        <time>2026-05-05T12:50:10.000Z</time>
        <extensions>
          <ns3:TrackPointExtension>
            <ns3:hr>164</ns3:hr>
            <ns3:cad>95</ns3:cad>
          </ns3:TrackPointExtension>
        </extensions>
      </trkpt>
      <trkpt lat="29.28005165420472621917724609375" lon="117.2472184337675571441650390625">
        <ele>60.59999847412109375</ele>
        <time>2026-05-05T12:50:11.000Z</time>
        <extensions>
          <ns3:TrackPointExtension>
            <ns3:hr>164</ns3:hr>
            <ns3:cad>95</ns3:cad>
          </ns3:TrackPointExtension>
        </extensions>
      </trkpt>
      <trkpt lat="29.2800579406321048736572265625" lon="117.2472496144473552703857421875">
        <ele>60.59999847412109375</ele>
        <time>2026-05-05T12:50:12.000Z</time>
        <extensions>
          <ns3:TrackPointExtension>
            <ns3:hr>164</ns3:hr>
            <ns3:cad>95</ns3:cad>
          </ns3:TrackPointExtension>
        </extensions>
      </trkpt>
      <trkpt lat="29.28007126785814762115478515625" lon="117.24729470908641815185546875">
        <ele>60.59999847412109375</ele>
        <time>2026-05-05T12:50:13.000Z</time>
        <extensions>
          <ns3:TrackPointExtension>
            <ns3:hr>164</ns3:hr>
            <ns3:cad>95</ns3:cad>
          </ns3:TrackPointExtension>
        </extensions>
      </trkpt>
      <trkpt lat="29.28008501417934894561767578125" lon="117.24732848815619945526123046875">
        <ele>60.59999847412109375</ele>
        <time>2026-05-05T12:50:14.000Z</time>
        <extensions>
          <ns3:TrackPointExtension>
            <ns3:hr>163</ns3:hr>
            <ns3:cad>95</ns3:cad>
          </ns3:TrackPointExtension>
        </extensions>
      </trkpt>
      <trkpt lat="29.2800946533679962158203125" lon="117.24734810180962085723876953125">
        <ele>60.59999847412109375</ele>
        <time>2026-05-05T12:50:15.000Z</time>
        <extensions>
          <ns3:TrackPointExtension>
            <ns3:hr>163</ns3:hr>
            <ns3:cad>95</ns3:cad>
          </ns3:TrackPointExtension>
        </extensions>
      </trkpt>
      <trkpt lat="29.280134551227092742919921875" lon="117.2474085353314876556396484375">
        <ele>60.59999847412109375</ele>
        <time>2026-05-05T12:50:16.000Z</time>
        <extensions>
          <ns3:TrackPointExtension>
            <ns3:hr>163</ns3:hr>
            <ns3:cad>94</ns3:cad>
          </ns3:TrackPointExtension>
        </extensions>
      </trkpt>
      <trkpt lat="29.280135892331600189208984375" lon="117.24740996025502681732177734375">
        <ele>60.59999847412109375</ele>
        <time>2026-05-05T12:50:17.000Z</time>
        <extensions>
          <ns3:TrackPointExtension>
            <ns3:hr>163</ns3:hr>
            <ns3:cad>94</ns3:cad>
          </ns3:TrackPointExtension>
        </extensions>
      </trkpt>
      <trkpt lat="29.2801724374294281005859375" lon="117.24744784645736217498779296875">
        <ele>60.59999847412109375</ele>
        <time>2026-05-05T12:50:18.000Z</time>
        <extensions>
          <ns3:TrackPointExtension>
            <ns3:hr>162</ns3:hr>
            <ns3:cad>94</ns3:cad>
          </ns3:TrackPointExtension>
        </extensions>
      </trkpt>
      <trkpt lat="29.280194230377674102783203125" lon="117.24746611900627613067626953125">
        <ele>60.59999847412109375</ele>
        <time>2026-05-05T12:50:19.000Z</time>
        <extensions>
          <ns3:TrackPointExtension>
            <ns3:hr>163</ns3:hr>
            <ns3:cad>94</ns3:cad>
          </ns3:TrackPointExtension>
        </extensions>
      </trkpt>
      <trkpt lat="29.2802178673446178436279296875" lon="117.2474816255271434783935546875">
        <ele>60.59999847412109375</ele>
        <time>2026-05-05T12:50:20.000Z</time>
        <extensions>
          <ns3:TrackPointExtension>
            <ns3:hr>163</ns3:hr>
            <ns3:cad>94</ns3:cad>
          </ns3:TrackPointExtension>
        </extensions>
      </trkpt>
      <trkpt lat="29.2802560888230800628662109375" lon="117.2475017420947551727294921875">
        <ele>60.59999847412109375</ele>
        <time>2026-05-05T12:50:21.000Z</time>
        <extensions>
          <ns3:TrackPointExtension>
            <ns3:hr>162</ns3:hr>
            <ns3:cad>94</ns3:cad>
          </ns3:TrackPointExtension>
        </extensions>
      </trkpt>
      <trkpt lat="29.280276037752628326416015625" lon="117.24750987254083156585693359375">
        <ele>60.59999847412109375</ele>
        <time>2026-05-05T12:50:22.000Z</time>
        <extensions>
          <ns3:TrackPointExtension>
            <ns3:hr>162</ns3:hr>
            <ns3:cad>93</ns3:cad>
          </ns3:TrackPointExtension>
        </extensions>
      </trkpt>
      <trkpt lat="29.2803306877613067626953125" lon="117.24752395413815975189208984375">
        <ele>60.59999847412109375</ele>
        <time>2026-05-05T12:50:23.000Z</time>
        <extensions>
          <ns3:TrackPointExtension>
            <ns3:hr>162</ns3:hr>
            <ns3:cad>93</ns3:cad>
          </ns3:TrackPointExtension>
        </extensions>
      </trkpt>
      <trkpt lat="29.280360527336597442626953125" lon="117.24752596579492092132568359375">
        <ele>60.59999847412109375</ele>
        <time>2026-05-05T12:50:24.000Z</time>
        <extensions>
          <ns3:TrackPointExtension>
            <ns3:hr>162</ns3:hr>
            <ns3:cad>94</ns3:cad>
          </ns3:TrackPointExtension>
        </extensions>
      </trkpt>
      <trkpt lat="29.2803922109305858612060546875" lon="117.24752537906169891357421875">
        <ele>60.59999847412109375</ele>
        <time>2026-05-05T12:50:25.000Z</time>
        <extensions>
          <ns3:TrackPointExtension>
            <ns3:hr>162</ns3:hr>
            <ns3:cad>94</ns3:cad>
          </ns3:TrackPointExtension>
        </extensions>
      </trkpt>
      <trkpt lat="29.28041853010654449462890625" lon="117.24752278067171573638916015625">
        <ele>60.59999847412109375</ele>
        <time>2026-05-05T12:50:26.000Z</time>
        <extensions>
          <ns3:TrackPointExtension>
            <ns3:hr>162</ns3:hr>
            <ns3:cad>94</ns3:cad>
          </ns3:TrackPointExtension>
        </extensions>
      </trkpt>
      <trkpt lat="29.2804549075663089752197265625" lon="117.2475138120353221893310546875">
        <ele>60.59999847412109375</ele>
        <time>2026-05-05T12:50:27.000Z</time>
        <extensions>
          <ns3:TrackPointExtension>
            <ns3:hr>162</ns3:hr>
            <ns3:cad>94</ns3:cad>
          </ns3:TrackPointExtension>
        </extensions>
      </trkpt>
      <trkpt lat="29.2805045284330844879150390625" lon="117.2474940307438373565673828125">
        <ele>60.59999847412109375</ele>
        <time>2026-05-05T12:50:28.000Z</time>
        <extensions>
          <ns3:TrackPointExtension>
            <ns3:hr>162</ns3:hr>
            <ns3:cad>94</ns3:cad>
          </ns3:TrackPointExtension>
        </extensions>
      </trkpt>
      <trkpt lat="29.2805253155529499053955078125" lon="117.2474817931652069091796875">
        <ele>60.59999847412109375</ele>
        <time>2026-05-05T12:50:29.000Z</time>
        <extensions>
          <ns3:TrackPointExtension>
            <ns3:hr>162</ns3:hr>
            <ns3:cad>95</ns3:cad>
          </ns3:TrackPointExtension>
        </extensions>
      </trkpt>
      <trkpt lat="29.2805705778300762176513671875" lon="117.24744801409542560577392578125">
        <ele>60.59999847412109375</ele>
        <time>2026-05-05T12:50:30.000Z</time>
        <extensions>
          <ns3:TrackPointExtension>
            <ns3:hr>162</ns3:hr>
            <ns3:cad>95</ns3:cad>
          </ns3:TrackPointExtension>
        </extensions>
      </trkpt>
      <trkpt lat="29.2805937118828296661376953125" lon="117.247426807880401611328125">
        <ele>60.59999847412109375</ele>
        <time>2026-05-05T12:50:31.000Z</time>
        <extensions>
          <ns3:TrackPointExtension>
            <ns3:hr>162</ns3:hr>
            <ns3:cad>95</ns3:cad>
          </ns3:TrackPointExtension>
        </extensions>
      </trkpt>
      <trkpt lat="29.280622042715549468994140625" lon="117.24739789031445980072021484375">
        <ele>60.59999847412109375</ele>
        <time>2026-05-05T12:50:32.000Z</time>
        <extensions>
          <ns3:TrackPointExtension>
            <ns3:hr>162</ns3:hr>
            <ns3:cad>95</ns3:cad>
          </ns3:TrackPointExtension>
        </extensions>
      </trkpt>
      <trkpt lat="29.2806376330554485321044921875" lon="117.24738196469843387603759765625">
        <ele>60.59999847412109375</ele>
        <time>2026-05-05T12:50:33.000Z</time>
        <extensions>
          <ns3:TrackPointExtension>
            <ns3:hr>162</ns3:hr>
            <ns3:cad>94</ns3:cad>
          </ns3:TrackPointExtension>
        </extensions>
      </trkpt>
      <trkpt lat="29.28066822700202465057373046875" lon="117.24735078401863574981689453125">
        <ele>60.59999847412109375</ele>
        <time>2026-05-05T12:50:34.000Z</time>
        <extensions>
          <ns3:TrackPointExtension>
            <ns3:hr>162</ns3:hr>
            <ns3:cad>94</ns3:cad>
          </ns3:TrackPointExtension>
        </extensions>
      </trkpt>
      <trkpt lat="29.28069345653057098388671875" lon="117.2473250515758991241455078125">
        <ele>60.59999847412109375</ele>
        <time>2026-05-05T12:50:35.000Z</time>
        <extensions>
          <ns3:TrackPointExtension>
            <ns3:hr>162</ns3:hr>
            <ns3:cad>94</ns3:cad>
          </ns3:TrackPointExtension>
        </extensions>
      </trkpt>
      <trkpt lat="29.2807107232511043548583984375" lon="117.2473074495792388916015625">
        <ele>60.59999847412109375</ele>
        <time>2026-05-05T12:50:36.000Z</time>
        <extensions>
          <ns3:TrackPointExtension>
            <ns3:hr>161</ns3:hr>
            <ns3:cad>95</ns3:cad>
          </ns3:TrackPointExtension>
        </extensions>
      </trkpt>
      <trkpt lat="29.28075321950018405914306640625" lon="117.24726411513984203338623046875">
        <ele>60.59999847412109375</ele>
        <time>2026-05-05T12:50:37.000Z</time>
        <extensions>
          <ns3:TrackPointExtension>
            <ns3:hr>161</ns3:hr>
            <ns3:cad>95</ns3:cad>
          </ns3:TrackPointExtension>
        </extensions>
      </trkpt>
      <trkpt lat="29.28076361306011676788330078125" lon="117.247253470122814178466796875">
        <ele>60.59999847412109375</ele>
        <time>2026-05-05T12:50:38.000Z</time>
        <extensions>
          <ns3:TrackPointExtension>
            <ns3:hr>161</ns3:hr>
            <ns3:cad>95</ns3:cad>
          </ns3:TrackPointExtension>
        </extensions>
      </trkpt>
      <trkpt lat="29.28080133162438869476318359375" lon="117.24721491336822509765625">
        <ele>60.59999847412109375</ele>
        <time>2026-05-05T12:50:39.000Z</time>
        <extensions>
          <ns3:TrackPointExtension>
            <ns3:hr>161</ns3:hr>
            <ns3:cad>93</ns3:cad>
          </ns3:TrackPointExtension>
        </extensions>
      </trkpt>
      <trkpt lat="29.28081893362104892730712890625" lon="117.24719705991446971893310546875">
        <ele>60.59999847412109375</ele>
        <time>2026-05-05T12:50:40.000Z</time>
        <extensions>
          <ns3:TrackPointExtension>
            <ns3:hr>160</ns3:hr>
            <ns3:cad>93</ns3:cad>
          </ns3:TrackPointExtension>
        </extensions>
      </trkpt>
      <trkpt lat="29.280849359929561614990234375" lon="117.24716596305370330810546875">
        <ele>60.59999847412109375</ele>
        <time>2026-05-05T12:50:41.000Z</time>
        <extensions>
          <ns3:TrackPointExtension>
            <ns3:hr>161</ns3:hr>
            <ns3:cad>94</ns3:cad>
          </ns3:TrackPointExtension>
        </extensions>
      </trkpt>
      <trkpt lat="29.28087676875293254852294921875" lon="117.24713805131614208221435546875">
        <ele>60.59999847412109375</ele>
        <time>2026-05-05T12:50:42.000Z</time>
        <extensions>
          <ns3:TrackPointExtension>
            <ns3:hr>161</ns3:hr>
            <ns3:cad>95</ns3:cad>
          </ns3:TrackPointExtension>
        </extensions>
      </trkpt>
      <trkpt lat="29.28089470602571964263916015625" lon="117.2471196949481964111328125">
        <ele>60.59999847412109375</ele>
        <time>2026-05-05T12:50:43.000Z</time>
        <extensions>
          <ns3:TrackPointExtension>
            <ns3:hr>160</ns3:hr>
            <ns3:cad>95</ns3:cad>
          </ns3:TrackPointExtension>
        </extensions>
      </trkpt>
      <trkpt lat="29.2809330113232135772705078125" lon="117.2470806352794170379638671875">
        <ele>60.59999847412109375</ele>
        <time>2026-05-05T12:50:44.000Z</time>
        <extensions>
          <ns3:TrackPointExtension>
            <ns3:hr>160</ns3:hr>
            <ns3:cad>95</ns3:cad>
          </ns3:TrackPointExtension>
        </extensions>
      </trkpt>
      <trkpt lat="29.28094424307346343994140625" lon="117.24706915207207202911376953125">
        <ele>60.59999847412109375</ele>
        <time>2026-05-05T12:50:45.000Z</time>
        <extensions>
          <ns3:TrackPointExtension>
            <ns3:hr>161</ns3:hr>
            <ns3:cad>93</ns3:cad>
          </ns3:TrackPointExtension>
        </extensions>
      </trkpt>
      <trkpt lat="29.2809851467609405517578125" lon="117.24702741019427776336669921875">
        <ele>60.59999847412109375</ele>
        <time>2026-05-05T12:50:46.000Z</time>
        <extensions>
          <ns3:TrackPointExtension>
            <ns3:hr>161</ns3:hr>
            <ns3:cad>93</ns3:cad>
          </ns3:TrackPointExtension>
        </extensions>
      </trkpt>
      <trkpt lat="29.2809957079589366912841796875" lon="117.2470165975391864776611328125">
        <ele>60.59999847412109375</ele>
        <time>2026-05-05T12:50:47.000Z</time>
        <extensions>
          <ns3:TrackPointExtension>
            <ns3:hr>160</ns3:hr>
            <ns3:cad>94</ns3:cad>
          </ns3:TrackPointExtension>
        </extensions>
      </trkpt>
      <trkpt lat="29.28103585727512836456298828125" lon="117.2469756938517093658447265625">
        <ele>60.59999847412109375</ele>
        <time>2026-05-05T12:50:48.000Z</time>
        <extensions>
          <ns3:TrackPointExtension>
            <ns3:hr>160</ns3:hr>
            <ns3:cad>94</ns3:cad>
          </ns3:TrackPointExtension>
        </extensions>
      </trkpt>
      <trkpt lat="29.28105689585208892822265625" lon="117.24695415236055850982666015625">
        <ele>60.59999847412109375</ele>
        <time>2026-05-05T12:50:49.000Z</time>
        <extensions>
          <ns3:TrackPointExtension>
            <ns3:hr>160</ns3:hr>
            <ns3:cad>93</ns3:cad>
          </ns3:TrackPointExtension>
        </extensions>
      </trkpt>
      <trkpt lat="29.28108447231352329254150390625" lon="117.2469260729849338531494140625">
        <ele>60.59999847412109375</ele>
        <time>2026-05-05T12:50:50.000Z</time>
        <extensions>
          <ns3:TrackPointExtension>
            <ns3:hr>161</ns3:hr>
            <ns3:cad>93</ns3:cad>
          </ns3:TrackPointExtension>
        </extensions>
      </trkpt>
      <trkpt lat="29.2811120487749576568603515625" lon="117.24689799360930919647216796875">
        <ele>60.59999847412109375</ele>
        <time>2026-05-05T12:50:51.000Z</time>
        <extensions>
          <ns3:TrackPointExtension>
            <ns3:hr>160</ns3:hr>
            <ns3:cad>93</ns3:cad>
          </ns3:TrackPointExtension>
        </extensions>
      </trkpt>
      <trkpt lat="29.2811237834393978118896484375" lon="117.24688592366874217987060546875">
        <ele>60.59999847412109375</ele>
        <time>2026-05-05T12:50:52.000Z</time>
        <extensions>
          <ns3:TrackPointExtension>
            <ns3:hr>161</ns3:hr>
            <ns3:cad>93</ns3:cad>
          </ns3:TrackPointExtension>
        </extensions>
      </trkpt>
      <trkpt lat="29.281172566115856170654296875" lon="117.2468352131545543670654296875">
        <ele>60.59999847412109375</ele>
        <time>2026-05-05T12:50:53.000Z</time>
        <extensions>
          <ns3:TrackPointExtension>
            <ns3:hr>160</ns3:hr>
            <ns3:cad>94</ns3:cad>
          </ns3:TrackPointExtension>
        </extensions>
      </trkpt>
      <trkpt lat="29.281190671026706695556640625" lon="117.2468139231204986572265625">
        <ele>60.59999847412109375</ele>
        <time>2026-05-05T12:50:54.000Z</time>
        <extensions>
          <ns3:TrackPointExtension>
            <ns3:hr>161</ns3:hr>
            <ns3:cad>94</ns3:cad>
          </ns3:TrackPointExtension>
        </extensions>
      </trkpt>
      <trkpt lat="29.281211458146572113037109375" lon="117.24678450264036655426025390625">
        <ele>60.59999847412109375</ele>
        <time>2026-05-05T12:50:55.000Z</time>
        <extensions>
          <ns3:TrackPointExtension>
            <ns3:hr>161</ns3:hr>
            <ns3:cad>94</ns3:cad>
          </ns3:TrackPointExtension>
        </extensions>
      </trkpt>
      <trkpt lat="29.28122478537261486053466796875" lon="117.24676338024437427520751953125">
        <ele>60.59999847412109375</ele>
        <time>2026-05-05T12:50:56.000Z</time>
        <extensions>
          <ns3:TrackPointExtension>
            <ns3:hr>161</ns3:hr>
            <ns3:cad>94</ns3:cad>
          </ns3:TrackPointExtension>
        </extensions>
      </trkpt>
    </trkseg>
  </trk>
</gpx>
