<gpx xmlns:ns3="http://www.garmin.com/xmlschemas/TrackPointExtension/v1" xmlns="http://www.topografix.com/GPX/1/1" xmlns:xsi="http://www.w3.org/2001/XMLSchema-instance" xmlns:ns2="http://www.garmin.com/xmlschemas/GpxExtensions/v3" creator="Garmin Connect" version="1.1" xsi:schemaLocation="http://www.topografix.com/GPX/1/1 http://www.topografix.com/GPX/11.xsd">
  <extensions>
<distance>1951.69</distance>
<average_hr>135.0</average_hr>
<average_speed>2.802999973297119</average_speed>
<start_time>2026-05-13T20:35:03+00:00</start_time>
<end_time>2026-05-13T20:46:39.405000+00:00</end_time>
<moving_time>693.604</moving_time>
<elapsed_time>696.405</elapsed_time>
</extensions>
<metadata>
    <link href="connect.garmin.com">
      <text>Garmin Connect</text>
    </link>
    <time>2026-05-13T20:35:03.000Z</time>
  </metadata>
  <trk>
    <name>武汉市 跑步</name>
    <type>running</type>
    <trkseg>
      <trkpt lat="30.610713064670562744140625" lon="114.41435351036489009857177734375">
        <ele>25.3999996185302734375</ele>
        <time>2026-05-13T20:35:03.000Z</time>
        <extensions>
          <ns3:TrackPointExtension>
            <ns3:hr>94</ns3:hr>
            <ns3:cad>0</ns3:cad>
          </ns3:TrackPointExtension>
        </extensions>
      </trkpt>
      <trkpt lat="30.610589347779750823974609375" lon="114.41445711068809032440185546875">
        <ele>25.3999996185302734375</ele>
        <time>2026-05-13T20:35:04.000Z</time>
        <extensions>
          <ns3:TrackPointExtension>
            <ns3:hr>94</ns3:hr>
            <ns3:cad>0</ns3:cad>
          </ns3:TrackPointExtension>
        </extensions>
      </trkpt>
      <trkpt lat="30.6105690635740756988525390625" lon="114.41446892917156219482421875">
        <ele>25.3999996185302734375</ele>
        <time>2026-05-13T20:35:05.000Z</time>
        <extensions>
          <ns3:TrackPointExtension>
            <ns3:hr>95</ns3:hr>
            <ns3:cad>0</ns3:cad>
          </ns3:TrackPointExtension>
        </extensions>
      </trkpt>
      <trkpt lat="30.6105522997677326202392578125" lon="114.41447689197957515716552734375">
        <ele>25.200000762939453125</ele>
        <time>2026-05-13T20:35:06.000Z</time>
        <extensions>
          <ns3:TrackPointExtension>
            <ns3:hr>96</ns3:hr>
            <ns3:cad>0</ns3:cad>
          </ns3:TrackPointExtension>
        </extensions>
      </trkpt>
      <trkpt lat="30.610528327524662017822265625" lon="114.41448208875954151153564453125">
        <ele>25.200000762939453125</ele>
        <time>2026-05-13T20:35:07.000Z</time>
        <extensions>
          <ns3:TrackPointExtension>
            <ns3:hr>96</ns3:hr>
            <ns3:cad>0</ns3:cad>
          </ns3:TrackPointExtension>
        </extensions>
      </trkpt>
      <trkpt lat="30.6105023436248302459716796875" lon="114.41448594443500041961669921875">
        <ele>25.200000762939453125</ele>
        <time>2026-05-13T20:35:08.000Z</time>
        <extensions>
          <ns3:TrackPointExtension>
            <ns3:hr>96</ns3:hr>
            <ns3:cad>93</ns3:cad>
          </ns3:TrackPointExtension>
        </extensions>
      </trkpt>
      <trkpt lat="30.61047501862049102783203125" lon="114.41448929719626903533935546875">
        <ele>25.200000762939453125</ele>
        <time>2026-05-13T20:35:09.000Z</time>
        <extensions>
          <ns3:TrackPointExtension>
            <ns3:hr>96</ns3:hr>
            <ns3:cad>93</ns3:cad>
          </ns3:TrackPointExtension>
        </extensions>
      </trkpt>
      <trkpt lat="30.61044928617775440216064453125" lon="114.4144925661385059356689453125">
        <ele>25.200000762939453125</ele>
        <time>2026-05-13T20:35:10.000Z</time>
        <extensions>
          <ns3:TrackPointExtension>
            <ns3:hr>96</ns3:hr>
            <ns3:cad>93</ns3:cad>
          </ns3:TrackPointExtension>
        </extensions>
      </trkpt>
      <trkpt lat="30.61042279936373233795166015625" lon="114.41449650563299655914306640625">
        <ele>25.200000762939453125</ele>
        <time>2026-05-13T20:35:11.000Z</time>
        <extensions>
          <ns3:TrackPointExtension>
            <ns3:hr>97</ns3:hr>
            <ns3:cad>92</ns3:cad>
          </ns3:TrackPointExtension>
        </extensions>
      </trkpt>
      <trkpt lat="30.61040720902383327484130859375" lon="114.41450916230678558349609375">
        <ele>25.200000762939453125</ele>
        <time>2026-05-13T20:35:12.000Z</time>
        <extensions>
          <ns3:TrackPointExtension>
            <ns3:hr>98</ns3:hr>
            <ns3:cad>92</ns3:cad>
          </ns3:TrackPointExtension>
        </extensions>
      </trkpt>
      <trkpt lat="30.61037921346724033355712890625" lon="114.4145138561725616455078125">
        <ele>25.200000762939453125</ele>
        <time>2026-05-13T20:35:13.000Z</time>
        <extensions>
          <ns3:TrackPointExtension>
            <ns3:hr>99</ns3:hr>
            <ns3:cad>92</ns3:cad>
          </ns3:TrackPointExtension>
        </extensions>
      </trkpt>
      <trkpt lat="30.61035943217575550079345703125" lon="114.41452802158892154693603515625">
        <ele>25.200000762939453125</ele>
        <time>2026-05-13T20:35:14.000Z</time>
        <extensions>
          <ns3:TrackPointExtension>
            <ns3:hr>100</ns3:hr>
            <ns3:cad>92</ns3:cad>
          </ns3:TrackPointExtension>
        </extensions>
      </trkpt>
      <trkpt lat="30.610329173505306243896484375" lon="114.4145334698259830474853515625">
        <ele>25</ele>
        <time>2026-05-13T20:35:15.000Z</time>
        <extensions>
          <ns3:TrackPointExtension>
            <ns3:hr>100</ns3:hr>
            <ns3:cad>92</ns3:cad>
          </ns3:TrackPointExtension>
        </extensions>
      </trkpt>
      <trkpt lat="30.6103105656802654266357421875" lon="114.414546377956867218017578125">
        <ele>25</ele>
        <time>2026-05-13T20:35:16.000Z</time>
        <extensions>
          <ns3:TrackPointExtension>
            <ns3:hr>101</ns3:hr>
            <ns3:cad>91</ns3:cad>
          </ns3:TrackPointExtension>
        </extensions>
      </trkpt>
      <trkpt lat="30.610282234847545623779296875" lon="114.41455266438424587249755859375">
        <ele>25</ele>
        <time>2026-05-13T20:35:17.000Z</time>
        <extensions>
          <ns3:TrackPointExtension>
            <ns3:hr>103</ns3:hr>
            <ns3:cad>92</ns3:cad>
          </ns3:TrackPointExtension>
        </extensions>
      </trkpt>
      <trkpt lat="30.6102612800896167755126953125" lon="114.41456456668674945831298828125">
        <ele>25</ele>
        <time>2026-05-13T20:35:18.000Z</time>
        <extensions>
          <ns3:TrackPointExtension>
            <ns3:hr>105</ns3:hr>
            <ns3:cad>92</ns3:cad>
          </ns3:TrackPointExtension>
        </extensions>
      </trkpt>
      <trkpt lat="30.61023638583719730377197265625" lon="114.41457219421863555908203125">
        <ele>25</ele>
        <time>2026-05-13T20:35:19.000Z</time>
        <extensions>
          <ns3:TrackPointExtension>
            <ns3:hr>105</ns3:hr>
            <ns3:cad>93</ns3:cad>
          </ns3:TrackPointExtension>
        </extensions>
      </trkpt>
      <trkpt lat="30.6102116592228412628173828125" lon="114.4145857729017734527587890625">
        <ele>25.200000762939453125</ele>
        <time>2026-05-13T20:35:20.000Z</time>
        <extensions>
          <ns3:TrackPointExtension>
            <ns3:hr>106</ns3:hr>
            <ns3:cad>93</ns3:cad>
          </ns3:TrackPointExtension>
        </extensions>
      </trkpt>
      <trkpt lat="30.6101878546178340911865234375" lon="114.414591304957866668701171875">
        <ele>25.200000762939453125</ele>
        <time>2026-05-13T20:35:21.000Z</time>
        <extensions>
          <ns3:TrackPointExtension>
            <ns3:hr>106</ns3:hr>
            <ns3:cad>92</ns3:cad>
          </ns3:TrackPointExtension>
        </extensions>
      </trkpt>
      <trkpt lat="30.610162205994129180908203125" lon="114.41459759138524532318115234375">
        <ele>25.200000762939453125</ele>
        <time>2026-05-13T20:35:22.000Z</time>
        <extensions>
          <ns3:TrackPointExtension>
            <ns3:hr>107</ns3:hr>
            <ns3:cad>92</ns3:cad>
          </ns3:TrackPointExtension>
        </extensions>
      </trkpt>
      <trkpt lat="30.61013798229396343231201171875" lon="114.4146095775067806243896484375">
        <ele>25.200000762939453125</ele>
        <time>2026-05-13T20:35:23.000Z</time>
        <extensions>
          <ns3:TrackPointExtension>
            <ns3:hr>107</ns3:hr>
            <ns3:cad>92</ns3:cad>
          </ns3:TrackPointExtension>
        </extensions>
      </trkpt>
      <trkpt lat="30.6101070530712604522705078125" lon="114.414614103734493255615234375">
        <ele>25.200000762939453125</ele>
        <time>2026-05-13T20:35:24.000Z</time>
        <extensions>
          <ns3:TrackPointExtension>
            <ns3:hr>108</ns3:hr>
            <ns3:cad>92</ns3:cad>
          </ns3:TrackPointExtension>
        </extensions>
      </trkpt>
      <trkpt lat="30.61008685268461704254150390625" lon="114.4146250002086162567138671875">
        <ele>25.200000762939453125</ele>
        <time>2026-05-13T20:35:25.000Z</time>
        <extensions>
          <ns3:TrackPointExtension>
            <ns3:hr>109</ns3:hr>
            <ns3:cad>92</ns3:cad>
          </ns3:TrackPointExtension>
        </extensions>
      </trkpt>
      <trkpt lat="30.61005600728094577789306640625" lon="114.41462893970310688018798828125">
        <ele>25.200000762939453125</ele>
        <time>2026-05-13T20:35:26.000Z</time>
        <extensions>
          <ns3:TrackPointExtension>
            <ns3:hr>110</ns3:hr>
            <ns3:cad>92</ns3:cad>
          </ns3:TrackPointExtension>
        </extensions>
      </trkpt>
      <trkpt lat="30.61003756709396839141845703125" lon="114.41464059054851531982421875">
        <ele>25.200000762939453125</ele>
        <time>2026-05-13T20:35:27.000Z</time>
        <extensions>
          <ns3:TrackPointExtension>
            <ns3:hr>111</ns3:hr>
            <ns3:cad>92</ns3:cad>
          </ns3:TrackPointExtension>
        </extensions>
      </trkpt>
      <trkpt lat="30.6100057996809482574462890625" lon="114.41464335657656192779541015625">
        <ele>25.200000762939453125</ele>
        <time>2026-05-13T20:35:28.000Z</time>
        <extensions>
          <ns3:TrackPointExtension>
            <ns3:hr>112</ns3:hr>
            <ns3:cad>92</ns3:cad>
          </ns3:TrackPointExtension>
        </extensions>
      </trkpt>
      <trkpt lat="30.60998861677944660186767578125" lon="114.41465307958424091339111328125">
        <ele>25.200000762939453125</ele>
        <time>2026-05-13T20:35:29.000Z</time>
        <extensions>
          <ns3:TrackPointExtension>
            <ns3:hr>113</ns3:hr>
            <ns3:cad>93</ns3:cad>
          </ns3:TrackPointExtension>
        </extensions>
      </trkpt>
      <trkpt lat="30.60995978303253650665283203125" lon="114.414658360183238983154296875">
        <ele>25.200000762939453125</ele>
        <time>2026-05-13T20:35:30.000Z</time>
        <extensions>
          <ns3:TrackPointExtension>
            <ns3:hr>114</ns3:hr>
            <ns3:cad>93</ns3:cad>
          </ns3:TrackPointExtension>
        </extensions>
      </trkpt>
      <trkpt lat="30.6099431030452251434326171875" lon="114.41467068158090114593505859375">
        <ele>25.200000762939453125</ele>
        <time>2026-05-13T20:35:31.000Z</time>
        <extensions>
          <ns3:TrackPointExtension>
            <ns3:hr>115</ns3:hr>
            <ns3:cad>93</ns3:cad>
          </ns3:TrackPointExtension>
        </extensions>
      </trkpt>
      <trkpt lat="30.60991703532636165618896484375" lon="114.41467302851378917694091796875">
        <ele>25.200000762939453125</ele>
        <time>2026-05-13T20:35:32.000Z</time>
        <extensions>
          <ns3:TrackPointExtension>
            <ns3:hr>117</ns3:hr>
            <ns3:cad>93</ns3:cad>
          </ns3:TrackPointExtension>
        </extensions>
      </trkpt>
      <trkpt lat="30.6098964996635913848876953125" lon="114.414680488407611846923828125">
        <ele>25.200000762939453125</ele>
        <time>2026-05-13T20:35:33.000Z</time>
        <extensions>
          <ns3:TrackPointExtension>
            <ns3:hr>118</ns3:hr>
            <ns3:cad>93</ns3:cad>
          </ns3:TrackPointExtension>
        </extensions>
      </trkpt>
      <trkpt lat="30.60987127013504505157470703125" lon="114.414684511721134185791015625">
        <ele>25.200000762939453125</ele>
        <time>2026-05-13T20:35:34.000Z</time>
        <extensions>
          <ns3:TrackPointExtension>
            <ns3:hr>119</ns3:hr>
            <ns3:cad>93</ns3:cad>
          </ns3:TrackPointExtension>
        </extensions>
      </trkpt>
      <trkpt lat="30.6098468787968158721923828125" lon="114.41469431854784488677978515625">
        <ele>25.200000762939453125</ele>
        <time>2026-05-13T20:35:35.000Z</time>
        <extensions>
          <ns3:TrackPointExtension>
            <ns3:hr>120</ns3:hr>
            <ns3:cad>93</ns3:cad>
          </ns3:TrackPointExtension>
        </extensions>
      </trkpt>
      <trkpt lat="30.6098244152963161468505859375" lon="114.4147041253745555877685546875">
        <ele>25.200000762939453125</ele>
        <time>2026-05-13T20:35:36.000Z</time>
        <extensions>
          <ns3:TrackPointExtension>
            <ns3:hr>120</ns3:hr>
            <ns3:cad>93</ns3:cad>
          </ns3:TrackPointExtension>
        </extensions>
      </trkpt>
      <trkpt lat="30.6097999401390552520751953125" lon="114.4147098250687122344970703125">
        <ele>25.200000762939453125</ele>
        <time>2026-05-13T20:35:37.000Z</time>
        <extensions>
          <ns3:TrackPointExtension>
            <ns3:hr>120</ns3:hr>
            <ns3:cad>93</ns3:cad>
          </ns3:TrackPointExtension>
        </extensions>
      </trkpt>
      <trkpt lat="30.60977898538112640380859375" lon="114.41472130827605724334716796875">
        <ele>25.200000762939453125</ele>
        <time>2026-05-13T20:35:38.000Z</time>
        <extensions>
          <ns3:TrackPointExtension>
            <ns3:hr>121</ns3:hr>
            <ns3:cad>93</ns3:cad>
          </ns3:TrackPointExtension>
        </extensions>
      </trkpt>
      <trkpt lat="30.6097540073096752166748046875" lon="114.41472952254116535186767578125">
        <ele>25</ele>
        <time>2026-05-13T20:35:39.000Z</time>
        <extensions>
          <ns3:TrackPointExtension>
            <ns3:hr>121</ns3:hr>
            <ns3:cad>93</ns3:cad>
          </ns3:TrackPointExtension>
        </extensions>
      </trkpt>
      <trkpt lat="30.60973338782787322998046875" lon="114.41473773680627346038818359375">
        <ele>25</ele>
        <time>2026-05-13T20:35:40.000Z</time>
        <extensions>
          <ns3:TrackPointExtension>
            <ns3:hr>121</ns3:hr>
            <ns3:cad>93</ns3:cad>
          </ns3:TrackPointExtension>
        </extensions>
      </trkpt>
      <trkpt lat="30.6097063980996608734130859375" lon="114.41474326886236667633056640625">
        <ele>25</ele>
        <time>2026-05-13T20:35:41.000Z</time>
        <extensions>
          <ns3:TrackPointExtension>
            <ns3:hr>122</ns3:hr>
            <ns3:cad>93</ns3:cad>
          </ns3:TrackPointExtension>
        </extensions>
      </trkpt>
      <trkpt lat="30.609688125550746917724609375" lon="114.41475416533648967742919921875">
        <ele>25</ele>
        <time>2026-05-13T20:35:42.000Z</time>
        <extensions>
          <ns3:TrackPointExtension>
            <ns3:hr>122</ns3:hr>
            <ns3:cad>93</ns3:cad>
          </ns3:TrackPointExtension>
        </extensions>
      </trkpt>
      <trkpt lat="30.6096608005464076995849609375" lon="114.414761960506439208984375">
        <ele>25</ele>
        <time>2026-05-13T20:35:43.000Z</time>
        <extensions>
          <ns3:TrackPointExtension>
            <ns3:hr>122</ns3:hr>
            <ns3:cad>93</ns3:cad>
          </ns3:TrackPointExtension>
        </extensions>
      </trkpt>
      <trkpt lat="30.60964085161685943603515625" lon="114.41477344371378421783447265625">
        <ele>25</ele>
        <time>2026-05-13T20:35:44.000Z</time>
        <extensions>
          <ns3:TrackPointExtension>
            <ns3:hr>123</ns3:hr>
            <ns3:cad>93</ns3:cad>
          </ns3:TrackPointExtension>
        </extensions>
      </trkpt>
      <trkpt lat="30.609613023698329925537109375" lon="114.4147835858166217803955078125">
        <ele>25</ele>
        <time>2026-05-13T20:35:45.000Z</time>
        <extensions>
          <ns3:TrackPointExtension>
            <ns3:hr>123</ns3:hr>
            <ns3:cad>93</ns3:cad>
          </ns3:TrackPointExtension>
        </extensions>
      </trkpt>
      <trkpt lat="30.609597265720367431640625" lon="114.4147963263094425201416015625">
        <ele>25</ele>
        <time>2026-05-13T20:35:46.000Z</time>
        <extensions>
          <ns3:TrackPointExtension>
            <ns3:hr>123</ns3:hr>
            <ns3:cad>93</ns3:cad>
          </ns3:TrackPointExtension>
        </extensions>
      </trkpt>
      <trkpt lat="30.609573461115360260009765625" lon="114.4147966615855693817138671875">
        <ele>24.799999237060546875</ele>
        <time>2026-05-13T20:35:47.000Z</time>
        <extensions>
          <ns3:TrackPointExtension>
            <ns3:hr>124</ns3:hr>
            <ns3:cad>93</ns3:cad>
          </ns3:TrackPointExtension>
        </extensions>
      </trkpt>
      <trkpt lat="30.609554685652256011962890625" lon="114.41480160690844058990478515625">
        <ele>24.799999237060546875</ele>
        <time>2026-05-13T20:35:48.000Z</time>
        <extensions>
          <ns3:TrackPointExtension>
            <ns3:hr>124</ns3:hr>
            <ns3:cad>93</ns3:cad>
          </ns3:TrackPointExtension>
        </extensions>
      </trkpt>
      <trkpt lat="30.60952878557145595550537109375" lon="114.4148030318319797515869140625">
        <ele>24.799999237060546875</ele>
        <time>2026-05-13T20:35:49.000Z</time>
        <extensions>
          <ns3:TrackPointExtension>
            <ns3:hr>124</ns3:hr>
            <ns3:cad>92</ns3:cad>
          </ns3:TrackPointExtension>
        </extensions>
      </trkpt>
      <trkpt lat="30.6095069088041782379150390625" lon="114.4148100726306438446044921875">
        <ele>24.799999237060546875</ele>
        <time>2026-05-13T20:35:50.000Z</time>
        <extensions>
          <ns3:TrackPointExtension>
            <ns3:hr>124</ns3:hr>
            <ns3:cad>92</ns3:cad>
          </ns3:TrackPointExtension>
        </extensions>
      </trkpt>
      <trkpt lat="30.60948184691369533538818359375" lon="114.41481233574450016021728515625">
        <ele>24.799999237060546875</ele>
        <time>2026-05-13T20:35:51.000Z</time>
        <extensions>
          <ns3:TrackPointExtension>
            <ns3:hr>123</ns3:hr>
            <ns3:cad>92</ns3:cad>
          </ns3:TrackPointExtension>
        </extensions>
      </trkpt>
      <trkpt lat="30.609456114470958709716796875" lon="114.4148228131234645843505859375">
        <ele>24.799999237060546875</ele>
        <time>2026-05-13T20:35:52.000Z</time>
        <extensions>
          <ns3:TrackPointExtension>
            <ns3:hr>124</ns3:hr>
            <ns3:cad>92</ns3:cad>
          </ns3:TrackPointExtension>
        </extensions>
      </trkpt>
      <trkpt lat="30.60943490825593471527099609375" lon="114.414830021560192108154296875">
        <ele>24.799999237060546875</ele>
        <time>2026-05-13T20:35:53.000Z</time>
        <extensions>
          <ns3:TrackPointExtension>
            <ns3:hr>124</ns3:hr>
            <ns3:cad>92</ns3:cad>
          </ns3:TrackPointExtension>
        </extensions>
      </trkpt>
      <trkpt lat="30.6094096787273883819580078125" lon="114.41483907401561737060546875">
        <ele>24.799999237060546875</ele>
        <time>2026-05-13T20:35:54.000Z</time>
        <extensions>
          <ns3:TrackPointExtension>
            <ns3:hr>123</ns3:hr>
            <ns3:cad>92</ns3:cad>
          </ns3:TrackPointExtension>
        </extensions>
      </trkpt>
      <trkpt lat="30.6093865446746349334716796875" lon="114.41484770737588405609130859375">
        <ele>24.799999237060546875</ele>
        <time>2026-05-13T20:35:55.000Z</time>
        <extensions>
          <ns3:TrackPointExtension>
            <ns3:hr>124</ns3:hr>
            <ns3:cad>92</ns3:cad>
          </ns3:TrackPointExtension>
        </extensions>
      </trkpt>
      <trkpt lat="30.60936165042221546173095703125" lon="114.4148544967174530029296875">
        <ele>24.799999237060546875</ele>
        <time>2026-05-13T20:35:56.000Z</time>
        <extensions>
          <ns3:TrackPointExtension>
            <ns3:hr>124</ns3:hr>
            <ns3:cad>92</ns3:cad>
          </ns3:TrackPointExtension>
        </extensions>
      </trkpt>
      <trkpt lat="30.60933968983590602874755859375" lon="114.4148643873631954193115234375">
        <ele>24.799999237060546875</ele>
        <time>2026-05-13T20:35:57.000Z</time>
        <extensions>
          <ns3:TrackPointExtension>
            <ns3:hr>124</ns3:hr>
            <ns3:cad>92</ns3:cad>
          </ns3:TrackPointExtension>
        </extensions>
      </trkpt>
      <trkpt lat="30.6093121133744716644287109375" lon="114.414874278008937835693359375">
        <ele>24.799999237060546875</ele>
        <time>2026-05-13T20:35:58.000Z</time>
        <extensions>
          <ns3:TrackPointExtension>
            <ns3:hr>125</ns3:hr>
            <ns3:cad>92</ns3:cad>
          </ns3:TrackPointExtension>
        </extensions>
      </trkpt>
      <trkpt lat="30.609292499721050262451171875" lon="114.414883665740489959716796875">
        <ele>24.799999237060546875</ele>
        <time>2026-05-13T20:35:59.000Z</time>
        <extensions>
          <ns3:TrackPointExtension>
            <ns3:hr>125</ns3:hr>
            <ns3:cad>92</ns3:cad>
          </ns3:TrackPointExtension>
        </extensions>
      </trkpt>
      <trkpt lat="30.60926291160285472869873046875" lon="114.41489112563431262969970703125">
        <ele>24.799999237060546875</ele>
        <time>2026-05-13T20:36:00.000Z</time>
        <extensions>
          <ns3:TrackPointExtension>
            <ns3:hr>125</ns3:hr>
            <ns3:cad>92</ns3:cad>
          </ns3:TrackPointExtension>
        </extensions>
      </trkpt>
      <trkpt lat="30.609246902167797088623046875" lon="114.41490353085100650787353515625">
        <ele>24.6000003814697265625</ele>
        <time>2026-05-13T20:36:01.000Z</time>
        <extensions>
          <ns3:TrackPointExtension>
            <ns3:hr>125</ns3:hr>
            <ns3:cad>92</ns3:cad>
          </ns3:TrackPointExtension>
        </extensions>
      </trkpt>
      <trkpt lat="30.60922242701053619384765625" lon="114.41491073928773403167724609375">
        <ele>24.6000003814697265625</ele>
        <time>2026-05-13T20:36:02.000Z</time>
        <extensions>
          <ns3:TrackPointExtension>
            <ns3:hr>125</ns3:hr>
            <ns3:cad>92</ns3:cad>
          </ns3:TrackPointExtension>
        </extensions>
      </trkpt>
      <trkpt lat="30.60920490883290767669677734375" lon="114.41491811536252498626708984375">
        <ele>24.6000003814697265625</ele>
        <time>2026-05-13T20:36:03.000Z</time>
        <extensions>
          <ns3:TrackPointExtension>
            <ns3:hr>125</ns3:hr>
            <ns3:cad>92</ns3:cad>
          </ns3:TrackPointExtension>
        </extensions>
      </trkpt>
      <trkpt lat="30.60917506925761699676513671875" lon="114.414928592741489410400390625">
        <ele>24.799999237060546875</ele>
        <time>2026-05-13T20:36:04.000Z</time>
        <extensions>
          <ns3:TrackPointExtension>
            <ns3:hr>125</ns3:hr>
            <ns3:cad>92</ns3:cad>
          </ns3:TrackPointExtension>
        </extensions>
      </trkpt>
      <trkpt lat="30.6091548688709735870361328125" lon="114.4149401597678661346435546875">
        <ele>24.799999237060546875</ele>
        <time>2026-05-13T20:36:05.000Z</time>
        <extensions>
          <ns3:TrackPointExtension>
            <ns3:hr>125</ns3:hr>
            <ns3:cad>92</ns3:cad>
          </ns3:TrackPointExtension>
        </extensions>
      </trkpt>
      <trkpt lat="30.6091233529150485992431640625" lon="114.4149398244917392730712890625">
        <ele>24.799999237060546875</ele>
        <time>2026-05-13T20:36:06.000Z</time>
        <extensions>
          <ns3:TrackPointExtension>
            <ns3:hr>125</ns3:hr>
            <ns3:cad>92</ns3:cad>
          </ns3:TrackPointExtension>
        </extensions>
      </trkpt>
      <trkpt lat="30.6091010570526123046875" lon="114.41494929604232311248779296875">
        <ele>24.799999237060546875</ele>
        <time>2026-05-13T20:36:07.000Z</time>
        <extensions>
          <ns3:TrackPointExtension>
            <ns3:hr>126</ns3:hr>
            <ns3:cad>92</ns3:cad>
          </ns3:TrackPointExtension>
        </extensions>
      </trkpt>
      <trkpt lat="30.60906962491571903228759765625" lon="114.41495281644165515899658203125">
        <ele>24.6000003814697265625</ele>
        <time>2026-05-13T20:36:08.000Z</time>
        <extensions>
          <ns3:TrackPointExtension>
            <ns3:hr>126</ns3:hr>
            <ns3:cad>92</ns3:cad>
          </ns3:TrackPointExtension>
        </extensions>
      </trkpt>
      <trkpt lat="30.60904531739652156829833984375" lon="114.41496086306869983673095703125">
        <ele>24.6000003814697265625</ele>
        <time>2026-05-13T20:36:09.000Z</time>
        <extensions>
          <ns3:TrackPointExtension>
            <ns3:hr>126</ns3:hr>
            <ns3:cad>92</ns3:cad>
          </ns3:TrackPointExtension>
        </extensions>
      </trkpt>
      <trkpt lat="30.609018914401531219482421875" lon="114.414960443973541259765625">
        <ele>24.6000003814697265625</ele>
        <time>2026-05-13T20:36:10.000Z</time>
        <extensions>
          <ns3:TrackPointExtension>
            <ns3:hr>126</ns3:hr>
            <ns3:cad>92</ns3:cad>
          </ns3:TrackPointExtension>
        </extensions>
      </trkpt>
      <trkpt lat="30.60899251140654087066650390625" lon="114.4149713404476642608642578125">
        <ele>24.6000003814697265625</ele>
        <time>2026-05-13T20:36:11.000Z</time>
        <extensions>
          <ns3:TrackPointExtension>
            <ns3:hr>126</ns3:hr>
            <ns3:cad>92</ns3:cad>
          </ns3:TrackPointExtension>
        </extensions>
      </trkpt>
      <trkpt lat="30.60896493494510650634765625" lon="114.4149763695895671844482421875">
        <ele>24.6000003814697265625</ele>
        <time>2026-05-13T20:36:12.000Z</time>
        <extensions>
          <ns3:TrackPointExtension>
            <ns3:hr>126</ns3:hr>
            <ns3:cad>92</ns3:cad>
          </ns3:TrackPointExtension>
        </extensions>
      </trkpt>
      <trkpt lat="30.6089406274259090423583984375" lon="114.4149884395301342010498046875">
        <ele>24.6000003814697265625</ele>
        <time>2026-05-13T20:36:13.000Z</time>
        <extensions>
          <ns3:TrackPointExtension>
            <ns3:hr>126</ns3:hr>
            <ns3:cad>92</ns3:cad>
          </ns3:TrackPointExtension>
        </extensions>
      </trkpt>
      <trkpt lat="30.60891707427799701690673828125" lon="114.41499992273747920989990234375">
        <ele>24.6000003814697265625</ele>
        <time>2026-05-13T20:36:14.000Z</time>
        <extensions>
          <ns3:TrackPointExtension>
            <ns3:hr>125</ns3:hr>
            <ns3:cad>92</ns3:cad>
          </ns3:TrackPointExtension>
        </extensions>
      </trkpt>
      <trkpt lat="30.60888891108334064483642578125" lon="114.4150159321725368499755859375">
        <ele>24.6000003814697265625</ele>
        <time>2026-05-13T20:36:15.000Z</time>
        <extensions>
          <ns3:TrackPointExtension>
            <ns3:hr>124</ns3:hr>
            <ns3:cad>92</ns3:cad>
          </ns3:TrackPointExtension>
        </extensions>
      </trkpt>
      <trkpt lat="30.60886745341122150421142578125" lon="114.41503345035016536712646484375">
        <ele>24.6000003814697265625</ele>
        <time>2026-05-13T20:36:16.000Z</time>
        <extensions>
          <ns3:TrackPointExtension>
            <ns3:hr>124</ns3:hr>
            <ns3:cad>92</ns3:cad>
          </ns3:TrackPointExtension>
        </extensions>
      </trkpt>
      <trkpt lat="30.6088422238826751708984375" lon="114.41505021415650844573974609375">
        <ele>24.6000003814697265625</ele>
        <time>2026-05-13T20:36:17.000Z</time>
        <extensions>
          <ns3:TrackPointExtension>
            <ns3:hr>123</ns3:hr>
            <ns3:cad>92</ns3:cad>
          </ns3:TrackPointExtension>
        </extensions>
      </trkpt>
      <trkpt lat="30.60882135294377803802490234375" lon="114.4150655530393123626708984375">
        <ele>24.6000003814697265625</ele>
        <time>2026-05-13T20:36:18.000Z</time>
        <extensions>
          <ns3:TrackPointExtension>
            <ns3:hr>122</ns3:hr>
            <ns3:cad>92</ns3:cad>
          </ns3:TrackPointExtension>
        </extensions>
      </trkpt>
      <trkpt lat="30.6087944470345973968505859375" lon="114.41507519222795963287353515625">
        <ele>24.3999996185302734375</ele>
        <time>2026-05-13T20:36:19.000Z</time>
        <extensions>
          <ns3:TrackPointExtension>
            <ns3:hr>121</ns3:hr>
            <ns3:cad>92</ns3:cad>
          </ns3:TrackPointExtension>
        </extensions>
      </trkpt>
      <trkpt lat="30.6087756715714931488037109375" lon="114.4150890223681926727294921875">
        <ele>24.3999996185302734375</ele>
        <time>2026-05-13T20:36:20.000Z</time>
        <extensions>
          <ns3:TrackPointExtension>
            <ns3:hr>121</ns3:hr>
            <ns3:cad>92</ns3:cad>
          </ns3:TrackPointExtension>
        </extensions>
      </trkpt>
      <trkpt lat="30.60874792747199535369873046875" lon="114.415097571909427642822265625">
        <ele>24.6000003814697265625</ele>
        <time>2026-05-13T20:36:21.000Z</time>
        <extensions>
          <ns3:TrackPointExtension>
            <ns3:hr>120</ns3:hr>
            <ns3:cad>92</ns3:cad>
          </ns3:TrackPointExtension>
        </extensions>
      </trkpt>
      <trkpt lat="30.60873158276081085205078125" lon="114.415110647678375244140625">
        <ele>24.6000003814697265625</ele>
        <time>2026-05-13T20:36:22.000Z</time>
        <extensions>
          <ns3:TrackPointExtension>
            <ns3:hr>120</ns3:hr>
            <ns3:cad>92</ns3:cad>
          </ns3:TrackPointExtension>
        </extensions>
      </trkpt>
      <trkpt lat="30.60870283283293247222900390625" lon="114.41511240787804126739501953125">
        <ele>24.6000003814697265625</ele>
        <time>2026-05-13T20:36:23.000Z</time>
        <extensions>
          <ns3:TrackPointExtension>
            <ns3:hr>120</ns3:hr>
            <ns3:cad>92</ns3:cad>
          </ns3:TrackPointExtension>
        </extensions>
      </trkpt>
      <trkpt lat="30.60868640430271625518798828125" lon="114.415122382342815399169921875">
        <ele>24.6000003814697265625</ele>
        <time>2026-05-13T20:36:24.000Z</time>
        <extensions>
          <ns3:TrackPointExtension>
            <ns3:hr>121</ns3:hr>
            <ns3:cad>92</ns3:cad>
          </ns3:TrackPointExtension>
        </extensions>
      </trkpt>
      <trkpt lat="30.60866092331707477569580078125" lon="114.41512850113213062286376953125">
        <ele>24.6000003814697265625</ele>
        <time>2026-05-13T20:36:25.000Z</time>
        <extensions>
          <ns3:TrackPointExtension>
            <ns3:hr>121</ns3:hr>
            <ns3:cad>92</ns3:cad>
          </ns3:TrackPointExtension>
        </extensions>
      </trkpt>
      <trkpt lat="30.60863862745463848114013671875" lon="114.4151383079588413238525390625">
        <ele>24.6000003814697265625</ele>
        <time>2026-05-13T20:36:26.000Z</time>
        <extensions>
          <ns3:TrackPointExtension>
            <ns3:hr>121</ns3:hr>
            <ns3:cad>91</ns3:cad>
          </ns3:TrackPointExtension>
        </extensions>
      </trkpt>
      <trkpt lat="30.60861163772642612457275390625" lon="114.41513738594949245452880859375">
        <ele>24.6000003814697265625</ele>
        <time>2026-05-13T20:36:27.000Z</time>
        <extensions>
          <ns3:TrackPointExtension>
            <ns3:hr>122</ns3:hr>
            <ns3:cad>91</ns3:cad>
          </ns3:TrackPointExtension>
        </extensions>
      </trkpt>
      <trkpt lat="30.60859202407300472259521484375" lon="114.415150545537471771240234375">
        <ele>24.6000003814697265625</ele>
        <time>2026-05-13T20:36:28.000Z</time>
        <extensions>
          <ns3:TrackPointExtension>
            <ns3:hr>123</ns3:hr>
            <ns3:cad>91</ns3:cad>
          </ns3:TrackPointExtension>
        </extensions>
      </trkpt>
      <trkpt lat="30.60856151394546031951904296875" lon="114.41515616141259670257568359375">
        <ele>24.6000003814697265625</ele>
        <time>2026-05-13T20:36:29.000Z</time>
        <extensions>
          <ns3:TrackPointExtension>
            <ns3:hr>123</ns3:hr>
            <ns3:cad>92</ns3:cad>
          </ns3:TrackPointExtension>
        </extensions>
      </trkpt>
      <trkpt lat="30.60853871516883373260498046875" lon="114.41516655497252941131591796875">
        <ele>24.6000003814697265625</ele>
        <time>2026-05-13T20:36:30.000Z</time>
        <extensions>
          <ns3:TrackPointExtension>
            <ns3:hr>123</ns3:hr>
            <ns3:cad>92</ns3:cad>
          </ns3:TrackPointExtension>
        </extensions>
      </trkpt>
      <trkpt lat="30.60851239599287509918212890625" lon="114.41516739316284656524658203125">
        <ele>24.6000003814697265625</ele>
        <time>2026-05-13T20:36:31.000Z</time>
        <extensions>
          <ns3:TrackPointExtension>
            <ns3:hr>124</ns3:hr>
            <ns3:cad>92</ns3:cad>
          </ns3:TrackPointExtension>
        </extensions>
      </trkpt>
      <trkpt lat="30.6084869988262653350830078125" lon="114.4151755236089229583740234375">
        <ele>24.3999996185302734375</ele>
        <time>2026-05-13T20:36:32.000Z</time>
        <extensions>
          <ns3:TrackPointExtension>
            <ns3:hr>125</ns3:hr>
            <ns3:cad>92</ns3:cad>
          </ns3:TrackPointExtension>
        </extensions>
      </trkpt>
      <trkpt lat="30.6084608472883701324462890625" lon="114.4151765294373035430908203125">
        <ele>24.3999996185302734375</ele>
        <time>2026-05-13T20:36:33.000Z</time>
        <extensions>
          <ns3:TrackPointExtension>
            <ns3:hr>126</ns3:hr>
            <ns3:cad>92</ns3:cad>
          </ns3:TrackPointExtension>
        </extensions>
      </trkpt>
      <trkpt lat="30.60843528248369693756103515625" lon="114.4151870906352996826171875">
        <ele>24.3999996185302734375</ele>
        <time>2026-05-13T20:36:34.000Z</time>
        <extensions>
          <ns3:TrackPointExtension>
            <ns3:hr>126</ns3:hr>
            <ns3:cad>92</ns3:cad>
          </ns3:TrackPointExtension>
        </extensions>
      </trkpt>
      <trkpt lat="30.60841248370707035064697265625" lon="114.41519237123429775238037109375">
        <ele>24.6000003814697265625</ele>
        <time>2026-05-13T20:36:35.000Z</time>
        <extensions>
          <ns3:TrackPointExtension>
            <ns3:hr>126</ns3:hr>
            <ns3:cad>92</ns3:cad>
          </ns3:TrackPointExtension>
        </extensions>
      </trkpt>
      <trkpt lat="30.60838867910206317901611328125" lon="114.4152013398706912994384765625">
        <ele>24.3999996185302734375</ele>
        <time>2026-05-13T20:36:36.000Z</time>
        <extensions>
          <ns3:TrackPointExtension>
            <ns3:hr>127</ns3:hr>
            <ns3:cad>92</ns3:cad>
          </ns3:TrackPointExtension>
        </extensions>
      </trkpt>
      <trkpt lat="30.6083674728870391845703125" lon="114.41520980559289455413818359375">
        <ele>24.6000003814697265625</ele>
        <time>2026-05-13T20:36:37.000Z</time>
        <extensions>
          <ns3:TrackPointExtension>
            <ns3:hr>127</ns3:hr>
            <ns3:cad>92</ns3:cad>
          </ns3:TrackPointExtension>
        </extensions>
      </trkpt>
      <trkpt lat="30.60834341682493686676025390625" lon="114.4152194447815418243408203125">
        <ele>24.6000003814697265625</ele>
        <time>2026-05-13T20:36:38.000Z</time>
        <extensions>
          <ns3:TrackPointExtension>
            <ns3:hr>128</ns3:hr>
            <ns3:cad>92</ns3:cad>
          </ns3:TrackPointExtension>
        </extensions>
      </trkpt>
      <trkpt lat="30.6083240546286106109619140625" lon="114.41522791050374507904052734375">
        <ele>24.6000003814697265625</ele>
        <time>2026-05-13T20:36:39.000Z</time>
        <extensions>
          <ns3:TrackPointExtension>
            <ns3:hr>128</ns3:hr>
            <ns3:cad>92</ns3:cad>
          </ns3:TrackPointExtension>
        </extensions>
      </trkpt>
      <trkpt lat="30.60829547233879566192626953125" lon="114.4152353703975677490234375">
        <ele>24.6000003814697265625</ele>
        <time>2026-05-13T20:36:40.000Z</time>
        <extensions>
          <ns3:TrackPointExtension>
            <ns3:hr>129</ns3:hr>
            <ns3:cad>92</ns3:cad>
          </ns3:TrackPointExtension>
        </extensions>
      </trkpt>
      <trkpt lat="30.6082787923514842987060546875" lon="114.41524551250040531158447265625">
        <ele>24.6000003814697265625</ele>
        <time>2026-05-13T20:36:41.000Z</time>
        <extensions>
          <ns3:TrackPointExtension>
            <ns3:hr>129</ns3:hr>
            <ns3:cad>92</ns3:cad>
          </ns3:TrackPointExtension>
        </extensions>
      </trkpt>
      <trkpt lat="30.60825004242360591888427734375" lon="114.415254481136798858642578125">
        <ele>24.6000003814697265625</ele>
        <time>2026-05-13T20:36:42.000Z</time>
        <extensions>
          <ns3:TrackPointExtension>
            <ns3:hr>129</ns3:hr>
            <ns3:cad>92</ns3:cad>
          </ns3:TrackPointExtension>
        </extensions>
      </trkpt>
      <trkpt lat="30.60823042877018451690673828125" lon="114.41526311449706554412841796875">
        <ele>24.6000003814697265625</ele>
        <time>2026-05-13T20:36:43.000Z</time>
        <extensions>
          <ns3:TrackPointExtension>
            <ns3:hr>129</ns3:hr>
            <ns3:cad>92</ns3:cad>
          </ns3:TrackPointExtension>
        </extensions>
      </trkpt>
      <trkpt lat="30.608200170099735260009765625" lon="114.41526764072477817535400390625">
        <ele>24.6000003814697265625</ele>
        <time>2026-05-13T20:36:44.000Z</time>
        <extensions>
          <ns3:TrackPointExtension>
            <ns3:hr>129</ns3:hr>
            <ns3:cad>92</ns3:cad>
          </ns3:TrackPointExtension>
        </extensions>
      </trkpt>
      <trkpt lat="30.6081818975508213043212890625" lon="114.415277279913425445556640625">
        <ele>24.6000003814697265625</ele>
        <time>2026-05-13T20:36:45.000Z</time>
        <extensions>
          <ns3:TrackPointExtension>
            <ns3:hr>130</ns3:hr>
            <ns3:cad>92</ns3:cad>
          </ns3:TrackPointExtension>
        </extensions>
      </trkpt>
      <trkpt lat="30.60815088450908660888671875" lon="114.41527769900858402252197265625">
        <ele>24.6000003814697265625</ele>
        <time>2026-05-13T20:36:46.000Z</time>
        <extensions>
          <ns3:TrackPointExtension>
            <ns3:hr>130</ns3:hr>
            <ns3:cad>92</ns3:cad>
          </ns3:TrackPointExtension>
        </extensions>
      </trkpt>
      <trkpt lat="30.60813202522695064544677734375" lon="114.41528457216918468475341796875">
        <ele>24.6000003814697265625</ele>
        <time>2026-05-13T20:36:47.000Z</time>
        <extensions>
          <ns3:TrackPointExtension>
            <ns3:hr>130</ns3:hr>
            <ns3:cad>92</ns3:cad>
          </ns3:TrackPointExtension>
        </extensions>
      </trkpt>
      <trkpt lat="30.6081021018326282501220703125" lon="114.41528423689305782318115234375">
        <ele>24.6000003814697265625</ele>
        <time>2026-05-13T20:36:48.000Z</time>
        <extensions>
          <ns3:TrackPointExtension>
            <ns3:hr>130</ns3:hr>
            <ns3:cad>92</ns3:cad>
          </ns3:TrackPointExtension>
        </extensions>
      </trkpt>
      <trkpt lat="30.60808290727436542510986328125" lon="114.41529295407235622406005859375">
        <ele>24.6000003814697265625</ele>
        <time>2026-05-13T20:36:49.000Z</time>
        <extensions>
          <ns3:TrackPointExtension>
            <ns3:hr>131</ns3:hr>
            <ns3:cad>92</ns3:cad>
          </ns3:TrackPointExtension>
        </extensions>
      </trkpt>
      <trkpt lat="30.60805566608905792236328125" lon="114.41529111005365848541259765625">
        <ele>24.6000003814697265625</ele>
        <time>2026-05-13T20:36:50.000Z</time>
        <extensions>
          <ns3:TrackPointExtension>
            <ns3:hr>131</ns3:hr>
            <ns3:cad>92</ns3:cad>
          </ns3:TrackPointExtension>
        </extensions>
      </trkpt>
      <trkpt lat="30.60803596861660480499267578125" lon="114.41529915668070316314697265625">
        <ele>24.799999237060546875</ele>
        <time>2026-05-13T20:36:51.000Z</time>
        <extensions>
          <ns3:TrackPointExtension>
            <ns3:hr>131</ns3:hr>
            <ns3:cad>92</ns3:cad>
          </ns3:TrackPointExtension>
        </extensions>
      </trkpt>
      <trkpt lat="30.608011074364185333251953125" lon="114.4153051078319549560546875">
        <ele>24.6000003814697265625</ele>
        <time>2026-05-13T20:36:52.000Z</time>
        <extensions>
          <ns3:TrackPointExtension>
            <ns3:hr>131</ns3:hr>
            <ns3:cad>92</ns3:cad>
          </ns3:TrackPointExtension>
        </extensions>
      </trkpt>
      <trkpt lat="30.6079928018152713775634765625" lon="114.41531608812510967254638671875">
        <ele>24.799999237060546875</ele>
        <time>2026-05-13T20:36:53.000Z</time>
        <extensions>
          <ns3:TrackPointExtension>
            <ns3:hr>132</ns3:hr>
            <ns3:cad>92</ns3:cad>
          </ns3:TrackPointExtension>
        </extensions>
      </trkpt>
      <trkpt lat="30.60796908102929592132568359375" lon="114.41532178781926631927490234375">
        <ele>24.799999237060546875</ele>
        <time>2026-05-13T20:36:54.000Z</time>
        <extensions>
          <ns3:TrackPointExtension>
            <ns3:hr>132</ns3:hr>
            <ns3:cad>92</ns3:cad>
          </ns3:TrackPointExtension>
        </extensions>
      </trkpt>
      <trkpt lat="30.60794561170041561126708984375" lon="114.4153347797691822052001953125">
        <ele>24.6000003814697265625</ele>
        <time>2026-05-13T20:36:55.000Z</time>
        <extensions>
          <ns3:TrackPointExtension>
            <ns3:hr>132</ns3:hr>
            <ns3:cad>92</ns3:cad>
          </ns3:TrackPointExtension>
        </extensions>
      </trkpt>
      <trkpt lat="30.6079222261905670166015625" lon="114.41533972509205341339111328125">
        <ele>24.799999237060546875</ele>
        <time>2026-05-13T20:36:56.000Z</time>
        <extensions>
          <ns3:TrackPointExtension>
            <ns3:hr>133</ns3:hr>
            <ns3:cad>92</ns3:cad>
          </ns3:TrackPointExtension>
        </extensions>
      </trkpt>
      <trkpt lat="30.60789498500525951385498046875" lon="114.415349029004573822021484375">
        <ele>24.799999237060546875</ele>
        <time>2026-05-13T20:36:57.000Z</time>
        <extensions>
          <ns3:TrackPointExtension>
            <ns3:hr>133</ns3:hr>
            <ns3:cad>92</ns3:cad>
          </ns3:TrackPointExtension>
        </extensions>
      </trkpt>
      <trkpt lat="30.60786967165768146514892578125" lon="114.4153579138219356536865234375">
        <ele>24.799999237060546875</ele>
        <time>2026-05-13T20:36:58.000Z</time>
        <extensions>
          <ns3:TrackPointExtension>
            <ns3:hr>133</ns3:hr>
            <ns3:cad>92</ns3:cad>
          </ns3:TrackPointExtension>
        </extensions>
      </trkpt>
      <trkpt lat="30.60783832333981990814208984375" lon="114.4153693132102489471435546875">
        <ele>24.799999237060546875</ele>
        <time>2026-05-13T20:36:59.000Z</time>
        <extensions>
          <ns3:TrackPointExtension>
            <ns3:hr>133</ns3:hr>
            <ns3:cad>92</ns3:cad>
          </ns3:TrackPointExtension>
        </extensions>
      </trkpt>
      <trkpt lat="30.6078177876770496368408203125" lon="114.41537953913211822509765625">
        <ele>24.799999237060546875</ele>
        <time>2026-05-13T20:37:00.000Z</time>
        <extensions>
          <ns3:TrackPointExtension>
            <ns3:hr>134</ns3:hr>
            <ns3:cad>91</ns3:cad>
          </ns3:TrackPointExtension>
        </extensions>
      </trkpt>
      <trkpt lat="30.6077879481017589569091796875" lon="114.41538683138787746429443359375">
        <ele>24.799999237060546875</ele>
        <time>2026-05-13T20:37:01.000Z</time>
        <extensions>
          <ns3:TrackPointExtension>
            <ns3:hr>134</ns3:hr>
            <ns3:cad>91</ns3:cad>
          </ns3:TrackPointExtension>
        </extensions>
      </trkpt>
      <trkpt lat="30.6077674962580204010009765625" lon="114.4154001586139202117919921875">
        <ele>24.799999237060546875</ele>
        <time>2026-05-13T20:37:02.000Z</time>
        <extensions>
          <ns3:TrackPointExtension>
            <ns3:hr>134</ns3:hr>
            <ns3:cad>91</ns3:cad>
          </ns3:TrackPointExtension>
        </extensions>
      </trkpt>
      <trkpt lat="30.60773648321628570556640625" lon="114.4154055230319499969482421875">
        <ele>24.799999237060546875</ele>
        <time>2026-05-13T20:37:03.000Z</time>
        <extensions>
          <ns3:TrackPointExtension>
            <ns3:hr>133</ns3:hr>
            <ns3:cad>94</ns3:cad>
          </ns3:TrackPointExtension>
        </extensions>
      </trkpt>
      <trkpt lat="30.607716031372547149658203125" lon="114.4154202751815319061279296875">
        <ele>24.799999237060546875</ele>
        <time>2026-05-13T20:37:04.000Z</time>
        <extensions>
          <ns3:TrackPointExtension>
            <ns3:hr>134</ns3:hr>
            <ns3:cad>94</ns3:cad>
          </ns3:TrackPointExtension>
        </extensions>
      </trkpt>
      <trkpt lat="30.60768409632146358489990234375" lon="114.4154236279428005218505859375">
        <ele>24.799999237060546875</ele>
        <time>2026-05-13T20:37:05.000Z</time>
        <extensions>
          <ns3:TrackPointExtension>
            <ns3:hr>134</ns3:hr>
            <ns3:cad>94</ns3:cad>
          </ns3:TrackPointExtension>
        </extensions>
      </trkpt>
      <trkpt lat="30.6076632253825664520263671875" lon="114.41543092019855976104736328125">
        <ele>24.799999237060546875</ele>
        <time>2026-05-13T20:37:06.000Z</time>
        <extensions>
          <ns3:TrackPointExtension>
            <ns3:hr>134</ns3:hr>
            <ns3:cad>93</ns3:cad>
          </ns3:TrackPointExtension>
        </extensions>
      </trkpt>
      <trkpt lat="30.60763279907405376434326171875" lon="114.41543075256049633026123046875">
        <ele>24.799999237060546875</ele>
        <time>2026-05-13T20:37:07.000Z</time>
        <extensions>
          <ns3:TrackPointExtension>
            <ns3:hr>133</ns3:hr>
            <ns3:cad>93</ns3:cad>
          </ns3:TrackPointExtension>
        </extensions>
      </trkpt>
      <trkpt lat="30.6076089106500148773193359375" lon="114.41544064320623874664306640625">
        <ele>24.799999237060546875</ele>
        <time>2026-05-13T20:37:08.000Z</time>
        <extensions>
          <ns3:TrackPointExtension>
            <ns3:hr>134</ns3:hr>
            <ns3:cad>93</ns3:cad>
          </ns3:TrackPointExtension>
        </extensions>
      </trkpt>
      <trkpt lat="30.607581250369548797607421875" lon="114.4154445827007293701171875">
        <ele>24.799999237060546875</ele>
        <time>2026-05-13T20:37:09.000Z</time>
        <extensions>
          <ns3:TrackPointExtension>
            <ns3:hr>134</ns3:hr>
            <ns3:cad>93</ns3:cad>
          </ns3:TrackPointExtension>
        </extensions>
      </trkpt>
      <trkpt lat="30.60755970887839794158935546875" lon="114.4154548086225986480712890625">
        <ele>25</ele>
        <time>2026-05-13T20:37:10.000Z</time>
        <extensions>
          <ns3:TrackPointExtension>
            <ns3:hr>134</ns3:hr>
            <ns3:cad>93</ns3:cad>
          </ns3:TrackPointExtension>
        </extensions>
      </trkpt>
      <trkpt lat="30.6075341440737247467041015625" lon="114.41546310670673847198486328125">
        <ele>25</ele>
        <time>2026-05-13T20:37:11.000Z</time>
        <extensions>
          <ns3:TrackPointExtension>
            <ns3:hr>134</ns3:hr>
            <ns3:cad>92</ns3:cad>
          </ns3:TrackPointExtension>
        </extensions>
      </trkpt>
      <trkpt lat="30.60750757344067096710205078125" lon="114.41547635011374950408935546875">
        <ele>24.799999237060546875</ele>
        <time>2026-05-13T20:37:12.000Z</time>
        <extensions>
          <ns3:TrackPointExtension>
            <ns3:hr>134</ns3:hr>
            <ns3:cad>92</ns3:cad>
          </ns3:TrackPointExtension>
        </extensions>
      </trkpt>
      <trkpt lat="30.60748569667339324951171875" lon="114.41548774950206279754638671875">
        <ele>24.799999237060546875</ele>
        <time>2026-05-13T20:37:13.000Z</time>
        <extensions>
          <ns3:TrackPointExtension>
            <ns3:hr>134</ns3:hr>
            <ns3:cad>92</ns3:cad>
          </ns3:TrackPointExtension>
        </extensions>
      </trkpt>
      <trkpt lat="30.607457868754863739013671875" lon="114.41550015471875667572021484375">
        <ele>24.799999237060546875</ele>
        <time>2026-05-13T20:37:14.000Z</time>
        <extensions>
          <ns3:TrackPointExtension>
            <ns3:hr>134</ns3:hr>
            <ns3:cad>92</ns3:cad>
          </ns3:TrackPointExtension>
        </extensions>
      </trkpt>
      <trkpt lat="30.60743867419660091400146484375" lon="114.415513314306735992431640625">
        <ele>24.799999237060546875</ele>
        <time>2026-05-13T20:37:15.000Z</time>
        <extensions>
          <ns3:TrackPointExtension>
            <ns3:hr>134</ns3:hr>
            <ns3:cad>92</ns3:cad>
          </ns3:TrackPointExtension>
        </extensions>
      </trkpt>
      <trkpt lat="30.6074099242687225341796875" lon="114.41551976837217807769775390625">
        <ele>24.799999237060546875</ele>
        <time>2026-05-13T20:37:16.000Z</time>
        <extensions>
          <ns3:TrackPointExtension>
            <ns3:hr>133</ns3:hr>
            <ns3:cad>93</ns3:cad>
          </ns3:TrackPointExtension>
        </extensions>
      </trkpt>
      <trkpt lat="30.60738855041563510894775390625" lon="114.41553644835948944091796875">
        <ele>24.799999237060546875</ele>
        <time>2026-05-13T20:37:17.000Z</time>
        <extensions>
          <ns3:TrackPointExtension>
            <ns3:hr>133</ns3:hr>
            <ns3:cad>93</ns3:cad>
          </ns3:TrackPointExtension>
        </extensions>
      </trkpt>
      <trkpt lat="30.60735820792615413665771484375" lon="114.41554591991007328033447265625">
        <ele>24.799999237060546875</ele>
        <time>2026-05-13T20:37:18.000Z</time>
        <extensions>
          <ns3:TrackPointExtension>
            <ns3:hr>132</ns3:hr>
            <ns3:cad>93</ns3:cad>
          </ns3:TrackPointExtension>
        </extensions>
      </trkpt>
      <trkpt lat="30.6073343195021152496337890625" lon="114.41555388271808624267578125">
        <ele>25</ele>
        <time>2026-05-13T20:37:19.000Z</time>
        <extensions>
          <ns3:TrackPointExtension>
            <ns3:hr>132</ns3:hr>
            <ns3:cad>92</ns3:cad>
          </ns3:TrackPointExtension>
        </extensions>
      </trkpt>
      <trkpt lat="30.60730196535587310791015625" lon="114.4155641086399555206298828125">
        <ele>25</ele>
        <time>2026-05-13T20:37:20.000Z</time>
        <extensions>
          <ns3:TrackPointExtension>
            <ns3:hr>132</ns3:hr>
            <ns3:cad>92</ns3:cad>
          </ns3:TrackPointExtension>
        </extensions>
      </trkpt>
      <trkpt lat="30.60727958567440509796142578125" lon="114.41557508893311023712158203125">
        <ele>25</ele>
        <time>2026-05-13T20:37:21.000Z</time>
        <extensions>
          <ns3:TrackPointExtension>
            <ns3:hr>132</ns3:hr>
            <ns3:cad>92</ns3:cad>
          </ns3:TrackPointExtension>
        </extensions>
      </trkpt>
      <trkpt lat="30.607253015041351318359375" lon="114.41558095626533031463623046875">
        <ele>25</ele>
        <time>2026-05-13T20:37:22.000Z</time>
        <extensions>
          <ns3:TrackPointExtension>
            <ns3:hr>132</ns3:hr>
            <ns3:cad>92</ns3:cad>
          </ns3:TrackPointExtension>
        </extensions>
      </trkpt>
      <trkpt lat="30.60723633505403995513916015625" lon="114.41558917053043842315673828125">
        <ele>25</ele>
        <time>2026-05-13T20:37:23.000Z</time>
        <extensions>
          <ns3:TrackPointExtension>
            <ns3:hr>132</ns3:hr>
            <ns3:cad>92</ns3:cad>
          </ns3:TrackPointExtension>
        </extensions>
      </trkpt>
      <trkpt lat="30.607213117182254791259765625" lon="114.41559051163494586944580078125">
        <ele>25</ele>
        <time>2026-05-13T20:37:24.000Z</time>
        <extensions>
          <ns3:TrackPointExtension>
            <ns3:hr>132</ns3:hr>
            <ns3:cad>92</ns3:cad>
          </ns3:TrackPointExtension>
        </extensions>
      </trkpt>
      <trkpt lat="30.6071992032229900360107421875" lon="114.41560023464262485504150390625">
        <ele>25</ele>
        <time>2026-05-13T20:37:25.000Z</time>
        <extensions>
          <ns3:TrackPointExtension>
            <ns3:hr>132</ns3:hr>
            <ns3:cad>92</ns3:cad>
          </ns3:TrackPointExtension>
        </extensions>
      </trkpt>
      <trkpt lat="30.607178919017314910888671875" lon="114.41560216248035430908203125">
        <ele>25</ele>
        <time>2026-05-13T20:37:26.000Z</time>
        <extensions>
          <ns3:TrackPointExtension>
            <ns3:hr>133</ns3:hr>
            <ns3:cad>92</ns3:cad>
          </ns3:TrackPointExtension>
        </extensions>
      </trkpt>
      <trkpt lat="30.60716374777257442474365234375" lon="114.41560828126966953277587890625">
        <ele>25</ele>
        <time>2026-05-13T20:37:27.000Z</time>
        <extensions>
          <ns3:TrackPointExtension>
            <ns3:hr>132</ns3:hr>
            <ns3:cad>92</ns3:cad>
          </ns3:TrackPointExtension>
        </extensions>
      </trkpt>
      <trkpt lat="30.60714371502399444580078125" lon="114.41560618579387664794921875">
        <ele>25</ele>
        <time>2026-05-13T20:37:28.000Z</time>
        <extensions>
          <ns3:TrackPointExtension>
            <ns3:hr>133</ns3:hr>
            <ns3:cad>92</ns3:cad>
          </ns3:TrackPointExtension>
        </extensions>
      </trkpt>
      <trkpt lat="30.60712552629411220550537109375" lon="114.41560945473611354827880859375">
        <ele>25</ele>
        <time>2026-05-13T20:37:29.000Z</time>
        <extensions>
          <ns3:TrackPointExtension>
            <ns3:hr>133</ns3:hr>
            <ns3:cad>92</ns3:cad>
          </ns3:TrackPointExtension>
        </extensions>
      </trkpt>
      <trkpt lat="30.607108175754547119140625" lon="114.415620602667331695556640625">
        <ele>25</ele>
        <time>2026-05-13T20:37:30.000Z</time>
        <extensions>
          <ns3:TrackPointExtension>
            <ns3:hr>133</ns3:hr>
            <ns3:cad>92</ns3:cad>
          </ns3:TrackPointExtension>
        </extensions>
      </trkpt>
      <trkpt lat="30.6070825271308422088623046875" lon="114.41562806256115436553955078125">
        <ele>25</ele>
        <time>2026-05-13T20:37:31.000Z</time>
        <extensions>
          <ns3:TrackPointExtension>
            <ns3:hr>134</ns3:hr>
            <ns3:cad>92</ns3:cad>
          </ns3:TrackPointExtension>
        </extensions>
      </trkpt>
      <trkpt lat="30.60706014744937419891357421875" lon="114.4156375341117382049560546875">
        <ele>25</ele>
        <time>2026-05-13T20:37:32.000Z</time>
        <extensions>
          <ns3:TrackPointExtension>
            <ns3:hr>134</ns3:hr>
            <ns3:cad>92</ns3:cad>
          </ns3:TrackPointExtension>
        </extensions>
      </trkpt>
      <trkpt lat="30.6070369295775890350341796875" lon="114.415642060339450836181640625">
        <ele>24.799999237060546875</ele>
        <time>2026-05-13T20:37:33.000Z</time>
        <extensions>
          <ns3:TrackPointExtension>
            <ns3:hr>134</ns3:hr>
            <ns3:cad>92</ns3:cad>
          </ns3:TrackPointExtension>
        </extensions>
      </trkpt>
      <trkpt lat="30.6070104427635669708251953125" lon="114.41565052606165409088134765625">
        <ele>24.799999237060546875</ele>
        <time>2026-05-13T20:37:34.000Z</time>
        <extensions>
          <ns3:TrackPointExtension>
            <ns3:hr>134</ns3:hr>
            <ns3:cad>92</ns3:cad>
          </ns3:TrackPointExtension>
        </extensions>
      </trkpt>
      <trkpt lat="30.60697733424603939056396484375" lon="114.4156643562018871307373046875">
        <ele>24.799999237060546875</ele>
        <time>2026-05-13T20:37:35.000Z</time>
        <extensions>
          <ns3:TrackPointExtension>
            <ns3:hr>134</ns3:hr>
            <ns3:cad>92</ns3:cad>
          </ns3:TrackPointExtension>
        </extensions>
      </trkpt>
      <trkpt lat="30.60695336200296878814697265625" lon="114.4156717322766780853271484375">
        <ele>24.799999237060546875</ele>
        <time>2026-05-13T20:37:36.000Z</time>
        <extensions>
          <ns3:TrackPointExtension>
            <ns3:hr>135</ns3:hr>
            <ns3:cad>92</ns3:cad>
          </ns3:TrackPointExtension>
        </extensions>
      </trkpt>
      <trkpt lat="30.60692511498928070068359375" lon="114.4156859815120697021484375">
        <ele>25</ele>
        <time>2026-05-13T20:37:37.000Z</time>
        <extensions>
          <ns3:TrackPointExtension>
            <ns3:hr>136</ns3:hr>
            <ns3:cad>92</ns3:cad>
          </ns3:TrackPointExtension>
        </extensions>
      </trkpt>
      <trkpt lat="30.60689695179462432861328125" lon="114.4156962074339389801025390625">
        <ele>25</ele>
        <time>2026-05-13T20:37:38.000Z</time>
        <extensions>
          <ns3:TrackPointExtension>
            <ns3:hr>136</ns3:hr>
            <ns3:cad>92</ns3:cad>
          </ns3:TrackPointExtension>
        </extensions>
      </trkpt>
      <trkpt lat="30.60686484910547733306884765625" lon="114.41570735536515712738037109375">
        <ele>25</ele>
        <time>2026-05-13T20:37:39.000Z</time>
        <extensions>
          <ns3:TrackPointExtension>
            <ns3:hr>136</ns3:hr>
            <ns3:cad>92</ns3:cad>
          </ns3:TrackPointExtension>
        </extensions>
      </trkpt>
      <trkpt lat="30.60684070922434329986572265625" lon="114.41571624018251895904541015625">
        <ele>25</ele>
        <time>2026-05-13T20:37:40.000Z</time>
        <extensions>
          <ns3:TrackPointExtension>
            <ns3:hr>136</ns3:hr>
            <ns3:cad>92</ns3:cad>
          </ns3:TrackPointExtension>
        </extensions>
      </trkpt>
      <trkpt lat="30.6068099476397037506103515625" lon="114.4157213531434535980224609375">
        <ele>25</ele>
        <time>2026-05-13T20:37:41.000Z</time>
        <extensions>
          <ns3:TrackPointExtension>
            <ns3:hr>136</ns3:hr>
            <ns3:cad>92</ns3:cad>
          </ns3:TrackPointExtension>
        </extensions>
      </trkpt>
      <trkpt lat="30.6067884899675846099853515625" lon="114.41573468036949634552001953125">
        <ele>25</ele>
        <time>2026-05-13T20:37:42.000Z</time>
        <extensions>
          <ns3:TrackPointExtension>
            <ns3:hr>135</ns3:hr>
            <ns3:cad>92</ns3:cad>
          </ns3:TrackPointExtension>
        </extensions>
      </trkpt>
      <trkpt lat="30.60675638727843761444091796875" lon="114.41574038006365299224853515625">
        <ele>25</ele>
        <time>2026-05-13T20:37:43.000Z</time>
        <extensions>
          <ns3:TrackPointExtension>
            <ns3:hr>135</ns3:hr>
            <ns3:cad>92</ns3:cad>
          </ns3:TrackPointExtension>
        </extensions>
      </trkpt>
      <trkpt lat="30.60673442669212818145751953125" lon="114.4157505221664905548095703125">
        <ele>25</ele>
        <time>2026-05-13T20:37:44.000Z</time>
        <extensions>
          <ns3:TrackPointExtension>
            <ns3:hr>135</ns3:hr>
            <ns3:cad>91</ns3:cad>
          </ns3:TrackPointExtension>
        </extensions>
      </trkpt>
      <trkpt lat="30.60670576058328151702880859375" lon="114.41575546748936176300048828125">
        <ele>25</ele>
        <time>2026-05-13T20:37:45.000Z</time>
        <extensions>
          <ns3:TrackPointExtension>
            <ns3:hr>134</ns3:hr>
            <ns3:cad>92</ns3:cad>
          </ns3:TrackPointExtension>
        </extensions>
      </trkpt>
      <trkpt lat="30.60668631456792354583740234375" lon="114.4157656095921993255615234375">
        <ele>25</ele>
        <time>2026-05-13T20:37:46.000Z</time>
        <extensions>
          <ns3:TrackPointExtension>
            <ns3:hr>134</ns3:hr>
            <ns3:cad>92</ns3:cad>
          </ns3:TrackPointExtension>
        </extensions>
      </trkpt>
      <trkpt lat="30.6066597439348697662353515625" lon="114.41576980054378509521484375">
        <ele>25</ele>
        <time>2026-05-13T20:37:47.000Z</time>
        <extensions>
          <ns3:TrackPointExtension>
            <ns3:hr>134</ns3:hr>
            <ns3:cad>92</ns3:cad>
          </ns3:TrackPointExtension>
        </extensions>
      </trkpt>
      <trkpt lat="30.60663803480565547943115234375" lon="114.41577977500855922698974609375">
        <ele>25</ele>
        <time>2026-05-13T20:37:48.000Z</time>
        <extensions>
          <ns3:TrackPointExtension>
            <ns3:hr>134</ns3:hr>
            <ns3:cad>92</ns3:cad>
          </ns3:TrackPointExtension>
        </extensions>
      </trkpt>
      <trkpt lat="30.60661531984806060791015625" lon="114.41578329540789127349853515625">
        <ele>25</ele>
        <time>2026-05-13T20:37:49.000Z</time>
        <extensions>
          <ns3:TrackPointExtension>
            <ns3:hr>133</ns3:hr>
            <ns3:cad>92</ns3:cad>
          </ns3:TrackPointExtension>
        </extensions>
      </trkpt>
      <trkpt lat="30.60659277252852916717529296875" lon="114.41579352132976055145263671875">
        <ele>25</ele>
        <time>2026-05-13T20:37:50.000Z</time>
        <extensions>
          <ns3:TrackPointExtension>
            <ns3:hr>134</ns3:hr>
            <ns3:cad>92</ns3:cad>
          </ns3:TrackPointExtension>
        </extensions>
      </trkpt>
      <trkpt lat="30.60657064430415630340576171875" lon="114.4157986342906951904296875">
        <ele>25</ele>
        <time>2026-05-13T20:37:51.000Z</time>
        <extensions>
          <ns3:TrackPointExtension>
            <ns3:hr>134</ns3:hr>
            <ns3:cad>92</ns3:cad>
          </ns3:TrackPointExtension>
        </extensions>
      </trkpt>
      <trkpt lat="30.60654424130916595458984375" lon="114.41580810584127902984619140625">
        <ele>25</ele>
        <time>2026-05-13T20:37:52.000Z</time>
        <extensions>
          <ns3:TrackPointExtension>
            <ns3:hr>133</ns3:hr>
            <ns3:cad>92</ns3:cad>
          </ns3:TrackPointExtension>
        </extensions>
      </trkpt>
      <trkpt lat="30.60652504675090312957763671875" lon="114.41581866703927516937255859375">
        <ele>25</ele>
        <time>2026-05-13T20:37:53.000Z</time>
        <extensions>
          <ns3:TrackPointExtension>
            <ns3:hr>133</ns3:hr>
            <ns3:cad>92</ns3:cad>
          </ns3:TrackPointExtension>
        </extensions>
      </trkpt>
      <trkpt lat="30.60649554245173931121826171875" lon="114.41582872532308101654052734375">
        <ele>25</ele>
        <time>2026-05-13T20:37:54.000Z</time>
        <extensions>
          <ns3:TrackPointExtension>
            <ns3:hr>133</ns3:hr>
            <ns3:cad>92</ns3:cad>
          </ns3:TrackPointExtension>
        </extensions>
      </trkpt>
      <trkpt lat="30.60647475533187389373779296875" lon="114.4158376939594745635986328125">
        <ele>25</ele>
        <time>2026-05-13T20:37:55.000Z</time>
        <extensions>
          <ns3:TrackPointExtension>
            <ns3:hr>132</ns3:hr>
            <ns3:cad>92</ns3:cad>
          </ns3:TrackPointExtension>
        </extensions>
      </trkpt>
      <trkpt lat="30.60644307173788547515869140625" lon="114.41585521213710308074951171875">
        <ele>25</ele>
        <time>2026-05-13T20:37:56.000Z</time>
        <extensions>
          <ns3:TrackPointExtension>
            <ns3:hr>132</ns3:hr>
            <ns3:cad>92</ns3:cad>
          </ns3:TrackPointExtension>
        </extensions>
      </trkpt>
      <trkpt lat="30.60641993768513202667236328125" lon="114.4158641807734966278076171875">
        <ele>25</ele>
        <time>2026-05-13T20:37:57.000Z</time>
        <extensions>
          <ns3:TrackPointExtension>
            <ns3:hr>132</ns3:hr>
            <ns3:cad>92</ns3:cad>
          </ns3:TrackPointExtension>
        </extensions>
      </trkpt>
      <trkpt lat="30.606385655701160430908203125" lon="114.41587214358150959014892578125">
        <ele>25</ele>
        <time>2026-05-13T20:37:58.000Z</time>
        <extensions>
          <ns3:TrackPointExtension>
            <ns3:hr>132</ns3:hr>
            <ns3:cad>92</ns3:cad>
          </ns3:TrackPointExtension>
        </extensions>
      </trkpt>
      <trkpt lat="30.60636545531451702117919921875" lon="114.4158842973411083221435546875">
        <ele>25.200000762939453125</ele>
        <time>2026-05-13T20:37:59.000Z</time>
        <extensions>
          <ns3:TrackPointExtension>
            <ns3:hr>132</ns3:hr>
            <ns3:cad>92</ns3:cad>
          </ns3:TrackPointExtension>
        </extensions>
      </trkpt>
      <trkpt lat="30.60633310116827487945556640625" lon="114.4158896617591381072998046875">
        <ele>25.200000762939453125</ele>
        <time>2026-05-13T20:38:00.000Z</time>
        <extensions>
          <ns3:TrackPointExtension>
            <ns3:hr>131</ns3:hr>
            <ns3:cad>92</ns3:cad>
          </ns3:TrackPointExtension>
        </extensions>
      </trkpt>
      <trkpt lat="30.6063157506287097930908203125" lon="114.41590030677616596221923828125">
        <ele>25.200000762939453125</ele>
        <time>2026-05-13T20:38:01.000Z</time>
        <extensions>
          <ns3:TrackPointExtension>
            <ns3:hr>131</ns3:hr>
            <ns3:cad>92</ns3:cad>
          </ns3:TrackPointExtension>
        </extensions>
      </trkpt>
      <trkpt lat="30.606287755072116851806640625" lon="114.41590466536581516265869140625">
        <ele>25.200000762939453125</ele>
        <time>2026-05-13T20:38:02.000Z</time>
        <extensions>
          <ns3:TrackPointExtension>
            <ns3:hr>131</ns3:hr>
            <ns3:cad>92</ns3:cad>
          </ns3:TrackPointExtension>
        </extensions>
      </trkpt>
      <trkpt lat="30.606266297399997711181640625" lon="114.4159114547073841094970703125">
        <ele>25.200000762939453125</ele>
        <time>2026-05-13T20:38:03.000Z</time>
        <extensions>
          <ns3:TrackPointExtension>
            <ns3:hr>131</ns3:hr>
            <ns3:cad>92</ns3:cad>
          </ns3:TrackPointExtension>
        </extensions>
      </trkpt>
      <trkpt lat="30.6062372960150241851806640625" lon="114.4159101136028766632080078125">
        <ele>25.200000762939453125</ele>
        <time>2026-05-13T20:38:04.000Z</time>
        <extensions>
          <ns3:TrackPointExtension>
            <ns3:hr>131</ns3:hr>
            <ns3:cad>92</ns3:cad>
          </ns3:TrackPointExtension>
        </extensions>
      </trkpt>
      <trkpt lat="30.6062175147235393524169921875" lon="114.41592243500053882598876953125">
        <ele>25.200000762939453125</ele>
        <time>2026-05-13T20:38:05.000Z</time>
        <extensions>
          <ns3:TrackPointExtension>
            <ns3:hr>131</ns3:hr>
            <ns3:cad>92</ns3:cad>
          </ns3:TrackPointExtension>
        </extensions>
      </trkpt>
      <trkpt lat="30.60618616640567779541015625" lon="114.41593282856047153472900390625">
        <ele>25.200000762939453125</ele>
        <time>2026-05-13T20:38:06.000Z</time>
        <extensions>
          <ns3:TrackPointExtension>
            <ns3:hr>131</ns3:hr>
            <ns3:cad>92</ns3:cad>
          </ns3:TrackPointExtension>
        </extensions>
      </trkpt>
      <trkpt lat="30.6061585061252117156982421875" lon="114.41594355739653110504150390625">
        <ele>25.200000762939453125</ele>
        <time>2026-05-13T20:38:07.000Z</time>
        <extensions>
          <ns3:TrackPointExtension>
            <ns3:hr>131</ns3:hr>
            <ns3:cad>92</ns3:cad>
          </ns3:TrackPointExtension>
        </extensions>
      </trkpt>
      <trkpt lat="30.6061357073485851287841796875" lon="114.41594976000487804412841796875">
        <ele>25.200000762939453125</ele>
        <time>2026-05-13T20:38:08.000Z</time>
        <extensions>
          <ns3:TrackPointExtension>
            <ns3:hr>131</ns3:hr>
            <ns3:cad>92</ns3:cad>
          </ns3:TrackPointExtension>
        </extensions>
      </trkpt>
      <trkpt lat="30.60610947199165821075439453125" lon="114.415959902107715606689453125">
        <ele>25</ele>
        <time>2026-05-13T20:38:09.000Z</time>
        <extensions>
          <ns3:TrackPointExtension>
            <ns3:hr>130</ns3:hr>
            <ns3:cad>92</ns3:cad>
          </ns3:TrackPointExtension>
        </extensions>
      </trkpt>
      <trkpt lat="30.60608558356761932373046875" lon="114.41597021184861660003662109375">
        <ele>25</ele>
        <time>2026-05-13T20:38:10.000Z</time>
        <extensions>
          <ns3:TrackPointExtension>
            <ns3:hr>130</ns3:hr>
            <ns3:cad>92</ns3:cad>
          </ns3:TrackPointExtension>
        </extensions>
      </trkpt>
      <trkpt lat="30.6060555763542652130126953125" lon="114.4159795157611370086669921875">
        <ele>25</ele>
        <time>2026-05-13T20:38:11.000Z</time>
        <extensions>
          <ns3:TrackPointExtension>
            <ns3:hr>130</ns3:hr>
            <ns3:cad>92</ns3:cad>
          </ns3:TrackPointExtension>
        </extensions>
      </trkpt>
      <trkpt lat="30.60603504069149494171142578125" lon="114.41599183715879917144775390625">
        <ele>25</ele>
        <time>2026-05-13T20:38:12.000Z</time>
        <extensions>
          <ns3:TrackPointExtension>
            <ns3:hr>131</ns3:hr>
            <ns3:cad>93</ns3:cad>
          </ns3:TrackPointExtension>
        </extensions>
      </trkpt>
      <trkpt lat="30.60600511729717254638671875" lon="114.41599837504327297210693359375">
        <ele>25</ele>
        <time>2026-05-13T20:38:13.000Z</time>
        <extensions>
          <ns3:TrackPointExtension>
            <ns3:hr>130</ns3:hr>
            <ns3:cad>93</ns3:cad>
          </ns3:TrackPointExtension>
        </extensions>
      </trkpt>
      <trkpt lat="30.605988688766956329345703125" lon="114.41601044498383998870849609375">
        <ele>25</ele>
        <time>2026-05-13T20:38:14.000Z</time>
        <extensions>
          <ns3:TrackPointExtension>
            <ns3:hr>130</ns3:hr>
            <ns3:cad>93</ns3:cad>
          </ns3:TrackPointExtension>
        </extensions>
      </trkpt>
      <trkpt lat="30.60595951974391937255859375" lon="114.41601614467799663543701171875">
        <ele>25</ele>
        <time>2026-05-13T20:38:15.000Z</time>
        <extensions>
          <ns3:TrackPointExtension>
            <ns3:hr>131</ns3:hr>
            <ns3:cad>92</ns3:cad>
          </ns3:TrackPointExtension>
        </extensions>
      </trkpt>
      <trkpt lat="30.60594116337597370147705078125" lon="114.416027963161468505859375">
        <ele>25</ele>
        <time>2026-05-13T20:38:16.000Z</time>
        <extensions>
          <ns3:TrackPointExtension>
            <ns3:hr>130</ns3:hr>
            <ns3:cad>92</ns3:cad>
          </ns3:TrackPointExtension>
        </extensions>
      </trkpt>
      <trkpt lat="30.60590914450585842132568359375" lon="114.41603156737983226776123046875">
        <ele>25</ele>
        <time>2026-05-13T20:38:17.000Z</time>
        <extensions>
          <ns3:TrackPointExtension>
            <ns3:hr>129</ns3:hr>
            <ns3:cad>93</ns3:cad>
          </ns3:TrackPointExtension>
        </extensions>
      </trkpt>
      <trkpt lat="30.60588768683373928070068359375" lon="114.41603978164494037628173828125">
        <ele>25</ele>
        <time>2026-05-13T20:38:18.000Z</time>
        <extensions>
          <ns3:TrackPointExtension>
            <ns3:hr>129</ns3:hr>
            <ns3:cad>93</ns3:cad>
          </ns3:TrackPointExtension>
        </extensions>
      </trkpt>
      <trkpt lat="30.60585918836295604705810546875" lon="114.416045732796192169189453125">
        <ele>25</ele>
        <time>2026-05-13T20:38:19.000Z</time>
        <extensions>
          <ns3:TrackPointExtension>
            <ns3:hr>128</ns3:hr>
            <ns3:cad>93</ns3:cad>
          </ns3:TrackPointExtension>
        </extensions>
      </trkpt>
      <trkpt lat="30.60583437792956829071044921875" lon="114.4160566292703151702880859375">
        <ele>25</ele>
        <time>2026-05-13T20:38:20.000Z</time>
        <extensions>
          <ns3:TrackPointExtension>
            <ns3:hr>128</ns3:hr>
            <ns3:cad>93</ns3:cad>
          </ns3:TrackPointExtension>
        </extensions>
      </trkpt>
      <trkpt lat="30.60580856166779994964599609375" lon="114.4160641729831695556640625">
        <ele>24.799999237060546875</ele>
        <time>2026-05-13T20:38:21.000Z</time>
        <extensions>
          <ns3:TrackPointExtension>
            <ns3:hr>128</ns3:hr>
            <ns3:cad>93</ns3:cad>
          </ns3:TrackPointExtension>
        </extensions>
      </trkpt>
      <trkpt lat="30.6057860143482685089111328125" lon="114.41607599146664142608642578125">
        <ele>24.799999237060546875</ele>
        <time>2026-05-13T20:38:22.000Z</time>
        <extensions>
          <ns3:TrackPointExtension>
            <ns3:hr>128</ns3:hr>
            <ns3:cad>93</ns3:cad>
          </ns3:TrackPointExtension>
        </extensions>
      </trkpt>
      <trkpt lat="30.6057598628103733062744140625" lon="114.41608822904527187347412109375">
        <ele>24.799999237060546875</ele>
        <time>2026-05-13T20:38:23.000Z</time>
        <extensions>
          <ns3:TrackPointExtension>
            <ns3:hr>127</ns3:hr>
            <ns3:cad>93</ns3:cad>
          </ns3:TrackPointExtension>
        </extensions>
      </trkpt>
      <trkpt lat="30.60573664493858814239501953125" lon="114.4160990417003631591796875">
        <ele>24.799999237060546875</ele>
        <time>2026-05-13T20:38:24.000Z</time>
        <extensions>
          <ns3:TrackPointExtension>
            <ns3:hr>128</ns3:hr>
            <ns3:cad>93</ns3:cad>
          </ns3:TrackPointExtension>
        </extensions>
      </trkpt>
      <trkpt lat="30.60571200214326381683349609375" lon="114.416108094155788421630859375">
        <ele>24.799999237060546875</ele>
        <time>2026-05-13T20:38:25.000Z</time>
        <extensions>
          <ns3:TrackPointExtension>
            <ns3:hr>128</ns3:hr>
            <ns3:cad>93</ns3:cad>
          </ns3:TrackPointExtension>
        </extensions>
      </trkpt>
      <trkpt lat="30.6056879460811614990234375" lon="114.4161183200776576995849609375">
        <ele>24.799999237060546875</ele>
        <time>2026-05-13T20:38:26.000Z</time>
        <extensions>
          <ns3:TrackPointExtension>
            <ns3:hr>128</ns3:hr>
            <ns3:cad>93</ns3:cad>
          </ns3:TrackPointExtension>
        </extensions>
      </trkpt>
      <trkpt lat="30.60566154308617115020751953125" lon="114.4161285459995269775390625">
        <ele>24.799999237060546875</ele>
        <time>2026-05-13T20:38:27.000Z</time>
        <extensions>
          <ns3:TrackPointExtension>
            <ns3:hr>128</ns3:hr>
            <ns3:cad>93</ns3:cad>
          </ns3:TrackPointExtension>
        </extensions>
      </trkpt>
      <trkpt lat="30.60563505627214908599853515625" lon="114.4161419570446014404296875">
        <ele>24.799999237060546875</ele>
        <time>2026-05-13T20:38:28.000Z</time>
        <extensions>
          <ns3:TrackPointExtension>
            <ns3:hr>129</ns3:hr>
            <ns3:cad>92</ns3:cad>
          </ns3:TrackPointExtension>
        </extensions>
      </trkpt>
      <trkpt lat="30.6056106649339199066162109375" lon="114.4161555357277393341064453125">
        <ele>24.6000003814697265625</ele>
        <time>2026-05-13T20:38:29.000Z</time>
        <extensions>
          <ns3:TrackPointExtension>
            <ns3:hr>129</ns3:hr>
            <ns3:cad>92</ns3:cad>
          </ns3:TrackPointExtension>
        </extensions>
      </trkpt>
      <trkpt lat="30.6055794842541217803955078125" lon="114.41616299562156200408935546875">
        <ele>24.6000003814697265625</ele>
        <time>2026-05-13T20:38:30.000Z</time>
        <extensions>
          <ns3:TrackPointExtension>
            <ns3:hr>129</ns3:hr>
            <ns3:cad>92</ns3:cad>
          </ns3:TrackPointExtension>
        </extensions>
      </trkpt>
      <trkpt lat="30.6055592000484466552734375" lon="114.4161786697804927825927734375">
        <ele>24.6000003814697265625</ele>
        <time>2026-05-13T20:38:31.000Z</time>
        <extensions>
          <ns3:TrackPointExtension>
            <ns3:hr>130</ns3:hr>
            <ns3:cad>92</ns3:cad>
          </ns3:TrackPointExtension>
        </extensions>
      </trkpt>
      <trkpt lat="30.6055265106260776519775390625" lon="114.4161810167133808135986328125">
        <ele>24.6000003814697265625</ele>
        <time>2026-05-13T20:38:32.000Z</time>
        <extensions>
          <ns3:TrackPointExtension>
            <ns3:hr>131</ns3:hr>
            <ns3:cad>93</ns3:cad>
          </ns3:TrackPointExtension>
        </extensions>
      </trkpt>
      <trkpt lat="30.60550631023943424224853515625" lon="114.41619132645428180694580078125">
        <ele>24.6000003814697265625</ele>
        <time>2026-05-13T20:38:33.000Z</time>
        <extensions>
          <ns3:TrackPointExtension>
            <ns3:hr>131</ns3:hr>
            <ns3:cad>92</ns3:cad>
          </ns3:TrackPointExtension>
        </extensions>
      </trkpt>
      <trkpt lat="30.60548049397766590118408203125" lon="114.41619887016713619232177734375">
        <ele>24.6000003814697265625</ele>
        <time>2026-05-13T20:38:34.000Z</time>
        <extensions>
          <ns3:TrackPointExtension>
            <ns3:hr>131</ns3:hr>
            <ns3:cad>92</ns3:cad>
          </ns3:TrackPointExtension>
        </extensions>
      </trkpt>
      <trkpt lat="30.6054577790200710296630859375" lon="114.41621303558349609375">
        <ele>24.6000003814697265625</ele>
        <time>2026-05-13T20:38:35.000Z</time>
        <extensions>
          <ns3:TrackPointExtension>
            <ns3:hr>131</ns3:hr>
            <ns3:cad>92</ns3:cad>
          </ns3:TrackPointExtension>
        </extensions>
      </trkpt>
      <trkpt lat="30.60542919673025608062744140625" lon="114.41621462814509868621826171875">
        <ele>24.6000003814697265625</ele>
        <time>2026-05-13T20:38:36.000Z</time>
        <extensions>
          <ns3:TrackPointExtension>
            <ns3:hr>132</ns3:hr>
            <ns3:cad>93</ns3:cad>
          </ns3:TrackPointExtension>
        </extensions>
      </trkpt>
      <trkpt lat="30.6054051406681537628173828125" lon="114.41622619517147541046142578125">
        <ele>24.6000003814697265625</ele>
        <time>2026-05-13T20:38:37.000Z</time>
        <extensions>
          <ns3:TrackPointExtension>
            <ns3:hr>132</ns3:hr>
            <ns3:cad>94</ns3:cad>
          </ns3:TrackPointExtension>
        </extensions>
      </trkpt>
      <trkpt lat="30.60538141988217830657958984375" lon="114.4162303023040294647216796875">
        <ele>24.6000003814697265625</ele>
        <time>2026-05-13T20:38:38.000Z</time>
        <extensions>
          <ns3:TrackPointExtension>
            <ns3:hr>132</ns3:hr>
            <ns3:cad>93</ns3:cad>
          </ns3:TrackPointExtension>
        </extensions>
      </trkpt>
      <trkpt lat="30.6053555198013782501220703125" lon="114.4162376783788204193115234375">
        <ele>24.6000003814697265625</ele>
        <time>2026-05-13T20:38:39.000Z</time>
        <extensions>
          <ns3:TrackPointExtension>
            <ns3:hr>132</ns3:hr>
            <ns3:cad>93</ns3:cad>
          </ns3:TrackPointExtension>
        </extensions>
      </trkpt>
      <trkpt lat="30.6053347326815128326416015625" lon="114.41624882631003856658935546875">
        <ele>24.6000003814697265625</ele>
        <time>2026-05-13T20:38:40.000Z</time>
        <extensions>
          <ns3:TrackPointExtension>
            <ns3:hr>132</ns3:hr>
            <ns3:cad>93</ns3:cad>
          </ns3:TrackPointExtension>
        </extensions>
      </trkpt>
      <trkpt lat="30.60531570576131343841552734375" lon="114.4162571243941783905029296875">
        <ele>24.6000003814697265625</ele>
        <time>2026-05-13T20:38:41.000Z</time>
        <extensions>
          <ns3:TrackPointExtension>
            <ns3:hr>133</ns3:hr>
            <ns3:cad>93</ns3:cad>
          </ns3:TrackPointExtension>
        </extensions>
      </trkpt>
      <trkpt lat="30.60529340989887714385986328125" lon="114.4162648357450962066650390625">
        <ele>24.3999996185302734375</ele>
        <time>2026-05-13T20:38:42.000Z</time>
        <extensions>
          <ns3:TrackPointExtension>
            <ns3:hr>133</ns3:hr>
            <ns3:cad>93</ns3:cad>
          </ns3:TrackPointExtension>
        </extensions>
      </trkpt>
      <trkpt lat="30.60526541434228420257568359375" lon="114.41627263091504573822021484375">
        <ele>24.3999996185302734375</ele>
        <time>2026-05-13T20:38:43.000Z</time>
        <extensions>
          <ns3:TrackPointExtension>
            <ns3:hr>134</ns3:hr>
            <ns3:cad>93</ns3:cad>
          </ns3:TrackPointExtension>
        </extensions>
      </trkpt>
      <trkpt lat="30.60524563305079936981201171875" lon="114.41628344357013702392578125">
        <ele>24.3999996185302734375</ele>
        <time>2026-05-13T20:38:44.000Z</time>
        <extensions>
          <ns3:TrackPointExtension>
            <ns3:hr>135</ns3:hr>
            <ns3:cad>91</ns3:cad>
          </ns3:TrackPointExtension>
        </extensions>
      </trkpt>
      <trkpt lat="30.60521663166582584381103515625" lon="114.4162829406559467315673828125">
        <ele>24.200000762939453125</ele>
        <time>2026-05-13T20:38:45.000Z</time>
        <extensions>
          <ns3:TrackPointExtension>
            <ns3:hr>136</ns3:hr>
            <ns3:cad>91</ns3:cad>
          </ns3:TrackPointExtension>
        </extensions>
      </trkpt>
      <trkpt lat="30.60519165359437465667724609375" lon="114.416291825473308563232421875">
        <ele>24.200000762939453125</ele>
        <time>2026-05-13T20:38:46.000Z</time>
        <extensions>
          <ns3:TrackPointExtension>
            <ns3:hr>136</ns3:hr>
            <ns3:cad>91</ns3:cad>
          </ns3:TrackPointExtension>
        </extensions>
      </trkpt>
      <trkpt lat="30.605162568390369415283203125" lon="114.4162946753203868865966796875">
        <ele>24.200000762939453125</ele>
        <time>2026-05-13T20:38:47.000Z</time>
        <extensions>
          <ns3:TrackPointExtension>
            <ns3:hr>136</ns3:hr>
            <ns3:cad>91</ns3:cad>
          </ns3:TrackPointExtension>
        </extensions>
      </trkpt>
      <trkpt lat="30.6051412783563137054443359375" lon="114.41630934365093708038330078125">
        <ele>24.200000762939453125</ele>
        <time>2026-05-13T20:38:48.000Z</time>
        <extensions>
          <ns3:TrackPointExtension>
            <ns3:hr>136</ns3:hr>
            <ns3:cad>91</ns3:cad>
          </ns3:TrackPointExtension>
        </extensions>
      </trkpt>
      <trkpt lat="30.60511973686516284942626953125" lon="114.41631085239350795745849609375">
        <ele>24.200000762939453125</ele>
        <time>2026-05-13T20:38:49.000Z</time>
        <extensions>
          <ns3:TrackPointExtension>
            <ns3:hr>136</ns3:hr>
            <ns3:cad>93</ns3:cad>
          </ns3:TrackPointExtension>
        </extensions>
      </trkpt>
      <trkpt lat="30.60509392060339450836181640625" lon="114.41632795147597789764404296875">
        <ele>24.200000762939453125</ele>
        <time>2026-05-13T20:38:50.000Z</time>
        <extensions>
          <ns3:TrackPointExtension>
            <ns3:hr>136</ns3:hr>
            <ns3:cad>93</ns3:cad>
          </ns3:TrackPointExtension>
        </extensions>
      </trkpt>
      <trkpt lat="30.60506676323711872100830078125" lon="114.416336081922054290771484375">
        <ele>24.200000762939453125</ele>
        <time>2026-05-13T20:38:51.000Z</time>
        <extensions>
          <ns3:TrackPointExtension>
            <ns3:hr>136</ns3:hr>
            <ns3:cad>93</ns3:cad>
          </ns3:TrackPointExtension>
        </extensions>
      </trkpt>
      <trkpt lat="30.6050353311002254486083984375" lon="114.41634974442422389984130859375">
        <ele>24.200000762939453125</ele>
        <time>2026-05-13T20:38:52.000Z</time>
        <extensions>
          <ns3:TrackPointExtension>
            <ns3:hr>136</ns3:hr>
            <ns3:cad>93</ns3:cad>
          </ns3:TrackPointExtension>
        </extensions>
      </trkpt>
      <trkpt lat="30.605009682476520538330078125" lon="114.41636483184993267059326171875">
        <ele>24.200000762939453125</ele>
        <time>2026-05-13T20:38:53.000Z</time>
        <extensions>
          <ns3:TrackPointExtension>
            <ns3:hr>136</ns3:hr>
            <ns3:cad>93</ns3:cad>
          </ns3:TrackPointExtension>
        </extensions>
      </trkpt>
      <trkpt lat="30.6049779988825321197509765625" lon="114.41637706942856311798095703125">
        <ele>24.200000762939453125</ele>
        <time>2026-05-13T20:38:54.000Z</time>
        <extensions>
          <ns3:TrackPointExtension>
            <ns3:hr>136</ns3:hr>
            <ns3:cad>93</ns3:cad>
          </ns3:TrackPointExtension>
        </extensions>
      </trkpt>
      <trkpt lat="30.604952685534954071044921875" lon="114.41638779826462268829345703125">
        <ele>24.200000762939453125</ele>
        <time>2026-05-13T20:38:55.000Z</time>
        <extensions>
          <ns3:TrackPointExtension>
            <ns3:hr>136</ns3:hr>
            <ns3:cad>93</ns3:cad>
          </ns3:TrackPointExtension>
        </extensions>
      </trkpt>
      <trkpt lat="30.60492678545415401458740234375" lon="114.41639835946261882781982421875">
        <ele>24.200000762939453125</ele>
        <time>2026-05-13T20:38:56.000Z</time>
        <extensions>
          <ns3:TrackPointExtension>
            <ns3:hr>137</ns3:hr>
            <ns3:cad>93</ns3:cad>
          </ns3:TrackPointExtension>
        </extensions>
      </trkpt>
      <trkpt lat="30.60490465722978115081787109375" lon="114.416414201259613037109375">
        <ele>24.200000762939453125</ele>
        <time>2026-05-13T20:38:57.000Z</time>
        <extensions>
          <ns3:TrackPointExtension>
            <ns3:hr>136</ns3:hr>
            <ns3:cad>92</ns3:cad>
          </ns3:TrackPointExtension>
        </extensions>
      </trkpt>
      <trkpt lat="30.60487724840641021728515625" lon="114.4164224155247211456298828125">
        <ele>24.200000762939453125</ele>
        <time>2026-05-13T20:38:58.000Z</time>
        <extensions>
          <ns3:TrackPointExtension>
            <ns3:hr>136</ns3:hr>
            <ns3:cad>92</ns3:cad>
          </ns3:TrackPointExtension>
        </extensions>
      </trkpt>
      <trkpt lat="30.6048532761633396148681640625" lon="114.4164354912936687469482421875">
        <ele>24</ele>
        <time>2026-05-13T20:38:59.000Z</time>
        <extensions>
          <ns3:TrackPointExtension>
            <ns3:hr>137</ns3:hr>
            <ns3:cad>92</ns3:cad>
          </ns3:TrackPointExtension>
        </extensions>
      </trkpt>
      <trkpt lat="30.6048210896551609039306640625" lon="114.4164383411407470703125">
        <ele>24</ele>
        <time>2026-05-13T20:39:00.000Z</time>
        <extensions>
          <ns3:TrackPointExtension>
            <ns3:hr>137</ns3:hr>
            <ns3:cad>93</ns3:cad>
          </ns3:TrackPointExtension>
        </extensions>
      </trkpt>
      <trkpt lat="30.604796111583709716796875" lon="114.4164552725851535797119140625">
        <ele>24</ele>
        <time>2026-05-13T20:39:01.000Z</time>
        <extensions>
          <ns3:TrackPointExtension>
            <ns3:hr>137</ns3:hr>
            <ns3:cad>93</ns3:cad>
          </ns3:TrackPointExtension>
        </extensions>
      </trkpt>
      <trkpt lat="30.60476534999907016754150390625" lon="114.4164592958986759185791015625">
        <ele>24</ele>
        <time>2026-05-13T20:39:02.000Z</time>
        <extensions>
          <ns3:TrackPointExtension>
            <ns3:hr>137</ns3:hr>
            <ns3:cad>93</ns3:cad>
          </ns3:TrackPointExtension>
        </extensions>
      </trkpt>
      <trkpt lat="30.60473903082311153411865234375" lon="114.4164676778018474578857421875">
        <ele>24</ele>
        <time>2026-05-13T20:39:03.000Z</time>
        <extensions>
          <ns3:TrackPointExtension>
            <ns3:hr>136</ns3:hr>
            <ns3:cad>93</ns3:cad>
          </ns3:TrackPointExtension>
        </extensions>
      </trkpt>
      <trkpt lat="30.6047097779810428619384765625" lon="114.41647212021052837371826171875">
        <ele>24</ele>
        <time>2026-05-13T20:39:04.000Z</time>
        <extensions>
          <ns3:TrackPointExtension>
            <ns3:hr>137</ns3:hr>
            <ns3:cad>93</ns3:cad>
          </ns3:TrackPointExtension>
        </extensions>
      </trkpt>
      <trkpt lat="30.6046832911670207977294921875" lon="114.41648150794208049774169921875">
        <ele>24</ele>
        <time>2026-05-13T20:39:05.000Z</time>
        <extensions>
          <ns3:TrackPointExtension>
            <ns3:hr>137</ns3:hr>
            <ns3:cad>92</ns3:cad>
          </ns3:TrackPointExtension>
        </extensions>
      </trkpt>
      <trkpt lat="30.60465672053396701812744140625" lon="114.41647924482822418212890625">
        <ele>24</ele>
        <time>2026-05-13T20:39:06.000Z</time>
        <extensions>
          <ns3:TrackPointExtension>
            <ns3:hr>136</ns3:hr>
            <ns3:cad>92</ns3:cad>
          </ns3:TrackPointExtension>
        </extensions>
      </trkpt>
      <trkpt lat="30.60463056899607181549072265625" lon="114.41648402251303195953369140625">
        <ele>24.200000762939453125</ele>
        <time>2026-05-13T20:39:07.000Z</time>
        <extensions>
          <ns3:TrackPointExtension>
            <ns3:hr>137</ns3:hr>
            <ns3:cad>92</ns3:cad>
          </ns3:TrackPointExtension>
        </extensions>
      </trkpt>
      <trkpt lat="30.60460709966719150543212890625" lon="114.4164817593991756439208984375">
        <ele>24</ele>
        <time>2026-05-13T20:39:08.000Z</time>
        <extensions>
          <ns3:TrackPointExtension>
            <ns3:hr>137</ns3:hr>
            <ns3:cad>92</ns3:cad>
          </ns3:TrackPointExtension>
        </extensions>
      </trkpt>
      <trkpt lat="30.60457818210124969482421875" lon="114.4164794124662876129150390625">
        <ele>24</ele>
        <time>2026-05-13T20:39:09.000Z</time>
        <extensions>
          <ns3:TrackPointExtension>
            <ns3:hr>137</ns3:hr>
            <ns3:cad>92</ns3:cad>
          </ns3:TrackPointExtension>
        </extensions>
      </trkpt>
      <trkpt lat="30.6045532040297985076904296875" lon="114.41647714935243129730224609375">
        <ele>24</ele>
        <time>2026-05-13T20:39:10.000Z</time>
        <extensions>
          <ns3:TrackPointExtension>
            <ns3:hr>138</ns3:hr>
            <ns3:cad>92</ns3:cad>
          </ns3:TrackPointExtension>
        </extensions>
      </trkpt>
      <trkpt lat="30.604522526264190673828125" lon="114.416476897895336151123046875">
        <ele>24</ele>
        <time>2026-05-13T20:39:11.000Z</time>
        <extensions>
          <ns3:TrackPointExtension>
            <ns3:hr>138</ns3:hr>
            <ns3:cad>92</ns3:cad>
          </ns3:TrackPointExtension>
        </extensions>
      </trkpt>
      <trkpt lat="30.60449696145951747894287109375" lon="114.416476227343082427978515625">
        <ele>24</ele>
        <time>2026-05-13T20:39:12.000Z</time>
        <extensions>
          <ns3:TrackPointExtension>
            <ns3:hr>138</ns3:hr>
            <ns3:cad>92</ns3:cad>
          </ns3:TrackPointExtension>
        </extensions>
      </trkpt>
      <trkpt lat="30.60446611605584621429443359375" lon="114.41647916100919246673583984375">
        <ele>24</ele>
        <time>2026-05-13T20:39:13.000Z</time>
        <extensions>
          <ns3:TrackPointExtension>
            <ns3:hr>138</ns3:hr>
            <ns3:cad>92</ns3:cad>
          </ns3:TrackPointExtension>
        </extensions>
      </trkpt>
      <trkpt lat="30.6044425629079341888427734375" lon="114.41648318432271480560302734375">
        <ele>24</ele>
        <time>2026-05-13T20:39:14.000Z</time>
        <extensions>
          <ns3:TrackPointExtension>
            <ns3:hr>138</ns3:hr>
            <ns3:cad>92</ns3:cad>
          </ns3:TrackPointExtension>
        </extensions>
      </trkpt>
      <trkpt lat="30.60440844856202602386474609375" lon="114.416489303112030029296875">
        <ele>24</ele>
        <time>2026-05-13T20:39:15.000Z</time>
        <extensions>
          <ns3:TrackPointExtension>
            <ns3:hr>138</ns3:hr>
            <ns3:cad>92</ns3:cad>
          </ns3:TrackPointExtension>
        </extensions>
      </trkpt>
      <trkpt lat="30.60438715852797031402587890625" lon="114.4165001995861530303955078125">
        <ele>24</ele>
        <time>2026-05-13T20:39:16.000Z</time>
        <extensions>
          <ns3:TrackPointExtension>
            <ns3:hr>138</ns3:hr>
            <ns3:cad>92</ns3:cad>
          </ns3:TrackPointExtension>
        </extensions>
      </trkpt>
      <trkpt lat="30.60435564257204532623291015625" lon="114.41650564782321453094482421875">
        <ele>24</ele>
        <time>2026-05-13T20:39:17.000Z</time>
        <extensions>
          <ns3:TrackPointExtension>
            <ns3:hr>138</ns3:hr>
            <ns3:cad>92</ns3:cad>
          </ns3:TrackPointExtension>
        </extensions>
      </trkpt>
      <trkpt lat="30.6043366156518459320068359375" lon="114.416517131030559539794921875">
        <ele>24</ele>
        <time>2026-05-13T20:39:18.000Z</time>
        <extensions>
          <ns3:TrackPointExtension>
            <ns3:hr>138</ns3:hr>
            <ns3:cad>90</ns3:cad>
          </ns3:TrackPointExtension>
        </extensions>
      </trkpt>
      <trkpt lat="30.60430652461946010589599609375" lon="114.4165290333330631256103515625">
        <ele>24</ele>
        <time>2026-05-13T20:39:19.000Z</time>
        <extensions>
          <ns3:TrackPointExtension>
            <ns3:hr>138</ns3:hr>
            <ns3:cad>90</ns3:cad>
          </ns3:TrackPointExtension>
        </extensions>
      </trkpt>
      <trkpt lat="30.6042886711657047271728515625" lon="114.4165434502065181732177734375">
        <ele>24</ele>
        <time>2026-05-13T20:39:20.000Z</time>
        <extensions>
          <ns3:TrackPointExtension>
            <ns3:hr>138</ns3:hr>
            <ns3:cad>90</ns3:cad>
          </ns3:TrackPointExtension>
        </extensions>
      </trkpt>
      <trkpt lat="30.6042618490755558013916015625" lon="114.41655811853706836700439453125">
        <ele>23.799999237060546875</ele>
        <time>2026-05-13T20:39:21.000Z</time>
        <extensions>
          <ns3:TrackPointExtension>
            <ns3:hr>138</ns3:hr>
            <ns3:cad>90</ns3:cad>
          </ns3:TrackPointExtension>
        </extensions>
      </trkpt>
      <trkpt lat="30.60423729009926319122314453125" lon="114.41656884737312793731689453125">
        <ele>23.799999237060546875</ele>
        <time>2026-05-13T20:39:22.000Z</time>
        <extensions>
          <ns3:TrackPointExtension>
            <ns3:hr>137</ns3:hr>
            <ns3:cad>89</ns3:cad>
          </ns3:TrackPointExtension>
        </extensions>
      </trkpt>
      <trkpt lat="30.60420342721045017242431640625" lon="114.41657320596277713775634765625">
        <ele>23.799999237060546875</ele>
        <time>2026-05-13T20:39:23.000Z</time>
        <extensions>
          <ns3:TrackPointExtension>
            <ns3:hr>137</ns3:hr>
            <ns3:cad>89</ns3:cad>
          </ns3:TrackPointExtension>
        </extensions>
      </trkpt>
      <trkpt lat="30.6041793711483478546142578125" lon="114.41657270304858684539794921875">
        <ele>23.6000003814697265625</ele>
        <time>2026-05-13T20:39:24.000Z</time>
        <extensions>
          <ns3:TrackPointExtension>
            <ns3:hr>136</ns3:hr>
            <ns3:cad>90</ns3:cad>
          </ns3:TrackPointExtension>
        </extensions>
      </trkpt>
      <trkpt lat="30.604152046144008636474609375" lon="114.416553676128387451171875">
        <ele>23.6000003814697265625</ele>
        <time>2026-05-13T20:39:25.000Z</time>
        <extensions>
          <ns3:TrackPointExtension>
            <ns3:hr>136</ns3:hr>
            <ns3:cad>89</ns3:cad>
          </ns3:TrackPointExtension>
        </extensions>
      </trkpt>
      <trkpt lat="30.604133941233158111572265625" lon="114.4165276922285556793212890625">
        <ele>23.6000003814697265625</ele>
        <time>2026-05-13T20:39:26.000Z</time>
        <extensions>
          <ns3:TrackPointExtension>
            <ns3:hr>135</ns3:hr>
            <ns3:cad>89</ns3:cad>
          </ns3:TrackPointExtension>
        </extensions>
      </trkpt>
      <trkpt lat="30.60412161983549594879150390625" lon="114.41649709828197956085205078125">
        <ele>23.6000003814697265625</ele>
        <time>2026-05-13T20:39:27.000Z</time>
        <extensions>
          <ns3:TrackPointExtension>
            <ns3:hr>135</ns3:hr>
            <ns3:cad>89</ns3:cad>
          </ns3:TrackPointExtension>
        </extensions>
      </trkpt>
      <trkpt lat="30.604113154113292694091796875" lon="114.41646742634475231170654296875">
        <ele>23.3999996185302734375</ele>
        <time>2026-05-13T20:39:28.000Z</time>
        <extensions>
          <ns3:TrackPointExtension>
            <ns3:hr>135</ns3:hr>
            <ns3:cad>90</ns3:cad>
          </ns3:TrackPointExtension>
        </extensions>
      </trkpt>
      <trkpt lat="30.60411541722714900970458984375" lon="114.41642752848565578460693359375">
        <ele>23.3999996185302734375</ele>
        <time>2026-05-13T20:39:29.000Z</time>
        <extensions>
          <ns3:TrackPointExtension>
            <ns3:hr>134</ns3:hr>
            <ns3:cad>89</ns3:cad>
          </ns3:TrackPointExtension>
        </extensions>
      </trkpt>
      <trkpt lat="30.6041103042662143707275390625" lon="114.41639953292906284332275390625">
        <ele>23.3999996185302734375</ele>
        <time>2026-05-13T20:39:30.000Z</time>
        <extensions>
          <ns3:TrackPointExtension>
            <ns3:hr>134</ns3:hr>
            <ns3:cad>89</ns3:cad>
          </ns3:TrackPointExtension>
        </extensions>
      </trkpt>
      <trkpt lat="30.60411290265619754791259765625" lon="114.4163644127547740936279296875">
        <ele>23.3999996185302734375</ele>
        <time>2026-05-13T20:39:31.000Z</time>
        <extensions>
          <ns3:TrackPointExtension>
            <ns3:hr>134</ns3:hr>
            <ns3:cad>89</ns3:cad>
          </ns3:TrackPointExtension>
        </extensions>
      </trkpt>
      <trkpt lat="30.60410611331462860107421875" lon="114.41634018905460834503173828125">
        <ele>23.3999996185302734375</ele>
        <time>2026-05-13T20:39:32.000Z</time>
        <extensions>
          <ns3:TrackPointExtension>
            <ns3:hr>134</ns3:hr>
            <ns3:cad>90</ns3:cad>
          </ns3:TrackPointExtension>
        </extensions>
      </trkpt>
      <trkpt lat="30.6041089631617069244384765625" lon="114.4162980280816555023193359375">
        <ele>23.3999996185302734375</ele>
        <time>2026-05-13T20:39:33.000Z</time>
        <extensions>
          <ns3:TrackPointExtension>
            <ns3:hr>134</ns3:hr>
            <ns3:cad>92</ns3:cad>
          </ns3:TrackPointExtension>
        </extensions>
      </trkpt>
      <trkpt lat="30.6041025929152965545654296875" lon="114.41627263091504573822021484375">
        <ele>23.3999996185302734375</ele>
        <time>2026-05-13T20:39:34.000Z</time>
        <extensions>
          <ns3:TrackPointExtension>
            <ns3:hr>134</ns3:hr>
            <ns3:cad>93</ns3:cad>
          </ns3:TrackPointExtension>
        </extensions>
      </trkpt>
      <trkpt lat="30.60410167090594768524169921875" lon="114.41623239777982234954833984375">
        <ele>23.3999996185302734375</ele>
        <time>2026-05-13T20:39:35.000Z</time>
        <extensions>
          <ns3:TrackPointExtension>
            <ns3:hr>134</ns3:hr>
            <ns3:cad>93</ns3:cad>
          </ns3:TrackPointExtension>
        </extensions>
      </trkpt>
      <trkpt lat="30.6040901876986026763916015625" lon="114.4162095151841640472412109375">
        <ele>23.3999996185302734375</ele>
        <time>2026-05-13T20:39:36.000Z</time>
        <extensions>
          <ns3:TrackPointExtension>
            <ns3:hr>135</ns3:hr>
            <ns3:cad>93</ns3:cad>
          </ns3:TrackPointExtension>
        </extensions>
      </trkpt>
      <trkpt lat="30.60409278608858585357666015625" lon="114.4161722995340824127197265625">
        <ele>23.3999996185302734375</ele>
        <time>2026-05-13T20:39:37.000Z</time>
        <extensions>
          <ns3:TrackPointExtension>
            <ns3:hr>135</ns3:hr>
            <ns3:cad>92</ns3:cad>
          </ns3:TrackPointExtension>
        </extensions>
      </trkpt>
      <trkpt lat="30.6040831468999385833740234375" lon="114.4161478243768215179443359375">
        <ele>23.3999996185302734375</ele>
        <time>2026-05-13T20:39:38.000Z</time>
        <extensions>
          <ns3:TrackPointExtension>
            <ns3:hr>135</ns3:hr>
            <ns3:cad>92</ns3:cad>
          </ns3:TrackPointExtension>
        </extensions>
      </trkpt>
      <trkpt lat="30.60408675111830234527587890625" lon="114.4161149673163890838623046875">
        <ele>23.3999996185302734375</ele>
        <time>2026-05-13T20:39:39.000Z</time>
        <extensions>
          <ns3:TrackPointExtension>
            <ns3:hr>135</ns3:hr>
            <ns3:cad>92</ns3:cad>
          </ns3:TrackPointExtension>
        </extensions>
      </trkpt>
      <trkpt lat="30.604079626500606536865234375" lon="114.41608739085495471954345703125">
        <ele>23.3999996185302734375</ele>
        <time>2026-05-13T20:39:40.000Z</time>
        <extensions>
          <ns3:TrackPointExtension>
            <ns3:hr>135</ns3:hr>
            <ns3:cad>92</ns3:cad>
          </ns3:TrackPointExtension>
        </extensions>
      </trkpt>
      <trkpt lat="30.6040786206722259521484375" lon="114.41605537198483943939208984375">
        <ele>23.3999996185302734375</ele>
        <time>2026-05-13T20:39:41.000Z</time>
        <extensions>
          <ns3:TrackPointExtension>
            <ns3:hr>135</ns3:hr>
            <ns3:cad>92</ns3:cad>
          </ns3:TrackPointExtension>
        </extensions>
      </trkpt>
      <trkpt lat="30.60407116077840328216552734375" lon="114.416034333407878875732421875">
        <ele>23.3999996185302734375</ele>
        <time>2026-05-13T20:39:42.000Z</time>
        <extensions>
          <ns3:TrackPointExtension>
            <ns3:hr>135</ns3:hr>
            <ns3:cad>92</ns3:cad>
          </ns3:TrackPointExtension>
        </extensions>
      </trkpt>
      <trkpt lat="30.604068897664546966552734375" lon="114.416008852422237396240234375">
        <ele>23.3999996185302734375</ele>
        <time>2026-05-13T20:39:43.000Z</time>
        <extensions>
          <ns3:TrackPointExtension>
            <ns3:hr>135</ns3:hr>
            <ns3:cad>92</ns3:cad>
          </ns3:TrackPointExtension>
        </extensions>
      </trkpt>
      <trkpt lat="30.60406244359910488128662109375" lon="114.41598479636013507843017578125">
        <ele>23.3999996185302734375</ele>
        <time>2026-05-13T20:39:44.000Z</time>
        <extensions>
          <ns3:TrackPointExtension>
            <ns3:hr>135</ns3:hr>
            <ns3:cad>92</ns3:cad>
          </ns3:TrackPointExtension>
        </extensions>
      </trkpt>
      <trkpt lat="30.60405992902815341949462890625" lon="114.415957219898700714111328125">
        <ele>23.3999996185302734375</ele>
        <time>2026-05-13T20:39:45.000Z</time>
        <extensions>
          <ns3:TrackPointExtension>
            <ns3:hr>135</ns3:hr>
            <ns3:cad>93</ns3:cad>
          </ns3:TrackPointExtension>
        </extensions>
      </trkpt>
      <trkpt lat="30.60405054129660129547119140625" lon="114.4159342534840106964111328125">
        <ele>23.3999996185302734375</ele>
        <time>2026-05-13T20:39:46.000Z</time>
        <extensions>
          <ns3:TrackPointExtension>
            <ns3:hr>135</ns3:hr>
            <ns3:cad>92</ns3:cad>
          </ns3:TrackPointExtension>
        </extensions>
      </trkpt>
      <trkpt lat="30.60404433868825435638427734375" lon="114.41590935923159122467041015625">
        <ele>23.6000003814697265625</ele>
        <time>2026-05-13T20:39:47.000Z</time>
        <extensions>
          <ns3:TrackPointExtension>
            <ns3:hr>135</ns3:hr>
            <ns3:cad>92</ns3:cad>
          </ns3:TrackPointExtension>
        </extensions>
      </trkpt>
      <trkpt lat="30.6040398962795734405517578125" lon="114.41587449051439762115478515625">
        <ele>23.6000003814697265625</ele>
        <time>2026-05-13T20:39:48.000Z</time>
        <extensions>
          <ns3:TrackPointExtension>
            <ns3:hr>135</ns3:hr>
            <ns3:cad>92</ns3:cad>
          </ns3:TrackPointExtension>
        </extensions>
      </trkpt>
      <trkpt lat="30.60402992181479930877685546875" lon="114.4158500991761684417724609375">
        <ele>23.3999996185302734375</ele>
        <time>2026-05-13T20:39:49.000Z</time>
        <extensions>
          <ns3:TrackPointExtension>
            <ns3:hr>135</ns3:hr>
            <ns3:cad>92</ns3:cad>
          </ns3:TrackPointExtension>
        </extensions>
      </trkpt>
      <trkpt lat="30.60402321629226207733154296875" lon="114.41581883467733860015869140625">
        <ele>23.6000003814697265625</ele>
        <time>2026-05-13T20:39:50.000Z</time>
        <extensions>
          <ns3:TrackPointExtension>
            <ns3:hr>135</ns3:hr>
            <ns3:cad>92</ns3:cad>
          </ns3:TrackPointExtension>
        </extensions>
      </trkpt>
      <trkpt lat="30.6040197797119617462158203125" lon="114.41579259932041168212890625">
        <ele>23.6000003814697265625</ele>
        <time>2026-05-13T20:39:51.000Z</time>
        <extensions>
          <ns3:TrackPointExtension>
            <ns3:hr>135</ns3:hr>
            <ns3:cad>92</ns3:cad>
          </ns3:TrackPointExtension>
        </extensions>
      </trkpt>
      <trkpt lat="30.60401466675102710723876953125" lon="114.41576301120221614837646484375">
        <ele>23.6000003814697265625</ele>
        <time>2026-05-13T20:39:52.000Z</time>
        <extensions>
          <ns3:TrackPointExtension>
            <ns3:hr>136</ns3:hr>
            <ns3:cad>92</ns3:cad>
          </ns3:TrackPointExtension>
        </extensions>
      </trkpt>
      <trkpt lat="30.6040103919804096221923828125" lon="114.4157397933304309844970703125">
        <ele>23.6000003814697265625</ele>
        <time>2026-05-13T20:39:53.000Z</time>
        <extensions>
          <ns3:TrackPointExtension>
            <ns3:hr>136</ns3:hr>
            <ns3:cad>91</ns3:cad>
          </ns3:TrackPointExtension>
        </extensions>
      </trkpt>
      <trkpt lat="30.6040115654468536376953125" lon="114.41570668481290340423583984375">
        <ele>23.6000003814697265625</ele>
        <time>2026-05-13T20:39:54.000Z</time>
        <extensions>
          <ns3:TrackPointExtension>
            <ns3:hr>136</ns3:hr>
            <ns3:cad>91</ns3:cad>
          </ns3:TrackPointExtension>
        </extensions>
      </trkpt>
      <trkpt lat="30.60400041751563549041748046875" lon="114.41568128764629364013671875">
        <ele>23.6000003814697265625</ele>
        <time>2026-05-13T20:39:55.000Z</time>
        <extensions>
          <ns3:TrackPointExtension>
            <ns3:hr>136</ns3:hr>
            <ns3:cad>91</ns3:cad>
          </ns3:TrackPointExtension>
        </extensions>
      </trkpt>
      <trkpt lat="30.60399371199309825897216796875" lon="114.41565035842359066009521484375">
        <ele>23.6000003814697265625</ele>
        <time>2026-05-13T20:39:56.000Z</time>
        <extensions>
          <ns3:TrackPointExtension>
            <ns3:hr>137</ns3:hr>
            <ns3:cad>91</ns3:cad>
          </ns3:TrackPointExtension>
        </extensions>
      </trkpt>
      <trkpt lat="30.60398298315703868865966796875" lon="114.4156251288950443267822265625">
        <ele>23.3999996185302734375</ele>
        <time>2026-05-13T20:39:57.000Z</time>
        <extensions>
          <ns3:TrackPointExtension>
            <ns3:hr>137</ns3:hr>
            <ns3:cad>91</ns3:cad>
          </ns3:TrackPointExtension>
        </extensions>
      </trkpt>
      <trkpt lat="30.603975690901279449462890625" lon="114.41559688188135623931884765625">
        <ele>23.6000003814697265625</ele>
        <time>2026-05-13T20:39:58.000Z</time>
        <extensions>
          <ns3:TrackPointExtension>
            <ns3:hr>137</ns3:hr>
            <ns3:cad>91</ns3:cad>
          </ns3:TrackPointExtension>
        </extensions>
      </trkpt>
      <trkpt lat="30.60396370477974414825439453125" lon="114.415570311248302459716796875">
        <ele>23.6000003814697265625</ele>
        <time>2026-05-13T20:39:59.000Z</time>
        <extensions>
          <ns3:TrackPointExtension>
            <ns3:hr>137</ns3:hr>
            <ns3:cad>91</ns3:cad>
          </ns3:TrackPointExtension>
        </extensions>
      </trkpt>
      <trkpt lat="30.60395582579076290130615234375" lon="114.41554189659655094146728515625">
        <ele>23.6000003814697265625</ele>
        <time>2026-05-13T20:40:00.000Z</time>
        <extensions>
          <ns3:TrackPointExtension>
            <ns3:hr>138</ns3:hr>
            <ns3:cad>92</ns3:cad>
          </ns3:TrackPointExtension>
        </extensions>
      </trkpt>
      <trkpt lat="30.6039483658969402313232421875" lon="114.41550937481224536895751953125">
        <ele>23.6000003814697265625</ele>
        <time>2026-05-13T20:40:01.000Z</time>
        <extensions>
          <ns3:TrackPointExtension>
            <ns3:hr>138</ns3:hr>
            <ns3:cad>93</ns3:cad>
          </ns3:TrackPointExtension>
        </extensions>
      </trkpt>
      <trkpt lat="30.603940822184085845947265625" lon="114.4154849834740161895751953125">
        <ele>23.6000003814697265625</ele>
        <time>2026-05-13T20:40:02.000Z</time>
        <extensions>
          <ns3:TrackPointExtension>
            <ns3:hr>138</ns3:hr>
            <ns3:cad>93</ns3:cad>
          </ns3:TrackPointExtension>
        </extensions>
      </trkpt>
      <trkpt lat="30.60393151827156543731689453125" lon="114.41545221023261547088623046875">
        <ele>23.6000003814697265625</ele>
        <time>2026-05-13T20:40:03.000Z</time>
        <extensions>
          <ns3:TrackPointExtension>
            <ns3:hr>138</ns3:hr>
            <ns3:cad>93</ns3:cad>
          </ns3:TrackPointExtension>
        </extensions>
      </trkpt>
      <trkpt lat="30.60392464511096477508544921875" lon="114.41542974673211574554443359375">
        <ele>23.3999996185302734375</ele>
        <time>2026-05-13T20:40:04.000Z</time>
        <extensions>
          <ns3:TrackPointExtension>
            <ns3:hr>139</ns3:hr>
            <ns3:cad>92</ns3:cad>
          </ns3:TrackPointExtension>
        </extensions>
      </trkpt>
      <trkpt lat="30.6039198674261569976806640625" lon="114.41539873369038105010986328125">
        <ele>23.3999996185302734375</ele>
        <time>2026-05-13T20:40:05.000Z</time>
        <extensions>
          <ns3:TrackPointExtension>
            <ns3:hr>139</ns3:hr>
            <ns3:cad>93</ns3:cad>
          </ns3:TrackPointExtension>
        </extensions>
      </trkpt>
      <trkpt lat="30.60391609556972980499267578125" lon="114.4153721630573272705078125">
        <ele>23.3999996185302734375</ele>
        <time>2026-05-13T20:40:06.000Z</time>
        <extensions>
          <ns3:TrackPointExtension>
            <ns3:hr>139</ns3:hr>
            <ns3:cad>93</ns3:cad>
          </ns3:TrackPointExtension>
        </extensions>
      </trkpt>
      <trkpt lat="30.60391207225620746612548828125" lon="114.415342323482036590576171875">
        <ele>23.6000003814697265625</ele>
        <time>2026-05-13T20:40:07.000Z</time>
        <extensions>
          <ns3:TrackPointExtension>
            <ns3:hr>139</ns3:hr>
            <ns3:cad>93</ns3:cad>
          </ns3:TrackPointExtension>
        </extensions>
      </trkpt>
      <trkpt lat="30.60390285216271877288818359375" lon="114.41531893797218799591064453125">
        <ele>23.3999996185302734375</ele>
        <time>2026-05-13T20:40:08.000Z</time>
        <extensions>
          <ns3:TrackPointExtension>
            <ns3:hr>139</ns3:hr>
            <ns3:cad>93</ns3:cad>
          </ns3:TrackPointExtension>
        </extensions>
      </trkpt>
      <trkpt lat="30.60389824211597442626953125" lon="114.4152868352830410003662109375">
        <ele>23.3999996185302734375</ele>
        <time>2026-05-13T20:40:09.000Z</time>
        <extensions>
          <ns3:TrackPointExtension>
            <ns3:hr>139</ns3:hr>
            <ns3:cad>93</ns3:cad>
          </ns3:TrackPointExtension>
        </extensions>
      </trkpt>
      <trkpt lat="30.6038886867463588714599609375" lon="114.4152637012302875518798828125">
        <ele>23.6000003814697265625</ele>
        <time>2026-05-13T20:40:10.000Z</time>
        <extensions>
          <ns3:TrackPointExtension>
            <ns3:hr>139</ns3:hr>
            <ns3:cad>93</ns3:cad>
          </ns3:TrackPointExtension>
        </extensions>
      </trkpt>
      <trkpt lat="30.60388659127056598663330078125" lon="114.41523059271275997161865234375">
        <ele>23.6000003814697265625</ele>
        <time>2026-05-13T20:40:11.000Z</time>
        <extensions>
          <ns3:TrackPointExtension>
            <ns3:hr>139</ns3:hr>
            <ns3:cad>93</ns3:cad>
          </ns3:TrackPointExtension>
        </extensions>
      </trkpt>
      <trkpt lat="30.603879131376743316650390625" lon="114.41520544700324535369873046875">
        <ele>23.6000003814697265625</ele>
        <time>2026-05-13T20:40:12.000Z</time>
        <extensions>
          <ns3:TrackPointExtension>
            <ns3:hr>139</ns3:hr>
            <ns3:cad>93</ns3:cad>
          </ns3:TrackPointExtension>
        </extensions>
      </trkpt>
      <trkpt lat="30.60387284494936466217041015625" lon="114.41517359577119350433349609375">
        <ele>23.6000003814697265625</ele>
        <time>2026-05-13T20:40:13.000Z</time>
        <extensions>
          <ns3:TrackPointExtension>
            <ns3:hr>140</ns3:hr>
            <ns3:cad>92</ns3:cad>
          </ns3:TrackPointExtension>
        </extensions>
      </trkpt>
      <trkpt lat="30.60386412777006626129150390625" lon="114.415145851671695709228515625">
        <ele>23.6000003814697265625</ele>
        <time>2026-05-13T20:40:14.000Z</time>
        <extensions>
          <ns3:TrackPointExtension>
            <ns3:hr>139</ns3:hr>
            <ns3:cad>92</ns3:cad>
          </ns3:TrackPointExtension>
        </extensions>
      </trkpt>
      <trkpt lat="30.6038561649620532989501953125" lon="114.415116012096405029296875">
        <ele>23.6000003814697265625</ele>
        <time>2026-05-13T20:40:15.000Z</time>
        <extensions>
          <ns3:TrackPointExtension>
            <ns3:hr>139</ns3:hr>
            <ns3:cad>92</ns3:cad>
          </ns3:TrackPointExtension>
        </extensions>
      </trkpt>
      <trkpt lat="30.6038451008498668670654296875" lon="114.41508726216852664947509765625">
        <ele>23.6000003814697265625</ele>
        <time>2026-05-13T20:40:16.000Z</time>
        <extensions>
          <ns3:TrackPointExtension>
            <ns3:hr>140</ns3:hr>
            <ns3:cad>92</ns3:cad>
          </ns3:TrackPointExtension>
        </extensions>
      </trkpt>
      <trkpt lat="30.60384032316505908966064453125" lon="114.4150591827929019927978515625">
        <ele>23.6000003814697265625</ele>
        <time>2026-05-13T20:40:17.000Z</time>
        <extensions>
          <ns3:TrackPointExtension>
            <ns3:hr>140</ns3:hr>
            <ns3:cad>93</ns3:cad>
          </ns3:TrackPointExtension>
        </extensions>
      </trkpt>
      <trkpt lat="30.6038323603570461273193359375" lon="114.4150296784937381744384765625">
        <ele>23.6000003814697265625</ele>
        <time>2026-05-13T20:40:18.000Z</time>
        <extensions>
          <ns3:TrackPointExtension>
            <ns3:hr>140</ns3:hr>
            <ns3:cad>93</ns3:cad>
          </ns3:TrackPointExtension>
        </extensions>
      </trkpt>
      <trkpt lat="30.60382439754903316497802734375" lon="114.4149995036423206329345703125">
        <ele>23.6000003814697265625</ele>
        <time>2026-05-13T20:40:19.000Z</time>
        <extensions>
          <ns3:TrackPointExtension>
            <ns3:hr>140</ns3:hr>
            <ns3:cad>93</ns3:cad>
          </ns3:TrackPointExtension>
        </extensions>
      </trkpt>
      <trkpt lat="30.60381710529327392578125" lon="114.41496647894382476806640625">
        <ele>23.6000003814697265625</ele>
        <time>2026-05-13T20:40:20.000Z</time>
        <extensions>
          <ns3:TrackPointExtension>
            <ns3:hr>140</ns3:hr>
            <ns3:cad>93</ns3:cad>
          </ns3:TrackPointExtension>
        </extensions>
      </trkpt>
      <trkpt lat="30.6038065440952777862548828125" lon="114.41494309343397617340087890625">
        <ele>23.6000003814697265625</ele>
        <time>2026-05-13T20:40:21.000Z</time>
        <extensions>
          <ns3:TrackPointExtension>
            <ns3:hr>141</ns3:hr>
            <ns3:cad>92</ns3:cad>
          </ns3:TrackPointExtension>
        </extensions>
      </trkpt>
      <trkpt lat="30.60380310751497745513916015625" lon="114.414910487830638885498046875">
        <ele>23.6000003814697265625</ele>
        <time>2026-05-13T20:40:22.000Z</time>
        <extensions>
          <ns3:TrackPointExtension>
            <ns3:hr>141</ns3:hr>
            <ns3:cad>92</ns3:cad>
          </ns3:TrackPointExtension>
        </extensions>
      </trkpt>
      <trkpt lat="30.603793971240520477294921875" lon="114.41489095799624919891357421875">
        <ele>23.6000003814697265625</ele>
        <time>2026-05-13T20:40:23.000Z</time>
        <extensions>
          <ns3:TrackPointExtension>
            <ns3:hr>141</ns3:hr>
            <ns3:cad>92</ns3:cad>
          </ns3:TrackPointExtension>
        </extensions>
      </trkpt>
      <trkpt lat="30.60379229485988616943359375" lon="114.414854831993579864501953125">
        <ele>23.6000003814697265625</ele>
        <time>2026-05-13T20:40:24.000Z</time>
        <extensions>
          <ns3:TrackPointExtension>
            <ns3:hr>141</ns3:hr>
            <ns3:cad>92</ns3:cad>
          </ns3:TrackPointExtension>
        </extensions>
      </trkpt>
      <trkpt lat="30.60377762652933597564697265625" lon="114.4148308597505092620849609375">
        <ele>23.6000003814697265625</ele>
        <time>2026-05-13T20:40:25.000Z</time>
        <extensions>
          <ns3:TrackPointExtension>
            <ns3:hr>141</ns3:hr>
            <ns3:cad>92</ns3:cad>
          </ns3:TrackPointExtension>
        </extensions>
      </trkpt>
      <trkpt lat="30.60377628542482852935791015625" lon="114.41479481756687164306640625">
        <ele>23.6000003814697265625</ele>
        <time>2026-05-13T20:40:26.000Z</time>
        <extensions>
          <ns3:TrackPointExtension>
            <ns3:hr>141</ns3:hr>
            <ns3:cad>93</ns3:cad>
          </ns3:TrackPointExtension>
        </extensions>
      </trkpt>
      <trkpt lat="30.60376890935003757476806640625" lon="114.41476640291512012481689453125">
        <ele>23.6000003814697265625</ele>
        <time>2026-05-13T20:40:27.000Z</time>
        <extensions>
          <ns3:TrackPointExtension>
            <ns3:hr>141</ns3:hr>
            <ns3:cad>93</ns3:cad>
          </ns3:TrackPointExtension>
        </extensions>
      </trkpt>
      <trkpt lat="30.60376237146556377410888671875" lon="114.41473337821662425994873046875">
        <ele>23.6000003814697265625</ele>
        <time>2026-05-13T20:40:28.000Z</time>
        <extensions>
          <ns3:TrackPointExtension>
            <ns3:hr>141</ns3:hr>
            <ns3:cad>93</ns3:cad>
          </ns3:TrackPointExtension>
        </extensions>
      </trkpt>
      <trkpt lat="30.60374736785888671875" lon="114.4147091545164585113525390625">
        <ele>23.6000003814697265625</ele>
        <time>2026-05-13T20:40:29.000Z</time>
        <extensions>
          <ns3:TrackPointExtension>
            <ns3:hr>140</ns3:hr>
            <ns3:cad>93</ns3:cad>
          </ns3:TrackPointExtension>
        </extensions>
      </trkpt>
      <trkpt lat="30.60373521409928798675537109375" lon="114.4146776385605335235595703125">
        <ele>23.6000003814697265625</ele>
        <time>2026-05-13T20:40:30.000Z</time>
        <extensions>
          <ns3:TrackPointExtension>
            <ns3:hr>140</ns3:hr>
            <ns3:cad>93</ns3:cad>
          </ns3:TrackPointExtension>
        </extensions>
      </trkpt>
      <trkpt lat="30.60371677391231060028076171875" lon="114.41465442068874835968017578125">
        <ele>23.6000003814697265625</ele>
        <time>2026-05-13T20:40:31.000Z</time>
        <extensions>
          <ns3:TrackPointExtension>
            <ns3:hr>140</ns3:hr>
            <ns3:cad>93</ns3:cad>
          </ns3:TrackPointExtension>
        </extensions>
      </trkpt>
      <trkpt lat="30.60370109975337982177734375" lon="114.41463145427405834197998046875">
        <ele>23.6000003814697265625</ele>
        <time>2026-05-13T20:40:32.000Z</time>
        <extensions>
          <ns3:TrackPointExtension>
            <ns3:hr>140</ns3:hr>
            <ns3:cad>93</ns3:cad>
          </ns3:TrackPointExtension>
        </extensions>
      </trkpt>
      <trkpt lat="30.603673942387104034423828125" lon="114.4146149419248104095458984375">
        <ele>23.6000003814697265625</ele>
        <time>2026-05-13T20:40:33.000Z</time>
        <extensions>
          <ns3:TrackPointExtension>
            <ns3:hr>140</ns3:hr>
            <ns3:cad>93</ns3:cad>
          </ns3:TrackPointExtension>
        </extensions>
      </trkpt>
      <trkpt lat="30.6036521494388580322265625" lon="114.41461100243031978607177734375">
        <ele>23.6000003814697265625</ele>
        <time>2026-05-13T20:40:34.000Z</time>
        <extensions>
          <ns3:TrackPointExtension>
            <ns3:hr>139</ns3:hr>
            <ns3:cad>92</ns3:cad>
          </ns3:TrackPointExtension>
        </extensions>
      </trkpt>
      <trkpt lat="30.60362398624420166015625" lon="114.41460111178457736968994140625">
        <ele>23.6000003814697265625</ele>
        <time>2026-05-13T20:40:35.000Z</time>
        <extensions>
          <ns3:TrackPointExtension>
            <ns3:hr>139</ns3:hr>
            <ns3:cad>92</ns3:cad>
          </ns3:TrackPointExtension>
        </extensions>
      </trkpt>
      <trkpt lat="30.60360160656273365020751953125" lon="114.4146028719842433929443359375">
        <ele>23.6000003814697265625</ele>
        <time>2026-05-13T20:40:36.000Z</time>
        <extensions>
          <ns3:TrackPointExtension>
            <ns3:hr>139</ns3:hr>
            <ns3:cad>92</ns3:cad>
          </ns3:TrackPointExtension>
        </extensions>
      </trkpt>
      <trkpt lat="30.60357235372066497802734375" lon="114.4146028719842433929443359375">
        <ele>23.6000003814697265625</ele>
        <time>2026-05-13T20:40:37.000Z</time>
        <extensions>
          <ns3:TrackPointExtension>
            <ns3:hr>139</ns3:hr>
            <ns3:cad>92</ns3:cad>
          </ns3:TrackPointExtension>
        </extensions>
      </trkpt>
      <trkpt lat="30.6035510636866092681884765625" lon="114.41460446454584598541259765625">
        <ele>23.6000003814697265625</ele>
        <time>2026-05-13T20:40:38.000Z</time>
        <extensions>
          <ns3:TrackPointExtension>
            <ns3:hr>138</ns3:hr>
            <ns3:cad>92</ns3:cad>
          </ns3:TrackPointExtension>
        </extensions>
      </trkpt>
      <trkpt lat="30.603521727025508880615234375" lon="114.414604716002941131591796875">
        <ele>23.6000003814697265625</ele>
        <time>2026-05-13T20:40:39.000Z</time>
        <extensions>
          <ns3:TrackPointExtension>
            <ns3:hr>138</ns3:hr>
            <ns3:cad>92</ns3:cad>
          </ns3:TrackPointExtension>
        </extensions>
      </trkpt>
      <trkpt lat="30.603498928248882293701171875" lon="114.41461351700127124786376953125">
        <ele>23.6000003814697265625</ele>
        <time>2026-05-13T20:40:40.000Z</time>
        <extensions>
          <ns3:TrackPointExtension>
            <ns3:hr>138</ns3:hr>
            <ns3:cad>92</ns3:cad>
          </ns3:TrackPointExtension>
        </extensions>
      </trkpt>
      <trkpt lat="30.6034675799310207366943359375" lon="114.41462047398090362548828125">
        <ele>23.6000003814697265625</ele>
        <time>2026-05-13T20:40:41.000Z</time>
        <extensions>
          <ns3:TrackPointExtension>
            <ns3:hr>137</ns3:hr>
            <ns3:cad>91</ns3:cad>
          </ns3:TrackPointExtension>
        </extensions>
      </trkpt>
      <trkpt lat="30.60345190577208995819091796875" lon="114.41463363356888294219970703125">
        <ele>23.6000003814697265625</ele>
        <time>2026-05-13T20:40:42.000Z</time>
        <extensions>
          <ns3:TrackPointExtension>
            <ns3:hr>137</ns3:hr>
            <ns3:cad>91</ns3:cad>
          </ns3:TrackPointExtension>
        </extensions>
      </trkpt>
      <trkpt lat="30.60342391021549701690673828125" lon="114.4146380759775638580322265625">
        <ele>23.6000003814697265625</ele>
        <time>2026-05-13T20:40:43.000Z</time>
        <extensions>
          <ns3:TrackPointExtension>
            <ns3:hr>137</ns3:hr>
            <ns3:cad>91</ns3:cad>
          </ns3:TrackPointExtension>
        </extensions>
      </trkpt>
      <trkpt lat="30.6034052185714244842529296875" lon="114.4146511517465114593505859375">
        <ele>23.799999237060546875</ele>
        <time>2026-05-13T20:40:44.000Z</time>
        <extensions>
          <ns3:TrackPointExtension>
            <ns3:hr>137</ns3:hr>
            <ns3:cad>91</ns3:cad>
          </ns3:TrackPointExtension>
        </extensions>
      </trkpt>
      <trkpt lat="30.6033758819103240966796875" lon="114.41464989446103572845458984375">
        <ele>23.799999237060546875</ele>
        <time>2026-05-13T20:40:45.000Z</time>
        <extensions>
          <ns3:TrackPointExtension>
            <ns3:hr>136</ns3:hr>
            <ns3:cad>92</ns3:cad>
          </ns3:TrackPointExtension>
        </extensions>
      </trkpt>
      <trkpt lat="30.60335651971399784088134765625" lon="114.4146608747541904449462890625">
        <ele>23.799999237060546875</ele>
        <time>2026-05-13T20:40:46.000Z</time>
        <extensions>
          <ns3:TrackPointExtension>
            <ns3:hr>136</ns3:hr>
            <ns3:cad>92</ns3:cad>
          </ns3:TrackPointExtension>
        </extensions>
      </trkpt>
      <trkpt lat="30.60332357883453369140625" lon="114.41466070711612701416015625">
        <ele>23.799999237060546875</ele>
        <time>2026-05-13T20:40:47.000Z</time>
        <extensions>
          <ns3:TrackPointExtension>
            <ns3:hr>136</ns3:hr>
            <ns3:cad>92</ns3:cad>
          </ns3:TrackPointExtension>
        </extensions>
      </trkpt>
      <trkpt lat="30.6033019535243511199951171875" lon="114.4146695919334888458251953125">
        <ele>23.799999237060546875</ele>
        <time>2026-05-13T20:40:48.000Z</time>
        <extensions>
          <ns3:TrackPointExtension>
            <ns3:hr>136</ns3:hr>
            <ns3:cad>92</ns3:cad>
          </ns3:TrackPointExtension>
        </extensions>
      </trkpt>
      <trkpt lat="30.60326985083520412445068359375" lon="114.41466833464801311492919921875">
        <ele>23.799999237060546875</ele>
        <time>2026-05-13T20:40:49.000Z</time>
        <extensions>
          <ns3:TrackPointExtension>
            <ns3:hr>137</ns3:hr>
            <ns3:cad>92</ns3:cad>
          </ns3:TrackPointExtension>
        </extensions>
      </trkpt>
      <trkpt lat="30.6032509915530681610107421875" lon="114.41467688418924808502197265625">
        <ele>23.799999237060546875</ele>
        <time>2026-05-13T20:40:50.000Z</time>
        <extensions>
          <ns3:TrackPointExtension>
            <ns3:hr>136</ns3:hr>
            <ns3:cad>92</ns3:cad>
          </ns3:TrackPointExtension>
        </extensions>
      </trkpt>
      <trkpt lat="30.603224001824855804443359375" lon="114.4146752916276454925537109375">
        <ele>23.6000003814697265625</ele>
        <time>2026-05-13T20:40:51.000Z</time>
        <extensions>
          <ns3:TrackPointExtension>
            <ns3:hr>136</ns3:hr>
            <ns3:cad>92</ns3:cad>
          </ns3:TrackPointExtension>
        </extensions>
      </trkpt>
      <trkpt lat="30.60320095159113407135009765625" lon="114.4146863557398319244384765625">
        <ele>23.799999237060546875</ele>
        <time>2026-05-13T20:40:52.000Z</time>
        <extensions>
          <ns3:TrackPointExtension>
            <ns3:hr>136</ns3:hr>
            <ns3:cad>92</ns3:cad>
          </ns3:TrackPointExtension>
        </extensions>
      </trkpt>
      <trkpt lat="30.60317664407193660736083984375" lon="114.41469130106270313262939453125">
        <ele>23.799999237060546875</ele>
        <time>2026-05-13T20:40:53.000Z</time>
        <extensions>
          <ns3:TrackPointExtension>
            <ns3:hr>136</ns3:hr>
            <ns3:cad>92</ns3:cad>
          </ns3:TrackPointExtension>
        </extensions>
      </trkpt>
      <trkpt lat="30.603151582181453704833984375" lon="114.41470471210777759552001953125">
        <ele>23.799999237060546875</ele>
        <time>2026-05-13T20:40:54.000Z</time>
        <extensions>
          <ns3:TrackPointExtension>
            <ns3:hr>136</ns3:hr>
            <ns3:cad>92</ns3:cad>
          </ns3:TrackPointExtension>
        </extensions>
      </trkpt>
      <trkpt lat="30.603126101195812225341796875" lon="114.41471342928707599639892578125">
        <ele>23.799999237060546875</ele>
        <time>2026-05-13T20:40:55.000Z</time>
        <extensions>
          <ns3:TrackPointExtension>
            <ns3:hr>136</ns3:hr>
            <ns3:cad>92</ns3:cad>
          </ns3:TrackPointExtension>
        </extensions>
      </trkpt>
      <trkpt lat="30.6031041406095027923583984375" lon="114.41472449339926242828369140625">
        <ele>23.799999237060546875</ele>
        <time>2026-05-13T20:40:56.000Z</time>
        <extensions>
          <ns3:TrackPointExtension>
            <ns3:hr>135</ns3:hr>
            <ns3:cad>92</ns3:cad>
          </ns3:TrackPointExtension>
        </extensions>
      </trkpt>
      <trkpt lat="30.6030769832432270050048828125" lon="114.41473044455051422119140625">
        <ele>23.799999237060546875</ele>
        <time>2026-05-13T20:40:57.000Z</time>
        <extensions>
          <ns3:TrackPointExtension>
            <ns3:hr>135</ns3:hr>
            <ns3:cad>92</ns3:cad>
          </ns3:TrackPointExtension>
        </extensions>
      </trkpt>
      <trkpt lat="30.6030548550188541412353515625" lon="114.41474829800426959991455078125">
        <ele>23.799999237060546875</ele>
        <time>2026-05-13T20:40:58.000Z</time>
        <extensions>
          <ns3:TrackPointExtension>
            <ns3:hr>135</ns3:hr>
            <ns3:cad>91</ns3:cad>
          </ns3:TrackPointExtension>
        </extensions>
      </trkpt>
      <trkpt lat="30.6030317209661006927490234375" lon="114.41476103849709033966064453125">
        <ele>23.799999237060546875</ele>
        <time>2026-05-13T20:40:59.000Z</time>
        <extensions>
          <ns3:TrackPointExtension>
            <ns3:hr>135</ns3:hr>
            <ns3:cad>91</ns3:cad>
          </ns3:TrackPointExtension>
        </extensions>
      </trkpt>
      <trkpt lat="30.603003390133380889892578125" lon="114.4147705100476741790771484375">
        <ele>23.799999237060546875</ele>
        <time>2026-05-13T20:41:00.000Z</time>
        <extensions>
          <ns3:TrackPointExtension>
            <ns3:hr>135</ns3:hr>
            <ns3:cad>90</ns3:cad>
          </ns3:TrackPointExtension>
        </extensions>
      </trkpt>
      <trkpt lat="30.60297866351902484893798828125" lon="114.41478115506470203399658203125">
        <ele>23.799999237060546875</ele>
        <time>2026-05-13T20:41:01.000Z</time>
        <extensions>
          <ns3:TrackPointExtension>
            <ns3:hr>135</ns3:hr>
            <ns3:cad>91</ns3:cad>
          </ns3:TrackPointExtension>
        </extensions>
      </trkpt>
      <trkpt lat="30.60295234434306621551513671875" lon="114.41479146480560302734375">
        <ele>23.799999237060546875</ele>
        <time>2026-05-13T20:41:02.000Z</time>
        <extensions>
          <ns3:TrackPointExtension>
            <ns3:hr>135</ns3:hr>
            <ns3:cad>91</ns3:cad>
          </ns3:TrackPointExtension>
        </extensions>
      </trkpt>
      <trkpt lat="30.60293356887996196746826171875" lon="114.4148040376603603363037109375">
        <ele>23.799999237060546875</ele>
        <time>2026-05-13T20:41:03.000Z</time>
        <extensions>
          <ns3:TrackPointExtension>
            <ns3:hr>135</ns3:hr>
            <ns3:cad>91</ns3:cad>
          </ns3:TrackPointExtension>
        </extensions>
      </trkpt>
      <trkpt lat="30.602904818952083587646484375" lon="114.41481166519224643707275390625">
        <ele>23.799999237060546875</ele>
        <time>2026-05-13T20:41:04.000Z</time>
        <extensions>
          <ns3:TrackPointExtension>
            <ns3:hr>135</ns3:hr>
            <ns3:cad>92</ns3:cad>
          </ns3:TrackPointExtension>
        </extensions>
      </trkpt>
      <trkpt lat="30.602880679070949554443359375" lon="114.4148228131234645843505859375">
        <ele>23.799999237060546875</ele>
        <time>2026-05-13T20:41:05.000Z</time>
        <extensions>
          <ns3:TrackPointExtension>
            <ns3:hr>135</ns3:hr>
            <ns3:cad>92</ns3:cad>
          </ns3:TrackPointExtension>
        </extensions>
      </trkpt>
      <trkpt lat="30.60285394079983234405517578125" lon="114.41482608206570148468017578125">
        <ele>23.799999237060546875</ele>
        <time>2026-05-13T20:41:06.000Z</time>
        <extensions>
          <ns3:TrackPointExtension>
            <ns3:hr>136</ns3:hr>
            <ns3:cad>92</ns3:cad>
          </ns3:TrackPointExtension>
        </extensions>
      </trkpt>
      <trkpt lat="30.602833740413188934326171875" lon="114.41483966074883937835693359375">
        <ele>23.799999237060546875</ele>
        <time>2026-05-13T20:41:07.000Z</time>
        <extensions>
          <ns3:TrackPointExtension>
            <ns3:hr>136</ns3:hr>
            <ns3:cad>92</ns3:cad>
          </ns3:TrackPointExtension>
        </extensions>
      </trkpt>
      <trkpt lat="30.6028000451624393463134765625" lon="114.414842091500759124755859375">
        <ele>23.799999237060546875</ele>
        <time>2026-05-13T20:41:08.000Z</time>
        <extensions>
          <ns3:TrackPointExtension>
            <ns3:hr>136</ns3:hr>
            <ns3:cad>92</ns3:cad>
          </ns3:TrackPointExtension>
        </extensions>
      </trkpt>
      <trkpt lat="30.60278001241385936737060546875" lon="114.41484854556620121002197265625">
        <ele>23.799999237060546875</ele>
        <time>2026-05-13T20:41:09.000Z</time>
        <extensions>
          <ns3:TrackPointExtension>
            <ns3:hr>136</ns3:hr>
            <ns3:cad>92</ns3:cad>
          </ns3:TrackPointExtension>
        </extensions>
      </trkpt>
      <trkpt lat="30.602751262485980987548828125" lon="114.41484980285167694091796875">
        <ele>23.799999237060546875</ele>
        <time>2026-05-13T20:41:10.000Z</time>
        <extensions>
          <ns3:TrackPointExtension>
            <ns3:hr>136</ns3:hr>
            <ns3:cad>92</ns3:cad>
          </ns3:TrackPointExtension>
        </extensions>
      </trkpt>
      <trkpt lat="30.602730475366115570068359375" lon="114.41485508345067501068115234375">
        <ele>23.799999237060546875</ele>
        <time>2026-05-13T20:41:11.000Z</time>
        <extensions>
          <ns3:TrackPointExtension>
            <ns3:hr>137</ns3:hr>
            <ns3:cad>92</ns3:cad>
          </ns3:TrackPointExtension>
        </extensions>
      </trkpt>
      <trkpt lat="30.60270088724792003631591796875" lon="114.41485709510743618011474609375">
        <ele>23.799999237060546875</ele>
        <time>2026-05-13T20:41:12.000Z</time>
        <extensions>
          <ns3:TrackPointExtension>
            <ns3:hr>136</ns3:hr>
            <ns3:cad>92</ns3:cad>
          </ns3:TrackPointExtension>
        </extensions>
      </trkpt>
      <trkpt lat="30.60268261469900608062744140625" lon="114.41487335599958896636962890625">
        <ele>23.799999237060546875</ele>
        <time>2026-05-13T20:41:13.000Z</time>
        <extensions>
          <ns3:TrackPointExtension>
            <ns3:hr>136</ns3:hr>
            <ns3:cad>92</ns3:cad>
          </ns3:TrackPointExtension>
        </extensions>
      </trkpt>
      <trkpt lat="30.60265445150434970855712890625" lon="114.41487670876085758209228515625">
        <ele>23.6000003814697265625</ele>
        <time>2026-05-13T20:41:14.000Z</time>
        <extensions>
          <ns3:TrackPointExtension>
            <ns3:hr>137</ns3:hr>
            <ns3:cad>92</ns3:cad>
          </ns3:TrackPointExtension>
        </extensions>
      </trkpt>
      <trkpt lat="30.6026337482035160064697265625" lon="114.41488894633948802947998046875">
        <ele>23.6000003814697265625</ele>
        <time>2026-05-13T20:41:15.000Z</time>
        <extensions>
          <ns3:TrackPointExtension>
            <ns3:hr>136</ns3:hr>
            <ns3:cad>92</ns3:cad>
          </ns3:TrackPointExtension>
        </extensions>
      </trkpt>
      <trkpt lat="30.6026092730462551116943359375" lon="114.41489581950008869171142578125">
        <ele>23.6000003814697265625</ele>
        <time>2026-05-13T20:41:16.000Z</time>
        <extensions>
          <ns3:TrackPointExtension>
            <ns3:hr>136</ns3:hr>
            <ns3:cad>92</ns3:cad>
          </ns3:TrackPointExtension>
        </extensions>
      </trkpt>
      <trkpt lat="30.60258437879383563995361328125" lon="114.41490772180259227752685546875">
        <ele>23.6000003814697265625</ele>
        <time>2026-05-13T20:41:17.000Z</time>
        <extensions>
          <ns3:TrackPointExtension>
            <ns3:hr>137</ns3:hr>
            <ns3:cad>91</ns3:cad>
          </ns3:TrackPointExtension>
        </extensions>
      </trkpt>
      <trkpt lat="30.60256007127463817596435546875" lon="114.4149187020957469940185546875">
        <ele>23.6000003814697265625</ele>
        <time>2026-05-13T20:41:18.000Z</time>
        <extensions>
          <ns3:TrackPointExtension>
            <ns3:hr>136</ns3:hr>
            <ns3:cad>93</ns3:cad>
          </ns3:TrackPointExtension>
        </extensions>
      </trkpt>
      <trkpt lat="30.6025345064699649810791015625" lon="114.41493035294115543365478515625">
        <ele>23.6000003814697265625</ele>
        <time>2026-05-13T20:41:19.000Z</time>
        <extensions>
          <ns3:TrackPointExtension>
            <ns3:hr>136</ns3:hr>
            <ns3:cad>93</ns3:cad>
          </ns3:TrackPointExtension>
        </extensions>
      </trkpt>
      <trkpt lat="30.6025127135217189788818359375" lon="114.41494007594883441925048828125">
        <ele>23.6000003814697265625</ele>
        <time>2026-05-13T20:41:20.000Z</time>
        <extensions>
          <ns3:TrackPointExtension>
            <ns3:hr>137</ns3:hr>
            <ns3:cad>93</ns3:cad>
          </ns3:TrackPointExtension>
        </extensions>
      </trkpt>
      <trkpt lat="30.602485053241252899169921875" lon="114.4149508886039257049560546875">
        <ele>23.6000003814697265625</ele>
        <time>2026-05-13T20:41:21.000Z</time>
        <extensions>
          <ns3:TrackPointExtension>
            <ns3:hr>136</ns3:hr>
            <ns3:cad>93</ns3:cad>
          </ns3:TrackPointExtension>
        </extensions>
      </trkpt>
      <trkpt lat="30.6024651043117046356201171875" lon="114.41496186889708042144775390625">
        <ele>23.6000003814697265625</ele>
        <time>2026-05-13T20:41:22.000Z</time>
        <extensions>
          <ns3:TrackPointExtension>
            <ns3:hr>136</ns3:hr>
            <ns3:cad>93</ns3:cad>
          </ns3:TrackPointExtension>
        </extensions>
      </trkpt>
      <trkpt lat="30.60243308544158935546875" lon="114.414971172809600830078125">
        <ele>23.6000003814697265625</ele>
        <time>2026-05-13T20:41:23.000Z</time>
        <extensions>
          <ns3:TrackPointExtension>
            <ns3:hr>137</ns3:hr>
            <ns3:cad>93</ns3:cad>
          </ns3:TrackPointExtension>
        </extensions>
      </trkpt>
      <trkpt lat="30.602415986359119415283203125" lon="114.41498802043497562408447265625">
        <ele>23.6000003814697265625</ele>
        <time>2026-05-13T20:41:24.000Z</time>
        <extensions>
          <ns3:TrackPointExtension>
            <ns3:hr>136</ns3:hr>
            <ns3:cad>93</ns3:cad>
          </ns3:TrackPointExtension>
        </extensions>
      </trkpt>
      <trkpt lat="30.60238455422222614288330078125" lon="114.4149944745004177093505859375">
        <ele>23.6000003814697265625</ele>
        <time>2026-05-13T20:41:25.000Z</time>
        <extensions>
          <ns3:TrackPointExtension>
            <ns3:hr>136</ns3:hr>
            <ns3:cad>93</ns3:cad>
          </ns3:TrackPointExtension>
        </extensions>
      </trkpt>
      <trkpt lat="30.6023638509213924407958984375" lon="114.41500729881227016448974609375">
        <ele>23.6000003814697265625</ele>
        <time>2026-05-13T20:41:26.000Z</time>
        <extensions>
          <ns3:TrackPointExtension>
            <ns3:hr>137</ns3:hr>
            <ns3:cad>92</ns3:cad>
          </ns3:TrackPointExtension>
        </extensions>
      </trkpt>
      <trkpt lat="30.60232780873775482177734375" lon="114.41500478424131870269775390625">
        <ele>23.6000003814697265625</ele>
        <time>2026-05-13T20:41:27.000Z</time>
        <extensions>
          <ns3:TrackPointExtension>
            <ns3:hr>137</ns3:hr>
            <ns3:cad>92</ns3:cad>
          </ns3:TrackPointExtension>
        </extensions>
      </trkpt>
      <trkpt lat="30.60230769217014312744140625" lon="114.41501199267804622650146484375">
        <ele>23.6000003814697265625</ele>
        <time>2026-05-13T20:41:28.000Z</time>
        <extensions>
          <ns3:TrackPointExtension>
            <ns3:hr>137</ns3:hr>
            <ns3:cad>92</ns3:cad>
          </ns3:TrackPointExtension>
        </extensions>
      </trkpt>
      <trkpt lat="30.60227827169001102447509765625" lon="114.41501383669674396514892578125">
        <ele>23.799999237060546875</ele>
        <time>2026-05-13T20:41:29.000Z</time>
        <extensions>
          <ns3:TrackPointExtension>
            <ns3:hr>137</ns3:hr>
            <ns3:cad>92</ns3:cad>
          </ns3:TrackPointExtension>
        </extensions>
      </trkpt>
      <trkpt lat="30.60226402245461940765380859375" lon="114.41502909176051616668701171875">
        <ele>23.799999237060546875</ele>
        <time>2026-05-13T20:41:30.000Z</time>
        <extensions>
          <ns3:TrackPointExtension>
            <ns3:hr>137</ns3:hr>
            <ns3:cad>92</ns3:cad>
          </ns3:TrackPointExtension>
        </extensions>
      </trkpt>
      <trkpt lat="30.602238960564136505126953125" lon="114.41503294743597507476806640625">
        <ele>23.799999237060546875</ele>
        <time>2026-05-13T20:41:31.000Z</time>
        <extensions>
          <ns3:TrackPointExtension>
            <ns3:hr>137</ns3:hr>
            <ns3:cad>92</ns3:cad>
          </ns3:TrackPointExtension>
        </extensions>
      </trkpt>
      <trkpt lat="30.6022206880152225494384765625" lon="114.4150487892329692840576171875">
        <ele>23.799999237060546875</ele>
        <time>2026-05-13T20:41:32.000Z</time>
        <extensions>
          <ns3:TrackPointExtension>
            <ns3:hr>137</ns3:hr>
            <ns3:cad>92</ns3:cad>
          </ns3:TrackPointExtension>
        </extensions>
      </trkpt>
      <trkpt lat="30.6021958775818347930908203125" lon="114.4150561653077602386474609375">
        <ele>23.799999237060546875</ele>
        <time>2026-05-13T20:41:33.000Z</time>
        <extensions>
          <ns3:TrackPointExtension>
            <ns3:hr>137</ns3:hr>
            <ns3:cad>92</ns3:cad>
          </ns3:TrackPointExtension>
        </extensions>
      </trkpt>
      <trkpt lat="30.6021742522716522216796875" lon="114.41506898961961269378662109375">
        <ele>23.799999237060546875</ele>
        <time>2026-05-13T20:41:34.000Z</time>
        <extensions>
          <ns3:TrackPointExtension>
            <ns3:hr>138</ns3:hr>
            <ns3:cad>92</ns3:cad>
          </ns3:TrackPointExtension>
        </extensions>
      </trkpt>
      <trkpt lat="30.60215103439986705780029296875" lon="114.41507401876151561737060546875">
        <ele>23.799999237060546875</ele>
        <time>2026-05-13T20:41:35.000Z</time>
        <extensions>
          <ns3:TrackPointExtension>
            <ns3:hr>137</ns3:hr>
            <ns3:cad>92</ns3:cad>
          </ns3:TrackPointExtension>
        </extensions>
      </trkpt>
      <trkpt lat="30.60212932527065277099609375" lon="114.41508541814982891082763671875">
        <ele>23.799999237060546875</ele>
        <time>2026-05-13T20:41:36.000Z</time>
        <extensions>
          <ns3:TrackPointExtension>
            <ns3:hr>137</ns3:hr>
            <ns3:cad>92</ns3:cad>
          </ns3:TrackPointExtension>
        </extensions>
      </trkpt>
      <trkpt lat="30.60210728086531162261962890625" lon="114.41509111784398555755615234375">
        <ele>23.799999237060546875</ele>
        <time>2026-05-13T20:41:37.000Z</time>
        <extensions>
          <ns3:TrackPointExtension>
            <ns3:hr>137</ns3:hr>
            <ns3:cad>92</ns3:cad>
          </ns3:TrackPointExtension>
        </extensions>
      </trkpt>
      <trkpt lat="30.602082721889019012451171875" lon="114.41510268487036228179931640625">
        <ele>23.799999237060546875</ele>
        <time>2026-05-13T20:41:38.000Z</time>
        <extensions>
          <ns3:TrackPointExtension>
            <ns3:hr>137</ns3:hr>
            <ns3:cad>92</ns3:cad>
          </ns3:TrackPointExtension>
        </extensions>
      </trkpt>
      <trkpt lat="30.60206218622624874114990234375" lon="114.41510997712612152099609375">
        <ele>23.799999237060546875</ele>
        <time>2026-05-13T20:41:39.000Z</time>
        <extensions>
          <ns3:TrackPointExtension>
            <ns3:hr>137</ns3:hr>
            <ns3:cad>92</ns3:cad>
          </ns3:TrackPointExtension>
        </extensions>
      </trkpt>
      <trkpt lat="30.60203435830771923065185546875" lon="114.41511710174381732940673828125">
        <ele>23.799999237060546875</ele>
        <time>2026-05-13T20:41:40.000Z</time>
        <extensions>
          <ns3:TrackPointExtension>
            <ns3:hr>136</ns3:hr>
            <ns3:cad>92</ns3:cad>
          </ns3:TrackPointExtension>
        </extensions>
      </trkpt>
      <trkpt lat="30.6020111404359340667724609375" lon="114.415122382342815399169921875">
        <ele>23.799999237060546875</ele>
        <time>2026-05-13T20:41:41.000Z</time>
        <extensions>
          <ns3:TrackPointExtension>
            <ns3:hr>136</ns3:hr>
            <ns3:cad>92</ns3:cad>
          </ns3:TrackPointExtension>
        </extensions>
      </trkpt>
      <trkpt lat="30.60198557563126087188720703125" lon="114.415126405656337738037109375">
        <ele>23.799999237060546875</ele>
        <time>2026-05-13T20:41:42.000Z</time>
        <extensions>
          <ns3:TrackPointExtension>
            <ns3:hr>136</ns3:hr>
            <ns3:cad>92</ns3:cad>
          </ns3:TrackPointExtension>
        </extensions>
      </trkpt>
      <trkpt lat="30.6019650399684906005859375" lon="114.415137469768524169921875">
        <ele>23.799999237060546875</ele>
        <time>2026-05-13T20:41:43.000Z</time>
        <extensions>
          <ns3:TrackPointExtension>
            <ns3:hr>135</ns3:hr>
            <ns3:cad>92</ns3:cad>
          </ns3:TrackPointExtension>
        </extensions>
      </trkpt>
      <trkpt lat="30.60193830169737339019775390625" lon="114.41514710895717144012451171875">
        <ele>23.799999237060546875</ele>
        <time>2026-05-13T20:41:44.000Z</time>
        <extensions>
          <ns3:TrackPointExtension>
            <ns3:hr>135</ns3:hr>
            <ns3:cad>92</ns3:cad>
          </ns3:TrackPointExtension>
        </extensions>
      </trkpt>
      <trkpt lat="30.60191734693944454193115234375" lon="114.4151644594967365264892578125">
        <ele>23.799999237060546875</ele>
        <time>2026-05-13T20:41:45.000Z</time>
        <extensions>
          <ns3:TrackPointExtension>
            <ns3:hr>135</ns3:hr>
            <ns3:cad>92</ns3:cad>
          </ns3:TrackPointExtension>
        </extensions>
      </trkpt>
      <trkpt lat="30.601885579526424407958984375" lon="114.4151852466166019439697265625">
        <ele>23.6000003814697265625</ele>
        <time>2026-05-13T20:41:46.000Z</time>
        <extensions>
          <ns3:TrackPointExtension>
            <ns3:hr>134</ns3:hr>
            <ns3:cad>92</ns3:cad>
          </ns3:TrackPointExtension>
        </extensions>
      </trkpt>
      <trkpt lat="30.6018698215484619140625" lon="114.41520511172711849212646484375">
        <ele>23.6000003814697265625</ele>
        <time>2026-05-13T20:41:47.000Z</time>
        <extensions>
          <ns3:TrackPointExtension>
            <ns3:hr>134</ns3:hr>
            <ns3:cad>92</ns3:cad>
          </ns3:TrackPointExtension>
        </extensions>
      </trkpt>
      <trkpt lat="30.601844005286693572998046875" lon="114.4152326881885528564453125">
        <ele>23.6000003814697265625</ele>
        <time>2026-05-13T20:41:48.000Z</time>
        <extensions>
          <ns3:TrackPointExtension>
            <ns3:hr>134</ns3:hr>
            <ns3:cad>92</ns3:cad>
          </ns3:TrackPointExtension>
        </extensions>
      </trkpt>
      <trkpt lat="30.60183403082191944122314453125" lon="114.41525422967970371246337890625">
        <ele>23.799999237060546875</ele>
        <time>2026-05-13T20:41:49.000Z</time>
        <extensions>
          <ns3:TrackPointExtension>
            <ns3:hr>134</ns3:hr>
            <ns3:cad>92</ns3:cad>
          </ns3:TrackPointExtension>
        </extensions>
      </trkpt>
      <trkpt lat="30.6018183566629886627197265625" lon="114.415283314883708953857421875">
        <ele>23.799999237060546875</ele>
        <time>2026-05-13T20:41:50.000Z</time>
        <extensions>
          <ns3:TrackPointExtension>
            <ns3:hr>134</ns3:hr>
            <ns3:cad>92</ns3:cad>
          </ns3:TrackPointExtension>
        </extensions>
      </trkpt>
      <trkpt lat="30.60181542299687862396240234375" lon="114.41530418582260608673095703125">
        <ele>23.799999237060546875</ele>
        <time>2026-05-13T20:41:51.000Z</time>
        <extensions>
          <ns3:TrackPointExtension>
            <ns3:hr>134</ns3:hr>
            <ns3:cad>92</ns3:cad>
          </ns3:TrackPointExtension>
        </extensions>
      </trkpt>
      <trkpt lat="30.601809136569499969482421875" lon="114.41533301956951618194580078125">
        <ele>23.799999237060546875</ele>
        <time>2026-05-13T20:41:52.000Z</time>
        <extensions>
          <ns3:TrackPointExtension>
            <ns3:hr>133</ns3:hr>
            <ns3:cad>92</ns3:cad>
          </ns3:TrackPointExtension>
        </extensions>
      </trkpt>
      <trkpt lat="30.601809807121753692626953125" lon="114.41535665653645992279052734375">
        <ele>23.799999237060546875</ele>
        <time>2026-05-13T20:41:53.000Z</time>
        <extensions>
          <ns3:TrackPointExtension>
            <ns3:hr>134</ns3:hr>
            <ns3:cad>91</ns3:cad>
          </ns3:TrackPointExtension>
        </extensions>
      </trkpt>
      <trkpt lat="30.60181039385497570037841796875" lon="114.4153880886733531951904296875">
        <ele>23.799999237060546875</ele>
        <time>2026-05-13T20:41:54.000Z</time>
        <extensions>
          <ns3:TrackPointExtension>
            <ns3:hr>134</ns3:hr>
            <ns3:cad>92</ns3:cad>
          </ns3:TrackPointExtension>
        </extensions>
      </trkpt>
      <trkpt lat="30.60181173495948314666748046875" lon="114.415411055088043212890625">
        <ele>23.799999237060546875</ele>
        <time>2026-05-13T20:41:55.000Z</time>
        <extensions>
          <ns3:TrackPointExtension>
            <ns3:hr>133</ns3:hr>
            <ns3:cad>92</ns3:cad>
          </ns3:TrackPointExtension>
        </extensions>
      </trkpt>
      <trkpt lat="30.60180720873177051544189453125" lon="114.415443576872348785400390625">
        <ele>23.799999237060546875</ele>
        <time>2026-05-13T20:41:56.000Z</time>
        <extensions>
          <ns3:TrackPointExtension>
            <ns3:hr>134</ns3:hr>
            <ns3:cad>92</ns3:cad>
          </ns3:TrackPointExtension>
        </extensions>
      </trkpt>
      <trkpt lat="30.60180804692208766937255859375" lon="114.4154688902199268341064453125">
        <ele>23.799999237060546875</ele>
        <time>2026-05-13T20:41:57.000Z</time>
        <extensions>
          <ns3:TrackPointExtension>
            <ns3:hr>135</ns3:hr>
            <ns3:cad>92</ns3:cad>
          </ns3:TrackPointExtension>
        </extensions>
      </trkpt>
      <trkpt lat="30.6018029339611530303955078125" lon="114.4154973886907100677490234375">
        <ele>23.799999237060546875</ele>
        <time>2026-05-13T20:41:58.000Z</time>
        <extensions>
          <ns3:TrackPointExtension>
            <ns3:hr>135</ns3:hr>
            <ns3:cad>92</ns3:cad>
          </ns3:TrackPointExtension>
        </extensions>
      </trkpt>
      <trkpt lat="30.601806454360485076904296875" lon="114.41552194766700267791748046875">
        <ele>23.799999237060546875</ele>
        <time>2026-05-13T20:41:59.000Z</time>
        <extensions>
          <ns3:TrackPointExtension>
            <ns3:hr>136</ns3:hr>
            <ns3:cad>92</ns3:cad>
          </ns3:TrackPointExtension>
        </extensions>
      </trkpt>
      <trkpt lat="30.60180586762726306915283203125" lon="114.41554876975715160369873046875">
        <ele>23.799999237060546875</ele>
        <time>2026-05-13T20:42:00.000Z</time>
        <extensions>
          <ns3:TrackPointExtension>
            <ns3:hr>137</ns3:hr>
            <ns3:cad>92</ns3:cad>
          </ns3:TrackPointExtension>
        </extensions>
      </trkpt>
      <trkpt lat="30.60180687345564365386962890625" lon="114.41557274200022220611572265625">
        <ele>23.799999237060546875</ele>
        <time>2026-05-13T20:42:01.000Z</time>
        <extensions>
          <ns3:TrackPointExtension>
            <ns3:hr>137</ns3:hr>
            <ns3:cad>92</ns3:cad>
          </ns3:TrackPointExtension>
        </extensions>
      </trkpt>
      <trkpt lat="30.60180787928402423858642578125" lon="114.4155989773571491241455078125">
        <ele>23.799999237060546875</ele>
        <time>2026-05-13T20:42:02.000Z</time>
        <extensions>
          <ns3:TrackPointExtension>
            <ns3:hr>137</ns3:hr>
            <ns3:cad>93</ns3:cad>
          </ns3:TrackPointExtension>
        </extensions>
      </trkpt>
      <trkpt lat="30.60180922038853168487548828125" lon="114.41563007421791553497314453125">
        <ele>23.799999237060546875</ele>
        <time>2026-05-13T20:42:03.000Z</time>
        <extensions>
          <ns3:TrackPointExtension>
            <ns3:hr>138</ns3:hr>
            <ns3:cad>93</ns3:cad>
          </ns3:TrackPointExtension>
        </extensions>
      </trkpt>
      <trkpt lat="30.60181089676916599273681640625" lon="114.41565890796482563018798828125">
        <ele>23.799999237060546875</ele>
        <time>2026-05-13T20:42:04.000Z</time>
        <extensions>
          <ns3:TrackPointExtension>
            <ns3:hr>138</ns3:hr>
            <ns3:cad>93</ns3:cad>
          </ns3:TrackPointExtension>
        </extensions>
      </trkpt>
      <trkpt lat="30.60181156732141971588134765625" lon="114.41568891517817974090576171875">
        <ele>23.799999237060546875</ele>
        <time>2026-05-13T20:42:05.000Z</time>
        <extensions>
          <ns3:TrackPointExtension>
            <ns3:hr>138</ns3:hr>
            <ns3:cad>94</ns3:cad>
          </ns3:TrackPointExtension>
        </extensions>
      </trkpt>
      <trkpt lat="30.60180972330272197723388671875" lon="114.41571875475347042083740234375">
        <ele>23.799999237060546875</ele>
        <time>2026-05-13T20:42:06.000Z</time>
        <extensions>
          <ns3:TrackPointExtension>
            <ns3:hr>139</ns3:hr>
            <ns3:cad>94</ns3:cad>
          </ns3:TrackPointExtension>
        </extensions>
      </trkpt>
      <trkpt lat="30.60181081295013427734375" lon="114.41575379110872745513916015625">
        <ele>23.799999237060546875</ele>
        <time>2026-05-13T20:42:07.000Z</time>
        <extensions>
          <ns3:TrackPointExtension>
            <ns3:hr>139</ns3:hr>
            <ns3:cad>94</ns3:cad>
          </ns3:TrackPointExtension>
        </extensions>
      </trkpt>
      <trkpt lat="30.60181106440722942352294921875" lon="114.41578228957951068878173828125">
        <ele>23.799999237060546875</ele>
        <time>2026-05-13T20:42:08.000Z</time>
        <extensions>
          <ns3:TrackPointExtension>
            <ns3:hr>139</ns3:hr>
            <ns3:cad>93</ns3:cad>
          </ns3:TrackPointExtension>
        </extensions>
      </trkpt>
      <trkpt lat="30.6018099747598171234130859375" lon="114.41581699065864086151123046875">
        <ele>23.799999237060546875</ele>
        <time>2026-05-13T20:42:09.000Z</time>
        <extensions>
          <ns3:TrackPointExtension>
            <ns3:hr>139</ns3:hr>
            <ns3:cad>93</ns3:cad>
          </ns3:TrackPointExtension>
        </extensions>
      </trkpt>
      <trkpt lat="30.6018129922449588775634765625" lon="114.4158457405865192413330078125">
        <ele>23.799999237060546875</ele>
        <time>2026-05-13T20:42:10.000Z</time>
        <extensions>
          <ns3:TrackPointExtension>
            <ns3:hr>139</ns3:hr>
            <ns3:cad>93</ns3:cad>
          </ns3:TrackPointExtension>
        </extensions>
      </trkpt>
      <trkpt lat="30.60181324370205402374267578125" lon="114.41587884910404682159423828125">
        <ele>23.799999237060546875</ele>
        <time>2026-05-13T20:42:11.000Z</time>
        <extensions>
          <ns3:TrackPointExtension>
            <ns3:hr>140</ns3:hr>
            <ns3:cad>93</ns3:cad>
          </ns3:TrackPointExtension>
        </extensions>
      </trkpt>
      <trkpt lat="30.60181894339621067047119140625" lon="114.4159059226512908935546875">
        <ele>23.799999237060546875</ele>
        <time>2026-05-13T20:42:12.000Z</time>
        <extensions>
          <ns3:TrackPointExtension>
            <ns3:hr>140</ns3:hr>
            <ns3:cad>93</ns3:cad>
          </ns3:TrackPointExtension>
        </extensions>
      </trkpt>
      <trkpt lat="30.60181726701557636260986328125" lon="114.41594053991138935089111328125">
        <ele>23.799999237060546875</ele>
        <time>2026-05-13T20:42:13.000Z</time>
        <extensions>
          <ns3:TrackPointExtension>
            <ns3:hr>140</ns3:hr>
            <ns3:cad>93</ns3:cad>
          </ns3:TrackPointExtension>
        </extensions>
      </trkpt>
      <trkpt lat="30.60181793756783008575439453125" lon="114.41596903838217258453369140625">
        <ele>24</ele>
        <time>2026-05-13T20:42:14.000Z</time>
        <extensions>
          <ns3:TrackPointExtension>
            <ns3:hr>139</ns3:hr>
            <ns3:cad>93</ns3:cad>
          </ns3:TrackPointExtension>
        </extensions>
      </trkpt>
      <trkpt lat="30.6018163450062274932861328125" lon="114.415996782481670379638671875">
        <ele>23.799999237060546875</ele>
        <time>2026-05-13T20:42:15.000Z</time>
        <extensions>
          <ns3:TrackPointExtension>
            <ns3:hr>140</ns3:hr>
            <ns3:cad>93</ns3:cad>
          </ns3:TrackPointExtension>
        </extensions>
      </trkpt>
      <trkpt lat="30.60181743465363979339599609375" lon="114.416024945676326751708984375">
        <ele>23.799999237060546875</ele>
        <time>2026-05-13T20:42:16.000Z</time>
        <extensions>
          <ns3:TrackPointExtension>
            <ns3:hr>140</ns3:hr>
            <ns3:cad>92</ns3:cad>
          </ns3:TrackPointExtension>
        </extensions>
      </trkpt>
      <trkpt lat="30.60181726701557636260986328125" lon="114.4160559587180614471435546875">
        <ele>23.799999237060546875</ele>
        <time>2026-05-13T20:42:17.000Z</time>
        <extensions>
          <ns3:TrackPointExtension>
            <ns3:hr>140</ns3:hr>
            <ns3:cad>92</ns3:cad>
          </ns3:TrackPointExtension>
        </extensions>
      </trkpt>
      <trkpt lat="30.601821206510066986083984375" lon="114.41608638502657413482666015625">
        <ele>23.799999237060546875</ele>
        <time>2026-05-13T20:42:18.000Z</time>
        <extensions>
          <ns3:TrackPointExtension>
            <ns3:hr>139</ns3:hr>
            <ns3:cad>92</ns3:cad>
          </ns3:TrackPointExtension>
        </extensions>
      </trkpt>
      <trkpt lat="30.60182162560522556304931640625" lon="114.4161163084208965301513671875">
        <ele>23.799999237060546875</ele>
        <time>2026-05-13T20:42:19.000Z</time>
        <extensions>
          <ns3:TrackPointExtension>
            <ns3:hr>140</ns3:hr>
            <ns3:cad>92</ns3:cad>
          </ns3:TrackPointExtension>
        </extensions>
      </trkpt>
      <trkpt lat="30.6018223799765110015869140625" lon="114.41614489071071147918701171875">
        <ele>23.799999237060546875</ele>
        <time>2026-05-13T20:42:20.000Z</time>
        <extensions>
          <ns3:TrackPointExtension>
            <ns3:hr>140</ns3:hr>
            <ns3:cad>92</ns3:cad>
          </ns3:TrackPointExtension>
        </extensions>
      </trkpt>
      <trkpt lat="30.60182380490005016326904296875" lon="114.41617623902857303619384765625">
        <ele>23.799999237060546875</ele>
        <time>2026-05-13T20:42:21.000Z</time>
        <extensions>
          <ns3:TrackPointExtension>
            <ns3:hr>140</ns3:hr>
            <ns3:cad>92</ns3:cad>
          </ns3:TrackPointExtension>
        </extensions>
      </trkpt>
      <trkpt lat="30.6018253974616527557373046875" lon="114.4162121973931789398193359375">
        <ele>23.799999237060546875</ele>
        <time>2026-05-13T20:42:22.000Z</time>
        <extensions>
          <ns3:TrackPointExtension>
            <ns3:hr>139</ns3:hr>
            <ns3:cad>93</ns3:cad>
          </ns3:TrackPointExtension>
        </extensions>
      </trkpt>
      <trkpt lat="30.60182313434779644012451171875" lon="114.416237510740756988525390625">
        <ele>23.799999237060546875</ele>
        <time>2026-05-13T20:42:23.000Z</time>
        <extensions>
          <ns3:TrackPointExtension>
            <ns3:hr>139</ns3:hr>
            <ns3:cad>93</ns3:cad>
          </ns3:TrackPointExtension>
        </extensions>
      </trkpt>
      <trkpt lat="30.60182397253811359405517578125" lon="114.41627229563891887664794921875">
        <ele>23.799999237060546875</ele>
        <time>2026-05-13T20:42:24.000Z</time>
        <extensions>
          <ns3:TrackPointExtension>
            <ns3:hr>139</ns3:hr>
            <ns3:cad>93</ns3:cad>
          </ns3:TrackPointExtension>
        </extensions>
      </trkpt>
      <trkpt lat="30.601827912032604217529296875" lon="114.416298530995845794677734375">
        <ele>23.799999237060546875</ele>
        <time>2026-05-13T20:42:25.000Z</time>
        <extensions>
          <ns3:TrackPointExtension>
            <ns3:hr>138</ns3:hr>
            <ns3:cad>93</ns3:cad>
          </ns3:TrackPointExtension>
        </extensions>
      </trkpt>
      <trkpt lat="30.60182682238519191741943359375" lon="114.41633817739784717559814453125">
        <ele>23.799999237060546875</ele>
        <time>2026-05-13T20:42:26.000Z</time>
        <extensions>
          <ns3:TrackPointExtension>
            <ns3:hr>138</ns3:hr>
            <ns3:cad>93</ns3:cad>
          </ns3:TrackPointExtension>
        </extensions>
      </trkpt>
      <trkpt lat="30.60182715766131877899169921875" lon="114.41636449657380580902099609375">
        <ele>23.6000003814697265625</ele>
        <time>2026-05-13T20:42:27.000Z</time>
        <extensions>
          <ns3:TrackPointExtension>
            <ns3:hr>138</ns3:hr>
            <ns3:cad>93</ns3:cad>
          </ns3:TrackPointExtension>
        </extensions>
      </trkpt>
      <trkpt lat="30.60182615183293819427490234375" lon="114.41639517433941364288330078125">
        <ele>23.799999237060546875</ele>
        <time>2026-05-13T20:42:28.000Z</time>
        <extensions>
          <ns3:TrackPointExtension>
            <ns3:hr>137</ns3:hr>
            <ns3:cad>93</ns3:cad>
          </ns3:TrackPointExtension>
        </extensions>
      </trkpt>
      <trkpt lat="30.60182623565196990966796875" lon="114.4164187274873256683349609375">
        <ele>23.6000003814697265625</ele>
        <time>2026-05-13T20:42:29.000Z</time>
        <extensions>
          <ns3:TrackPointExtension>
            <ns3:hr>137</ns3:hr>
            <ns3:cad>93</ns3:cad>
          </ns3:TrackPointExtension>
        </extensions>
      </trkpt>
      <trkpt lat="30.60182363726198673248291015625" lon="114.41644915379583835601806640625">
        <ele>23.6000003814697265625</ele>
        <time>2026-05-13T20:42:30.000Z</time>
        <extensions>
          <ns3:TrackPointExtension>
            <ns3:hr>137</ns3:hr>
            <ns3:cad>93</ns3:cad>
          </ns3:TrackPointExtension>
        </extensions>
      </trkpt>
      <trkpt lat="30.60182631947100162506103515625" lon="114.41647631116211414337158203125">
        <ele>23.6000003814697265625</ele>
        <time>2026-05-13T20:42:31.000Z</time>
        <extensions>
          <ns3:TrackPointExtension>
            <ns3:hr>137</ns3:hr>
            <ns3:cad>93</ns3:cad>
          </ns3:TrackPointExtension>
        </extensions>
      </trkpt>
      <trkpt lat="30.60182229615747928619384765625" lon="114.416508413851261138916015625">
        <ele>23.6000003814697265625</ele>
        <time>2026-05-13T20:42:32.000Z</time>
        <extensions>
          <ns3:TrackPointExtension>
            <ns3:hr>137</ns3:hr>
            <ns3:cad>92</ns3:cad>
          </ns3:TrackPointExtension>
        </extensions>
      </trkpt>
      <trkpt lat="30.6018243916332721710205078125" lon="114.4165364094078540802001953125">
        <ele>23.6000003814697265625</ele>
        <time>2026-05-13T20:42:33.000Z</time>
        <extensions>
          <ns3:TrackPointExtension>
            <ns3:hr>137</ns3:hr>
            <ns3:cad>92</ns3:cad>
          </ns3:TrackPointExtension>
        </extensions>
      </trkpt>
      <trkpt lat="30.60182145796716213226318359375" lon="114.41657052375376224517822265625">
        <ele>23.6000003814697265625</ele>
        <time>2026-05-13T20:42:34.000Z</time>
        <extensions>
          <ns3:TrackPointExtension>
            <ns3:hr>137</ns3:hr>
            <ns3:cad>93</ns3:cad>
          </ns3:TrackPointExtension>
        </extensions>
      </trkpt>
      <trkpt lat="30.6018213741481304168701171875" lon="114.416599273681640625">
        <ele>23.6000003814697265625</ele>
        <time>2026-05-13T20:42:35.000Z</time>
        <extensions>
          <ns3:TrackPointExtension>
            <ns3:hr>137</ns3:hr>
            <ns3:cad>93</ns3:cad>
          </ns3:TrackPointExtension>
        </extensions>
      </trkpt>
      <trkpt lat="30.6018227152526378631591796875" lon="114.41662919707596302032470703125">
        <ele>23.6000003814697265625</ele>
        <time>2026-05-13T20:42:36.000Z</time>
        <extensions>
          <ns3:TrackPointExtension>
            <ns3:hr>137</ns3:hr>
            <ns3:cad>93</ns3:cad>
          </ns3:TrackPointExtension>
        </extensions>
      </trkpt>
      <trkpt lat="30.6018223799765110015869140625" lon="114.41666272468864917755126953125">
        <ele>23.6000003814697265625</ele>
        <time>2026-05-13T20:42:37.000Z</time>
        <extensions>
          <ns3:TrackPointExtension>
            <ns3:hr>137</ns3:hr>
            <ns3:cad>93</ns3:cad>
          </ns3:TrackPointExtension>
        </extensions>
      </trkpt>
      <trkpt lat="30.6018243916332721710205078125" lon="114.4166886247694492340087890625">
        <ele>23.3999996185302734375</ele>
        <time>2026-05-13T20:42:38.000Z</time>
        <extensions>
          <ns3:TrackPointExtension>
            <ns3:hr>137</ns3:hr>
            <ns3:cad>93</ns3:cad>
          </ns3:TrackPointExtension>
        </extensions>
      </trkpt>
      <trkpt lat="30.6018297560513019561767578125" lon="114.41671871580183506011962890625">
        <ele>23.3999996185302734375</ele>
        <time>2026-05-13T20:42:39.000Z</time>
        <extensions>
          <ns3:TrackPointExtension>
            <ns3:hr>137</ns3:hr>
            <ns3:cad>93</ns3:cad>
          </ns3:TrackPointExtension>
        </extensions>
      </trkpt>
      <trkpt lat="30.60183688066899776458740234375" lon="114.41674235276877880096435546875">
        <ele>23.3999996185302734375</ele>
        <time>2026-05-13T20:42:40.000Z</time>
        <extensions>
          <ns3:TrackPointExtension>
            <ns3:hr>137</ns3:hr>
            <ns3:cad>92</ns3:cad>
          </ns3:TrackPointExtension>
        </extensions>
      </trkpt>
      <trkpt lat="30.601841993629932403564453125" lon="114.4167747907340526580810546875">
        <ele>23.3999996185302734375</ele>
        <time>2026-05-13T20:42:41.000Z</time>
        <extensions>
          <ns3:TrackPointExtension>
            <ns3:hr>137</ns3:hr>
            <ns3:cad>92</ns3:cad>
          </ns3:TrackPointExtension>
        </extensions>
      </trkpt>
      <trkpt lat="30.60184408910572528839111328125" lon="114.4168022833764553070068359375">
        <ele>23.200000762939453125</ele>
        <time>2026-05-13T20:42:42.000Z</time>
        <extensions>
          <ns3:TrackPointExtension>
            <ns3:hr>136</ns3:hr>
            <ns3:cad>92</ns3:cad>
          </ns3:TrackPointExtension>
        </extensions>
      </trkpt>
      <trkpt lat="30.601847358047962188720703125" lon="114.4168364815413951873779296875">
        <ele>23.200000762939453125</ele>
        <time>2026-05-13T20:42:43.000Z</time>
        <extensions>
          <ns3:TrackPointExtension>
            <ns3:hr>137</ns3:hr>
            <ns3:cad>92</ns3:cad>
          </ns3:TrackPointExtension>
        </extensions>
      </trkpt>
      <trkpt lat="30.60185305774211883544921875" lon="114.4168661534786224365234375">
        <ele>23.200000762939453125</ele>
        <time>2026-05-13T20:42:44.000Z</time>
        <extensions>
          <ns3:TrackPointExtension>
            <ns3:hr>137</ns3:hr>
            <ns3:cad>93</ns3:cad>
          </ns3:TrackPointExtension>
        </extensions>
      </trkpt>
      <trkpt lat="30.60185213573276996612548828125" lon="114.41690077073872089385986328125">
        <ele>23.200000762939453125</ele>
        <time>2026-05-13T20:42:45.000Z</time>
        <extensions>
          <ns3:TrackPointExtension>
            <ns3:hr>137</ns3:hr>
            <ns3:cad>93</ns3:cad>
          </ns3:TrackPointExtension>
        </extensions>
      </trkpt>
      <trkpt lat="30.6018585897982120513916015625" lon="114.41693614237010478973388671875">
        <ele>23.200000762939453125</ele>
        <time>2026-05-13T20:42:46.000Z</time>
        <extensions>
          <ns3:TrackPointExtension>
            <ns3:hr>136</ns3:hr>
            <ns3:cad>91</ns3:cad>
          </ns3:TrackPointExtension>
        </extensions>
      </trkpt>
      <trkpt lat="30.60186554677784442901611328125" lon="114.4169685803353786468505859375">
        <ele>23.200000762939453125</ele>
        <time>2026-05-13T20:42:47.000Z</time>
        <extensions>
          <ns3:TrackPointExtension>
            <ns3:hr>137</ns3:hr>
            <ns3:cad>91</ns3:cad>
          </ns3:TrackPointExtension>
        </extensions>
      </trkpt>
      <trkpt lat="30.6018696539103984832763671875" lon="114.4169994257390499114990234375">
        <ele>23.200000762939453125</ele>
        <time>2026-05-13T20:42:48.000Z</time>
        <extensions>
          <ns3:TrackPointExtension>
            <ns3:hr>137</ns3:hr>
            <ns3:cad>92</ns3:cad>
          </ns3:TrackPointExtension>
        </extensions>
      </trkpt>
      <trkpt lat="30.6018711626529693603515625" lon="114.417029432952404022216796875">
        <ele>23.200000762939453125</ele>
        <time>2026-05-13T20:42:49.000Z</time>
        <extensions>
          <ns3:TrackPointExtension>
            <ns3:hr>137</ns3:hr>
            <ns3:cad>93</ns3:cad>
          </ns3:TrackPointExtension>
        </extensions>
      </trkpt>
      <trkpt lat="30.6018753536045551300048828125" lon="114.41706522367894649505615234375">
        <ele>23.200000762939453125</ele>
        <time>2026-05-13T20:42:50.000Z</time>
        <extensions>
          <ns3:TrackPointExtension>
            <ns3:hr>136</ns3:hr>
            <ns3:cad>93</ns3:cad>
          </ns3:TrackPointExtension>
        </extensions>
      </trkpt>
      <trkpt lat="30.60187996365129947662353515625" lon="114.417094476521015167236328125">
        <ele>23.200000762939453125</ele>
        <time>2026-05-13T20:42:51.000Z</time>
        <extensions>
          <ns3:TrackPointExtension>
            <ns3:hr>137</ns3:hr>
            <ns3:cad>93</ns3:cad>
          </ns3:TrackPointExtension>
        </extensions>
      </trkpt>
      <trkpt lat="30.601882897317409515380859375" lon="114.41712859086692333221435546875">
        <ele>23.200000762939453125</ele>
        <time>2026-05-13T20:42:52.000Z</time>
        <extensions>
          <ns3:TrackPointExtension>
            <ns3:hr>137</ns3:hr>
            <ns3:cad>92</ns3:cad>
          </ns3:TrackPointExtension>
        </extensions>
      </trkpt>
      <trkpt lat="30.60188968665897846221923828125" lon="114.41715725697576999664306640625">
        <ele>23.200000762939453125</ele>
        <time>2026-05-13T20:42:53.000Z</time>
        <extensions>
          <ns3:TrackPointExtension>
            <ns3:hr>136</ns3:hr>
            <ns3:cad>92</ns3:cad>
          </ns3:TrackPointExtension>
        </extensions>
      </trkpt>
      <trkpt lat="30.60189454816281795501708984375" lon="114.41719028167426586151123046875">
        <ele>23</ele>
        <time>2026-05-13T20:42:54.000Z</time>
        <extensions>
          <ns3:TrackPointExtension>
            <ns3:hr>137</ns3:hr>
            <ns3:cad>92</ns3:cad>
          </ns3:TrackPointExtension>
        </extensions>
      </trkpt>
      <trkpt lat="30.60189957730472087860107421875" lon="114.417216517031192779541015625">
        <ele>23</ele>
        <time>2026-05-13T20:42:55.000Z</time>
        <extensions>
          <ns3:TrackPointExtension>
            <ns3:hr>137</ns3:hr>
            <ns3:cad>92</ns3:cad>
          </ns3:TrackPointExtension>
        </extensions>
      </trkpt>
      <trkpt lat="30.6019060313701629638671875" lon="114.417250715196132659912109375">
        <ele>23</ele>
        <time>2026-05-13T20:42:56.000Z</time>
        <extensions>
          <ns3:TrackPointExtension>
            <ns3:hr>137</ns3:hr>
            <ns3:cad>92</ns3:cad>
          </ns3:TrackPointExtension>
        </extensions>
      </trkpt>
      <trkpt lat="30.601909048855304718017578125" lon="114.41727711819112300872802734375">
        <ele>23</ele>
        <time>2026-05-13T20:42:57.000Z</time>
        <extensions>
          <ns3:TrackPointExtension>
            <ns3:hr>138</ns3:hr>
            <ns3:cad>92</ns3:cad>
          </ns3:TrackPointExtension>
        </extensions>
      </trkpt>
      <trkpt lat="30.60190980322659015655517578125" lon="114.417316429316997528076171875">
        <ele>23</ele>
        <time>2026-05-13T20:42:58.000Z</time>
        <extensions>
          <ns3:TrackPointExtension>
            <ns3:hr>138</ns3:hr>
            <ns3:cad>92</ns3:cad>
          </ns3:TrackPointExtension>
        </extensions>
      </trkpt>
      <trkpt lat="30.60191500000655651092529296875" lon="114.41734735853970050811767578125">
        <ele>23</ele>
        <time>2026-05-13T20:42:59.000Z</time>
        <extensions>
          <ns3:TrackPointExtension>
            <ns3:hr>138</ns3:hr>
            <ns3:cad>92</ns3:cad>
          </ns3:TrackPointExtension>
        </extensions>
      </trkpt>
      <trkpt lat="30.60190938413143157958984375" lon="114.417379796504974365234375">
        <ele>23</ele>
        <time>2026-05-13T20:43:00.000Z</time>
        <extensions>
          <ns3:TrackPointExtension>
            <ns3:hr>138</ns3:hr>
            <ns3:cad>92</ns3:cad>
          </ns3:TrackPointExtension>
        </extensions>
      </trkpt>
      <trkpt lat="30.60189756564795970916748046875" lon="114.41741458140313625335693359375">
        <ele>22.799999237060546875</ele>
        <time>2026-05-13T20:43:01.000Z</time>
        <extensions>
          <ns3:TrackPointExtension>
            <ns3:hr>137</ns3:hr>
            <ns3:cad>92</ns3:cad>
          </ns3:TrackPointExtension>
        </extensions>
      </trkpt>
      <trkpt lat="30.6018830649554729461669921875" lon="114.41744324751198291778564453125">
        <ele>22.799999237060546875</ele>
        <time>2026-05-13T20:43:02.000Z</time>
        <extensions>
          <ns3:TrackPointExtension>
            <ns3:hr>138</ns3:hr>
            <ns3:cad>92</ns3:cad>
          </ns3:TrackPointExtension>
        </extensions>
      </trkpt>
      <trkpt lat="30.601868145167827606201171875" lon="114.41747794859111309051513671875">
        <ele>22.6000003814697265625</ele>
        <time>2026-05-13T20:43:03.000Z</time>
        <extensions>
          <ns3:TrackPointExtension>
            <ns3:hr>138</ns3:hr>
            <ns3:cad>92</ns3:cad>
          </ns3:TrackPointExtension>
        </extensions>
      </trkpt>
      <trkpt lat="30.60186521150171756744384765625" lon="114.41750560887157917022705078125">
        <ele>22.6000003814697265625</ele>
        <time>2026-05-13T20:43:04.000Z</time>
        <extensions>
          <ns3:TrackPointExtension>
            <ns3:hr>138</ns3:hr>
            <ns3:cad>92</ns3:cad>
          </ns3:TrackPointExtension>
        </extensions>
      </trkpt>
      <trkpt lat="30.60185750015079975128173828125" lon="114.41754408180713653564453125">
        <ele>22.799999237060546875</ele>
        <time>2026-05-13T20:43:05.000Z</time>
        <extensions>
          <ns3:TrackPointExtension>
            <ns3:hr>137</ns3:hr>
            <ns3:cad>92</ns3:cad>
          </ns3:TrackPointExtension>
        </extensions>
      </trkpt>
      <trkpt lat="30.60185515321791172027587890625" lon="114.41756880842149257659912109375">
        <ele>22.799999237060546875</ele>
        <time>2026-05-13T20:43:06.000Z</time>
        <extensions>
          <ns3:TrackPointExtension>
            <ns3:hr>138</ns3:hr>
            <ns3:cad>92</ns3:cad>
          </ns3:TrackPointExtension>
        </extensions>
      </trkpt>
      <trkpt lat="30.601850710809230804443359375" lon="114.4175983965396881103515625">
        <ele>23</ele>
        <time>2026-05-13T20:43:07.000Z</time>
        <extensions>
          <ns3:TrackPointExtension>
            <ns3:hr>137</ns3:hr>
            <ns3:cad>92</ns3:cad>
          </ns3:TrackPointExtension>
        </extensions>
      </trkpt>
      <trkpt lat="30.601848699152469635009765625" lon="114.41761943511664867401123046875">
        <ele>23</ele>
        <time>2026-05-13T20:43:08.000Z</time>
        <extensions>
          <ns3:TrackPointExtension>
            <ns3:hr>137</ns3:hr>
            <ns3:cad>91</ns3:cad>
          </ns3:TrackPointExtension>
        </extensions>
      </trkpt>
      <trkpt lat="30.601836629211902618408203125" lon="114.41765162162482738494873046875">
        <ele>23</ele>
        <time>2026-05-13T20:43:09.000Z</time>
        <extensions>
          <ns3:TrackPointExtension>
            <ns3:hr>138</ns3:hr>
            <ns3:cad>91</ns3:cad>
          </ns3:TrackPointExtension>
        </extensions>
      </trkpt>
      <trkpt lat="30.60183151625096797943115234375" lon="114.41767442040145397186279296875">
        <ele>23</ele>
        <time>2026-05-13T20:43:10.000Z</time>
        <extensions>
          <ns3:TrackPointExtension>
            <ns3:hr>138</ns3:hr>
            <ns3:cad>91</ns3:cad>
          </ns3:TrackPointExtension>
        </extensions>
      </trkpt>
      <trkpt lat="30.60183017514646053314208984375" lon="114.41770543344318866729736328125">
        <ele>23</ele>
        <time>2026-05-13T20:43:11.000Z</time>
        <extensions>
          <ns3:TrackPointExtension>
            <ns3:hr>138</ns3:hr>
            <ns3:cad>90</ns3:cad>
          </ns3:TrackPointExtension>
        </extensions>
      </trkpt>
      <trkpt lat="30.601831264793872833251953125" lon="114.41772387363016605377197265625">
        <ele>22.799999237060546875</ele>
        <time>2026-05-13T20:43:12.000Z</time>
        <extensions>
          <ns3:TrackPointExtension>
            <ns3:hr>138</ns3:hr>
            <ns3:cad>90</ns3:cad>
          </ns3:TrackPointExtension>
        </extensions>
      </trkpt>
      <trkpt lat="30.60183227062225341796875" lon="114.41775069572031497955322265625">
        <ele>22.799999237060546875</ele>
        <time>2026-05-13T20:43:13.000Z</time>
        <extensions>
          <ns3:TrackPointExtension>
            <ns3:hr>137</ns3:hr>
            <ns3:cad>90</ns3:cad>
          </ns3:TrackPointExtension>
        </extensions>
      </trkpt>
      <trkpt lat="30.60183386318385601043701171875" lon="114.417773075401782989501953125">
        <ele>22.799999237060546875</ele>
        <time>2026-05-13T20:43:14.000Z</time>
        <extensions>
          <ns3:TrackPointExtension>
            <ns3:hr>137</ns3:hr>
            <ns3:cad>90</ns3:cad>
          </ns3:TrackPointExtension>
        </extensions>
      </trkpt>
      <trkpt lat="30.601831935346126556396484375" lon="114.4177993945777416229248046875">
        <ele>22.799999237060546875</ele>
        <time>2026-05-13T20:43:15.000Z</time>
        <extensions>
          <ns3:TrackPointExtension>
            <ns3:hr>137</ns3:hr>
            <ns3:cad>92</ns3:cad>
          </ns3:TrackPointExtension>
        </extensions>
      </trkpt>
      <trkpt lat="30.60183067806065082550048828125" lon="114.41782772541046142578125">
        <ele>22.799999237060546875</ele>
        <time>2026-05-13T20:43:16.000Z</time>
        <extensions>
          <ns3:TrackPointExtension>
            <ns3:hr>136</ns3:hr>
            <ns3:cad>92</ns3:cad>
          </ns3:TrackPointExtension>
        </extensions>
      </trkpt>
      <trkpt lat="30.60182581655681133270263671875" lon="114.417856894433498382568359375">
        <ele>22.799999237060546875</ele>
        <time>2026-05-13T20:43:17.000Z</time>
        <extensions>
          <ns3:TrackPointExtension>
            <ns3:hr>136</ns3:hr>
            <ns3:cad>92</ns3:cad>
          </ns3:TrackPointExtension>
        </extensions>
      </trkpt>
      <trkpt lat="30.60182749293744564056396484375" lon="114.41787944175302982330322265625">
        <ele>22.799999237060546875</ele>
        <time>2026-05-13T20:43:18.000Z</time>
        <extensions>
          <ns3:TrackPointExtension>
            <ns3:hr>136</ns3:hr>
            <ns3:cad>92</ns3:cad>
          </ns3:TrackPointExtension>
        </extensions>
      </trkpt>
      <trkpt lat="30.60182766057550907135009765625" lon="114.41790592856705188751220703125">
        <ele>22.799999237060546875</ele>
        <time>2026-05-13T20:43:19.000Z</time>
        <extensions>
          <ns3:TrackPointExtension>
            <ns3:hr>137</ns3:hr>
            <ns3:cad>93</ns3:cad>
          </ns3:TrackPointExtension>
        </extensions>
      </trkpt>
      <trkpt lat="30.601824559271335601806640625" lon="114.4179355166852474212646484375">
        <ele>22.6000003814697265625</ele>
        <time>2026-05-13T20:43:20.000Z</time>
        <extensions>
          <ns3:TrackPointExtension>
            <ns3:hr>136</ns3:hr>
            <ns3:cad>93</ns3:cad>
          </ns3:TrackPointExtension>
        </extensions>
      </trkpt>
      <trkpt lat="30.60182279907166957855224609375" lon="114.417965523898601531982421875">
        <ele>22.799999237060546875</ele>
        <time>2026-05-13T20:43:21.000Z</time>
        <extensions>
          <ns3:TrackPointExtension>
            <ns3:hr>136</ns3:hr>
            <ns3:cad>93</ns3:cad>
          </ns3:TrackPointExtension>
        </extensions>
      </trkpt>
      <trkpt lat="30.6018250621855258941650390625" lon="114.41800164990127086639404296875">
        <ele>22.799999237060546875</ele>
        <time>2026-05-13T20:43:22.000Z</time>
        <extensions>
          <ns3:TrackPointExtension>
            <ns3:hr>137</ns3:hr>
            <ns3:cad>93</ns3:cad>
          </ns3:TrackPointExtension>
        </extensions>
      </trkpt>
      <trkpt lat="30.601825229823589324951171875" lon="114.41803148947656154632568359375">
        <ele>22.799999237060546875</ele>
        <time>2026-05-13T20:43:23.000Z</time>
        <extensions>
          <ns3:TrackPointExtension>
            <ns3:hr>136</ns3:hr>
            <ns3:cad>93</ns3:cad>
          </ns3:TrackPointExtension>
        </extensions>
      </trkpt>
      <trkpt lat="30.60182615183293819427490234375" lon="114.4180652685463428497314453125">
        <ele>22.799999237060546875</ele>
        <time>2026-05-13T20:43:24.000Z</time>
        <extensions>
          <ns3:TrackPointExtension>
            <ns3:hr>136</ns3:hr>
            <ns3:cad>92</ns3:cad>
          </ns3:TrackPointExtension>
        </extensions>
      </trkpt>
      <trkpt lat="30.60182489454746246337890625" lon="114.4180887378752231597900390625">
        <ele>22.6000003814697265625</ele>
        <time>2026-05-13T20:43:25.000Z</time>
        <extensions>
          <ns3:TrackPointExtension>
            <ns3:hr>137</ns3:hr>
            <ns3:cad>92</ns3:cad>
          </ns3:TrackPointExtension>
        </extensions>
      </trkpt>
      <trkpt lat="30.60182564891874790191650390625" lon="114.41812000237405300140380859375">
        <ele>22.6000003814697265625</ele>
        <time>2026-05-13T20:43:26.000Z</time>
        <extensions>
          <ns3:TrackPointExtension>
            <ns3:hr>136</ns3:hr>
            <ns3:cad>92</ns3:cad>
          </ns3:TrackPointExtension>
        </extensions>
      </trkpt>
      <trkpt lat="30.601823888719081878662109375" lon="114.41814213059842586517333984375">
        <ele>22.6000003814697265625</ele>
        <time>2026-05-13T20:43:27.000Z</time>
        <extensions>
          <ns3:TrackPointExtension>
            <ns3:hr>137</ns3:hr>
            <ns3:cad>92</ns3:cad>
          </ns3:TrackPointExtension>
        </extensions>
      </trkpt>
      <trkpt lat="30.6018223799765110015869140625" lon="114.41817331127822399139404296875">
        <ele>22.6000003814697265625</ele>
        <time>2026-05-13T20:43:28.000Z</time>
        <extensions>
          <ns3:TrackPointExtension>
            <ns3:hr>137</ns3:hr>
            <ns3:cad>92</ns3:cad>
          </ns3:TrackPointExtension>
        </extensions>
      </trkpt>
      <trkpt lat="30.60181978158652782440185546875" lon="114.4182010553777217864990234375">
        <ele>22.6000003814697265625</ele>
        <time>2026-05-13T20:43:29.000Z</time>
        <extensions>
          <ns3:TrackPointExtension>
            <ns3:hr>138</ns3:hr>
            <ns3:cad>93</ns3:cad>
          </ns3:TrackPointExtension>
        </extensions>
      </trkpt>
      <trkpt lat="30.6018163450062274932861328125" lon="114.4182362593710422515869140625">
        <ele>22.6000003814697265625</ele>
        <time>2026-05-13T20:43:30.000Z</time>
        <extensions>
          <ns3:TrackPointExtension>
            <ns3:hr>138</ns3:hr>
            <ns3:cad>93</ns3:cad>
          </ns3:TrackPointExtension>
        </extensions>
      </trkpt>
      <trkpt lat="30.6018175184726715087890625" lon="114.41826718859374523162841796875">
        <ele>22.6000003814697265625</ele>
        <time>2026-05-13T20:43:31.000Z</time>
        <extensions>
          <ns3:TrackPointExtension>
            <ns3:hr>138</ns3:hr>
            <ns3:cad>93</ns3:cad>
          </ns3:TrackPointExtension>
        </extensions>
      </trkpt>
      <trkpt lat="30.6018133275210857391357421875" lon="114.418302141129970550537109375">
        <ele>22.6000003814697265625</ele>
        <time>2026-05-13T20:43:32.000Z</time>
        <extensions>
          <ns3:TrackPointExtension>
            <ns3:hr>138</ns3:hr>
            <ns3:cad>92</ns3:cad>
          </ns3:TrackPointExtension>
        </extensions>
      </trkpt>
      <trkpt lat="30.60181307606399059295654296875" lon="114.41833198070526123046875">
        <ele>22.6000003814697265625</ele>
        <time>2026-05-13T20:43:33.000Z</time>
        <extensions>
          <ns3:TrackPointExtension>
            <ns3:hr>138</ns3:hr>
            <ns3:cad>92</ns3:cad>
          </ns3:TrackPointExtension>
        </extensions>
      </trkpt>
      <trkpt lat="30.6018079631030559539794921875" lon="114.4183646701276302337646484375">
        <ele>22.6000003814697265625</ele>
        <time>2026-05-13T20:43:34.000Z</time>
        <extensions>
          <ns3:TrackPointExtension>
            <ns3:hr>138</ns3:hr>
            <ns3:cad>92</ns3:cad>
          </ns3:TrackPointExtension>
        </extensions>
      </trkpt>
      <trkpt lat="30.60180603526532649993896484375" lon="114.41839526407420635223388671875">
        <ele>22.6000003814697265625</ele>
        <time>2026-05-13T20:43:35.000Z</time>
        <extensions>
          <ns3:TrackPointExtension>
            <ns3:hr>138</ns3:hr>
            <ns3:cad>93</ns3:cad>
          </ns3:TrackPointExtension>
        </extensions>
      </trkpt>
      <trkpt lat="30.6018039397895336151123046875" lon="114.4184223376214504241943359375">
        <ele>22.6000003814697265625</ele>
        <time>2026-05-13T20:43:36.000Z</time>
        <extensions>
          <ns3:TrackPointExtension>
            <ns3:hr>138</ns3:hr>
            <ns3:cad>93</ns3:cad>
          </ns3:TrackPointExtension>
        </extensions>
      </trkpt>
      <trkpt lat="30.6018036045134067535400390625" lon="114.4184541888535022735595703125">
        <ele>22.6000003814697265625</ele>
        <time>2026-05-13T20:43:37.000Z</time>
        <extensions>
          <ns3:TrackPointExtension>
            <ns3:hr>138</ns3:hr>
            <ns3:cad>93</ns3:cad>
          </ns3:TrackPointExtension>
        </extensions>
      </trkpt>
      <trkpt lat="30.60180201195180416107177734375" lon="114.4184830226004123687744140625">
        <ele>22.6000003814697265625</ele>
        <time>2026-05-13T20:43:38.000Z</time>
        <extensions>
          <ns3:TrackPointExtension>
            <ns3:hr>138</ns3:hr>
            <ns3:cad>93</ns3:cad>
          </ns3:TrackPointExtension>
        </extensions>
      </trkpt>
      <trkpt lat="30.60179807245731353759765625" lon="114.41852216608822345733642578125">
        <ele>22.6000003814697265625</ele>
        <time>2026-05-13T20:43:39.000Z</time>
        <extensions>
          <ns3:TrackPointExtension>
            <ns3:hr>138</ns3:hr>
            <ns3:cad>93</ns3:cad>
          </ns3:TrackPointExtension>
        </extensions>
      </trkpt>
      <trkpt lat="30.60180016793310642242431640625" lon="114.4185480661690235137939453125">
        <ele>22.6000003814697265625</ele>
        <time>2026-05-13T20:43:40.000Z</time>
        <extensions>
          <ns3:TrackPointExtension>
            <ns3:hr>138</ns3:hr>
            <ns3:cad>93</ns3:cad>
          </ns3:TrackPointExtension>
        </extensions>
      </trkpt>
      <trkpt lat="30.60179580934345722198486328125" lon="114.41858838312327861785888671875">
        <ele>22.3999996185302734375</ele>
        <time>2026-05-13T20:43:41.000Z</time>
        <extensions>
          <ns3:TrackPointExtension>
            <ns3:hr>138</ns3:hr>
            <ns3:cad>93</ns3:cad>
          </ns3:TrackPointExtension>
        </extensions>
      </trkpt>
      <trkpt lat="30.60179731808602809906005859375" lon="114.41861352883279323577880859375">
        <ele>22.3999996185302734375</ele>
        <time>2026-05-13T20:43:42.000Z</time>
        <extensions>
          <ns3:TrackPointExtension>
            <ns3:hr>138</ns3:hr>
            <ns3:cad>93</ns3:cad>
          </ns3:TrackPointExtension>
        </extensions>
      </trkpt>
      <trkpt lat="30.60179748572409152984619140625" lon="114.41864688880741596221923828125">
        <ele>22.3999996185302734375</ele>
        <time>2026-05-13T20:43:43.000Z</time>
        <extensions>
          <ns3:TrackPointExtension>
            <ns3:hr>138</ns3:hr>
            <ns3:cad>93</ns3:cad>
          </ns3:TrackPointExtension>
        </extensions>
      </trkpt>
      <trkpt lat="30.6018014252185821533203125" lon="114.418670274317264556884765625">
        <ele>22.3999996185302734375</ele>
        <time>2026-05-13T20:43:44.000Z</time>
        <extensions>
          <ns3:TrackPointExtension>
            <ns3:hr>138</ns3:hr>
            <ns3:cad>93</ns3:cad>
          </ns3:TrackPointExtension>
        </extensions>
      </trkpt>
      <trkpt lat="30.60179882682859897613525390625" lon="114.41870589740574359893798828125">
        <ele>22.3999996185302734375</ele>
        <time>2026-05-13T20:43:45.000Z</time>
        <extensions>
          <ns3:TrackPointExtension>
            <ns3:hr>138</ns3:hr>
            <ns3:cad>93</ns3:cad>
          </ns3:TrackPointExtension>
        </extensions>
      </trkpt>
      <trkpt lat="30.6018039397895336151123046875" lon="114.41873422823846340179443359375">
        <ele>22.3999996185302734375</ele>
        <time>2026-05-13T20:43:46.000Z</time>
        <extensions>
          <ns3:TrackPointExtension>
            <ns3:hr>138</ns3:hr>
            <ns3:cad>93</ns3:cad>
          </ns3:TrackPointExtension>
        </extensions>
      </trkpt>
      <trkpt lat="30.60180134139955043792724609375" lon="114.41876909695565700531005859375">
        <ele>22.3999996185302734375</ele>
        <time>2026-05-13T20:43:47.000Z</time>
        <extensions>
          <ns3:TrackPointExtension>
            <ns3:hr>137</ns3:hr>
            <ns3:cad>93</ns3:cad>
          </ns3:TrackPointExtension>
        </extensions>
      </trkpt>
      <trkpt lat="30.6018039397895336151123046875" lon="114.4188025407493114471435546875">
        <ele>22.3999996185302734375</ele>
        <time>2026-05-13T20:43:48.000Z</time>
        <extensions>
          <ns3:TrackPointExtension>
            <ns3:hr>137</ns3:hr>
            <ns3:cad>92</ns3:cad>
          </ns3:TrackPointExtension>
        </extensions>
      </trkpt>
      <trkpt lat="30.60180368833243846893310546875" lon="114.4188333861529827117919921875">
        <ele>22.200000762939453125</ele>
        <time>2026-05-13T20:43:49.000Z</time>
        <extensions>
          <ns3:TrackPointExtension>
            <ns3:hr>137</ns3:hr>
            <ns3:cad>93</ns3:cad>
          </ns3:TrackPointExtension>
        </extensions>
      </trkpt>
      <trkpt lat="30.60180452652275562286376953125" lon="114.41886263899505138397216796875">
        <ele>22.200000762939453125</ele>
        <time>2026-05-13T20:43:50.000Z</time>
        <extensions>
          <ns3:TrackPointExtension>
            <ns3:hr>138</ns3:hr>
            <ns3:cad>93</ns3:cad>
          </ns3:TrackPointExtension>
        </extensions>
      </trkpt>
      <trkpt lat="30.60180670581758022308349609375" lon="114.418886862695217132568359375">
        <ele>22.200000762939453125</ele>
        <time>2026-05-13T20:43:51.000Z</time>
        <extensions>
          <ns3:TrackPointExtension>
            <ns3:hr>138</ns3:hr>
            <ns3:cad>93</ns3:cad>
          </ns3:TrackPointExtension>
        </extensions>
      </trkpt>
      <trkpt lat="30.6018066219985485076904296875" lon="114.41892181523144245147705078125">
        <ele>22.200000762939453125</ele>
        <time>2026-05-13T20:43:52.000Z</time>
        <extensions>
          <ns3:TrackPointExtension>
            <ns3:hr>138</ns3:hr>
            <ns3:cad>92</ns3:cad>
          </ns3:TrackPointExtension>
        </extensions>
      </trkpt>
      <trkpt lat="30.60180603526532649993896484375" lon="114.4189463742077350616455078125">
        <ele>22.200000762939453125</ele>
        <time>2026-05-13T20:43:53.000Z</time>
        <extensions>
          <ns3:TrackPointExtension>
            <ns3:hr>138</ns3:hr>
            <ns3:cad>92</ns3:cad>
          </ns3:TrackPointExtension>
        </extensions>
      </trkpt>
      <trkpt lat="30.60180352069437503814697265625" lon="114.41898082382977008819580078125">
        <ele>22.200000762939453125</ele>
        <time>2026-05-13T20:43:54.000Z</time>
        <extensions>
          <ns3:TrackPointExtension>
            <ns3:hr>138</ns3:hr>
            <ns3:cad>92</ns3:cad>
          </ns3:TrackPointExtension>
        </extensions>
      </trkpt>
      <trkpt lat="30.6018093042075634002685546875" lon="114.41900320351123809814453125">
        <ele>22.200000762939453125</ele>
        <time>2026-05-13T20:43:55.000Z</time>
        <extensions>
          <ns3:TrackPointExtension>
            <ns3:hr>138</ns3:hr>
            <ns3:cad>92</ns3:cad>
          </ns3:TrackPointExtension>
        </extensions>
      </trkpt>
      <trkpt lat="30.60181123204529285430908203125" lon="114.41904000006616115570068359375">
        <ele>22.200000762939453125</ele>
        <time>2026-05-13T20:43:56.000Z</time>
        <extensions>
          <ns3:TrackPointExtension>
            <ns3:hr>138</ns3:hr>
            <ns3:cad>92</ns3:cad>
          </ns3:TrackPointExtension>
        </extensions>
      </trkpt>
      <trkpt lat="30.60182011686265468597412109375" lon="114.41906154155731201171875">
        <ele>22</ele>
        <time>2026-05-13T20:43:57.000Z</time>
        <extensions>
          <ns3:TrackPointExtension>
            <ns3:hr>138</ns3:hr>
            <ns3:cad>92</ns3:cad>
          </ns3:TrackPointExtension>
        </extensions>
      </trkpt>
      <trkpt lat="30.60182229615747928619384765625" lon="114.41909976303577423095703125">
        <ele>22</ele>
        <time>2026-05-13T20:43:58.000Z</time>
        <extensions>
          <ns3:TrackPointExtension>
            <ns3:hr>138</ns3:hr>
            <ns3:cad>92</ns3:cad>
          </ns3:TrackPointExtension>
        </extensions>
      </trkpt>
      <trkpt lat="30.60183084569871425628662109375" lon="114.4191240705549716949462890625">
        <ele>22</ele>
        <time>2026-05-13T20:43:59.000Z</time>
        <extensions>
          <ns3:TrackPointExtension>
            <ns3:hr>138</ns3:hr>
            <ns3:cad>92</ns3:cad>
          </ns3:TrackPointExtension>
        </extensions>
      </trkpt>
      <trkpt lat="30.60183436609804630279541015625" lon="114.41915198229253292083740234375">
        <ele>22</ele>
        <time>2026-05-13T20:44:00.000Z</time>
        <extensions>
          <ns3:TrackPointExtension>
            <ns3:hr>138</ns3:hr>
            <ns3:cad>93</ns3:cad>
          </ns3:TrackPointExtension>
        </extensions>
      </trkpt>
      <trkpt lat="30.60184341855347156524658203125" lon="114.4191847555339336395263671875">
        <ele>22</ele>
        <time>2026-05-13T20:44:01.000Z</time>
        <extensions>
          <ns3:TrackPointExtension>
            <ns3:hr>137</ns3:hr>
            <ns3:cad>93</ns3:cad>
          </ns3:TrackPointExtension>
        </extensions>
      </trkpt>
      <trkpt lat="30.60184392146766185760498046875" lon="114.419214762747287750244140625">
        <ele>22</ele>
        <time>2026-05-13T20:44:02.000Z</time>
        <extensions>
          <ns3:TrackPointExtension>
            <ns3:hr>138</ns3:hr>
            <ns3:cad>93</ns3:cad>
          </ns3:TrackPointExtension>
        </extensions>
      </trkpt>
      <trkpt lat="30.6018485315144062042236328125" lon="114.4192531518638134002685546875">
        <ele>21.799999237060546875</ele>
        <time>2026-05-13T20:44:03.000Z</time>
        <extensions>
          <ns3:TrackPointExtension>
            <ns3:hr>138</ns3:hr>
            <ns3:cad>93</ns3:cad>
          </ns3:TrackPointExtension>
        </extensions>
      </trkpt>
      <trkpt lat="30.60185230337083339691162109375" lon="114.4192813150584697723388671875">
        <ele>21.799999237060546875</ele>
        <time>2026-05-13T20:44:04.000Z</time>
        <extensions>
          <ns3:TrackPointExtension>
            <ns3:hr>137</ns3:hr>
            <ns3:cad>92</ns3:cad>
          </ns3:TrackPointExtension>
        </extensions>
      </trkpt>
      <trkpt lat="30.6018502078950405120849609375" lon="114.41931995563209056854248046875">
        <ele>21.799999237060546875</ele>
        <time>2026-05-13T20:44:05.000Z</time>
        <extensions>
          <ns3:TrackPointExtension>
            <ns3:hr>138</ns3:hr>
            <ns3:cad>92</ns3:cad>
          </ns3:TrackPointExtension>
        </extensions>
      </trkpt>
      <trkpt lat="30.601846016943454742431640625" lon="114.4193483702838420867919921875">
        <ele>21.799999237060546875</ele>
        <time>2026-05-13T20:44:06.000Z</time>
        <extensions>
          <ns3:TrackPointExtension>
            <ns3:hr>137</ns3:hr>
            <ns3:cad>92</ns3:cad>
          </ns3:TrackPointExtension>
        </extensions>
      </trkpt>
      <trkpt lat="30.60183905996382236480712890625" lon="114.41938533447682857513427734375">
        <ele>21.799999237060546875</ele>
        <time>2026-05-13T20:44:07.000Z</time>
        <extensions>
          <ns3:TrackPointExtension>
            <ns3:hr>137</ns3:hr>
            <ns3:cad>93</ns3:cad>
          </ns3:TrackPointExtension>
        </extensions>
      </trkpt>
      <trkpt lat="30.60183302499353885650634765625" lon="114.419412575662136077880859375">
        <ele>21.6000003814697265625</ele>
        <time>2026-05-13T20:44:08.000Z</time>
        <extensions>
          <ns3:TrackPointExtension>
            <ns3:hr>137</ns3:hr>
            <ns3:cad>92</ns3:cad>
          </ns3:TrackPointExtension>
        </extensions>
      </trkpt>
      <trkpt lat="30.6018264032900333404541015625" lon="114.4194518029689788818359375">
        <ele>21.6000003814697265625</ele>
        <time>2026-05-13T20:44:09.000Z</time>
        <extensions>
          <ns3:TrackPointExtension>
            <ns3:hr>137</ns3:hr>
            <ns3:cad>92</ns3:cad>
          </ns3:TrackPointExtension>
        </extensions>
      </trkpt>
      <trkpt lat="30.60182648710906505584716796875" lon="114.41947661340236663818359375">
        <ele>21.6000003814697265625</ele>
        <time>2026-05-13T20:44:10.000Z</time>
        <extensions>
          <ns3:TrackPointExtension>
            <ns3:hr>137</ns3:hr>
            <ns3:cad>92</ns3:cad>
          </ns3:TrackPointExtension>
        </extensions>
      </trkpt>
      <trkpt lat="30.60182397253811359405517578125" lon="114.41951642744243144989013671875">
        <ele>21.3999996185302734375</ele>
        <time>2026-05-13T20:44:11.000Z</time>
        <extensions>
          <ns3:TrackPointExtension>
            <ns3:hr>138</ns3:hr>
            <ns3:cad>92</ns3:cad>
          </ns3:TrackPointExtension>
        </extensions>
      </trkpt>
      <trkpt lat="30.6018193624913692474365234375" lon="114.41954140551388263702392578125">
        <ele>21.3999996185302734375</ele>
        <time>2026-05-13T20:44:12.000Z</time>
        <extensions>
          <ns3:TrackPointExtension>
            <ns3:hr>138</ns3:hr>
            <ns3:cad>91</ns3:cad>
          </ns3:TrackPointExtension>
        </extensions>
      </trkpt>
      <trkpt lat="30.60181877575814723968505859375" lon="114.4195699878036975860595703125">
        <ele>21.200000762939453125</ele>
        <time>2026-05-13T20:44:13.000Z</time>
        <extensions>
          <ns3:TrackPointExtension>
            <ns3:hr>138</ns3:hr>
            <ns3:cad>92</ns3:cad>
          </ns3:TrackPointExtension>
        </extensions>
      </trkpt>
      <trkpt lat="30.6018230505287647247314453125" lon="114.41958666779100894927978515625">
        <ele>21.200000762939453125</ele>
        <time>2026-05-13T20:44:14.000Z</time>
        <extensions>
          <ns3:TrackPointExtension>
            <ns3:hr>138</ns3:hr>
            <ns3:cad>92</ns3:cad>
          </ns3:TrackPointExtension>
        </extensions>
      </trkpt>
      <trkpt lat="30.60182414017617702484130859375" lon="114.41962673328816890716552734375">
        <ele>21.200000762939453125</ele>
        <time>2026-05-13T20:44:15.000Z</time>
        <extensions>
          <ns3:TrackPointExtension>
            <ns3:hr>138</ns3:hr>
            <ns3:cad>92</ns3:cad>
          </ns3:TrackPointExtension>
        </extensions>
      </trkpt>
      <trkpt lat="30.60183285735547542572021484375" lon="114.4196504540741443634033203125">
        <ele>21.3999996185302734375</ele>
        <time>2026-05-13T20:44:16.000Z</time>
        <extensions>
          <ns3:TrackPointExtension>
            <ns3:hr>138</ns3:hr>
            <ns3:cad>91</ns3:cad>
          </ns3:TrackPointExtension>
        </extensions>
      </trkpt>
      <trkpt lat="30.6018388085067272186279296875" lon="114.41968339495360851287841796875">
        <ele>21.3999996185302734375</ele>
        <time>2026-05-13T20:44:17.000Z</time>
        <extensions>
          <ns3:TrackPointExtension>
            <ns3:hr>139</ns3:hr>
            <ns3:cad>90</ns3:cad>
          </ns3:TrackPointExtension>
        </extensions>
      </trkpt>
      <trkpt lat="30.6018408201634883880615234375" lon="114.4197092950344085693359375">
        <ele>21.3999996185302734375</ele>
        <time>2026-05-13T20:44:18.000Z</time>
        <extensions>
          <ns3:TrackPointExtension>
            <ns3:hr>139</ns3:hr>
            <ns3:cad>90</ns3:cad>
          </ns3:TrackPointExtension>
        </extensions>
      </trkpt>
      <trkpt lat="30.6018408201634883880615234375" lon="114.41972513683140277862548828125">
        <ele>21.3999996185302734375</ele>
        <time>2026-05-13T20:44:19.000Z</time>
        <extensions>
          <ns3:TrackPointExtension>
            <ns3:hr>139</ns3:hr>
            <ns3:cad>90</ns3:cad>
          </ns3:TrackPointExtension>
        </extensions>
      </trkpt>
      <trkpt lat="30.60183654539287090301513671875" lon="114.4197369553148746490478515625">
        <ele>21.6000003814697265625</ele>
        <time>2026-05-13T20:44:20.000Z</time>
        <extensions>
          <ns3:TrackPointExtension>
            <ns3:hr>138</ns3:hr>
            <ns3:cad>71</ns3:cad>
          </ns3:TrackPointExtension>
        </extensions>
      </trkpt>
      <trkpt lat="30.6018362939357757568359375" lon="114.41974508576095104217529296875">
        <ele>22</ele>
        <time>2026-05-13T20:44:21.000Z</time>
        <extensions>
          <ns3:TrackPointExtension>
            <ns3:hr>138</ns3:hr>
            <ns3:cad>71</ns3:cad>
          </ns3:TrackPointExtension>
        </extensions>
      </trkpt>
      <trkpt lat="30.60183537192642688751220703125" lon="114.41975732333958148956298828125">
        <ele>22.3999996185302734375</ele>
        <time>2026-05-13T20:44:22.000Z</time>
        <extensions>
          <ns3:TrackPointExtension>
            <ns3:hr>139</ns3:hr>
            <ns3:cad>71</ns3:cad>
          </ns3:TrackPointExtension>
        </extensions>
      </trkpt>
      <trkpt lat="30.6018411554396152496337890625" lon="114.4197560660541057586669921875">
        <ele>22.799999237060546875</ele>
        <time>2026-05-13T20:44:23.000Z</time>
        <extensions>
          <ns3:TrackPointExtension>
            <ns3:hr>139</ns3:hr>
            <ns3:cad>66</ns3:cad>
          </ns3:TrackPointExtension>
        </extensions>
      </trkpt>
      <trkpt lat="30.6018445082008838653564453125" lon="114.41975447349250316619873046875">
        <ele>23.200000762939453125</ele>
        <time>2026-05-13T20:44:24.000Z</time>
        <extensions>
          <ns3:TrackPointExtension>
            <ns3:hr>139</ns3:hr>
            <ns3:cad>0</ns3:cad>
          </ns3:TrackPointExtension>
        </extensions>
      </trkpt>
      <trkpt lat="30.6018455140292644500732421875" lon="114.41976469941437244415283203125">
        <ele>23.6000003814697265625</ele>
        <time>2026-05-13T20:44:25.000Z</time>
        <extensions>
          <ns3:TrackPointExtension>
            <ns3:hr>139</ns3:hr>
            <ns3:cad>0</ns3:cad>
          </ns3:TrackPointExtension>
        </extensions>
      </trkpt>
      <trkpt lat="30.60184056870639324188232421875" lon="114.4197822175920009613037109375">
        <ele>24</ele>
        <time>2026-05-13T20:44:26.000Z</time>
        <extensions>
          <ns3:TrackPointExtension>
            <ns3:hr>139</ns3:hr>
            <ns3:cad>0</ns3:cad>
          </ns3:TrackPointExtension>
        </extensions>
      </trkpt>
      <trkpt lat="30.60184241272509098052978515625" lon="114.41980023868381977081298828125">
        <ele>24.6000003814697265625</ele>
        <time>2026-05-13T20:44:27.000Z</time>
        <extensions>
          <ns3:TrackPointExtension>
            <ns3:hr>139</ns3:hr>
            <ns3:cad>0</ns3:cad>
          </ns3:TrackPointExtension>
        </extensions>
      </trkpt>
      <trkpt lat="30.60184325091540813446044921875" lon="114.41982655785977840423583984375">
        <ele>24.799999237060546875</ele>
        <time>2026-05-13T20:44:28.000Z</time>
        <extensions>
          <ns3:TrackPointExtension>
            <ns3:hr>139</ns3:hr>
            <ns3:cad>49</ns3:cad>
          </ns3:TrackPointExtension>
        </extensions>
      </trkpt>
      <trkpt lat="30.60184459201991558074951171875" lon="114.4198465906083583831787109375">
        <ele>25.200000762939453125</ele>
        <time>2026-05-13T20:44:29.000Z</time>
        <extensions>
          <ns3:TrackPointExtension>
            <ns3:hr>139</ns3:hr>
            <ns3:cad>49</ns3:cad>
          </ns3:TrackPointExtension>
        </extensions>
      </trkpt>
      <trkpt lat="30.60184492729604244232177734375" lon="114.4198702275753021240234375">
        <ele>25.3999996185302734375</ele>
        <time>2026-05-13T20:44:30.000Z</time>
        <extensions>
          <ns3:TrackPointExtension>
            <ns3:hr>139</ns3:hr>
            <ns3:cad>49</ns3:cad>
          </ns3:TrackPointExtension>
        </extensions>
      </trkpt>
      <trkpt lat="30.601846016943454742431640625" lon="114.41988908685743808746337890625">
        <ele>25.6000003814697265625</ele>
        <time>2026-05-13T20:44:31.000Z</time>
        <extensions>
          <ns3:TrackPointExtension>
            <ns3:hr>139</ns3:hr>
            <ns3:cad>88</ns3:cad>
          </ns3:TrackPointExtension>
        </extensions>
      </trkpt>
      <trkpt lat="30.60184727422893047332763671875" lon="114.4199144840240478515625">
        <ele>25.6000003814697265625</ele>
        <time>2026-05-13T20:44:32.000Z</time>
        <extensions>
          <ns3:TrackPointExtension>
            <ns3:hr>140</ns3:hr>
            <ns3:cad>89</ns3:cad>
          </ns3:TrackPointExtension>
        </extensions>
      </trkpt>
      <trkpt lat="30.60185976326465606689453125" lon="114.41992579959332942962646484375">
        <ele>25.799999237060546875</ele>
        <time>2026-05-13T20:44:33.000Z</time>
        <extensions>
          <ns3:TrackPointExtension>
            <ns3:hr>141</ns3:hr>
            <ns3:cad>89</ns3:cad>
          </ns3:TrackPointExtension>
        </extensions>
      </trkpt>
      <trkpt lat="30.60185565613210201263427734375" lon="114.41995396278798580169677734375">
        <ele>26.200000762939453125</ele>
        <time>2026-05-13T20:44:34.000Z</time>
        <extensions>
          <ns3:TrackPointExtension>
            <ns3:hr>142</ns3:hr>
            <ns3:cad>89</ns3:cad>
          </ns3:TrackPointExtension>
        </extensions>
      </trkpt>
      <trkpt lat="30.60185439884662628173828125" lon="114.41997106187045574188232421875">
        <ele>26.3999996185302734375</ele>
        <time>2026-05-13T20:44:35.000Z</time>
        <extensions>
          <ns3:TrackPointExtension>
            <ns3:hr>143</ns3:hr>
            <ns3:cad>89</ns3:cad>
          </ns3:TrackPointExtension>
        </extensions>
      </trkpt>
      <trkpt lat="30.60185481794178485870361328125" lon="114.42000039853155612945556640625">
        <ele>26.6000003814697265625</ele>
        <time>2026-05-13T20:44:36.000Z</time>
        <extensions>
          <ns3:TrackPointExtension>
            <ns3:hr>144</ns3:hr>
            <ns3:cad>87</ns3:cad>
          </ns3:TrackPointExtension>
        </extensions>
      </trkpt>
      <trkpt lat="30.60185481794178485870361328125" lon="114.42002017982304096221923828125">
        <ele>26.799999237060546875</ele>
        <time>2026-05-13T20:44:37.000Z</time>
        <extensions>
          <ns3:TrackPointExtension>
            <ns3:hr>145</ns3:hr>
            <ns3:cad>87</ns3:cad>
          </ns3:TrackPointExtension>
        </extensions>
      </trkpt>
      <trkpt lat="30.60185481794178485870361328125" lon="114.42004599608480930328369140625">
        <ele>27.200000762939453125</ele>
        <time>2026-05-13T20:44:38.000Z</time>
        <extensions>
          <ns3:TrackPointExtension>
            <ns3:hr>146</ns3:hr>
            <ns3:cad>87</ns3:cad>
          </ns3:TrackPointExtension>
        </extensions>
      </trkpt>
      <trkpt lat="30.60184501111507415771484375" lon="114.4200641848146915435791015625">
        <ele>27.3999996185302734375</ele>
        <time>2026-05-13T20:44:39.000Z</time>
        <extensions>
          <ns3:TrackPointExtension>
            <ns3:hr>147</ns3:hr>
            <ns3:cad>86</ns3:cad>
          </ns3:TrackPointExtension>
        </extensions>
      </trkpt>
      <trkpt lat="30.6018321029841899871826171875" lon="114.42008052952587604522705078125">
        <ele>27.6000003814697265625</ele>
        <time>2026-05-13T20:44:40.000Z</time>
        <extensions>
          <ns3:TrackPointExtension>
            <ns3:hr>148</ns3:hr>
            <ns3:cad>86</ns3:cad>
          </ns3:TrackPointExtension>
        </extensions>
      </trkpt>
      <trkpt lat="30.60180670581758022308349609375" lon="114.42007734440267086029052734375">
        <ele>27.799999237060546875</ele>
        <time>2026-05-13T20:44:41.000Z</time>
        <extensions>
          <ns3:TrackPointExtension>
            <ns3:hr>148</ns3:hr>
            <ns3:cad>86</ns3:cad>
          </ns3:TrackPointExtension>
        </extensions>
      </trkpt>
      <trkpt lat="30.60178424231708049774169921875" lon="114.42008103244006633758544921875">
        <ele>28</ele>
        <time>2026-05-13T20:44:42.000Z</time>
        <extensions>
          <ns3:TrackPointExtension>
            <ns3:hr>149</ns3:hr>
            <ns3:cad>88</ns3:cad>
          </ns3:TrackPointExtension>
        </extensions>
      </trkpt>
      <trkpt lat="30.60175557620823383331298828125" lon="114.42007466219365596771240234375">
        <ele>28</ele>
        <time>2026-05-13T20:44:43.000Z</time>
        <extensions>
          <ns3:TrackPointExtension>
            <ns3:hr>149</ns3:hr>
            <ns3:cad>87</ns3:cad>
          </ns3:TrackPointExtension>
        </extensions>
      </trkpt>
      <trkpt lat="30.60173227451741695404052734375" lon="114.42007902078330516815185546875">
        <ele>28.200000762939453125</ele>
        <time>2026-05-13T20:44:44.000Z</time>
        <extensions>
          <ns3:TrackPointExtension>
            <ns3:hr>149</ns3:hr>
            <ns3:cad>87</ns3:cad>
          </ns3:TrackPointExtension>
        </extensions>
      </trkpt>
      <trkpt lat="30.60170327313244342803955078125" lon="114.42007533274590969085693359375">
        <ele>28.200000762939453125</ele>
        <time>2026-05-13T20:44:45.000Z</time>
        <extensions>
          <ns3:TrackPointExtension>
            <ns3:hr>149</ns3:hr>
            <ns3:cad>87</ns3:cad>
          </ns3:TrackPointExtension>
        </extensions>
      </trkpt>
      <trkpt lat="30.601679719984531402587890625" lon="114.420079104602336883544921875">
        <ele>28.200000762939453125</ele>
        <time>2026-05-13T20:44:46.000Z</time>
        <extensions>
          <ns3:TrackPointExtension>
            <ns3:hr>149</ns3:hr>
            <ns3:cad>88</ns3:cad>
          </ns3:TrackPointExtension>
        </extensions>
      </trkpt>
      <trkpt lat="30.601649545133113861083984375" lon="114.4200767576694488525390625">
        <ele>28.200000762939453125</ele>
        <time>2026-05-13T20:44:47.000Z</time>
        <extensions>
          <ns3:TrackPointExtension>
            <ns3:hr>150</ns3:hr>
            <ns3:cad>89</ns3:cad>
          </ns3:TrackPointExtension>
        </extensions>
      </trkpt>
      <trkpt lat="30.60162817128002643585205078125" lon="114.42008287645876407623291015625">
        <ele>28.200000762939453125</ele>
        <time>2026-05-13T20:44:48.000Z</time>
        <extensions>
          <ns3:TrackPointExtension>
            <ns3:hr>150</ns3:hr>
            <ns3:cad>89</ns3:cad>
          </ns3:TrackPointExtension>
        </extensions>
      </trkpt>
      <trkpt lat="30.60160235501825809478759765625" lon="114.4200792722404003143310546875">
        <ele>28.3999996185302734375</ele>
        <time>2026-05-13T20:44:49.000Z</time>
        <extensions>
          <ns3:TrackPointExtension>
            <ns3:hr>151</ns3:hr>
            <ns3:cad>89</ns3:cad>
          </ns3:TrackPointExtension>
        </extensions>
      </trkpt>
      <trkpt lat="30.60157955624163150787353515625" lon="114.42008404992520809173583984375">
        <ele>28.3999996185302734375</ele>
        <time>2026-05-13T20:44:50.000Z</time>
        <extensions>
          <ns3:TrackPointExtension>
            <ns3:hr>151</ns3:hr>
            <ns3:cad>89</ns3:cad>
          </ns3:TrackPointExtension>
        </extensions>
      </trkpt>
      <trkpt lat="30.60155072249472141265869140625" lon="114.4200822897255420684814453125">
        <ele>28.3999996185302734375</ele>
        <time>2026-05-13T20:44:51.000Z</time>
        <extensions>
          <ns3:TrackPointExtension>
            <ns3:hr>152</ns3:hr>
            <ns3:cad>90</ns3:cad>
          </ns3:TrackPointExtension>
        </extensions>
      </trkpt>
      <trkpt lat="30.60152742080390453338623046875" lon="114.42008874379098415374755859375">
        <ele>28.200000762939453125</ele>
        <time>2026-05-13T20:44:52.000Z</time>
        <extensions>
          <ns3:TrackPointExtension>
            <ns3:hr>152</ns3:hr>
            <ns3:cad>90</ns3:cad>
          </ns3:TrackPointExtension>
        </extensions>
      </trkpt>
      <trkpt lat="30.60150277800858020782470703125" lon="114.42008681595325469970703125">
        <ele>28.200000762939453125</ele>
        <time>2026-05-13T20:44:53.000Z</time>
        <extensions>
          <ns3:TrackPointExtension>
            <ns3:hr>152</ns3:hr>
            <ns3:cad>90</ns3:cad>
          </ns3:TrackPointExtension>
        </extensions>
      </trkpt>
      <trkpt lat="30.60147897340357303619384765625" lon="114.42009058780968189239501953125">
        <ele>28.200000762939453125</ele>
        <time>2026-05-13T20:44:54.000Z</time>
        <extensions>
          <ns3:TrackPointExtension>
            <ns3:hr>152</ns3:hr>
            <ns3:cad>90</ns3:cad>
          </ns3:TrackPointExtension>
        </extensions>
      </trkpt>
      <trkpt lat="30.60145734809339046478271484375" lon="114.42008388228714466094970703125">
        <ele>28.200000762939453125</ele>
        <time>2026-05-13T20:44:55.000Z</time>
        <extensions>
          <ns3:TrackPointExtension>
            <ns3:hr>152</ns3:hr>
            <ns3:cad>90</ns3:cad>
          </ns3:TrackPointExtension>
        </extensions>
      </trkpt>
      <trkpt lat="30.60144058428704738616943359375" lon="114.42007072269916534423828125">
        <ele>28</ele>
        <time>2026-05-13T20:44:56.000Z</time>
        <extensions>
          <ns3:TrackPointExtension>
            <ns3:hr>152</ns3:hr>
            <ns3:cad>90</ns3:cad>
          </ns3:TrackPointExtension>
        </extensions>
      </trkpt>
      <trkpt lat="30.60144427232444286346435546875" lon="114.42005035467445850372314453125">
        <ele>28</ele>
        <time>2026-05-13T20:44:57.000Z</time>
        <extensions>
          <ns3:TrackPointExtension>
            <ns3:hr>151</ns3:hr>
            <ns3:cad>90</ns3:cad>
          </ns3:TrackPointExtension>
        </extensions>
      </trkpt>
      <trkpt lat="30.60144024901092052459716796875" lon="114.4200276397168636322021484375">
        <ele>27.799999237060546875</ele>
        <time>2026-05-13T20:44:58.000Z</time>
        <extensions>
          <ns3:TrackPointExtension>
            <ns3:hr>151</ns3:hr>
            <ns3:cad>90</ns3:cad>
          </ns3:TrackPointExtension>
        </extensions>
      </trkpt>
      <trkpt lat="30.60144024901092052459716796875" lon="114.4200021587312221527099609375">
        <ele>27.6000003814697265625</ele>
        <time>2026-05-13T20:44:59.000Z</time>
        <extensions>
          <ns3:TrackPointExtension>
            <ns3:hr>151</ns3:hr>
            <ns3:cad>90</ns3:cad>
          </ns3:TrackPointExtension>
        </extensions>
      </trkpt>
      <trkpt lat="30.6014388240873813629150390625" lon="114.41997349262237548828125">
        <ele>27.3999996185302734375</ele>
        <time>2026-05-13T20:45:00.000Z</time>
        <extensions>
          <ns3:TrackPointExtension>
            <ns3:hr>150</ns3:hr>
            <ns3:cad>89</ns3:cad>
          </ns3:TrackPointExtension>
        </extensions>
      </trkpt>
      <trkpt lat="30.6014378182590007781982421875" lon="114.41994675435125827789306640625">
        <ele>27.200000762939453125</ele>
        <time>2026-05-13T20:45:01.000Z</time>
        <extensions>
          <ns3:TrackPointExtension>
            <ns3:hr>150</ns3:hr>
            <ns3:cad>89</ns3:cad>
          </ns3:TrackPointExtension>
        </extensions>
      </trkpt>
      <trkpt lat="30.60143589042127132415771484375" lon="114.419916160404682159423828125">
        <ele>26.799999237060546875</ele>
        <time>2026-05-13T20:45:02.000Z</time>
        <extensions>
          <ns3:TrackPointExtension>
            <ns3:hr>150</ns3:hr>
            <ns3:cad>89</ns3:cad>
          </ns3:TrackPointExtension>
        </extensions>
      </trkpt>
      <trkpt lat="30.60143639333546161651611328125" lon="114.41989009268581867218017578125">
        <ele>26.6000003814697265625</ele>
        <time>2026-05-13T20:45:03.000Z</time>
        <extensions>
          <ns3:TrackPointExtension>
            <ns3:hr>150</ns3:hr>
            <ns3:cad>91</ns3:cad>
          </ns3:TrackPointExtension>
        </extensions>
      </trkpt>
      <trkpt lat="30.6014361418783664703369140625" lon="114.4198586605489253997802734375">
        <ele>26.200000762939453125</ele>
        <time>2026-05-13T20:45:04.000Z</time>
        <extensions>
          <ns3:TrackPointExtension>
            <ns3:hr>150</ns3:hr>
            <ns3:cad>92</ns3:cad>
          </ns3:TrackPointExtension>
        </extensions>
      </trkpt>
      <trkpt lat="30.60143505223095417022705078125" lon="114.4198294915258884429931640625">
        <ele>26</ele>
        <time>2026-05-13T20:45:05.000Z</time>
        <extensions>
          <ns3:TrackPointExtension>
            <ns3:hr>150</ns3:hr>
            <ns3:cad>92</ns3:cad>
          </ns3:TrackPointExtension>
        </extensions>
      </trkpt>
      <trkpt lat="30.6014197133481502532958984375" lon="114.41980811767280101776123046875">
        <ele>25.799999237060546875</ele>
        <time>2026-05-13T20:45:06.000Z</time>
        <extensions>
          <ns3:TrackPointExtension>
            <ns3:hr>150</ns3:hr>
            <ns3:cad>93</ns3:cad>
          </ns3:TrackPointExtension>
        </extensions>
      </trkpt>
      <trkpt lat="30.6014056317508220672607421875" lon="114.41980292089283466339111328125">
        <ele>25.3999996185302734375</ele>
        <time>2026-05-13T20:45:07.000Z</time>
        <extensions>
          <ns3:TrackPointExtension>
            <ns3:hr>150</ns3:hr>
            <ns3:cad>91</ns3:cad>
          </ns3:TrackPointExtension>
        </extensions>
      </trkpt>
      <trkpt lat="30.60140169225633144378662109375" lon="114.41981683485209941864013671875">
        <ele>25.200000762939453125</ele>
        <time>2026-05-13T20:45:08.000Z</time>
        <extensions>
          <ns3:TrackPointExtension>
            <ns3:hr>149</ns3:hr>
            <ns3:cad>91</ns3:cad>
          </ns3:TrackPointExtension>
        </extensions>
      </trkpt>
      <trkpt lat="30.60139968059957027435302734375" lon="114.41984198056161403656005859375">
        <ele>25.200000762939453125</ele>
        <time>2026-05-13T20:45:09.000Z</time>
        <extensions>
          <ns3:TrackPointExtension>
            <ns3:hr>150</ns3:hr>
            <ns3:cad>91</ns3:cad>
          </ns3:TrackPointExtension>
        </extensions>
      </trkpt>
      <trkpt lat="30.60140387155115604400634765625" lon="114.41986293531954288482666015625">
        <ele>25</ele>
        <time>2026-05-13T20:45:10.000Z</time>
        <extensions>
          <ns3:TrackPointExtension>
            <ns3:hr>150</ns3:hr>
            <ns3:cad>91</ns3:cad>
          </ns3:TrackPointExtension>
        </extensions>
      </trkpt>
      <trkpt lat="30.6014069728553295135498046875" lon="114.41989009268581867218017578125">
        <ele>24.799999237060546875</ele>
        <time>2026-05-13T20:45:11.000Z</time>
        <extensions>
          <ns3:TrackPointExtension>
            <ns3:hr>149</ns3:hr>
            <ns3:cad>88</ns3:cad>
          </ns3:TrackPointExtension>
        </extensions>
      </trkpt>
      <trkpt lat="30.60140739195048809051513671875" lon="114.41991657949984073638916015625">
        <ele>24.3999996185302734375</ele>
        <time>2026-05-13T20:45:12.000Z</time>
        <extensions>
          <ns3:TrackPointExtension>
            <ns3:hr>150</ns3:hr>
            <ns3:cad>88</ns3:cad>
          </ns3:TrackPointExtension>
        </extensions>
      </trkpt>
      <trkpt lat="30.60140806250274181365966796875" lon="114.4199371151626110076904296875">
        <ele>24</ele>
        <time>2026-05-13T20:45:13.000Z</time>
        <extensions>
          <ns3:TrackPointExtension>
            <ns3:hr>150</ns3:hr>
            <ns3:cad>88</ns3:cad>
          </ns3:TrackPointExtension>
        </extensions>
      </trkpt>
      <trkpt lat="30.6014113314449787139892578125" lon="114.41995480097830295562744140625">
        <ele>23.799999237060546875</ele>
        <time>2026-05-13T20:45:14.000Z</time>
        <extensions>
          <ns3:TrackPointExtension>
            <ns3:hr>149</ns3:hr>
            <ns3:cad>88</ns3:cad>
          </ns3:TrackPointExtension>
        </extensions>
      </trkpt>
      <trkpt lat="30.60141527093946933746337890625" lon="114.41998195834457874298095703125">
        <ele>23.6000003814697265625</ele>
        <time>2026-05-13T20:45:15.000Z</time>
        <extensions>
          <ns3:TrackPointExtension>
            <ns3:hr>149</ns3:hr>
            <ns3:cad>90</ns3:cad>
          </ns3:TrackPointExtension>
        </extensions>
      </trkpt>
      <trkpt lat="30.6014203839004039764404296875" lon="114.4200024940073490142822265625">
        <ele>23.200000762939453125</ele>
        <time>2026-05-13T20:45:16.000Z</time>
        <extensions>
          <ns3:TrackPointExtension>
            <ns3:hr>149</ns3:hr>
            <ns3:cad>90</ns3:cad>
          </ns3:TrackPointExtension>
        </extensions>
      </trkpt>
      <trkpt lat="30.6014220602810382843017578125" lon="114.42002906464040279388427734375">
        <ele>23</ele>
        <time>2026-05-13T20:45:17.000Z</time>
        <extensions>
          <ns3:TrackPointExtension>
            <ns3:hr>149</ns3:hr>
            <ns3:cad>90</ns3:cad>
          </ns3:TrackPointExtension>
        </extensions>
      </trkpt>
      <trkpt lat="30.60142767615616321563720703125" lon="114.4200460799038410186767578125">
        <ele>22.6000003814697265625</ele>
        <time>2026-05-13T20:45:18.000Z</time>
        <extensions>
          <ns3:TrackPointExtension>
            <ns3:hr>150</ns3:hr>
            <ns3:cad>90</ns3:cad>
          </ns3:TrackPointExtension>
        </extensions>
      </trkpt>
      <trkpt lat="30.601424910128116607666015625" lon="114.4200725667178630828857421875">
        <ele>22.200000762939453125</ele>
        <time>2026-05-13T20:45:19.000Z</time>
        <extensions>
          <ns3:TrackPointExtension>
            <ns3:hr>149</ns3:hr>
            <ns3:cad>89</ns3:cad>
          </ns3:TrackPointExtension>
        </extensions>
      </trkpt>
      <trkpt lat="30.601425580680370330810546875" lon="114.42009813152253627777099609375">
        <ele>22</ele>
        <time>2026-05-13T20:45:20.000Z</time>
        <extensions>
          <ns3:TrackPointExtension>
            <ns3:hr>149</ns3:hr>
            <ns3:cad>89</ns3:cad>
          </ns3:TrackPointExtension>
        </extensions>
      </trkpt>
      <trkpt lat="30.60141040943562984466552734375" lon="114.4201191700994968414306640625">
        <ele>21.6000003814697265625</ele>
        <time>2026-05-13T20:45:21.000Z</time>
        <extensions>
          <ns3:TrackPointExtension>
            <ns3:hr>149</ns3:hr>
            <ns3:cad>89</ns3:cad>
          </ns3:TrackPointExtension>
        </extensions>
      </trkpt>
      <trkpt lat="30.60139548964798450469970703125" lon="114.42013618536293506622314453125">
        <ele>21.6000003814697265625</ele>
        <time>2026-05-13T20:45:22.000Z</time>
        <extensions>
          <ns3:TrackPointExtension>
            <ns3:hr>149</ns3:hr>
            <ns3:cad>90</ns3:cad>
          </ns3:TrackPointExtension>
        </extensions>
      </trkpt>
      <trkpt lat="30.60137051157653331756591796875" lon="114.42015328444540500640869140625">
        <ele>21.3999996185302734375</ele>
        <time>2026-05-13T20:45:23.000Z</time>
        <extensions>
          <ns3:TrackPointExtension>
            <ns3:hr>148</ns3:hr>
            <ns3:cad>90</ns3:cad>
          </ns3:TrackPointExtension>
        </extensions>
      </trkpt>
      <trkpt lat="30.60134620405733585357666015625" lon="114.420157559216022491455078125">
        <ele>21.3999996185302734375</ele>
        <time>2026-05-13T20:45:24.000Z</time>
        <extensions>
          <ns3:TrackPointExtension>
            <ns3:hr>148</ns3:hr>
            <ns3:cad>88</ns3:cad>
          </ns3:TrackPointExtension>
        </extensions>
      </trkpt>
      <trkpt lat="30.60131167061626911163330078125" lon="114.4201604090631008148193359375">
        <ele>21.3999996185302734375</ele>
        <time>2026-05-13T20:45:25.000Z</time>
        <extensions>
          <ns3:TrackPointExtension>
            <ns3:hr>147</ns3:hr>
            <ns3:cad>88</ns3:cad>
          </ns3:TrackPointExtension>
        </extensions>
      </trkpt>
      <trkpt lat="30.60128820128738880157470703125" lon="114.42016602493822574615478515625">
        <ele>21.6000003814697265625</ele>
        <time>2026-05-13T20:45:26.000Z</time>
        <extensions>
          <ns3:TrackPointExtension>
            <ns3:hr>147</ns3:hr>
            <ns3:cad>88</ns3:cad>
          </ns3:TrackPointExtension>
        </extensions>
      </trkpt>
      <trkpt lat="30.601256601512432098388671875" lon="114.42016384564340114593505859375">
        <ele>21.3999996185302734375</ele>
        <time>2026-05-13T20:45:27.000Z</time>
        <extensions>
          <ns3:TrackPointExtension>
            <ns3:hr>147</ns3:hr>
            <ns3:cad>88</ns3:cad>
          </ns3:TrackPointExtension>
        </extensions>
      </trkpt>
      <trkpt lat="30.60123355127871036529541015625" lon="114.42016921006143093109130859375">
        <ele>21.6000003814697265625</ele>
        <time>2026-05-13T20:45:28.000Z</time>
        <extensions>
          <ns3:TrackPointExtension>
            <ns3:hr>146</ns3:hr>
            <ns3:cad>88</ns3:cad>
          </ns3:TrackPointExtension>
        </extensions>
      </trkpt>
      <trkpt lat="30.60120220296084880828857421875" lon="114.42016703076660633087158203125">
        <ele>21.6000003814697265625</ele>
        <time>2026-05-13T20:45:29.000Z</time>
        <extensions>
          <ns3:TrackPointExtension>
            <ns3:hr>146</ns3:hr>
            <ns3:cad>88</ns3:cad>
          </ns3:TrackPointExtension>
        </extensions>
      </trkpt>
      <trkpt lat="30.6011813320219516754150390625" lon="114.42016568966209888458251953125">
        <ele>21.6000003814697265625</ele>
        <time>2026-05-13T20:45:30.000Z</time>
        <extensions>
          <ns3:TrackPointExtension>
            <ns3:hr>146</ns3:hr>
            <ns3:cad>90</ns3:cad>
          </ns3:TrackPointExtension>
        </extensions>
      </trkpt>
      <trkpt lat="30.6011511571705341339111328125" lon="114.4201667793095111846923828125">
        <ele>21.6000003814697265625</ele>
        <time>2026-05-13T20:45:31.000Z</time>
        <extensions>
          <ns3:TrackPointExtension>
            <ns3:hr>145</ns3:hr>
            <ns3:cad>90</ns3:cad>
          </ns3:TrackPointExtension>
        </extensions>
      </trkpt>
      <trkpt lat="30.60112475417554378509521484375" lon="114.42016468383371829986572265625">
        <ele>21.6000003814697265625</ele>
        <time>2026-05-13T20:45:32.000Z</time>
        <extensions>
          <ns3:TrackPointExtension>
            <ns3:hr>145</ns3:hr>
            <ns3:cad>90</ns3:cad>
          </ns3:TrackPointExtension>
        </extensions>
      </trkpt>
      <trkpt lat="30.60109122656285762786865234375" lon="114.42015546374022960662841796875">
        <ele>21.6000003814697265625</ele>
        <time>2026-05-13T20:45:33.000Z</time>
        <extensions>
          <ns3:TrackPointExtension>
            <ns3:hr>144</ns3:hr>
            <ns3:cad>90</ns3:cad>
          </ns3:TrackPointExtension>
        </extensions>
      </trkpt>
      <trkpt lat="30.601067841053009033203125" lon="114.42016049288213253021240234375">
        <ele>21.799999237060546875</ele>
        <time>2026-05-13T20:45:34.000Z</time>
        <extensions>
          <ns3:TrackPointExtension>
            <ns3:hr>143</ns3:hr>
            <ns3:cad>90</ns3:cad>
          </ns3:TrackPointExtension>
        </extensions>
      </trkpt>
      <trkpt lat="30.60103691183030605316162109375" lon="114.42014942876994609832763671875">
        <ele>21.799999237060546875</ele>
        <time>2026-05-13T20:45:35.000Z</time>
        <extensions>
          <ns3:TrackPointExtension>
            <ns3:hr>142</ns3:hr>
            <ns3:cad>90</ns3:cad>
          </ns3:TrackPointExtension>
        </extensions>
      </trkpt>
      <trkpt lat="30.60101394541561603546142578125" lon="114.420153200626373291015625">
        <ele>21.799999237060546875</ele>
        <time>2026-05-13T20:45:36.000Z</time>
        <extensions>
          <ns3:TrackPointExtension>
            <ns3:hr>142</ns3:hr>
            <ns3:cad>90</ns3:cad>
          </ns3:TrackPointExtension>
        </extensions>
      </trkpt>
      <trkpt lat="30.60098511166870594024658203125" lon="114.42014322616159915924072265625">
        <ele>21.799999237060546875</ele>
        <time>2026-05-13T20:45:37.000Z</time>
        <extensions>
          <ns3:TrackPointExtension>
            <ns3:hr>141</ns3:hr>
            <ns3:cad>90</ns3:cad>
          </ns3:TrackPointExtension>
        </extensions>
      </trkpt>
      <trkpt lat="30.60096650384366512298583984375" lon="114.42014515399932861328125">
        <ele>21.799999237060546875</ele>
        <time>2026-05-13T20:45:38.000Z</time>
        <extensions>
          <ns3:TrackPointExtension>
            <ns3:hr>141</ns3:hr>
            <ns3:cad>91</ns3:cad>
          </ns3:TrackPointExtension>
        </extensions>
      </trkpt>
      <trkpt lat="30.6009399332106113433837890625" lon="114.420136772096157073974609375">
        <ele>21.799999237060546875</ele>
        <time>2026-05-13T20:45:39.000Z</time>
        <extensions>
          <ns3:TrackPointExtension>
            <ns3:hr>140</ns3:hr>
            <ns3:cad>92</ns3:cad>
          </ns3:TrackPointExtension>
        </extensions>
      </trkpt>
      <trkpt lat="30.6009191460907459259033203125" lon="114.420136101543903350830078125">
        <ele>22</ele>
        <time>2026-05-13T20:45:40.000Z</time>
        <extensions>
          <ns3:TrackPointExtension>
            <ns3:hr>140</ns3:hr>
            <ns3:cad>92</ns3:cad>
          </ns3:TrackPointExtension>
        </extensions>
      </trkpt>
      <trkpt lat="30.600894503295421600341796875" lon="114.4201275520026683807373046875">
        <ele>22</ele>
        <time>2026-05-13T20:45:41.000Z</time>
        <extensions>
          <ns3:TrackPointExtension>
            <ns3:hr>140</ns3:hr>
            <ns3:cad>92</ns3:cad>
          </ns3:TrackPointExtension>
        </extensions>
      </trkpt>
      <trkpt lat="30.60087497346103191375732421875" lon="114.42012947984039783477783203125">
        <ele>22</ele>
        <time>2026-05-13T20:45:42.000Z</time>
        <extensions>
          <ns3:TrackPointExtension>
            <ns3:hr>140</ns3:hr>
            <ns3:cad>92</ns3:cad>
          </ns3:TrackPointExtension>
        </extensions>
      </trkpt>
      <trkpt lat="30.6008473969995975494384765625" lon="114.42012839019298553466796875">
        <ele>22</ele>
        <time>2026-05-13T20:45:43.000Z</time>
        <extensions>
          <ns3:TrackPointExtension>
            <ns3:hr>139</ns3:hr>
            <ns3:cad>91</ns3:cad>
          </ns3:TrackPointExtension>
        </extensions>
      </trkpt>
      <trkpt lat="30.60082585550844669342041015625" lon="114.42013115622103214263916015625">
        <ele>22</ele>
        <time>2026-05-13T20:45:44.000Z</time>
        <extensions>
          <ns3:TrackPointExtension>
            <ns3:hr>139</ns3:hr>
            <ns3:cad>91</ns3:cad>
          </ns3:TrackPointExtension>
        </extensions>
      </trkpt>
      <trkpt lat="30.60080305673182010650634765625" lon="114.42012847401201725006103515625">
        <ele>22</ele>
        <time>2026-05-13T20:45:45.000Z</time>
        <extensions>
          <ns3:TrackPointExtension>
            <ns3:hr>139</ns3:hr>
            <ns3:cad>91</ns3:cad>
          </ns3:TrackPointExtension>
        </extensions>
      </trkpt>
      <trkpt lat="30.600777827203273773193359375" lon="114.4201359339058399200439453125">
        <ele>22</ele>
        <time>2026-05-13T20:45:46.000Z</time>
        <extensions>
          <ns3:TrackPointExtension>
            <ns3:hr>140</ns3:hr>
            <ns3:cad>91</ns3:cad>
          </ns3:TrackPointExtension>
        </extensions>
      </trkpt>
      <trkpt lat="30.600754357874393463134765625" lon="114.42013937048614025115966796875">
        <ele>22</ele>
        <time>2026-05-13T20:45:47.000Z</time>
        <extensions>
          <ns3:TrackPointExtension>
            <ns3:hr>139</ns3:hr>
            <ns3:cad>91</ns3:cad>
          </ns3:TrackPointExtension>
        </extensions>
      </trkpt>
      <trkpt lat="30.6007287092506885528564453125" lon="114.42014238797128200531005859375">
        <ele>22</ele>
        <time>2026-05-13T20:45:48.000Z</time>
        <extensions>
          <ns3:TrackPointExtension>
            <ns3:hr>139</ns3:hr>
            <ns3:cad>91</ns3:cad>
          </ns3:TrackPointExtension>
        </extensions>
      </trkpt>
      <trkpt lat="30.6007044017314910888671875" lon="114.4201396219432353973388671875">
        <ele>22</ele>
        <time>2026-05-13T20:45:49.000Z</time>
        <extensions>
          <ns3:TrackPointExtension>
            <ns3:hr>139</ns3:hr>
            <ns3:cad>91</ns3:cad>
          </ns3:TrackPointExtension>
        </extensions>
      </trkpt>
      <trkpt lat="30.60067263431847095489501953125" lon="114.4201423041522502899169921875">
        <ele>22</ele>
        <time>2026-05-13T20:45:50.000Z</time>
        <extensions>
          <ns3:TrackPointExtension>
            <ns3:hr>138</ns3:hr>
            <ns3:cad>92</ns3:cad>
          </ns3:TrackPointExtension>
        </extensions>
      </trkpt>
      <trkpt lat="30.6006489135324954986572265625" lon="114.42014171741902828216552734375">
        <ele>21.799999237060546875</ele>
        <time>2026-05-13T20:45:51.000Z</time>
        <extensions>
          <ns3:TrackPointExtension>
            <ns3:hr>138</ns3:hr>
            <ns3:cad>92</ns3:cad>
          </ns3:TrackPointExtension>
        </extensions>
      </trkpt>
      <trkpt lat="30.60062150470912456512451171875" lon="114.4201369397342205047607421875">
        <ele>21.799999237060546875</ele>
        <time>2026-05-13T20:45:52.000Z</time>
        <extensions>
          <ns3:TrackPointExtension>
            <ns3:hr>138</ns3:hr>
            <ns3:cad>92</ns3:cad>
          </ns3:TrackPointExtension>
        </extensions>
      </trkpt>
      <trkpt lat="30.60060138814151287078857421875" lon="114.42013702355325222015380859375">
        <ele>21.799999237060546875</ele>
        <time>2026-05-13T20:45:53.000Z</time>
        <extensions>
          <ns3:TrackPointExtension>
            <ns3:hr>138</ns3:hr>
            <ns3:cad>92</ns3:cad>
          </ns3:TrackPointExtension>
        </extensions>
      </trkpt>
      <trkpt lat="30.6005768291652202606201171875" lon="114.42013149149715900421142578125">
        <ele>21.6000003814697265625</ele>
        <time>2026-05-13T20:45:54.000Z</time>
        <extensions>
          <ns3:TrackPointExtension>
            <ns3:hr>137</ns3:hr>
            <ns3:cad>93</ns3:cad>
          </ns3:TrackPointExtension>
        </extensions>
      </trkpt>
      <trkpt lat="30.6005570478737354278564453125" lon="114.42013836465775966644287109375">
        <ele>21.6000003814697265625</ele>
        <time>2026-05-13T20:45:55.000Z</time>
        <extensions>
          <ns3:TrackPointExtension>
            <ns3:hr>137</ns3:hr>
            <ns3:cad>93</ns3:cad>
          </ns3:TrackPointExtension>
        </extensions>
      </trkpt>
      <trkpt lat="30.60052662156522274017333984375" lon="114.4201342575252056121826171875">
        <ele>21.6000003814697265625</ele>
        <time>2026-05-13T20:45:56.000Z</time>
        <extensions>
          <ns3:TrackPointExtension>
            <ns3:hr>137</ns3:hr>
            <ns3:cad>92</ns3:cad>
          </ns3:TrackPointExtension>
        </extensions>
      </trkpt>
      <trkpt lat="30.60050315223634243011474609375" lon="114.4201355986297130584716796875">
        <ele>21.6000003814697265625</ele>
        <time>2026-05-13T20:45:57.000Z</time>
        <extensions>
          <ns3:TrackPointExtension>
            <ns3:hr>137</ns3:hr>
            <ns3:cad>92</ns3:cad>
          </ns3:TrackPointExtension>
        </extensions>
      </trkpt>
      <trkpt lat="30.6004742346704006195068359375" lon="114.42013300023972988128662109375">
        <ele>21.6000003814697265625</ele>
        <time>2026-05-13T20:45:58.000Z</time>
        <extensions>
          <ns3:TrackPointExtension>
            <ns3:hr>137</ns3:hr>
            <ns3:cad>92</ns3:cad>
          </ns3:TrackPointExtension>
        </extensions>
      </trkpt>
      <trkpt lat="30.6004507653415203094482421875" lon="114.42013367079198360443115234375">
        <ele>21.6000003814697265625</ele>
        <time>2026-05-13T20:45:59.000Z</time>
        <extensions>
          <ns3:TrackPointExtension>
            <ns3:hr>137</ns3:hr>
            <ns3:cad>92</ns3:cad>
          </ns3:TrackPointExtension>
        </extensions>
      </trkpt>
      <trkpt lat="30.60042201541364192962646484375" lon="114.4201277196407318115234375">
        <ele>21.6000003814697265625</ele>
        <time>2026-05-13T20:46:00.000Z</time>
        <extensions>
          <ns3:TrackPointExtension>
            <ns3:hr>137</ns3:hr>
            <ns3:cad>93</ns3:cad>
          </ns3:TrackPointExtension>
        </extensions>
      </trkpt>
      <trkpt lat="30.6003977917134761810302734375" lon="114.42012998275458812713623046875">
        <ele>21.6000003814697265625</ele>
        <time>2026-05-13T20:46:01.000Z</time>
        <extensions>
          <ns3:TrackPointExtension>
            <ns3:hr>136</ns3:hr>
            <ns3:cad>93</ns3:cad>
          </ns3:TrackPointExtension>
        </extensions>
      </trkpt>
      <trkpt lat="30.60037138871848583221435546875" lon="114.42012646235525608062744140625">
        <ele>21.3999996185302734375</ele>
        <time>2026-05-13T20:46:02.000Z</time>
        <extensions>
          <ns3:TrackPointExtension>
            <ns3:hr>137</ns3:hr>
            <ns3:cad>93</ns3:cad>
          </ns3:TrackPointExtension>
        </extensions>
      </trkpt>
      <trkpt lat="30.60034808702766895294189453125" lon="114.4201330840587615966796875">
        <ele>21.3999996185302734375</ele>
        <time>2026-05-13T20:46:03.000Z</time>
        <extensions>
          <ns3:TrackPointExtension>
            <ns3:hr>137</ns3:hr>
            <ns3:cad>92</ns3:cad>
          </ns3:TrackPointExtension>
        </extensions>
      </trkpt>
      <trkpt lat="30.600325874984264373779296875" lon="114.4201439805328845977783203125">
        <ele>21.3999996185302734375</ele>
        <time>2026-05-13T20:46:04.000Z</time>
        <extensions>
          <ns3:TrackPointExtension>
            <ns3:hr>136</ns3:hr>
            <ns3:cad>92</ns3:cad>
          </ns3:TrackPointExtension>
        </extensions>
      </trkpt>
      <trkpt lat="30.60031841509044170379638671875" lon="114.4201570563018321990966796875">
        <ele>21.3999996185302734375</ele>
        <time>2026-05-13T20:46:05.000Z</time>
        <extensions>
          <ns3:TrackPointExtension>
            <ns3:hr>137</ns3:hr>
            <ns3:cad>92</ns3:cad>
          </ns3:TrackPointExtension>
        </extensions>
      </trkpt>
      <trkpt lat="30.6003153137862682342529296875" lon="114.420187734067440032958984375">
        <ele>21.3999996185302734375</ele>
        <time>2026-05-13T20:46:06.000Z</time>
        <extensions>
          <ns3:TrackPointExtension>
            <ns3:hr>137</ns3:hr>
            <ns3:cad>92</ns3:cad>
          </ns3:TrackPointExtension>
        </extensions>
      </trkpt>
      <trkpt lat="30.60031942091882228851318359375" lon="114.42021966911852359771728515625">
        <ele>21.3999996185302734375</ele>
        <time>2026-05-13T20:46:07.000Z</time>
        <extensions>
          <ns3:TrackPointExtension>
            <ns3:hr>136</ns3:hr>
            <ns3:cad>92</ns3:cad>
          </ns3:TrackPointExtension>
        </extensions>
      </trkpt>
      <trkpt lat="30.60031958855688571929931640625" lon="114.42025638185441493988037109375">
        <ele>21.3999996185302734375</ele>
        <time>2026-05-13T20:46:08.000Z</time>
        <extensions>
          <ns3:TrackPointExtension>
            <ns3:hr>137</ns3:hr>
            <ns3:cad>92</ns3:cad>
          </ns3:TrackPointExtension>
        </extensions>
      </trkpt>
      <trkpt lat="30.60031950473785400390625" lon="114.42029074765741825103759765625">
        <ele>21.200000762939453125</ele>
        <time>2026-05-13T20:46:09.000Z</time>
        <extensions>
          <ns3:TrackPointExtension>
            <ns3:hr>136</ns3:hr>
            <ns3:cad>92</ns3:cad>
          </ns3:TrackPointExtension>
        </extensions>
      </trkpt>
      <trkpt lat="30.600306093692779541015625" lon="114.42032125778496265411376953125">
        <ele>21.3999996185302734375</ele>
        <time>2026-05-13T20:46:10.000Z</time>
        <extensions>
          <ns3:TrackPointExtension>
            <ns3:hr>136</ns3:hr>
            <ns3:cad>90</ns3:cad>
          </ns3:TrackPointExtension>
        </extensions>
      </trkpt>
      <trkpt lat="30.6002851389348506927490234375" lon="114.42033894360065460205078125">
        <ele>21.3999996185302734375</ele>
        <time>2026-05-13T20:46:11.000Z</time>
        <extensions>
          <ns3:TrackPointExtension>
            <ns3:hr>136</ns3:hr>
            <ns3:cad>89</ns3:cad>
          </ns3:TrackPointExtension>
        </extensions>
      </trkpt>
      <trkpt lat="30.60025420971214771270751953125" lon="114.42034271545708179473876953125">
        <ele>21.3999996185302734375</ele>
        <time>2026-05-13T20:46:12.000Z</time>
        <extensions>
          <ns3:TrackPointExtension>
            <ns3:hr>137</ns3:hr>
            <ns3:cad>87</ns3:cad>
          </ns3:TrackPointExtension>
        </extensions>
      </trkpt>
      <trkpt lat="30.6002281419932842254638671875" lon="114.42034875042736530303955078125">
        <ele>21.3999996185302734375</ele>
        <time>2026-05-13T20:46:13.000Z</time>
        <extensions>
          <ns3:TrackPointExtension>
            <ns3:hr>137</ns3:hr>
            <ns3:cad>87</ns3:cad>
          </ns3:TrackPointExtension>
        </extensions>
      </trkpt>
      <trkpt lat="30.60019436292350292205810546875" lon="114.42034556530416011810302734375">
        <ele>21.3999996185302734375</ele>
        <time>2026-05-13T20:46:14.000Z</time>
        <extensions>
          <ns3:TrackPointExtension>
            <ns3:hr>137</ns3:hr>
            <ns3:cad>87</ns3:cad>
          </ns3:TrackPointExtension>
        </extensions>
      </trkpt>
      <trkpt lat="30.60016930103302001953125" lon="114.42034908570349216461181640625">
        <ele>21.3999996185302734375</ele>
        <time>2026-05-13T20:46:15.000Z</time>
        <extensions>
          <ns3:TrackPointExtension>
            <ns3:hr>137</ns3:hr>
            <ns3:cad>90</ns3:cad>
          </ns3:TrackPointExtension>
        </extensions>
      </trkpt>
      <trkpt lat="30.6001369468867778778076171875" lon="114.42034422419965267181396484375">
        <ele>21.200000762939453125</ele>
        <time>2026-05-13T20:46:16.000Z</time>
        <extensions>
          <ns3:TrackPointExtension>
            <ns3:hr>137</ns3:hr>
            <ns3:cad>90</ns3:cad>
          </ns3:TrackPointExtension>
        </extensions>
      </trkpt>
      <trkpt lat="30.6001089513301849365234375" lon="114.4203458167612552642822265625">
        <ele>21.200000762939453125</ele>
        <time>2026-05-13T20:46:17.000Z</time>
        <extensions>
          <ns3:TrackPointExtension>
            <ns3:hr>137</ns3:hr>
            <ns3:cad>90</ns3:cad>
          </ns3:TrackPointExtension>
        </extensions>
      </trkpt>
      <trkpt lat="30.60008154250681400299072265625" lon="114.4203448109328746795654296875">
        <ele>21</ele>
        <time>2026-05-13T20:46:18.000Z</time>
        <extensions>
          <ns3:TrackPointExtension>
            <ns3:hr>138</ns3:hr>
            <ns3:cad>92</ns3:cad>
          </ns3:TrackPointExtension>
        </extensions>
      </trkpt>
      <trkpt lat="30.60005354695022106170654296875" lon="114.4203481636941432952880859375">
        <ele>21</ele>
        <time>2026-05-13T20:46:19.000Z</time>
        <extensions>
          <ns3:TrackPointExtension>
            <ns3:hr>138</ns3:hr>
            <ns3:cad>92</ns3:cad>
          </ns3:TrackPointExtension>
        </extensions>
      </trkpt>
      <trkpt lat="30.60002856887876987457275390625" lon="114.42035009153187274932861328125">
        <ele>20.799999237060546875</ele>
        <time>2026-05-13T20:46:20.000Z</time>
        <extensions>
          <ns3:TrackPointExtension>
            <ns3:hr>138</ns3:hr>
            <ns3:cad>93</ns3:cad>
          </ns3:TrackPointExtension>
        </extensions>
      </trkpt>
      <trkpt lat="30.60000007040798664093017578125" lon="114.42035294137895107269287109375">
        <ele>20.799999237060546875</ele>
        <time>2026-05-13T20:46:21.000Z</time>
        <extensions>
          <ns3:TrackPointExtension>
            <ns3:hr>138</ns3:hr>
            <ns3:cad>93</ns3:cad>
          </ns3:TrackPointExtension>
        </extensions>
      </trkpt>
      <trkpt lat="30.599975846707820892333984375" lon="114.42035210318863391876220703125">
        <ele>20.799999237060546875</ele>
        <time>2026-05-13T20:46:22.000Z</time>
        <extensions>
          <ns3:TrackPointExtension>
            <ns3:hr>138</ns3:hr>
            <ns3:cad>93</ns3:cad>
          </ns3:TrackPointExtension>
        </extensions>
      </trkpt>
      <trkpt lat="30.59994399547576904296875" lon="114.42034841515123844146728515625">
        <ele>20.6000003814697265625</ele>
        <time>2026-05-13T20:46:23.000Z</time>
        <extensions>
          <ns3:TrackPointExtension>
            <ns3:hr>138</ns3:hr>
            <ns3:cad>93</ns3:cad>
          </ns3:TrackPointExtension>
        </extensions>
      </trkpt>
      <trkpt lat="30.599920861423015594482421875" lon="114.42034657113254070281982421875">
        <ele>20.6000003814697265625</ele>
        <time>2026-05-13T20:46:24.000Z</time>
        <extensions>
          <ns3:TrackPointExtension>
            <ns3:hr>138</ns3:hr>
            <ns3:cad>93</ns3:cad>
          </ns3:TrackPointExtension>
        </extensions>
      </trkpt>
      <trkpt lat="30.59989043511450290679931640625" lon="114.42034724168479442596435546875">
        <ele>20.3999996185302734375</ele>
        <time>2026-05-13T20:46:25.000Z</time>
        <extensions>
          <ns3:TrackPointExtension>
            <ns3:hr>138</ns3:hr>
            <ns3:cad>93</ns3:cad>
          </ns3:TrackPointExtension>
        </extensions>
      </trkpt>
      <trkpt lat="30.5998704023659229278564453125" lon="114.4203572161495685577392578125">
        <ele>20.3999996185302734375</ele>
        <time>2026-05-13T20:46:26.000Z</time>
        <extensions>
          <ns3:TrackPointExtension>
            <ns3:hr>138</ns3:hr>
            <ns3:cad>93</ns3:cad>
          </ns3:TrackPointExtension>
        </extensions>
      </trkpt>
      <trkpt lat="30.5998435802757740020751953125" lon="114.42035947926342487335205078125">
        <ele>20.3999996185302734375</ele>
        <time>2026-05-13T20:46:27.000Z</time>
        <extensions>
          <ns3:TrackPointExtension>
            <ns3:hr>138</ns3:hr>
            <ns3:cad>93</ns3:cad>
          </ns3:TrackPointExtension>
        </extensions>
      </trkpt>
      <trkpt lat="30.59982153587043285369873046875" lon="114.42037238739430904388427734375">
        <ele>20.200000762939453125</ele>
        <time>2026-05-13T20:46:28.000Z</time>
        <extensions>
          <ns3:TrackPointExtension>
            <ns3:hr>138</ns3:hr>
            <ns3:cad>93</ns3:cad>
          </ns3:TrackPointExtension>
        </extensions>
      </trkpt>
      <trkpt lat="30.5997959710657596588134765625" lon="114.42037255503237247467041015625">
        <ele>20.200000762939453125</ele>
        <time>2026-05-13T20:46:29.000Z</time>
        <extensions>
          <ns3:TrackPointExtension>
            <ns3:hr>138</ns3:hr>
            <ns3:cad>93</ns3:cad>
          </ns3:TrackPointExtension>
        </extensions>
      </trkpt>
      <trkpt lat="30.59977124445140361785888671875" lon="114.4203776679933071136474609375">
        <ele>20</ele>
        <time>2026-05-13T20:46:30.000Z</time>
        <extensions>
          <ns3:TrackPointExtension>
            <ns3:hr>138</ns3:hr>
            <ns3:cad>93</ns3:cad>
          </ns3:TrackPointExtension>
        </extensions>
      </trkpt>
      <trkpt lat="30.599748529493808746337890625" lon="114.42037909291684627532958984375">
        <ele>20</ele>
        <time>2026-05-13T20:46:31.000Z</time>
        <extensions>
          <ns3:TrackPointExtension>
            <ns3:hr>137</ns3:hr>
            <ns3:cad>93</ns3:cad>
          </ns3:TrackPointExtension>
        </extensions>
      </trkpt>
      <trkpt lat="30.5997228808701038360595703125" lon="114.42038496024906635284423828125">
        <ele>20</ele>
        <time>2026-05-13T20:46:32.000Z</time>
        <extensions>
          <ns3:TrackPointExtension>
            <ns3:hr>137</ns3:hr>
            <ns3:cad>93</ns3:cad>
          </ns3:TrackPointExtension>
        </extensions>
      </trkpt>
      <trkpt lat="30.5996943823993206024169921875" lon="114.42038345150649547576904296875">
        <ele>20</ele>
        <time>2026-05-13T20:46:33.000Z</time>
        <extensions>
          <ns3:TrackPointExtension>
            <ns3:hr>137</ns3:hr>
            <ns3:cad>93</ns3:cad>
          </ns3:TrackPointExtension>
        </extensions>
      </trkpt>
      <trkpt lat="30.59967317618429660797119140625" lon="114.42039334215223789215087890625">
        <ele>20</ele>
        <time>2026-05-13T20:46:34.000Z</time>
        <extensions>
          <ns3:TrackPointExtension>
            <ns3:hr>136</ns3:hr>
            <ns3:cad>90</ns3:cad>
          </ns3:TrackPointExtension>
        </extensions>
      </trkpt>
      <trkpt lat="30.59964065439999103546142578125" lon="114.42038965411484241485595703125">
        <ele>20</ele>
        <time>2026-05-13T20:46:35.000Z</time>
        <extensions>
          <ns3:TrackPointExtension>
            <ns3:hr>136</ns3:hr>
            <ns3:cad>90</ns3:cad>
          </ns3:TrackPointExtension>
        </extensions>
      </trkpt>
      <trkpt lat="30.59962254948914051055908203125" lon="114.42040021531283855438232421875">
        <ele>19.799999237060546875</ele>
        <time>2026-05-13T20:46:36.000Z</time>
        <extensions>
          <ns3:TrackPointExtension>
            <ns3:hr>135</ns3:hr>
            <ns3:cad>90</ns3:cad>
          </ns3:TrackPointExtension>
        </extensions>
      </trkpt>
      <trkpt lat="30.5995961464941501617431640625" lon="114.42040943540632724761962890625">
        <ele>19.799999237060546875</ele>
        <time>2026-05-13T20:46:37.000Z</time>
        <extensions>
          <ns3:TrackPointExtension>
            <ns3:hr>135</ns3:hr>
            <ns3:cad>90</ns3:cad>
          </ns3:TrackPointExtension>
        </extensions>
      </trkpt>
      <trkpt lat="30.59957879595458507537841796875" lon="114.420415721833705902099609375">
        <ele>19.799999237060546875</ele>
        <time>2026-05-13T20:46:38.000Z</time>
        <extensions>
          <ns3:TrackPointExtension>
            <ns3:hr>135</ns3:hr>
            <ns3:cad>88</ns3:cad>
          </ns3:TrackPointExtension>
        </extensions>
      </trkpt>
      <trkpt lat="30.59956622309982776641845703125" lon="114.42042351700365543365478515625">
        <ele>19.799999237060546875</ele>
        <time>2026-05-13T20:46:39.000Z</time>
        <extensions>
          <ns3:TrackPointExtension>
            <ns3:hr>135</ns3:hr>
            <ns3:cad>88</ns3:cad>
          </ns3:TrackPointExtension>
        </extensions>
      </trkpt>
      <trkpt lat="30.5995582602918148040771484375" lon="114.42042385227978229522705078125">
        <ele>19.799999237060546875</ele>
        <time>2026-05-13T20:46:40.000Z</time>
        <extensions>
          <ns3:TrackPointExtension>
            <ns3:hr>134</ns3:hr>
            <ns3:cad>0</ns3:cad>
          </ns3:TrackPointExtension>
        </extensions>
      </trkpt>
    </trkseg>
  </trk>
</gpx>
