<gpx xmlns:ns3="http://www.garmin.com/xmlschemas/TrackPointExtension/v1" xmlns="http://www.topografix.com/GPX/1/1" xmlns:xsi="http://www.w3.org/2001/XMLSchema-instance" xmlns:ns2="http://www.garmin.com/xmlschemas/GpxExtensions/v3" creator="Garmin Connect" version="1.1" xsi:schemaLocation="http://www.topografix.com/GPX/1/1 http://www.topografix.com/GPX/11.xsd">
  <extensions>
<distance>6423.62</distance>
<average_hr>135.0</average_hr>
<average_speed>2.914000034332275</average_speed>
<start_time>2026-05-31T21:11:35+00:00</start_time>
<end_time>2026-05-31T21:48:19.100000+00:00</end_time>
<moving_time>2200.841</moving_time>
<elapsed_time>2204.1</elapsed_time>
</extensions>
<metadata>
    <link href="connect.garmin.com">
      <text>Garmin Connect</text>
    </link>
    <time>2026-05-31T21:11:35.000Z</time>
  </metadata>
  <trk>
    <name>南开区 跑步</name>
    <type>running</type>
    <trkseg>
      <trkpt lat="39.1431860625743865966796875" lon="117.18140515498816967010498046875">
        <ele>5.19999980926513671875</ele>
        <time>2026-05-31T21:11:35.000Z</time>
        <extensions>
          <ns3:TrackPointExtension>
            <ns3:hr>87</ns3:hr>
            <ns3:cad>0</ns3:cad>
          </ns3:TrackPointExtension>
        </extensions>
      </trkpt>
      <trkpt lat="39.143206179141998291015625" lon="117.18144102953374385833740234375">
        <ele>5.19999980926513671875</ele>
        <time>2026-05-31T21:11:36.000Z</time>
        <extensions>
          <ns3:TrackPointExtension>
            <ns3:hr>87</ns3:hr>
            <ns3:cad>0</ns3:cad>
          </ns3:TrackPointExtension>
        </extensions>
      </trkpt>
      <trkpt lat="39.14320693351328372955322265625" lon="117.181479670107364654541015625">
        <ele>5.19999980926513671875</ele>
        <time>2026-05-31T21:11:37.000Z</time>
        <extensions>
          <ns3:TrackPointExtension>
            <ns3:hr>87</ns3:hr>
            <ns3:cad>52</ns3:cad>
          </ns3:TrackPointExtension>
        </extensions>
      </trkpt>
      <trkpt lat="39.143214561045169830322265625" lon="117.18150842003524303436279296875">
        <ele>5</ele>
        <time>2026-05-31T21:11:38.000Z</time>
        <extensions>
          <ns3:TrackPointExtension>
            <ns3:hr>88</ns3:hr>
            <ns3:cad>52</ns3:cad>
          </ns3:TrackPointExtension>
        </extensions>
      </trkpt>
      <trkpt lat="39.1432167403399944305419921875" lon="117.18154647387564182281494140625">
        <ele>5</ele>
        <time>2026-05-31T21:11:39.000Z</time>
        <extensions>
          <ns3:TrackPointExtension>
            <ns3:hr>88</ns3:hr>
            <ns3:cad>52</ns3:cad>
          </ns3:TrackPointExtension>
        </extensions>
      </trkpt>
      <trkpt lat="39.14322554133832454681396484375" lon="117.1815733797848224639892578125">
        <ele>5</ele>
        <time>2026-05-31T21:11:40.000Z</time>
        <extensions>
          <ns3:TrackPointExtension>
            <ns3:hr>89</ns3:hr>
            <ns3:cad>52</ns3:cad>
          </ns3:TrackPointExtension>
        </extensions>
      </trkpt>
      <trkpt lat="39.1432291455566883087158203125" lon="117.18161134980618953704833984375">
        <ele>5</ele>
        <time>2026-05-31T21:11:41.000Z</time>
        <extensions>
          <ns3:TrackPointExtension>
            <ns3:hr>90</ns3:hr>
            <ns3:cad>88</ns3:cad>
          </ns3:TrackPointExtension>
        </extensions>
      </trkpt>
      <trkpt lat="39.14323761127889156341552734375" lon="117.18164001591503620147705078125">
        <ele>5</ele>
        <time>2026-05-31T21:11:42.000Z</time>
        <extensions>
          <ns3:TrackPointExtension>
            <ns3:hr>91</ns3:hr>
            <ns3:cad>89</ns3:cad>
          </ns3:TrackPointExtension>
        </extensions>
      </trkpt>
      <trkpt lat="39.14324381388723850250244140625" lon="117.1816818416118621826171875">
        <ele>5</ele>
        <time>2026-05-31T21:11:43.000Z</time>
        <extensions>
          <ns3:TrackPointExtension>
            <ns3:hr>92</ns3:hr>
            <ns3:cad>89</ns3:cad>
          </ns3:TrackPointExtension>
        </extensions>
      </trkpt>
      <trkpt lat="39.14324884302914142608642578125" lon="117.1817086637020111083984375">
        <ele>5</ele>
        <time>2026-05-31T21:11:44.000Z</time>
        <extensions>
          <ns3:TrackPointExtension>
            <ns3:hr>92</ns3:hr>
            <ns3:cad>90</ns3:cad>
          </ns3:TrackPointExtension>
        </extensions>
      </trkpt>
      <trkpt lat="39.14325186051428318023681640625" lon="117.18174445442855358123779296875">
        <ele>5</ele>
        <time>2026-05-31T21:11:45.000Z</time>
        <extensions>
          <ns3:TrackPointExtension>
            <ns3:hr>92</ns3:hr>
            <ns3:cad>90</ns3:cad>
          </ns3:TrackPointExtension>
        </extensions>
      </trkpt>
      <trkpt lat="39.1432552970945835113525390625" lon="117.18177110888063907623291015625">
        <ele>5</ele>
        <time>2026-05-31T21:11:46.000Z</time>
        <extensions>
          <ns3:TrackPointExtension>
            <ns3:hr>92</ns3:hr>
            <ns3:cad>90</ns3:cad>
          </ns3:TrackPointExtension>
        </extensions>
      </trkpt>
      <trkpt lat="39.14325554855167865753173828125" lon="117.181806899607181549072265625">
        <ele>5</ele>
        <time>2026-05-31T21:11:47.000Z</time>
        <extensions>
          <ns3:TrackPointExtension>
            <ns3:hr>92</ns3:hr>
            <ns3:cad>90</ns3:cad>
          </ns3:TrackPointExtension>
        </extensions>
      </trkpt>
      <trkpt lat="39.1432573087513446807861328125" lon="117.1818395890295505523681640625">
        <ele>5</ele>
        <time>2026-05-31T21:11:48.000Z</time>
        <extensions>
          <ns3:TrackPointExtension>
            <ns3:hr>92</ns3:hr>
            <ns3:cad>90</ns3:cad>
          </ns3:TrackPointExtension>
        </extensions>
      </trkpt>
      <trkpt lat="39.143257476389408111572265625" lon="117.1818744577467441558837890625">
        <ele>5</ele>
        <time>2026-05-31T21:11:49.000Z</time>
        <extensions>
          <ns3:TrackPointExtension>
            <ns3:hr>93</ns3:hr>
            <ns3:cad>90</ns3:cad>
          </ns3:TrackPointExtension>
        </extensions>
      </trkpt>
      <trkpt lat="39.1432579793035984039306640625" lon="117.18190605752170085906982421875">
        <ele>5</ele>
        <time>2026-05-31T21:11:50.000Z</time>
        <extensions>
          <ns3:TrackPointExtension>
            <ns3:hr>94</ns3:hr>
            <ns3:cad>91</ns3:cad>
          </ns3:TrackPointExtension>
        </extensions>
      </trkpt>
      <trkpt lat="39.1432586498558521270751953125" lon="117.18193598091602325439453125">
        <ele>5</ele>
        <time>2026-05-31T21:11:51.000Z</time>
        <extensions>
          <ns3:TrackPointExtension>
            <ns3:hr>95</ns3:hr>
            <ns3:cad>91</ns3:cad>
          </ns3:TrackPointExtension>
        </extensions>
      </trkpt>
      <trkpt lat="39.14325588382780551910400390625" lon="117.18197059817612171173095703125">
        <ele>5</ele>
        <time>2026-05-31T21:11:52.000Z</time>
        <extensions>
          <ns3:TrackPointExtension>
            <ns3:hr>96</ns3:hr>
            <ns3:cad>92</ns3:cad>
          </ns3:TrackPointExtension>
        </extensions>
      </trkpt>
      <trkpt lat="39.143252111971378326416015625" lon="117.1819998510181903839111328125">
        <ele>5</ele>
        <time>2026-05-31T21:11:53.000Z</time>
        <extensions>
          <ns3:TrackPointExtension>
            <ns3:hr>97</ns3:hr>
            <ns3:cad>92</ns3:cad>
          </ns3:TrackPointExtension>
        </extensions>
      </trkpt>
      <trkpt lat="39.1432455740869045257568359375" lon="117.18203790485858917236328125">
        <ele>5</ele>
        <time>2026-05-31T21:11:54.000Z</time>
        <extensions>
          <ns3:TrackPointExtension>
            <ns3:hr>98</ns3:hr>
            <ns3:cad>92</ns3:cad>
          </ns3:TrackPointExtension>
        </extensions>
      </trkpt>
      <trkpt lat="39.14324834011495113372802734375" lon="117.1820669062435626983642578125">
        <ele>5</ele>
        <time>2026-05-31T21:11:55.000Z</time>
        <extensions>
          <ns3:TrackPointExtension>
            <ns3:hr>98</ns3:hr>
            <ns3:cad>92</ns3:cad>
          </ns3:TrackPointExtension>
        </extensions>
      </trkpt>
      <trkpt lat="39.143249094486236572265625" lon="117.18210454098880290985107421875">
        <ele>5</ele>
        <time>2026-05-31T21:11:56.000Z</time>
        <extensions>
          <ns3:TrackPointExtension>
            <ns3:hr>99</ns3:hr>
            <ns3:cad>92</ns3:cad>
          </ns3:TrackPointExtension>
        </extensions>
      </trkpt>
      <trkpt lat="39.14324884302914142608642578125" lon="117.1821275912225246429443359375">
        <ele>5</ele>
        <time>2026-05-31T21:11:57.000Z</time>
        <extensions>
          <ns3:TrackPointExtension>
            <ns3:hr>100</ns3:hr>
            <ns3:cad>92</ns3:cad>
          </ns3:TrackPointExtension>
        </extensions>
      </trkpt>
      <trkpt lat="39.1432519443333148956298828125" lon="117.18216120265424251556396484375">
        <ele>5</ele>
        <time>2026-05-31T21:11:58.000Z</time>
        <extensions>
          <ns3:TrackPointExtension>
            <ns3:hr>101</ns3:hr>
            <ns3:cad>92</ns3:cad>
          </ns3:TrackPointExtension>
        </extensions>
      </trkpt>
      <trkpt lat="39.14325370453298091888427734375" lon="117.18218852765858173370361328125">
        <ele>5</ele>
        <time>2026-05-31T21:11:59.000Z</time>
        <extensions>
          <ns3:TrackPointExtension>
            <ns3:hr>102</ns3:hr>
            <ns3:cad>92</ns3:cad>
          </ns3:TrackPointExtension>
        </extensions>
      </trkpt>
      <trkpt lat="39.14325118996202945709228515625" lon="117.1822218038141727447509765625">
        <ele>5</ele>
        <time>2026-05-31T21:12:00.000Z</time>
        <extensions>
          <ns3:TrackPointExtension>
            <ns3:hr>103</ns3:hr>
            <ns3:cad>92</ns3:cad>
          </ns3:TrackPointExtension>
        </extensions>
      </trkpt>
      <trkpt lat="39.14324917830526828765869140625" lon="117.18224837444722652435302734375">
        <ele>5</ele>
        <time>2026-05-31T21:12:01.000Z</time>
        <extensions>
          <ns3:TrackPointExtension>
            <ns3:hr>103</ns3:hr>
            <ns3:cad>92</ns3:cad>
          </ns3:TrackPointExtension>
        </extensions>
      </trkpt>
      <trkpt lat="39.1432450711727142333984375" lon="117.1822868473827838897705078125">
        <ele>5.19999980926513671875</ele>
        <time>2026-05-31T21:12:02.000Z</time>
        <extensions>
          <ns3:TrackPointExtension>
            <ns3:hr>104</ns3:hr>
            <ns3:cad>92</ns3:cad>
          </ns3:TrackPointExtension>
        </extensions>
      </trkpt>
      <trkpt lat="39.14324708282947540283203125" lon="117.18231149017810821533203125">
        <ele>5.19999980926513671875</ele>
        <time>2026-05-31T21:12:03.000Z</time>
        <extensions>
          <ns3:TrackPointExtension>
            <ns3:hr>104</ns3:hr>
            <ns3:cad>92</ns3:cad>
          </ns3:TrackPointExtension>
        </extensions>
      </trkpt>
      <trkpt lat="39.1432435624301433563232421875" lon="117.18235096894204616546630859375">
        <ele>5.19999980926513671875</ele>
        <time>2026-05-31T21:12:04.000Z</time>
        <extensions>
          <ns3:TrackPointExtension>
            <ns3:hr>104</ns3:hr>
            <ns3:cad>92</ns3:cad>
          </ns3:TrackPointExtension>
        </extensions>
      </trkpt>
      <trkpt lat="39.14324565790593624114990234375" lon="117.18237963505089282989501953125">
        <ele>5.19999980926513671875</ele>
        <time>2026-05-31T21:12:05.000Z</time>
        <extensions>
          <ns3:TrackPointExtension>
            <ns3:hr>105</ns3:hr>
            <ns3:cad>92</ns3:cad>
          </ns3:TrackPointExtension>
        </extensions>
      </trkpt>
      <trkpt lat="39.14324163459241390228271484375" lon="117.1824142523109912872314453125">
        <ele>5.19999980926513671875</ele>
        <time>2026-05-31T21:12:06.000Z</time>
        <extensions>
          <ns3:TrackPointExtension>
            <ns3:hr>105</ns3:hr>
            <ns3:cad>92</ns3:cad>
          </ns3:TrackPointExtension>
        </extensions>
      </trkpt>
      <trkpt lat="39.14324716664850711822509765625" lon="117.1824420802295207977294921875">
        <ele>5.19999980926513671875</ele>
        <time>2026-05-31T21:12:07.000Z</time>
        <extensions>
          <ns3:TrackPointExtension>
            <ns3:hr>105</ns3:hr>
            <ns3:cad>92</ns3:cad>
          </ns3:TrackPointExtension>
        </extensions>
      </trkpt>
      <trkpt lat="39.1432415507733821868896484375" lon="117.18247787095606327056884765625">
        <ele>5.19999980926513671875</ele>
        <time>2026-05-31T21:12:08.000Z</time>
        <extensions>
          <ns3:TrackPointExtension>
            <ns3:hr>106</ns3:hr>
            <ns3:cad>92</ns3:cad>
          </ns3:TrackPointExtension>
        </extensions>
      </trkpt>
      <trkpt lat="39.14324414916336536407470703125" lon="117.182505615055561065673828125">
        <ele>5.19999980926513671875</ele>
        <time>2026-05-31T21:12:09.000Z</time>
        <extensions>
          <ns3:TrackPointExtension>
            <ns3:hr>106</ns3:hr>
            <ns3:cad>92</ns3:cad>
          </ns3:TrackPointExtension>
        </extensions>
      </trkpt>
      <trkpt lat="39.1432398743927478790283203125" lon="117.1825369633734226226806640625">
        <ele>5.19999980926513671875</ele>
        <time>2026-05-31T21:12:10.000Z</time>
        <extensions>
          <ns3:TrackPointExtension>
            <ns3:hr>106</ns3:hr>
            <ns3:cad>92</ns3:cad>
          </ns3:TrackPointExtension>
        </extensions>
      </trkpt>
      <trkpt lat="39.143238365650177001953125" lon="117.182569317519664764404296875">
        <ele>5.19999980926513671875</ele>
        <time>2026-05-31T21:12:11.000Z</time>
        <extensions>
          <ns3:TrackPointExtension>
            <ns3:hr>107</ns3:hr>
            <ns3:cad>92</ns3:cad>
          </ns3:TrackPointExtension>
        </extensions>
      </trkpt>
      <trkpt lat="39.14323576726019382476806640625" lon="117.18260007910430431365966796875">
        <ele>5.19999980926513671875</ele>
        <time>2026-05-31T21:12:12.000Z</time>
        <extensions>
          <ns3:TrackPointExtension>
            <ns3:hr>108</ns3:hr>
            <ns3:cad>92</ns3:cad>
          </ns3:TrackPointExtension>
        </extensions>
      </trkpt>
      <trkpt lat="39.14323367178440093994140625" lon="117.1826392225921154022216796875">
        <ele>5.19999980926513671875</ele>
        <time>2026-05-31T21:12:13.000Z</time>
        <extensions>
          <ns3:TrackPointExtension>
            <ns3:hr>109</ns3:hr>
            <ns3:cad>92</ns3:cad>
          </ns3:TrackPointExtension>
        </extensions>
      </trkpt>
      <trkpt lat="39.143225289881229400634765625" lon="117.18267199583351612091064453125">
        <ele>5.19999980926513671875</ele>
        <time>2026-05-31T21:12:14.000Z</time>
        <extensions>
          <ns3:TrackPointExtension>
            <ns3:hr>109</ns3:hr>
            <ns3:cad>93</ns3:cad>
          </ns3:TrackPointExtension>
        </extensions>
      </trkpt>
      <trkpt lat="39.14321615360677242279052734375" lon="117.182708792388439178466796875">
        <ele>5.19999980926513671875</ele>
        <time>2026-05-31T21:12:15.000Z</time>
        <extensions>
          <ns3:TrackPointExtension>
            <ns3:hr>110</ns3:hr>
            <ns3:cad>93</ns3:cad>
          </ns3:TrackPointExtension>
        </extensions>
      </trkpt>
      <trkpt lat="39.143209196627140045166015625" lon="117.182742990553379058837890625">
        <ele>5.19999980926513671875</ele>
        <time>2026-05-31T21:12:16.000Z</time>
        <extensions>
          <ns3:TrackPointExtension>
            <ns3:hr>111</ns3:hr>
            <ns3:cad>93</ns3:cad>
          </ns3:TrackPointExtension>
        </extensions>
      </trkpt>
      <trkpt lat="39.14320358075201511383056640625" lon="117.18277660198509693145751953125">
        <ele>5.19999980926513671875</ele>
        <time>2026-05-31T21:12:17.000Z</time>
        <extensions>
          <ns3:TrackPointExtension>
            <ns3:hr>112</ns3:hr>
            <ns3:cad>93</ns3:cad>
          </ns3:TrackPointExtension>
        </extensions>
      </trkpt>
      <trkpt lat="39.14319955743849277496337890625" lon="117.182804681360721588134765625">
        <ele>5.19999980926513671875</ele>
        <time>2026-05-31T21:12:18.000Z</time>
        <extensions>
          <ns3:TrackPointExtension>
            <ns3:hr>113</ns3:hr>
            <ns3:cad>93</ns3:cad>
          </ns3:TrackPointExtension>
        </extensions>
      </trkpt>
      <trkpt lat="39.14320056326687335968017578125" lon="117.18284147791564464569091796875">
        <ele>5.19999980926513671875</ele>
        <time>2026-05-31T21:12:19.000Z</time>
        <extensions>
          <ns3:TrackPointExtension>
            <ns3:hr>114</ns3:hr>
            <ns3:cad>93</ns3:cad>
          </ns3:TrackPointExtension>
        </extensions>
      </trkpt>
      <trkpt lat="39.14320542477071285247802734375" lon="117.18287047930061817169189453125">
        <ele>5.19999980926513671875</ele>
        <time>2026-05-31T21:12:20.000Z</time>
        <extensions>
          <ns3:TrackPointExtension>
            <ns3:hr>114</ns3:hr>
            <ns3:cad>91</ns3:cad>
          </ns3:TrackPointExtension>
        </extensions>
      </trkpt>
      <trkpt lat="39.14320693351328372955322265625" lon="117.1829067729413509368896484375">
        <ele>5.19999980926513671875</ele>
        <time>2026-05-31T21:12:21.000Z</time>
        <extensions>
          <ns3:TrackPointExtension>
            <ns3:hr>115</ns3:hr>
            <ns3:cad>91</ns3:cad>
          </ns3:TrackPointExtension>
        </extensions>
      </trkpt>
      <trkpt lat="39.14321221411228179931640625" lon="117.182934768497943878173828125">
        <ele>5.19999980926513671875</ele>
        <time>2026-05-31T21:12:22.000Z</time>
        <extensions>
          <ns3:TrackPointExtension>
            <ns3:hr>115</ns3:hr>
            <ns3:cad>91</ns3:cad>
          </ns3:TrackPointExtension>
        </extensions>
      </trkpt>
      <trkpt lat="39.14320886135101318359375" lon="117.1829778514802455902099609375">
        <ele>5.19999980926513671875</ele>
        <time>2026-05-31T21:12:23.000Z</time>
        <extensions>
          <ns3:TrackPointExtension>
            <ns3:hr>115</ns3:hr>
            <ns3:cad>91</ns3:cad>
          </ns3:TrackPointExtension>
        </extensions>
      </trkpt>
      <trkpt lat="39.14321757853031158447265625" lon="117.18300509266555309295654296875">
        <ele>5.19999980926513671875</ele>
        <time>2026-05-31T21:12:24.000Z</time>
        <extensions>
          <ns3:TrackPointExtension>
            <ns3:hr>116</ns3:hr>
            <ns3:cad>91</ns3:cad>
          </ns3:TrackPointExtension>
        </extensions>
      </trkpt>
      <trkpt lat="39.143217913806438446044921875" lon="117.18304549343883991241455078125">
        <ele>5.19999980926513671875</ele>
        <time>2026-05-31T21:12:25.000Z</time>
        <extensions>
          <ns3:TrackPointExtension>
            <ns3:hr>116</ns3:hr>
            <ns3:cad>92</ns3:cad>
          </ns3:TrackPointExtension>
        </extensions>
      </trkpt>
      <trkpt lat="39.14322453550994396209716796875" lon="117.18307013623416423797607421875">
        <ele>5.19999980926513671875</ele>
        <time>2026-05-31T21:12:26.000Z</time>
        <extensions>
          <ns3:TrackPointExtension>
            <ns3:hr>116</ns3:hr>
            <ns3:cad>92</ns3:cad>
          </ns3:TrackPointExtension>
        </extensions>
      </trkpt>
      <trkpt lat="39.1432210989296436309814453125" lon="117.18311070464551448822021484375">
        <ele>5.19999980926513671875</ele>
        <time>2026-05-31T21:12:27.000Z</time>
        <extensions>
          <ns3:TrackPointExtension>
            <ns3:hr>116</ns3:hr>
            <ns3:cad>92</ns3:cad>
          </ns3:TrackPointExtension>
        </extensions>
      </trkpt>
      <trkpt lat="39.143226630985736846923828125" lon="117.18313769437372684478759765625">
        <ele>5.19999980926513671875</ele>
        <time>2026-05-31T21:12:28.000Z</time>
        <extensions>
          <ns3:TrackPointExtension>
            <ns3:hr>117</ns3:hr>
            <ns3:cad>92</ns3:cad>
          </ns3:TrackPointExtension>
        </extensions>
      </trkpt>
      <trkpt lat="39.143222607672214508056640625" lon="117.18317742459475994110107421875">
        <ele>5.19999980926513671875</ele>
        <time>2026-05-31T21:12:29.000Z</time>
        <extensions>
          <ns3:TrackPointExtension>
            <ns3:hr>117</ns3:hr>
            <ns3:cad>92</ns3:cad>
          </ns3:TrackPointExtension>
        </extensions>
      </trkpt>
      <trkpt lat="39.143227636814117431640625" lon="117.1832048334181308746337890625">
        <ele>5.19999980926513671875</ele>
        <time>2026-05-31T21:12:30.000Z</time>
        <extensions>
          <ns3:TrackPointExtension>
            <ns3:hr>117</ns3:hr>
            <ns3:cad>92</ns3:cad>
          </ns3:TrackPointExtension>
        </extensions>
      </trkpt>
      <trkpt lat="39.1432227753102779388427734375" lon="117.18323928304016590118408203125">
        <ele>5</ele>
        <time>2026-05-31T21:12:31.000Z</time>
        <extensions>
          <ns3:TrackPointExtension>
            <ns3:hr>117</ns3:hr>
            <ns3:cad>92</ns3:cad>
          </ns3:TrackPointExtension>
        </extensions>
      </trkpt>
      <trkpt lat="39.1432249546051025390625" lon="117.1832655183970928192138671875">
        <ele>5</ele>
        <time>2026-05-31T21:12:32.000Z</time>
        <extensions>
          <ns3:TrackPointExtension>
            <ns3:hr>117</ns3:hr>
            <ns3:cad>92</ns3:cad>
          </ns3:TrackPointExtension>
        </extensions>
      </trkpt>
      <trkpt lat="39.14322034455835819244384765625" lon="117.1832993812859058380126953125">
        <ele>5.19999980926513671875</ele>
        <time>2026-05-31T21:12:33.000Z</time>
        <extensions>
          <ns3:TrackPointExtension>
            <ns3:hr>118</ns3:hr>
            <ns3:cad>92</ns3:cad>
          </ns3:TrackPointExtension>
        </extensions>
      </trkpt>
      <trkpt lat="39.143222272396087646484375" lon="117.1833302266895771026611328125">
        <ele>5.19999980926513671875</ele>
        <time>2026-05-31T21:12:34.000Z</time>
        <extensions>
          <ns3:TrackPointExtension>
            <ns3:hr>118</ns3:hr>
            <ns3:cad>92</ns3:cad>
          </ns3:TrackPointExtension>
        </extensions>
      </trkpt>
      <trkpt lat="39.14321598596870899200439453125" lon="117.18336115591228008270263671875">
        <ele>5.19999980926513671875</ele>
        <time>2026-05-31T21:12:35.000Z</time>
        <extensions>
          <ns3:TrackPointExtension>
            <ns3:hr>118</ns3:hr>
            <ns3:cad>92</ns3:cad>
          </ns3:TrackPointExtension>
        </extensions>
      </trkpt>
      <trkpt lat="39.14321246556937694549560546875" lon="117.1833959408104419708251953125">
        <ele>5.19999980926513671875</ele>
        <time>2026-05-31T21:12:36.000Z</time>
        <extensions>
          <ns3:TrackPointExtension>
            <ns3:hr>117</ns3:hr>
            <ns3:cad>92</ns3:cad>
          </ns3:TrackPointExtension>
        </extensions>
      </trkpt>
      <trkpt lat="39.14320475421845912933349609375" lon="117.1834257803857326507568359375">
        <ele>5</ele>
        <time>2026-05-31T21:12:37.000Z</time>
        <extensions>
          <ns3:TrackPointExtension>
            <ns3:hr>118</ns3:hr>
            <ns3:cad>92</ns3:cad>
          </ns3:TrackPointExtension>
        </extensions>
      </trkpt>
      <trkpt lat="39.14320014417171478271484375" lon="117.18346073292195796966552734375">
        <ele>5</ele>
        <time>2026-05-31T21:12:38.000Z</time>
        <extensions>
          <ns3:TrackPointExtension>
            <ns3:hr>118</ns3:hr>
            <ns3:cad>92</ns3:cad>
          </ns3:TrackPointExtension>
        </extensions>
      </trkpt>
      <trkpt lat="39.143200814723968505859375" lon="117.18348973430693149566650390625">
        <ele>5</ele>
        <time>2026-05-31T21:12:39.000Z</time>
        <extensions>
          <ns3:TrackPointExtension>
            <ns3:hr>118</ns3:hr>
            <ns3:cad>92</ns3:cad>
          </ns3:TrackPointExtension>
        </extensions>
      </trkpt>
      <trkpt lat="39.1432036645710468292236328125" lon="117.18352242372930049896240234375">
        <ele>5</ele>
        <time>2026-05-31T21:12:40.000Z</time>
        <extensions>
          <ns3:TrackPointExtension>
            <ns3:hr>119</ns3:hr>
            <ns3:cad>92</ns3:cad>
          </ns3:TrackPointExtension>
        </extensions>
      </trkpt>
      <trkpt lat="39.14320257492363452911376953125" lon="117.1835531853139400482177734375">
        <ele>5</ele>
        <time>2026-05-31T21:12:41.000Z</time>
        <extensions>
          <ns3:TrackPointExtension>
            <ns3:hr>119</ns3:hr>
            <ns3:cad>92</ns3:cad>
          </ns3:TrackPointExtension>
        </extensions>
      </trkpt>
      <trkpt lat="39.14319972507655620574951171875" lon="117.18359232880175113677978515625">
        <ele>5</ele>
        <time>2026-05-31T21:12:42.000Z</time>
        <extensions>
          <ns3:TrackPointExtension>
            <ns3:hr>120</ns3:hr>
            <ns3:cad>91</ns3:cad>
          </ns3:TrackPointExtension>
        </extensions>
      </trkpt>
      <trkpt lat="39.143200814723968505859375" lon="117.183626107871532440185546875">
        <ele>5</ele>
        <time>2026-05-31T21:12:43.000Z</time>
        <extensions>
          <ns3:TrackPointExtension>
            <ns3:hr>120</ns3:hr>
            <ns3:cad>91</ns3:cad>
          </ns3:TrackPointExtension>
        </extensions>
      </trkpt>
      <trkpt lat="39.14320609532296657562255859375" lon="117.1836644969880580902099609375">
        <ele>5</ele>
        <time>2026-05-31T21:12:44.000Z</time>
        <extensions>
          <ns3:TrackPointExtension>
            <ns3:hr>121</ns3:hr>
            <ns3:cad>91</ns3:cad>
          </ns3:TrackPointExtension>
        </extensions>
      </trkpt>
      <trkpt lat="39.14320877753198146820068359375" lon="117.18369525857269763946533203125">
        <ele>5</ele>
        <time>2026-05-31T21:12:45.000Z</time>
        <extensions>
          <ns3:TrackPointExtension>
            <ns3:hr>121</ns3:hr>
            <ns3:cad>91</ns3:cad>
          </ns3:TrackPointExtension>
        </extensions>
      </trkpt>
      <trkpt lat="39.1432234458625316619873046875" lon="117.1837270259857177734375">
        <ele>5</ele>
        <time>2026-05-31T21:12:46.000Z</time>
        <extensions>
          <ns3:TrackPointExtension>
            <ns3:hr>122</ns3:hr>
            <ns3:cad>91</ns3:cad>
          </ns3:TrackPointExtension>
        </extensions>
      </trkpt>
      <trkpt lat="39.1432397067546844482421875" lon="117.18374244868755340576171875">
        <ele>5</ele>
        <time>2026-05-31T21:12:47.000Z</time>
        <extensions>
          <ns3:TrackPointExtension>
            <ns3:hr>122</ns3:hr>
            <ns3:cad>90</ns3:cad>
          </ns3:TrackPointExtension>
        </extensions>
      </trkpt>
      <trkpt lat="39.14326443336904048919677734375" lon="117.18376684002578258514404296875">
        <ele>5</ele>
        <time>2026-05-31T21:12:48.000Z</time>
        <extensions>
          <ns3:TrackPointExtension>
            <ns3:hr>123</ns3:hr>
            <ns3:cad>90</ns3:cad>
          </ns3:TrackPointExtension>
        </extensions>
      </trkpt>
      <trkpt lat="39.14327465929090976715087890625" lon="117.18379206955432891845703125">
        <ele>5</ele>
        <time>2026-05-31T21:12:49.000Z</time>
        <extensions>
          <ns3:TrackPointExtension>
            <ns3:hr>123</ns3:hr>
            <ns3:cad>90</ns3:cad>
          </ns3:TrackPointExtension>
        </extensions>
      </trkpt>
      <trkpt lat="39.14328840561211109161376953125" lon="117.18382718972861766815185546875">
        <ele>5</ele>
        <time>2026-05-31T21:12:50.000Z</time>
        <extensions>
          <ns3:TrackPointExtension>
            <ns3:hr>123</ns3:hr>
            <ns3:cad>90</ns3:cad>
          </ns3:TrackPointExtension>
        </extensions>
      </trkpt>
      <trkpt lat="39.14329511113464832305908203125" lon="117.18385820277035236358642578125">
        <ele>5</ele>
        <time>2026-05-31T21:12:51.000Z</time>
        <extensions>
          <ns3:TrackPointExtension>
            <ns3:hr>123</ns3:hr>
            <ns3:cad>90</ns3:cad>
          </ns3:TrackPointExtension>
        </extensions>
      </trkpt>
      <trkpt lat="39.14329804480075836181640625" lon="117.18389357440173625946044921875">
        <ele>5</ele>
        <time>2026-05-31T21:12:52.000Z</time>
        <extensions>
          <ns3:TrackPointExtension>
            <ns3:hr>123</ns3:hr>
            <ns3:cad>90</ns3:cad>
          </ns3:TrackPointExtension>
        </extensions>
      </trkpt>
      <trkpt lat="39.143297709524631500244140625" lon="117.18392542563378810882568359375">
        <ele>5</ele>
        <time>2026-05-31T21:12:53.000Z</time>
        <extensions>
          <ns3:TrackPointExtension>
            <ns3:hr>124</ns3:hr>
            <ns3:cad>89</ns3:cad>
          </ns3:TrackPointExtension>
        </extensions>
      </trkpt>
      <trkpt lat="39.1433019004762172698974609375" lon="117.18396130017936229705810546875">
        <ele>5</ele>
        <time>2026-05-31T21:12:54.000Z</time>
        <extensions>
          <ns3:TrackPointExtension>
            <ns3:hr>124</ns3:hr>
            <ns3:cad>89</ns3:cad>
          </ns3:TrackPointExtension>
        </extensions>
      </trkpt>
      <trkpt lat="39.14330064319074153900146484375" lon="117.1839954145252704620361328125">
        <ele>5.19999980926513671875</ele>
        <time>2026-05-31T21:12:55.000Z</time>
        <extensions>
          <ns3:TrackPointExtension>
            <ns3:hr>124</ns3:hr>
            <ns3:cad>89</ns3:cad>
          </ns3:TrackPointExtension>
        </extensions>
      </trkpt>
      <trkpt lat="39.14330475032329559326171875" lon="117.1840306185185909271240234375">
        <ele>5</ele>
        <time>2026-05-31T21:12:56.000Z</time>
        <extensions>
          <ns3:TrackPointExtension>
            <ns3:hr>123</ns3:hr>
            <ns3:cad>88</ns3:cad>
          </ns3:TrackPointExtension>
        </extensions>
      </trkpt>
      <trkpt lat="39.14330651052296161651611328125" lon="117.18406523577868938446044921875">
        <ele>5.19999980926513671875</ele>
        <time>2026-05-31T21:12:57.000Z</time>
        <extensions>
          <ns3:TrackPointExtension>
            <ns3:hr>123</ns3:hr>
            <ns3:cad>88</ns3:cad>
          </ns3:TrackPointExtension>
        </extensions>
      </trkpt>
      <trkpt lat="39.14332218468189239501953125" lon="117.184094488620758056640625">
        <ele>5.19999980926513671875</ele>
        <time>2026-05-31T21:12:58.000Z</time>
        <extensions>
          <ns3:TrackPointExtension>
            <ns3:hr>123</ns3:hr>
            <ns3:cad>89</ns3:cad>
          </ns3:TrackPointExtension>
        </extensions>
      </trkpt>
      <trkpt lat="39.143342636525630950927734375" lon="117.18411250971257686614990234375">
        <ele>5.19999980926513671875</ele>
        <time>2026-05-31T21:12:59.000Z</time>
        <extensions>
          <ns3:TrackPointExtension>
            <ns3:hr>124</ns3:hr>
            <ns3:cad>89</ns3:cad>
          </ns3:TrackPointExtension>
        </extensions>
      </trkpt>
      <trkpt lat="39.14336635731160640716552734375" lon="117.18411385081708431243896484375">
        <ele>5</ele>
        <time>2026-05-31T21:13:00.000Z</time>
        <extensions>
          <ns3:TrackPointExtension>
            <ns3:hr>123</ns3:hr>
            <ns3:cad>88</ns3:cad>
          </ns3:TrackPointExtension>
        </extensions>
      </trkpt>
      <trkpt lat="39.14339167065918445587158203125" lon="117.1841154433786869049072265625">
        <ele>5</ele>
        <time>2026-05-31T21:13:01.000Z</time>
        <extensions>
          <ns3:TrackPointExtension>
            <ns3:hr>123</ns3:hr>
            <ns3:cad>88</ns3:cad>
          </ns3:TrackPointExtension>
        </extensions>
      </trkpt>
      <trkpt lat="39.1434138827025890350341796875" lon="117.18410882167518138885498046875">
        <ele>5</ele>
        <time>2026-05-31T21:13:02.000Z</time>
        <extensions>
          <ns3:TrackPointExtension>
            <ns3:hr>124</ns3:hr>
            <ns3:cad>89</ns3:cad>
          </ns3:TrackPointExtension>
        </extensions>
      </trkpt>
      <trkpt lat="39.14344078861176967620849609375" lon="117.18410882167518138885498046875">
        <ele>4.80000019073486328125</ele>
        <time>2026-05-31T21:13:03.000Z</time>
        <extensions>
          <ns3:TrackPointExtension>
            <ns3:hr>124</ns3:hr>
            <ns3:cad>89</ns3:cad>
          </ns3:TrackPointExtension>
        </extensions>
      </trkpt>
      <trkpt lat="39.1434645093977451324462890625" lon="117.18410580419003963470458984375">
        <ele>4.80000019073486328125</ele>
        <time>2026-05-31T21:13:04.000Z</time>
        <extensions>
          <ns3:TrackPointExtension>
            <ns3:hr>124</ns3:hr>
            <ns3:cad>89</ns3:cad>
          </ns3:TrackPointExtension>
        </extensions>
      </trkpt>
      <trkpt lat="39.14348504506051540374755859375" lon="117.18410328961908817291259765625">
        <ele>4.80000019073486328125</ele>
        <time>2026-05-31T21:13:05.000Z</time>
        <extensions>
          <ns3:TrackPointExtension>
            <ns3:hr>124</ns3:hr>
            <ns3:cad>89</ns3:cad>
          </ns3:TrackPointExtension>
        </extensions>
      </trkpt>
      <trkpt lat="39.143512286245822906494140625" lon="117.1841010265052318572998046875">
        <ele>4.80000019073486328125</ele>
        <time>2026-05-31T21:13:06.000Z</time>
        <extensions>
          <ns3:TrackPointExtension>
            <ns3:hr>124</ns3:hr>
            <ns3:cad>90</ns3:cad>
          </ns3:TrackPointExtension>
        </extensions>
      </trkpt>
      <trkpt lat="39.14353986270725727081298828125" lon="117.184100858867168426513671875">
        <ele>4.80000019073486328125</ele>
        <time>2026-05-31T21:13:07.000Z</time>
        <extensions>
          <ns3:TrackPointExtension>
            <ns3:hr>124</ns3:hr>
            <ns3:cad>90</ns3:cad>
          </ns3:TrackPointExtension>
        </extensions>
      </trkpt>
      <trkpt lat="39.143565259873867034912109375" lon="117.18409842811524868011474609375">
        <ele>4.80000019073486328125</ele>
        <time>2026-05-31T21:13:08.000Z</time>
        <extensions>
          <ns3:TrackPointExtension>
            <ns3:hr>124</ns3:hr>
            <ns3:cad>90</ns3:cad>
          </ns3:TrackPointExtension>
        </extensions>
      </trkpt>
      <trkpt lat="39.14358847774565219879150390625" lon="117.1840958297252655029296875">
        <ele>4.599999904632568359375</ele>
        <time>2026-05-31T21:13:09.000Z</time>
        <extensions>
          <ns3:TrackPointExtension>
            <ns3:hr>124</ns3:hr>
            <ns3:cad>90</ns3:cad>
          </ns3:TrackPointExtension>
        </extensions>
      </trkpt>
      <trkpt lat="39.143615551292896270751953125" lon="117.184093482792377471923828125">
        <ele>4.599999904632568359375</ele>
        <time>2026-05-31T21:13:10.000Z</time>
        <extensions>
          <ns3:TrackPointExtension>
            <ns3:hr>124</ns3:hr>
            <ns3:cad>90</ns3:cad>
          </ns3:TrackPointExtension>
        </extensions>
      </trkpt>
      <trkpt lat="39.14363876916468143463134765625" lon="117.1840909682214260101318359375">
        <ele>4.599999904632568359375</ele>
        <time>2026-05-31T21:13:11.000Z</time>
        <extensions>
          <ns3:TrackPointExtension>
            <ns3:hr>124</ns3:hr>
            <ns3:cad>90</ns3:cad>
          </ns3:TrackPointExtension>
        </extensions>
      </trkpt>
      <trkpt lat="39.14366860873997211456298828125" lon="117.1840892918407917022705078125">
        <ele>4.599999904632568359375</ele>
        <time>2026-05-31T21:13:12.000Z</time>
        <extensions>
          <ns3:TrackPointExtension>
            <ns3:hr>124</ns3:hr>
            <ns3:cad>91</ns3:cad>
          </ns3:TrackPointExtension>
        </extensions>
      </trkpt>
      <trkpt lat="39.1436928324401378631591796875" lon="117.1840825863182544708251953125">
        <ele>4.599999904632568359375</ele>
        <time>2026-05-31T21:13:13.000Z</time>
        <extensions>
          <ns3:TrackPointExtension>
            <ns3:hr>124</ns3:hr>
            <ns3:cad>91</ns3:cad>
          </ns3:TrackPointExtension>
        </extensions>
      </trkpt>
      <trkpt lat="39.14372124709188938140869140625" lon="117.18408065848052501678466796875">
        <ele>4.599999904632568359375</ele>
        <time>2026-05-31T21:13:14.000Z</time>
        <extensions>
          <ns3:TrackPointExtension>
            <ns3:hr>124</ns3:hr>
            <ns3:cad>91</ns3:cad>
          </ns3:TrackPointExtension>
        </extensions>
      </trkpt>
      <trkpt lat="39.14374329149723052978515625" lon="117.18407311476767063140869140625">
        <ele>4.599999904632568359375</ele>
        <time>2026-05-31T21:13:15.000Z</time>
        <extensions>
          <ns3:TrackPointExtension>
            <ns3:hr>124</ns3:hr>
            <ns3:cad>91</ns3:cad>
          </ns3:TrackPointExtension>
        </extensions>
      </trkpt>
      <trkpt lat="39.1437716223299503326416015625" lon="117.1840745396912097930908203125">
        <ele>4.599999904632568359375</ele>
        <time>2026-05-31T21:13:16.000Z</time>
        <extensions>
          <ns3:TrackPointExtension>
            <ns3:hr>123</ns3:hr>
            <ns3:cad>91</ns3:cad>
          </ns3:TrackPointExtension>
        </extensions>
      </trkpt>
      <trkpt lat="39.14379416964948177337646484375" lon="117.18406992964446544647216796875">
        <ele>4.599999904632568359375</ele>
        <time>2026-05-31T21:13:17.000Z</time>
        <extensions>
          <ns3:TrackPointExtension>
            <ns3:hr>123</ns3:hr>
            <ns3:cad>91</ns3:cad>
          </ns3:TrackPointExtension>
        </extensions>
      </trkpt>
      <trkpt lat="39.14382551796734333038330078125" lon="117.18407143838703632354736328125">
        <ele>4.599999904632568359375</ele>
        <time>2026-05-31T21:13:18.000Z</time>
        <extensions>
          <ns3:TrackPointExtension>
            <ns3:hr>123</ns3:hr>
            <ns3:cad>90</ns3:cad>
          </ns3:TrackPointExtension>
        </extensions>
      </trkpt>
      <trkpt lat="39.14384529925882816314697265625" lon="117.18406456522643566131591796875">
        <ele>4.599999904632568359375</ele>
        <time>2026-05-31T21:13:19.000Z</time>
        <extensions>
          <ns3:TrackPointExtension>
            <ns3:hr>123</ns3:hr>
            <ns3:cad>90</ns3:cad>
          </ns3:TrackPointExtension>
        </extensions>
      </trkpt>
      <trkpt lat="39.1438755579292774200439453125" lon="117.18407160602509975433349609375">
        <ele>4.599999904632568359375</ele>
        <time>2026-05-31T21:13:20.000Z</time>
        <extensions>
          <ns3:TrackPointExtension>
            <ns3:hr>122</ns3:hr>
            <ns3:cad>91</ns3:cad>
          </ns3:TrackPointExtension>
        </extensions>
      </trkpt>
      <trkpt lat="39.14389844052493572235107421875" lon="117.1840691752731800079345703125">
        <ele>4.599999904632568359375</ele>
        <time>2026-05-31T21:13:21.000Z</time>
        <extensions>
          <ns3:TrackPointExtension>
            <ns3:hr>122</ns3:hr>
            <ns3:cad>92</ns3:cad>
          </ns3:TrackPointExtension>
        </extensions>
      </trkpt>
      <trkpt lat="39.14392777718603610992431640625" lon="117.18407412059605121612548828125">
        <ele>4.599999904632568359375</ele>
        <time>2026-05-31T21:13:22.000Z</time>
        <extensions>
          <ns3:TrackPointExtension>
            <ns3:hr>122</ns3:hr>
            <ns3:cad>92</ns3:cad>
          </ns3:TrackPointExtension>
        </extensions>
      </trkpt>
      <trkpt lat="39.143951497972011566162109375" lon="117.1840695105493068695068359375">
        <ele>4.599999904632568359375</ele>
        <time>2026-05-31T21:13:23.000Z</time>
        <extensions>
          <ns3:TrackPointExtension>
            <ns3:hr>122</ns3:hr>
            <ns3:cad>92</ns3:cad>
          </ns3:TrackPointExtension>
        </extensions>
      </trkpt>
      <trkpt lat="39.143979661166667938232421875" lon="117.1840698458254337310791015625">
        <ele>4.599999904632568359375</ele>
        <time>2026-05-31T21:13:24.000Z</time>
        <extensions>
          <ns3:TrackPointExtension>
            <ns3:hr>121</ns3:hr>
            <ns3:cad>92</ns3:cad>
          </ns3:TrackPointExtension>
        </extensions>
      </trkpt>
      <trkpt lat="39.14400237612426280975341796875" lon="117.18406389467418193817138671875">
        <ele>4.599999904632568359375</ele>
        <time>2026-05-31T21:13:25.000Z</time>
        <extensions>
          <ns3:TrackPointExtension>
            <ns3:hr>122</ns3:hr>
            <ns3:cad>92</ns3:cad>
          </ns3:TrackPointExtension>
        </extensions>
      </trkpt>
      <trkpt lat="39.14402970112860202789306640625" lon="117.18406305648386478424072265625">
        <ele>4.599999904632568359375</ele>
        <time>2026-05-31T21:13:26.000Z</time>
        <extensions>
          <ns3:TrackPointExtension>
            <ns3:hr>122</ns3:hr>
            <ns3:cad>92</ns3:cad>
          </ns3:TrackPointExtension>
        </extensions>
      </trkpt>
      <trkpt lat="39.14405216462910175323486328125" lon="117.184059619903564453125">
        <ele>4.599999904632568359375</ele>
        <time>2026-05-31T21:13:27.000Z</time>
        <extensions>
          <ns3:TrackPointExtension>
            <ns3:hr>121</ns3:hr>
            <ns3:cad>92</ns3:cad>
          </ns3:TrackPointExtension>
        </extensions>
      </trkpt>
      <trkpt lat="39.14408049546182155609130859375" lon="117.18406942673027515411376953125">
        <ele>4.599999904632568359375</ele>
        <time>2026-05-31T21:13:28.000Z</time>
        <extensions>
          <ns3:TrackPointExtension>
            <ns3:hr>122</ns3:hr>
            <ns3:cad>92</ns3:cad>
          </ns3:TrackPointExtension>
        </extensions>
      </trkpt>
      <trkpt lat="39.144103713333606719970703125" lon="117.18407504260540008544921875">
        <ele>4.599999904632568359375</ele>
        <time>2026-05-31T21:13:29.000Z</time>
        <extensions>
          <ns3:TrackPointExtension>
            <ns3:hr>122</ns3:hr>
            <ns3:cad>92</ns3:cad>
          </ns3:TrackPointExtension>
        </extensions>
      </trkpt>
      <trkpt lat="39.1441328823566436767578125" lon="117.18408451415598392486572265625">
        <ele>4.80000019073486328125</ele>
        <time>2026-05-31T21:13:30.000Z</time>
        <extensions>
          <ns3:TrackPointExtension>
            <ns3:hr>122</ns3:hr>
            <ns3:cad>92</ns3:cad>
          </ns3:TrackPointExtension>
        </extensions>
      </trkpt>
      <trkpt lat="39.14415635168552398681640625" lon="117.1840809099376201629638671875">
        <ele>4.80000019073486328125</ele>
        <time>2026-05-31T21:13:31.000Z</time>
        <extensions>
          <ns3:TrackPointExtension>
            <ns3:hr>122</ns3:hr>
            <ns3:cad>90</ns3:cad>
          </ns3:TrackPointExtension>
        </extensions>
      </trkpt>
      <trkpt lat="39.14418577216565608978271484375" lon="117.1840856038033962249755859375">
        <ele>4.80000019073486328125</ele>
        <time>2026-05-31T21:13:32.000Z</time>
        <extensions>
          <ns3:TrackPointExtension>
            <ns3:hr>123</ns3:hr>
            <ns3:cad>90</ns3:cad>
          </ns3:TrackPointExtension>
        </extensions>
      </trkpt>
      <trkpt lat="39.1442064754664897918701171875" lon="117.18408015556633472442626953125">
        <ele>4.80000019073486328125</ele>
        <time>2026-05-31T21:13:33.000Z</time>
        <extensions>
          <ns3:TrackPointExtension>
            <ns3:hr>123</ns3:hr>
            <ns3:cad>90</ns3:cad>
          </ns3:TrackPointExtension>
        </extensions>
      </trkpt>
      <trkpt lat="39.14423547685146331787109375" lon="117.18408535234630107879638671875">
        <ele>4.80000019073486328125</ele>
        <time>2026-05-31T21:13:34.000Z</time>
        <extensions>
          <ns3:TrackPointExtension>
            <ns3:hr>123</ns3:hr>
            <ns3:cad>90</ns3:cad>
          </ns3:TrackPointExtension>
        </extensions>
      </trkpt>
      <trkpt lat="39.14425970055162906646728515625" lon="117.184081412851810455322265625">
        <ele>5</ele>
        <time>2026-05-31T21:13:35.000Z</time>
        <extensions>
          <ns3:TrackPointExtension>
            <ns3:hr>124</ns3:hr>
            <ns3:cad>89</ns3:cad>
          </ns3:TrackPointExtension>
        </extensions>
      </trkpt>
      <trkpt lat="39.14428417570888996124267578125" lon="117.18408300541341304779052734375">
        <ele>5</ele>
        <time>2026-05-31T21:13:36.000Z</time>
        <extensions>
          <ns3:TrackPointExtension>
            <ns3:hr>124</ns3:hr>
            <ns3:cad>89</ns3:cad>
          </ns3:TrackPointExtension>
        </extensions>
      </trkpt>
      <trkpt lat="39.1443053819239139556884765625" lon="117.1840795688331127166748046875">
        <ele>5</ele>
        <time>2026-05-31T21:13:37.000Z</time>
        <extensions>
          <ns3:TrackPointExtension>
            <ns3:hr>125</ns3:hr>
            <ns3:cad>90</ns3:cad>
          </ns3:TrackPointExtension>
        </extensions>
      </trkpt>
      <trkpt lat="39.14432910270988941192626953125" lon="117.1840812452137470245361328125">
        <ele>5</ele>
        <time>2026-05-31T21:13:38.000Z</time>
        <extensions>
          <ns3:TrackPointExtension>
            <ns3:hr>125</ns3:hr>
            <ns3:cad>90</ns3:cad>
          </ns3:TrackPointExtension>
        </extensions>
      </trkpt>
      <trkpt lat="39.14435408078134059906005859375" lon="117.1840805746614933013916015625">
        <ele>5</ele>
        <time>2026-05-31T21:13:39.000Z</time>
        <extensions>
          <ns3:TrackPointExtension>
            <ns3:hr>125</ns3:hr>
            <ns3:cad>91</ns3:cad>
          </ns3:TrackPointExtension>
        </extensions>
      </trkpt>
      <trkpt lat="39.14438157342374324798583984375" lon="117.18408250249922275543212890625">
        <ele>5</ele>
        <time>2026-05-31T21:13:40.000Z</time>
        <extensions>
          <ns3:TrackPointExtension>
            <ns3:hr>126</ns3:hr>
            <ns3:cad>91</ns3:cad>
          </ns3:TrackPointExtension>
        </extensions>
      </trkpt>
      <trkpt lat="39.14440604858100414276123046875" lon="117.18407529406249523162841796875">
        <ele>5</ele>
        <time>2026-05-31T21:13:41.000Z</time>
        <extensions>
          <ns3:TrackPointExtension>
            <ns3:hr>126</ns3:hr>
            <ns3:cad>91</ns3:cad>
          </ns3:TrackPointExtension>
        </extensions>
      </trkpt>
      <trkpt lat="39.144429601728916168212890625" lon="117.18407931737601757049560546875">
        <ele>5</ele>
        <time>2026-05-31T21:13:42.000Z</time>
        <extensions>
          <ns3:TrackPointExtension>
            <ns3:hr>126</ns3:hr>
            <ns3:cad>90</ns3:cad>
          </ns3:TrackPointExtension>
        </extensions>
      </trkpt>
      <trkpt lat="39.1444535739719867706298828125" lon="117.1840799041092395782470703125">
        <ele>5</ele>
        <time>2026-05-31T21:13:43.000Z</time>
        <extensions>
          <ns3:TrackPointExtension>
            <ns3:hr>126</ns3:hr>
            <ns3:cad>90</ns3:cad>
          </ns3:TrackPointExtension>
        </extensions>
      </trkpt>
      <trkpt lat="39.14448081515729427337646484375" lon="117.1840819157660007476806640625">
        <ele>5</ele>
        <time>2026-05-31T21:13:44.000Z</time>
        <extensions>
          <ns3:TrackPointExtension>
            <ns3:hr>126</ns3:hr>
            <ns3:cad>90</ns3:cad>
          </ns3:TrackPointExtension>
        </extensions>
      </trkpt>
      <trkpt lat="39.14450746960937976837158203125" lon="117.18407898209989070892333984375">
        <ele>5</ele>
        <time>2026-05-31T21:13:45.000Z</time>
        <extensions>
          <ns3:TrackPointExtension>
            <ns3:hr>125</ns3:hr>
            <ns3:cad>90</ns3:cad>
          </ns3:TrackPointExtension>
        </extensions>
      </trkpt>
      <trkpt lat="39.14453395642340183258056640625" lon="117.18408635817468166351318359375">
        <ele>5</ele>
        <time>2026-05-31T21:13:46.000Z</time>
        <extensions>
          <ns3:TrackPointExtension>
            <ns3:hr>126</ns3:hr>
            <ns3:cad>90</ns3:cad>
          </ns3:TrackPointExtension>
        </extensions>
      </trkpt>
      <trkpt lat="39.14456094615161418914794921875" lon="117.184092812240123748779296875">
        <ele>5</ele>
        <time>2026-05-31T21:13:47.000Z</time>
        <extensions>
          <ns3:TrackPointExtension>
            <ns3:hr>126</ns3:hr>
            <ns3:cad>90</ns3:cad>
          </ns3:TrackPointExtension>
        </extensions>
      </trkpt>
      <trkpt lat="39.14458357729017734527587890625" lon="117.184104882180690765380859375">
        <ele>5</ele>
        <time>2026-05-31T21:13:48.000Z</time>
        <extensions>
          <ns3:TrackPointExtension>
            <ns3:hr>126</ns3:hr>
            <ns3:cad>90</ns3:cad>
          </ns3:TrackPointExtension>
        </extensions>
      </trkpt>
      <trkpt lat="39.1446094773709774017333984375" lon="117.18411552719771862030029296875">
        <ele>5</ele>
        <time>2026-05-31T21:13:49.000Z</time>
        <extensions>
          <ns3:TrackPointExtension>
            <ns3:hr>125</ns3:hr>
            <ns3:cad>90</ns3:cad>
          </ns3:TrackPointExtension>
        </extensions>
      </trkpt>
      <trkpt lat="39.1446356289088726043701171875" lon="117.18413044698536396026611328125">
        <ele>5</ele>
        <time>2026-05-31T21:13:50.000Z</time>
        <extensions>
          <ns3:TrackPointExtension>
            <ns3:hr>125</ns3:hr>
            <ns3:cad>90</ns3:cad>
          </ns3:TrackPointExtension>
        </extensions>
      </trkpt>
      <trkpt lat="39.14466287009418010711669921875" lon="117.1841439418494701385498046875">
        <ele>5</ele>
        <time>2026-05-31T21:13:51.000Z</time>
        <extensions>
          <ns3:TrackPointExtension>
            <ns3:hr>125</ns3:hr>
            <ns3:cad>90</ns3:cad>
          </ns3:TrackPointExtension>
        </extensions>
      </trkpt>
      <trkpt lat="39.1446798853576183319091796875" lon="117.18416028656065464019775390625">
        <ele>5</ele>
        <time>2026-05-31T21:13:52.000Z</time>
        <extensions>
          <ns3:TrackPointExtension>
            <ns3:hr>125</ns3:hr>
            <ns3:cad>90</ns3:cad>
          </ns3:TrackPointExtension>
        </extensions>
      </trkpt>
      <trkpt lat="39.1446956433355808258056640625" lon="117.184183336794376373291015625">
        <ele>5</ele>
        <time>2026-05-31T21:13:53.000Z</time>
        <extensions>
          <ns3:TrackPointExtension>
            <ns3:hr>125</ns3:hr>
            <ns3:cad>90</ns3:cad>
          </ns3:TrackPointExtension>
        </extensions>
      </trkpt>
      <trkpt lat="39.1447083838284015655517578125" lon="117.18420756049454212188720703125">
        <ele>5</ele>
        <time>2026-05-31T21:13:54.000Z</time>
        <extensions>
          <ns3:TrackPointExtension>
            <ns3:hr>124</ns3:hr>
            <ns3:cad>90</ns3:cad>
          </ns3:TrackPointExtension>
        </extensions>
      </trkpt>
      <trkpt lat="39.14472229778766632080078125" lon="117.18423488549888134002685546875">
        <ele>5</ele>
        <time>2026-05-31T21:13:55.000Z</time>
        <extensions>
          <ns3:TrackPointExtension>
            <ns3:hr>124</ns3:hr>
            <ns3:cad>90</ns3:cad>
          </ns3:TrackPointExtension>
        </extensions>
      </trkpt>
      <trkpt lat="39.144734032452106475830078125" lon="117.1842649765312671661376953125">
        <ele>5.19999980926513671875</ele>
        <time>2026-05-31T21:13:56.000Z</time>
        <extensions>
          <ns3:TrackPointExtension>
            <ns3:hr>124</ns3:hr>
            <ns3:cad>90</ns3:cad>
          </ns3:TrackPointExtension>
        </extensions>
      </trkpt>
      <trkpt lat="39.1447492875158786773681640625" lon="117.18429590575397014617919921875">
        <ele>5.19999980926513671875</ele>
        <time>2026-05-31T21:13:57.000Z</time>
        <extensions>
          <ns3:TrackPointExtension>
            <ns3:hr>124</ns3:hr>
            <ns3:cad>90</ns3:cad>
          </ns3:TrackPointExtension>
        </extensions>
      </trkpt>
      <trkpt lat="39.144756831228733062744140625" lon="117.1843296848237514495849609375">
        <ele>5.19999980926513671875</ele>
        <time>2026-05-31T21:13:58.000Z</time>
        <extensions>
          <ns3:TrackPointExtension>
            <ns3:hr>124</ns3:hr>
            <ns3:cad>90</ns3:cad>
          </ns3:TrackPointExtension>
        </extensions>
      </trkpt>
      <trkpt lat="39.14476596750319004058837890625" lon="117.18436111696064472198486328125">
        <ele>5</ele>
        <time>2026-05-31T21:13:59.000Z</time>
        <extensions>
          <ns3:TrackPointExtension>
            <ns3:hr>124</ns3:hr>
            <ns3:cad>90</ns3:cad>
          </ns3:TrackPointExtension>
        </extensions>
      </trkpt>
      <trkpt lat="39.14477367885410785675048828125" lon="117.184389196336269378662109375">
        <ele>5</ele>
        <time>2026-05-31T21:14:00.000Z</time>
        <extensions>
          <ns3:TrackPointExtension>
            <ns3:hr>124</ns3:hr>
            <ns3:cad>90</ns3:cad>
          </ns3:TrackPointExtension>
        </extensions>
      </trkpt>
      <trkpt lat="39.14478004910051822662353515625" lon="117.18442372977733612060546875">
        <ele>5</ele>
        <time>2026-05-31T21:14:01.000Z</time>
        <extensions>
          <ns3:TrackPointExtension>
            <ns3:hr>124</ns3:hr>
            <ns3:cad>90</ns3:cad>
          </ns3:TrackPointExtension>
        </extensions>
      </trkpt>
      <trkpt lat="39.14479672908782958984375" lon="117.18445113860070705413818359375">
        <ele>5</ele>
        <time>2026-05-31T21:14:02.000Z</time>
        <extensions>
          <ns3:TrackPointExtension>
            <ns3:hr>124</ns3:hr>
            <ns3:cad>90</ns3:cad>
          </ns3:TrackPointExtension>
        </extensions>
      </trkpt>
      <trkpt lat="39.1448089666664600372314453125" lon="117.18448785133659839630126953125">
        <ele>4.80000019073486328125</ele>
        <time>2026-05-31T21:14:03.000Z</time>
        <extensions>
          <ns3:TrackPointExtension>
            <ns3:hr>124</ns3:hr>
            <ns3:cad>90</ns3:cad>
          </ns3:TrackPointExtension>
        </extensions>
      </trkpt>
      <trkpt lat="39.14481877349317073822021484375" lon="117.1845187805593013763427734375">
        <ele>5</ele>
        <time>2026-05-31T21:14:04.000Z</time>
        <extensions>
          <ns3:TrackPointExtension>
            <ns3:hr>123</ns3:hr>
            <ns3:cad>90</ns3:cad>
          </ns3:TrackPointExtension>
        </extensions>
      </trkpt>
      <trkpt lat="39.14482581429183483123779296875" lon="117.18455641530454158782958984375">
        <ele>5</ele>
        <time>2026-05-31T21:14:05.000Z</time>
        <extensions>
          <ns3:TrackPointExtension>
            <ns3:hr>124</ns3:hr>
            <ns3:cad>90</ns3:cad>
          </ns3:TrackPointExtension>
        </extensions>
      </trkpt>
      <trkpt lat="39.1448381356894969940185546875" lon="117.1845824830234050750732421875">
        <ele>5</ele>
        <time>2026-05-31T21:14:06.000Z</time>
        <extensions>
          <ns3:TrackPointExtension>
            <ns3:hr>123</ns3:hr>
            <ns3:cad>91</ns3:cad>
          </ns3:TrackPointExtension>
        </extensions>
      </trkpt>
      <trkpt lat="39.14485028944909572601318359375" lon="117.1846233867108821868896484375">
        <ele>5</ele>
        <time>2026-05-31T21:14:07.000Z</time>
        <extensions>
          <ns3:TrackPointExtension>
            <ns3:hr>124</ns3:hr>
            <ns3:cad>91</ns3:cad>
          </ns3:TrackPointExtension>
        </extensions>
      </trkpt>
      <trkpt lat="39.14486353285610675811767578125" lon="117.18465046025812625885009765625">
        <ele>5</ele>
        <time>2026-05-31T21:14:08.000Z</time>
        <extensions>
          <ns3:TrackPointExtension>
            <ns3:hr>124</ns3:hr>
            <ns3:cad>91</ns3:cad>
          </ns3:TrackPointExtension>
        </extensions>
      </trkpt>
      <trkpt lat="39.14487426169216632843017578125" lon="117.18468734063208103179931640625">
        <ele>4.80000019073486328125</ele>
        <time>2026-05-31T21:14:09.000Z</time>
        <extensions>
          <ns3:TrackPointExtension>
            <ns3:hr>124</ns3:hr>
            <ns3:cad>91</ns3:cad>
          </ns3:TrackPointExtension>
        </extensions>
      </trkpt>
      <trkpt lat="39.14488381706178188323974609375" lon="117.18471164815127849578857421875">
        <ele>4.80000019073486328125</ele>
        <time>2026-05-31T21:14:10.000Z</time>
        <extensions>
          <ns3:TrackPointExtension>
            <ns3:hr>124</ns3:hr>
            <ns3:cad>91</ns3:cad>
          </ns3:TrackPointExtension>
        </extensions>
      </trkpt>
      <trkpt lat="39.144890271127223968505859375" lon="117.1847476065158843994140625">
        <ele>4.80000019073486328125</ele>
        <time>2026-05-31T21:14:11.000Z</time>
        <extensions>
          <ns3:TrackPointExtension>
            <ns3:hr>124</ns3:hr>
            <ns3:cad>91</ns3:cad>
          </ns3:TrackPointExtension>
        </extensions>
      </trkpt>
      <trkpt lat="39.14489454589784145355224609375" lon="117.1847752667963504791259765625">
        <ele>4.80000019073486328125</ele>
        <time>2026-05-31T21:14:12.000Z</time>
        <extensions>
          <ns3:TrackPointExtension>
            <ns3:hr>124</ns3:hr>
            <ns3:cad>91</ns3:cad>
          </ns3:TrackPointExtension>
        </extensions>
      </trkpt>
      <trkpt lat="39.14489555172622203826904296875" lon="117.184813655912876129150390625">
        <ele>4.80000019073486328125</ele>
        <time>2026-05-31T21:14:13.000Z</time>
        <extensions>
          <ns3:TrackPointExtension>
            <ns3:hr>125</ns3:hr>
            <ns3:cad>91</ns3:cad>
          </ns3:TrackPointExtension>
        </extensions>
      </trkpt>
      <trkpt lat="39.14490208961069583892822265625" lon="117.18483754433691501617431640625">
        <ele>4.80000019073486328125</ele>
        <time>2026-05-31T21:14:14.000Z</time>
        <extensions>
          <ns3:TrackPointExtension>
            <ns3:hr>124</ns3:hr>
            <ns3:cad>92</ns3:cad>
          </ns3:TrackPointExtension>
        </extensions>
      </trkpt>
      <trkpt lat="39.14490695111453533172607421875" lon="117.18486872501671314239501953125">
        <ele>4.80000019073486328125</ele>
        <time>2026-05-31T21:14:15.000Z</time>
        <extensions>
          <ns3:TrackPointExtension>
            <ns3:hr>125</ns3:hr>
            <ns3:cad>92</ns3:cad>
          </ns3:TrackPointExtension>
        </extensions>
      </trkpt>
      <trkpt lat="39.14491675794124603271484375" lon="117.18489588238298892974853515625">
        <ele>4.599999904632568359375</ele>
        <time>2026-05-31T21:14:16.000Z</time>
        <extensions>
          <ns3:TrackPointExtension>
            <ns3:hr>125</ns3:hr>
            <ns3:cad>92</ns3:cad>
          </ns3:TrackPointExtension>
        </extensions>
      </trkpt>
      <trkpt lat="39.14492036215960979461669921875" lon="117.1849321760237216949462890625">
        <ele>4.599999904632568359375</ele>
        <time>2026-05-31T21:14:17.000Z</time>
        <extensions>
          <ns3:TrackPointExtension>
            <ns3:hr>125</ns3:hr>
            <ns3:cad>92</ns3:cad>
          </ns3:TrackPointExtension>
        </extensions>
      </trkpt>
      <trkpt lat="39.1449279896914958953857421875" lon="117.18496285378932952880859375">
        <ele>4.599999904632568359375</ele>
        <time>2026-05-31T21:14:18.000Z</time>
        <extensions>
          <ns3:TrackPointExtension>
            <ns3:hr>125</ns3:hr>
            <ns3:cad>92</ns3:cad>
          </ns3:TrackPointExtension>
        </extensions>
      </trkpt>
      <trkpt lat="39.1449326835572719573974609375" lon="117.18499948270618915557861328125">
        <ele>4.599999904632568359375</ele>
        <time>2026-05-31T21:14:19.000Z</time>
        <extensions>
          <ns3:TrackPointExtension>
            <ns3:hr>125</ns3:hr>
            <ns3:cad>92</ns3:cad>
          </ns3:TrackPointExtension>
        </extensions>
      </trkpt>
      <trkpt lat="39.14494299329817295074462890625" lon="117.18503016047179698944091796875">
        <ele>4.599999904632568359375</ele>
        <time>2026-05-31T21:14:20.000Z</time>
        <extensions>
          <ns3:TrackPointExtension>
            <ns3:hr>125</ns3:hr>
            <ns3:cad>92</ns3:cad>
          </ns3:TrackPointExtension>
        </extensions>
      </trkpt>
      <trkpt lat="39.14495028555393218994140625" lon="117.18506419099867343902587890625">
        <ele>4.599999904632568359375</ele>
        <time>2026-05-31T21:14:21.000Z</time>
        <extensions>
          <ns3:TrackPointExtension>
            <ns3:hr>125</ns3:hr>
            <ns3:cad>92</ns3:cad>
          </ns3:TrackPointExtension>
        </extensions>
      </trkpt>
      <trkpt lat="39.144956655800342559814453125" lon="117.185096628963947296142578125">
        <ele>4.599999904632568359375</ele>
        <time>2026-05-31T21:14:22.000Z</time>
        <extensions>
          <ns3:TrackPointExtension>
            <ns3:hr>125</ns3:hr>
            <ns3:cad>92</ns3:cad>
          </ns3:TrackPointExtension>
        </extensions>
      </trkpt>
      <trkpt lat="39.1449635289609432220458984375" lon="117.1851283125579357147216796875">
        <ele>4.599999904632568359375</ele>
        <time>2026-05-31T21:14:23.000Z</time>
        <extensions>
          <ns3:TrackPointExtension>
            <ns3:hr>126</ns3:hr>
            <ns3:cad>92</ns3:cad>
          </ns3:TrackPointExtension>
        </extensions>
      </trkpt>
      <trkpt lat="39.144968725740909576416015625" lon="117.18516267836093902587890625">
        <ele>4.599999904632568359375</ele>
        <time>2026-05-31T21:14:24.000Z</time>
        <extensions>
          <ns3:TrackPointExtension>
            <ns3:hr>126</ns3:hr>
            <ns3:cad>92</ns3:cad>
          </ns3:TrackPointExtension>
        </extensions>
      </trkpt>
      <trkpt lat="39.14497903548181056976318359375" lon="117.185194529592990875244140625">
        <ele>4.599999904632568359375</ele>
        <time>2026-05-31T21:14:25.000Z</time>
        <extensions>
          <ns3:TrackPointExtension>
            <ns3:hr>126</ns3:hr>
            <ns3:cad>92</ns3:cad>
          </ns3:TrackPointExtension>
        </extensions>
      </trkpt>
      <trkpt lat="39.14499026723206043243408203125" lon="117.185224704444408416748046875">
        <ele>4.599999904632568359375</ele>
        <time>2026-05-31T21:14:26.000Z</time>
        <extensions>
          <ns3:TrackPointExtension>
            <ns3:hr>126</ns3:hr>
            <ns3:cad>92</ns3:cad>
          </ns3:TrackPointExtension>
        </extensions>
      </trkpt>
      <trkpt lat="39.14499982260167598724365234375" lon="117.18525278382003307342529296875">
        <ele>4.599999904632568359375</ele>
        <time>2026-05-31T21:14:27.000Z</time>
        <extensions>
          <ns3:TrackPointExtension>
            <ns3:hr>125</ns3:hr>
            <ns3:cad>92</ns3:cad>
          </ns3:TrackPointExtension>
        </extensions>
      </trkpt>
      <trkpt lat="39.1450074501335620880126953125" lon="117.18528681434690952301025390625">
        <ele>4.599999904632568359375</ele>
        <time>2026-05-31T21:14:28.000Z</time>
        <extensions>
          <ns3:TrackPointExtension>
            <ns3:hr>126</ns3:hr>
            <ns3:cad>92</ns3:cad>
          </ns3:TrackPointExtension>
        </extensions>
      </trkpt>
      <trkpt lat="39.14501734077930450439453125" lon="117.1853135526180267333984375">
        <ele>4.599999904632568359375</ele>
        <time>2026-05-31T21:14:29.000Z</time>
        <extensions>
          <ns3:TrackPointExtension>
            <ns3:hr>125</ns3:hr>
            <ns3:cad>92</ns3:cad>
          </ns3:TrackPointExtension>
        </extensions>
      </trkpt>
      <trkpt lat="39.14502429775893688201904296875" lon="117.185350768268108367919921875">
        <ele>4.599999904632568359375</ele>
        <time>2026-05-31T21:14:30.000Z</time>
        <extensions>
          <ns3:TrackPointExtension>
            <ns3:hr>125</ns3:hr>
            <ns3:cad>92</ns3:cad>
          </ns3:TrackPointExtension>
        </extensions>
      </trkpt>
      <trkpt lat="39.1450356133282184600830078125" lon="117.1853774227201938629150390625">
        <ele>4.599999904632568359375</ele>
        <time>2026-05-31T21:14:31.000Z</time>
        <extensions>
          <ns3:TrackPointExtension>
            <ns3:hr>125</ns3:hr>
            <ns3:cad>92</ns3:cad>
          </ns3:TrackPointExtension>
        </extensions>
      </trkpt>
      <trkpt lat="39.14504106156527996063232421875" lon="117.18541572801768779754638671875">
        <ele>4.400000095367431640625</ele>
        <time>2026-05-31T21:14:32.000Z</time>
        <extensions>
          <ns3:TrackPointExtension>
            <ns3:hr>125</ns3:hr>
            <ns3:cad>91</ns3:cad>
          </ns3:TrackPointExtension>
        </extensions>
      </trkpt>
      <trkpt lat="39.1450500302016735076904296875" lon="117.1854441426694393157958984375">
        <ele>4.400000095367431640625</ele>
        <time>2026-05-31T21:14:33.000Z</time>
        <extensions>
          <ns3:TrackPointExtension>
            <ns3:hr>125</ns3:hr>
            <ns3:cad>92</ns3:cad>
          </ns3:TrackPointExtension>
        </extensions>
      </trkpt>
      <trkpt lat="39.14505346678197383880615234375" lon="117.18548186123371124267578125">
        <ele>4.400000095367431640625</ele>
        <time>2026-05-31T21:14:34.000Z</time>
        <extensions>
          <ns3:TrackPointExtension>
            <ns3:hr>124</ns3:hr>
            <ns3:cad>92</ns3:cad>
          </ns3:TrackPointExtension>
        </extensions>
      </trkpt>
      <trkpt lat="39.14506402797996997833251953125" lon="117.1855065040290355682373046875">
        <ele>4.400000095367431640625</ele>
        <time>2026-05-31T21:14:35.000Z</time>
        <extensions>
          <ns3:TrackPointExtension>
            <ns3:hr>124</ns3:hr>
            <ns3:cad>92</ns3:cad>
          </ns3:TrackPointExtension>
        </extensions>
      </trkpt>
      <trkpt lat="39.14506888948380947113037109375" lon="117.18554380349814891815185546875">
        <ele>4.400000095367431640625</ele>
        <time>2026-05-31T21:14:36.000Z</time>
        <extensions>
          <ns3:TrackPointExtension>
            <ns3:hr>125</ns3:hr>
            <ns3:cad>92</ns3:cad>
          </ns3:TrackPointExtension>
        </extensions>
      </trkpt>
      <trkpt lat="39.14507769048213958740234375" lon="117.185568027198314666748046875">
        <ele>4.400000095367431640625</ele>
        <time>2026-05-31T21:14:37.000Z</time>
        <extensions>
          <ns3:TrackPointExtension>
            <ns3:hr>125</ns3:hr>
            <ns3:cad>92</ns3:cad>
          </ns3:TrackPointExtension>
        </extensions>
      </trkpt>
      <trkpt lat="39.14508464746177196502685546875" lon="117.18560113571584224700927734375">
        <ele>4.400000095367431640625</ele>
        <time>2026-05-31T21:14:38.000Z</time>
        <extensions>
          <ns3:TrackPointExtension>
            <ns3:hr>125</ns3:hr>
            <ns3:cad>92</ns3:cad>
          </ns3:TrackPointExtension>
        </extensions>
      </trkpt>
      <trkpt lat="39.14509487338364124298095703125" lon="117.18562846072018146514892578125">
        <ele>4.400000095367431640625</ele>
        <time>2026-05-31T21:14:39.000Z</time>
        <extensions>
          <ns3:TrackPointExtension>
            <ns3:hr>125</ns3:hr>
            <ns3:cad>92</ns3:cad>
          </ns3:TrackPointExtension>
        </extensions>
      </trkpt>
      <trkpt lat="39.1450976394116878509521484375" lon="117.185666598379611968994140625">
        <ele>4.400000095367431640625</ele>
        <time>2026-05-31T21:14:40.000Z</time>
        <extensions>
          <ns3:TrackPointExtension>
            <ns3:hr>125</ns3:hr>
            <ns3:cad>92</ns3:cad>
          </ns3:TrackPointExtension>
        </extensions>
      </trkpt>
      <trkpt lat="39.14510359056293964385986328125" lon="117.1856982819736003875732421875">
        <ele>4.400000095367431640625</ele>
        <time>2026-05-31T21:14:41.000Z</time>
        <extensions>
          <ns3:TrackPointExtension>
            <ns3:hr>124</ns3:hr>
            <ns3:cad>92</ns3:cad>
          </ns3:TrackPointExtension>
        </extensions>
      </trkpt>
      <trkpt lat="39.1451083682477474212646484375" lon="117.1857308037579059600830078125">
        <ele>4.400000095367431640625</ele>
        <time>2026-05-31T21:14:42.000Z</time>
        <extensions>
          <ns3:TrackPointExtension>
            <ns3:hr>124</ns3:hr>
            <ns3:cad>92</ns3:cad>
          </ns3:TrackPointExtension>
        </extensions>
      </trkpt>
      <trkpt lat="39.14511448703706264495849609375" lon="117.18576206825673580169677734375">
        <ele>4.400000095367431640625</ele>
        <time>2026-05-31T21:14:43.000Z</time>
        <extensions>
          <ns3:TrackPointExtension>
            <ns3:hr>124</ns3:hr>
            <ns3:cad>92</ns3:cad>
          </ns3:TrackPointExtension>
        </extensions>
      </trkpt>
      <trkpt lat="39.145115911960601806640625" lon="117.1857948414981365203857421875">
        <ele>4.599999904632568359375</ele>
        <time>2026-05-31T21:14:44.000Z</time>
        <extensions>
          <ns3:TrackPointExtension>
            <ns3:hr>124</ns3:hr>
            <ns3:cad>92</ns3:cad>
          </ns3:TrackPointExtension>
        </extensions>
      </trkpt>
      <trkpt lat="39.14512270130217075347900390625" lon="117.1858293749392032623291015625">
        <ele>4.599999904632568359375</ele>
        <time>2026-05-31T21:14:45.000Z</time>
        <extensions>
          <ns3:TrackPointExtension>
            <ns3:hr>123</ns3:hr>
            <ns3:cad>92</ns3:cad>
          </ns3:TrackPointExtension>
        </extensions>
      </trkpt>
      <trkpt lat="39.14512739516794681549072265625" lon="117.18586198054254055023193359375">
        <ele>4.599999904632568359375</ele>
        <time>2026-05-31T21:14:46.000Z</time>
        <extensions>
          <ns3:TrackPointExtension>
            <ns3:hr>122</ns3:hr>
            <ns3:cad>92</ns3:cad>
          </ns3:TrackPointExtension>
        </extensions>
      </trkpt>
      <trkpt lat="39.14513443596661090850830078125" lon="117.1858984418213367462158203125">
        <ele>4.599999904632568359375</ele>
        <time>2026-05-31T21:14:47.000Z</time>
        <extensions>
          <ns3:TrackPointExtension>
            <ns3:hr>121</ns3:hr>
            <ns3:cad>92</ns3:cad>
          </ns3:TrackPointExtension>
        </extensions>
      </trkpt>
      <trkpt lat="39.14514482952654361724853515625" lon="117.1859296225011348724365234375">
        <ele>4.599999904632568359375</ele>
        <time>2026-05-31T21:14:48.000Z</time>
        <extensions>
          <ns3:TrackPointExtension>
            <ns3:hr>120</ns3:hr>
            <ns3:cad>92</ns3:cad>
          </ns3:TrackPointExtension>
        </extensions>
      </trkpt>
      <trkpt lat="39.1451522894203662872314453125" lon="117.18596373684704303741455078125">
        <ele>4.400000095367431640625</ele>
        <time>2026-05-31T21:14:49.000Z</time>
        <extensions>
          <ns3:TrackPointExtension>
            <ns3:hr>119</ns3:hr>
            <ns3:cad>92</ns3:cad>
          </ns3:TrackPointExtension>
        </extensions>
      </trkpt>
      <trkpt lat="39.14516150951385498046875" lon="117.1859948337078094482421875">
        <ele>4.400000095367431640625</ele>
        <time>2026-05-31T21:14:50.000Z</time>
        <extensions>
          <ns3:TrackPointExtension>
            <ns3:hr>118</ns3:hr>
            <ns3:cad>92</ns3:cad>
          </ns3:TrackPointExtension>
        </extensions>
      </trkpt>
      <trkpt lat="39.145176596939563751220703125" lon="117.1860288642346858978271484375">
        <ele>4.400000095367431640625</ele>
        <time>2026-05-31T21:14:51.000Z</time>
        <extensions>
          <ns3:TrackPointExtension>
            <ns3:hr>117</ns3:hr>
            <ns3:cad>92</ns3:cad>
          </ns3:TrackPointExtension>
        </extensions>
      </trkpt>
      <trkpt lat="39.14518590085208415985107421875" lon="117.1860580332577228546142578125">
        <ele>4.19999980926513671875</ele>
        <time>2026-05-31T21:14:52.000Z</time>
        <extensions>
          <ns3:TrackPointExtension>
            <ns3:hr>117</ns3:hr>
            <ns3:cad>92</ns3:cad>
          </ns3:TrackPointExtension>
        </extensions>
      </trkpt>
      <trkpt lat="39.1451950371265411376953125" lon="117.186096422374248504638671875">
        <ele>4.19999980926513671875</ele>
        <time>2026-05-31T21:14:53.000Z</time>
        <extensions>
          <ns3:TrackPointExtension>
            <ns3:hr>116</ns3:hr>
            <ns3:cad>92</ns3:cad>
          </ns3:TrackPointExtension>
        </extensions>
      </trkpt>
      <trkpt lat="39.1452059336006641387939453125" lon="117.18612651340663433074951171875">
        <ele>4.19999980926513671875</ele>
        <time>2026-05-31T21:14:54.000Z</time>
        <extensions>
          <ns3:TrackPointExtension>
            <ns3:hr>117</ns3:hr>
            <ns3:cad>91</ns3:cad>
          </ns3:TrackPointExtension>
        </extensions>
      </trkpt>
      <trkpt lat="39.145214147865772247314453125" lon="117.1861683391034603118896484375">
        <ele>4.19999980926513671875</ele>
        <time>2026-05-31T21:14:55.000Z</time>
        <extensions>
          <ns3:TrackPointExtension>
            <ns3:hr>117</ns3:hr>
            <ns3:cad>91</ns3:cad>
          </ns3:TrackPointExtension>
        </extensions>
      </trkpt>
      <trkpt lat="39.14522428996860980987548828125" lon="117.18619708903133869171142578125">
        <ele>4.19999980926513671875</ele>
        <time>2026-05-31T21:14:56.000Z</time>
        <extensions>
          <ns3:TrackPointExtension>
            <ns3:hr>117</ns3:hr>
            <ns3:cad>91</ns3:cad>
          </ns3:TrackPointExtension>
        </extensions>
      </trkpt>
      <trkpt lat="39.1452307440340518951416015625" lon="117.1862343885004520416259765625">
        <ele>4.19999980926513671875</ele>
        <time>2026-05-31T21:14:57.000Z</time>
        <extensions>
          <ns3:TrackPointExtension>
            <ns3:hr>118</ns3:hr>
            <ns3:cad>92</ns3:cad>
          </ns3:TrackPointExtension>
        </extensions>
      </trkpt>
      <trkpt lat="39.1452408023178577423095703125" lon="117.1862578578293323516845703125">
        <ele>4.19999980926513671875</ele>
        <time>2026-05-31T21:14:58.000Z</time>
        <extensions>
          <ns3:TrackPointExtension>
            <ns3:hr>118</ns3:hr>
            <ns3:cad>92</ns3:cad>
          </ns3:TrackPointExtension>
        </extensions>
      </trkpt>
      <trkpt lat="39.1452485136687755584716796875" lon="117.18629331327974796295166015625">
        <ele>4.19999980926513671875</ele>
        <time>2026-05-31T21:14:59.000Z</time>
        <extensions>
          <ns3:TrackPointExtension>
            <ns3:hr>119</ns3:hr>
            <ns3:cad>92</ns3:cad>
          </ns3:TrackPointExtension>
        </extensions>
      </trkpt>
      <trkpt lat="39.1452582366764545440673828125" lon="117.18631778843700885772705078125">
        <ele>4.19999980926513671875</ele>
        <time>2026-05-31T21:15:00.000Z</time>
        <extensions>
          <ns3:TrackPointExtension>
            <ns3:hr>120</ns3:hr>
            <ns3:cad>92</ns3:cad>
          </ns3:TrackPointExtension>
        </extensions>
      </trkpt>
      <trkpt lat="39.1452595777809619903564453125" lon="117.1863530762493610382080078125">
        <ele>4.19999980926513671875</ele>
        <time>2026-05-31T21:15:01.000Z</time>
        <extensions>
          <ns3:TrackPointExtension>
            <ns3:hr>121</ns3:hr>
            <ns3:cad>92</ns3:cad>
          </ns3:TrackPointExtension>
        </extensions>
      </trkpt>
      <trkpt lat="39.1452669538557529449462890625" lon="117.18638182617723941802978515625">
        <ele>4.19999980926513671875</ele>
        <time>2026-05-31T21:15:02.000Z</time>
        <extensions>
          <ns3:TrackPointExtension>
            <ns3:hr>122</ns3:hr>
            <ns3:cad>92</ns3:cad>
          </ns3:TrackPointExtension>
        </extensions>
      </trkpt>
      <trkpt lat="39.145268462598323822021484375" lon="117.18641837127506732940673828125">
        <ele>4.19999980926513671875</ele>
        <time>2026-05-31T21:15:03.000Z</time>
        <extensions>
          <ns3:TrackPointExtension>
            <ns3:hr>123</ns3:hr>
            <ns3:cad>92</ns3:cad>
          </ns3:TrackPointExtension>
        </extensions>
      </trkpt>
      <trkpt lat="39.14527759887278079986572265625" lon="117.18645307235419750213623046875">
        <ele>4.19999980926513671875</ele>
        <time>2026-05-31T21:15:04.000Z</time>
        <extensions>
          <ns3:TrackPointExtension>
            <ns3:hr>123</ns3:hr>
            <ns3:cad>92</ns3:cad>
          </ns3:TrackPointExtension>
        </extensions>
      </trkpt>
      <trkpt lat="39.145289920270442962646484375" lon="117.18648157082498073577880859375">
        <ele>4.19999980926513671875</ele>
        <time>2026-05-31T21:15:05.000Z</time>
        <extensions>
          <ns3:TrackPointExtension>
            <ns3:hr>124</ns3:hr>
            <ns3:cad>92</ns3:cad>
          </ns3:TrackPointExtension>
        </extensions>
      </trkpt>
      <trkpt lat="39.14530123583972454071044921875" lon="117.186510153114795684814453125">
        <ele>4.19999980926513671875</ele>
        <time>2026-05-31T21:15:06.000Z</time>
        <extensions>
          <ns3:TrackPointExtension>
            <ns3:hr>125</ns3:hr>
            <ns3:cad>92</ns3:cad>
          </ns3:TrackPointExtension>
        </extensions>
      </trkpt>
      <trkpt lat="39.14530727081000804901123046875" lon="117.18654334545135498046875">
        <ele>4.19999980926513671875</ele>
        <time>2026-05-31T21:15:07.000Z</time>
        <extensions>
          <ns3:TrackPointExtension>
            <ns3:hr>126</ns3:hr>
            <ns3:cad>92</ns3:cad>
          </ns3:TrackPointExtension>
        </extensions>
      </trkpt>
      <trkpt lat="39.1453108750283718109130859375" lon="117.18657678924500942230224609375">
        <ele>4.19999980926513671875</ele>
        <time>2026-05-31T21:15:08.000Z</time>
        <extensions>
          <ns3:TrackPointExtension>
            <ns3:hr>126</ns3:hr>
            <ns3:cad>91</ns3:cad>
          </ns3:TrackPointExtension>
        </extensions>
      </trkpt>
      <trkpt lat="39.14531506597995758056640625" lon="117.18661115504801273345947265625">
        <ele>4.19999980926513671875</ele>
        <time>2026-05-31T21:15:09.000Z</time>
        <extensions>
          <ns3:TrackPointExtension>
            <ns3:hr>126</ns3:hr>
            <ns3:cad>90</ns3:cad>
          </ns3:TrackPointExtension>
        </extensions>
      </trkpt>
      <trkpt lat="39.14531850256025791168212890625" lon="117.18664267100393772125244140625">
        <ele>4</ele>
        <time>2026-05-31T21:15:10.000Z</time>
        <extensions>
          <ns3:TrackPointExtension>
            <ns3:hr>126</ns3:hr>
            <ns3:cad>90</ns3:cad>
          </ns3:TrackPointExtension>
        </extensions>
      </trkpt>
      <trkpt lat="39.145325124263763427734375" lon="117.1866695769131183624267578125">
        <ele>4</ele>
        <time>2026-05-31T21:15:11.000Z</time>
        <extensions>
          <ns3:TrackPointExtension>
            <ns3:hr>126</ns3:hr>
            <ns3:cad>90</ns3:cad>
          </ns3:TrackPointExtension>
        </extensions>
      </trkpt>
      <trkpt lat="39.14533074013888835906982421875" lon="117.1867029368877410888671875">
        <ele>4.19999980926513671875</ele>
        <time>2026-05-31T21:15:12.000Z</time>
        <extensions>
          <ns3:TrackPointExtension>
            <ns3:hr>126</ns3:hr>
            <ns3:cad>90</ns3:cad>
          </ns3:TrackPointExtension>
        </extensions>
      </trkpt>
      <trkpt lat="39.14532847702503204345703125" lon="117.186729423701763153076171875">
        <ele>4.19999980926513671875</ele>
        <time>2026-05-31T21:15:13.000Z</time>
        <extensions>
          <ns3:TrackPointExtension>
            <ns3:hr>127</ns3:hr>
            <ns3:cad>92</ns3:cad>
          </ns3:TrackPointExtension>
        </extensions>
      </trkpt>
      <trkpt lat="39.14534146897494792938232421875" lon="117.1867637895047664642333984375">
        <ele>4.19999980926513671875</ele>
        <time>2026-05-31T21:15:14.000Z</time>
        <extensions>
          <ns3:TrackPointExtension>
            <ns3:hr>127</ns3:hr>
            <ns3:cad>92</ns3:cad>
          </ns3:TrackPointExtension>
        </extensions>
      </trkpt>
      <trkpt lat="39.14534565992653369903564453125" lon="117.186794467270374298095703125">
        <ele>4.19999980926513671875</ele>
        <time>2026-05-31T21:15:15.000Z</time>
        <extensions>
          <ns3:TrackPointExtension>
            <ns3:hr>127</ns3:hr>
            <ns3:cad>92</ns3:cad>
          </ns3:TrackPointExtension>
        </extensions>
      </trkpt>
      <trkpt lat="39.14535672403872013092041015625" lon="117.18682824634015560150146484375">
        <ele>4.19999980926513671875</ele>
        <time>2026-05-31T21:15:16.000Z</time>
        <extensions>
          <ns3:TrackPointExtension>
            <ns3:hr>127</ns3:hr>
            <ns3:cad>92</ns3:cad>
          </ns3:TrackPointExtension>
        </extensions>
      </trkpt>
      <trkpt lat="39.14536644704639911651611328125" lon="117.18685724772512912750244140625">
        <ele>4.400000095367431640625</ele>
        <time>2026-05-31T21:15:17.000Z</time>
        <extensions>
          <ns3:TrackPointExtension>
            <ns3:hr>127</ns3:hr>
            <ns3:cad>91</ns3:cad>
          </ns3:TrackPointExtension>
        </extensions>
      </trkpt>
      <trkpt lat="39.14537943899631500244140625" lon="117.1868908591568470001220703125">
        <ele>4.400000095367431640625</ele>
        <time>2026-05-31T21:15:18.000Z</time>
        <extensions>
          <ns3:TrackPointExtension>
            <ns3:hr>128</ns3:hr>
            <ns3:cad>91</ns3:cad>
          </ns3:TrackPointExtension>
        </extensions>
      </trkpt>
      <trkpt lat="39.145383127033710479736328125" lon="117.1869206987321376800537109375">
        <ele>4.400000095367431640625</ele>
        <time>2026-05-31T21:15:19.000Z</time>
        <extensions>
          <ns3:TrackPointExtension>
            <ns3:hr>128</ns3:hr>
            <ns3:cad>91</ns3:cad>
          </ns3:TrackPointExtension>
        </extensions>
      </trkpt>
      <trkpt lat="39.14539150893688201904296875" lon="117.18695707619190216064453125">
        <ele>4.599999904632568359375</ele>
        <time>2026-05-31T21:15:20.000Z</time>
        <extensions>
          <ns3:TrackPointExtension>
            <ns3:hr>129</ns3:hr>
            <ns3:cad>91</ns3:cad>
          </ns3:TrackPointExtension>
        </extensions>
      </trkpt>
      <trkpt lat="39.14539821445941925048828125" lon="117.18698834069073200225830078125">
        <ele>4.599999904632568359375</ele>
        <time>2026-05-31T21:15:21.000Z</time>
        <extensions>
          <ns3:TrackPointExtension>
            <ns3:hr>129</ns3:hr>
            <ns3:cad>91</ns3:cad>
          </ns3:TrackPointExtension>
        </extensions>
      </trkpt>
      <trkpt lat="39.145408608019351959228515625" lon="117.18702672980725765228271484375">
        <ele>4.599999904632568359375</ele>
        <time>2026-05-31T21:15:22.000Z</time>
        <extensions>
          <ns3:TrackPointExtension>
            <ns3:hr>129</ns3:hr>
            <ns3:cad>91</ns3:cad>
          </ns3:TrackPointExtension>
        </extensions>
      </trkpt>
      <trkpt lat="39.14541237987577915191650390625" lon="117.1870611794292926788330078125">
        <ele>4.80000019073486328125</ele>
        <time>2026-05-31T21:15:23.000Z</time>
        <extensions>
          <ns3:TrackPointExtension>
            <ns3:hr>129</ns3:hr>
            <ns3:cad>91</ns3:cad>
          </ns3:TrackPointExtension>
        </extensions>
      </trkpt>
      <trkpt lat="39.14541967213153839111328125" lon="117.18709965236485004425048828125">
        <ele>4.80000019073486328125</ele>
        <time>2026-05-31T21:15:24.000Z</time>
        <extensions>
          <ns3:TrackPointExtension>
            <ns3:hr>130</ns3:hr>
            <ns3:cad>90</ns3:cad>
          </ns3:TrackPointExtension>
        </extensions>
      </trkpt>
      <trkpt lat="39.14542126469314098358154296875" lon="117.18713276088237762451171875">
        <ele>4.80000019073486328125</ele>
        <time>2026-05-31T21:15:25.000Z</time>
        <extensions>
          <ns3:TrackPointExtension>
            <ns3:hr>130</ns3:hr>
            <ns3:cad>90</ns3:cad>
          </ns3:TrackPointExtension>
        </extensions>
      </trkpt>
      <trkpt lat="39.145426042377948760986328125" lon="117.18717391602694988250732421875">
        <ele>4.80000019073486328125</ele>
        <time>2026-05-31T21:15:26.000Z</time>
        <extensions>
          <ns3:TrackPointExtension>
            <ns3:hr>130</ns3:hr>
            <ns3:cad>90</ns3:cad>
          </ns3:TrackPointExtension>
        </extensions>
      </trkpt>
      <trkpt lat="39.145426712930202484130859375" lon="117.18720677308738231658935546875">
        <ele>5</ele>
        <time>2026-05-31T21:15:27.000Z</time>
        <extensions>
          <ns3:TrackPointExtension>
            <ns3:hr>131</ns3:hr>
            <ns3:cad>90</ns3:cad>
          </ns3:TrackPointExtension>
        </extensions>
      </trkpt>
      <trkpt lat="39.14542679674923419952392578125" lon="117.18724801205098628997802734375">
        <ele>5</ele>
        <time>2026-05-31T21:15:28.000Z</time>
        <extensions>
          <ns3:TrackPointExtension>
            <ns3:hr>131</ns3:hr>
            <ns3:cad>90</ns3:cad>
          </ns3:TrackPointExtension>
        </extensions>
      </trkpt>
      <trkpt lat="39.1454295627772808074951171875" lon="117.18727751635015010833740234375">
        <ele>5.19999980926513671875</ele>
        <time>2026-05-31T21:15:29.000Z</time>
        <extensions>
          <ns3:TrackPointExtension>
            <ns3:hr>131</ns3:hr>
            <ns3:cad>90</ns3:cad>
          </ns3:TrackPointExtension>
        </extensions>
      </trkpt>
      <trkpt lat="39.1454337537288665771484375" lon="117.1873180009424686431884765625">
        <ele>5.19999980926513671875</ele>
        <time>2026-05-31T21:15:30.000Z</time>
        <extensions>
          <ns3:TrackPointExtension>
            <ns3:hr>132</ns3:hr>
            <ns3:cad>90</ns3:cad>
          </ns3:TrackPointExtension>
        </extensions>
      </trkpt>
      <trkpt lat="39.1454391181468963623046875" lon="117.187344320118427276611328125">
        <ele>5.19999980926513671875</ele>
        <time>2026-05-31T21:15:31.000Z</time>
        <extensions>
          <ns3:TrackPointExtension>
            <ns3:hr>132</ns3:hr>
            <ns3:cad>90</ns3:cad>
          </ns3:TrackPointExtension>
        </extensions>
      </trkpt>
      <trkpt lat="39.1454483382403850555419921875" lon="117.18738597817718982696533203125">
        <ele>5.400000095367431640625</ele>
        <time>2026-05-31T21:15:32.000Z</time>
        <extensions>
          <ns3:TrackPointExtension>
            <ns3:hr>132</ns3:hr>
            <ns3:cad>89</ns3:cad>
          </ns3:TrackPointExtension>
        </extensions>
      </trkpt>
      <trkpt lat="39.14546015672385692596435546875" lon="117.187409363687038421630859375">
        <ele>5.400000095367431640625</ele>
        <time>2026-05-31T21:15:33.000Z</time>
        <extensions>
          <ns3:TrackPointExtension>
            <ns3:hr>132</ns3:hr>
            <ns3:cad>89</ns3:cad>
          </ns3:TrackPointExtension>
        </extensions>
      </trkpt>
      <trkpt lat="39.14547423832118511199951171875" lon="117.18744481913745403289794921875">
        <ele>5.400000095367431640625</ele>
        <time>2026-05-31T21:15:34.000Z</time>
        <extensions>
          <ns3:TrackPointExtension>
            <ns3:hr>133</ns3:hr>
            <ns3:cad>89</ns3:cad>
          </ns3:TrackPointExtension>
        </extensions>
      </trkpt>
      <trkpt lat="39.1454879008233547210693359375" lon="117.18746745027601718902587890625">
        <ele>5.400000095367431640625</ele>
        <time>2026-05-31T21:15:35.000Z</time>
        <extensions>
          <ns3:TrackPointExtension>
            <ns3:hr>133</ns3:hr>
            <ns3:cad>90</ns3:cad>
          </ns3:TrackPointExtension>
        </extensions>
      </trkpt>
      <trkpt lat="39.14550206623971462249755859375" lon="117.18750466592609882354736328125">
        <ele>5.400000095367431640625</ele>
        <time>2026-05-31T21:15:36.000Z</time>
        <extensions>
          <ns3:TrackPointExtension>
            <ns3:hr>133</ns3:hr>
            <ns3:cad>90</ns3:cad>
          </ns3:TrackPointExtension>
        </extensions>
      </trkpt>
      <trkpt lat="39.14551497437059879302978515625" lon="117.1875275485217571258544921875">
        <ele>5.400000095367431640625</ele>
        <time>2026-05-31T21:15:37.000Z</time>
        <extensions>
          <ns3:TrackPointExtension>
            <ns3:hr>133</ns3:hr>
            <ns3:cad>90</ns3:cad>
          </ns3:TrackPointExtension>
        </extensions>
      </trkpt>
      <trkpt lat="39.14552570320665836334228515625" lon="117.18756166286766529083251953125">
        <ele>5.599999904632568359375</ele>
        <time>2026-05-31T21:15:38.000Z</time>
        <extensions>
          <ns3:TrackPointExtension>
            <ns3:hr>133</ns3:hr>
            <ns3:cad>90</ns3:cad>
          </ns3:TrackPointExtension>
        </extensions>
      </trkpt>
      <trkpt lat="39.14553978480398654937744140625" lon="117.187584377825260162353515625">
        <ele>5.599999904632568359375</ele>
        <time>2026-05-31T21:15:39.000Z</time>
        <extensions>
          <ns3:TrackPointExtension>
            <ns3:hr>133</ns3:hr>
            <ns3:cad>90</ns3:cad>
          </ns3:TrackPointExtension>
        </extensions>
      </trkpt>
      <trkpt lat="39.14555302821099758148193359375" lon="117.18761958181858062744140625">
        <ele>5.599999904632568359375</ele>
        <time>2026-05-31T21:15:40.000Z</time>
        <extensions>
          <ns3:TrackPointExtension>
            <ns3:hr>134</ns3:hr>
            <ns3:cad>90</ns3:cad>
          </ns3:TrackPointExtension>
        </extensions>
      </trkpt>
      <trkpt lat="39.145567528903484344482421875" lon="117.18764263205230236053466796875">
        <ele>5.599999904632568359375</ele>
        <time>2026-05-31T21:15:41.000Z</time>
        <extensions>
          <ns3:TrackPointExtension>
            <ns3:hr>133</ns3:hr>
            <ns3:cad>90</ns3:cad>
          </ns3:TrackPointExtension>
        </extensions>
      </trkpt>
      <trkpt lat="39.145584963262081146240234375" lon="117.18767590820789337158203125">
        <ele>5.599999904632568359375</ele>
        <time>2026-05-31T21:15:42.000Z</time>
        <extensions>
          <ns3:TrackPointExtension>
            <ns3:hr>133</ns3:hr>
            <ns3:cad>90</ns3:cad>
          </ns3:TrackPointExtension>
        </extensions>
      </trkpt>
      <trkpt lat="39.1456000506877899169921875" lon="117.18769175000488758087158203125">
        <ele>5.599999904632568359375</ele>
        <time>2026-05-31T21:15:43.000Z</time>
        <extensions>
          <ns3:TrackPointExtension>
            <ns3:hr>133</ns3:hr>
            <ns3:cad>90</ns3:cad>
          </ns3:TrackPointExtension>
        </extensions>
      </trkpt>
      <trkpt lat="39.14561857469379901885986328125" lon="117.18772226013243198394775390625">
        <ele>5.599999904632568359375</ele>
        <time>2026-05-31T21:15:44.000Z</time>
        <extensions>
          <ns3:TrackPointExtension>
            <ns3:hr>133</ns3:hr>
            <ns3:cad>90</ns3:cad>
          </ns3:TrackPointExtension>
        </extensions>
      </trkpt>
      <trkpt lat="39.14562863297760486602783203125" lon="117.18774036504328250885009765625">
        <ele>5.599999904632568359375</ele>
        <time>2026-05-31T21:15:45.000Z</time>
        <extensions>
          <ns3:TrackPointExtension>
            <ns3:hr>133</ns3:hr>
            <ns3:cad>90</ns3:cad>
          </ns3:TrackPointExtension>
        </extensions>
      </trkpt>
      <trkpt lat="39.14563969708979129791259765625" lon="117.18777540139853954315185546875">
        <ele>5.80000019073486328125</ele>
        <time>2026-05-31T21:15:46.000Z</time>
        <extensions>
          <ns3:TrackPointExtension>
            <ns3:hr>132</ns3:hr>
            <ns3:cad>89</ns3:cad>
          </ns3:TrackPointExtension>
        </extensions>
      </trkpt>
      <trkpt lat="39.1456501744687557220458984375" lon="117.18779736198484897613525390625">
        <ele>5.80000019073486328125</ele>
        <time>2026-05-31T21:15:47.000Z</time>
        <extensions>
          <ns3:TrackPointExtension>
            <ns3:hr>132</ns3:hr>
            <ns3:cad>89</ns3:cad>
          </ns3:TrackPointExtension>
        </extensions>
      </trkpt>
      <trkpt lat="39.145660400390625" lon="117.18783147633075714111328125">
        <ele>6</ele>
        <time>2026-05-31T21:15:48.000Z</time>
        <extensions>
          <ns3:TrackPointExtension>
            <ns3:hr>132</ns3:hr>
            <ns3:cad>89</ns3:cad>
          </ns3:TrackPointExtension>
        </extensions>
      </trkpt>
      <trkpt lat="39.145672805607318878173828125" lon="117.18785184435546398162841796875">
        <ele>6</ele>
        <time>2026-05-31T21:15:49.000Z</time>
        <extensions>
          <ns3:TrackPointExtension>
            <ns3:hr>132</ns3:hr>
            <ns3:cad>89</ns3:cad>
          </ns3:TrackPointExtension>
        </extensions>
      </trkpt>
      <trkpt lat="39.14568495936691761016845703125" lon="117.18788444995880126953125">
        <ele>6</ele>
        <time>2026-05-31T21:15:50.000Z</time>
        <extensions>
          <ns3:TrackPointExtension>
            <ns3:hr>133</ns3:hr>
            <ns3:cad>89</ns3:cad>
          </ns3:TrackPointExtension>
        </extensions>
      </trkpt>
      <trkpt lat="39.145695269107818603515625" lon="117.18790498562157154083251953125">
        <ele>6</ele>
        <time>2026-05-31T21:15:51.000Z</time>
        <extensions>
          <ns3:TrackPointExtension>
            <ns3:hr>132</ns3:hr>
            <ns3:cad>89</ns3:cad>
          </ns3:TrackPointExtension>
        </extensions>
      </trkpt>
      <trkpt lat="39.145707674324512481689453125" lon="117.18793666921555995941162109375">
        <ele>6</ele>
        <time>2026-05-31T21:15:52.000Z</time>
        <extensions>
          <ns3:TrackPointExtension>
            <ns3:hr>132</ns3:hr>
            <ns3:cad>89</ns3:cad>
          </ns3:TrackPointExtension>
        </extensions>
      </trkpt>
      <trkpt lat="39.14571697823703289031982421875" lon="117.18795795924961566925048828125">
        <ele>6</ele>
        <time>2026-05-31T21:15:53.000Z</time>
        <extensions>
          <ns3:TrackPointExtension>
            <ns3:hr>132</ns3:hr>
            <ns3:cad>89</ns3:cad>
          </ns3:TrackPointExtension>
        </extensions>
      </trkpt>
      <trkpt lat="39.14572921581566333770751953125" lon="117.187991403043270111083984375">
        <ele>6.19999980926513671875</ele>
        <time>2026-05-31T21:15:54.000Z</time>
        <extensions>
          <ns3:TrackPointExtension>
            <ns3:hr>133</ns3:hr>
            <ns3:cad>90</ns3:cad>
          </ns3:TrackPointExtension>
        </extensions>
      </trkpt>
      <trkpt lat="39.14574245922267436981201171875" lon="117.18801395036280155181884765625">
        <ele>6.19999980926513671875</ele>
        <time>2026-05-31T21:15:55.000Z</time>
        <extensions>
          <ns3:TrackPointExtension>
            <ns3:hr>133</ns3:hr>
            <ns3:cad>90</ns3:cad>
          </ns3:TrackPointExtension>
        </extensions>
      </trkpt>
      <trkpt lat="39.14575352333486080169677734375" lon="117.18804915435612201690673828125">
        <ele>6.19999980926513671875</ele>
        <time>2026-05-31T21:15:56.000Z</time>
        <extensions>
          <ns3:TrackPointExtension>
            <ns3:hr>133</ns3:hr>
            <ns3:cad>90</ns3:cad>
          </ns3:TrackPointExtension>
        </extensions>
      </trkpt>
      <trkpt lat="39.1457665152847766876220703125" lon="117.188071198761463165283203125">
        <ele>6.19999980926513671875</ele>
        <time>2026-05-31T21:15:57.000Z</time>
        <extensions>
          <ns3:TrackPointExtension>
            <ns3:hr>134</ns3:hr>
            <ns3:cad>90</ns3:cad>
          </ns3:TrackPointExtension>
        </extensions>
      </trkpt>
      <trkpt lat="39.1457802616059780120849609375" lon="117.18810045160353183746337890625">
        <ele>6.19999980926513671875</ele>
        <time>2026-05-31T21:15:58.000Z</time>
        <extensions>
          <ns3:TrackPointExtension>
            <ns3:hr>134</ns3:hr>
            <ns3:cad>90</ns3:cad>
          </ns3:TrackPointExtension>
        </extensions>
      </trkpt>
      <trkpt lat="39.1457926668226718902587890625" lon="117.188120819628238677978515625">
        <ele>6.19999980926513671875</ele>
        <time>2026-05-31T21:15:59.000Z</time>
        <extensions>
          <ns3:TrackPointExtension>
            <ns3:hr>134</ns3:hr>
            <ns3:cad>90</ns3:cad>
          </ns3:TrackPointExtension>
        </extensions>
      </trkpt>
      <trkpt lat="39.14580364711582660675048828125" lon="117.1881545148789882659912109375">
        <ele>6.19999980926513671875</ele>
        <time>2026-05-31T21:16:00.000Z</time>
        <extensions>
          <ns3:TrackPointExtension>
            <ns3:hr>134</ns3:hr>
            <ns3:cad>90</ns3:cad>
          </ns3:TrackPointExtension>
        </extensions>
      </trkpt>
      <trkpt lat="39.1458184830844402313232421875" lon="117.18817722983658313751220703125">
        <ele>6.19999980926513671875</ele>
        <time>2026-05-31T21:16:01.000Z</time>
        <extensions>
          <ns3:TrackPointExtension>
            <ns3:hr>134</ns3:hr>
            <ns3:cad>90</ns3:cad>
          </ns3:TrackPointExtension>
        </extensions>
      </trkpt>
      <trkpt lat="39.1458282060921192169189453125" lon="117.18821193091571331024169921875">
        <ele>6.19999980926513671875</ele>
        <time>2026-05-31T21:16:02.000Z</time>
        <extensions>
          <ns3:TrackPointExtension>
            <ns3:hr>135</ns3:hr>
            <ns3:cad>90</ns3:cad>
          </ns3:TrackPointExtension>
        </extensions>
      </trkpt>
      <trkpt lat="39.1458426229655742645263671875" lon="117.1882331371307373046875">
        <ele>6.19999980926513671875</ele>
        <time>2026-05-31T21:16:03.000Z</time>
        <extensions>
          <ns3:TrackPointExtension>
            <ns3:hr>135</ns3:hr>
            <ns3:cad>90</ns3:cad>
          </ns3:TrackPointExtension>
        </extensions>
      </trkpt>
      <trkpt lat="39.1458540223538875579833984375" lon="117.18826540745794773101806640625">
        <ele>6.19999980926513671875</ele>
        <time>2026-05-31T21:16:04.000Z</time>
        <extensions>
          <ns3:TrackPointExtension>
            <ns3:hr>135</ns3:hr>
            <ns3:cad>90</ns3:cad>
          </ns3:TrackPointExtension>
        </extensions>
      </trkpt>
      <trkpt lat="39.1458681039512157440185546875" lon="117.1882869489490985870361328125">
        <ele>6.19999980926513671875</ele>
        <time>2026-05-31T21:16:05.000Z</time>
        <extensions>
          <ns3:TrackPointExtension>
            <ns3:hr>134</ns3:hr>
            <ns3:cad>90</ns3:cad>
          </ns3:TrackPointExtension>
        </extensions>
      </trkpt>
      <trkpt lat="39.14587623439729213714599609375" lon="117.1883174590766429901123046875">
        <ele>6.19999980926513671875</ele>
        <time>2026-05-31T21:16:06.000Z</time>
        <extensions>
          <ns3:TrackPointExtension>
            <ns3:hr>135</ns3:hr>
            <ns3:cad>90</ns3:cad>
          </ns3:TrackPointExtension>
        </extensions>
      </trkpt>
      <trkpt lat="39.1458885557949542999267578125" lon="117.18834436498582363128662109375">
        <ele>6.19999980926513671875</ele>
        <time>2026-05-31T21:16:07.000Z</time>
        <extensions>
          <ns3:TrackPointExtension>
            <ns3:hr>135</ns3:hr>
            <ns3:cad>91</ns3:cad>
          </ns3:TrackPointExtension>
        </extensions>
      </trkpt>
      <trkpt lat="39.1458982788026332855224609375" lon="117.18837655149400234222412109375">
        <ele>6.19999980926513671875</ele>
        <time>2026-05-31T21:16:08.000Z</time>
        <extensions>
          <ns3:TrackPointExtension>
            <ns3:hr>135</ns3:hr>
            <ns3:cad>92</ns3:cad>
          </ns3:TrackPointExtension>
        </extensions>
      </trkpt>
      <trkpt lat="39.1459113545715808868408203125" lon="117.1884076483547687530517578125">
        <ele>6.19999980926513671875</ele>
        <time>2026-05-31T21:16:09.000Z</time>
        <extensions>
          <ns3:TrackPointExtension>
            <ns3:hr>135</ns3:hr>
            <ns3:cad>92</ns3:cad>
          </ns3:TrackPointExtension>
        </extensions>
      </trkpt>
      <trkpt lat="39.14592099376022815704345703125" lon="117.188439331948757171630859375">
        <ele>6.19999980926513671875</ele>
        <time>2026-05-31T21:16:10.000Z</time>
        <extensions>
          <ns3:TrackPointExtension>
            <ns3:hr>135</ns3:hr>
            <ns3:cad>92</ns3:cad>
          </ns3:TrackPointExtension>
        </extensions>
      </trkpt>
      <trkpt lat="39.14593490771949291229248046875" lon="117.188470177352428436279296875">
        <ele>6.19999980926513671875</ele>
        <time>2026-05-31T21:16:11.000Z</time>
        <extensions>
          <ns3:TrackPointExtension>
            <ns3:hr>135</ns3:hr>
            <ns3:cad>92</ns3:cad>
          </ns3:TrackPointExtension>
        </extensions>
      </trkpt>
      <trkpt lat="39.1459499113261699676513671875" lon="117.1884985081851482391357421875">
        <ele>6.19999980926513671875</ele>
        <time>2026-05-31T21:16:12.000Z</time>
        <extensions>
          <ns3:TrackPointExtension>
            <ns3:hr>134</ns3:hr>
            <ns3:cad>93</ns3:cad>
          </ns3:TrackPointExtension>
        </extensions>
      </trkpt>
      <trkpt lat="39.14596189744770526885986328125" lon="117.18852926976978778839111328125">
        <ele>6</ele>
        <time>2026-05-31T21:16:13.000Z</time>
        <extensions>
          <ns3:TrackPointExtension>
            <ns3:hr>135</ns3:hr>
            <ns3:cad>93</ns3:cad>
          </ns3:TrackPointExtension>
        </extensions>
      </trkpt>
      <trkpt lat="39.14597832597792148590087890625" lon="117.18855676241219043731689453125">
        <ele>6</ele>
        <time>2026-05-31T21:16:14.000Z</time>
        <extensions>
          <ns3:TrackPointExtension>
            <ns3:hr>135</ns3:hr>
            <ns3:cad>92</ns3:cad>
          </ns3:TrackPointExtension>
        </extensions>
      </trkpt>
      <trkpt lat="39.1459918208420276641845703125" lon="117.18858878128230571746826171875">
        <ele>6</ele>
        <time>2026-05-31T21:16:15.000Z</time>
        <extensions>
          <ns3:TrackPointExtension>
            <ns3:hr>135</ns3:hr>
            <ns3:cad>92</ns3:cad>
          </ns3:TrackPointExtension>
        </extensions>
      </trkpt>
      <trkpt lat="39.14600573480129241943359375" lon="117.188618369400501251220703125">
        <ele>5.80000019073486328125</ele>
        <time>2026-05-31T21:16:16.000Z</time>
        <extensions>
          <ns3:TrackPointExtension>
            <ns3:hr>135</ns3:hr>
            <ns3:cad>92</ns3:cad>
          </ns3:TrackPointExtension>
        </extensions>
      </trkpt>
      <trkpt lat="39.1460184752941131591796875" lon="117.188646532595157623291015625">
        <ele>5.80000019073486328125</ele>
        <time>2026-05-31T21:16:17.000Z</time>
        <extensions>
          <ns3:TrackPointExtension>
            <ns3:hr>135</ns3:hr>
            <ns3:cad>92</ns3:cad>
          </ns3:TrackPointExtension>
        </extensions>
      </trkpt>
      <trkpt lat="39.14603364653885364532470703125" lon="117.18867545016109943389892578125">
        <ele>5.599999904632568359375</ele>
        <time>2026-05-31T21:16:18.000Z</time>
        <extensions>
          <ns3:TrackPointExtension>
            <ns3:hr>135</ns3:hr>
            <ns3:cad>92</ns3:cad>
          </ns3:TrackPointExtension>
        </extensions>
      </trkpt>
      <trkpt lat="39.1460464708507061004638671875" lon="117.188706211745738983154296875">
        <ele>5.599999904632568359375</ele>
        <time>2026-05-31T21:16:19.000Z</time>
        <extensions>
          <ns3:TrackPointExtension>
            <ns3:hr>134</ns3:hr>
            <ns3:cad>91</ns3:cad>
          </ns3:TrackPointExtension>
        </extensions>
      </trkpt>
      <trkpt lat="39.14605963043868541717529296875" lon="117.188737057149410247802734375">
        <ele>5.599999904632568359375</ele>
        <time>2026-05-31T21:16:20.000Z</time>
        <extensions>
          <ns3:TrackPointExtension>
            <ns3:hr>134</ns3:hr>
            <ns3:cad>91</ns3:cad>
          </ns3:TrackPointExtension>
        </extensions>
      </trkpt>
      <trkpt lat="39.14604739286005496978759765625" lon="117.18877871520817279815673828125">
        <ele>5.599999904632568359375</ele>
        <time>2026-05-31T21:16:21.000Z</time>
        <extensions>
          <ns3:TrackPointExtension>
            <ns3:hr>134</ns3:hr>
            <ns3:cad>91</ns3:cad>
          </ns3:TrackPointExtension>
        </extensions>
      </trkpt>
      <trkpt lat="39.146032892167568206787109375" lon="117.1888066269457340240478515625">
        <ele>5.400000095367431640625</ele>
        <time>2026-05-31T21:16:22.000Z</time>
        <extensions>
          <ns3:TrackPointExtension>
            <ns3:hr>134</ns3:hr>
            <ns3:cad>90</ns3:cad>
          </ns3:TrackPointExtension>
        </extensions>
      </trkpt>
      <trkpt lat="39.14600481279194355010986328125" lon="117.18883051536977291107177734375">
        <ele>5.400000095367431640625</ele>
        <time>2026-05-31T21:16:23.000Z</time>
        <extensions>
          <ns3:TrackPointExtension>
            <ns3:hr>134</ns3:hr>
            <ns3:cad>90</ns3:cad>
          </ns3:TrackPointExtension>
        </extensions>
      </trkpt>
      <trkpt lat="39.1459809243679046630859375" lon="117.1888478659093379974365234375">
        <ele>5.400000095367431640625</ele>
        <time>2026-05-31T21:16:24.000Z</time>
        <extensions>
          <ns3:TrackPointExtension>
            <ns3:hr>134</ns3:hr>
            <ns3:cad>90</ns3:cad>
          </ns3:TrackPointExtension>
        </extensions>
      </trkpt>
      <trkpt lat="39.1459599696099758148193359375" lon="117.18885633163154125213623046875">
        <ele>5.400000095367431640625</ele>
        <time>2026-05-31T21:16:25.000Z</time>
        <extensions>
          <ns3:TrackPointExtension>
            <ns3:hr>134</ns3:hr>
            <ns3:cad>93</ns3:cad>
          </ns3:TrackPointExtension>
        </extensions>
      </trkpt>
      <trkpt lat="39.14593725465238094329833984375" lon="117.18887644819915294647216796875">
        <ele>5.19999980926513671875</ele>
        <time>2026-05-31T21:16:26.000Z</time>
        <extensions>
          <ns3:TrackPointExtension>
            <ns3:hr>134</ns3:hr>
            <ns3:cad>93</ns3:cad>
          </ns3:TrackPointExtension>
        </extensions>
      </trkpt>
      <trkpt lat="39.14591277949512004852294921875" lon="117.18888784758746623992919921875">
        <ele>5.19999980926513671875</ele>
        <time>2026-05-31T21:16:27.000Z</time>
        <extensions>
          <ns3:TrackPointExtension>
            <ns3:hr>133</ns3:hr>
            <ns3:cad>93</ns3:cad>
          </ns3:TrackPointExtension>
        </extensions>
      </trkpt>
      <trkpt lat="39.14588998071849346160888671875" lon="117.18890310265123844146728515625">
        <ele>5.19999980926513671875</ele>
        <time>2026-05-31T21:16:28.000Z</time>
        <extensions>
          <ns3:TrackPointExtension>
            <ns3:hr>133</ns3:hr>
            <ns3:cad>93</ns3:cad>
          </ns3:TrackPointExtension>
        </extensions>
      </trkpt>
      <trkpt lat="39.14586533792316913604736328125" lon="117.18891064636409282684326171875">
        <ele>5</ele>
        <time>2026-05-31T21:16:29.000Z</time>
        <extensions>
          <ns3:TrackPointExtension>
            <ns3:hr>133</ns3:hr>
            <ns3:cad>93</ns3:cad>
          </ns3:TrackPointExtension>
        </extensions>
      </trkpt>
      <trkpt lat="39.14584388025104999542236328125" lon="117.1889246441423892974853515625">
        <ele>5</ele>
        <time>2026-05-31T21:16:30.000Z</time>
        <extensions>
          <ns3:TrackPointExtension>
            <ns3:hr>133</ns3:hr>
            <ns3:cad>93</ns3:cad>
          </ns3:TrackPointExtension>
        </extensions>
      </trkpt>
      <trkpt lat="39.1458198241889476776123046875" lon="117.1889353729784488677978515625">
        <ele>5</ele>
        <time>2026-05-31T21:16:31.000Z</time>
        <extensions>
          <ns3:TrackPointExtension>
            <ns3:hr>132</ns3:hr>
            <ns3:cad>93</ns3:cad>
          </ns3:TrackPointExtension>
        </extensions>
      </trkpt>
      <trkpt lat="39.145797528326511383056640625" lon="117.18895188532769680023193359375">
        <ele>4.80000019073486328125</ele>
        <time>2026-05-31T21:16:32.000Z</time>
        <extensions>
          <ns3:TrackPointExtension>
            <ns3:hr>132</ns3:hr>
            <ns3:cad>93</ns3:cad>
          </ns3:TrackPointExtension>
        </extensions>
      </trkpt>
      <trkpt lat="39.1457735560834407806396484375" lon="117.188965380191802978515625">
        <ele>5</ele>
        <time>2026-05-31T21:16:33.000Z</time>
        <extensions>
          <ns3:TrackPointExtension>
            <ns3:hr>131</ns3:hr>
            <ns3:cad>93</ns3:cad>
          </ns3:TrackPointExtension>
        </extensions>
      </trkpt>
      <trkpt lat="39.1457448899745941162109375" lon="117.188977785408496856689453125">
        <ele>4.80000019073486328125</ele>
        <time>2026-05-31T21:16:34.000Z</time>
        <extensions>
          <ns3:TrackPointExtension>
            <ns3:hr>131</ns3:hr>
            <ns3:cad>92</ns3:cad>
          </ns3:TrackPointExtension>
        </extensions>
      </trkpt>
      <trkpt lat="39.1457286290824413299560546875" lon="117.18899647705256938934326171875">
        <ele>4.80000019073486328125</ele>
        <time>2026-05-31T21:16:35.000Z</time>
        <extensions>
          <ns3:TrackPointExtension>
            <ns3:hr>131</ns3:hr>
            <ns3:cad>92</ns3:cad>
          </ns3:TrackPointExtension>
        </extensions>
      </trkpt>
      <trkpt lat="39.14569795131683349609375" lon="117.18901290558278560638427734375">
        <ele>4.80000019073486328125</ele>
        <time>2026-05-31T21:16:36.000Z</time>
        <extensions>
          <ns3:TrackPointExtension>
            <ns3:hr>130</ns3:hr>
            <ns3:cad>92</ns3:cad>
          </ns3:TrackPointExtension>
        </extensions>
      </trkpt>
      <trkpt lat="39.1456813551485538482666015625" lon="117.1890326030552387237548828125">
        <ele>4.80000019073486328125</ele>
        <time>2026-05-31T21:16:37.000Z</time>
        <extensions>
          <ns3:TrackPointExtension>
            <ns3:hr>130</ns3:hr>
            <ns3:cad>92</ns3:cad>
          </ns3:TrackPointExtension>
        </extensions>
      </trkpt>
      <trkpt lat="39.1456474922597408294677734375" lon="117.189048863947391510009765625">
        <ele>4.599999904632568359375</ele>
        <time>2026-05-31T21:16:38.000Z</time>
        <extensions>
          <ns3:TrackPointExtension>
            <ns3:hr>130</ns3:hr>
            <ns3:cad>92</ns3:cad>
          </ns3:TrackPointExtension>
        </extensions>
      </trkpt>
      <trkpt lat="39.14562745951116085052490234375" lon="117.18906487338244915008544921875">
        <ele>4.599999904632568359375</ele>
        <time>2026-05-31T21:16:39.000Z</time>
        <extensions>
          <ns3:TrackPointExtension>
            <ns3:hr>129</ns3:hr>
            <ns3:cad>92</ns3:cad>
          </ns3:TrackPointExtension>
        </extensions>
      </trkpt>
      <trkpt lat="39.145598709583282470703125" lon="117.18907845206558704376220703125">
        <ele>4.400000095367431640625</ele>
        <time>2026-05-31T21:16:40.000Z</time>
        <extensions>
          <ns3:TrackPointExtension>
            <ns3:hr>130</ns3:hr>
            <ns3:cad>92</ns3:cad>
          </ns3:TrackPointExtension>
        </extensions>
      </trkpt>
      <trkpt lat="39.145573563873767852783203125" lon="117.1890916116535663604736328125">
        <ele>4.400000095367431640625</ele>
        <time>2026-05-31T21:16:41.000Z</time>
        <extensions>
          <ns3:TrackPointExtension>
            <ns3:hr>130</ns3:hr>
            <ns3:cad>92</ns3:cad>
          </ns3:TrackPointExtension>
        </extensions>
      </trkpt>
      <trkpt lat="39.14554581977427005767822265625" lon="117.18910275958478450775146484375">
        <ele>4.19999980926513671875</ele>
        <time>2026-05-31T21:16:42.000Z</time>
        <extensions>
          <ns3:TrackPointExtension>
            <ns3:hr>130</ns3:hr>
            <ns3:cad>91</ns3:cad>
          </ns3:TrackPointExtension>
        </extensions>
      </trkpt>
      <trkpt lat="39.14552117697894573211669921875" lon="117.18911482952535152435302734375">
        <ele>4</ele>
        <time>2026-05-31T21:16:43.000Z</time>
        <extensions>
          <ns3:TrackPointExtension>
            <ns3:hr>129</ns3:hr>
            <ns3:cad>91</ns3:cad>
          </ns3:TrackPointExtension>
        </extensions>
      </trkpt>
      <trkpt lat="39.14549720473587512969970703125" lon="117.189127989113330841064453125">
        <ele>4</ele>
        <time>2026-05-31T21:16:44.000Z</time>
        <extensions>
          <ns3:TrackPointExtension>
            <ns3:hr>129</ns3:hr>
            <ns3:cad>91</ns3:cad>
          </ns3:TrackPointExtension>
        </extensions>
      </trkpt>
      <trkpt lat="39.14547373540699481964111328125" lon="117.18913947232067584991455078125">
        <ele>4</ele>
        <time>2026-05-31T21:16:45.000Z</time>
        <extensions>
          <ns3:TrackPointExtension>
            <ns3:hr>129</ns3:hr>
            <ns3:cad>91</ns3:cad>
          </ns3:TrackPointExtension>
        </extensions>
      </trkpt>
      <trkpt lat="39.1454496793448925018310546875" lon="117.18915003351867198944091796875">
        <ele>3.7999999523162841796875</ele>
        <time>2026-05-31T21:16:46.000Z</time>
        <extensions>
          <ns3:TrackPointExtension>
            <ns3:hr>129</ns3:hr>
            <ns3:cad>91</ns3:cad>
          </ns3:TrackPointExtension>
        </extensions>
      </trkpt>
      <trkpt lat="39.14542797021567821502685546875" lon="117.18915489502251148223876953125">
        <ele>3.7999999523162841796875</ele>
        <time>2026-05-31T21:16:47.000Z</time>
        <extensions>
          <ns3:TrackPointExtension>
            <ns3:hr>129</ns3:hr>
            <ns3:cad>91</ns3:cad>
          </ns3:TrackPointExtension>
        </extensions>
      </trkpt>
      <trkpt lat="39.14540701545774936676025390625" lon="117.18916394747793674468994140625">
        <ele>3.7999999523162841796875</ele>
        <time>2026-05-31T21:16:48.000Z</time>
        <extensions>
          <ns3:TrackPointExtension>
            <ns3:hr>129</ns3:hr>
            <ns3:cad>93</ns3:cad>
          </ns3:TrackPointExtension>
        </extensions>
      </trkpt>
      <trkpt lat="39.1453876532614231109619140625" lon="117.1891786158084869384765625">
        <ele>3.7999999523162841796875</ele>
        <time>2026-05-31T21:16:49.000Z</time>
        <extensions>
          <ns3:TrackPointExtension>
            <ns3:hr>129</ns3:hr>
            <ns3:cad>93</ns3:cad>
          </ns3:TrackPointExtension>
        </extensions>
      </trkpt>
      <trkpt lat="39.145363010466098785400390625" lon="117.1891898475587368011474609375">
        <ele>3.7999999523162841796875</ele>
        <time>2026-05-31T21:16:50.000Z</time>
        <extensions>
          <ns3:TrackPointExtension>
            <ns3:hr>129</ns3:hr>
            <ns3:cad>93</ns3:cad>
          </ns3:TrackPointExtension>
        </extensions>
      </trkpt>
      <trkpt lat="39.1453323327004909515380859375" lon="117.18920434825122356414794921875">
        <ele>3.7999999523162841796875</ele>
        <time>2026-05-31T21:16:51.000Z</time>
        <extensions>
          <ns3:TrackPointExtension>
            <ns3:hr>128</ns3:hr>
            <ns3:cad>93</ns3:cad>
          </ns3:TrackPointExtension>
        </extensions>
      </trkpt>
      <trkpt lat="39.14530576206743717193603515625" lon="117.18921641819179058074951171875">
        <ele>3.7999999523162841796875</ele>
        <time>2026-05-31T21:16:52.000Z</time>
        <extensions>
          <ns3:TrackPointExtension>
            <ns3:hr>129</ns3:hr>
            <ns3:cad>94</ns3:cad>
          </ns3:TrackPointExtension>
        </extensions>
      </trkpt>
      <trkpt lat="39.14527223445475101470947265625" lon="117.189226560294628143310546875">
        <ele>3.7999999523162841796875</ele>
        <time>2026-05-31T21:16:53.000Z</time>
        <extensions>
          <ns3:TrackPointExtension>
            <ns3:hr>129</ns3:hr>
            <ns3:cad>94</ns3:cad>
          </ns3:TrackPointExtension>
        </extensions>
      </trkpt>
      <trkpt lat="39.145249016582965850830078125" lon="117.18923619948327541351318359375">
        <ele>3.7999999523162841796875</ele>
        <time>2026-05-31T21:16:54.000Z</time>
        <extensions>
          <ns3:TrackPointExtension>
            <ns3:hr>128</ns3:hr>
            <ns3:cad>92</ns3:cad>
          </ns3:TrackPointExtension>
        </extensions>
      </trkpt>
      <trkpt lat="39.14521674625575542449951171875" lon="117.18924491666257381439208984375">
        <ele>3.7999999523162841796875</ele>
        <time>2026-05-31T21:16:55.000Z</time>
        <extensions>
          <ns3:TrackPointExtension>
            <ns3:hr>129</ns3:hr>
            <ns3:cad>92</ns3:cad>
          </ns3:TrackPointExtension>
        </extensions>
      </trkpt>
      <trkpt lat="39.145198054611682891845703125" lon="117.18925698660314083099365234375">
        <ele>3.7999999523162841796875</ele>
        <time>2026-05-31T21:16:56.000Z</time>
        <extensions>
          <ns3:TrackPointExtension>
            <ns3:hr>129</ns3:hr>
            <ns3:cad>91</ns3:cad>
          </ns3:TrackPointExtension>
        </extensions>
      </trkpt>
      <trkpt lat="39.1451708972454071044921875" lon="117.1892602555453777313232421875">
        <ele>3.7999999523162841796875</ele>
        <time>2026-05-31T21:16:57.000Z</time>
        <extensions>
          <ns3:TrackPointExtension>
            <ns3:hr>129</ns3:hr>
            <ns3:cad>91</ns3:cad>
          </ns3:TrackPointExtension>
        </extensions>
      </trkpt>
      <trkpt lat="39.1451519541442394256591796875" lon="117.18926754780113697052001953125">
        <ele>3.599999904632568359375</ele>
        <time>2026-05-31T21:16:58.000Z</time>
        <extensions>
          <ns3:TrackPointExtension>
            <ns3:hr>128</ns3:hr>
            <ns3:cad>91</ns3:cad>
          </ns3:TrackPointExtension>
        </extensions>
      </trkpt>
      <trkpt lat="39.14512454532086849212646484375" lon="117.18927542679011821746826171875">
        <ele>3.599999904632568359375</ele>
        <time>2026-05-31T21:16:59.000Z</time>
        <extensions>
          <ns3:TrackPointExtension>
            <ns3:hr>128</ns3:hr>
            <ns3:cad>92</ns3:cad>
          </ns3:TrackPointExtension>
        </extensions>
      </trkpt>
      <trkpt lat="39.14510359056293964385986328125" lon="117.1892867423593997955322265625">
        <ele>3.599999904632568359375</ele>
        <time>2026-05-31T21:17:00.000Z</time>
        <extensions>
          <ns3:TrackPointExtension>
            <ns3:hr>128</ns3:hr>
            <ns3:cad>92</ns3:cad>
          </ns3:TrackPointExtension>
        </extensions>
      </trkpt>
      <trkpt lat="39.1450738348066806793212890625" lon="117.1892957948148250579833984375">
        <ele>3.599999904632568359375</ele>
        <time>2026-05-31T21:17:01.000Z</time>
        <extensions>
          <ns3:TrackPointExtension>
            <ns3:hr>128</ns3:hr>
            <ns3:cad>92</ns3:cad>
          </ns3:TrackPointExtension>
        </extensions>
      </trkpt>
      <trkpt lat="39.14505422115325927734375" lon="117.1893098764121532440185546875">
        <ele>3.400000095367431640625</ele>
        <time>2026-05-31T21:17:02.000Z</time>
        <extensions>
          <ns3:TrackPointExtension>
            <ns3:hr>128</ns3:hr>
            <ns3:cad>92</ns3:cad>
          </ns3:TrackPointExtension>
        </extensions>
      </trkpt>
      <trkpt lat="39.1450258903205394744873046875" lon="117.1893138997256755828857421875">
        <ele>3.400000095367431640625</ele>
        <time>2026-05-31T21:17:03.000Z</time>
        <extensions>
          <ns3:TrackPointExtension>
            <ns3:hr>127</ns3:hr>
            <ns3:cad>92</ns3:cad>
          </ns3:TrackPointExtension>
        </extensions>
      </trkpt>
      <trkpt lat="39.14500392973423004150390625" lon="117.18932278454303741455078125">
        <ele>3.400000095367431640625</ele>
        <time>2026-05-31T21:17:04.000Z</time>
        <extensions>
          <ns3:TrackPointExtension>
            <ns3:hr>128</ns3:hr>
            <ns3:cad>90</ns3:cad>
          </ns3:TrackPointExtension>
        </extensions>
      </trkpt>
      <trkpt lat="39.14497652091085910797119140625" lon="117.189322449266910552978515625">
        <ele>3.400000095367431640625</ele>
        <time>2026-05-31T21:17:05.000Z</time>
        <extensions>
          <ns3:TrackPointExtension>
            <ns3:hr>127</ns3:hr>
            <ns3:cad>90</ns3:cad>
          </ns3:TrackPointExtension>
        </extensions>
      </trkpt>
      <trkpt lat="39.14495204575359821319580078125" lon="117.18932873569428920745849609375">
        <ele>3.400000095367431640625</ele>
        <time>2026-05-31T21:17:06.000Z</time>
        <extensions>
          <ns3:TrackPointExtension>
            <ns3:hr>127</ns3:hr>
            <ns3:cad>91</ns3:cad>
          </ns3:TrackPointExtension>
        </extensions>
      </trkpt>
      <trkpt lat="39.14492614567279815673828125" lon="117.18933108262717723846435546875">
        <ele>3.400000095367431640625</ele>
        <time>2026-05-31T21:17:07.000Z</time>
        <extensions>
          <ns3:TrackPointExtension>
            <ns3:hr>127</ns3:hr>
            <ns3:cad>91</ns3:cad>
          </ns3:TrackPointExtension>
        </extensions>
      </trkpt>
      <trkpt lat="39.14489806629717350006103515625" lon="117.189341224730014801025390625">
        <ele>3.400000095367431640625</ele>
        <time>2026-05-31T21:17:08.000Z</time>
        <extensions>
          <ns3:TrackPointExtension>
            <ns3:hr>128</ns3:hr>
            <ns3:cad>91</ns3:cad>
          </ns3:TrackPointExtension>
        </extensions>
      </trkpt>
      <trkpt lat="39.144877530634403228759765625" lon="117.18935103155672550201416015625">
        <ele>3.400000095367431640625</ele>
        <time>2026-05-31T21:17:09.000Z</time>
        <extensions>
          <ns3:TrackPointExtension>
            <ns3:hr>127</ns3:hr>
            <ns3:cad>91</ns3:cad>
          </ns3:TrackPointExtension>
        </extensions>
      </trkpt>
      <trkpt lat="39.14484844543039798736572265625" lon="117.18936167657375335693359375">
        <ele>3.2000000476837158203125</ele>
        <time>2026-05-31T21:17:10.000Z</time>
        <extensions>
          <ns3:TrackPointExtension>
            <ns3:hr>127</ns3:hr>
            <ns3:cad>92</ns3:cad>
          </ns3:TrackPointExtension>
        </extensions>
      </trkpt>
      <trkpt lat="39.14482690393924713134765625" lon="117.18937383033335208892822265625">
        <ele>3.2000000476837158203125</ele>
        <time>2026-05-31T21:17:11.000Z</time>
        <extensions>
          <ns3:TrackPointExtension>
            <ns3:hr>127</ns3:hr>
            <ns3:cad>92</ns3:cad>
          </ns3:TrackPointExtension>
        </extensions>
      </trkpt>
      <trkpt lat="39.14479672908782958984375" lon="117.1893812902271747589111328125">
        <ele>3.400000095367431640625</ele>
        <time>2026-05-31T21:17:12.000Z</time>
        <extensions>
          <ns3:TrackPointExtension>
            <ns3:hr>127</ns3:hr>
            <ns3:cad>92</ns3:cad>
          </ns3:TrackPointExtension>
        </extensions>
      </trkpt>
      <trkpt lat="39.144775606691837310791015625" lon="117.18939310871064662933349609375">
        <ele>3.400000095367431640625</ele>
        <time>2026-05-31T21:17:13.000Z</time>
        <extensions>
          <ns3:TrackPointExtension>
            <ns3:hr>127</ns3:hr>
            <ns3:cad>92</ns3:cad>
          </ns3:TrackPointExtension>
        </extensions>
      </trkpt>
      <trkpt lat="39.14474300108850002288818359375" lon="117.18939310871064662933349609375">
        <ele>3.2000000476837158203125</ele>
        <time>2026-05-31T21:17:14.000Z</time>
        <extensions>
          <ns3:TrackPointExtension>
            <ns3:hr>127</ns3:hr>
            <ns3:cad>92</ns3:cad>
          </ns3:TrackPointExtension>
        </extensions>
      </trkpt>
      <trkpt lat="39.14472422562539577484130859375" lon="117.18940534628927707672119140625">
        <ele>3.2000000476837158203125</ele>
        <time>2026-05-31T21:17:15.000Z</time>
        <extensions>
          <ns3:TrackPointExtension>
            <ns3:hr>127</ns3:hr>
            <ns3:cad>92</ns3:cad>
          </ns3:TrackPointExtension>
        </extensions>
      </trkpt>
      <trkpt lat="39.14469505660235881805419921875" lon="117.18940258026123046875">
        <ele>3.2000000476837158203125</ele>
        <time>2026-05-31T21:17:16.000Z</time>
        <extensions>
          <ns3:TrackPointExtension>
            <ns3:hr>127</ns3:hr>
            <ns3:cad>92</ns3:cad>
          </ns3:TrackPointExtension>
        </extensions>
      </trkpt>
      <trkpt lat="39.1446755267679691314697265625" lon="117.189405262470245361328125">
        <ele>3.2000000476837158203125</ele>
        <time>2026-05-31T21:17:17.000Z</time>
        <extensions>
          <ns3:TrackPointExtension>
            <ns3:hr>127</ns3:hr>
            <ns3:cad>92</ns3:cad>
          </ns3:TrackPointExtension>
        </extensions>
      </trkpt>
      <trkpt lat="39.14465063251554965972900390625" lon="117.18940886668860912322998046875">
        <ele>3.2000000476837158203125</ele>
        <time>2026-05-31T21:17:18.000Z</time>
        <extensions>
          <ns3:TrackPointExtension>
            <ns3:hr>127</ns3:hr>
            <ns3:cad>92</ns3:cad>
          </ns3:TrackPointExtension>
        </extensions>
      </trkpt>
      <trkpt lat="39.14463386870920658111572265625" lon="117.18941540457308292388916015625">
        <ele>3.2000000476837158203125</ele>
        <time>2026-05-31T21:17:19.000Z</time>
        <extensions>
          <ns3:TrackPointExtension>
            <ns3:hr>128</ns3:hr>
            <ns3:cad>92</ns3:cad>
          </ns3:TrackPointExtension>
        </extensions>
      </trkpt>
      <trkpt lat="39.14460553787648677825927734375" lon="117.18941540457308292388916015625">
        <ele>3.2000000476837158203125</ele>
        <time>2026-05-31T21:17:20.000Z</time>
        <extensions>
          <ns3:TrackPointExtension>
            <ns3:hr>127</ns3:hr>
            <ns3:cad>92</ns3:cad>
          </ns3:TrackPointExtension>
        </extensions>
      </trkpt>
      <trkpt lat="39.14458659477531909942626953125" lon="117.18942068517208099365234375">
        <ele>3.2000000476837158203125</ele>
        <time>2026-05-31T21:17:21.000Z</time>
        <extensions>
          <ns3:TrackPointExtension>
            <ns3:hr>127</ns3:hr>
            <ns3:cad>92</ns3:cad>
          </ns3:TrackPointExtension>
        </extensions>
      </trkpt>
      <trkpt lat="39.144558012485504150390625" lon="117.1894119679927825927734375">
        <ele>3.400000095367431640625</ele>
        <time>2026-05-31T21:17:22.000Z</time>
        <extensions>
          <ns3:TrackPointExtension>
            <ns3:hr>128</ns3:hr>
            <ns3:cad>92</ns3:cad>
          </ns3:TrackPointExtension>
        </extensions>
      </trkpt>
      <trkpt lat="39.14453228004276752471923828125" lon="117.1894173324108123779296875">
        <ele>3.400000095367431640625</ele>
        <time>2026-05-31T21:17:23.000Z</time>
        <extensions>
          <ns3:TrackPointExtension>
            <ns3:hr>128</ns3:hr>
            <ns3:cad>92</ns3:cad>
          </ns3:TrackPointExtension>
        </extensions>
      </trkpt>
      <trkpt lat="39.14450562559068202972412109375" lon="117.1894146502017974853515625">
        <ele>3.2000000476837158203125</ele>
        <time>2026-05-31T21:17:24.000Z</time>
        <extensions>
          <ns3:TrackPointExtension>
            <ns3:hr>128</ns3:hr>
            <ns3:cad>92</ns3:cad>
          </ns3:TrackPointExtension>
        </extensions>
      </trkpt>
      <trkpt lat="39.14448400028049945831298828125" lon="117.18941389583051204681396484375">
        <ele>3.400000095367431640625</ele>
        <time>2026-05-31T21:17:25.000Z</time>
        <extensions>
          <ns3:TrackPointExtension>
            <ns3:hr>129</ns3:hr>
            <ns3:cad>91</ns3:cad>
          </ns3:TrackPointExtension>
        </extensions>
      </trkpt>
      <trkpt lat="39.14445634000003337860107421875" lon="117.189406268298625946044921875">
        <ele>3.400000095367431640625</ele>
        <time>2026-05-31T21:17:26.000Z</time>
        <extensions>
          <ns3:TrackPointExtension>
            <ns3:hr>130</ns3:hr>
            <ns3:cad>91</ns3:cad>
          </ns3:TrackPointExtension>
        </extensions>
      </trkpt>
      <trkpt lat="39.14443421177566051483154296875" lon="117.1894084475934505462646484375">
        <ele>3.400000095367431640625</ele>
        <time>2026-05-31T21:17:27.000Z</time>
        <extensions>
          <ns3:TrackPointExtension>
            <ns3:hr>130</ns3:hr>
            <ns3:cad>91</ns3:cad>
          </ns3:TrackPointExtension>
        </extensions>
      </trkpt>
      <trkpt lat="39.1444089822471141815185546875" lon="117.18940936960279941558837890625">
        <ele>3.599999904632568359375</ele>
        <time>2026-05-31T21:17:28.000Z</time>
        <extensions>
          <ns3:TrackPointExtension>
            <ns3:hr>130</ns3:hr>
            <ns3:cad>91</ns3:cad>
          </ns3:TrackPointExtension>
        </extensions>
      </trkpt>
      <trkpt lat="39.1443871892988681793212890625" lon="117.18941674567759037017822265625">
        <ele>3.599999904632568359375</ele>
        <time>2026-05-31T21:17:29.000Z</time>
        <extensions>
          <ns3:TrackPointExtension>
            <ns3:hr>130</ns3:hr>
            <ns3:cad>91</ns3:cad>
          </ns3:TrackPointExtension>
        </extensions>
      </trkpt>
      <trkpt lat="39.14436246268451213836669921875" lon="117.18941456638276576995849609375">
        <ele>3.599999904632568359375</ele>
        <time>2026-05-31T21:17:30.000Z</time>
        <extensions>
          <ns3:TrackPointExtension>
            <ns3:hr>130</ns3:hr>
            <ns3:cad>90</ns3:cad>
          </ns3:TrackPointExtension>
        </extensions>
      </trkpt>
      <trkpt lat="39.144337065517902374267578125" lon="117.18941959552466869354248046875">
        <ele>3.599999904632568359375</ele>
        <time>2026-05-31T21:17:31.000Z</time>
        <extensions>
          <ns3:TrackPointExtension>
            <ns3:hr>130</ns3:hr>
            <ns3:cad>90</ns3:cad>
          </ns3:TrackPointExtension>
        </extensions>
      </trkpt>
      <trkpt lat="39.144312925636768341064453125" lon="117.18942110426723957061767578125">
        <ele>3.400000095367431640625</ele>
        <time>2026-05-31T21:17:32.000Z</time>
        <extensions>
          <ns3:TrackPointExtension>
            <ns3:hr>130</ns3:hr>
            <ns3:cad>90</ns3:cad>
          </ns3:TrackPointExtension>
        </extensions>
      </trkpt>
      <trkpt lat="39.144282750785350799560546875" lon="117.18942428939044475555419921875">
        <ele>3.400000095367431640625</ele>
        <time>2026-05-31T21:17:33.000Z</time>
        <extensions>
          <ns3:TrackPointExtension>
            <ns3:hr>130</ns3:hr>
            <ns3:cad>90</ns3:cad>
          </ns3:TrackPointExtension>
        </extensions>
      </trkpt>
      <trkpt lat="39.1442597843706607818603515625" lon="117.1894198469817638397216796875">
        <ele>3.2000000476837158203125</ele>
        <time>2026-05-31T21:17:34.000Z</time>
        <extensions>
          <ns3:TrackPointExtension>
            <ns3:hr>130</ns3:hr>
            <ns3:cad>90</ns3:cad>
          </ns3:TrackPointExtension>
        </extensions>
      </trkpt>
      <trkpt lat="39.1442326270043849945068359375" lon="117.1894258819520473480224609375">
        <ele>3.2000000476837158203125</ele>
        <time>2026-05-31T21:17:35.000Z</time>
        <extensions>
          <ns3:TrackPointExtension>
            <ns3:hr>130</ns3:hr>
            <ns3:cad>90</ns3:cad>
          </ns3:TrackPointExtension>
        </extensions>
      </trkpt>
      <trkpt lat="39.14421142078936100006103515625" lon="117.18942462466657161712646484375">
        <ele>3.2000000476837158203125</ele>
        <time>2026-05-31T21:17:36.000Z</time>
        <extensions>
          <ns3:TrackPointExtension>
            <ns3:hr>129</ns3:hr>
            <ns3:cad>90</ns3:cad>
          </ns3:TrackPointExtension>
        </extensions>
      </trkpt>
      <trkpt lat="39.1441823355853557586669921875" lon="117.18942361883819103240966796875">
        <ele>3.2000000476837158203125</ele>
        <time>2026-05-31T21:17:37.000Z</time>
        <extensions>
          <ns3:TrackPointExtension>
            <ns3:hr>129</ns3:hr>
            <ns3:cad>91</ns3:cad>
          </ns3:TrackPointExtension>
        </extensions>
      </trkpt>
      <trkpt lat="39.14415861479938030242919921875" lon="117.18942311592400074005126953125">
        <ele>3.2000000476837158203125</ele>
        <time>2026-05-31T21:17:38.000Z</time>
        <extensions>
          <ns3:TrackPointExtension>
            <ns3:hr>129</ns3:hr>
            <ns3:cad>92</ns3:cad>
          </ns3:TrackPointExtension>
        </extensions>
      </trkpt>
      <trkpt lat="39.14413154125213623046875" lon="117.1894158236682415008544921875">
        <ele>3.2000000476837158203125</ele>
        <time>2026-05-31T21:17:39.000Z</time>
        <extensions>
          <ns3:TrackPointExtension>
            <ns3:hr>129</ns3:hr>
            <ns3:cad>92</ns3:cad>
          </ns3:TrackPointExtension>
        </extensions>
      </trkpt>
      <trkpt lat="39.144111759960651397705078125" lon="117.18941724859178066253662109375">
        <ele>3.2000000476837158203125</ele>
        <time>2026-05-31T21:17:40.000Z</time>
        <extensions>
          <ns3:TrackPointExtension>
            <ns3:hr>129</ns3:hr>
            <ns3:cad>92</ns3:cad>
          </ns3:TrackPointExtension>
        </extensions>
      </trkpt>
      <trkpt lat="39.1440834291279315948486328125" lon="117.18940434046089649200439453125">
        <ele>3.2000000476837158203125</ele>
        <time>2026-05-31T21:17:41.000Z</time>
        <extensions>
          <ns3:TrackPointExtension>
            <ns3:hr>129</ns3:hr>
            <ns3:cad>92</ns3:cad>
          </ns3:TrackPointExtension>
        </extensions>
      </trkpt>
      <trkpt lat="39.1440602950751781463623046875" lon="117.18939981423318386077880859375">
        <ele>3.2000000476837158203125</ele>
        <time>2026-05-31T21:17:42.000Z</time>
        <extensions>
          <ns3:TrackPointExtension>
            <ns3:hr>129</ns3:hr>
            <ns3:cad>92</ns3:cad>
          </ns3:TrackPointExtension>
        </extensions>
      </trkpt>
      <trkpt lat="39.1440296173095703125" lon="117.1893926896154880523681640625">
        <ele>3.2000000476837158203125</ele>
        <time>2026-05-31T21:17:43.000Z</time>
        <extensions>
          <ns3:TrackPointExtension>
            <ns3:hr>129</ns3:hr>
            <ns3:cad>92</ns3:cad>
          </ns3:TrackPointExtension>
        </extensions>
      </trkpt>
      <trkpt lat="39.14400438778102397918701171875" lon="117.1893906779587268829345703125">
        <ele>3.2000000476837158203125</ele>
        <time>2026-05-31T21:17:44.000Z</time>
        <extensions>
          <ns3:TrackPointExtension>
            <ns3:hr>128</ns3:hr>
            <ns3:cad>91</ns3:cad>
          </ns3:TrackPointExtension>
        </extensions>
      </trkpt>
      <trkpt lat="39.1439754702150821685791015625" lon="117.1893849782645702362060546875">
        <ele>3.400000095367431640625</ele>
        <time>2026-05-31T21:17:45.000Z</time>
        <extensions>
          <ns3:TrackPointExtension>
            <ns3:hr>128</ns3:hr>
            <ns3:cad>91</ns3:cad>
          </ns3:TrackPointExtension>
        </extensions>
      </trkpt>
      <trkpt lat="39.1439489834010601043701171875" lon="117.1893851459026336669921875">
        <ele>3.400000095367431640625</ele>
        <time>2026-05-31T21:17:46.000Z</time>
        <extensions>
          <ns3:TrackPointExtension>
            <ns3:hr>128</ns3:hr>
            <ns3:cad>91</ns3:cad>
          </ns3:TrackPointExtension>
        </extensions>
      </trkpt>
      <trkpt lat="39.14391855709254741668701171875" lon="117.1893829666078090667724609375">
        <ele>3.2000000476837158203125</ele>
        <time>2026-05-31T21:17:47.000Z</time>
        <extensions>
          <ns3:TrackPointExtension>
            <ns3:hr>128</ns3:hr>
            <ns3:cad>92</ns3:cad>
          </ns3:TrackPointExtension>
        </extensions>
      </trkpt>
      <trkpt lat="39.14389693178236484527587890625" lon="117.18938623555004596710205078125">
        <ele>3.2000000476837158203125</ele>
        <time>2026-05-31T21:17:48.000Z</time>
        <extensions>
          <ns3:TrackPointExtension>
            <ns3:hr>128</ns3:hr>
            <ns3:cad>92</ns3:cad>
          </ns3:TrackPointExtension>
        </extensions>
      </trkpt>
      <trkpt lat="39.143865667283535003662109375" lon="117.18938405625522136688232421875">
        <ele>3.2000000476837158203125</ele>
        <time>2026-05-31T21:17:49.000Z</time>
        <extensions>
          <ns3:TrackPointExtension>
            <ns3:hr>128</ns3:hr>
            <ns3:cad>92</ns3:cad>
          </ns3:TrackPointExtension>
        </extensions>
      </trkpt>
      <trkpt lat="39.1438405215740203857421875" lon="117.18938372097909450531005859375">
        <ele>3.2000000476837158203125</ele>
        <time>2026-05-31T21:17:50.000Z</time>
        <extensions>
          <ns3:TrackPointExtension>
            <ns3:hr>128</ns3:hr>
            <ns3:cad>92</ns3:cad>
          </ns3:TrackPointExtension>
        </extensions>
      </trkpt>
      <trkpt lat="39.143815375864505767822265625" lon="117.18937735073268413543701171875">
        <ele>3.400000095367431640625</ele>
        <time>2026-05-31T21:17:51.000Z</time>
        <extensions>
          <ns3:TrackPointExtension>
            <ns3:hr>128</ns3:hr>
            <ns3:cad>92</ns3:cad>
          </ns3:TrackPointExtension>
        </extensions>
      </trkpt>
      <trkpt lat="39.1437930800020694732666015625" lon="117.1893749199807643890380859375">
        <ele>3.400000095367431640625</ele>
        <time>2026-05-31T21:17:52.000Z</time>
        <extensions>
          <ns3:TrackPointExtension>
            <ns3:hr>128</ns3:hr>
            <ns3:cad>92</ns3:cad>
          </ns3:TrackPointExtension>
        </extensions>
      </trkpt>
      <trkpt lat="39.14376902393996715545654296875" lon="117.1893665380775928497314453125">
        <ele>3.400000095367431640625</ele>
        <time>2026-05-31T21:17:53.000Z</time>
        <extensions>
          <ns3:TrackPointExtension>
            <ns3:hr>127</ns3:hr>
            <ns3:cad>91</ns3:cad>
          </ns3:TrackPointExtension>
        </extensions>
      </trkpt>
      <trkpt lat="39.14374689571559429168701171875" lon="117.18936729244887828826904296875">
        <ele>3.400000095367431640625</ele>
        <time>2026-05-31T21:17:54.000Z</time>
        <extensions>
          <ns3:TrackPointExtension>
            <ns3:hr>128</ns3:hr>
            <ns3:cad>91</ns3:cad>
          </ns3:TrackPointExtension>
        </extensions>
      </trkpt>
      <trkpt lat="39.143724180757999420166015625" lon="117.18936595134437084197998046875">
        <ele>3.2000000476837158203125</ele>
        <time>2026-05-31T21:17:55.000Z</time>
        <extensions>
          <ns3:TrackPointExtension>
            <ns3:hr>128</ns3:hr>
            <ns3:cad>91</ns3:cad>
          </ns3:TrackPointExtension>
        </extensions>
      </trkpt>
      <trkpt lat="39.14369828067719936370849609375" lon="117.1893690526485443115234375">
        <ele>3.2000000476837158203125</ele>
        <time>2026-05-31T21:17:56.000Z</time>
        <extensions>
          <ns3:TrackPointExtension>
            <ns3:hr>128</ns3:hr>
            <ns3:cad>91</ns3:cad>
          </ns3:TrackPointExtension>
        </extensions>
      </trkpt>
      <trkpt lat="39.14367648772895336151123046875" lon="117.18936796300113201141357421875">
        <ele>3</ele>
        <time>2026-05-31T21:17:57.000Z</time>
        <extensions>
          <ns3:TrackPointExtension>
            <ns3:hr>128</ns3:hr>
            <ns3:cad>91</ns3:cad>
          </ns3:TrackPointExtension>
        </extensions>
      </trkpt>
      <trkpt lat="39.1436499170958995819091796875" lon="117.1893651969730854034423828125">
        <ele>3.2000000476837158203125</ele>
        <time>2026-05-31T21:17:58.000Z</time>
        <extensions>
          <ns3:TrackPointExtension>
            <ns3:hr>128</ns3:hr>
            <ns3:cad>91</ns3:cad>
          </ns3:TrackPointExtension>
        </extensions>
      </trkpt>
      <trkpt lat="39.14362854324281215667724609375" lon="117.1893541328608989715576171875">
        <ele>3.2000000476837158203125</ele>
        <time>2026-05-31T21:17:59.000Z</time>
        <extensions>
          <ns3:TrackPointExtension>
            <ns3:hr>128</ns3:hr>
            <ns3:cad>91</ns3:cad>
          </ns3:TrackPointExtension>
        </extensions>
      </trkpt>
      <trkpt lat="39.143600799143314361572265625" lon="117.1893475949764251708984375">
        <ele>3.2000000476837158203125</ele>
        <time>2026-05-31T21:18:00.000Z</time>
        <extensions>
          <ns3:TrackPointExtension>
            <ns3:hr>128</ns3:hr>
            <ns3:cad>91</ns3:cad>
          </ns3:TrackPointExtension>
        </extensions>
      </trkpt>
      <trkpt lat="39.1435781680047512054443359375" lon="117.1893423981964588165283203125">
        <ele>3.2000000476837158203125</ele>
        <time>2026-05-31T21:18:01.000Z</time>
        <extensions>
          <ns3:TrackPointExtension>
            <ns3:hr>128</ns3:hr>
            <ns3:cad>91</ns3:cad>
          </ns3:TrackPointExtension>
        </extensions>
      </trkpt>
      <trkpt lat="39.1435479931533336639404296875" lon="117.189340554177761077880859375">
        <ele>3.2000000476837158203125</ele>
        <time>2026-05-31T21:18:02.000Z</time>
        <extensions>
          <ns3:TrackPointExtension>
            <ns3:hr>128</ns3:hr>
            <ns3:cad>92</ns3:cad>
          </ns3:TrackPointExtension>
        </extensions>
      </trkpt>
      <trkpt lat="39.14352427236735820770263671875" lon="117.18933711759746074676513671875">
        <ele>3.2000000476837158203125</ele>
        <time>2026-05-31T21:18:03.000Z</time>
        <extensions>
          <ns3:TrackPointExtension>
            <ns3:hr>127</ns3:hr>
            <ns3:cad>92</ns3:cad>
          </ns3:TrackPointExtension>
        </extensions>
      </trkpt>
      <trkpt lat="39.14349711500108242034912109375" lon="117.189335860311985015869140625">
        <ele>3.2000000476837158203125</ele>
        <time>2026-05-31T21:18:04.000Z</time>
        <extensions>
          <ns3:TrackPointExtension>
            <ns3:hr>128</ns3:hr>
            <ns3:cad>92</ns3:cad>
          </ns3:TrackPointExtension>
        </extensions>
      </trkpt>
      <trkpt lat="39.143473394215106964111328125" lon="117.18933594413101673126220703125">
        <ele>3.2000000476837158203125</ele>
        <time>2026-05-31T21:18:05.000Z</time>
        <extensions>
          <ns3:TrackPointExtension>
            <ns3:hr>128</ns3:hr>
            <ns3:cad>92</ns3:cad>
          </ns3:TrackPointExtension>
        </extensions>
      </trkpt>
      <trkpt lat="39.143442213535308837890625" lon="117.18933527357876300811767578125">
        <ele>3.2000000476837158203125</ele>
        <time>2026-05-31T21:18:06.000Z</time>
        <extensions>
          <ns3:TrackPointExtension>
            <ns3:hr>127</ns3:hr>
            <ns3:cad>92</ns3:cad>
          </ns3:TrackPointExtension>
        </extensions>
      </trkpt>
      <trkpt lat="39.14342100732028484344482421875" lon="117.189335860311985015869140625">
        <ele>3.2000000476837158203125</ele>
        <time>2026-05-31T21:18:07.000Z</time>
        <extensions>
          <ns3:TrackPointExtension>
            <ns3:hr>127</ns3:hr>
            <ns3:cad>92</ns3:cad>
          </ns3:TrackPointExtension>
        </extensions>
      </trkpt>
      <trkpt lat="39.14339116774499416351318359375" lon="117.18933057971298694610595703125">
        <ele>3.2000000476837158203125</ele>
        <time>2026-05-31T21:18:08.000Z</time>
        <extensions>
          <ns3:TrackPointExtension>
            <ns3:hr>128</ns3:hr>
            <ns3:cad>91</ns3:cad>
          </ns3:TrackPointExtension>
        </extensions>
      </trkpt>
      <trkpt lat="39.14337038062512874603271484375" lon="117.18933057971298694610595703125">
        <ele>3.2000000476837158203125</ele>
        <time>2026-05-31T21:18:09.000Z</time>
        <extensions>
          <ns3:TrackPointExtension>
            <ns3:hr>128</ns3:hr>
            <ns3:cad>92</ns3:cad>
          </ns3:TrackPointExtension>
        </extensions>
      </trkpt>
      <trkpt lat="39.14334037341177463531494140625" lon="117.18932412564754486083984375">
        <ele>3.2000000476837158203125</ele>
        <time>2026-05-31T21:18:10.000Z</time>
        <extensions>
          <ns3:TrackPointExtension>
            <ns3:hr>129</ns3:hr>
            <ns3:cad>91</ns3:cad>
          </ns3:TrackPointExtension>
        </extensions>
      </trkpt>
      <trkpt lat="39.14331757463514804840087890625" lon="117.18932370655238628387451171875">
        <ele>3.2000000476837158203125</ele>
        <time>2026-05-31T21:18:11.000Z</time>
        <extensions>
          <ns3:TrackPointExtension>
            <ns3:hr>129</ns3:hr>
            <ns3:cad>91</ns3:cad>
          </ns3:TrackPointExtension>
        </extensions>
      </trkpt>
      <trkpt lat="39.1432854719460010528564453125" lon="117.18931742012500762939453125">
        <ele>3.2000000476837158203125</ele>
        <time>2026-05-31T21:18:12.000Z</time>
        <extensions>
          <ns3:TrackPointExtension>
            <ns3:hr>129</ns3:hr>
            <ns3:cad>91</ns3:cad>
          </ns3:TrackPointExtension>
        </extensions>
      </trkpt>
      <trkpt lat="39.14326242171227931976318359375" lon="117.18931364826858043670654296875">
        <ele>3.2000000476837158203125</ele>
        <time>2026-05-31T21:18:13.000Z</time>
        <extensions>
          <ns3:TrackPointExtension>
            <ns3:hr>130</ns3:hr>
            <ns3:cad>91</ns3:cad>
          </ns3:TrackPointExtension>
        </extensions>
      </trkpt>
      <trkpt lat="39.14322973228991031646728515625" lon="117.18931071460247039794921875">
        <ele>3.2000000476837158203125</ele>
        <time>2026-05-31T21:18:14.000Z</time>
        <extensions>
          <ns3:TrackPointExtension>
            <ns3:hr>130</ns3:hr>
            <ns3:cad>91</ns3:cad>
          </ns3:TrackPointExtension>
        </extensions>
      </trkpt>
      <trkpt lat="39.1432076878845691680908203125" lon="117.18931339681148529052734375">
        <ele>3.2000000476837158203125</ele>
        <time>2026-05-31T21:18:15.000Z</time>
        <extensions>
          <ns3:TrackPointExtension>
            <ns3:hr>130</ns3:hr>
            <ns3:cad>91</ns3:cad>
          </ns3:TrackPointExtension>
        </extensions>
      </trkpt>
      <trkpt lat="39.14317357353866100311279296875" lon="117.1893088705837726593017578125">
        <ele>3.2000000476837158203125</ele>
        <time>2026-05-31T21:18:16.000Z</time>
        <extensions>
          <ns3:TrackPointExtension>
            <ns3:hr>131</ns3:hr>
            <ns3:cad>91</ns3:cad>
          </ns3:TrackPointExtension>
        </extensions>
      </trkpt>
      <trkpt lat="39.143151529133319854736328125" lon="117.189309708774089813232421875">
        <ele>3.2000000476837158203125</ele>
        <time>2026-05-31T21:18:17.000Z</time>
        <extensions>
          <ns3:TrackPointExtension>
            <ns3:hr>131</ns3:hr>
            <ns3:cad>91</ns3:cad>
          </ns3:TrackPointExtension>
        </extensions>
      </trkpt>
      <trkpt lat="39.14312110282480716705322265625" lon="117.18930442817509174346923828125">
        <ele>3.2000000476837158203125</ele>
        <time>2026-05-31T21:18:18.000Z</time>
        <extensions>
          <ns3:TrackPointExtension>
            <ns3:hr>131</ns3:hr>
            <ns3:cad>91</ns3:cad>
          </ns3:TrackPointExtension>
        </extensions>
      </trkpt>
      <trkpt lat="39.14309562183916568756103515625" lon="117.18930409289896488189697265625">
        <ele>3.2000000476837158203125</ele>
        <time>2026-05-31T21:18:19.000Z</time>
        <extensions>
          <ns3:TrackPointExtension>
            <ns3:hr>132</ns3:hr>
            <ns3:cad>91</ns3:cad>
          </ns3:TrackPointExtension>
        </extensions>
      </trkpt>
      <trkpt lat="39.14306712336838245391845703125" lon="117.18929856084287166595458984375">
        <ele>3.2000000476837158203125</ele>
        <time>2026-05-31T21:18:20.000Z</time>
        <extensions>
          <ns3:TrackPointExtension>
            <ns3:hr>132</ns3:hr>
            <ns3:cad>91</ns3:cad>
          </ns3:TrackPointExtension>
        </extensions>
      </trkpt>
      <trkpt lat="39.14304063655436038970947265625" lon="117.18929755501449108123779296875">
        <ele>3.2000000476837158203125</ele>
        <time>2026-05-31T21:18:21.000Z</time>
        <extensions>
          <ns3:TrackPointExtension>
            <ns3:hr>132</ns3:hr>
            <ns3:cad>92</ns3:cad>
          </ns3:TrackPointExtension>
        </extensions>
      </trkpt>
      <trkpt lat="39.14301364682614803314208984375" lon="117.18929051421582698822021484375">
        <ele>3.2000000476837158203125</ele>
        <time>2026-05-31T21:18:22.000Z</time>
        <extensions>
          <ns3:TrackPointExtension>
            <ns3:hr>131</ns3:hr>
            <ns3:cad>92</ns3:cad>
          </ns3:TrackPointExtension>
        </extensions>
      </trkpt>
      <trkpt lat="39.1429902613162994384765625" lon="117.18929135240614414215087890625">
        <ele>3.2000000476837158203125</ele>
        <time>2026-05-31T21:18:23.000Z</time>
        <extensions>
          <ns3:TrackPointExtension>
            <ns3:hr>131</ns3:hr>
            <ns3:cad>92</ns3:cad>
          </ns3:TrackPointExtension>
        </extensions>
      </trkpt>
      <trkpt lat="39.142965115606784820556640625" lon="117.18928255140781402587890625">
        <ele>3.2000000476837158203125</ele>
        <time>2026-05-31T21:18:24.000Z</time>
        <extensions>
          <ns3:TrackPointExtension>
            <ns3:hr>131</ns3:hr>
            <ns3:cad>91</ns3:cad>
          </ns3:TrackPointExtension>
        </extensions>
      </trkpt>
      <trkpt lat="39.1429392993450164794921875" lon="117.18928146176040172576904296875">
        <ele>3.2000000476837158203125</ele>
        <time>2026-05-31T21:18:25.000Z</time>
        <extensions>
          <ns3:TrackPointExtension>
            <ns3:hr>131</ns3:hr>
            <ns3:cad>91</ns3:cad>
          </ns3:TrackPointExtension>
        </extensions>
      </trkpt>
      <trkpt lat="39.142913483083248138427734375" lon="117.1892753429710865020751953125">
        <ele>3</ele>
        <time>2026-05-31T21:18:26.000Z</time>
        <extensions>
          <ns3:TrackPointExtension>
            <ns3:hr>132</ns3:hr>
            <ns3:cad>91</ns3:cad>
          </ns3:TrackPointExtension>
        </extensions>
      </trkpt>
      <trkpt lat="39.1428861580789089202880859375" lon="117.18927525915205478668212890625">
        <ele>3</ele>
        <time>2026-05-31T21:18:27.000Z</time>
        <extensions>
          <ns3:TrackPointExtension>
            <ns3:hr>132</ns3:hr>
            <ns3:cad>92</ns3:cad>
          </ns3:TrackPointExtension>
        </extensions>
      </trkpt>
      <trkpt lat="39.1428596712648868560791015625" lon="117.18926989473402500152587890625">
        <ele>3</ele>
        <time>2026-05-31T21:18:28.000Z</time>
        <extensions>
          <ns3:TrackPointExtension>
            <ns3:hr>132</ns3:hr>
            <ns3:cad>92</ns3:cad>
          </ns3:TrackPointExtension>
        </extensions>
      </trkpt>
      <trkpt lat="39.14283444173634052276611328125" lon="117.18926846981048583984375">
        <ele>3.2000000476837158203125</ele>
        <time>2026-05-31T21:18:29.000Z</time>
        <extensions>
          <ns3:TrackPointExtension>
            <ns3:hr>132</ns3:hr>
            <ns3:cad>92</ns3:cad>
          </ns3:TrackPointExtension>
        </extensions>
      </trkpt>
      <trkpt lat="39.1428134031593799591064453125" lon="117.1892703138291835784912109375">
        <ele>3.2000000476837158203125</ele>
        <time>2026-05-31T21:18:30.000Z</time>
        <extensions>
          <ns3:TrackPointExtension>
            <ns3:hr>132</ns3:hr>
            <ns3:cad>92</ns3:cad>
          </ns3:TrackPointExtension>
        </extensions>
      </trkpt>
      <trkpt lat="39.142786748707294464111328125" lon="117.18926821835339069366455078125">
        <ele>3.2000000476837158203125</ele>
        <time>2026-05-31T21:18:31.000Z</time>
        <extensions>
          <ns3:TrackPointExtension>
            <ns3:hr>132</ns3:hr>
            <ns3:cad>91</ns3:cad>
          </ns3:TrackPointExtension>
        </extensions>
      </trkpt>
      <trkpt lat="39.14276386611163616180419921875" lon="117.18925841152667999267578125">
        <ele>3.2000000476837158203125</ele>
        <time>2026-05-31T21:18:32.000Z</time>
        <extensions>
          <ns3:TrackPointExtension>
            <ns3:hr>132</ns3:hr>
            <ns3:cad>91</ns3:cad>
          </ns3:TrackPointExtension>
        </extensions>
      </trkpt>
      <trkpt lat="39.142734445631504058837890625" lon="117.1892548911273479461669921875">
        <ele>3.2000000476837158203125</ele>
        <time>2026-05-31T21:18:33.000Z</time>
        <extensions>
          <ns3:TrackPointExtension>
            <ns3:hr>132</ns3:hr>
            <ns3:cad>91</ns3:cad>
          </ns3:TrackPointExtension>
        </extensions>
      </trkpt>
      <trkpt lat="39.1427148319780826568603515625" lon="117.1892542205750942230224609375">
        <ele>3</ele>
        <time>2026-05-31T21:18:34.000Z</time>
        <extensions>
          <ns3:TrackPointExtension>
            <ns3:hr>132</ns3:hr>
            <ns3:cad>91</ns3:cad>
          </ns3:TrackPointExtension>
        </extensions>
      </trkpt>
      <trkpt lat="39.142682142555713653564453125" lon="117.1892522089183330535888671875">
        <ele>3</ele>
        <time>2026-05-31T21:18:35.000Z</time>
        <extensions>
          <ns3:TrackPointExtension>
            <ns3:hr>132</ns3:hr>
            <ns3:cad>91</ns3:cad>
          </ns3:TrackPointExtension>
        </extensions>
      </trkpt>
      <trkpt lat="39.1426611877977848052978515625" lon="117.1892545558512210845947265625">
        <ele>3</ele>
        <time>2026-05-31T21:18:36.000Z</time>
        <extensions>
          <ns3:TrackPointExtension>
            <ns3:hr>132</ns3:hr>
            <ns3:cad>91</ns3:cad>
          </ns3:TrackPointExtension>
        </extensions>
      </trkpt>
      <trkpt lat="39.142629168927669525146484375" lon="117.18925078399479389190673828125">
        <ele>3</ele>
        <time>2026-05-31T21:18:37.000Z</time>
        <extensions>
          <ns3:TrackPointExtension>
            <ns3:hr>132</ns3:hr>
            <ns3:cad>92</ns3:cad>
          </ns3:TrackPointExtension>
        </extensions>
      </trkpt>
      <trkpt lat="39.14260729216039180755615234375" lon="117.189254723489284515380859375">
        <ele>3</ele>
        <time>2026-05-31T21:18:38.000Z</time>
        <extensions>
          <ns3:TrackPointExtension>
            <ns3:hr>133</ns3:hr>
            <ns3:cad>92</ns3:cad>
          </ns3:TrackPointExtension>
        </extensions>
      </trkpt>
      <trkpt lat="39.14257259108126163482666015625" lon="117.1892488561570644378662109375">
        <ele>3</ele>
        <time>2026-05-31T21:18:39.000Z</time>
        <extensions>
          <ns3:TrackPointExtension>
            <ns3:hr>132</ns3:hr>
            <ns3:cad>92</ns3:cad>
          </ns3:TrackPointExtension>
        </extensions>
      </trkpt>
      <trkpt lat="39.14254979230463504791259765625" lon="117.18924977816641330718994140625">
        <ele>3</ele>
        <time>2026-05-31T21:18:40.000Z</time>
        <extensions>
          <ns3:TrackPointExtension>
            <ns3:hr>132</ns3:hr>
            <ns3:cad>92</ns3:cad>
          </ns3:TrackPointExtension>
        </extensions>
      </trkpt>
      <trkpt lat="39.1425163485109806060791015625" lon="117.18924122862517833709716796875">
        <ele>3</ele>
        <time>2026-05-31T21:18:41.000Z</time>
        <extensions>
          <ns3:TrackPointExtension>
            <ns3:hr>132</ns3:hr>
            <ns3:cad>92</ns3:cad>
          </ns3:TrackPointExtension>
        </extensions>
      </trkpt>
      <trkpt lat="39.1424888558685779571533203125" lon="117.1892429888248443603515625">
        <ele>3</ele>
        <time>2026-05-31T21:18:42.000Z</time>
        <extensions>
          <ns3:TrackPointExtension>
            <ns3:hr>132</ns3:hr>
            <ns3:cad>92</ns3:cad>
          </ns3:TrackPointExtension>
        </extensions>
      </trkpt>
      <trkpt lat="39.14245851337909698486328125" lon="117.18923519365489482879638671875">
        <ele>3</ele>
        <time>2026-05-31T21:18:43.000Z</time>
        <extensions>
          <ns3:TrackPointExtension>
            <ns3:hr>132</ns3:hr>
            <ns3:cad>92</ns3:cad>
          </ns3:TrackPointExtension>
        </extensions>
      </trkpt>
      <trkpt lat="39.142428338527679443359375" lon="117.18923569656908512115478515625">
        <ele>3</ele>
        <time>2026-05-31T21:18:44.000Z</time>
        <extensions>
          <ns3:TrackPointExtension>
            <ns3:hr>131</ns3:hr>
            <ns3:cad>92</ns3:cad>
          </ns3:TrackPointExtension>
        </extensions>
      </trkpt>
      <trkpt lat="39.14239824749529361724853515625" lon="117.189224548637866973876953125">
        <ele>3.2000000476837158203125</ele>
        <time>2026-05-31T21:18:45.000Z</time>
        <extensions>
          <ns3:TrackPointExtension>
            <ns3:hr>131</ns3:hr>
            <ns3:cad>92</ns3:cad>
          </ns3:TrackPointExtension>
        </extensions>
      </trkpt>
      <trkpt lat="39.14237075485289096832275390625" lon="117.18921951949596405029296875">
        <ele>3.2000000476837158203125</ele>
        <time>2026-05-31T21:18:46.000Z</time>
        <extensions>
          <ns3:TrackPointExtension>
            <ns3:hr>131</ns3:hr>
            <ns3:cad>92</ns3:cad>
          </ns3:TrackPointExtension>
        </extensions>
      </trkpt>
      <trkpt lat="39.14234410040080547332763671875" lon="117.18920988030731678009033203125">
        <ele>3.2000000476837158203125</ele>
        <time>2026-05-31T21:18:47.000Z</time>
        <extensions>
          <ns3:TrackPointExtension>
            <ns3:hr>131</ns3:hr>
            <ns3:cad>93</ns3:cad>
          </ns3:TrackPointExtension>
        </extensions>
      </trkpt>
      <trkpt lat="39.14231308735907077789306640625" lon="117.18920351006090641021728515625">
        <ele>3.2000000476837158203125</ele>
        <time>2026-05-31T21:18:48.000Z</time>
        <extensions>
          <ns3:TrackPointExtension>
            <ns3:hr>131</ns3:hr>
            <ns3:cad>93</ns3:cad>
          </ns3:TrackPointExtension>
        </extensions>
      </trkpt>
      <trkpt lat="39.14228760637342929840087890625" lon="117.18919697217643260955810546875">
        <ele>3.2000000476837158203125</ele>
        <time>2026-05-31T21:18:49.000Z</time>
        <extensions>
          <ns3:TrackPointExtension>
            <ns3:hr>131</ns3:hr>
            <ns3:cad>93</ns3:cad>
          </ns3:TrackPointExtension>
        </extensions>
      </trkpt>
      <trkpt lat="39.14225826971232891082763671875" lon="117.18919001519680023193359375">
        <ele>3.2000000476837158203125</ele>
        <time>2026-05-31T21:18:50.000Z</time>
        <extensions>
          <ns3:TrackPointExtension>
            <ns3:hr>131</ns3:hr>
            <ns3:cad>93</ns3:cad>
          </ns3:TrackPointExtension>
        </extensions>
      </trkpt>
      <trkpt lat="39.14223052561283111572265625" lon="117.1891878359019756317138671875">
        <ele>3.2000000476837158203125</ele>
        <time>2026-05-31T21:18:51.000Z</time>
        <extensions>
          <ns3:TrackPointExtension>
            <ns3:hr>131</ns3:hr>
            <ns3:cad>93</ns3:cad>
          </ns3:TrackPointExtension>
        </extensions>
      </trkpt>
      <trkpt lat="39.14219657890498638153076171875" lon="117.18917869962751865386962890625">
        <ele>3.2000000476837158203125</ele>
        <time>2026-05-31T21:18:52.000Z</time>
        <extensions>
          <ns3:TrackPointExtension>
            <ns3:hr>130</ns3:hr>
            <ns3:cad>92</ns3:cad>
          </ns3:TrackPointExtension>
        </extensions>
      </trkpt>
      <trkpt lat="39.14217076264321804046630859375" lon="117.189181633293628692626953125">
        <ele>3.2000000476837158203125</ele>
        <time>2026-05-31T21:18:53.000Z</time>
        <extensions>
          <ns3:TrackPointExtension>
            <ns3:hr>131</ns3:hr>
            <ns3:cad>92</ns3:cad>
          </ns3:TrackPointExtension>
        </extensions>
      </trkpt>
      <trkpt lat="39.1421374864876270294189453125" lon="117.18917450867593288421630859375">
        <ele>3.2000000476837158203125</ele>
        <time>2026-05-31T21:18:54.000Z</time>
        <extensions>
          <ns3:TrackPointExtension>
            <ns3:hr>131</ns3:hr>
            <ns3:cad>92</ns3:cad>
          </ns3:TrackPointExtension>
        </extensions>
      </trkpt>
      <trkpt lat="39.14210739545524120330810546875" lon="117.18917383812367916107177734375">
        <ele>3</ele>
        <time>2026-05-31T21:18:55.000Z</time>
        <extensions>
          <ns3:TrackPointExtension>
            <ns3:hr>131</ns3:hr>
            <ns3:cad>93</ns3:cad>
          </ns3:TrackPointExtension>
        </extensions>
      </trkpt>
      <trkpt lat="39.14207789115607738494873046875" lon="117.18916445039212703704833984375">
        <ele>3</ele>
        <time>2026-05-31T21:18:56.000Z</time>
        <extensions>
          <ns3:TrackPointExtension>
            <ns3:hr>132</ns3:hr>
            <ns3:cad>93</ns3:cad>
          </ns3:TrackPointExtension>
        </extensions>
      </trkpt>
      <trkpt lat="39.142048470675945281982421875" lon="117.18916319310665130615234375">
        <ele>3.2000000476837158203125</ele>
        <time>2026-05-31T21:18:57.000Z</time>
        <extensions>
          <ns3:TrackPointExtension>
            <ns3:hr>132</ns3:hr>
            <ns3:cad>92</ns3:cad>
          </ns3:TrackPointExtension>
        </extensions>
      </trkpt>
      <trkpt lat="39.14202131330966949462890625" lon="117.1891566552221775054931640625">
        <ele>3.2000000476837158203125</ele>
        <time>2026-05-31T21:18:58.000Z</time>
        <extensions>
          <ns3:TrackPointExtension>
            <ns3:hr>132</ns3:hr>
            <ns3:cad>92</ns3:cad>
          </ns3:TrackPointExtension>
        </extensions>
      </trkpt>
      <trkpt lat="39.1419909708201885223388671875" lon="117.189153134822845458984375">
        <ele>3</ele>
        <time>2026-05-31T21:18:59.000Z</time>
        <extensions>
          <ns3:TrackPointExtension>
            <ns3:hr>132</ns3:hr>
            <ns3:cad>92</ns3:cad>
          </ns3:TrackPointExtension>
        </extensions>
      </trkpt>
      <trkpt lat="39.14196607656776905059814453125" lon="117.189147435128688812255859375">
        <ele>3.2000000476837158203125</ele>
        <time>2026-05-31T21:19:00.000Z</time>
        <extensions>
          <ns3:TrackPointExtension>
            <ns3:hr>133</ns3:hr>
            <ns3:cad>92</ns3:cad>
          </ns3:TrackPointExtension>
        </extensions>
      </trkpt>
      <trkpt lat="39.14193422533571720123291015625" lon="117.1891452558338642120361328125">
        <ele>3.2000000476837158203125</ele>
        <time>2026-05-31T21:19:01.000Z</time>
        <extensions>
          <ns3:TrackPointExtension>
            <ns3:hr>133</ns3:hr>
            <ns3:cad>92</ns3:cad>
          </ns3:TrackPointExtension>
        </extensions>
      </trkpt>
      <trkpt lat="39.14190958254039287567138671875" lon="117.1891437470912933349609375">
        <ele>3</ele>
        <time>2026-05-31T21:19:02.000Z</time>
        <extensions>
          <ns3:TrackPointExtension>
            <ns3:hr>133</ns3:hr>
            <ns3:cad>93</ns3:cad>
          </ns3:TrackPointExtension>
        </extensions>
      </trkpt>
      <trkpt lat="39.141878820955753326416015625" lon="117.189141400158405303955078125">
        <ele>3</ele>
        <time>2026-05-31T21:19:03.000Z</time>
        <extensions>
          <ns3:TrackPointExtension>
            <ns3:hr>134</ns3:hr>
            <ns3:cad>93</ns3:cad>
          </ns3:TrackPointExtension>
        </extensions>
      </trkpt>
      <trkpt lat="39.1418556869029998779296875" lon="117.1891410648822784423828125">
        <ele>3</ele>
        <time>2026-05-31T21:19:04.000Z</time>
        <extensions>
          <ns3:TrackPointExtension>
            <ns3:hr>134</ns3:hr>
            <ns3:cad>93</ns3:cad>
          </ns3:TrackPointExtension>
        </extensions>
      </trkpt>
      <trkpt lat="39.14182375185191631317138671875" lon="117.189130671322345733642578125">
        <ele>3</ele>
        <time>2026-05-31T21:19:05.000Z</time>
        <extensions>
          <ns3:TrackPointExtension>
            <ns3:hr>134</ns3:hr>
            <ns3:cad>93</ns3:cad>
          </ns3:TrackPointExtension>
        </extensions>
      </trkpt>
      <trkpt lat="39.14179894141852855682373046875" lon="117.18912757001817226409912109375">
        <ele>3</ele>
        <time>2026-05-31T21:19:06.000Z</time>
        <extensions>
          <ns3:TrackPointExtension>
            <ns3:hr>134</ns3:hr>
            <ns3:cad>92</ns3:cad>
          </ns3:TrackPointExtension>
        </extensions>
      </trkpt>
      <trkpt lat="39.14177052676677703857421875" lon="117.1891117282211780548095703125">
        <ele>3</ele>
        <time>2026-05-31T21:19:07.000Z</time>
        <extensions>
          <ns3:TrackPointExtension>
            <ns3:hr>134</ns3:hr>
            <ns3:cad>92</ns3:cad>
          </ns3:TrackPointExtension>
        </extensions>
      </trkpt>
      <trkpt lat="39.14174915291368961334228515625" lon="117.1890973113477230072021484375">
        <ele>3</ele>
        <time>2026-05-31T21:19:08.000Z</time>
        <extensions>
          <ns3:TrackPointExtension>
            <ns3:hr>134</ns3:hr>
            <ns3:cad>92</ns3:cad>
          </ns3:TrackPointExtension>
        </extensions>
      </trkpt>
      <trkpt lat="39.14172048680484294891357421875" lon="117.18908566050231456756591796875">
        <ele>3</ele>
        <time>2026-05-31T21:19:09.000Z</time>
        <extensions>
          <ns3:TrackPointExtension>
            <ns3:hr>134</ns3:hr>
            <ns3:cad>92</ns3:cad>
          </ns3:TrackPointExtension>
        </extensions>
      </trkpt>
      <trkpt lat="39.14169483818113803863525390625" lon="117.189086414873600006103515625">
        <ele>3</ele>
        <time>2026-05-31T21:19:10.000Z</time>
        <extensions>
          <ns3:TrackPointExtension>
            <ns3:hr>134</ns3:hr>
            <ns3:cad>92</ns3:cad>
          </ns3:TrackPointExtension>
        </extensions>
      </trkpt>
      <trkpt lat="39.14166592061519622802734375" lon="117.1890859119594097137451171875">
        <ele>3</ele>
        <time>2026-05-31T21:19:11.000Z</time>
        <extensions>
          <ns3:TrackPointExtension>
            <ns3:hr>135</ns3:hr>
            <ns3:cad>92</ns3:cad>
          </ns3:TrackPointExtension>
        </extensions>
      </trkpt>
      <trkpt lat="39.1416439600288867950439453125" lon="117.18908851034939289093017578125">
        <ele>3.2000000476837158203125</ele>
        <time>2026-05-31T21:19:12.000Z</time>
        <extensions>
          <ns3:TrackPointExtension>
            <ns3:hr>135</ns3:hr>
            <ns3:cad>92</ns3:cad>
          </ns3:TrackPointExtension>
        </extensions>
      </trkpt>
      <trkpt lat="39.14161470718681812286376953125" lon="117.1890815533697605133056640625">
        <ele>3.2000000476837158203125</ele>
        <time>2026-05-31T21:19:13.000Z</time>
        <extensions>
          <ns3:TrackPointExtension>
            <ns3:hr>135</ns3:hr>
            <ns3:cad>91</ns3:cad>
          </ns3:TrackPointExtension>
        </extensions>
      </trkpt>
      <trkpt lat="39.1415903158485889434814453125" lon="117.1890818886458873748779296875">
        <ele>3.2000000476837158203125</ele>
        <time>2026-05-31T21:19:14.000Z</time>
        <extensions>
          <ns3:TrackPointExtension>
            <ns3:hr>134</ns3:hr>
            <ns3:cad>90</ns3:cad>
          </ns3:TrackPointExtension>
        </extensions>
      </trkpt>
      <trkpt lat="39.141561985015869140625" lon="117.18907199800014495849609375">
        <ele>3</ele>
        <time>2026-05-31T21:19:15.000Z</time>
        <extensions>
          <ns3:TrackPointExtension>
            <ns3:hr>135</ns3:hr>
            <ns3:cad>90</ns3:cad>
          </ns3:TrackPointExtension>
        </extensions>
      </trkpt>
      <trkpt lat="39.14153407327830791473388671875" lon="117.189071662724018096923828125">
        <ele>3</ele>
        <time>2026-05-31T21:19:16.000Z</time>
        <extensions>
          <ns3:TrackPointExtension>
            <ns3:hr>135</ns3:hr>
            <ns3:cad>91</ns3:cad>
          </ns3:TrackPointExtension>
        </extensions>
      </trkpt>
      <trkpt lat="39.1414974443614482879638671875" lon="117.1890668012201786041259765625">
        <ele>3</ele>
        <time>2026-05-31T21:19:17.000Z</time>
        <extensions>
          <ns3:TrackPointExtension>
            <ns3:hr>135</ns3:hr>
            <ns3:cad>91</ns3:cad>
          </ns3:TrackPointExtension>
        </extensions>
      </trkpt>
      <trkpt lat="39.1414696164429187774658203125" lon="117.18906856141984462738037109375">
        <ele>3</ele>
        <time>2026-05-31T21:19:18.000Z</time>
        <extensions>
          <ns3:TrackPointExtension>
            <ns3:hr>135</ns3:hr>
            <ns3:cad>90</ns3:cad>
          </ns3:TrackPointExtension>
        </extensions>
      </trkpt>
      <trkpt lat="39.141446985304355621337890625" lon="117.1890644542872905731201171875">
        <ele>3</ele>
        <time>2026-05-31T21:19:19.000Z</time>
        <extensions>
          <ns3:TrackPointExtension>
            <ns3:hr>135</ns3:hr>
            <ns3:cad>90</ns3:cad>
          </ns3:TrackPointExtension>
        </extensions>
      </trkpt>
      <trkpt lat="39.14141790010035037994384765625" lon="117.1890607662498950958251953125">
        <ele>3</ele>
        <time>2026-05-31T21:19:20.000Z</time>
        <extensions>
          <ns3:TrackPointExtension>
            <ns3:hr>135</ns3:hr>
            <ns3:cad>90</ns3:cad>
          </ns3:TrackPointExtension>
        </extensions>
      </trkpt>
      <trkpt lat="39.141397364437580108642578125" lon="117.18905447982251644134521484375">
        <ele>3</ele>
        <time>2026-05-31T21:19:21.000Z</time>
        <extensions>
          <ns3:TrackPointExtension>
            <ns3:hr>135</ns3:hr>
            <ns3:cad>90</ns3:cad>
          </ns3:TrackPointExtension>
        </extensions>
      </trkpt>
      <trkpt lat="39.14136777631938457489013671875" lon="117.1890473552048206329345703125">
        <ele>3</ele>
        <time>2026-05-31T21:19:22.000Z</time>
        <extensions>
          <ns3:TrackPointExtension>
            <ns3:hr>135</ns3:hr>
            <ns3:cad>90</ns3:cad>
          </ns3:TrackPointExtension>
        </extensions>
      </trkpt>
      <trkpt lat="39.1413458995521068572998046875" lon="117.18904056586325168609619140625">
        <ele>3</ele>
        <time>2026-05-31T21:19:23.000Z</time>
        <extensions>
          <ns3:TrackPointExtension>
            <ns3:hr>135</ns3:hr>
            <ns3:cad>90</ns3:cad>
          </ns3:TrackPointExtension>
        </extensions>
      </trkpt>
      <trkpt lat="39.14131530560553073883056640625" lon="117.18903402797877788543701171875">
        <ele>3</ele>
        <time>2026-05-31T21:19:24.000Z</time>
        <extensions>
          <ns3:TrackPointExtension>
            <ns3:hr>135</ns3:hr>
            <ns3:cad>90</ns3:cad>
          </ns3:TrackPointExtension>
        </extensions>
      </trkpt>
      <trkpt lat="39.141288734972476959228515625" lon="117.1890305913984775543212890625">
        <ele>3</ele>
        <time>2026-05-31T21:19:25.000Z</time>
        <extensions>
          <ns3:TrackPointExtension>
            <ns3:hr>135</ns3:hr>
            <ns3:cad>90</ns3:cad>
          </ns3:TrackPointExtension>
        </extensions>
      </trkpt>
      <trkpt lat="39.1412627510726451873779296875" lon="117.1890310943126678466796875">
        <ele>3</ele>
        <time>2026-05-31T21:19:26.000Z</time>
        <extensions>
          <ns3:TrackPointExtension>
            <ns3:hr>135</ns3:hr>
            <ns3:cad>90</ns3:cad>
          </ns3:TrackPointExtension>
        </extensions>
      </trkpt>
      <trkpt lat="39.1412386111915111541748046875" lon="117.18903084285557270050048828125">
        <ele>3</ele>
        <time>2026-05-31T21:19:27.000Z</time>
        <extensions>
          <ns3:TrackPointExtension>
            <ns3:hr>135</ns3:hr>
            <ns3:cad>91</ns3:cad>
          </ns3:TrackPointExtension>
        </extensions>
      </trkpt>
      <trkpt lat="39.1412119567394256591796875" lon="117.189027406275272369384765625">
        <ele>2.7999999523162841796875</ele>
        <time>2026-05-31T21:19:28.000Z</time>
        <extensions>
          <ns3:TrackPointExtension>
            <ns3:hr>135</ns3:hr>
            <ns3:cad>92</ns3:cad>
          </ns3:TrackPointExtension>
        </extensions>
      </trkpt>
      <trkpt lat="39.14119024761021137237548828125" lon="117.18902505934238433837890625">
        <ele>2.7999999523162841796875</ele>
        <time>2026-05-31T21:19:29.000Z</time>
        <extensions>
          <ns3:TrackPointExtension>
            <ns3:hr>136</ns3:hr>
            <ns3:cad>91</ns3:cad>
          </ns3:TrackPointExtension>
        </extensions>
      </trkpt>
      <trkpt lat="39.1411628387868404388427734375" lon="117.18901969492435455322265625">
        <ele>2.7999999523162841796875</ele>
        <time>2026-05-31T21:19:30.000Z</time>
        <extensions>
          <ns3:TrackPointExtension>
            <ns3:hr>135</ns3:hr>
            <ns3:cad>91</ns3:cad>
          </ns3:TrackPointExtension>
        </extensions>
      </trkpt>
      <trkpt lat="39.141139201819896697998046875" lon="117.18902380205690860748291015625">
        <ele>2.7999999523162841796875</ele>
        <time>2026-05-31T21:19:31.000Z</time>
        <extensions>
          <ns3:TrackPointExtension>
            <ns3:hr>136</ns3:hr>
            <ns3:cad>91</ns3:cad>
          </ns3:TrackPointExtension>
        </extensions>
      </trkpt>
      <trkpt lat="39.14110894314944744110107421875" lon="117.1890188567340373992919921875">
        <ele>2.7999999523162841796875</ele>
        <time>2026-05-31T21:19:32.000Z</time>
        <extensions>
          <ns3:TrackPointExtension>
            <ns3:hr>135</ns3:hr>
            <ns3:cad>91</ns3:cad>
          </ns3:TrackPointExtension>
        </extensions>
      </trkpt>
      <trkpt lat="39.1410887427628040313720703125" lon="117.18901592306792736053466796875">
        <ele>2.7999999523162841796875</ele>
        <time>2026-05-31T21:19:33.000Z</time>
        <extensions>
          <ns3:TrackPointExtension>
            <ns3:hr>135</ns3:hr>
            <ns3:cad>91</ns3:cad>
          </ns3:TrackPointExtension>
        </extensions>
      </trkpt>
      <trkpt lat="39.14105596952140331268310546875" lon="117.18901156447827816009521484375">
        <ele>2.7999999523162841796875</ele>
        <time>2026-05-31T21:19:34.000Z</time>
        <extensions>
          <ns3:TrackPointExtension>
            <ns3:hr>135</ns3:hr>
            <ns3:cad>91</ns3:cad>
          </ns3:TrackPointExtension>
        </extensions>
      </trkpt>
      <trkpt lat="39.14103367365896701812744140625" lon="117.18900368548929691314697265625">
        <ele>2.7999999523162841796875</ele>
        <time>2026-05-31T21:19:35.000Z</time>
        <extensions>
          <ns3:TrackPointExtension>
            <ns3:hr>136</ns3:hr>
            <ns3:cad>91</ns3:cad>
          </ns3:TrackPointExtension>
        </extensions>
      </trkpt>
      <trkpt lat="39.1410029120743274688720703125" lon="117.18899530358612537384033203125">
        <ele>2.7999999523162841796875</ele>
        <time>2026-05-31T21:19:36.000Z</time>
        <extensions>
          <ns3:TrackPointExtension>
            <ns3:hr>136</ns3:hr>
            <ns3:cad>92</ns3:cad>
          </ns3:TrackPointExtension>
        </extensions>
      </trkpt>
      <trkpt lat="39.14097793400287628173828125" lon="117.18899077735841274261474609375">
        <ele>2.7999999523162841796875</ele>
        <time>2026-05-31T21:19:37.000Z</time>
        <extensions>
          <ns3:TrackPointExtension>
            <ns3:hr>136</ns3:hr>
            <ns3:cad>92</ns3:cad>
          </ns3:TrackPointExtension>
        </extensions>
      </trkpt>
      <trkpt lat="39.14094884879887104034423828125" lon="117.18898356892168521881103515625">
        <ele>2.7999999523162841796875</ele>
        <time>2026-05-31T21:19:38.000Z</time>
        <extensions>
          <ns3:TrackPointExtension>
            <ns3:hr>136</ns3:hr>
            <ns3:cad>92</ns3:cad>
          </ns3:TrackPointExtension>
        </extensions>
      </trkpt>
      <trkpt lat="39.1409217752516269683837890625" lon="117.18898574821650981903076171875">
        <ele>2.7999999523162841796875</ele>
        <time>2026-05-31T21:19:39.000Z</time>
        <extensions>
          <ns3:TrackPointExtension>
            <ns3:hr>136</ns3:hr>
            <ns3:cad>92</ns3:cad>
          </ns3:TrackPointExtension>
        </extensions>
      </trkpt>
      <trkpt lat="39.14089838974177837371826171875" lon="117.18897837214171886444091796875">
        <ele>2.7999999523162841796875</ele>
        <time>2026-05-31T21:19:40.000Z</time>
        <extensions>
          <ns3:TrackPointExtension>
            <ns3:hr>137</ns3:hr>
            <ns3:cad>92</ns3:cad>
          </ns3:TrackPointExtension>
        </extensions>
      </trkpt>
      <trkpt lat="39.14087274111807346343994140625" lon="117.1889747679233551025390625">
        <ele>2.7999999523162841796875</ele>
        <time>2026-05-31T21:19:41.000Z</time>
        <extensions>
          <ns3:TrackPointExtension>
            <ns3:hr>136</ns3:hr>
            <ns3:cad>92</ns3:cad>
          </ns3:TrackPointExtension>
        </extensions>
      </trkpt>
      <trkpt lat="39.14085228927433490753173828125" lon="117.18896663747727870941162109375">
        <ele>2.7999999523162841796875</ele>
        <time>2026-05-31T21:19:42.000Z</time>
        <extensions>
          <ns3:TrackPointExtension>
            <ns3:hr>136</ns3:hr>
            <ns3:cad>92</ns3:cad>
          </ns3:TrackPointExtension>
        </extensions>
      </trkpt>
      <trkpt lat="39.1408221982419490814208984375" lon="117.18896663747727870941162109375">
        <ele>2.7999999523162841796875</ele>
        <time>2026-05-31T21:19:43.000Z</time>
        <extensions>
          <ns3:TrackPointExtension>
            <ns3:hr>137</ns3:hr>
            <ns3:cad>92</ns3:cad>
          </ns3:TrackPointExtension>
        </extensions>
      </trkpt>
      <trkpt lat="39.140796549618244171142578125" lon="117.18896261416375637054443359375">
        <ele>2.599999904632568359375</ele>
        <time>2026-05-31T21:19:44.000Z</time>
        <extensions>
          <ns3:TrackPointExtension>
            <ns3:hr>137</ns3:hr>
            <ns3:cad>92</ns3:cad>
          </ns3:TrackPointExtension>
        </extensions>
      </trkpt>
      <trkpt lat="39.140768386423587799072265625" lon="117.18896194361150264739990234375">
        <ele>2.599999904632568359375</ele>
        <time>2026-05-31T21:19:45.000Z</time>
        <extensions>
          <ns3:TrackPointExtension>
            <ns3:hr>137</ns3:hr>
            <ns3:cad>92</ns3:cad>
          </ns3:TrackPointExtension>
        </extensions>
      </trkpt>
      <trkpt lat="39.140741564333438873291015625" lon="117.18895523808896541595458984375">
        <ele>2.7999999523162841796875</ele>
        <time>2026-05-31T21:19:46.000Z</time>
        <extensions>
          <ns3:TrackPointExtension>
            <ns3:hr>136</ns3:hr>
            <ns3:cad>92</ns3:cad>
          </ns3:TrackPointExtension>
        </extensions>
      </trkpt>
      <trkpt lat="39.14070946164429187774658203125" lon="117.1889467723667621612548828125">
        <ele>2.7999999523162841796875</ele>
        <time>2026-05-31T21:19:47.000Z</time>
        <extensions>
          <ns3:TrackPointExtension>
            <ns3:hr>137</ns3:hr>
            <ns3:cad>93</ns3:cad>
          </ns3:TrackPointExtension>
        </extensions>
      </trkpt>
      <trkpt lat="39.14068833924829959869384765625" lon="117.18894450925290584564208984375">
        <ele>2.7999999523162841796875</ele>
        <time>2026-05-31T21:19:48.000Z</time>
        <extensions>
          <ns3:TrackPointExtension>
            <ns3:hr>137</ns3:hr>
            <ns3:cad>93</ns3:cad>
          </ns3:TrackPointExtension>
        </extensions>
      </trkpt>
      <trkpt lat="39.1406555660068988800048828125" lon="117.18894450925290584564208984375">
        <ele>2.599999904632568359375</ele>
        <time>2026-05-31T21:19:49.000Z</time>
        <extensions>
          <ns3:TrackPointExtension>
            <ns3:hr>138</ns3:hr>
            <ns3:cad>92</ns3:cad>
          </ns3:TrackPointExtension>
        </extensions>
      </trkpt>
      <trkpt lat="39.14063419215381145477294921875" lon="117.18894551508128643035888671875">
        <ele>2.599999904632568359375</ele>
        <time>2026-05-31T21:19:50.000Z</time>
        <extensions>
          <ns3:TrackPointExtension>
            <ns3:hr>138</ns3:hr>
            <ns3:cad>92</ns3:cad>
          </ns3:TrackPointExtension>
        </extensions>
      </trkpt>
      <trkpt lat="39.14060636423528194427490234375" lon="117.18893512152135372161865234375">
        <ele>2.599999904632568359375</ele>
        <time>2026-05-31T21:19:51.000Z</time>
        <extensions>
          <ns3:TrackPointExtension>
            <ns3:hr>138</ns3:hr>
            <ns3:cad>92</ns3:cad>
          </ns3:TrackPointExtension>
        </extensions>
      </trkpt>
      <trkpt lat="39.1405838169157505035400390625" lon="117.188938558101654052734375">
        <ele>2.599999904632568359375</ele>
        <time>2026-05-31T21:19:52.000Z</time>
        <extensions>
          <ns3:TrackPointExtension>
            <ns3:hr>138</ns3:hr>
            <ns3:cad>92</ns3:cad>
          </ns3:TrackPointExtension>
        </extensions>
      </trkpt>
      <trkpt lat="39.140548445284366607666015625" lon="117.18893646262586116790771484375">
        <ele>2.7999999523162841796875</ele>
        <time>2026-05-31T21:19:53.000Z</time>
        <extensions>
          <ns3:TrackPointExtension>
            <ns3:hr>138</ns3:hr>
            <ns3:cad>92</ns3:cad>
          </ns3:TrackPointExtension>
        </extensions>
      </trkpt>
      <trkpt lat="39.1405261494219303131103515625" lon="117.188938893377780914306640625">
        <ele>2.7999999523162841796875</ele>
        <time>2026-05-31T21:19:54.000Z</time>
        <extensions>
          <ns3:TrackPointExtension>
            <ns3:hr>138</ns3:hr>
            <ns3:cad>92</ns3:cad>
          </ns3:TrackPointExtension>
        </extensions>
      </trkpt>
      <trkpt lat="39.14049102924764156341552734375" lon="117.18892975710332393646240234375">
        <ele>2.7999999523162841796875</ele>
        <time>2026-05-31T21:19:55.000Z</time>
        <extensions>
          <ns3:TrackPointExtension>
            <ns3:hr>138</ns3:hr>
            <ns3:cad>91</ns3:cad>
          </ns3:TrackPointExtension>
        </extensions>
      </trkpt>
      <trkpt lat="39.140466637909412384033203125" lon="117.1889291703701019287109375">
        <ele>2.7999999523162841796875</ele>
        <time>2026-05-31T21:19:56.000Z</time>
        <extensions>
          <ns3:TrackPointExtension>
            <ns3:hr>138</ns3:hr>
            <ns3:cad>91</ns3:cad>
          </ns3:TrackPointExtension>
        </extensions>
      </trkpt>
      <trkpt lat="39.14043604396283626556396484375" lon="117.188923470675945281982421875">
        <ele>2.599999904632568359375</ele>
        <time>2026-05-31T21:19:57.000Z</time>
        <extensions>
          <ns3:TrackPointExtension>
            <ns3:hr>138</ns3:hr>
            <ns3:cad>91</ns3:cad>
          </ns3:TrackPointExtension>
        </extensions>
      </trkpt>
      <trkpt lat="39.1404151730239391326904296875" lon="117.18892590142786502838134765625">
        <ele>2.599999904632568359375</ele>
        <time>2026-05-31T21:19:58.000Z</time>
        <extensions>
          <ns3:TrackPointExtension>
            <ns3:hr>138</ns3:hr>
            <ns3:cad>91</ns3:cad>
          </ns3:TrackPointExtension>
        </extensions>
      </trkpt>
      <trkpt lat="39.1403870098292827606201171875" lon="117.188919447362422943115234375">
        <ele>2.599999904632568359375</ele>
        <time>2026-05-31T21:19:59.000Z</time>
        <extensions>
          <ns3:TrackPointExtension>
            <ns3:hr>138</ns3:hr>
            <ns3:cad>91</ns3:cad>
          </ns3:TrackPointExtension>
        </extensions>
      </trkpt>
      <trkpt lat="39.14036194793879985809326171875" lon="117.1889243088662624359130859375">
        <ele>2.599999904632568359375</ele>
        <time>2026-05-31T21:20:00.000Z</time>
        <extensions>
          <ns3:TrackPointExtension>
            <ns3:hr>138</ns3:hr>
            <ns3:cad>92</ns3:cad>
          </ns3:TrackPointExtension>
        </extensions>
      </trkpt>
      <trkpt lat="39.140332527458667755126953125" lon="117.1889192797243595123291015625">
        <ele>2.400000095367431640625</ele>
        <time>2026-05-31T21:20:01.000Z</time>
        <extensions>
          <ns3:TrackPointExtension>
            <ns3:hr>137</ns3:hr>
            <ns3:cad>92</ns3:cad>
          </ns3:TrackPointExtension>
        </extensions>
      </trkpt>
      <trkpt lat="39.140306375920772552490234375" lon="117.18892070464789867401123046875">
        <ele>2.400000095367431640625</ele>
        <time>2026-05-31T21:20:02.000Z</time>
        <extensions>
          <ns3:TrackPointExtension>
            <ns3:hr>138</ns3:hr>
            <ns3:cad>92</ns3:cad>
          </ns3:TrackPointExtension>
        </extensions>
      </trkpt>
      <trkpt lat="39.1402760334312915802001953125" lon="117.18891450203955173492431640625">
        <ele>2.599999904632568359375</ele>
        <time>2026-05-31T21:20:03.000Z</time>
        <extensions>
          <ns3:TrackPointExtension>
            <ns3:hr>138</ns3:hr>
            <ns3:cad>92</ns3:cad>
          </ns3:TrackPointExtension>
        </extensions>
      </trkpt>
      <trkpt lat="39.14024946279823780059814453125" lon="117.18891383148729801177978515625">
        <ele>2.599999904632568359375</ele>
        <time>2026-05-31T21:20:04.000Z</time>
        <extensions>
          <ns3:TrackPointExtension>
            <ns3:hr>138</ns3:hr>
            <ns3:cad>92</ns3:cad>
          </ns3:TrackPointExtension>
        </extensions>
      </trkpt>
      <trkpt lat="39.1402284242212772369384765625" lon="117.1889077126979827880859375">
        <ele>2.599999904632568359375</ele>
        <time>2026-05-31T21:20:05.000Z</time>
        <extensions>
          <ns3:TrackPointExtension>
            <ns3:hr>137</ns3:hr>
            <ns3:cad>91</ns3:cad>
          </ns3:TrackPointExtension>
        </extensions>
      </trkpt>
      <trkpt lat="39.14020168595016002655029296875" lon="117.18890695832669734954833984375">
        <ele>2.599999904632568359375</ele>
        <time>2026-05-31T21:20:06.000Z</time>
        <extensions>
          <ns3:TrackPointExtension>
            <ns3:hr>137</ns3:hr>
            <ns3:cad>91</ns3:cad>
          </ns3:TrackPointExtension>
        </extensions>
      </trkpt>
      <trkpt lat="39.14018006063997745513916015625" lon="117.188900671899318695068359375">
        <ele>2.599999904632568359375</ele>
        <time>2026-05-31T21:20:07.000Z</time>
        <extensions>
          <ns3:TrackPointExtension>
            <ns3:hr>138</ns3:hr>
            <ns3:cad>91</ns3:cad>
          </ns3:TrackPointExtension>
        </extensions>
      </trkpt>
      <trkpt lat="39.14015172980725765228271484375" lon="117.18889907933771610260009765625">
        <ele>2.599999904632568359375</ele>
        <time>2026-05-31T21:20:08.000Z</time>
        <extensions>
          <ns3:TrackPointExtension>
            <ns3:hr>138</ns3:hr>
            <ns3:cad>90</ns3:cad>
          </ns3:TrackPointExtension>
        </extensions>
      </trkpt>
      <trkpt lat="39.14012842811644077301025390625" lon="117.18889891169965267181396484375">
        <ele>2.400000095367431640625</ele>
        <time>2026-05-31T21:20:09.000Z</time>
        <extensions>
          <ns3:TrackPointExtension>
            <ns3:hr>138</ns3:hr>
            <ns3:cad>90</ns3:cad>
          </ns3:TrackPointExtension>
        </extensions>
      </trkpt>
      <trkpt lat="39.1401006840169429779052734375" lon="117.1888988278806209564208984375">
        <ele>2.400000095367431640625</ele>
        <time>2026-05-31T21:20:10.000Z</time>
        <extensions>
          <ns3:TrackPointExtension>
            <ns3:hr>138</ns3:hr>
            <ns3:cad>90</ns3:cad>
          </ns3:TrackPointExtension>
        </extensions>
      </trkpt>
      <trkpt lat="39.14007780142128467559814453125" lon="117.18889488838613033294677734375">
        <ele>2.400000095367431640625</ele>
        <time>2026-05-31T21:20:11.000Z</time>
        <extensions>
          <ns3:TrackPointExtension>
            <ns3:hr>137</ns3:hr>
            <ns3:cad>90</ns3:cad>
          </ns3:TrackPointExtension>
        </extensions>
      </trkpt>
      <trkpt lat="39.1400473751127719879150390625" lon="117.18889228999614715576171875">
        <ele>2.400000095367431640625</ele>
        <time>2026-05-31T21:20:12.000Z</time>
        <extensions>
          <ns3:TrackPointExtension>
            <ns3:hr>138</ns3:hr>
            <ns3:cad>91</ns3:cad>
          </ns3:TrackPointExtension>
        </extensions>
      </trkpt>
      <trkpt lat="39.1400239057838916778564453125" lon="117.1888961456716060638427734375">
        <ele>2.599999904632568359375</ele>
        <time>2026-05-31T21:20:13.000Z</time>
        <extensions>
          <ns3:TrackPointExtension>
            <ns3:hr>138</ns3:hr>
            <ns3:cad>92</ns3:cad>
          </ns3:TrackPointExtension>
        </extensions>
      </trkpt>
      <trkpt lat="39.13999146781861782073974609375" lon="117.18889153562486171722412109375">
        <ele>2.599999904632568359375</ele>
        <time>2026-05-31T21:20:14.000Z</time>
        <extensions>
          <ns3:TrackPointExtension>
            <ns3:hr>138</ns3:hr>
            <ns3:cad>92</ns3:cad>
          </ns3:TrackPointExtension>
        </extensions>
      </trkpt>
      <trkpt lat="39.1399675793945789337158203125" lon="117.1888964809477329254150390625">
        <ele>2.599999904632568359375</ele>
        <time>2026-05-31T21:20:15.000Z</time>
        <extensions>
          <ns3:TrackPointExtension>
            <ns3:hr>138</ns3:hr>
            <ns3:cad>92</ns3:cad>
          </ns3:TrackPointExtension>
        </extensions>
      </trkpt>
      <trkpt lat="39.13993413560092449188232421875" lon="117.188899330794811248779296875">
        <ele>2.599999904632568359375</ele>
        <time>2026-05-31T21:20:16.000Z</time>
        <extensions>
          <ns3:TrackPointExtension>
            <ns3:hr>138</ns3:hr>
            <ns3:cad>92</ns3:cad>
          </ns3:TrackPointExtension>
        </extensions>
      </trkpt>
      <trkpt lat="39.1399166174232959747314453125" lon="117.18890813179314136505126953125">
        <ele>2.599999904632568359375</ele>
        <time>2026-05-31T21:20:17.000Z</time>
        <extensions>
          <ns3:TrackPointExtension>
            <ns3:hr>138</ns3:hr>
            <ns3:cad>92</ns3:cad>
          </ns3:TrackPointExtension>
        </extensions>
      </trkpt>
      <trkpt lat="39.13988761603832244873046875" lon="117.1889172680675983428955078125">
        <ele>2.599999904632568359375</ele>
        <time>2026-05-31T21:20:18.000Z</time>
        <extensions>
          <ns3:TrackPointExtension>
            <ns3:hr>137</ns3:hr>
            <ns3:cad>92</ns3:cad>
          </ns3:TrackPointExtension>
        </extensions>
      </trkpt>
      <trkpt lat="39.13986791856586933135986328125" lon="117.18892657198011875152587890625">
        <ele>2.599999904632568359375</ele>
        <time>2026-05-31T21:20:19.000Z</time>
        <extensions>
          <ns3:TrackPointExtension>
            <ns3:hr>137</ns3:hr>
            <ns3:cad>92</ns3:cad>
          </ns3:TrackPointExtension>
        </extensions>
      </trkpt>
      <trkpt lat="39.1398415155708789825439453125" lon="117.188940234482288360595703125">
        <ele>2.599999904632568359375</ele>
        <time>2026-05-31T21:20:20.000Z</time>
        <extensions>
          <ns3:TrackPointExtension>
            <ns3:hr>137</ns3:hr>
            <ns3:cad>92</ns3:cad>
          </ns3:TrackPointExtension>
        </extensions>
      </trkpt>
      <trkpt lat="39.1398267634212970733642578125" lon="117.18896496109664440155029296875">
        <ele>2.599999904632568359375</ele>
        <time>2026-05-31T21:20:21.000Z</time>
        <extensions>
          <ns3:TrackPointExtension>
            <ns3:hr>137</ns3:hr>
            <ns3:cad>92</ns3:cad>
          </ns3:TrackPointExtension>
        </extensions>
      </trkpt>
      <trkpt lat="39.1397999413311481475830078125" lon="117.1889908611774444580078125">
        <ele>2.599999904632568359375</ele>
        <time>2026-05-31T21:20:22.000Z</time>
        <extensions>
          <ns3:TrackPointExtension>
            <ns3:hr>137</ns3:hr>
            <ns3:cad>92</ns3:cad>
          </ns3:TrackPointExtension>
        </extensions>
      </trkpt>
      <trkpt lat="39.1397828422486782073974609375" lon="117.1890069544315338134765625">
        <ele>2.599999904632568359375</ele>
        <time>2026-05-31T21:20:23.000Z</time>
        <extensions>
          <ns3:TrackPointExtension>
            <ns3:hr>137</ns3:hr>
            <ns3:cad>92</ns3:cad>
          </ns3:TrackPointExtension>
        </extensions>
      </trkpt>
      <trkpt lat="39.13975375704467296600341796875" lon="117.1890148334205150604248046875">
        <ele>2.599999904632568359375</ele>
        <time>2026-05-31T21:20:24.000Z</time>
        <extensions>
          <ns3:TrackPointExtension>
            <ns3:hr>136</ns3:hr>
            <ns3:cad>92</ns3:cad>
          </ns3:TrackPointExtension>
        </extensions>
      </trkpt>
      <trkpt lat="39.13972861133515834808349609375" lon="117.18902799300849437713623046875">
        <ele>2.599999904632568359375</ele>
        <time>2026-05-31T21:20:25.000Z</time>
        <extensions>
          <ns3:TrackPointExtension>
            <ns3:hr>136</ns3:hr>
            <ns3:cad>92</ns3:cad>
          </ns3:TrackPointExtension>
        </extensions>
      </trkpt>
      <trkpt lat="39.13970279507339000701904296875" lon="117.1890342794358730316162109375">
        <ele>2.599999904632568359375</ele>
        <time>2026-05-31T21:20:26.000Z</time>
        <extensions>
          <ns3:TrackPointExtension>
            <ns3:hr>136</ns3:hr>
            <ns3:cad>92</ns3:cad>
          </ns3:TrackPointExtension>
        </extensions>
      </trkpt>
      <trkpt lat="39.139674715697765350341796875" lon="117.1890413202345371246337890625">
        <ele>2.599999904632568359375</ele>
        <time>2026-05-31T21:20:27.000Z</time>
        <extensions>
          <ns3:TrackPointExtension>
            <ns3:hr>136</ns3:hr>
            <ns3:cad>92</ns3:cad>
          </ns3:TrackPointExtension>
        </extensions>
      </trkpt>
      <trkpt lat="39.13965065963566303253173828125" lon="117.1890352852642536163330078125">
        <ele>2.400000095367431640625</ele>
        <time>2026-05-31T21:20:28.000Z</time>
        <extensions>
          <ns3:TrackPointExtension>
            <ns3:hr>136</ns3:hr>
            <ns3:cad>92</ns3:cad>
          </ns3:TrackPointExtension>
        </extensions>
      </trkpt>
      <trkpt lat="39.13962484337389469146728515625" lon="117.18903318978846073150634765625">
        <ele>2.400000095367431640625</ele>
        <time>2026-05-31T21:20:29.000Z</time>
        <extensions>
          <ns3:TrackPointExtension>
            <ns3:hr>136</ns3:hr>
            <ns3:cad>92</ns3:cad>
          </ns3:TrackPointExtension>
        </extensions>
      </trkpt>
      <trkpt lat="39.1395991109311580657958984375" lon="117.1890208683907985687255859375">
        <ele>2.400000095367431640625</ele>
        <time>2026-05-31T21:20:30.000Z</time>
        <extensions>
          <ns3:TrackPointExtension>
            <ns3:hr>135</ns3:hr>
            <ns3:cad>92</ns3:cad>
          </ns3:TrackPointExtension>
        </extensions>
      </trkpt>
      <trkpt lat="39.1395756416022777557373046875" lon="117.1890042722225189208984375">
        <ele>2.400000095367431640625</ele>
        <time>2026-05-31T21:20:31.000Z</time>
        <extensions>
          <ns3:TrackPointExtension>
            <ns3:hr>135</ns3:hr>
            <ns3:cad>92</ns3:cad>
          </ns3:TrackPointExtension>
        </extensions>
      </trkpt>
      <trkpt lat="39.13957170210778713226318359375" lon="117.18897049315273761749267578125">
        <ele>2.599999904632568359375</ele>
        <time>2026-05-31T21:20:32.000Z</time>
        <extensions>
          <ns3:TrackPointExtension>
            <ns3:hr>134</ns3:hr>
            <ns3:cad>92</ns3:cad>
          </ns3:TrackPointExtension>
        </extensions>
      </trkpt>
      <trkpt lat="39.13956633768975734710693359375" lon="117.18894283287227153778076171875">
        <ele>2.599999904632568359375</ele>
        <time>2026-05-31T21:20:33.000Z</time>
        <extensions>
          <ns3:TrackPointExtension>
            <ns3:hr>134</ns3:hr>
            <ns3:cad>91</ns3:cad>
          </ns3:TrackPointExtension>
        </extensions>
      </trkpt>
      <trkpt lat="39.13956147618591785430908203125" lon="117.18891215510666370391845703125">
        <ele>2.599999904632568359375</ele>
        <time>2026-05-31T21:20:34.000Z</time>
        <extensions>
          <ns3:TrackPointExtension>
            <ns3:hr>134</ns3:hr>
            <ns3:cad>91</ns3:cad>
          </ns3:TrackPointExtension>
        </extensions>
      </trkpt>
      <trkpt lat="39.13954990915954113006591796875" lon="117.1888847462832927703857421875">
        <ele>2.400000095367431640625</ele>
        <time>2026-05-31T21:20:35.000Z</time>
        <extensions>
          <ns3:TrackPointExtension>
            <ns3:hr>133</ns3:hr>
            <ns3:cad>91</ns3:cad>
          </ns3:TrackPointExtension>
        </extensions>
      </trkpt>
      <trkpt lat="39.13953532464802265167236328125" lon="117.18885364942252635955810546875">
        <ele>2.400000095367431640625</ele>
        <time>2026-05-31T21:20:36.000Z</time>
        <extensions>
          <ns3:TrackPointExtension>
            <ns3:hr>133</ns3:hr>
            <ns3:cad>90</ns3:cad>
          </ns3:TrackPointExtension>
        </extensions>
      </trkpt>
      <trkpt lat="39.13952040486037731170654296875" lon="117.18883194029331207275390625">
        <ele>2.2000000476837158203125</ele>
        <time>2026-05-31T21:20:37.000Z</time>
        <extensions>
          <ns3:TrackPointExtension>
            <ns3:hr>133</ns3:hr>
            <ns3:cad>90</ns3:cad>
          </ns3:TrackPointExtension>
        </extensions>
      </trkpt>
      <trkpt lat="39.13950263522565364837646484375" lon="117.18880101107060909271240234375">
        <ele>2.2000000476837158203125</ele>
        <time>2026-05-31T21:20:38.000Z</time>
        <extensions>
          <ns3:TrackPointExtension>
            <ns3:hr>133</ns3:hr>
            <ns3:cad>90</ns3:cad>
          </ns3:TrackPointExtension>
        </extensions>
      </trkpt>
      <trkpt lat="39.13948218338191509246826171875" lon="117.1887855045497417449951171875">
        <ele>2</ele>
        <time>2026-05-31T21:20:39.000Z</time>
        <extensions>
          <ns3:TrackPointExtension>
            <ns3:hr>133</ns3:hr>
            <ns3:cad>88</ns3:cad>
          </ns3:TrackPointExtension>
        </extensions>
      </trkpt>
      <trkpt lat="39.1394512541592121124267578125" lon="117.18877217732369899749755859375">
        <ele>2</ele>
        <time>2026-05-31T21:20:40.000Z</time>
        <extensions>
          <ns3:TrackPointExtension>
            <ns3:hr>132</ns3:hr>
            <ns3:cad>88</ns3:cad>
          </ns3:TrackPointExtension>
        </extensions>
      </trkpt>
      <trkpt lat="39.13942267186939716339111328125" lon="117.188769243657588958740234375">
        <ele>2</ele>
        <time>2026-05-31T21:20:41.000Z</time>
        <extensions>
          <ns3:TrackPointExtension>
            <ns3:hr>132</ns3:hr>
            <ns3:cad>88</ns3:cad>
          </ns3:TrackPointExtension>
        </extensions>
      </trkpt>
      <trkpt lat="39.139395095407962799072265625" lon="117.18876220285892486572265625">
        <ele>1.7999999523162841796875</ele>
        <time>2026-05-31T21:20:42.000Z</time>
        <extensions>
          <ns3:TrackPointExtension>
            <ns3:hr>132</ns3:hr>
            <ns3:cad>89</ns3:cad>
          </ns3:TrackPointExtension>
        </extensions>
      </trkpt>
      <trkpt lat="39.1393738053739070892333984375" lon="117.1887575089931488037109375">
        <ele>1.7999999523162841796875</ele>
        <time>2026-05-31T21:20:43.000Z</time>
        <extensions>
          <ns3:TrackPointExtension>
            <ns3:hr>132</ns3:hr>
            <ns3:cad>91</ns3:cad>
          </ns3:TrackPointExtension>
        </extensions>
      </trkpt>
      <trkpt lat="39.13934891112148761749267578125" lon="117.18874485231935977935791015625">
        <ele>1.7999999523162841796875</ele>
        <time>2026-05-31T21:20:44.000Z</time>
        <extensions>
          <ns3:TrackPointExtension>
            <ns3:hr>132</ns3:hr>
            <ns3:cad>92</ns3:cad>
          </ns3:TrackPointExtension>
        </extensions>
      </trkpt>
      <trkpt lat="39.13932426832616329193115234375" lon="117.1887422539293766021728515625">
        <ele>1.7999999523162841796875</ele>
        <time>2026-05-31T21:20:45.000Z</time>
        <extensions>
          <ns3:TrackPointExtension>
            <ns3:hr>132</ns3:hr>
            <ns3:cad>91</ns3:cad>
          </ns3:TrackPointExtension>
        </extensions>
      </trkpt>
      <trkpt lat="39.13929878734052181243896484375" lon="117.18873680569231510162353515625">
        <ele>1.7999999523162841796875</ele>
        <time>2026-05-31T21:20:46.000Z</time>
        <extensions>
          <ns3:TrackPointExtension>
            <ns3:hr>132</ns3:hr>
            <ns3:cad>92</ns3:cad>
          </ns3:TrackPointExtension>
        </extensions>
      </trkpt>
      <trkpt lat="39.13927246816456317901611328125" lon="117.18873680569231510162353515625">
        <ele>1.7999999523162841796875</ele>
        <time>2026-05-31T21:20:47.000Z</time>
        <extensions>
          <ns3:TrackPointExtension>
            <ns3:hr>132</ns3:hr>
            <ns3:cad>92</ns3:cad>
          </ns3:TrackPointExtension>
        </extensions>
      </trkpt>
      <trkpt lat="39.13924581371247768402099609375" lon="117.18873211182653903961181640625">
        <ele>1.7999999523162841796875</ele>
        <time>2026-05-31T21:20:48.000Z</time>
        <extensions>
          <ns3:TrackPointExtension>
            <ns3:hr>132</ns3:hr>
            <ns3:cad>92</ns3:cad>
          </ns3:TrackPointExtension>
        </extensions>
      </trkpt>
      <trkpt lat="39.13921572268009185791015625" lon="117.18873211182653903961181640625">
        <ele>1.7999999523162841796875</ele>
        <time>2026-05-31T21:20:49.000Z</time>
        <extensions>
          <ns3:TrackPointExtension>
            <ns3:hr>131</ns3:hr>
            <ns3:cad>92</ns3:cad>
          </ns3:TrackPointExtension>
        </extensions>
      </trkpt>
      <trkpt lat="39.13918831385672092437744140625" lon="117.18873194418847560882568359375">
        <ele>1.7999999523162841796875</ele>
        <time>2026-05-31T21:20:50.000Z</time>
        <extensions>
          <ns3:TrackPointExtension>
            <ns3:hr>132</ns3:hr>
            <ns3:cad>92</ns3:cad>
          </ns3:TrackPointExtension>
        </extensions>
      </trkpt>
      <trkpt lat="39.13915813900530338287353515625" lon="117.188729010522365570068359375">
        <ele>1.60000002384185791015625</ele>
        <time>2026-05-31T21:20:51.000Z</time>
        <extensions>
          <ns3:TrackPointExtension>
            <ns3:hr>132</ns3:hr>
            <ns3:cad>92</ns3:cad>
          </ns3:TrackPointExtension>
        </extensions>
      </trkpt>
      <trkpt lat="39.1391350887715816497802734375" lon="117.1887281723320484161376953125">
        <ele>1.7999999523162841796875</ele>
        <time>2026-05-31T21:20:52.000Z</time>
        <extensions>
          <ns3:TrackPointExtension>
            <ns3:hr>132</ns3:hr>
            <ns3:cad>92</ns3:cad>
          </ns3:TrackPointExtension>
        </extensions>
      </trkpt>
      <trkpt lat="39.13910533301532268524169921875" lon="117.18872607685625553131103515625">
        <ele>1.60000002384185791015625</ele>
        <time>2026-05-31T21:20:53.000Z</time>
        <extensions>
          <ns3:TrackPointExtension>
            <ns3:hr>131</ns3:hr>
            <ns3:cad>92</ns3:cad>
          </ns3:TrackPointExtension>
        </extensions>
      </trkpt>
      <trkpt lat="39.139086641371250152587890625" lon="117.18872657977044582366943359375">
        <ele>1.60000002384185791015625</ele>
        <time>2026-05-31T21:20:54.000Z</time>
        <extensions>
          <ns3:TrackPointExtension>
            <ns3:hr>132</ns3:hr>
            <ns3:cad>93</ns3:cad>
          </ns3:TrackPointExtension>
        </extensions>
      </trkpt>
      <trkpt lat="39.13905655033886432647705078125" lon="117.188719622790813446044921875">
        <ele>1.60000002384185791015625</ele>
        <time>2026-05-31T21:20:55.000Z</time>
        <extensions>
          <ns3:TrackPointExtension>
            <ns3:hr>132</ns3:hr>
            <ns3:cad>93</ns3:cad>
          </ns3:TrackPointExtension>
        </extensions>
      </trkpt>
      <trkpt lat="39.13903827778995037078857421875" lon="117.1887191198766231536865234375">
        <ele>1.60000002384185791015625</ele>
        <time>2026-05-31T21:20:56.000Z</time>
        <extensions>
          <ns3:TrackPointExtension>
            <ns3:hr>132</ns3:hr>
            <ns3:cad>93</ns3:cad>
          </ns3:TrackPointExtension>
        </extensions>
      </trkpt>
      <trkpt lat="39.13901053369045257568359375" lon="117.188710905611515045166015625">
        <ele>1.60000002384185791015625</ele>
        <time>2026-05-31T21:20:57.000Z</time>
        <extensions>
          <ns3:TrackPointExtension>
            <ns3:hr>131</ns3:hr>
            <ns3:cad>92</ns3:cad>
          </ns3:TrackPointExtension>
        </extensions>
      </trkpt>
      <trkpt lat="39.138984046876430511474609375" lon="117.188708223402500152587890625">
        <ele>1.60000002384185791015625</ele>
        <time>2026-05-31T21:20:58.000Z</time>
        <extensions>
          <ns3:TrackPointExtension>
            <ns3:hr>131</ns3:hr>
            <ns3:cad>92</ns3:cad>
          </ns3:TrackPointExtension>
        </extensions>
      </trkpt>
      <trkpt lat="39.1389560513198375701904296875" lon="117.1886986680328845977783203125">
        <ele>1.60000002384185791015625</ele>
        <time>2026-05-31T21:20:59.000Z</time>
        <extensions>
          <ns3:TrackPointExtension>
            <ns3:hr>131</ns3:hr>
            <ns3:cad>93</ns3:cad>
          </ns3:TrackPointExtension>
        </extensions>
      </trkpt>
      <trkpt lat="39.13892746903002262115478515625" lon="117.188698835670948028564453125">
        <ele>1.39999997615814208984375</ele>
        <time>2026-05-31T21:21:00.000Z</time>
        <extensions>
          <ns3:TrackPointExtension>
            <ns3:hr>131</ns3:hr>
            <ns3:cad>93</ns3:cad>
          </ns3:TrackPointExtension>
        </extensions>
      </trkpt>
      <trkpt lat="39.138900898396968841552734375" lon="117.18869154341518878936767578125">
        <ele>1.39999997615814208984375</ele>
        <time>2026-05-31T21:21:01.000Z</time>
        <extensions>
          <ns3:TrackPointExtension>
            <ns3:hr>131</ns3:hr>
            <ns3:cad>91</ns3:cad>
          </ns3:TrackPointExtension>
        </extensions>
      </trkpt>
      <trkpt lat="39.13887239992618560791015625" lon="117.18869305215775966644287109375">
        <ele>1.39999997615814208984375</ele>
        <time>2026-05-31T21:21:02.000Z</time>
        <extensions>
          <ns3:TrackPointExtension>
            <ns3:hr>131</ns3:hr>
            <ns3:cad>91</ns3:cad>
          </ns3:TrackPointExtension>
        </extensions>
      </trkpt>
      <trkpt lat="39.13884817622601985931396484375" lon="117.18869355507194995880126953125">
        <ele>1.39999997615814208984375</ele>
        <time>2026-05-31T21:21:03.000Z</time>
        <extensions>
          <ns3:TrackPointExtension>
            <ns3:hr>130</ns3:hr>
            <ns3:cad>93</ns3:cad>
          </ns3:TrackPointExtension>
        </extensions>
      </trkpt>
      <trkpt lat="39.138818420469760894775390625" lon="117.1886949799954891204833984375">
        <ele>1.39999997615814208984375</ele>
        <time>2026-05-31T21:21:04.000Z</time>
        <extensions>
          <ns3:TrackPointExtension>
            <ns3:hr>130</ns3:hr>
            <ns3:cad>93</ns3:cad>
          </ns3:TrackPointExtension>
        </extensions>
      </trkpt>
      <trkpt lat="39.138796627521514892578125" lon="117.1886966563761234283447265625">
        <ele>1.39999997615814208984375</ele>
        <time>2026-05-31T21:21:05.000Z</time>
        <extensions>
          <ns3:TrackPointExtension>
            <ns3:hr>130</ns3:hr>
            <ns3:cad>93</ns3:cad>
          </ns3:TrackPointExtension>
        </extensions>
      </trkpt>
      <trkpt lat="39.138765446841716766357421875" lon="117.188697494566440582275390625">
        <ele>1.39999997615814208984375</ele>
        <time>2026-05-31T21:21:06.000Z</time>
        <extensions>
          <ns3:TrackPointExtension>
            <ns3:hr>131</ns3:hr>
            <ns3:cad>92</ns3:cad>
          </ns3:TrackPointExtension>
        </extensions>
      </trkpt>
      <trkpt lat="39.138743989169597625732421875" lon="117.1886986680328845977783203125">
        <ele>1.39999997615814208984375</ele>
        <time>2026-05-31T21:21:07.000Z</time>
        <extensions>
          <ns3:TrackPointExtension>
            <ns3:hr>130</ns3:hr>
            <ns3:cad>92</ns3:cad>
          </ns3:TrackPointExtension>
        </extensions>
      </trkpt>
      <trkpt lat="39.13871188648045063018798828125" lon="117.18869506381452083587646484375">
        <ele>1.39999997615814208984375</ele>
        <time>2026-05-31T21:21:08.000Z</time>
        <extensions>
          <ns3:TrackPointExtension>
            <ns3:hr>130</ns3:hr>
            <ns3:cad>92</ns3:cad>
          </ns3:TrackPointExtension>
        </extensions>
      </trkpt>
      <trkpt lat="39.13868858478963375091552734375" lon="117.1886949799954891204833984375">
        <ele>1.39999997615814208984375</ele>
        <time>2026-05-31T21:21:09.000Z</time>
        <extensions>
          <ns3:TrackPointExtension>
            <ns3:hr>130</ns3:hr>
            <ns3:cad>92</ns3:cad>
          </ns3:TrackPointExtension>
        </extensions>
      </trkpt>
      <trkpt lat="39.13866142742335796356201171875" lon="117.18868735246360301971435546875">
        <ele>1.39999997615814208984375</ele>
        <time>2026-05-31T21:21:10.000Z</time>
        <extensions>
          <ns3:TrackPointExtension>
            <ns3:hr>131</ns3:hr>
            <ns3:cad>93</ns3:cad>
          </ns3:TrackPointExtension>
        </extensions>
      </trkpt>
      <trkpt lat="39.13863829337060451507568359375" lon="117.18868299387395381927490234375">
        <ele>1.39999997615814208984375</ele>
        <time>2026-05-31T21:21:11.000Z</time>
        <extensions>
          <ns3:TrackPointExtension>
            <ns3:hr>130</ns3:hr>
            <ns3:cad>93</ns3:cad>
          </ns3:TrackPointExtension>
        </extensions>
      </trkpt>
      <trkpt lat="39.13860552012920379638671875" lon="117.18867075629532337188720703125">
        <ele>1.39999997615814208984375</ele>
        <time>2026-05-31T21:21:12.000Z</time>
        <extensions>
          <ns3:TrackPointExtension>
            <ns3:hr>130</ns3:hr>
            <ns3:cad>93</ns3:cad>
          </ns3:TrackPointExtension>
        </extensions>
      </trkpt>
      <trkpt lat="39.13857660256326198577880859375" lon="117.1886751987040042877197265625">
        <ele>1.39999997615814208984375</ele>
        <time>2026-05-31T21:21:13.000Z</time>
        <extensions>
          <ns3:TrackPointExtension>
            <ns3:hr>131</ns3:hr>
            <ns3:cad>93</ns3:cad>
          </ns3:TrackPointExtension>
        </extensions>
      </trkpt>
      <trkpt lat="39.13854726590216159820556640625" lon="117.188665308058261871337890625">
        <ele>1.2000000476837158203125</ele>
        <time>2026-05-31T21:21:14.000Z</time>
        <extensions>
          <ns3:TrackPointExtension>
            <ns3:hr>130</ns3:hr>
            <ns3:cad>91</ns3:cad>
          </ns3:TrackPointExtension>
        </extensions>
      </trkpt>
      <trkpt lat="39.13852547295391559600830078125" lon="117.18867008574306964874267578125">
        <ele>1.2000000476837158203125</ele>
        <time>2026-05-31T21:21:15.000Z</time>
        <extensions>
          <ns3:TrackPointExtension>
            <ns3:hr>130</ns3:hr>
            <ns3:cad>91</ns3:cad>
          </ns3:TrackPointExtension>
        </extensions>
      </trkpt>
      <trkpt lat="39.13850183598697185516357421875" lon="117.18865851871669292449951171875">
        <ele>1.2000000476837158203125</ele>
        <time>2026-05-31T21:21:16.000Z</time>
        <extensions>
          <ns3:TrackPointExtension>
            <ns3:hr>131</ns3:hr>
            <ns3:cad>91</ns3:cad>
          </ns3:TrackPointExtension>
        </extensions>
      </trkpt>
      <trkpt lat="39.13847819902002811431884765625" lon="117.18866086564958095550537109375">
        <ele>1.2000000476837158203125</ele>
        <time>2026-05-31T21:21:17.000Z</time>
        <extensions>
          <ns3:TrackPointExtension>
            <ns3:hr>130</ns3:hr>
            <ns3:cad>91</ns3:cad>
          </ns3:TrackPointExtension>
        </extensions>
      </trkpt>
      <trkpt lat="39.13845506496727466583251953125" lon="117.1886500529944896697998046875">
        <ele>1.2000000476837158203125</ele>
        <time>2026-05-31T21:21:18.000Z</time>
        <extensions>
          <ns3:TrackPointExtension>
            <ns3:hr>130</ns3:hr>
            <ns3:cad>92</ns3:cad>
          </ns3:TrackPointExtension>
        </extensions>
      </trkpt>
      <trkpt lat="39.138428829610347747802734375" lon="117.1886446885764598846435546875">
        <ele>1.2000000476837158203125</ele>
        <time>2026-05-31T21:21:19.000Z</time>
        <extensions>
          <ns3:TrackPointExtension>
            <ns3:hr>131</ns3:hr>
            <ns3:cad>92</ns3:cad>
          </ns3:TrackPointExtension>
        </extensions>
      </trkpt>
      <trkpt lat="39.13840678520500659942626953125" lon="117.18863672576844692230224609375">
        <ele>1.2000000476837158203125</ele>
        <time>2026-05-31T21:21:20.000Z</time>
        <extensions>
          <ns3:TrackPointExtension>
            <ns3:hr>130</ns3:hr>
            <ns3:cad>92</ns3:cad>
          </ns3:TrackPointExtension>
        </extensions>
      </trkpt>
      <trkpt lat="39.13837962783873081207275390625" lon="117.18863538466393947601318359375">
        <ele>1.2000000476837158203125</ele>
        <time>2026-05-31T21:21:21.000Z</time>
        <extensions>
          <ns3:TrackPointExtension>
            <ns3:hr>130</ns3:hr>
            <ns3:cad>92</ns3:cad>
          </ns3:TrackPointExtension>
        </extensions>
      </trkpt>
      <trkpt lat="39.13835884071886539459228515625" lon="117.18863303773105144500732421875">
        <ele>1.2000000476837158203125</ele>
        <time>2026-05-31T21:21:22.000Z</time>
        <extensions>
          <ns3:TrackPointExtension>
            <ns3:hr>131</ns3:hr>
            <ns3:cad>92</ns3:cad>
          </ns3:TrackPointExtension>
        </extensions>
      </trkpt>
      <trkpt lat="39.13832732476294040679931640625" lon="117.1886353008449077606201171875">
        <ele>1.2000000476837158203125</ele>
        <time>2026-05-31T21:21:23.000Z</time>
        <extensions>
          <ns3:TrackPointExtension>
            <ns3:hr>130</ns3:hr>
            <ns3:cad>92</ns3:cad>
          </ns3:TrackPointExtension>
        </extensions>
      </trkpt>
      <trkpt lat="39.13830586709082126617431640625" lon="117.188635803759098052978515625">
        <ele>1.2000000476837158203125</ele>
        <time>2026-05-31T21:21:24.000Z</time>
        <extensions>
          <ns3:TrackPointExtension>
            <ns3:hr>130</ns3:hr>
            <ns3:cad>92</ns3:cad>
          </ns3:TrackPointExtension>
        </extensions>
      </trkpt>
      <trkpt lat="39.13828021846711635589599609375" lon="117.18863337300717830657958984375">
        <ele>1.2000000476837158203125</ele>
        <time>2026-05-31T21:21:25.000Z</time>
        <extensions>
          <ns3:TrackPointExtension>
            <ns3:hr>131</ns3:hr>
            <ns3:cad>92</ns3:cad>
          </ns3:TrackPointExtension>
        </extensions>
      </trkpt>
      <trkpt lat="39.1382583416998386383056640625" lon="117.18863639049232006072998046875">
        <ele>1.2000000476837158203125</ele>
        <time>2026-05-31T21:21:26.000Z</time>
        <extensions>
          <ns3:TrackPointExtension>
            <ns3:hr>130</ns3:hr>
            <ns3:cad>92</ns3:cad>
          </ns3:TrackPointExtension>
        </extensions>
      </trkpt>
      <trkpt lat="39.1382305137813091278076171875" lon="117.18863320536911487579345703125">
        <ele>1.2000000476837158203125</ele>
        <time>2026-05-31T21:21:27.000Z</time>
        <extensions>
          <ns3:TrackPointExtension>
            <ns3:hr>130</ns3:hr>
            <ns3:cad>92</ns3:cad>
          </ns3:TrackPointExtension>
        </extensions>
      </trkpt>
      <trkpt lat="39.1382070444524288177490234375" lon="117.188637144863605499267578125">
        <ele>1.2000000476837158203125</ele>
        <time>2026-05-31T21:21:28.000Z</time>
        <extensions>
          <ns3:TrackPointExtension>
            <ns3:hr>131</ns3:hr>
            <ns3:cad>92</ns3:cad>
          </ns3:TrackPointExtension>
        </extensions>
      </trkpt>
      <trkpt lat="39.1381756961345672607421875" lon="117.1886289305984973907470703125">
        <ele>1.2000000476837158203125</ele>
        <time>2026-05-31T21:21:29.000Z</time>
        <extensions>
          <ns3:TrackPointExtension>
            <ns3:hr>130</ns3:hr>
            <ns3:cad>92</ns3:cad>
          </ns3:TrackPointExtension>
        </extensions>
      </trkpt>
      <trkpt lat="39.13815499283373355865478515625" lon="117.188630439341068267822265625">
        <ele>1.2000000476837158203125</ele>
        <time>2026-05-31T21:21:30.000Z</time>
        <extensions>
          <ns3:TrackPointExtension>
            <ns3:hr>130</ns3:hr>
            <ns3:cad>92</ns3:cad>
          </ns3:TrackPointExtension>
        </extensions>
      </trkpt>
      <trkpt lat="39.13812314160168170928955078125" lon="117.188621722161769866943359375">
        <ele>1.2000000476837158203125</ele>
        <time>2026-05-31T21:21:31.000Z</time>
        <extensions>
          <ns3:TrackPointExtension>
            <ns3:hr>131</ns3:hr>
            <ns3:cad>92</ns3:cad>
          </ns3:TrackPointExtension>
        </extensions>
      </trkpt>
      <trkpt lat="39.13810520432889461517333984375" lon="117.18861401081085205078125">
        <ele>1.2000000476837158203125</ele>
        <time>2026-05-31T21:21:32.000Z</time>
        <extensions>
          <ns3:TrackPointExtension>
            <ns3:hr>130</ns3:hr>
            <ns3:cad>92</ns3:cad>
          </ns3:TrackPointExtension>
        </extensions>
      </trkpt>
      <trkpt lat="39.1380749456584453582763671875" lon="117.1886041201651096343994140625">
        <ele>1.2000000476837158203125</ele>
        <time>2026-05-31T21:21:33.000Z</time>
        <extensions>
          <ns3:TrackPointExtension>
            <ns3:hr>130</ns3:hr>
            <ns3:cad>92</ns3:cad>
          </ns3:TrackPointExtension>
        </extensions>
      </trkpt>
      <trkpt lat="39.13805373944342136383056640625" lon="117.18860370106995105743408203125">
        <ele>1.2000000476837158203125</ele>
        <time>2026-05-31T21:21:34.000Z</time>
        <extensions>
          <ns3:TrackPointExtension>
            <ns3:hr>131</ns3:hr>
            <ns3:cad>92</ns3:cad>
          </ns3:TrackPointExtension>
        </extensions>
      </trkpt>
      <trkpt lat="39.13802809081971645355224609375" lon="117.188596241176128387451171875">
        <ele>1.2000000476837158203125</ele>
        <time>2026-05-31T21:21:35.000Z</time>
        <extensions>
          <ns3:TrackPointExtension>
            <ns3:hr>131</ns3:hr>
            <ns3:cad>92</ns3:cad>
          </ns3:TrackPointExtension>
        </extensions>
      </trkpt>
      <trkpt lat="39.1380011849105358123779296875" lon="117.1886046230792999267578125">
        <ele>1.2000000476837158203125</ele>
        <time>2026-05-31T21:21:36.000Z</time>
        <extensions>
          <ns3:TrackPointExtension>
            <ns3:hr>131</ns3:hr>
            <ns3:cad>92</ns3:cad>
          </ns3:TrackPointExtension>
        </extensions>
      </trkpt>
      <trkpt lat="39.1379767097532749176025390625" lon="117.18860319815576076507568359375">
        <ele>1.2000000476837158203125</ele>
        <time>2026-05-31T21:21:37.000Z</time>
        <extensions>
          <ns3:TrackPointExtension>
            <ns3:hr>131</ns3:hr>
            <ns3:cad>92</ns3:cad>
          </ns3:TrackPointExtension>
        </extensions>
      </trkpt>
      <trkpt lat="39.1379529051482677459716796875" lon="117.18860420398414134979248046875">
        <ele>1.2000000476837158203125</ele>
        <time>2026-05-31T21:21:38.000Z</time>
        <extensions>
          <ns3:TrackPointExtension>
            <ns3:hr>131</ns3:hr>
            <ns3:cad>92</ns3:cad>
          </ns3:TrackPointExtension>
        </extensions>
      </trkpt>
      <trkpt lat="39.13792700506746768951416015625" lon="117.1885967440903186798095703125">
        <ele>1.39999997615814208984375</ele>
        <time>2026-05-31T21:21:39.000Z</time>
        <extensions>
          <ns3:TrackPointExtension>
            <ns3:hr>132</ns3:hr>
            <ns3:cad>92</ns3:cad>
          </ns3:TrackPointExtension>
        </extensions>
      </trkpt>
      <trkpt lat="39.1378999315202236175537109375" lon="117.18859196640551090240478515625">
        <ele>1.39999997615814208984375</ele>
        <time>2026-05-31T21:21:40.000Z</time>
        <extensions>
          <ns3:TrackPointExtension>
            <ns3:hr>132</ns3:hr>
            <ns3:cad>92</ns3:cad>
          </ns3:TrackPointExtension>
        </extensions>
      </trkpt>
      <trkpt lat="39.1378767974674701690673828125" lon="117.1885846741497516632080078125">
        <ele>1.39999997615814208984375</ele>
        <time>2026-05-31T21:21:41.000Z</time>
        <extensions>
          <ns3:TrackPointExtension>
            <ns3:hr>132</ns3:hr>
            <ns3:cad>92</ns3:cad>
          </ns3:TrackPointExtension>
        </extensions>
      </trkpt>
      <trkpt lat="39.137846119701862335205078125" lon="117.18858157284557819366455078125">
        <ele>1.39999997615814208984375</ele>
        <time>2026-05-31T21:21:42.000Z</time>
        <extensions>
          <ns3:TrackPointExtension>
            <ns3:hr>132</ns3:hr>
            <ns3:cad>92</ns3:cad>
          </ns3:TrackPointExtension>
        </extensions>
      </trkpt>
      <trkpt lat="39.13782122544944286346435546875" lon="117.18858106993138790130615234375">
        <ele>1.39999997615814208984375</ele>
        <time>2026-05-31T21:21:43.000Z</time>
        <extensions>
          <ns3:TrackPointExtension>
            <ns3:hr>132</ns3:hr>
            <ns3:cad>92</ns3:cad>
          </ns3:TrackPointExtension>
        </extensions>
      </trkpt>
      <trkpt lat="39.13778870366513729095458984375" lon="117.18858375214040279388427734375">
        <ele>1.2000000476837158203125</ele>
        <time>2026-05-31T21:21:44.000Z</time>
        <extensions>
          <ns3:TrackPointExtension>
            <ns3:hr>132</ns3:hr>
            <ns3:cad>92</ns3:cad>
          </ns3:TrackPointExtension>
        </extensions>
      </trkpt>
      <trkpt lat="39.13776406086981296539306640625" lon="117.1885890327394008636474609375">
        <ele>1.2000000476837158203125</ele>
        <time>2026-05-31T21:21:45.000Z</time>
        <extensions>
          <ns3:TrackPointExtension>
            <ns3:hr>132</ns3:hr>
            <ns3:cad>92</ns3:cad>
          </ns3:TrackPointExtension>
        </extensions>
      </trkpt>
      <trkpt lat="39.13773246109485626220703125" lon="117.18858241103589534759521484375">
        <ele>1.2000000476837158203125</ele>
        <time>2026-05-31T21:21:46.000Z</time>
        <extensions>
          <ns3:TrackPointExtension>
            <ns3:hr>132</ns3:hr>
            <ns3:cad>92</ns3:cad>
          </ns3:TrackPointExtension>
        </extensions>
      </trkpt>
      <trkpt lat="39.1377089917659759521484375" lon="117.1885766275227069854736328125">
        <ele>1.2000000476837158203125</ele>
        <time>2026-05-31T21:21:47.000Z</time>
        <extensions>
          <ns3:TrackPointExtension>
            <ns3:hr>133</ns3:hr>
            <ns3:cad>92</ns3:cad>
          </ns3:TrackPointExtension>
        </extensions>
      </trkpt>
      <trkpt lat="39.13767747581005096435546875" lon="117.18857386149466037750244140625">
        <ele>1.2000000476837158203125</ele>
        <time>2026-05-31T21:21:48.000Z</time>
        <extensions>
          <ns3:TrackPointExtension>
            <ns3:hr>133</ns3:hr>
            <ns3:cad>92</ns3:cad>
          </ns3:TrackPointExtension>
        </extensions>
      </trkpt>
      <trkpt lat="39.13765132427215576171875" lon="117.188570089638233184814453125">
        <ele>1.2000000476837158203125</ele>
        <time>2026-05-31T21:21:49.000Z</time>
        <extensions>
          <ns3:TrackPointExtension>
            <ns3:hr>134</ns3:hr>
            <ns3:cad>92</ns3:cad>
          </ns3:TrackPointExtension>
        </extensions>
      </trkpt>
      <trkpt lat="39.13761871866881847381591796875" lon="117.18856397084891796112060546875">
        <ele>1.2000000476837158203125</ele>
        <time>2026-05-31T21:21:50.000Z</time>
        <extensions>
          <ns3:TrackPointExtension>
            <ns3:hr>134</ns3:hr>
            <ns3:cad>92</ns3:cad>
          </ns3:TrackPointExtension>
        </extensions>
      </trkpt>
      <trkpt lat="39.13759575225412845611572265625" lon="117.188564725220203399658203125">
        <ele>1.2000000476837158203125</ele>
        <time>2026-05-31T21:21:51.000Z</time>
        <extensions>
          <ns3:TrackPointExtension>
            <ns3:hr>135</ns3:hr>
            <ns3:cad>92</ns3:cad>
          </ns3:TrackPointExtension>
        </extensions>
      </trkpt>
      <trkpt lat="39.1375649906694889068603515625" lon="117.1885598637163639068603515625">
        <ele>1.2000000476837158203125</ele>
        <time>2026-05-31T21:21:52.000Z</time>
        <extensions>
          <ns3:TrackPointExtension>
            <ns3:hr>135</ns3:hr>
            <ns3:cad>92</ns3:cad>
          </ns3:TrackPointExtension>
        </extensions>
      </trkpt>
      <trkpt lat="39.13755141198635101318359375" lon="117.1885612048208713531494140625">
        <ele>1.2000000476837158203125</ele>
        <time>2026-05-31T21:21:53.000Z</time>
        <extensions>
          <ns3:TrackPointExtension>
            <ns3:hr>135</ns3:hr>
            <ns3:cad>92</ns3:cad>
          </ns3:TrackPointExtension>
        </extensions>
      </trkpt>
      <trkpt lat="39.13752601481974124908447265625" lon="117.18855408020317554473876953125">
        <ele>1.2000000476837158203125</ele>
        <time>2026-05-31T21:21:54.000Z</time>
        <extensions>
          <ns3:TrackPointExtension>
            <ns3:hr>135</ns3:hr>
            <ns3:cad>92</ns3:cad>
          </ns3:TrackPointExtension>
        </extensions>
      </trkpt>
      <trkpt lat="39.13750271312892436981201171875" lon="117.188554666936397552490234375">
        <ele>1.2000000476837158203125</ele>
        <time>2026-05-31T21:21:55.000Z</time>
        <extensions>
          <ns3:TrackPointExtension>
            <ns3:hr>135</ns3:hr>
            <ns3:cad>92</ns3:cad>
          </ns3:TrackPointExtension>
        </extensions>
      </trkpt>
      <trkpt lat="39.13746985606849193572998046875" lon="117.18854636885225772857666015625">
        <ele>1.2000000476837158203125</ele>
        <time>2026-05-31T21:21:56.000Z</time>
        <extensions>
          <ns3:TrackPointExtension>
            <ns3:hr>135</ns3:hr>
            <ns3:cad>91</ns3:cad>
          </ns3:TrackPointExtension>
        </extensions>
      </trkpt>
      <trkpt lat="39.1374407708644866943359375" lon="117.188545279204845428466796875">
        <ele>1.2000000476837158203125</ele>
        <time>2026-05-31T21:21:57.000Z</time>
        <extensions>
          <ns3:TrackPointExtension>
            <ns3:hr>135</ns3:hr>
            <ns3:cad>91</ns3:cad>
          </ns3:TrackPointExtension>
        </extensions>
      </trkpt>
      <trkpt lat="39.13741252385079860687255859375" lon="117.18853580765426158905029296875">
        <ele>1.2000000476837158203125</ele>
        <time>2026-05-31T21:21:58.000Z</time>
        <extensions>
          <ns3:TrackPointExtension>
            <ns3:hr>135</ns3:hr>
            <ns3:cad>91</ns3:cad>
          </ns3:TrackPointExtension>
        </extensions>
      </trkpt>
      <trkpt lat="39.13738938979804515838623046875" lon="117.18853614293038845062255859375">
        <ele>1.2000000476837158203125</ele>
        <time>2026-05-31T21:21:59.000Z</time>
        <extensions>
          <ns3:TrackPointExtension>
            <ns3:hr>134</ns3:hr>
            <ns3:cad>91</ns3:cad>
          </ns3:TrackPointExtension>
        </extensions>
      </trkpt>
      <trkpt lat="39.1373656690120697021484375" lon="117.1885241568088531494140625">
        <ele>1.2000000476837158203125</ele>
        <time>2026-05-31T21:22:00.000Z</time>
        <extensions>
          <ns3:TrackPointExtension>
            <ns3:hr>134</ns3:hr>
            <ns3:cad>91</ns3:cad>
          </ns3:TrackPointExtension>
        </extensions>
      </trkpt>
      <trkpt lat="39.1373413614928722381591796875" lon="117.18852256424725055694580078125">
        <ele>1.2000000476837158203125</ele>
        <time>2026-05-31T21:22:01.000Z</time>
        <extensions>
          <ns3:TrackPointExtension>
            <ns3:hr>134</ns3:hr>
            <ns3:cad>92</ns3:cad>
          </ns3:TrackPointExtension>
        </extensions>
      </trkpt>
      <trkpt lat="39.13731671869754791259765625" lon="117.1885176189243793487548828125">
        <ele>1.2000000476837158203125</ele>
        <time>2026-05-31T21:22:02.000Z</time>
        <extensions>
          <ns3:TrackPointExtension>
            <ns3:hr>134</ns3:hr>
            <ns3:cad>92</ns3:cad>
          </ns3:TrackPointExtension>
        </extensions>
      </trkpt>
      <trkpt lat="39.1372893936932086944580078125" lon="117.1885161101818084716796875">
        <ele>1</ele>
        <time>2026-05-31T21:22:03.000Z</time>
        <extensions>
          <ns3:TrackPointExtension>
            <ns3:hr>134</ns3:hr>
            <ns3:cad>92</ns3:cad>
          </ns3:TrackPointExtension>
        </extensions>
      </trkpt>
      <trkpt lat="39.1372652538120746612548828125" lon="117.188515774905681610107421875">
        <ele>1.2000000476837158203125</ele>
        <time>2026-05-31T21:22:04.000Z</time>
        <extensions>
          <ns3:TrackPointExtension>
            <ns3:hr>134</ns3:hr>
            <ns3:cad>92</ns3:cad>
          </ns3:TrackPointExtension>
        </extensions>
      </trkpt>
      <trkpt lat="39.13723583333194255828857421875" lon="117.18851585872471332550048828125">
        <ele>1.2000000476837158203125</ele>
        <time>2026-05-31T21:22:05.000Z</time>
        <extensions>
          <ns3:TrackPointExtension>
            <ns3:hr>134</ns3:hr>
            <ns3:cad>92</ns3:cad>
          </ns3:TrackPointExtension>
        </extensions>
      </trkpt>
      <trkpt lat="39.13721051998436450958251953125" lon="117.188511751592159271240234375">
        <ele>1.2000000476837158203125</ele>
        <time>2026-05-31T21:22:06.000Z</time>
        <extensions>
          <ns3:TrackPointExtension>
            <ns3:hr>134</ns3:hr>
            <ns3:cad>92</ns3:cad>
          </ns3:TrackPointExtension>
        </extensions>
      </trkpt>
      <trkpt lat="39.13718084804713726043701171875" lon="117.18850965611636638641357421875">
        <ele>1.2000000476837158203125</ele>
        <time>2026-05-31T21:22:07.000Z</time>
        <extensions>
          <ns3:TrackPointExtension>
            <ns3:hr>135</ns3:hr>
            <ns3:cad>92</ns3:cad>
          </ns3:TrackPointExtension>
        </extensions>
      </trkpt>
      <trkpt lat="39.137158133089542388916015625" lon="117.188507057726383209228515625">
        <ele>1.2000000476837158203125</ele>
        <time>2026-05-31T21:22:08.000Z</time>
        <extensions>
          <ns3:TrackPointExtension>
            <ns3:hr>135</ns3:hr>
            <ns3:cad>92</ns3:cad>
          </ns3:TrackPointExtension>
        </extensions>
      </trkpt>
      <trkpt lat="39.137134663760662078857421875" lon="117.1885107457637786865234375">
        <ele>1.2000000476837158203125</ele>
        <time>2026-05-31T21:22:09.000Z</time>
        <extensions>
          <ns3:TrackPointExtension>
            <ns3:hr>135</ns3:hr>
            <ns3:cad>92</ns3:cad>
          </ns3:TrackPointExtension>
        </extensions>
      </trkpt>
      <trkpt lat="39.13711513392627239227294921875" lon="117.18851099722087383270263671875">
        <ele>1.39999997615814208984375</ele>
        <time>2026-05-31T21:22:10.000Z</time>
        <extensions>
          <ns3:TrackPointExtension>
            <ns3:hr>135</ns3:hr>
            <ns3:cad>92</ns3:cad>
          </ns3:TrackPointExtension>
        </extensions>
      </trkpt>
      <trkpt lat="39.13708479143679141998291015625" lon="117.188501022756099700927734375">
        <ele>1.39999997615814208984375</ele>
        <time>2026-05-31T21:22:11.000Z</time>
        <extensions>
          <ns3:TrackPointExtension>
            <ns3:hr>135</ns3:hr>
            <ns3:cad>92</ns3:cad>
          </ns3:TrackPointExtension>
        </extensions>
      </trkpt>
      <trkpt lat="39.13706132210791110992431640625" lon="117.18849934637546539306640625">
        <ele>1.39999997615814208984375</ele>
        <time>2026-05-31T21:22:12.000Z</time>
        <extensions>
          <ns3:TrackPointExtension>
            <ns3:hr>135</ns3:hr>
            <ns3:cad>92</ns3:cad>
          </ns3:TrackPointExtension>
        </extensions>
      </trkpt>
      <trkpt lat="39.1370325721800327301025390625" lon="117.18849557451903820037841796875">
        <ele>1.39999997615814208984375</ele>
        <time>2026-05-31T21:22:13.000Z</time>
        <extensions>
          <ns3:TrackPointExtension>
            <ns3:hr>135</ns3:hr>
            <ns3:cad>92</ns3:cad>
          </ns3:TrackPointExtension>
        </extensions>
      </trkpt>
      <trkpt lat="39.137010276317596435546875" lon="117.1884988434612751007080078125">
        <ele>1.2000000476837158203125</ele>
        <time>2026-05-31T21:22:14.000Z</time>
        <extensions>
          <ns3:TrackPointExtension>
            <ns3:hr>135</ns3:hr>
            <ns3:cad>91</ns3:cad>
          </ns3:TrackPointExtension>
        </extensions>
      </trkpt>
      <trkpt lat="39.136978425085544586181640625" lon="117.18849674798548221588134765625">
        <ele>1.2000000476837158203125</ele>
        <time>2026-05-31T21:22:15.000Z</time>
        <extensions>
          <ns3:TrackPointExtension>
            <ns3:hr>135</ns3:hr>
            <ns3:cad>91</ns3:cad>
          </ns3:TrackPointExtension>
        </extensions>
      </trkpt>
      <trkpt lat="39.13695571012794971466064453125" lon="117.18849590979516506195068359375">
        <ele>1</ele>
        <time>2026-05-31T21:22:16.000Z</time>
        <extensions>
          <ns3:TrackPointExtension>
            <ns3:hr>135</ns3:hr>
            <ns3:cad>91</ns3:cad>
          </ns3:TrackPointExtension>
        </extensions>
      </trkpt>
      <trkpt lat="39.13692352361977100372314453125" lon="117.18848685733973979949951171875">
        <ele>1</ele>
        <time>2026-05-31T21:22:17.000Z</time>
        <extensions>
          <ns3:TrackPointExtension>
            <ns3:hr>135</ns3:hr>
            <ns3:cad>91</ns3:cad>
          </ns3:TrackPointExtension>
        </extensions>
      </trkpt>
      <trkpt lat="39.13689938373863697052001953125" lon="117.18848057091236114501953125">
        <ele>1.2000000476837158203125</ele>
        <time>2026-05-31T21:22:18.000Z</time>
        <extensions>
          <ns3:TrackPointExtension>
            <ns3:hr>135</ns3:hr>
            <ns3:cad>92</ns3:cad>
          </ns3:TrackPointExtension>
        </extensions>
      </trkpt>
      <trkpt lat="39.13687172345817089080810546875" lon="117.188474871218204498291015625">
        <ele>1.2000000476837158203125</ele>
        <time>2026-05-31T21:22:19.000Z</time>
        <extensions>
          <ns3:TrackPointExtension>
            <ns3:hr>135</ns3:hr>
            <ns3:cad>92</ns3:cad>
          </ns3:TrackPointExtension>
        </extensions>
      </trkpt>
      <trkpt lat="39.13684892468154430389404296875" lon="117.1884706802666187286376953125">
        <ele>1.2000000476837158203125</ele>
        <time>2026-05-31T21:22:20.000Z</time>
        <extensions>
          <ns3:TrackPointExtension>
            <ns3:hr>135</ns3:hr>
            <ns3:cad>92</ns3:cad>
          </ns3:TrackPointExtension>
        </extensions>
      </trkpt>
      <trkpt lat="39.136822856962680816650390625" lon="117.18846405856311321258544921875">
        <ele>1.2000000476837158203125</ele>
        <time>2026-05-31T21:22:21.000Z</time>
        <extensions>
          <ns3:TrackPointExtension>
            <ns3:hr>135</ns3:hr>
            <ns3:cad>92</ns3:cad>
          </ns3:TrackPointExtension>
        </extensions>
      </trkpt>
      <trkpt lat="39.1368008963763713836669921875" lon="117.188459448516368865966796875">
        <ele>1.2000000476837158203125</ele>
        <time>2026-05-31T21:22:22.000Z</time>
        <extensions>
          <ns3:TrackPointExtension>
            <ns3:hr>135</ns3:hr>
            <ns3:cad>92</ns3:cad>
          </ns3:TrackPointExtension>
        </extensions>
      </trkpt>
      <trkpt lat="39.13677717559039592742919921875" lon="117.1884529106318950653076171875">
        <ele>1.2000000476837158203125</ele>
        <time>2026-05-31T21:22:23.000Z</time>
        <extensions>
          <ns3:TrackPointExtension>
            <ns3:hr>135</ns3:hr>
            <ns3:cad>92</ns3:cad>
          </ns3:TrackPointExtension>
        </extensions>
      </trkpt>
      <trkpt lat="39.13675236515700817108154296875" lon="117.18845064751803874969482421875">
        <ele>1.2000000476837158203125</ele>
        <time>2026-05-31T21:22:24.000Z</time>
        <extensions>
          <ns3:TrackPointExtension>
            <ns3:hr>135</ns3:hr>
            <ns3:cad>92</ns3:cad>
          </ns3:TrackPointExtension>
        </extensions>
      </trkpt>
      <trkpt lat="39.13672688417136669158935546875" lon="117.18844561837613582611083984375">
        <ele>1.2000000476837158203125</ele>
        <time>2026-05-31T21:22:25.000Z</time>
        <extensions>
          <ns3:TrackPointExtension>
            <ns3:hr>135</ns3:hr>
            <ns3:cad>92</ns3:cad>
          </ns3:TrackPointExtension>
        </extensions>
      </trkpt>
      <trkpt lat="39.13670257665216922760009765625" lon="117.188445031642913818359375">
        <ele>1.2000000476837158203125</ele>
        <time>2026-05-31T21:22:26.000Z</time>
        <extensions>
          <ns3:TrackPointExtension>
            <ns3:hr>135</ns3:hr>
            <ns3:cad>92</ns3:cad>
          </ns3:TrackPointExtension>
        </extensions>
      </trkpt>
      <trkpt lat="39.13667944259941577911376953125" lon="117.1884445287287235260009765625">
        <ele>1.2000000476837158203125</ele>
        <time>2026-05-31T21:22:27.000Z</time>
        <extensions>
          <ns3:TrackPointExtension>
            <ns3:hr>135</ns3:hr>
            <ns3:cad>92</ns3:cad>
          </ns3:TrackPointExtension>
        </extensions>
      </trkpt>
      <trkpt lat="39.13665345869958400726318359375" lon="117.188444025814533233642578125">
        <ele>1.2000000476837158203125</ele>
        <time>2026-05-31T21:22:28.000Z</time>
        <extensions>
          <ns3:TrackPointExtension>
            <ns3:hr>135</ns3:hr>
            <ns3:cad>92</ns3:cad>
          </ns3:TrackPointExtension>
        </extensions>
      </trkpt>
      <trkpt lat="39.13663007318973541259765625" lon="117.18843673355877399444580078125">
        <ele>1.2000000476837158203125</ele>
        <time>2026-05-31T21:22:29.000Z</time>
        <extensions>
          <ns3:TrackPointExtension>
            <ns3:hr>135</ns3:hr>
            <ns3:cad>91</ns3:cad>
          </ns3:TrackPointExtension>
        </extensions>
      </trkpt>
      <trkpt lat="39.1366010718047618865966796875" lon="117.18843572773039340972900390625">
        <ele>1.2000000476837158203125</ele>
        <time>2026-05-31T21:22:30.000Z</time>
        <extensions>
          <ns3:TrackPointExtension>
            <ns3:hr>135</ns3:hr>
            <ns3:cad>91</ns3:cad>
          </ns3:TrackPointExtension>
        </extensions>
      </trkpt>
      <trkpt lat="39.13657550700008869171142578125" lon="117.18843120150268077850341796875">
        <ele>1.2000000476837158203125</ele>
        <time>2026-05-31T21:22:31.000Z</time>
        <extensions>
          <ns3:TrackPointExtension>
            <ns3:hr>136</ns3:hr>
            <ns3:cad>91</ns3:cad>
          </ns3:TrackPointExtension>
        </extensions>
      </trkpt>
      <trkpt lat="39.13654625415802001953125" lon="117.1884321235120296478271484375">
        <ele>1.2000000476837158203125</ele>
        <time>2026-05-31T21:22:32.000Z</time>
        <extensions>
          <ns3:TrackPointExtension>
            <ns3:hr>136</ns3:hr>
            <ns3:cad>90</ns3:cad>
          </ns3:TrackPointExtension>
        </extensions>
      </trkpt>
      <trkpt lat="39.13652286864817142486572265625" lon="117.18842986039817333221435546875">
        <ele>1.2000000476837158203125</ele>
        <time>2026-05-31T21:22:33.000Z</time>
        <extensions>
          <ns3:TrackPointExtension>
            <ns3:hr>135</ns3:hr>
            <ns3:cad>90</ns3:cad>
          </ns3:TrackPointExtension>
        </extensions>
      </trkpt>
      <trkpt lat="39.13649328052997589111328125" lon="117.1884240768849849700927734375">
        <ele>1.2000000476837158203125</ele>
        <time>2026-05-31T21:22:34.000Z</time>
        <extensions>
          <ns3:TrackPointExtension>
            <ns3:hr>135</ns3:hr>
            <ns3:cad>91</ns3:cad>
          </ns3:TrackPointExtension>
        </extensions>
      </trkpt>
      <trkpt lat="39.1364696435630321502685546875" lon="117.1884197182953357696533203125">
        <ele>1.2000000476837158203125</ele>
        <time>2026-05-31T21:22:35.000Z</time>
        <extensions>
          <ns3:TrackPointExtension>
            <ns3:hr>135</ns3:hr>
            <ns3:cad>92</ns3:cad>
          </ns3:TrackPointExtension>
        </extensions>
      </trkpt>
      <trkpt lat="39.13644424639642238616943359375" lon="117.1884113363921642303466796875">
        <ele>1.2000000476837158203125</ele>
        <time>2026-05-31T21:22:36.000Z</time>
        <extensions>
          <ns3:TrackPointExtension>
            <ns3:hr>135</ns3:hr>
            <ns3:cad>92</ns3:cad>
          </ns3:TrackPointExtension>
        </extensions>
      </trkpt>
      <trkpt lat="39.1364200226962566375732421875" lon="117.1884163655340671539306640625">
        <ele>1.2000000476837158203125</ele>
        <time>2026-05-31T21:22:37.000Z</time>
        <extensions>
          <ns3:TrackPointExtension>
            <ns3:hr>135</ns3:hr>
            <ns3:cad>92</ns3:cad>
          </ns3:TrackPointExtension>
        </extensions>
      </trkpt>
      <trkpt lat="39.13639060221612453460693359375" lon="117.18840722925961017608642578125">
        <ele>1.2000000476837158203125</ele>
        <time>2026-05-31T21:22:38.000Z</time>
        <extensions>
          <ns3:TrackPointExtension>
            <ns3:hr>135</ns3:hr>
            <ns3:cad>92</ns3:cad>
          </ns3:TrackPointExtension>
        </extensions>
      </trkpt>
      <trkpt lat="39.1363663785159587860107421875" lon="117.1884034574031829833984375">
        <ele>1.39999997615814208984375</ele>
        <time>2026-05-31T21:22:39.000Z</time>
        <extensions>
          <ns3:TrackPointExtension>
            <ns3:hr>135</ns3:hr>
            <ns3:cad>92</ns3:cad>
          </ns3:TrackPointExtension>
        </extensions>
      </trkpt>
      <trkpt lat="39.1363370418548583984375" lon="117.1883959136903285980224609375">
        <ele>1.39999997615814208984375</ele>
        <time>2026-05-31T21:22:40.000Z</time>
        <extensions>
          <ns3:TrackPointExtension>
            <ns3:hr>135</ns3:hr>
            <ns3:cad>92</ns3:cad>
          </ns3:TrackPointExtension>
        </extensions>
      </trkpt>
      <trkpt lat="39.13631214760243892669677734375" lon="117.18839348293840885162353515625">
        <ele>1.2000000476837158203125</ele>
        <time>2026-05-31T21:22:41.000Z</time>
        <extensions>
          <ns3:TrackPointExtension>
            <ns3:hr>135</ns3:hr>
            <ns3:cad>92</ns3:cad>
          </ns3:TrackPointExtension>
        </extensions>
      </trkpt>
      <trkpt lat="39.1362855769693851470947265625" lon="117.18838979490101337432861328125">
        <ele>1.2000000476837158203125</ele>
        <time>2026-05-31T21:22:42.000Z</time>
        <extensions>
          <ns3:TrackPointExtension>
            <ns3:hr>135</ns3:hr>
            <ns3:cad>91</ns3:cad>
          </ns3:TrackPointExtension>
        </extensions>
      </trkpt>
      <trkpt lat="39.1362654604017734527587890625" lon="117.18839080072939395904541015625">
        <ele>1</ele>
        <time>2026-05-31T21:22:43.000Z</time>
        <extensions>
          <ns3:TrackPointExtension>
            <ns3:hr>135</ns3:hr>
            <ns3:cad>91</ns3:cad>
          </ns3:TrackPointExtension>
        </extensions>
      </trkpt>
      <trkpt lat="39.13623838685452938079833984375" lon="117.18838744796812534332275390625">
        <ele>0.800000011920928955078125</ele>
        <time>2026-05-31T21:22:44.000Z</time>
        <extensions>
          <ns3:TrackPointExtension>
            <ns3:hr>135</ns3:hr>
            <ns3:cad>91</ns3:cad>
          </ns3:TrackPointExtension>
        </extensions>
      </trkpt>
      <trkpt lat="39.1362118162214756011962890625" lon="117.18838535249233245849609375">
        <ele>0.60000002384185791015625</ele>
        <time>2026-05-31T21:22:45.000Z</time>
        <extensions>
          <ns3:TrackPointExtension>
            <ns3:hr>135</ns3:hr>
            <ns3:cad>91</ns3:cad>
          </ns3:TrackPointExtension>
        </extensions>
      </trkpt>
      <trkpt lat="39.13617921061813831329345703125" lon="117.1883814968168735504150390625">
        <ele>0.4000000059604644775390625</ele>
        <time>2026-05-31T21:22:46.000Z</time>
        <extensions>
          <ns3:TrackPointExtension>
            <ns3:hr>135</ns3:hr>
            <ns3:cad>91</ns3:cad>
          </ns3:TrackPointExtension>
        </extensions>
      </trkpt>
      <trkpt lat="39.1361497901380062103271484375" lon="117.18837822787463665008544921875">
        <ele>0.20000000298023223876953125</ele>
        <time>2026-05-31T21:22:47.000Z</time>
        <extensions>
          <ns3:TrackPointExtension>
            <ns3:hr>134</ns3:hr>
            <ns3:cad>93</ns3:cad>
          </ns3:TrackPointExtension>
        </extensions>
      </trkpt>
      <trkpt lat="39.13611643016338348388671875" lon="117.18836925923824310302734375">
        <ele>-0.20000000298023223876953125</ele>
        <time>2026-05-31T21:22:48.000Z</time>
        <extensions>
          <ns3:TrackPointExtension>
            <ns3:hr>134</ns3:hr>
            <ns3:cad>93</ns3:cad>
          </ns3:TrackPointExtension>
        </extensions>
      </trkpt>
      <trkpt lat="39.13608399219810962677001953125" lon="117.18836112879216670989990234375">
        <ele>-0.4000000059604644775390625</ele>
        <time>2026-05-31T21:22:49.000Z</time>
        <extensions>
          <ns3:TrackPointExtension>
            <ns3:hr>134</ns3:hr>
            <ns3:cad>93</ns3:cad>
          </ns3:TrackPointExtension>
        </extensions>
      </trkpt>
      <trkpt lat="39.1360579244792461395263671875" lon="117.1883426047861576080322265625">
        <ele>-0.60000002384185791015625</ele>
        <time>2026-05-31T21:22:50.000Z</time>
        <extensions>
          <ns3:TrackPointExtension>
            <ns3:hr>134</ns3:hr>
            <ns3:cad>91</ns3:cad>
          </ns3:TrackPointExtension>
        </extensions>
      </trkpt>
      <trkpt lat="39.1360314376652240753173828125" lon="117.188329361379146575927734375">
        <ele>-0.800000011920928955078125</ele>
        <time>2026-05-31T21:22:51.000Z</time>
        <extensions>
          <ns3:TrackPointExtension>
            <ns3:hr>133</ns3:hr>
            <ns3:cad>91</ns3:cad>
          </ns3:TrackPointExtension>
        </extensions>
      </trkpt>
      <trkpt lat="39.13600386120378971099853515625" lon="117.188317961990833282470703125">
        <ele>-0.800000011920928955078125</ele>
        <time>2026-05-31T21:22:52.000Z</time>
        <extensions>
          <ns3:TrackPointExtension>
            <ns3:hr>133</ns3:hr>
            <ns3:cad>92</ns3:cad>
          </ns3:TrackPointExtension>
        </extensions>
      </trkpt>
      <trkpt lat="39.13597762584686279296875" lon="117.18831033445894718170166015625">
        <ele>-0.800000011920928955078125</ele>
        <time>2026-05-31T21:22:53.000Z</time>
        <extensions>
          <ns3:TrackPointExtension>
            <ns3:hr>133</ns3:hr>
            <ns3:cad>93</ns3:cad>
          </ns3:TrackPointExtension>
        </extensions>
      </trkpt>
      <trkpt lat="39.135953485965728759765625" lon="117.188295833766460418701171875">
        <ele>-0.800000011920928955078125</ele>
        <time>2026-05-31T21:22:54.000Z</time>
        <extensions>
          <ns3:TrackPointExtension>
            <ns3:hr>133</ns3:hr>
            <ns3:cad>93</ns3:cad>
          </ns3:TrackPointExtension>
        </extensions>
      </trkpt>
      <trkpt lat="39.13593278266489505767822265625" lon="117.18828870914876461029052734375">
        <ele>-0.800000011920928955078125</ele>
        <time>2026-05-31T21:22:55.000Z</time>
        <extensions>
          <ns3:TrackPointExtension>
            <ns3:hr>133</ns3:hr>
            <ns3:cad>93</ns3:cad>
          </ns3:TrackPointExtension>
        </extensions>
      </trkpt>
      <trkpt lat="39.135890789330005645751953125" lon="117.18828518874943256378173828125">
        <ele>-0.800000011920928955078125</ele>
        <time>2026-05-31T21:22:56.000Z</time>
        <extensions>
          <ns3:TrackPointExtension>
            <ns3:hr>132</ns3:hr>
            <ns3:cad>91</ns3:cad>
          </ns3:TrackPointExtension>
        </extensions>
      </trkpt>
      <trkpt lat="39.135876707732677459716796875" lon="117.18827010132372379302978515625">
        <ele>-0.800000011920928955078125</ele>
        <time>2026-05-31T21:22:57.000Z</time>
        <extensions>
          <ns3:TrackPointExtension>
            <ns3:hr>131</ns3:hr>
            <ns3:cad>91</ns3:cad>
          </ns3:TrackPointExtension>
        </extensions>
      </trkpt>
      <trkpt lat="39.13586623035371303558349609375" lon="117.18825350515544414520263671875">
        <ele>-0.800000011920928955078125</ele>
        <time>2026-05-31T21:22:58.000Z</time>
        <extensions>
          <ns3:TrackPointExtension>
            <ns3:hr>130</ns3:hr>
            <ns3:cad>91</ns3:cad>
          </ns3:TrackPointExtension>
        </extensions>
      </trkpt>
      <trkpt lat="39.1358359716832637786865234375" lon="117.18825149349868297576904296875">
        <ele>-0.800000011920928955078125</ele>
        <time>2026-05-31T21:22:59.000Z</time>
        <extensions>
          <ns3:TrackPointExtension>
            <ns3:hr>129</ns3:hr>
            <ns3:cad>91</ns3:cad>
          </ns3:TrackPointExtension>
        </extensions>
      </trkpt>
      <trkpt lat="39.135816358029842376708984375" lon="117.188250906765460968017578125">
        <ele>-1</ele>
        <time>2026-05-31T21:23:00.000Z</time>
        <extensions>
          <ns3:TrackPointExtension>
            <ns3:hr>129</ns3:hr>
            <ns3:cad>90</ns3:cad>
          </ns3:TrackPointExtension>
        </extensions>
      </trkpt>
      <trkpt lat="39.13578827865421772003173828125" lon="117.18824990093708038330078125">
        <ele>-1</ele>
        <time>2026-05-31T21:23:01.000Z</time>
        <extensions>
          <ns3:TrackPointExtension>
            <ns3:hr>128</ns3:hr>
            <ns3:cad>90</ns3:cad>
          </ns3:TrackPointExtension>
        </extensions>
      </trkpt>
      <trkpt lat="39.13576849736273288726806640625" lon="117.18825199641287326812744140625">
        <ele>-1</ele>
        <time>2026-05-31T21:23:02.000Z</time>
        <extensions>
          <ns3:TrackPointExtension>
            <ns3:hr>128</ns3:hr>
            <ns3:cad>90</ns3:cad>
          </ns3:TrackPointExtension>
        </extensions>
      </trkpt>
      <trkpt lat="39.13573262281715869903564453125" lon="117.18825115822255611419677734375">
        <ele>-1</ele>
        <time>2026-05-31T21:23:03.000Z</time>
        <extensions>
          <ns3:TrackPointExtension>
            <ns3:hr>128</ns3:hr>
            <ns3:cad>90</ns3:cad>
          </ns3:TrackPointExtension>
        </extensions>
      </trkpt>
      <trkpt lat="39.135711081326007843017578125" lon="117.18825149349868297576904296875">
        <ele>-1.2000000476837158203125</ele>
        <time>2026-05-31T21:23:04.000Z</time>
        <extensions>
          <ns3:TrackPointExtension>
            <ns3:hr>127</ns3:hr>
            <ns3:cad>90</ns3:cad>
          </ns3:TrackPointExtension>
        </extensions>
      </trkpt>
      <trkpt lat="39.135678894817829132080078125" lon="117.188257277011871337890625">
        <ele>-1.2000000476837158203125</ele>
        <time>2026-05-31T21:23:05.000Z</time>
        <extensions>
          <ns3:TrackPointExtension>
            <ns3:hr>127</ns3:hr>
            <ns3:cad>90</ns3:cad>
          </ns3:TrackPointExtension>
        </extensions>
      </trkpt>
      <trkpt lat="39.13564838469028472900390625" lon="117.18826574273407459259033203125">
        <ele>-1.2000000476837158203125</ele>
        <time>2026-05-31T21:23:06.000Z</time>
        <extensions>
          <ns3:TrackPointExtension>
            <ns3:hr>126</ns3:hr>
            <ns3:cad>90</ns3:cad>
          </ns3:TrackPointExtension>
        </extensions>
      </trkpt>
      <trkpt lat="39.13561812601983547210693359375" lon="117.1882628090679645538330078125">
        <ele>-1.2000000476837158203125</ele>
        <time>2026-05-31T21:23:07.000Z</time>
        <extensions>
          <ns3:TrackPointExtension>
            <ns3:hr>126</ns3:hr>
            <ns3:cad>90</ns3:cad>
          </ns3:TrackPointExtension>
        </extensions>
      </trkpt>
      <trkpt lat="39.1355980932712554931640625" lon="117.1882644854485988616943359375">
        <ele>-1.2000000476837158203125</ele>
        <time>2026-05-31T21:23:08.000Z</time>
        <extensions>
          <ns3:TrackPointExtension>
            <ns3:hr>126</ns3:hr>
            <ns3:cad>90</ns3:cad>
          </ns3:TrackPointExtension>
        </extensions>
      </trkpt>
      <trkpt lat="39.13556934334337711334228515625" lon="117.18826062977313995361328125">
        <ele>-1.39999997615814208984375</ele>
        <time>2026-05-31T21:23:09.000Z</time>
        <extensions>
          <ns3:TrackPointExtension>
            <ns3:hr>126</ns3:hr>
            <ns3:cad>90</ns3:cad>
          </ns3:TrackPointExtension>
        </extensions>
      </trkpt>
      <trkpt lat="39.13554671220481395721435546875" lon="117.1882567740976810455322265625">
        <ele>-1.39999997615814208984375</ele>
        <time>2026-05-31T21:23:10.000Z</time>
        <extensions>
          <ns3:TrackPointExtension>
            <ns3:hr>126</ns3:hr>
            <ns3:cad>90</ns3:cad>
          </ns3:TrackPointExtension>
        </extensions>
      </trkpt>
      <trkpt lat="39.13551989011466503143310546875" lon="117.188254259526729583740234375">
        <ele>-1.39999997615814208984375</ele>
        <time>2026-05-31T21:23:11.000Z</time>
        <extensions>
          <ns3:TrackPointExtension>
            <ns3:hr>126</ns3:hr>
            <ns3:cad>90</ns3:cad>
          </ns3:TrackPointExtension>
        </extensions>
      </trkpt>
      <trkpt lat="39.13549792952835559844970703125" lon="117.1882571093738079071044921875">
        <ele>-1.39999997615814208984375</ele>
        <time>2026-05-31T21:23:12.000Z</time>
        <extensions>
          <ns3:TrackPointExtension>
            <ns3:hr>126</ns3:hr>
            <ns3:cad>90</ns3:cad>
          </ns3:TrackPointExtension>
        </extensions>
      </trkpt>
      <trkpt lat="39.1354711912572383880615234375" lon="117.18824763782322406768798828125">
        <ele>-1.39999997615814208984375</ele>
        <time>2026-05-31T21:23:13.000Z</time>
        <extensions>
          <ns3:TrackPointExtension>
            <ns3:hr>126</ns3:hr>
            <ns3:cad>90</ns3:cad>
          </ns3:TrackPointExtension>
        </extensions>
      </trkpt>
      <trkpt lat="39.13544990122318267822265625" lon="117.18824763782322406768798828125">
        <ele>-1.39999997615814208984375</ele>
        <time>2026-05-31T21:23:14.000Z</time>
        <extensions>
          <ns3:TrackPointExtension>
            <ns3:hr>126</ns3:hr>
            <ns3:cad>91</ns3:cad>
          </ns3:TrackPointExtension>
        </extensions>
      </trkpt>
      <trkpt lat="39.135419391095638275146484375" lon="117.188241519033908843994140625">
        <ele>-1.39999997615814208984375</ele>
        <time>2026-05-31T21:23:15.000Z</time>
        <extensions>
          <ns3:TrackPointExtension>
            <ns3:hr>126</ns3:hr>
            <ns3:cad>91</ns3:cad>
          </ns3:TrackPointExtension>
        </extensions>
      </trkpt>
      <trkpt lat="39.13539784960448741912841796875" lon="117.188244201242923736572265625">
        <ele>-1.39999997615814208984375</ele>
        <time>2026-05-31T21:23:16.000Z</time>
        <extensions>
          <ns3:TrackPointExtension>
            <ns3:hr>126</ns3:hr>
            <ns3:cad>91</ns3:cad>
          </ns3:TrackPointExtension>
        </extensions>
      </trkpt>
      <trkpt lat="39.13536650128662586212158203125" lon="117.1882371604442596435546875">
        <ele>-1.39999997615814208984375</ele>
        <time>2026-05-31T21:23:17.000Z</time>
        <extensions>
          <ns3:TrackPointExtension>
            <ns3:hr>126</ns3:hr>
            <ns3:cad>91</ns3:cad>
          </ns3:TrackPointExtension>
        </extensions>
      </trkpt>
      <trkpt lat="39.13534529507160186767578125" lon="117.18824185431003570556640625">
        <ele>-1.39999997615814208984375</ele>
        <time>2026-05-31T21:23:18.000Z</time>
        <extensions>
          <ns3:TrackPointExtension>
            <ns3:hr>126</ns3:hr>
            <ns3:cad>92</ns3:cad>
          </ns3:TrackPointExtension>
        </extensions>
      </trkpt>
      <trkpt lat="39.13531738333404064178466796875" lon="117.18823841772973537445068359375">
        <ele>-1.39999997615814208984375</ele>
        <time>2026-05-31T21:23:19.000Z</time>
        <extensions>
          <ns3:TrackPointExtension>
            <ns3:hr>126</ns3:hr>
            <ns3:cad>92</ns3:cad>
          </ns3:TrackPointExtension>
        </extensions>
      </trkpt>
      <trkpt lat="39.1352976858615875244140625" lon="117.18824629671871662139892578125">
        <ele>-1.60000002384185791015625</ele>
        <time>2026-05-31T21:23:20.000Z</time>
        <extensions>
          <ns3:TrackPointExtension>
            <ns3:hr>127</ns3:hr>
            <ns3:cad>92</ns3:cad>
          </ns3:TrackPointExtension>
        </extensions>
      </trkpt>
      <trkpt lat="39.13526960648596286773681640625" lon="117.18823892064392566680908203125">
        <ele>-1.60000002384185791015625</ele>
        <time>2026-05-31T21:23:21.000Z</time>
        <extensions>
          <ns3:TrackPointExtension>
            <ns3:hr>127</ns3:hr>
            <ns3:cad>92</ns3:cad>
          </ns3:TrackPointExtension>
        </extensions>
      </trkpt>
      <trkpt lat="39.13524865172803401947021484375" lon="117.18824277631938457489013671875">
        <ele>-1.60000002384185791015625</ele>
        <time>2026-05-31T21:23:22.000Z</time>
        <extensions>
          <ns3:TrackPointExtension>
            <ns3:hr>127</ns3:hr>
            <ns3:cad>92</ns3:cad>
          </ns3:TrackPointExtension>
        </extensions>
      </trkpt>
      <trkpt lat="39.1352212429046630859375" lon="117.18824143521487712860107421875">
        <ele>-1.39999997615814208984375</ele>
        <time>2026-05-31T21:23:23.000Z</time>
        <extensions>
          <ns3:TrackPointExtension>
            <ns3:hr>127</ns3:hr>
            <ns3:cad>92</ns3:cad>
          </ns3:TrackPointExtension>
        </extensions>
      </trkpt>
      <trkpt lat="39.13519970141351222991943359375" lon="117.18824730254709720611572265625">
        <ele>-1.60000002384185791015625</ele>
        <time>2026-05-31T21:23:24.000Z</time>
        <extensions>
          <ns3:TrackPointExtension>
            <ns3:hr>128</ns3:hr>
            <ns3:cad>92</ns3:cad>
          </ns3:TrackPointExtension>
        </extensions>
      </trkpt>
      <trkpt lat="39.13517354987561702728271484375" lon="117.1882480569183826446533203125">
        <ele>-1.60000002384185791015625</ele>
        <time>2026-05-31T21:23:25.000Z</time>
        <extensions>
          <ns3:TrackPointExtension>
            <ns3:hr>128</ns3:hr>
            <ns3:cad>92</ns3:cad>
          </ns3:TrackPointExtension>
        </extensions>
      </trkpt>
      <trkpt lat="39.13514723069965839385986328125" lon="117.1882500685751438140869140625">
        <ele>-1.60000002384185791015625</ele>
        <time>2026-05-31T21:23:26.000Z</time>
        <extensions>
          <ns3:TrackPointExtension>
            <ns3:hr>128</ns3:hr>
            <ns3:cad>92</ns3:cad>
          </ns3:TrackPointExtension>
        </extensions>
      </trkpt>
      <trkpt lat="39.13512401282787322998046875" lon="117.18824897892773151397705078125">
        <ele>-1.60000002384185791015625</ele>
        <time>2026-05-31T21:23:27.000Z</time>
        <extensions>
          <ns3:TrackPointExtension>
            <ns3:hr>128</ns3:hr>
            <ns3:cad>92</ns3:cad>
          </ns3:TrackPointExtension>
        </extensions>
      </trkpt>
      <trkpt lat="39.13509610109031200408935546875" lon="117.188255600631237030029296875">
        <ele>-1.60000002384185791015625</ele>
        <time>2026-05-31T21:23:28.000Z</time>
        <extensions>
          <ns3:TrackPointExtension>
            <ns3:hr>128</ns3:hr>
            <ns3:cad>91</ns3:cad>
          </ns3:TrackPointExtension>
        </extensions>
      </trkpt>
      <trkpt lat="39.1350712068378925323486328125" lon="117.18825769610702991485595703125">
        <ele>-1.60000002384185791015625</ele>
        <time>2026-05-31T21:23:29.000Z</time>
        <extensions>
          <ns3:TrackPointExtension>
            <ns3:hr>129</ns3:hr>
            <ns3:cad>91</ns3:cad>
          </ns3:TrackPointExtension>
        </extensions>
      </trkpt>
      <trkpt lat="39.13504463620483875274658203125" lon="117.18826037831604480743408203125">
        <ele>-1.39999997615814208984375</ele>
        <time>2026-05-31T21:23:30.000Z</time>
        <extensions>
          <ns3:TrackPointExtension>
            <ns3:hr>129</ns3:hr>
            <ns3:cad>91</ns3:cad>
          </ns3:TrackPointExtension>
        </extensions>
      </trkpt>
      <trkpt lat="39.1350225917994976043701171875" lon="117.18826389871537685394287109375">
        <ele>-1.39999997615814208984375</ele>
        <time>2026-05-31T21:23:31.000Z</time>
        <extensions>
          <ns3:TrackPointExtension>
            <ns3:hr>129</ns3:hr>
            <ns3:cad>92</ns3:cad>
          </ns3:TrackPointExtension>
        </extensions>
      </trkpt>
      <trkpt lat="39.13499736227095127105712890625" lon="117.1882691793143749237060546875">
        <ele>-1.39999997615814208984375</ele>
        <time>2026-05-31T21:23:32.000Z</time>
        <extensions>
          <ns3:TrackPointExtension>
            <ns3:hr>129</ns3:hr>
            <ns3:cad>92</ns3:cad>
          </ns3:TrackPointExtension>
        </extensions>
      </trkpt>
      <trkpt lat="39.134977161884307861328125" lon="117.18826792202889919281005859375">
        <ele>-1.39999997615814208984375</ele>
        <time>2026-05-31T21:23:33.000Z</time>
        <extensions>
          <ns3:TrackPointExtension>
            <ns3:hr>129</ns3:hr>
            <ns3:cad>92</ns3:cad>
          </ns3:TrackPointExtension>
        </extensions>
      </trkpt>
      <trkpt lat="39.13494740612804889678955078125" lon="117.18827093951404094696044921875">
        <ele>-1.39999997615814208984375</ele>
        <time>2026-05-31T21:23:34.000Z</time>
        <extensions>
          <ns3:TrackPointExtension>
            <ns3:hr>129</ns3:hr>
            <ns3:cad>92</ns3:cad>
          </ns3:TrackPointExtension>
        </extensions>
      </trkpt>
      <trkpt lat="39.1349253617227077484130859375" lon="117.188272364437580108642578125">
        <ele>-1.39999997615814208984375</ele>
        <time>2026-05-31T21:23:35.000Z</time>
        <extensions>
          <ns3:TrackPointExtension>
            <ns3:hr>130</ns3:hr>
            <ns3:cad>92</ns3:cad>
          </ns3:TrackPointExtension>
        </extensions>
      </trkpt>
      <trkpt lat="39.134893007576465606689453125" lon="117.1882715262472629547119140625">
        <ele>-1.39999997615814208984375</ele>
        <time>2026-05-31T21:23:36.000Z</time>
        <extensions>
          <ns3:TrackPointExtension>
            <ns3:hr>130</ns3:hr>
            <ns3:cad>92</ns3:cad>
          </ns3:TrackPointExtension>
        </extensions>
      </trkpt>
      <trkpt lat="39.13487280718982219696044921875" lon="117.188279069960117340087890625">
        <ele>-1.39999997615814208984375</ele>
        <time>2026-05-31T21:23:37.000Z</time>
        <extensions>
          <ns3:TrackPointExtension>
            <ns3:hr>131</ns3:hr>
            <ns3:cad>92</ns3:cad>
          </ns3:TrackPointExtension>
        </extensions>
      </trkpt>
      <trkpt lat="39.134840033948421478271484375" lon="117.188275046646595001220703125">
        <ele>-1.39999997615814208984375</ele>
        <time>2026-05-31T21:23:38.000Z</time>
        <extensions>
          <ns3:TrackPointExtension>
            <ns3:hr>131</ns3:hr>
            <ns3:cad>91</ns3:cad>
          </ns3:TrackPointExtension>
        </extensions>
      </trkpt>
      <trkpt lat="39.13481899537146091461181640625" lon="117.18827932141721248626708984375">
        <ele>-1.39999997615814208984375</ele>
        <time>2026-05-31T21:23:39.000Z</time>
        <extensions>
          <ns3:TrackPointExtension>
            <ns3:hr>131</ns3:hr>
            <ns3:cad>91</ns3:cad>
          </ns3:TrackPointExtension>
        </extensions>
      </trkpt>
      <trkpt lat="39.13478965871036052703857421875" lon="117.1882745437324047088623046875">
        <ele>-1.39999997615814208984375</ele>
        <time>2026-05-31T21:23:40.000Z</time>
        <extensions>
          <ns3:TrackPointExtension>
            <ns3:hr>132</ns3:hr>
            <ns3:cad>92</ns3:cad>
          </ns3:TrackPointExtension>
        </extensions>
      </trkpt>
      <trkpt lat="39.13476970978081226348876953125" lon="117.18828166835010051727294921875">
        <ele>-1.39999997615814208984375</ele>
        <time>2026-05-31T21:23:41.000Z</time>
        <extensions>
          <ns3:TrackPointExtension>
            <ns3:hr>133</ns3:hr>
            <ns3:cad>92</ns3:cad>
          </ns3:TrackPointExtension>
        </extensions>
      </trkpt>
      <trkpt lat="39.1347371041774749755859375" lon="117.18827580101788043975830078125">
        <ele>-1.39999997615814208984375</ele>
        <time>2026-05-31T21:23:42.000Z</time>
        <extensions>
          <ns3:TrackPointExtension>
            <ns3:hr>134</ns3:hr>
            <ns3:cad>92</ns3:cad>
          </ns3:TrackPointExtension>
        </extensions>
      </trkpt>
      <trkpt lat="39.1347158141434192657470703125" lon="117.188280411064624786376953125">
        <ele>-1.39999997615814208984375</ele>
        <time>2026-05-31T21:23:43.000Z</time>
        <extensions>
          <ns3:TrackPointExtension>
            <ns3:hr>135</ns3:hr>
            <ns3:cad>92</ns3:cad>
          </ns3:TrackPointExtension>
        </extensions>
      </trkpt>
      <trkpt lat="39.1346861422061920166015625" lon="117.1882758848369121551513671875">
        <ele>-1.39999997615814208984375</ele>
        <time>2026-05-31T21:23:44.000Z</time>
        <extensions>
          <ns3:TrackPointExtension>
            <ns3:hr>135</ns3:hr>
            <ns3:cad>92</ns3:cad>
          </ns3:TrackPointExtension>
        </extensions>
      </trkpt>
      <trkpt lat="39.13466460071504116058349609375" lon="117.188284099102020263671875">
        <ele>-1.39999997615814208984375</ele>
        <time>2026-05-31T21:23:45.000Z</time>
        <extensions>
          <ns3:TrackPointExtension>
            <ns3:hr>136</ns3:hr>
            <ns3:cad>92</ns3:cad>
          </ns3:TrackPointExtension>
        </extensions>
      </trkpt>
      <trkpt lat="39.134636186063289642333984375" lon="117.18827328644692897796630859375">
        <ele>-1.39999997615814208984375</ele>
        <time>2026-05-31T21:23:46.000Z</time>
        <extensions>
          <ns3:TrackPointExtension>
            <ns3:hr>136</ns3:hr>
            <ns3:cad>92</ns3:cad>
          </ns3:TrackPointExtension>
        </extensions>
      </trkpt>
      <trkpt lat="39.1346152313053607940673828125" lon="117.18827747739851474761962890625">
        <ele>-1.39999997615814208984375</ele>
        <time>2026-05-31T21:23:47.000Z</time>
        <extensions>
          <ns3:TrackPointExtension>
            <ns3:hr>136</ns3:hr>
            <ns3:cad>92</ns3:cad>
          </ns3:TrackPointExtension>
        </extensions>
      </trkpt>
      <trkpt lat="39.13458882831037044525146484375" lon="117.18827077187597751617431640625">
        <ele>-1.39999997615814208984375</ele>
        <time>2026-05-31T21:23:48.000Z</time>
        <extensions>
          <ns3:TrackPointExtension>
            <ns3:hr>136</ns3:hr>
            <ns3:cad>92</ns3:cad>
          </ns3:TrackPointExtension>
        </extensions>
      </trkpt>
      <trkpt lat="39.13456569425761699676513671875" lon="117.1882748790085315704345703125">
        <ele>-1.39999997615814208984375</ele>
        <time>2026-05-31T21:23:49.000Z</time>
        <extensions>
          <ns3:TrackPointExtension>
            <ns3:hr>136</ns3:hr>
            <ns3:cad>92</ns3:cad>
          </ns3:TrackPointExtension>
        </extensions>
      </trkpt>
      <trkpt lat="39.13453887216746807098388671875" lon="117.18827412463724613189697265625">
        <ele>-1.39999997615814208984375</ele>
        <time>2026-05-31T21:23:50.000Z</time>
        <extensions>
          <ns3:TrackPointExtension>
            <ns3:hr>136</ns3:hr>
            <ns3:cad>92</ns3:cad>
          </ns3:TrackPointExtension>
        </extensions>
      </trkpt>
      <trkpt lat="39.13451825268566608428955078125" lon="117.1882832609117031097412109375">
        <ele>-1.60000002384185791015625</ele>
        <time>2026-05-31T21:23:51.000Z</time>
        <extensions>
          <ns3:TrackPointExtension>
            <ns3:hr>135</ns3:hr>
            <ns3:cad>92</ns3:cad>
          </ns3:TrackPointExtension>
        </extensions>
      </trkpt>
      <trkpt lat="39.1344925202429294586181640625" lon="117.18828870914876461029052734375">
        <ele>-1.60000002384185791015625</ele>
        <time>2026-05-31T21:23:52.000Z</time>
        <extensions>
          <ns3:TrackPointExtension>
            <ns3:hr>135</ns3:hr>
            <ns3:cad>92</ns3:cad>
          </ns3:TrackPointExtension>
        </extensions>
      </trkpt>
      <trkpt lat="39.1344663687050342559814453125" lon="117.188297845423221588134765625">
        <ele>-1.60000002384185791015625</ele>
        <time>2026-05-31T21:23:53.000Z</time>
        <extensions>
          <ns3:TrackPointExtension>
            <ns3:hr>135</ns3:hr>
            <ns3:cad>92</ns3:cad>
          </ns3:TrackPointExtension>
        </extensions>
      </trkpt>
      <trkpt lat="39.1344392113387584686279296875" lon="117.1883013658225536346435546875">
        <ele>-1.39999997615814208984375</ele>
        <time>2026-05-31T21:23:54.000Z</time>
        <extensions>
          <ns3:TrackPointExtension>
            <ns3:hr>135</ns3:hr>
            <ns3:cad>92</ns3:cad>
          </ns3:TrackPointExtension>
        </extensions>
      </trkpt>
      <trkpt lat="39.13441180251538753509521484375" lon="117.1883027069270610809326171875">
        <ele>-1.39999997615814208984375</ele>
        <time>2026-05-31T21:23:55.000Z</time>
        <extensions>
          <ns3:TrackPointExtension>
            <ns3:hr>135</ns3:hr>
            <ns3:cad>91</ns3:cad>
          </ns3:TrackPointExtension>
        </extensions>
      </trkpt>
      <trkpt lat="39.1343899257481098175048828125" lon="117.1883077360689640045166015625">
        <ele>-1.39999997615814208984375</ele>
        <time>2026-05-31T21:23:56.000Z</time>
        <extensions>
          <ns3:TrackPointExtension>
            <ns3:hr>135</ns3:hr>
            <ns3:cad>91</ns3:cad>
          </ns3:TrackPointExtension>
        </extensions>
      </trkpt>
      <trkpt lat="39.1343600861728191375732421875" lon="117.188305892050266265869140625">
        <ele>-1.39999997615814208984375</ele>
        <time>2026-05-31T21:23:57.000Z</time>
        <extensions>
          <ns3:TrackPointExtension>
            <ns3:hr>135</ns3:hr>
            <ns3:cad>92</ns3:cad>
          </ns3:TrackPointExtension>
        </extensions>
      </trkpt>
      <trkpt lat="39.1343401372432708740234375" lon="117.18830413185060024261474609375">
        <ele>-1.39999997615814208984375</ele>
        <time>2026-05-31T21:23:58.000Z</time>
        <extensions>
          <ns3:TrackPointExtension>
            <ns3:hr>135</ns3:hr>
            <ns3:cad>92</ns3:cad>
          </ns3:TrackPointExtension>
        </extensions>
      </trkpt>
      <trkpt lat="39.13431256078183650970458984375" lon="117.18830882571637630462646484375">
        <ele>-1.39999997615814208984375</ele>
        <time>2026-05-31T21:23:59.000Z</time>
        <extensions>
          <ns3:TrackPointExtension>
            <ns3:hr>135</ns3:hr>
            <ns3:cad>92</ns3:cad>
          </ns3:TrackPointExtension>
        </extensions>
      </trkpt>
      <trkpt lat="39.134292192757129669189453125" lon="117.188318632543087005615234375">
        <ele>-1.39999997615814208984375</ele>
        <time>2026-05-31T21:24:00.000Z</time>
        <extensions>
          <ns3:TrackPointExtension>
            <ns3:hr>135</ns3:hr>
            <ns3:cad>92</ns3:cad>
          </ns3:TrackPointExtension>
        </extensions>
      </trkpt>
      <trkpt lat="39.13425740785896778106689453125" lon="117.18832106329500675201416015625">
        <ele>-1.39999997615814208984375</ele>
        <time>2026-05-31T21:24:01.000Z</time>
        <extensions>
          <ns3:TrackPointExtension>
            <ns3:hr>134</ns3:hr>
            <ns3:cad>92</ns3:cad>
          </ns3:TrackPointExtension>
        </extensions>
      </trkpt>
      <trkpt lat="39.13423863239586353302001953125" lon="117.1883318759500980377197265625">
        <ele>-1.39999997615814208984375</ele>
        <time>2026-05-31T21:24:02.000Z</time>
        <extensions>
          <ns3:TrackPointExtension>
            <ns3:hr>134</ns3:hr>
            <ns3:cad>92</ns3:cad>
          </ns3:TrackPointExtension>
        </extensions>
      </trkpt>
      <trkpt lat="39.1342041827738285064697265625" lon="117.1883335523307323455810546875">
        <ele>-1.39999997615814208984375</ele>
        <time>2026-05-31T21:24:03.000Z</time>
        <extensions>
          <ns3:TrackPointExtension>
            <ns3:hr>133</ns3:hr>
            <ns3:cad>92</ns3:cad>
          </ns3:TrackPointExtension>
        </extensions>
      </trkpt>
      <trkpt lat="39.13418130017817020416259765625" lon="117.1883399225771427154541015625">
        <ele>-1.39999997615814208984375</ele>
        <time>2026-05-31T21:24:04.000Z</time>
        <extensions>
          <ns3:TrackPointExtension>
            <ns3:hr>133</ns3:hr>
            <ns3:cad>92</ns3:cad>
          </ns3:TrackPointExtension>
        </extensions>
      </trkpt>
      <trkpt lat="39.13415171205997467041015625" lon="117.1883422695100307464599609375">
        <ele>-1.39999997615814208984375</ele>
        <time>2026-05-31T21:24:05.000Z</time>
        <extensions>
          <ns3:TrackPointExtension>
            <ns3:hr>133</ns3:hr>
            <ns3:cad>92</ns3:cad>
          </ns3:TrackPointExtension>
        </extensions>
      </trkpt>
      <trkpt lat="39.1341287456452846527099609375" lon="117.188350148499011993408203125">
        <ele>-1.39999997615814208984375</ele>
        <time>2026-05-31T21:24:06.000Z</time>
        <extensions>
          <ns3:TrackPointExtension>
            <ns3:hr>133</ns3:hr>
            <ns3:cad>92</ns3:cad>
          </ns3:TrackPointExtension>
        </extensions>
      </trkpt>
      <trkpt lat="39.13409865461289882659912109375" lon="117.18834704719483852386474609375">
        <ele>-1.39999997615814208984375</ele>
        <time>2026-05-31T21:24:07.000Z</time>
        <extensions>
          <ns3:TrackPointExtension>
            <ns3:hr>133</ns3:hr>
            <ns3:cad>92</ns3:cad>
          </ns3:TrackPointExtension>
        </extensions>
      </trkpt>
      <trkpt lat="39.13407392799854278564453125" lon="117.18834587372839450836181640625">
        <ele>-1.39999997615814208984375</ele>
        <time>2026-05-31T21:24:08.000Z</time>
        <extensions>
          <ns3:TrackPointExtension>
            <ns3:hr>133</ns3:hr>
            <ns3:cad>92</ns3:cad>
          </ns3:TrackPointExtension>
        </extensions>
      </trkpt>
      <trkpt lat="39.13404970429837703704833984375" lon="117.188349477946758270263671875">
        <ele>-1.39999997615814208984375</ele>
        <time>2026-05-31T21:24:09.000Z</time>
        <extensions>
          <ns3:TrackPointExtension>
            <ns3:hr>132</ns3:hr>
            <ns3:cad>92</ns3:cad>
          </ns3:TrackPointExtension>
        </extensions>
      </trkpt>
      <trkpt lat="39.13403025828301906585693359375" lon="117.1883674152195453643798828125">
        <ele>-1.60000002384185791015625</ele>
        <time>2026-05-31T21:24:10.000Z</time>
        <extensions>
          <ns3:TrackPointExtension>
            <ns3:hr>132</ns3:hr>
            <ns3:cad>92</ns3:cad>
          </ns3:TrackPointExtension>
        </extensions>
      </trkpt>
      <trkpt lat="39.13400553166866302490234375" lon="117.18837453983724117279052734375">
        <ele>-1.60000002384185791015625</ele>
        <time>2026-05-31T21:24:11.000Z</time>
        <extensions>
          <ns3:TrackPointExtension>
            <ns3:hr>132</ns3:hr>
            <ns3:cad>92</ns3:cad>
          </ns3:TrackPointExtension>
        </extensions>
      </trkpt>
      <trkpt lat="39.1339815594255924224853515625" lon="117.188383676111698150634765625">
        <ele>-1.60000002384185791015625</ele>
        <time>2026-05-31T21:24:12.000Z</time>
        <extensions>
          <ns3:TrackPointExtension>
            <ns3:hr>133</ns3:hr>
            <ns3:cad>92</ns3:cad>
          </ns3:TrackPointExtension>
        </extensions>
      </trkpt>
      <trkpt lat="39.1339570842683315277099609375" lon="117.18838476575911045074462890625">
        <ele>-1.60000002384185791015625</ele>
        <time>2026-05-31T21:24:13.000Z</time>
        <extensions>
          <ns3:TrackPointExtension>
            <ns3:hr>133</ns3:hr>
            <ns3:cad>92</ns3:cad>
          </ns3:TrackPointExtension>
        </extensions>
      </trkpt>
      <trkpt lat="39.1339292563498020172119140625" lon="117.18839147128164768218994140625">
        <ele>-1.60000002384185791015625</ele>
        <time>2026-05-31T21:24:14.000Z</time>
        <extensions>
          <ns3:TrackPointExtension>
            <ns3:hr>133</ns3:hr>
            <ns3:cad>92</ns3:cad>
          </ns3:TrackPointExtension>
        </extensions>
      </trkpt>
      <trkpt lat="39.1339077986776828765869140625" lon="117.1883935667574405670166015625">
        <ele>-1.60000002384185791015625</ele>
        <time>2026-05-31T21:24:15.000Z</time>
        <extensions>
          <ns3:TrackPointExtension>
            <ns3:hr>133</ns3:hr>
            <ns3:cad>92</ns3:cad>
          </ns3:TrackPointExtension>
        </extensions>
      </trkpt>
      <trkpt lat="39.13387971930205821990966796875" lon="117.18839918263256549835205078125">
        <ele>-1.60000002384185791015625</ele>
        <time>2026-05-31T21:24:16.000Z</time>
        <extensions>
          <ns3:TrackPointExtension>
            <ns3:hr>133</ns3:hr>
            <ns3:cad>92</ns3:cad>
          </ns3:TrackPointExtension>
        </extensions>
      </trkpt>
      <trkpt lat="39.1338571719825267791748046875" lon="117.18840857036411762237548828125">
        <ele>-1.60000002384185791015625</ele>
        <time>2026-05-31T21:24:17.000Z</time>
        <extensions>
          <ns3:TrackPointExtension>
            <ns3:hr>134</ns3:hr>
            <ns3:cad>92</ns3:cad>
          </ns3:TrackPointExtension>
        </extensions>
      </trkpt>
      <trkpt lat="39.13382850587368011474609375" lon="117.1884190477430820465087890625">
        <ele>-1.60000002384185791015625</ele>
        <time>2026-05-31T21:24:18.000Z</time>
        <extensions>
          <ns3:TrackPointExtension>
            <ns3:hr>133</ns3:hr>
            <ns3:cad>92</ns3:cad>
          </ns3:TrackPointExtension>
        </extensions>
      </trkpt>
      <trkpt lat="39.13380763493478298187255859375" lon="117.1884351409971714019775390625">
        <ele>-1.60000002384185791015625</ele>
        <time>2026-05-31T21:24:19.000Z</time>
        <extensions>
          <ns3:TrackPointExtension>
            <ns3:hr>133</ns3:hr>
            <ns3:cad>92</ns3:cad>
          </ns3:TrackPointExtension>
        </extensions>
      </trkpt>
      <trkpt lat="39.133779890835285186767578125" lon="117.18844578601419925689697265625">
        <ele>-1.60000002384185791015625</ele>
        <time>2026-05-31T21:24:20.000Z</time>
        <extensions>
          <ns3:TrackPointExtension>
            <ns3:hr>134</ns3:hr>
            <ns3:cad>92</ns3:cad>
          </ns3:TrackPointExtension>
        </extensions>
      </trkpt>
      <trkpt lat="39.13375885225832462310791015625" lon="117.18845249153673648834228515625">
        <ele>-1.60000002384185791015625</ele>
        <time>2026-05-31T21:24:21.000Z</time>
        <extensions>
          <ns3:TrackPointExtension>
            <ns3:hr>134</ns3:hr>
            <ns3:cad>92</ns3:cad>
          </ns3:TrackPointExtension>
        </extensions>
      </trkpt>
      <trkpt lat="39.1337270848453044891357421875" lon="117.18845902942121028900146484375">
        <ele>-1.60000002384185791015625</ele>
        <time>2026-05-31T21:24:22.000Z</time>
        <extensions>
          <ns3:TrackPointExtension>
            <ns3:hr>134</ns3:hr>
            <ns3:cad>92</ns3:cad>
          </ns3:TrackPointExtension>
        </extensions>
      </trkpt>
      <trkpt lat="39.13370554335415363311767578125" lon="117.18847445212304592132568359375">
        <ele>-1.60000002384185791015625</ele>
        <time>2026-05-31T21:24:23.000Z</time>
        <extensions>
          <ns3:TrackPointExtension>
            <ns3:hr>134</ns3:hr>
            <ns3:cad>92</ns3:cad>
          </ns3:TrackPointExtension>
        </extensions>
      </trkpt>
      <trkpt lat="39.13367955945432186126708984375" lon="117.18848736025393009185791015625">
        <ele>-1.60000002384185791015625</ele>
        <time>2026-05-31T21:24:24.000Z</time>
        <extensions>
          <ns3:TrackPointExtension>
            <ns3:hr>135</ns3:hr>
            <ns3:cad>92</ns3:cad>
          </ns3:TrackPointExtension>
        </extensions>
      </trkpt>
      <trkpt lat="39.13366086781024932861328125" lon="117.1885001845657825469970703125">
        <ele>-1.60000002384185791015625</ele>
        <time>2026-05-31T21:24:25.000Z</time>
        <extensions>
          <ns3:TrackPointExtension>
            <ns3:hr>135</ns3:hr>
            <ns3:cad>92</ns3:cad>
          </ns3:TrackPointExtension>
        </extensions>
      </trkpt>
      <trkpt lat="39.1336311958730220794677734375" lon="117.18851082958281040191650390625">
        <ele>-1.60000002384185791015625</ele>
        <time>2026-05-31T21:24:26.000Z</time>
        <extensions>
          <ns3:TrackPointExtension>
            <ns3:hr>135</ns3:hr>
            <ns3:cad>92</ns3:cad>
          </ns3:TrackPointExtension>
        </extensions>
      </trkpt>
      <trkpt lat="39.1336120851337909698486328125" lon="117.18852189369499683380126953125">
        <ele>-1.60000002384185791015625</ele>
        <time>2026-05-31T21:24:27.000Z</time>
        <extensions>
          <ns3:TrackPointExtension>
            <ns3:hr>135</ns3:hr>
            <ns3:cad>91</ns3:cad>
          </ns3:TrackPointExtension>
        </extensions>
      </trkpt>
      <trkpt lat="39.13358299992978572845458984375" lon="117.1885300241410732269287109375">
        <ele>-1.60000002384185791015625</ele>
        <time>2026-05-31T21:24:28.000Z</time>
        <extensions>
          <ns3:TrackPointExtension>
            <ns3:hr>135</ns3:hr>
            <ns3:cad>91</ns3:cad>
          </ns3:TrackPointExtension>
        </extensions>
      </trkpt>
      <trkpt lat="39.13356355391442775726318359375" lon="117.18854066915810108184814453125">
        <ele>-1.7999999523162841796875</ele>
        <time>2026-05-31T21:24:29.000Z</time>
        <extensions>
          <ns3:TrackPointExtension>
            <ns3:hr>135</ns3:hr>
            <ns3:cad>91</ns3:cad>
          </ns3:TrackPointExtension>
        </extensions>
      </trkpt>
      <trkpt lat="39.133532457053661346435546875" lon="117.188547961413860321044921875">
        <ele>-1.7999999523162841796875</ele>
        <time>2026-05-31T21:24:30.000Z</time>
        <extensions>
          <ns3:TrackPointExtension>
            <ns3:hr>136</ns3:hr>
            <ns3:cad>91</ns3:cad>
          </ns3:TrackPointExtension>
        </extensions>
      </trkpt>
      <trkpt lat="39.13351326249539852142333984375" lon="117.188559360802173614501953125">
        <ele>-1.60000002384185791015625</ele>
        <time>2026-05-31T21:24:31.000Z</time>
        <extensions>
          <ns3:TrackPointExtension>
            <ns3:hr>136</ns3:hr>
            <ns3:cad>91</ns3:cad>
          </ns3:TrackPointExtension>
        </extensions>
      </trkpt>
      <trkpt lat="39.1334850154817104339599609375" lon="117.188566066324710845947265625">
        <ele>-1.60000002384185791015625</ele>
        <time>2026-05-31T21:24:32.000Z</time>
        <extensions>
          <ns3:TrackPointExtension>
            <ns3:hr>136</ns3:hr>
            <ns3:cad>92</ns3:cad>
          </ns3:TrackPointExtension>
        </extensions>
      </trkpt>
      <trkpt lat="39.13346464745700359344482421875" lon="117.18857872299849987030029296875">
        <ele>-1.60000002384185791015625</ele>
        <time>2026-05-31T21:24:33.000Z</time>
        <extensions>
          <ns3:TrackPointExtension>
            <ns3:hr>136</ns3:hr>
            <ns3:cad>92</ns3:cad>
          </ns3:TrackPointExtension>
        </extensions>
      </trkpt>
      <trkpt lat="39.13343715481460094451904296875" lon="117.18858651816844940185546875">
        <ele>-1.7999999523162841796875</ele>
        <time>2026-05-31T21:24:34.000Z</time>
        <extensions>
          <ns3:TrackPointExtension>
            <ns3:hr>136</ns3:hr>
            <ns3:cad>92</ns3:cad>
          </ns3:TrackPointExtension>
        </extensions>
      </trkpt>
      <trkpt lat="39.13341217674314975738525390625" lon="117.188598923385143280029296875">
        <ele>-1.7999999523162841796875</ele>
        <time>2026-05-31T21:24:35.000Z</time>
        <extensions>
          <ns3:TrackPointExtension>
            <ns3:hr>137</ns3:hr>
            <ns3:cad>92</ns3:cad>
          </ns3:TrackPointExtension>
        </extensions>
      </trkpt>
      <trkpt lat="39.13338501937687397003173828125" lon="117.18860663473606109619140625">
        <ele>-1.7999999523162841796875</ele>
        <time>2026-05-31T21:24:36.000Z</time>
        <extensions>
          <ns3:TrackPointExtension>
            <ns3:hr>136</ns3:hr>
            <ns3:cad>92</ns3:cad>
          </ns3:TrackPointExtension>
        </extensions>
      </trkpt>
      <trkpt lat="39.1333616338670253753662109375" lon="117.188617698848247528076171875">
        <ele>-1.7999999523162841796875</ele>
        <time>2026-05-31T21:24:37.000Z</time>
        <extensions>
          <ns3:TrackPointExtension>
            <ns3:hr>136</ns3:hr>
            <ns3:cad>92</ns3:cad>
          </ns3:TrackPointExtension>
        </extensions>
      </trkpt>
      <trkpt lat="39.13333506323397159576416015625" lon="117.18862918205559253692626953125">
        <ele>-1.7999999523162841796875</ele>
        <time>2026-05-31T21:24:38.000Z</time>
        <extensions>
          <ns3:TrackPointExtension>
            <ns3:hr>137</ns3:hr>
            <ns3:cad>92</ns3:cad>
          </ns3:TrackPointExtension>
        </extensions>
      </trkpt>
      <trkpt lat="39.1333089955151081085205078125" lon="117.188642509281635284423828125">
        <ele>-1.7999999523162841796875</ele>
        <time>2026-05-31T21:24:39.000Z</time>
        <extensions>
          <ns3:TrackPointExtension>
            <ns3:hr>136</ns3:hr>
            <ns3:cad>92</ns3:cad>
          </ns3:TrackPointExtension>
        </extensions>
      </trkpt>
      <trkpt lat="39.13328359834849834442138671875" lon="117.1886529028415679931640625">
        <ele>-1.7999999523162841796875</ele>
        <time>2026-05-31T21:24:40.000Z</time>
        <extensions>
          <ns3:TrackPointExtension>
            <ns3:hr>136</ns3:hr>
            <ns3:cad>92</ns3:cad>
          </ns3:TrackPointExtension>
        </extensions>
      </trkpt>
      <trkpt lat="39.13325962610542774200439453125" lon="117.18866757117211818695068359375">
        <ele>-1.7999999523162841796875</ele>
        <time>2026-05-31T21:24:41.000Z</time>
        <extensions>
          <ns3:TrackPointExtension>
            <ns3:hr>136</ns3:hr>
            <ns3:cad>92</ns3:cad>
          </ns3:TrackPointExtension>
        </extensions>
      </trkpt>
      <trkpt lat="39.13323800079524517059326171875" lon="117.18868249095976352691650390625">
        <ele>-1.7999999523162841796875</ele>
        <time>2026-05-31T21:24:42.000Z</time>
        <extensions>
          <ns3:TrackPointExtension>
            <ns3:hr>136</ns3:hr>
            <ns3:cad>91</ns3:cad>
          </ns3:TrackPointExtension>
        </extensions>
      </trkpt>
      <trkpt lat="39.13321235217154026031494140625" lon="117.18869456090033054351806640625">
        <ele>-1.7999999523162841796875</ele>
        <time>2026-05-31T21:24:43.000Z</time>
        <extensions>
          <ns3:TrackPointExtension>
            <ns3:hr>136</ns3:hr>
            <ns3:cad>92</ns3:cad>
          </ns3:TrackPointExtension>
        </extensions>
      </trkpt>
      <trkpt lat="39.13319156505167484283447265625" lon="117.188708223402500152587890625">
        <ele>-1.7999999523162841796875</ele>
        <time>2026-05-31T21:24:44.000Z</time>
        <extensions>
          <ns3:TrackPointExtension>
            <ns3:hr>136</ns3:hr>
            <ns3:cad>91</ns3:cad>
          </ns3:TrackPointExtension>
        </extensions>
      </trkpt>
      <trkpt lat="39.1331634856760501861572265625" lon="117.18871853314340114593505859375">
        <ele>-1.7999999523162841796875</ele>
        <time>2026-05-31T21:24:45.000Z</time>
        <extensions>
          <ns3:TrackPointExtension>
            <ns3:hr>137</ns3:hr>
            <ns3:cad>92</ns3:cad>
          </ns3:TrackPointExtension>
        </extensions>
      </trkpt>
      <trkpt lat="39.1331410221755504608154296875" lon="117.18873194418847560882568359375">
        <ele>-1.7999999523162841796875</ele>
        <time>2026-05-31T21:24:46.000Z</time>
        <extensions>
          <ns3:TrackPointExtension>
            <ns3:hr>137</ns3:hr>
            <ns3:cad>92</ns3:cad>
          </ns3:TrackPointExtension>
        </extensions>
      </trkpt>
      <trkpt lat="39.13311227224767208099365234375" lon="117.1887414157390594482421875">
        <ele>-1.7999999523162841796875</ele>
        <time>2026-05-31T21:24:47.000Z</time>
        <extensions>
          <ns3:TrackPointExtension>
            <ns3:hr>137</ns3:hr>
            <ns3:cad>92</ns3:cad>
          </ns3:TrackPointExtension>
        </extensions>
      </trkpt>
      <trkpt lat="39.1330930776894092559814453125" lon="117.1887549944221973419189453125">
        <ele>-1.7999999523162841796875</ele>
        <time>2026-05-31T21:24:48.000Z</time>
        <extensions>
          <ns3:TrackPointExtension>
            <ns3:hr>136</ns3:hr>
            <ns3:cad>92</ns3:cad>
          </ns3:TrackPointExtension>
        </extensions>
      </trkpt>
      <trkpt lat="39.13306667469441890716552734375" lon="117.18877167440950870513916015625">
        <ele>-1.7999999523162841796875</ele>
        <time>2026-05-31T21:24:49.000Z</time>
        <extensions>
          <ns3:TrackPointExtension>
            <ns3:hr>137</ns3:hr>
            <ns3:cad>92</ns3:cad>
          </ns3:TrackPointExtension>
        </extensions>
      </trkpt>
      <trkpt lat="39.13305141963064670562744140625" lon="117.1887868456542491912841796875">
        <ele>-1.7999999523162841796875</ele>
        <time>2026-05-31T21:24:50.000Z</time>
        <extensions>
          <ns3:TrackPointExtension>
            <ns3:hr>137</ns3:hr>
            <ns3:cad>92</ns3:cad>
          </ns3:TrackPointExtension>
        </extensions>
      </trkpt>
      <trkpt lat="39.133022166788578033447265625" lon="117.18879975378513336181640625">
        <ele>-1.7999999523162841796875</ele>
        <time>2026-05-31T21:24:51.000Z</time>
        <extensions>
          <ns3:TrackPointExtension>
            <ns3:hr>136</ns3:hr>
            <ns3:cad>92</ns3:cad>
          </ns3:TrackPointExtension>
        </extensions>
      </trkpt>
      <trkpt lat="39.13300498388707637786865234375" lon="117.1888133324682712554931640625">
        <ele>-1.7999999523162841796875</ele>
        <time>2026-05-31T21:24:52.000Z</time>
        <extensions>
          <ns3:TrackPointExtension>
            <ns3:hr>137</ns3:hr>
            <ns3:cad>92</ns3:cad>
          </ns3:TrackPointExtension>
        </extensions>
      </trkpt>
      <trkpt lat="39.13297346793115139007568359375" lon="117.188820876181125640869140625">
        <ele>-1.60000002384185791015625</ele>
        <time>2026-05-31T21:24:53.000Z</time>
        <extensions>
          <ns3:TrackPointExtension>
            <ns3:hr>137</ns3:hr>
            <ns3:cad>92</ns3:cad>
          </ns3:TrackPointExtension>
        </extensions>
      </trkpt>
      <trkpt lat="39.13295184262096881866455078125" lon="117.18883219175040721893310546875">
        <ele>-1.60000002384185791015625</ele>
        <time>2026-05-31T21:24:54.000Z</time>
        <extensions>
          <ns3:TrackPointExtension>
            <ns3:hr>136</ns3:hr>
            <ns3:cad>92</ns3:cad>
          </ns3:TrackPointExtension>
        </extensions>
      </trkpt>
      <trkpt lat="39.1329197399318218231201171875" lon="117.1888230554759502410888671875">
        <ele>-1.60000002384185791015625</ele>
        <time>2026-05-31T21:24:55.000Z</time>
        <extensions>
          <ns3:TrackPointExtension>
            <ns3:hr>136</ns3:hr>
            <ns3:cad>92</ns3:cad>
          </ns3:TrackPointExtension>
        </extensions>
      </trkpt>
      <trkpt lat="39.13289903663098812103271484375" lon="117.18883738853037357330322265625">
        <ele>-1.60000002384185791015625</ele>
        <time>2026-05-31T21:24:56.000Z</time>
        <extensions>
          <ns3:TrackPointExtension>
            <ns3:hr>136</ns3:hr>
            <ns3:cad>92</ns3:cad>
          </ns3:TrackPointExtension>
        </extensions>
      </trkpt>
      <trkpt lat="39.13286550901830196380615234375" lon="117.18884107656776905059814453125">
        <ele>-1.60000002384185791015625</ele>
        <time>2026-05-31T21:24:57.000Z</time>
        <extensions>
          <ns3:TrackPointExtension>
            <ns3:hr>137</ns3:hr>
            <ns3:cad>92</ns3:cad>
          </ns3:TrackPointExtension>
        </extensions>
      </trkpt>
      <trkpt lat="39.1328432969748973846435546875" lon="117.18884912319481372833251953125">
        <ele>-1.60000002384185791015625</ele>
        <time>2026-05-31T21:24:58.000Z</time>
        <extensions>
          <ns3:TrackPointExtension>
            <ns3:hr>136</ns3:hr>
            <ns3:cad>92</ns3:cad>
          </ns3:TrackPointExtension>
        </extensions>
      </trkpt>
      <trkpt lat="39.1328164748847484588623046875" lon="117.188847698271274566650390625">
        <ele>-1.60000002384185791015625</ele>
        <time>2026-05-31T21:24:59.000Z</time>
        <extensions>
          <ns3:TrackPointExtension>
            <ns3:hr>136</ns3:hr>
            <ns3:cad>92</ns3:cad>
          </ns3:TrackPointExtension>
        </extensions>
      </trkpt>
      <trkpt lat="39.13280398584902286529541015625" lon="117.18888499774038791656494140625">
        <ele>-1.60000002384185791015625</ele>
        <time>2026-05-31T21:25:00.000Z</time>
        <extensions>
          <ns3:TrackPointExtension>
            <ns3:hr>135</ns3:hr>
            <ns3:cad>92</ns3:cad>
          </ns3:TrackPointExtension>
        </extensions>
      </trkpt>
      <trkpt lat="39.13279593922197818756103515625" lon="117.1889102272689342498779296875">
        <ele>-1.60000002384185791015625</ele>
        <time>2026-05-31T21:25:01.000Z</time>
        <extensions>
          <ns3:TrackPointExtension>
            <ns3:hr>135</ns3:hr>
            <ns3:cad>92</ns3:cad>
          </ns3:TrackPointExtension>
        </extensions>
      </trkpt>
      <trkpt lat="39.13277196697890758514404296875" lon="117.188924141228199005126953125">
        <ele>-1.60000002384185791015625</ele>
        <time>2026-05-31T21:25:02.000Z</time>
        <extensions>
          <ns3:TrackPointExtension>
            <ns3:hr>135</ns3:hr>
            <ns3:cad>92</ns3:cad>
          </ns3:TrackPointExtension>
        </extensions>
      </trkpt>
      <trkpt lat="39.1327433846890926361083984375" lon="117.18894249759614467620849609375">
        <ele>-1.60000002384185791015625</ele>
        <time>2026-05-31T21:25:03.000Z</time>
        <extensions>
          <ns3:TrackPointExtension>
            <ns3:hr>135</ns3:hr>
            <ns3:cad>92</ns3:cad>
          </ns3:TrackPointExtension>
        </extensions>
      </trkpt>
      <trkpt lat="39.132715724408626556396484375" lon="117.1889564953744411468505859375">
        <ele>-1.60000002384185791015625</ele>
        <time>2026-05-31T21:25:04.000Z</time>
        <extensions>
          <ns3:TrackPointExtension>
            <ns3:hr>135</ns3:hr>
            <ns3:cad>92</ns3:cad>
          </ns3:TrackPointExtension>
        </extensions>
      </trkpt>
      <trkpt lat="39.13268948905169963836669921875" lon="117.18896948732435703277587890625">
        <ele>-1.60000002384185791015625</ele>
        <time>2026-05-31T21:25:05.000Z</time>
        <extensions>
          <ns3:TrackPointExtension>
            <ns3:hr>136</ns3:hr>
            <ns3:cad>92</ns3:cad>
          </ns3:TrackPointExtension>
        </extensions>
      </trkpt>
      <trkpt lat="39.13266937248408794403076171875" lon="117.188981473445892333984375">
        <ele>-1.60000002384185791015625</ele>
        <time>2026-05-31T21:25:06.000Z</time>
        <extensions>
          <ns3:TrackPointExtension>
            <ns3:hr>136</ns3:hr>
            <ns3:cad>92</ns3:cad>
          </ns3:TrackPointExtension>
        </extensions>
      </trkpt>
      <trkpt lat="39.13266979157924652099609375" lon="117.1889841556549072265625">
        <ele>-1.7999999523162841796875</ele>
        <time>2026-05-31T21:25:07.000Z</time>
        <extensions>
          <ns3:TrackPointExtension>
            <ns3:hr>136</ns3:hr>
            <ns3:cad>92</ns3:cad>
          </ns3:TrackPointExtension>
        </extensions>
      </trkpt>
      <trkpt lat="39.1326555423438549041748046875" lon="117.18899563886225223541259765625">
        <ele>-1.7999999523162841796875</ele>
        <time>2026-05-31T21:25:08.000Z</time>
        <extensions>
          <ns3:TrackPointExtension>
            <ns3:hr>136</ns3:hr>
            <ns3:cad>92</ns3:cad>
          </ns3:TrackPointExtension>
        </extensions>
      </trkpt>
      <trkpt lat="39.1326498426496982574462890625" lon="117.18902313150465488433837890625">
        <ele>-1.7999999523162841796875</ele>
        <time>2026-05-31T21:25:09.000Z</time>
        <extensions>
          <ns3:TrackPointExtension>
            <ns3:hr>136</ns3:hr>
            <ns3:cad>91</ns3:cad>
          </ns3:TrackPointExtension>
        </extensions>
      </trkpt>
      <trkpt lat="39.132629223167896270751953125" lon="117.18903436325490474700927734375">
        <ele>-1.7999999523162841796875</ele>
        <time>2026-05-31T21:25:10.000Z</time>
        <extensions>
          <ns3:TrackPointExtension>
            <ns3:hr>137</ns3:hr>
            <ns3:cad>91</ns3:cad>
          </ns3:TrackPointExtension>
        </extensions>
      </trkpt>
      <trkpt lat="39.13260818459093570709228515625" lon="117.18904358334839344024658203125">
        <ele>-1.7999999523162841796875</ele>
        <time>2026-05-31T21:25:11.000Z</time>
        <extensions>
          <ns3:TrackPointExtension>
            <ns3:hr>136</ns3:hr>
            <ns3:cad>91</ns3:cad>
          </ns3:TrackPointExtension>
        </extensions>
      </trkpt>
      <trkpt lat="39.13257935084402561187744140625" lon="117.189052216708660125732421875">
        <ele>-1.7999999523162841796875</ele>
        <time>2026-05-31T21:25:12.000Z</time>
        <extensions>
          <ns3:TrackPointExtension>
            <ns3:hr>136</ns3:hr>
            <ns3:cad>91</ns3:cad>
          </ns3:TrackPointExtension>
        </extensions>
      </trkpt>
      <trkpt lat="39.13255554623901844024658203125" lon="117.18907468020915985107421875">
        <ele>-1.7999999523162841796875</ele>
        <time>2026-05-31T21:25:13.000Z</time>
        <extensions>
          <ns3:TrackPointExtension>
            <ns3:hr>137</ns3:hr>
            <ns3:cad>91</ns3:cad>
          </ns3:TrackPointExtension>
        </extensions>
      </trkpt>
      <trkpt lat="39.132536686956882476806640625" lon="117.1891160868108272552490234375">
        <ele>-1.7999999523162841796875</ele>
        <time>2026-05-31T21:25:14.000Z</time>
        <extensions>
          <ns3:TrackPointExtension>
            <ns3:hr>136</ns3:hr>
            <ns3:cad>91</ns3:cad>
          </ns3:TrackPointExtension>
        </extensions>
      </trkpt>
      <trkpt lat="39.1325321607291698455810546875" lon="117.1891603432595729827880859375">
        <ele>-1.7999999523162841796875</ele>
        <time>2026-05-31T21:25:15.000Z</time>
        <extensions>
          <ns3:TrackPointExtension>
            <ns3:hr>136</ns3:hr>
            <ns3:cad>91</ns3:cad>
          </ns3:TrackPointExtension>
        </extensions>
      </trkpt>
      <trkpt lat="39.13250642828643321990966796875" lon="117.18918842263519763946533203125">
        <ele>-1.7999999523162841796875</ele>
        <time>2026-05-31T21:25:16.000Z</time>
        <extensions>
          <ns3:TrackPointExtension>
            <ns3:hr>137</ns3:hr>
            <ns3:cad>92</ns3:cad>
          </ns3:TrackPointExtension>
        </extensions>
      </trkpt>
      <trkpt lat="39.13247742690145969390869140625" lon="117.18922211788594722747802734375">
        <ele>-1.60000002384185791015625</ele>
        <time>2026-05-31T21:25:17.000Z</time>
        <extensions>
          <ns3:TrackPointExtension>
            <ns3:hr>137</ns3:hr>
            <ns3:cad>92</ns3:cad>
          </ns3:TrackPointExtension>
        </extensions>
      </trkpt>
      <trkpt lat="39.132443480193614959716796875" lon="117.18924759887158870697021484375">
        <ele>-1.60000002384185791015625</ele>
        <time>2026-05-31T21:25:18.000Z</time>
        <extensions>
          <ns3:TrackPointExtension>
            <ns3:hr>137</ns3:hr>
            <ns3:cad>92</ns3:cad>
          </ns3:TrackPointExtension>
        </extensions>
      </trkpt>
      <trkpt lat="39.1324221901595592498779296875" lon="117.18926402740180492401123046875">
        <ele>-1.60000002384185791015625</ele>
        <time>2026-05-31T21:25:19.000Z</time>
        <extensions>
          <ns3:TrackPointExtension>
            <ns3:hr>138</ns3:hr>
            <ns3:cad>92</ns3:cad>
          </ns3:TrackPointExtension>
        </extensions>
      </trkpt>
      <trkpt lat="39.1323901712894439697265625" lon="117.189290262758731842041015625">
        <ele>-1.60000002384185791015625</ele>
        <time>2026-05-31T21:25:20.000Z</time>
        <extensions>
          <ns3:TrackPointExtension>
            <ns3:hr>138</ns3:hr>
            <ns3:cad>92</ns3:cad>
          </ns3:TrackPointExtension>
        </extensions>
      </trkpt>
      <trkpt lat="39.13236930035054683685302734375" lon="117.1893078647553920745849609375">
        <ele>-1.60000002384185791015625</ele>
        <time>2026-05-31T21:25:21.000Z</time>
        <extensions>
          <ns3:TrackPointExtension>
            <ns3:hr>138</ns3:hr>
            <ns3:cad>92</ns3:cad>
          </ns3:TrackPointExtension>
        </extensions>
      </trkpt>
      <trkpt lat="39.1323366947472095489501953125" lon="117.1893273107707500457763671875">
        <ele>-1.60000002384185791015625</ele>
        <time>2026-05-31T21:25:22.000Z</time>
        <extensions>
          <ns3:TrackPointExtension>
            <ns3:hr>138</ns3:hr>
            <ns3:cad>91</ns3:cad>
          </ns3:TrackPointExtension>
        </extensions>
      </trkpt>
      <trkpt lat="39.13231976330280303955078125" lon="117.189345918595790863037109375">
        <ele>-1.7999999523162841796875</ele>
        <time>2026-05-31T21:25:23.000Z</time>
        <extensions>
          <ns3:TrackPointExtension>
            <ns3:hr>138</ns3:hr>
            <ns3:cad>91</ns3:cad>
          </ns3:TrackPointExtension>
        </extensions>
      </trkpt>
      <trkpt lat="39.1322897560894489288330078125" lon="117.1893688850104808807373046875">
        <ele>-1.7999999523162841796875</ele>
        <time>2026-05-31T21:25:24.000Z</time>
        <extensions>
          <ns3:TrackPointExtension>
            <ns3:hr>138</ns3:hr>
            <ns3:cad>91</ns3:cad>
          </ns3:TrackPointExtension>
        </extensions>
      </trkpt>
      <trkpt lat="39.13227441720664501190185546875" lon="117.189386822283267974853515625">
        <ele>-1.7999999523162841796875</ele>
        <time>2026-05-31T21:25:25.000Z</time>
        <extensions>
          <ns3:TrackPointExtension>
            <ns3:hr>138</ns3:hr>
            <ns3:cad>91</ns3:cad>
          </ns3:TrackPointExtension>
        </extensions>
      </trkpt>
      <trkpt lat="39.13224960677325725555419921875" lon="117.18940836377441883087158203125">
        <ele>-1.7999999523162841796875</ele>
        <time>2026-05-31T21:25:26.000Z</time>
        <extensions>
          <ns3:TrackPointExtension>
            <ns3:hr>137</ns3:hr>
            <ns3:cad>92</ns3:cad>
          </ns3:TrackPointExtension>
        </extensions>
      </trkpt>
      <trkpt lat="39.1322337649762630462646484375" lon="117.1894309110939502716064453125">
        <ele>-2</ele>
        <time>2026-05-31T21:25:27.000Z</time>
        <extensions>
          <ns3:TrackPointExtension>
            <ns3:hr>137</ns3:hr>
            <ns3:cad>92</ns3:cad>
          </ns3:TrackPointExtension>
        </extensions>
      </trkpt>
      <trkpt lat="39.132211469113826751708984375" lon="117.189453206956386566162109375">
        <ele>-2</ele>
        <time>2026-05-31T21:25:28.000Z</time>
        <extensions>
          <ns3:TrackPointExtension>
            <ns3:hr>136</ns3:hr>
            <ns3:cad>92</ns3:cad>
          </ns3:TrackPointExtension>
        </extensions>
      </trkpt>
      <trkpt lat="39.1321955434978008270263671875" lon="117.1894790232181549072265625">
        <ele>-2</ele>
        <time>2026-05-31T21:25:29.000Z</time>
        <extensions>
          <ns3:TrackPointExtension>
            <ns3:hr>135</ns3:hr>
            <ns3:cad>92</ns3:cad>
          </ns3:TrackPointExtension>
        </extensions>
      </trkpt>
      <trkpt lat="39.13217333145439624786376953125" lon="117.18949955888092517852783203125">
        <ele>-2</ele>
        <time>2026-05-31T21:25:30.000Z</time>
        <extensions>
          <ns3:TrackPointExtension>
            <ns3:hr>135</ns3:hr>
            <ns3:cad>92</ns3:cad>
          </ns3:TrackPointExtension>
        </extensions>
      </trkpt>
      <trkpt lat="39.1321543045341968536376953125" lon="117.189520932734012603759765625">
        <ele>-2</ele>
        <time>2026-05-31T21:25:31.000Z</time>
        <extensions>
          <ns3:TrackPointExtension>
            <ns3:hr>135</ns3:hr>
            <ns3:cad>92</ns3:cad>
          </ns3:TrackPointExtension>
        </extensions>
      </trkpt>
      <trkpt lat="39.13213276304304599761962890625" lon="117.18954130075871944427490234375">
        <ele>-2</ele>
        <time>2026-05-31T21:25:32.000Z</time>
        <extensions>
          <ns3:TrackPointExtension>
            <ns3:hr>134</ns3:hr>
            <ns3:cad>92</ns3:cad>
          </ns3:TrackPointExtension>
        </extensions>
      </trkpt>
      <trkpt lat="39.13211298175156116485595703125" lon="117.18956208787858486175537109375">
        <ele>-2</ele>
        <time>2026-05-31T21:25:33.000Z</time>
        <extensions>
          <ns3:TrackPointExtension>
            <ns3:hr>134</ns3:hr>
            <ns3:cad>92</ns3:cad>
          </ns3:TrackPointExtension>
        </extensions>
      </trkpt>
      <trkpt lat="39.13209370337426662445068359375" lon="117.189581952989101409912109375">
        <ele>-2</ele>
        <time>2026-05-31T21:25:34.000Z</time>
        <extensions>
          <ns3:TrackPointExtension>
            <ns3:hr>135</ns3:hr>
            <ns3:cad>92</ns3:cad>
          </ns3:TrackPointExtension>
        </extensions>
      </trkpt>
      <trkpt lat="39.13207408972084522247314453125" lon="117.189606763422489166259765625">
        <ele>-2</ele>
        <time>2026-05-31T21:25:35.000Z</time>
        <extensions>
          <ns3:TrackPointExtension>
            <ns3:hr>135</ns3:hr>
            <ns3:cad>92</ns3:cad>
          </ns3:TrackPointExtension>
        </extensions>
      </trkpt>
      <trkpt lat="39.13205598480999469757080078125" lon="117.18962629325687885284423828125">
        <ele>-2</ele>
        <time>2026-05-31T21:25:36.000Z</time>
        <extensions>
          <ns3:TrackPointExtension>
            <ns3:hr>135</ns3:hr>
            <ns3:cad>92</ns3:cad>
          </ns3:TrackPointExtension>
        </extensions>
      </trkpt>
      <trkpt lat="39.132036454975605010986328125" lon="117.189650349318981170654296875">
        <ele>-2</ele>
        <time>2026-05-31T21:25:37.000Z</time>
        <extensions>
          <ns3:TrackPointExtension>
            <ns3:hr>135</ns3:hr>
            <ns3:cad>90</ns3:cad>
          </ns3:TrackPointExtension>
        </extensions>
      </trkpt>
      <trkpt lat="39.132017679512500762939453125" lon="117.18966971151530742645263671875">
        <ele>-2</ele>
        <time>2026-05-31T21:25:38.000Z</time>
        <extensions>
          <ns3:TrackPointExtension>
            <ns3:hr>134</ns3:hr>
            <ns3:cad>90</ns3:cad>
          </ns3:TrackPointExtension>
        </extensions>
      </trkpt>
      <trkpt lat="39.1319957189261913299560546875" lon="117.1896944381296634674072265625">
        <ele>-2.2000000476837158203125</ele>
        <time>2026-05-31T21:25:39.000Z</time>
        <extensions>
          <ns3:TrackPointExtension>
            <ns3:hr>134</ns3:hr>
            <ns3:cad>91</ns3:cad>
          </ns3:TrackPointExtension>
        </extensions>
      </trkpt>
      <trkpt lat="39.13197887130081653594970703125" lon="117.1897128783166408538818359375">
        <ele>-2.2000000476837158203125</ele>
        <time>2026-05-31T21:25:40.000Z</time>
        <extensions>
          <ns3:TrackPointExtension>
            <ns3:hr>134</ns3:hr>
            <ns3:cad>92</ns3:cad>
          </ns3:TrackPointExtension>
        </extensions>
      </trkpt>
      <trkpt lat="39.1319541446864604949951171875" lon="117.189738191664218902587890625">
        <ele>-2</ele>
        <time>2026-05-31T21:25:41.000Z</time>
        <extensions>
          <ns3:TrackPointExtension>
            <ns3:hr>134</ns3:hr>
            <ns3:cad>92</ns3:cad>
          </ns3:TrackPointExtension>
        </extensions>
      </trkpt>
      <trkpt lat="39.131940566003322601318359375" lon="117.18975705094635486602783203125">
        <ele>-2</ele>
        <time>2026-05-31T21:25:42.000Z</time>
        <extensions>
          <ns3:TrackPointExtension>
            <ns3:hr>134</ns3:hr>
            <ns3:cad>92</ns3:cad>
          </ns3:TrackPointExtension>
        </extensions>
      </trkpt>
      <trkpt lat="39.13191684521734714508056640625" lon="117.18978554941713809967041015625">
        <ele>-2</ele>
        <time>2026-05-31T21:25:43.000Z</time>
        <extensions>
          <ns3:TrackPointExtension>
            <ns3:hr>134</ns3:hr>
            <ns3:cad>92</ns3:cad>
          </ns3:TrackPointExtension>
        </extensions>
      </trkpt>
      <trkpt lat="39.1319051943719387054443359375" lon="117.189807593822479248046875">
        <ele>-2</ele>
        <time>2026-05-31T21:25:44.000Z</time>
        <extensions>
          <ns3:TrackPointExtension>
            <ns3:hr>134</ns3:hr>
            <ns3:cad>92</ns3:cad>
          </ns3:TrackPointExtension>
        </extensions>
      </trkpt>
      <trkpt lat="39.13187912665307521820068359375" lon="117.18983164988458156585693359375">
        <ele>-2</ele>
        <time>2026-05-31T21:25:45.000Z</time>
        <extensions>
          <ns3:TrackPointExtension>
            <ns3:hr>134</ns3:hr>
            <ns3:cad>92</ns3:cad>
          </ns3:TrackPointExtension>
        </extensions>
      </trkpt>
      <trkpt lat="39.13186705671250820159912109375" lon="117.18985193409025669097900390625">
        <ele>-2</ele>
        <time>2026-05-31T21:25:46.000Z</time>
        <extensions>
          <ns3:TrackPointExtension>
            <ns3:hr>135</ns3:hr>
            <ns3:cad>92</ns3:cad>
          </ns3:TrackPointExtension>
        </extensions>
      </trkpt>
      <trkpt lat="39.1318414919078350067138671875" lon="117.1898746490478515625">
        <ele>-2</ele>
        <time>2026-05-31T21:25:47.000Z</time>
        <extensions>
          <ns3:TrackPointExtension>
            <ns3:hr>135</ns3:hr>
            <ns3:cad>92</ns3:cad>
          </ns3:TrackPointExtension>
        </extensions>
      </trkpt>
      <trkpt lat="39.13182933814823627471923828125" lon="117.18989652581512928009033203125">
        <ele>-2</ele>
        <time>2026-05-31T21:25:48.000Z</time>
        <extensions>
          <ns3:TrackPointExtension>
            <ns3:hr>135</ns3:hr>
            <ns3:cad>92</ns3:cad>
          </ns3:TrackPointExtension>
        </extensions>
      </trkpt>
      <trkpt lat="39.13180184550583362579345703125" lon="117.18991898931562900543212890625">
        <ele>-2</ele>
        <time>2026-05-31T21:25:49.000Z</time>
        <extensions>
          <ns3:TrackPointExtension>
            <ns3:hr>135</ns3:hr>
            <ns3:cad>92</ns3:cad>
          </ns3:TrackPointExtension>
        </extensions>
      </trkpt>
      <trkpt lat="39.1317898593842983245849609375" lon="117.18993994407355785369873046875">
        <ele>-2</ele>
        <time>2026-05-31T21:25:50.000Z</time>
        <extensions>
          <ns3:TrackPointExtension>
            <ns3:hr>135</ns3:hr>
            <ns3:cad>92</ns3:cad>
          </ns3:TrackPointExtension>
        </extensions>
      </trkpt>
      <trkpt lat="39.13176412694156169891357421875" lon="117.18996307812631130218505859375">
        <ele>-2</ele>
        <time>2026-05-31T21:25:51.000Z</time>
        <extensions>
          <ns3:TrackPointExtension>
            <ns3:hr>135</ns3:hr>
            <ns3:cad>92</ns3:cad>
          </ns3:TrackPointExtension>
        </extensions>
      </trkpt>
      <trkpt lat="39.1317518055438995361328125" lon="117.1899841167032718658447265625">
        <ele>-2</ele>
        <time>2026-05-31T21:25:52.000Z</time>
        <extensions>
          <ns3:TrackPointExtension>
            <ns3:hr>135</ns3:hr>
            <ns3:cad>91</ns3:cad>
          </ns3:TrackPointExtension>
        </extensions>
      </trkpt>
      <trkpt lat="39.13172573782503604888916015625" lon="117.1900052390992641448974609375">
        <ele>-2</ele>
        <time>2026-05-31T21:25:53.000Z</time>
        <extensions>
          <ns3:TrackPointExtension>
            <ns3:hr>135</ns3:hr>
            <ns3:cad>92</ns3:cad>
          </ns3:TrackPointExtension>
        </extensions>
      </trkpt>
      <trkpt lat="39.131711907684803009033203125" lon="117.19003197737038135528564453125">
        <ele>-2</ele>
        <time>2026-05-31T21:25:54.000Z</time>
        <extensions>
          <ns3:TrackPointExtension>
            <ns3:hr>134</ns3:hr>
            <ns3:cad>91</ns3:cad>
          </ns3:TrackPointExtension>
        </extensions>
      </trkpt>
      <trkpt lat="39.13168273866176605224609375" lon="117.19005259685218334197998046875">
        <ele>-2</ele>
        <time>2026-05-31T21:25:55.000Z</time>
        <extensions>
          <ns3:TrackPointExtension>
            <ns3:hr>134</ns3:hr>
            <ns3:cad>92</ns3:cad>
          </ns3:TrackPointExtension>
        </extensions>
      </trkpt>
      <trkpt lat="39.1316681541502475738525390625" lon="117.19007472507655620574951171875">
        <ele>-2.2000000476837158203125</ele>
        <time>2026-05-31T21:25:56.000Z</time>
        <extensions>
          <ns3:TrackPointExtension>
            <ns3:hr>134</ns3:hr>
            <ns3:cad>92</ns3:cad>
          </ns3:TrackPointExtension>
        </extensions>
      </trkpt>
      <trkpt lat="39.1316420026123523712158203125" lon="117.1900987811386585235595703125">
        <ele>-2.2000000476837158203125</ele>
        <time>2026-05-31T21:25:57.000Z</time>
        <extensions>
          <ns3:TrackPointExtension>
            <ns3:hr>133</ns3:hr>
            <ns3:cad>92</ns3:cad>
          </ns3:TrackPointExtension>
        </extensions>
      </trkpt>
      <trkpt lat="39.131629429757595062255859375" lon="117.1901227533817291259765625">
        <ele>-2.2000000476837158203125</ele>
        <time>2026-05-31T21:25:58.000Z</time>
        <extensions>
          <ns3:TrackPointExtension>
            <ns3:hr>133</ns3:hr>
            <ns3:cad>91</ns3:cad>
          </ns3:TrackPointExtension>
        </extensions>
      </trkpt>
      <trkpt lat="39.13160436786711215972900390625" lon="117.19014354050159454345703125">
        <ele>-2.2000000476837158203125</ele>
        <time>2026-05-31T21:25:59.000Z</time>
        <extensions>
          <ns3:TrackPointExtension>
            <ns3:hr>133</ns3:hr>
            <ns3:cad>91</ns3:cad>
          </ns3:TrackPointExtension>
        </extensions>
      </trkpt>
      <trkpt lat="39.13158978335559368133544921875" lon="117.19016508199274539947509765625">
        <ele>-2.2000000476837158203125</ele>
        <time>2026-05-31T21:26:00.000Z</time>
        <extensions>
          <ns3:TrackPointExtension>
            <ns3:hr>132</ns3:hr>
            <ns3:cad>90</ns3:cad>
          </ns3:TrackPointExtension>
        </extensions>
      </trkpt>
      <trkpt lat="39.1315640509128570556640625" lon="117.19018804840743541717529296875">
        <ele>-2.2000000476837158203125</ele>
        <time>2026-05-31T21:26:01.000Z</time>
        <extensions>
          <ns3:TrackPointExtension>
            <ns3:hr>131</ns3:hr>
            <ns3:cad>90</ns3:cad>
          </ns3:TrackPointExtension>
        </extensions>
      </trkpt>
      <trkpt lat="39.1315498016774654388427734375" lon="117.19021000899374485015869140625">
        <ele>-2.2000000476837158203125</ele>
        <time>2026-05-31T21:26:02.000Z</time>
        <extensions>
          <ns3:TrackPointExtension>
            <ns3:hr>131</ns3:hr>
            <ns3:cad>90</ns3:cad>
          </ns3:TrackPointExtension>
        </extensions>
      </trkpt>
      <trkpt lat="39.13152758963406085968017578125" lon="117.1902369149029254913330078125">
        <ele>-2.2000000476837158203125</ele>
        <time>2026-05-31T21:26:03.000Z</time>
        <extensions>
          <ns3:TrackPointExtension>
            <ns3:hr>131</ns3:hr>
            <ns3:cad>90</ns3:cad>
          </ns3:TrackPointExtension>
        </extensions>
      </trkpt>
      <trkpt lat="39.1315156035125255584716796875" lon="117.190259881317615509033203125">
        <ele>-2.2000000476837158203125</ele>
        <time>2026-05-31T21:26:04.000Z</time>
        <extensions>
          <ns3:TrackPointExtension>
            <ns3:hr>130</ns3:hr>
            <ns3:cad>89</ns3:cad>
          </ns3:TrackPointExtension>
        </extensions>
      </trkpt>
      <trkpt lat="39.13149087689816951751708984375" lon="117.19028645195066928863525390625">
        <ele>-2.2000000476837158203125</ele>
        <time>2026-05-31T21:26:05.000Z</time>
        <extensions>
          <ns3:TrackPointExtension>
            <ns3:hr>130</ns3:hr>
            <ns3:cad>89</ns3:cad>
          </ns3:TrackPointExtension>
        </extensions>
      </trkpt>
      <trkpt lat="39.13147486746311187744140625" lon="117.19030849635601043701171875">
        <ele>-2.2000000476837158203125</ele>
        <time>2026-05-31T21:26:06.000Z</time>
        <extensions>
          <ns3:TrackPointExtension>
            <ns3:hr>130</ns3:hr>
            <ns3:cad>89</ns3:cad>
          </ns3:TrackPointExtension>
        </extensions>
      </trkpt>
      <trkpt lat="39.1314488835632801055908203125" lon="117.1903297863900661468505859375">
        <ele>-2.2000000476837158203125</ele>
        <time>2026-05-31T21:26:07.000Z</time>
        <extensions>
          <ns3:TrackPointExtension>
            <ns3:hr>130</ns3:hr>
            <ns3:cad>90</ns3:cad>
          </ns3:TrackPointExtension>
        </extensions>
      </trkpt>
      <trkpt lat="39.131434299051761627197265625" lon="117.1903502382338047027587890625">
        <ele>-2.2000000476837158203125</ele>
        <time>2026-05-31T21:26:08.000Z</time>
        <extensions>
          <ns3:TrackPointExtension>
            <ns3:hr>129</ns3:hr>
            <ns3:cad>90</ns3:cad>
          </ns3:TrackPointExtension>
        </extensions>
      </trkpt>
      <trkpt lat="39.1314063034951686859130859375" lon="117.1903653256595134735107421875">
        <ele>-2.2000000476837158203125</ele>
        <time>2026-05-31T21:26:09.000Z</time>
        <extensions>
          <ns3:TrackPointExtension>
            <ns3:hr>129</ns3:hr>
            <ns3:cad>90</ns3:cad>
          </ns3:TrackPointExtension>
        </extensions>
      </trkpt>
      <trkpt lat="39.13139213807880878448486328125" lon="117.19038468785583972930908203125">
        <ele>-2.2000000476837158203125</ele>
        <time>2026-05-31T21:26:10.000Z</time>
        <extensions>
          <ns3:TrackPointExtension>
            <ns3:hr>129</ns3:hr>
            <ns3:cad>90</ns3:cad>
          </ns3:TrackPointExtension>
        </extensions>
      </trkpt>
      <trkpt lat="39.13136783055961132049560546875" lon="117.190404720604419708251953125">
        <ele>-2.2000000476837158203125</ele>
        <time>2026-05-31T21:26:11.000Z</time>
        <extensions>
          <ns3:TrackPointExtension>
            <ns3:hr>129</ns3:hr>
            <ns3:cad>90</ns3:cad>
          </ns3:TrackPointExtension>
        </extensions>
      </trkpt>
      <trkpt lat="39.13135140202939510345458984375" lon="117.19042609445750713348388671875">
        <ele>-2.2000000476837158203125</ele>
        <time>2026-05-31T21:26:12.000Z</time>
        <extensions>
          <ns3:TrackPointExtension>
            <ns3:hr>129</ns3:hr>
            <ns3:cad>90</ns3:cad>
          </ns3:TrackPointExtension>
        </extensions>
      </trkpt>
      <trkpt lat="39.1313298605382442474365234375" lon="117.1904441155493259429931640625">
        <ele>-2.2000000476837158203125</ele>
        <time>2026-05-31T21:26:13.000Z</time>
        <extensions>
          <ns3:TrackPointExtension>
            <ns3:hr>129</ns3:hr>
            <ns3:cad>90</ns3:cad>
          </ns3:TrackPointExtension>
        </extensions>
      </trkpt>
      <trkpt lat="39.1313114203512668609619140625" lon="117.19046699814498424530029296875">
        <ele>-2.2000000476837158203125</ele>
        <time>2026-05-31T21:26:14.000Z</time>
        <extensions>
          <ns3:TrackPointExtension>
            <ns3:hr>129</ns3:hr>
            <ns3:cad>91</ns3:cad>
          </ns3:TrackPointExtension>
        </extensions>
      </trkpt>
      <trkpt lat="39.1312906332314014434814453125" lon="117.19048661179840564727783203125">
        <ele>-2.2000000476837158203125</ele>
        <time>2026-05-31T21:26:15.000Z</time>
        <extensions>
          <ns3:TrackPointExtension>
            <ns3:hr>129</ns3:hr>
            <ns3:cad>91</ns3:cad>
          </ns3:TrackPointExtension>
        </extensions>
      </trkpt>
      <trkpt lat="39.1312690079212188720703125" lon="117.19051175750792026519775390625">
        <ele>-2.2000000476837158203125</ele>
        <time>2026-05-31T21:26:16.000Z</time>
        <extensions>
          <ns3:TrackPointExtension>
            <ns3:hr>130</ns3:hr>
            <ns3:cad>92</ns3:cad>
          </ns3:TrackPointExtension>
        </extensions>
      </trkpt>
      <trkpt lat="39.13124931044876575469970703125" lon="117.19053204171359539031982421875">
        <ele>-2.2000000476837158203125</ele>
        <time>2026-05-31T21:26:17.000Z</time>
        <extensions>
          <ns3:TrackPointExtension>
            <ns3:hr>130</ns3:hr>
            <ns3:cad>92</ns3:cad>
          </ns3:TrackPointExtension>
        </extensions>
      </trkpt>
      <trkpt lat="39.13122718222439289093017578125" lon="117.190558612346649169921875">
        <ele>-2.2000000476837158203125</ele>
        <time>2026-05-31T21:26:18.000Z</time>
        <extensions>
          <ns3:TrackPointExtension>
            <ns3:hr>130</ns3:hr>
            <ns3:cad>92</ns3:cad>
          </ns3:TrackPointExtension>
        </extensions>
      </trkpt>
      <trkpt lat="39.13121025077998638153076171875" lon="117.19057965092360973358154296875">
        <ele>-2.2000000476837158203125</ele>
        <time>2026-05-31T21:26:19.000Z</time>
        <extensions>
          <ns3:TrackPointExtension>
            <ns3:hr>130</ns3:hr>
            <ns3:cad>92</ns3:cad>
          </ns3:TrackPointExtension>
        </extensions>
      </trkpt>
      <trkpt lat="39.131189882755279541015625" lon="117.19060580246150493621826171875">
        <ele>-2.2000000476837158203125</ele>
        <time>2026-05-31T21:26:20.000Z</time>
        <extensions>
          <ns3:TrackPointExtension>
            <ns3:hr>130</ns3:hr>
            <ns3:cad>92</ns3:cad>
          </ns3:TrackPointExtension>
        </extensions>
      </trkpt>
      <trkpt lat="39.1311726160347461700439453125" lon="117.1906258352100849151611328125">
        <ele>-2.2000000476837158203125</ele>
        <time>2026-05-31T21:26:21.000Z</time>
        <extensions>
          <ns3:TrackPointExtension>
            <ns3:hr>130</ns3:hr>
            <ns3:cad>92</ns3:cad>
          </ns3:TrackPointExtension>
        </extensions>
      </trkpt>
      <trkpt lat="39.1311508230865001678466796875" lon="117.190649472177028656005859375">
        <ele>-2.2000000476837158203125</ele>
        <time>2026-05-31T21:26:22.000Z</time>
        <extensions>
          <ns3:TrackPointExtension>
            <ns3:hr>131</ns3:hr>
            <ns3:cad>92</ns3:cad>
          </ns3:TrackPointExtension>
        </extensions>
      </trkpt>
      <trkpt lat="39.131125509738922119140625" lon="117.19067738391458988189697265625">
        <ele>-2.2000000476837158203125</ele>
        <time>2026-05-31T21:26:23.000Z</time>
        <extensions>
          <ns3:TrackPointExtension>
            <ns3:hr>131</ns3:hr>
            <ns3:cad>92</ns3:cad>
          </ns3:TrackPointExtension>
        </extensions>
      </trkpt>
      <trkpt lat="39.1311089135706424713134765625" lon="117.19069833867251873016357421875">
        <ele>-2.2000000476837158203125</ele>
        <time>2026-05-31T21:26:24.000Z</time>
        <extensions>
          <ns3:TrackPointExtension>
            <ns3:hr>131</ns3:hr>
            <ns3:cad>92</ns3:cad>
          </ns3:TrackPointExtension>
        </extensions>
      </trkpt>
      <trkpt lat="39.131097681820392608642578125" lon="117.1907183714210987091064453125">
        <ele>-2.2000000476837158203125</ele>
        <time>2026-05-31T21:26:25.000Z</time>
        <extensions>
          <ns3:TrackPointExtension>
            <ns3:hr>132</ns3:hr>
            <ns3:cad>92</ns3:cad>
          </ns3:TrackPointExtension>
        </extensions>
      </trkpt>
      <trkpt lat="39.1310737095773220062255859375" lon="117.19074611552059650421142578125">
        <ele>-2.2000000476837158203125</ele>
        <time>2026-05-31T21:26:26.000Z</time>
        <extensions>
          <ns3:TrackPointExtension>
            <ns3:hr>132</ns3:hr>
            <ns3:cad>92</ns3:cad>
          </ns3:TrackPointExtension>
        </extensions>
      </trkpt>
      <trkpt lat="39.1310599632561206817626953125" lon="117.19076849520206451416015625">
        <ele>-2.2000000476837158203125</ele>
        <time>2026-05-31T21:26:27.000Z</time>
        <extensions>
          <ns3:TrackPointExtension>
            <ns3:hr>132</ns3:hr>
            <ns3:cad>91</ns3:cad>
          </ns3:TrackPointExtension>
        </extensions>
      </trkpt>
      <trkpt lat="39.1310356557369232177734375" lon="117.19079397618770599365234375">
        <ele>-2.400000095367431640625</ele>
        <time>2026-05-31T21:26:28.000Z</time>
        <extensions>
          <ns3:TrackPointExtension>
            <ns3:hr>132</ns3:hr>
            <ns3:cad>91</ns3:cad>
          </ns3:TrackPointExtension>
        </extensions>
      </trkpt>
      <trkpt lat="39.13102316670119762420654296875" lon="117.19081400893628597259521484375">
        <ele>-2.400000095367431640625</ele>
        <time>2026-05-31T21:26:29.000Z</time>
        <extensions>
          <ns3:TrackPointExtension>
            <ns3:hr>132</ns3:hr>
            <ns3:cad>91</ns3:cad>
          </ns3:TrackPointExtension>
        </extensions>
      </trkpt>
      <trkpt lat="39.1309992782771587371826171875" lon="117.1908400766551494598388671875">
        <ele>-2.400000095367431640625</ele>
        <time>2026-05-31T21:26:30.000Z</time>
        <extensions>
          <ns3:TrackPointExtension>
            <ns3:hr>133</ns3:hr>
            <ns3:cad>91</ns3:cad>
          </ns3:TrackPointExtension>
        </extensions>
      </trkpt>
      <trkpt lat="39.13098670542240142822265625" lon="117.19086312688887119293212890625">
        <ele>-2.400000095367431640625</ele>
        <time>2026-05-31T21:26:31.000Z</time>
        <extensions>
          <ns3:TrackPointExtension>
            <ns3:hr>133</ns3:hr>
            <ns3:cad>91</ns3:cad>
          </ns3:TrackPointExtension>
        </extensions>
      </trkpt>
      <trkpt lat="39.1309603862464427947998046875" lon="117.19089196063578128814697265625">
        <ele>-2.400000095367431640625</ele>
        <time>2026-05-31T21:26:32.000Z</time>
        <extensions>
          <ns3:TrackPointExtension>
            <ns3:hr>133</ns3:hr>
            <ns3:cad>91</ns3:cad>
          </ns3:TrackPointExtension>
        </extensions>
      </trkpt>
      <trkpt lat="39.130945466458797454833984375" lon="117.190912663936614990234375">
        <ele>-2.400000095367431640625</ele>
        <time>2026-05-31T21:26:33.000Z</time>
        <extensions>
          <ns3:TrackPointExtension>
            <ns3:hr>133</ns3:hr>
            <ns3:cad>90</ns3:cad>
          </ns3:TrackPointExtension>
        </extensions>
      </trkpt>
      <trkpt lat="39.130919985473155975341796875" lon="117.1909352950751781463623046875">
        <ele>-2.400000095367431640625</ele>
        <time>2026-05-31T21:26:34.000Z</time>
        <extensions>
          <ns3:TrackPointExtension>
            <ns3:hr>133</ns3:hr>
            <ns3:cad>90</ns3:cad>
          </ns3:TrackPointExtension>
        </extensions>
      </trkpt>
      <trkpt lat="39.1309077478945255279541015625" lon="117.19095750711858272552490234375">
        <ele>-2.400000095367431640625</ele>
        <time>2026-05-31T21:26:35.000Z</time>
        <extensions>
          <ns3:TrackPointExtension>
            <ns3:hr>133</ns3:hr>
            <ns3:cad>90</ns3:cad>
          </ns3:TrackPointExtension>
        </extensions>
      </trkpt>
      <trkpt lat="39.130884110927581787109375" lon="117.1909808926284313201904296875">
        <ele>-2.400000095367431640625</ele>
        <time>2026-05-31T21:26:36.000Z</time>
        <extensions>
          <ns3:TrackPointExtension>
            <ns3:hr>134</ns3:hr>
            <ns3:cad>90</ns3:cad>
          </ns3:TrackPointExtension>
        </extensions>
      </trkpt>
      <trkpt lat="39.130873046815395355224609375" lon="117.19100444577634334564208984375">
        <ele>-2.400000095367431640625</ele>
        <time>2026-05-31T21:26:37.000Z</time>
        <extensions>
          <ns3:TrackPointExtension>
            <ns3:hr>134</ns3:hr>
            <ns3:cad>90</ns3:cad>
          </ns3:TrackPointExtension>
        </extensions>
      </trkpt>
      <trkpt lat="39.13084832020103931427001953125" lon="117.19102690927684307098388671875">
        <ele>-2.400000095367431640625</ele>
        <time>2026-05-31T21:26:38.000Z</time>
        <extensions>
          <ns3:TrackPointExtension>
            <ns3:hr>134</ns3:hr>
            <ns3:cad>90</ns3:cad>
          </ns3:TrackPointExtension>
        </extensions>
      </trkpt>
      <trkpt lat="39.13083650171756744384765625" lon="117.19104954041540622711181640625">
        <ele>-2.400000095367431640625</ele>
        <time>2026-05-31T21:26:39.000Z</time>
        <extensions>
          <ns3:TrackPointExtension>
            <ns3:hr>135</ns3:hr>
            <ns3:cad>90</ns3:cad>
          </ns3:TrackPointExtension>
        </extensions>
      </trkpt>
      <trkpt lat="39.13081093691289424896240234375" lon="117.19107686541974544525146484375">
        <ele>-2.400000095367431640625</ele>
        <time>2026-05-31T21:26:40.000Z</time>
        <extensions>
          <ns3:TrackPointExtension>
            <ns3:hr>135</ns3:hr>
            <ns3:cad>90</ns3:cad>
          </ns3:TrackPointExtension>
        </extensions>
      </trkpt>
      <trkpt lat="39.13079769350588321685791015625" lon="117.19109882600605487823486328125">
        <ele>-2.400000095367431640625</ele>
        <time>2026-05-31T21:26:41.000Z</time>
        <extensions>
          <ns3:TrackPointExtension>
            <ns3:hr>135</ns3:hr>
            <ns3:cad>90</ns3:cad>
          </ns3:TrackPointExtension>
        </extensions>
      </trkpt>
      <trkpt lat="39.13077640347182750701904296875" lon="117.1911223791539669036865234375">
        <ele>-2.599999904632568359375</ele>
        <time>2026-05-31T21:26:42.000Z</time>
        <extensions>
          <ns3:TrackPointExtension>
            <ns3:hr>135</ns3:hr>
            <ns3:cad>90</ns3:cad>
          </ns3:TrackPointExtension>
        </extensions>
      </trkpt>
      <trkpt lat="39.13076282478868961334228515625" lon="117.1911431662738323211669921875">
        <ele>-2.599999904632568359375</ele>
        <time>2026-05-31T21:26:43.000Z</time>
        <extensions>
          <ns3:TrackPointExtension>
            <ns3:hr>136</ns3:hr>
            <ns3:cad>90</ns3:cad>
          </ns3:TrackPointExtension>
        </extensions>
      </trkpt>
      <trkpt lat="39.13074455223977565765380859375" lon="117.1911723352968692779541015625">
        <ele>-2.400000095367431640625</ele>
        <time>2026-05-31T21:26:44.000Z</time>
        <extensions>
          <ns3:TrackPointExtension>
            <ns3:hr>136</ns3:hr>
            <ns3:cad>90</ns3:cad>
          </ns3:TrackPointExtension>
        </extensions>
      </trkpt>
      <trkpt lat="39.13073231466114521026611328125" lon="117.19119764864444732666015625">
        <ele>-2.400000095367431640625</ele>
        <time>2026-05-31T21:26:45.000Z</time>
        <extensions>
          <ns3:TrackPointExtension>
            <ns3:hr>136</ns3:hr>
            <ns3:cad>90</ns3:cad>
          </ns3:TrackPointExtension>
        </extensions>
      </trkpt>
      <trkpt lat="39.13071286864578723907470703125" lon="117.1912253089249134063720703125">
        <ele>-2.400000095367431640625</ele>
        <time>2026-05-31T21:26:46.000Z</time>
        <extensions>
          <ns3:TrackPointExtension>
            <ns3:hr>135</ns3:hr>
            <ns3:cad>90</ns3:cad>
          </ns3:TrackPointExtension>
        </extensions>
      </trkpt>
      <trkpt lat="39.1307005472481250762939453125" lon="117.19125120900571346282958984375">
        <ele>-2.400000095367431640625</ele>
        <time>2026-05-31T21:26:47.000Z</time>
        <extensions>
          <ns3:TrackPointExtension>
            <ns3:hr>135</ns3:hr>
            <ns3:cad>90</ns3:cad>
          </ns3:TrackPointExtension>
        </extensions>
      </trkpt>
      <trkpt lat="39.13067967630922794342041015625" lon="117.1912766061723232269287109375">
        <ele>-2.599999904632568359375</ele>
        <time>2026-05-31T21:26:48.000Z</time>
        <extensions>
          <ns3:TrackPointExtension>
            <ns3:hr>135</ns3:hr>
            <ns3:cad>90</ns3:cad>
          </ns3:TrackPointExtension>
        </extensions>
      </trkpt>
      <trkpt lat="39.1306656785309314727783203125" lon="117.19130150042474269866943359375">
        <ele>-2.599999904632568359375</ele>
        <time>2026-05-31T21:26:49.000Z</time>
        <extensions>
          <ns3:TrackPointExtension>
            <ns3:hr>135</ns3:hr>
            <ns3:cad>90</ns3:cad>
          </ns3:TrackPointExtension>
        </extensions>
      </trkpt>
      <trkpt lat="39.1306448914110660552978515625" lon="117.1913285739719867706298828125">
        <ele>-2.599999904632568359375</ele>
        <time>2026-05-31T21:26:50.000Z</time>
        <extensions>
          <ns3:TrackPointExtension>
            <ns3:hr>136</ns3:hr>
            <ns3:cad>90</ns3:cad>
          </ns3:TrackPointExtension>
        </extensions>
      </trkpt>
      <trkpt lat="39.1306311450898647308349609375" lon="117.19135849736630916595458984375">
        <ele>-2.599999904632568359375</ele>
        <time>2026-05-31T21:26:51.000Z</time>
        <extensions>
          <ns3:TrackPointExtension>
            <ns3:hr>136</ns3:hr>
            <ns3:cad>90</ns3:cad>
          </ns3:TrackPointExtension>
        </extensions>
      </trkpt>
      <trkpt lat="39.13061178289353847503662109375" lon="117.19138314016163349151611328125">
        <ele>-2.599999904632568359375</ele>
        <time>2026-05-31T21:26:52.000Z</time>
        <extensions>
          <ns3:TrackPointExtension>
            <ns3:hr>136</ns3:hr>
            <ns3:cad>90</ns3:cad>
          </ns3:TrackPointExtension>
        </extensions>
      </trkpt>
      <trkpt lat="39.13059267215430736541748046875" lon="117.19141046516597270965576171875">
        <ele>-2.599999904632568359375</ele>
        <time>2026-05-31T21:26:53.000Z</time>
        <extensions>
          <ns3:TrackPointExtension>
            <ns3:hr>136</ns3:hr>
            <ns3:cad>91</ns3:cad>
          </ns3:TrackPointExtension>
        </extensions>
      </trkpt>
      <trkpt lat="39.13057255558669567108154296875" lon="117.1914358623325824737548828125">
        <ele>-2.7999999523162841796875</ele>
        <time>2026-05-31T21:26:54.000Z</time>
        <extensions>
          <ns3:TrackPointExtension>
            <ns3:hr>136</ns3:hr>
            <ns3:cad>92</ns3:cad>
          </ns3:TrackPointExtension>
        </extensions>
      </trkpt>
      <trkpt lat="39.130553863942623138427734375" lon="117.1914638578891754150390625">
        <ele>-2.7999999523162841796875</ele>
        <time>2026-05-31T21:26:55.000Z</time>
        <extensions>
          <ns3:TrackPointExtension>
            <ns3:hr>136</ns3:hr>
            <ns3:cad>92</ns3:cad>
          </ns3:TrackPointExtension>
        </extensions>
      </trkpt>
      <trkpt lat="39.130537100136280059814453125" lon="117.19149109907448291778564453125">
        <ele>-2.7999999523162841796875</ele>
        <time>2026-05-31T21:26:56.000Z</time>
        <extensions>
          <ns3:TrackPointExtension>
            <ns3:hr>136</ns3:hr>
            <ns3:cad>92</ns3:cad>
          </ns3:TrackPointExtension>
        </extensions>
      </trkpt>
      <trkpt lat="39.13051974959671497344970703125" lon="117.1915201842784881591796875">
        <ele>-2.7999999523162841796875</ele>
        <time>2026-05-31T21:26:57.000Z</time>
        <extensions>
          <ns3:TrackPointExtension>
            <ns3:hr>136</ns3:hr>
            <ns3:cad>92</ns3:cad>
          </ns3:TrackPointExtension>
        </extensions>
      </trkpt>
      <trkpt lat="39.130503237247467041015625" lon="117.1915468387305736541748046875">
        <ele>-2.7999999523162841796875</ele>
        <time>2026-05-31T21:26:58.000Z</time>
        <extensions>
          <ns3:TrackPointExtension>
            <ns3:hr>136</ns3:hr>
            <ns3:cad>91</ns3:cad>
          </ns3:TrackPointExtension>
        </extensions>
      </trkpt>
      <trkpt lat="39.13048722781240940093994140625" lon="117.19158145599067211151123046875">
        <ele>-2.7999999523162841796875</ele>
        <time>2026-05-31T21:26:59.000Z</time>
        <extensions>
          <ns3:TrackPointExtension>
            <ns3:hr>136</ns3:hr>
            <ns3:cad>91</ns3:cad>
          </ns3:TrackPointExtension>
        </extensions>
      </trkpt>
      <trkpt lat="39.13046493194997310638427734375" lon="117.19161028973758220672607421875">
        <ele>-2.7999999523162841796875</ele>
        <time>2026-05-31T21:27:00.000Z</time>
        <extensions>
          <ns3:TrackPointExtension>
            <ns3:hr>137</ns3:hr>
            <ns3:cad>91</ns3:cad>
          </ns3:TrackPointExtension>
        </extensions>
      </trkpt>
      <trkpt lat="39.130451269447803497314453125" lon="117.1916413865983486175537109375">
        <ele>-3</ele>
        <time>2026-05-31T21:27:01.000Z</time>
        <extensions>
          <ns3:TrackPointExtension>
            <ns3:hr>136</ns3:hr>
            <ns3:cad>90</ns3:cad>
          </ns3:TrackPointExtension>
        </extensions>
      </trkpt>
      <trkpt lat="39.13043685257434844970703125" lon="117.19166703522205352783203125">
        <ele>-3</ele>
        <time>2026-05-31T21:27:02.000Z</time>
        <extensions>
          <ns3:TrackPointExtension>
            <ns3:hr>136</ns3:hr>
            <ns3:cad>90</ns3:cad>
          </ns3:TrackPointExtension>
        </extensions>
      </trkpt>
      <trkpt lat="39.13042352534830570220947265625" lon="117.19169662334024906158447265625">
        <ele>-3</ele>
        <time>2026-05-31T21:27:03.000Z</time>
        <extensions>
          <ns3:TrackPointExtension>
            <ns3:hr>137</ns3:hr>
            <ns3:cad>90</ns3:cad>
          </ns3:TrackPointExtension>
        </extensions>
      </trkpt>
      <trkpt lat="39.130409695208072662353515625" lon="117.1917191706597805023193359375">
        <ele>-3</ele>
        <time>2026-05-31T21:27:04.000Z</time>
        <extensions>
          <ns3:TrackPointExtension>
            <ns3:hr>136</ns3:hr>
            <ns3:cad>89</ns3:cad>
          </ns3:TrackPointExtension>
        </extensions>
      </trkpt>
      <trkpt lat="39.13039552979171276092529296875" lon="117.19174557365477085113525390625">
        <ele>-3.2000000476837158203125</ele>
        <time>2026-05-31T21:27:05.000Z</time>
        <extensions>
          <ns3:TrackPointExtension>
            <ns3:hr>136</ns3:hr>
            <ns3:cad>89</ns3:cad>
          </ns3:TrackPointExtension>
        </extensions>
      </trkpt>
      <trkpt lat="39.13038329221308231353759765625" lon="117.1917734853923320770263671875">
        <ele>-3.2000000476837158203125</ele>
        <time>2026-05-31T21:27:06.000Z</time>
        <extensions>
          <ns3:TrackPointExtension>
            <ns3:hr>137</ns3:hr>
            <ns3:cad>89</ns3:cad>
          </ns3:TrackPointExtension>
        </extensions>
      </trkpt>
      <trkpt lat="39.13037055172026157379150390625" lon="117.1917986311018466949462890625">
        <ele>-3.2000000476837158203125</ele>
        <time>2026-05-31T21:27:07.000Z</time>
        <extensions>
          <ns3:TrackPointExtension>
            <ns3:hr>136</ns3:hr>
            <ns3:cad>90</ns3:cad>
          </ns3:TrackPointExtension>
        </extensions>
      </trkpt>
      <trkpt lat="39.13036066107451915740966796875" lon="117.19182402826845645904541015625">
        <ele>-3</ele>
        <time>2026-05-31T21:27:08.000Z</time>
        <extensions>
          <ns3:TrackPointExtension>
            <ns3:hr>136</ns3:hr>
            <ns3:cad>90</ns3:cad>
          </ns3:TrackPointExtension>
        </extensions>
      </trkpt>
      <trkpt lat="39.13034624420106410980224609375" lon="117.19185520894825458526611328125">
        <ele>-3</ele>
        <time>2026-05-31T21:27:09.000Z</time>
        <extensions>
          <ns3:TrackPointExtension>
            <ns3:hr>137</ns3:hr>
            <ns3:cad>91</ns3:cad>
          </ns3:TrackPointExtension>
        </extensions>
      </trkpt>
      <trkpt lat="39.130335934460163116455078125" lon="117.1918837912380695343017578125">
        <ele>-3</ele>
        <time>2026-05-31T21:27:10.000Z</time>
        <extensions>
          <ns3:TrackPointExtension>
            <ns3:hr>136</ns3:hr>
            <ns3:cad>91</ns3:cad>
          </ns3:TrackPointExtension>
        </extensions>
      </trkpt>
      <trkpt lat="39.13032160140573978424072265625" lon="117.191916815936565399169921875">
        <ele>-3</ele>
        <time>2026-05-31T21:27:11.000Z</time>
        <extensions>
          <ns3:TrackPointExtension>
            <ns3:hr>136</ns3:hr>
            <ns3:cad>91</ns3:cad>
          </ns3:TrackPointExtension>
        </extensions>
      </trkpt>
      <trkpt lat="39.13030835799872875213623046875" lon="117.1919439733028411865234375">
        <ele>-3</ele>
        <time>2026-05-31T21:27:12.000Z</time>
        <extensions>
          <ns3:TrackPointExtension>
            <ns3:hr>137</ns3:hr>
            <ns3:cad>90</ns3:cad>
          </ns3:TrackPointExtension>
        </extensions>
      </trkpt>
      <trkpt lat="39.1302968747913837432861328125" lon="117.19197339378297328948974609375">
        <ele>-3</ele>
        <time>2026-05-31T21:27:13.000Z</time>
        <extensions>
          <ns3:TrackPointExtension>
            <ns3:hr>136</ns3:hr>
            <ns3:cad>91</ns3:cad>
          </ns3:TrackPointExtension>
        </extensions>
      </trkpt>
      <trkpt lat="39.13028840906918048858642578125" lon="117.19200122170150279998779296875">
        <ele>-3</ele>
        <time>2026-05-31T21:27:14.000Z</time>
        <extensions>
          <ns3:TrackPointExtension>
            <ns3:hr>136</ns3:hr>
            <ns3:cad>90</ns3:cad>
          </ns3:TrackPointExtension>
        </extensions>
      </trkpt>
      <trkpt lat="39.130280949175357818603515625" lon="117.1920316480100154876708984375">
        <ele>-3</ele>
        <time>2026-05-31T21:27:15.000Z</time>
        <extensions>
          <ns3:TrackPointExtension>
            <ns3:hr>137</ns3:hr>
            <ns3:cad>90</ns3:cad>
          </ns3:TrackPointExtension>
        </extensions>
      </trkpt>
      <trkpt lat="39.13027164526283740997314453125" lon="117.1920628286898136138916015625">
        <ele>-3</ele>
        <time>2026-05-31T21:27:16.000Z</time>
        <extensions>
          <ns3:TrackPointExtension>
            <ns3:hr>136</ns3:hr>
            <ns3:cad>90</ns3:cad>
          </ns3:TrackPointExtension>
        </extensions>
      </trkpt>
      <trkpt lat="39.13025789894163608551025390625" lon="117.1920980326831340789794921875">
        <ele>-2.7999999523162841796875</ele>
        <time>2026-05-31T21:27:17.000Z</time>
        <extensions>
          <ns3:TrackPointExtension>
            <ns3:hr>136</ns3:hr>
            <ns3:cad>90</ns3:cad>
          </ns3:TrackPointExtension>
        </extensions>
      </trkpt>
      <trkpt lat="39.13024683482944965362548828125" lon="117.19212929718196392059326171875">
        <ele>-2.7999999523162841796875</ele>
        <time>2026-05-31T21:27:18.000Z</time>
        <extensions>
          <ns3:TrackPointExtension>
            <ns3:hr>136</ns3:hr>
            <ns3:cad>90</ns3:cad>
          </ns3:TrackPointExtension>
        </extensions>
      </trkpt>
      <trkpt lat="39.13023107685148715972900390625" lon="117.19217036850750446319580078125">
        <ele>-2.7999999523162841796875</ele>
        <time>2026-05-31T21:27:19.000Z</time>
        <extensions>
          <ns3:TrackPointExtension>
            <ns3:hr>136</ns3:hr>
            <ns3:cad>90</ns3:cad>
          </ns3:TrackPointExtension>
        </extensions>
      </trkpt>
      <trkpt lat="39.130224287509918212890625" lon="117.1921986155211925506591796875">
        <ele>-2.7999999523162841796875</ele>
        <time>2026-05-31T21:27:20.000Z</time>
        <extensions>
          <ns3:TrackPointExtension>
            <ns3:hr>136</ns3:hr>
            <ns3:cad>90</ns3:cad>
          </ns3:TrackPointExtension>
        </extensions>
      </trkpt>
      <trkpt lat="39.130209200084209442138671875" lon="117.19223356805741786956787109375">
        <ele>-2.7999999523162841796875</ele>
        <time>2026-05-31T21:27:21.000Z</time>
        <extensions>
          <ns3:TrackPointExtension>
            <ns3:hr>135</ns3:hr>
            <ns3:cad>90</ns3:cad>
          </ns3:TrackPointExtension>
        </extensions>
      </trkpt>
      <trkpt lat="39.13020324893295764923095703125" lon="117.19226374290883541107177734375">
        <ele>-2.7999999523162841796875</ele>
        <time>2026-05-31T21:27:22.000Z</time>
        <extensions>
          <ns3:TrackPointExtension>
            <ns3:hr>135</ns3:hr>
            <ns3:cad>91</ns3:cad>
          </ns3:TrackPointExtension>
        </extensions>
      </trkpt>
      <trkpt lat="39.13018874824047088623046875" lon="117.192295007407665252685546875">
        <ele>-2.7999999523162841796875</ele>
        <time>2026-05-31T21:27:23.000Z</time>
        <extensions>
          <ns3:TrackPointExtension>
            <ns3:hr>135</ns3:hr>
            <ns3:cad>91</ns3:cad>
          </ns3:TrackPointExtension>
        </extensions>
      </trkpt>
      <trkpt lat="39.13018078543245792388916015625" lon="117.19232342205941677093505859375">
        <ele>-2.7999999523162841796875</ele>
        <time>2026-05-31T21:27:24.000Z</time>
        <extensions>
          <ns3:TrackPointExtension>
            <ns3:hr>135</ns3:hr>
            <ns3:cad>91</ns3:cad>
          </ns3:TrackPointExtension>
        </extensions>
      </trkpt>
      <trkpt lat="39.13016703911125659942626953125" lon="117.19235879369080066680908203125">
        <ele>-3</ele>
        <time>2026-05-31T21:27:25.000Z</time>
        <extensions>
          <ns3:TrackPointExtension>
            <ns3:hr>135</ns3:hr>
            <ns3:cad>90</ns3:cad>
          </ns3:TrackPointExtension>
        </extensions>
      </trkpt>
      <trkpt lat="39.13016284815967082977294921875" lon="117.19238854944705963134765625">
        <ele>-3</ele>
        <time>2026-05-31T21:27:26.000Z</time>
        <extensions>
          <ns3:TrackPointExtension>
            <ns3:hr>135</ns3:hr>
            <ns3:cad>90</ns3:cad>
          </ns3:TrackPointExtension>
        </extensions>
      </trkpt>
      <trkpt lat="39.130151532590389251708984375" lon="117.19242517836391925811767578125">
        <ele>-3</ele>
        <time>2026-05-31T21:27:27.000Z</time>
        <extensions>
          <ns3:TrackPointExtension>
            <ns3:hr>135</ns3:hr>
            <ns3:cad>90</ns3:cad>
          </ns3:TrackPointExtension>
        </extensions>
      </trkpt>
      <trkpt lat="39.13014851510524749755859375" lon="117.1924564428627490997314453125">
        <ele>-3</ele>
        <time>2026-05-31T21:27:28.000Z</time>
        <extensions>
          <ns3:TrackPointExtension>
            <ns3:hr>135</ns3:hr>
            <ns3:cad>91</ns3:cad>
          </ns3:TrackPointExtension>
        </extensions>
      </trkpt>
      <trkpt lat="39.1301352716982364654541015625" lon="117.192492820322513580322265625">
        <ele>-3</ele>
        <time>2026-05-31T21:27:29.000Z</time>
        <extensions>
          <ns3:TrackPointExtension>
            <ns3:hr>135</ns3:hr>
            <ns3:cad>91</ns3:cad>
          </ns3:TrackPointExtension>
        </extensions>
      </trkpt>
      <trkpt lat="39.130132757127285003662109375" lon="117.1925218217074871063232421875">
        <ele>-3</ele>
        <time>2026-05-31T21:27:30.000Z</time>
        <extensions>
          <ns3:TrackPointExtension>
            <ns3:hr>135</ns3:hr>
            <ns3:cad>91</ns3:cad>
          </ns3:TrackPointExtension>
        </extensions>
      </trkpt>
      <trkpt lat="39.13012261502444744110107421875" lon="117.1925623901188373565673828125">
        <ele>-3</ele>
        <time>2026-05-31T21:27:31.000Z</time>
        <extensions>
          <ns3:TrackPointExtension>
            <ns3:hr>135</ns3:hr>
            <ns3:cad>91</ns3:cad>
          </ns3:TrackPointExtension>
        </extensions>
      </trkpt>
      <trkpt lat="39.130115993320941925048828125" lon="117.1925875358283519744873046875">
        <ele>-2.7999999523162841796875</ele>
        <time>2026-05-31T21:27:32.000Z</time>
        <extensions>
          <ns3:TrackPointExtension>
            <ns3:hr>135</ns3:hr>
            <ns3:cad>91</ns3:cad>
          </ns3:TrackPointExtension>
        </extensions>
      </trkpt>
      <trkpt lat="39.130100905895233154296875" lon="117.1926160342991352081298828125">
        <ele>-2.7999999523162841796875</ele>
        <time>2026-05-31T21:27:33.000Z</time>
        <extensions>
          <ns3:TrackPointExtension>
            <ns3:hr>135</ns3:hr>
            <ns3:cad>90</ns3:cad>
          </ns3:TrackPointExtension>
        </extensions>
      </trkpt>
      <trkpt lat="39.13009713403880596160888671875" lon="117.1926428563892841339111328125">
        <ele>-2.7999999523162841796875</ele>
        <time>2026-05-31T21:27:34.000Z</time>
        <extensions>
          <ns3:TrackPointExtension>
            <ns3:hr>135</ns3:hr>
            <ns3:cad>90</ns3:cad>
          </ns3:TrackPointExtension>
        </extensions>
      </trkpt>
      <trkpt lat="39.1300822980701923370361328125" lon="117.19267412088811397552490234375">
        <ele>-2.7999999523162841796875</ele>
        <time>2026-05-31T21:27:35.000Z</time>
        <extensions>
          <ns3:TrackPointExtension>
            <ns3:hr>135</ns3:hr>
            <ns3:cad>90</ns3:cad>
          </ns3:TrackPointExtension>
        </extensions>
      </trkpt>
      <trkpt lat="39.1300772689282894134521484375" lon="117.19270245172083377838134765625">
        <ele>-2.7999999523162841796875</ele>
        <time>2026-05-31T21:27:36.000Z</time>
        <extensions>
          <ns3:TrackPointExtension>
            <ns3:hr>136</ns3:hr>
            <ns3:cad>90</ns3:cad>
          </ns3:TrackPointExtension>
        </extensions>
      </trkpt>
      <trkpt lat="39.1300635226070880889892578125" lon="117.19273715279996395111083984375">
        <ele>-3</ele>
        <time>2026-05-31T21:27:37.000Z</time>
        <extensions>
          <ns3:TrackPointExtension>
            <ns3:hr>135</ns3:hr>
            <ns3:cad>90</ns3:cad>
          </ns3:TrackPointExtension>
        </extensions>
      </trkpt>
      <trkpt lat="39.1300608403980731964111328125" lon="117.19276665709912776947021484375">
        <ele>-3</ele>
        <time>2026-05-31T21:27:38.000Z</time>
        <extensions>
          <ns3:TrackPointExtension>
            <ns3:hr>135</ns3:hr>
            <ns3:cad>90</ns3:cad>
          </ns3:TrackPointExtension>
        </extensions>
      </trkpt>
      <trkpt lat="39.130048938095569610595703125" lon="117.192800939083099365234375">
        <ele>-3</ele>
        <time>2026-05-31T21:27:39.000Z</time>
        <extensions>
          <ns3:TrackPointExtension>
            <ns3:hr>136</ns3:hr>
            <ns3:cad>90</ns3:cad>
          </ns3:TrackPointExtension>
        </extensions>
      </trkpt>
      <trkpt lat="39.130046926438808441162109375" lon="117.19283807091414928436279296875">
        <ele>-3</ele>
        <time>2026-05-31T21:27:40.000Z</time>
        <extensions>
          <ns3:TrackPointExtension>
            <ns3:hr>136</ns3:hr>
            <ns3:cad>90</ns3:cad>
          </ns3:TrackPointExtension>
        </extensions>
      </trkpt>
      <trkpt lat="39.13003846071660518646240234375" lon="117.1928728558123111724853515625">
        <ele>-3</ele>
        <time>2026-05-31T21:27:41.000Z</time>
        <extensions>
          <ns3:TrackPointExtension>
            <ns3:hr>136</ns3:hr>
            <ns3:cad>91</ns3:cad>
          </ns3:TrackPointExtension>
        </extensions>
      </trkpt>
      <trkpt lat="39.13003720343112945556640625" lon="117.19290529377758502960205078125">
        <ele>-3</ele>
        <time>2026-05-31T21:27:42.000Z</time>
        <extensions>
          <ns3:TrackPointExtension>
            <ns3:hr>136</ns3:hr>
            <ns3:cad>91</ns3:cad>
          </ns3:TrackPointExtension>
        </extensions>
      </trkpt>
      <trkpt lat="39.1300298273563385009765625" lon="117.19294066540896892547607421875">
        <ele>-3</ele>
        <time>2026-05-31T21:27:43.000Z</time>
        <extensions>
          <ns3:TrackPointExtension>
            <ns3:hr>136</ns3:hr>
            <ns3:cad>91</ns3:cad>
          </ns3:TrackPointExtension>
        </extensions>
      </trkpt>
      <trkpt lat="39.1300284862518310546875" lon="117.19297151081264019012451171875">
        <ele>-3</ele>
        <time>2026-05-31T21:27:44.000Z</time>
        <extensions>
          <ns3:TrackPointExtension>
            <ns3:hr>136</ns3:hr>
            <ns3:cad>91</ns3:cad>
          </ns3:TrackPointExtension>
        </extensions>
      </trkpt>
      <trkpt lat="39.13002270273864269256591796875" lon="117.1930034458637237548828125">
        <ele>-3</ele>
        <time>2026-05-31T21:27:45.000Z</time>
        <extensions>
          <ns3:TrackPointExtension>
            <ns3:hr>137</ns3:hr>
            <ns3:cad>90</ns3:cad>
          </ns3:TrackPointExtension>
        </extensions>
      </trkpt>
      <trkpt lat="39.13002085871994495391845703125" lon="117.19303336925804615020751953125">
        <ele>-3</ele>
        <time>2026-05-31T21:27:46.000Z</time>
        <extensions>
          <ns3:TrackPointExtension>
            <ns3:hr>136</ns3:hr>
            <ns3:cad>90</ns3:cad>
          </ns3:TrackPointExtension>
        </extensions>
      </trkpt>
      <trkpt lat="39.1300152428448200225830078125" lon="117.19306756742298603057861328125">
        <ele>-3</ele>
        <time>2026-05-31T21:27:47.000Z</time>
        <extensions>
          <ns3:TrackPointExtension>
            <ns3:hr>136</ns3:hr>
            <ns3:cad>90</ns3:cad>
          </ns3:TrackPointExtension>
        </extensions>
      </trkpt>
      <trkpt lat="39.1300149075686931610107421875" lon="117.19310092739760875701904296875">
        <ele>-3</ele>
        <time>2026-05-31T21:27:48.000Z</time>
        <extensions>
          <ns3:TrackPointExtension>
            <ns3:hr>136</ns3:hr>
            <ns3:cad>90</ns3:cad>
          </ns3:TrackPointExtension>
        </extensions>
      </trkpt>
      <trkpt lat="39.1300108842551708221435546875" lon="117.1931370534002780914306640625">
        <ele>-3</ele>
        <time>2026-05-31T21:27:49.000Z</time>
        <extensions>
          <ns3:TrackPointExtension>
            <ns3:hr>136</ns3:hr>
            <ns3:cad>90</ns3:cad>
          </ns3:TrackPointExtension>
        </extensions>
      </trkpt>
      <trkpt lat="39.1300095431506633758544921875" lon="117.19317041337490081787109375">
        <ele>-3</ele>
        <time>2026-05-31T21:27:50.000Z</time>
        <extensions>
          <ns3:TrackPointExtension>
            <ns3:hr>136</ns3:hr>
            <ns3:cad>90</ns3:cad>
          </ns3:TrackPointExtension>
        </extensions>
      </trkpt>
      <trkpt lat="39.130004346370697021484375" lon="117.19320553354918956756591796875">
        <ele>-3</ele>
        <time>2026-05-31T21:27:51.000Z</time>
        <extensions>
          <ns3:TrackPointExtension>
            <ns3:hr>136</ns3:hr>
            <ns3:cad>90</ns3:cad>
          </ns3:TrackPointExtension>
        </extensions>
      </trkpt>
      <trkpt lat="39.13000275380909442901611328125" lon="117.1932383067905902862548828125">
        <ele>-3</ele>
        <time>2026-05-31T21:27:52.000Z</time>
        <extensions>
          <ns3:TrackPointExtension>
            <ns3:hr>135</ns3:hr>
            <ns3:cad>90</ns3:cad>
          </ns3:TrackPointExtension>
        </extensions>
      </trkpt>
      <trkpt lat="39.12999889813363552093505859375" lon="117.19327040947973728179931640625">
        <ele>-3</ele>
        <time>2026-05-31T21:27:53.000Z</time>
        <extensions>
          <ns3:TrackPointExtension>
            <ns3:hr>135</ns3:hr>
            <ns3:cad>90</ns3:cad>
          </ns3:TrackPointExtension>
        </extensions>
      </trkpt>
      <trkpt lat="39.1299964673817157745361328125" lon="117.1933036856353282928466796875">
        <ele>-3</ele>
        <time>2026-05-31T21:27:54.000Z</time>
        <extensions>
          <ns3:TrackPointExtension>
            <ns3:hr>135</ns3:hr>
            <ns3:cad>90</ns3:cad>
          </ns3:TrackPointExtension>
        </extensions>
      </trkpt>
      <trkpt lat="39.12999236024916172027587890625" lon="117.193335704505443572998046875">
        <ele>-3</ele>
        <time>2026-05-31T21:27:55.000Z</time>
        <extensions>
          <ns3:TrackPointExtension>
            <ns3:hr>135</ns3:hr>
            <ns3:cad>90</ns3:cad>
          </ns3:TrackPointExtension>
        </extensions>
      </trkpt>
      <trkpt lat="39.12999101914465427398681640625" lon="117.193369567394256591796875">
        <ele>-3</ele>
        <time>2026-05-31T21:27:56.000Z</time>
        <extensions>
          <ns3:TrackPointExtension>
            <ns3:hr>135</ns3:hr>
            <ns3:cad>90</ns3:cad>
          </ns3:TrackPointExtension>
        </extensions>
      </trkpt>
      <trkpt lat="39.129989929497241973876953125" lon="117.19339999370276927947998046875">
        <ele>-3</ele>
        <time>2026-05-31T21:27:57.000Z</time>
        <extensions>
          <ns3:TrackPointExtension>
            <ns3:hr>135</ns3:hr>
            <ns3:cad>90</ns3:cad>
          </ns3:TrackPointExtension>
        </extensions>
      </trkpt>
      <trkpt lat="39.1299870796501636505126953125" lon="117.19343218021094799041748046875">
        <ele>-3</ele>
        <time>2026-05-31T21:27:58.000Z</time>
        <extensions>
          <ns3:TrackPointExtension>
            <ns3:hr>135</ns3:hr>
            <ns3:cad>90</ns3:cad>
          </ns3:TrackPointExtension>
        </extensions>
      </trkpt>
      <trkpt lat="39.129978530108928680419921875" lon="117.19346344470977783203125">
        <ele>-3</ele>
        <time>2026-05-31T21:27:59.000Z</time>
        <extensions>
          <ns3:TrackPointExtension>
            <ns3:hr>135</ns3:hr>
            <ns3:cad>90</ns3:cad>
          </ns3:TrackPointExtension>
        </extensions>
      </trkpt>
      <trkpt lat="39.1299713216722011566162109375" lon="117.1934944577515125274658203125">
        <ele>-3</ele>
        <time>2026-05-31T21:28:00.000Z</time>
        <extensions>
          <ns3:TrackPointExtension>
            <ns3:hr>135</ns3:hr>
            <ns3:cad>90</ns3:cad>
          </ns3:TrackPointExtension>
        </extensions>
      </trkpt>
      <trkpt lat="39.12996805272996425628662109375" lon="117.193526141345500946044921875">
        <ele>-3</ele>
        <time>2026-05-31T21:28:01.000Z</time>
        <extensions>
          <ns3:TrackPointExtension>
            <ns3:hr>135</ns3:hr>
            <ns3:cad>90</ns3:cad>
          </ns3:TrackPointExtension>
        </extensions>
      </trkpt>
      <trkpt lat="39.12996553815901279449462890625" lon="117.19355790875852108001708984375">
        <ele>-3</ele>
        <time>2026-05-31T21:28:02.000Z</time>
        <extensions>
          <ns3:TrackPointExtension>
            <ns3:hr>135</ns3:hr>
            <ns3:cad>90</ns3:cad>
          </ns3:TrackPointExtension>
        </extensions>
      </trkpt>
      <trkpt lat="39.12996905855834484100341796875" lon="117.19358858652412891387939453125">
        <ele>-3</ele>
        <time>2026-05-31T21:28:03.000Z</time>
        <extensions>
          <ns3:TrackPointExtension>
            <ns3:hr>135</ns3:hr>
            <ns3:cad>90</ns3:cad>
          </ns3:TrackPointExtension>
        </extensions>
      </trkpt>
      <trkpt lat="39.12996612489223480224609375" lon="117.19362236559391021728515625">
        <ele>-3</ele>
        <time>2026-05-31T21:28:04.000Z</time>
        <extensions>
          <ns3:TrackPointExtension>
            <ns3:hr>135</ns3:hr>
            <ns3:cad>90</ns3:cad>
          </ns3:TrackPointExtension>
        </extensions>
      </trkpt>
      <trkpt lat="39.1299639455974102020263671875" lon="117.19365111552178859710693359375">
        <ele>-3</ele>
        <time>2026-05-31T21:28:05.000Z</time>
        <extensions>
          <ns3:TrackPointExtension>
            <ns3:hr>135</ns3:hr>
            <ns3:cad>90</ns3:cad>
          </ns3:TrackPointExtension>
        </extensions>
      </trkpt>
      <trkpt lat="39.12996235303580760955810546875" lon="117.19368061982095241546630859375">
        <ele>-3</ele>
        <time>2026-05-31T21:28:06.000Z</time>
        <extensions>
          <ns3:TrackPointExtension>
            <ns3:hr>135</ns3:hr>
            <ns3:cad>90</ns3:cad>
          </ns3:TrackPointExtension>
        </extensions>
      </trkpt>
      <trkpt lat="39.12996067665517330169677734375" lon="117.193707190454006195068359375">
        <ele>-2.7999999523162841796875</ele>
        <time>2026-05-31T21:28:07.000Z</time>
        <extensions>
          <ns3:TrackPointExtension>
            <ns3:hr>135</ns3:hr>
            <ns3:cad>90</ns3:cad>
          </ns3:TrackPointExtension>
        </extensions>
      </trkpt>
      <trkpt lat="39.12996419705450534820556640625" lon="117.19374231062829494476318359375">
        <ele>-2.7999999523162841796875</ele>
        <time>2026-05-31T21:28:08.000Z</time>
        <extensions>
          <ns3:TrackPointExtension>
            <ns3:hr>135</ns3:hr>
            <ns3:cad>90</ns3:cad>
          </ns3:TrackPointExtension>
        </extensions>
      </trkpt>
      <trkpt lat="39.12996335886418819427490234375" lon="117.19377282075583934783935546875">
        <ele>-2.7999999523162841796875</ele>
        <time>2026-05-31T21:28:09.000Z</time>
        <extensions>
          <ns3:TrackPointExtension>
            <ns3:hr>135</ns3:hr>
            <ns3:cad>90</ns3:cad>
          </ns3:TrackPointExtension>
        </extensions>
      </trkpt>
      <trkpt lat="39.12996855564415454864501953125" lon="117.193805761635303497314453125">
        <ele>-2.599999904632568359375</ele>
        <time>2026-05-31T21:28:10.000Z</time>
        <extensions>
          <ns3:TrackPointExtension>
            <ns3:hr>136</ns3:hr>
            <ns3:cad>90</ns3:cad>
          </ns3:TrackPointExtension>
        </extensions>
      </trkpt>
      <trkpt lat="39.129974842071533203125" lon="117.19383954070508480072021484375">
        <ele>-2.599999904632568359375</ele>
        <time>2026-05-31T21:28:11.000Z</time>
        <extensions>
          <ns3:TrackPointExtension>
            <ns3:hr>136</ns3:hr>
            <ns3:cad>90</ns3:cad>
          </ns3:TrackPointExtension>
        </extensions>
      </trkpt>
      <trkpt lat="39.1299820505082607269287109375" lon="117.19387491233646869659423828125">
        <ele>-2.599999904632568359375</ele>
        <time>2026-05-31T21:28:12.000Z</time>
        <extensions>
          <ns3:TrackPointExtension>
            <ns3:hr>136</ns3:hr>
            <ns3:cad>90</ns3:cad>
          </ns3:TrackPointExtension>
        </extensions>
      </trkpt>
      <trkpt lat="39.1299864090979099273681640625" lon="117.19390533864498138427734375">
        <ele>-2.599999904632568359375</ele>
        <time>2026-05-31T21:28:13.000Z</time>
        <extensions>
          <ns3:TrackPointExtension>
            <ns3:hr>137</ns3:hr>
            <ns3:cad>90</ns3:cad>
          </ns3:TrackPointExtension>
        </extensions>
      </trkpt>
      <trkpt lat="39.12999252788722515106201171875" lon="117.19393626786768436431884765625">
        <ele>-2.599999904632568359375</ele>
        <time>2026-05-31T21:28:14.000Z</time>
        <extensions>
          <ns3:TrackPointExtension>
            <ns3:hr>137</ns3:hr>
            <ns3:cad>90</ns3:cad>
          </ns3:TrackPointExtension>
        </extensions>
      </trkpt>
      <trkpt lat="39.1300025023519992828369140625" lon="117.19396526925265789031982421875">
        <ele>-2.599999904632568359375</ele>
        <time>2026-05-31T21:28:15.000Z</time>
        <extensions>
          <ns3:TrackPointExtension>
            <ns3:hr>136</ns3:hr>
            <ns3:cad>90</ns3:cad>
          </ns3:TrackPointExtension>
        </extensions>
      </trkpt>
      <trkpt lat="39.13000526838004589080810546875" lon="117.1940012276172637939453125">
        <ele>-2.599999904632568359375</ele>
        <time>2026-05-31T21:28:16.000Z</time>
        <extensions>
          <ns3:TrackPointExtension>
            <ns3:hr>136</ns3:hr>
            <ns3:cad>90</ns3:cad>
          </ns3:TrackPointExtension>
        </extensions>
      </trkpt>
      <trkpt lat="39.13001172244548797607421875" lon="117.19403282739222049713134765625">
        <ele>-2.599999904632568359375</ele>
        <time>2026-05-31T21:28:17.000Z</time>
        <extensions>
          <ns3:TrackPointExtension>
            <ns3:hr>136</ns3:hr>
            <ns3:cad>91</ns3:cad>
          </ns3:TrackPointExtension>
        </extensions>
      </trkpt>
      <trkpt lat="39.13001851178705692291259765625" lon="117.1940684504806995391845703125">
        <ele>-2.599999904632568359375</ele>
        <time>2026-05-31T21:28:18.000Z</time>
        <extensions>
          <ns3:TrackPointExtension>
            <ns3:hr>137</ns3:hr>
            <ns3:cad>91</ns3:cad>
          </ns3:TrackPointExtension>
        </extensions>
      </trkpt>
      <trkpt lat="39.13002354092895984649658203125" lon="117.1941009722650051116943359375">
        <ele>-2.599999904632568359375</ele>
        <time>2026-05-31T21:28:19.000Z</time>
        <extensions>
          <ns3:TrackPointExtension>
            <ns3:hr>136</ns3:hr>
            <ns3:cad>91</ns3:cad>
          </ns3:TrackPointExtension>
        </extensions>
      </trkpt>
      <trkpt lat="39.1300271451473236083984375" lon="117.19414229504764080047607421875">
        <ele>-2.599999904632568359375</ele>
        <time>2026-05-31T21:28:20.000Z</time>
        <extensions>
          <ns3:TrackPointExtension>
            <ns3:hr>136</ns3:hr>
            <ns3:cad>91</ns3:cad>
          </ns3:TrackPointExtension>
        </extensions>
      </trkpt>
      <trkpt lat="39.1300343535840511322021484375" lon="117.19417381100356578826904296875">
        <ele>-2.599999904632568359375</ele>
        <time>2026-05-31T21:28:21.000Z</time>
        <extensions>
          <ns3:TrackPointExtension>
            <ns3:hr>137</ns3:hr>
            <ns3:cad>92</ns3:cad>
          </ns3:TrackPointExtension>
        </extensions>
      </trkpt>
      <trkpt lat="39.1300427354872226715087890625" lon="117.19421136192977428436279296875">
        <ele>-2.7999999523162841796875</ele>
        <time>2026-05-31T21:28:22.000Z</time>
        <extensions>
          <ns3:TrackPointExtension>
            <ns3:hr>136</ns3:hr>
            <ns3:cad>92</ns3:cad>
          </ns3:TrackPointExtension>
        </extensions>
      </trkpt>
      <trkpt lat="39.1300512850284576416015625" lon="117.19424237497150897979736328125">
        <ele>-2.599999904632568359375</ele>
        <time>2026-05-31T21:28:23.000Z</time>
        <extensions>
          <ns3:TrackPointExtension>
            <ns3:hr>136</ns3:hr>
            <ns3:cad>92</ns3:cad>
          </ns3:TrackPointExtension>
        </extensions>
      </trkpt>
      <trkpt lat="39.13005597889423370361328125" lon="117.1942773275077342987060546875">
        <ele>-2.599999904632568359375</ele>
        <time>2026-05-31T21:28:24.000Z</time>
        <extensions>
          <ns3:TrackPointExtension>
            <ns3:hr>137</ns3:hr>
            <ns3:cad>90</ns3:cad>
          </ns3:TrackPointExtension>
        </extensions>
      </trkpt>
      <trkpt lat="39.130063354969024658203125" lon="117.19430373050272464752197265625">
        <ele>-2.599999904632568359375</ele>
        <time>2026-05-31T21:28:25.000Z</time>
        <extensions>
          <ns3:TrackPointExtension>
            <ns3:hr>136</ns3:hr>
            <ns3:cad>90</ns3:cad>
          </ns3:TrackPointExtension>
        </extensions>
      </trkpt>
      <trkpt lat="39.13005866110324859619140625" lon="117.19434312544763088226318359375">
        <ele>-2.599999904632568359375</ele>
        <time>2026-05-31T21:28:26.000Z</time>
        <extensions>
          <ns3:TrackPointExtension>
            <ns3:hr>136</ns3:hr>
            <ns3:cad>90</ns3:cad>
          </ns3:TrackPointExtension>
        </extensions>
      </trkpt>
      <trkpt lat="39.13006444461643695831298828125" lon="117.19436877407133579254150390625">
        <ele>-2.599999904632568359375</ele>
        <time>2026-05-31T21:28:27.000Z</time>
        <extensions>
          <ns3:TrackPointExtension>
            <ns3:hr>137</ns3:hr>
            <ns3:cad>90</ns3:cad>
          </ns3:TrackPointExtension>
        </extensions>
      </trkpt>
      <trkpt lat="39.1300672106444835662841796875" lon="117.194405235350131988525390625">
        <ele>-2.599999904632568359375</ele>
        <time>2026-05-31T21:28:28.000Z</time>
        <extensions>
          <ns3:TrackPointExtension>
            <ns3:hr>136</ns3:hr>
            <ns3:cad>90</ns3:cad>
          </ns3:TrackPointExtension>
        </extensions>
      </trkpt>
      <trkpt lat="39.13007182069122791290283203125" lon="117.1944342367351055145263671875">
        <ele>-2.599999904632568359375</ele>
        <time>2026-05-31T21:28:29.000Z</time>
        <extensions>
          <ns3:TrackPointExtension>
            <ns3:hr>136</ns3:hr>
            <ns3:cad>90</ns3:cad>
          </ns3:TrackPointExtension>
        </extensions>
      </trkpt>
      <trkpt lat="39.1300776042044162750244140625" lon="117.19446566887199878692626953125">
        <ele>-2.599999904632568359375</ele>
        <time>2026-05-31T21:28:30.000Z</time>
        <extensions>
          <ns3:TrackPointExtension>
            <ns3:hr>137</ns3:hr>
            <ns3:cad>90</ns3:cad>
          </ns3:TrackPointExtension>
        </extensions>
      </trkpt>
      <trkpt lat="39.13008606992661952972412109375" lon="117.19449341297149658203125">
        <ele>-2.599999904632568359375</ele>
        <time>2026-05-31T21:28:31.000Z</time>
        <extensions>
          <ns3:TrackPointExtension>
            <ns3:hr>136</ns3:hr>
            <ns3:cad>89</ns3:cad>
          </ns3:TrackPointExtension>
        </extensions>
      </trkpt>
      <trkpt lat="39.13008925504982471466064453125" lon="117.19453020952641963958740234375">
        <ele>-2.599999904632568359375</ele>
        <time>2026-05-31T21:28:32.000Z</time>
        <extensions>
          <ns3:TrackPointExtension>
            <ns3:hr>136</ns3:hr>
            <ns3:cad>90</ns3:cad>
          </ns3:TrackPointExtension>
        </extensions>
      </trkpt>
      <trkpt lat="39.13010098971426486968994140625" lon="117.1945556066930294036865234375">
        <ele>-2.7999999523162841796875</ele>
        <time>2026-05-31T21:28:33.000Z</time>
        <extensions>
          <ns3:TrackPointExtension>
            <ns3:hr>137</ns3:hr>
            <ns3:cad>90</ns3:cad>
          </ns3:TrackPointExtension>
        </extensions>
      </trkpt>
      <trkpt lat="39.13010400719940662384033203125" lon="117.1945867873728275299072265625">
        <ele>-2.7999999523162841796875</ele>
        <time>2026-05-31T21:28:34.000Z</time>
        <extensions>
          <ns3:TrackPointExtension>
            <ns3:hr>136</ns3:hr>
            <ns3:cad>90</ns3:cad>
          </ns3:TrackPointExtension>
        </extensions>
      </trkpt>
      <trkpt lat="39.1301067732274532318115234375" lon="117.1946139447391033172607421875">
        <ele>-2.599999904632568359375</ele>
        <time>2026-05-31T21:28:35.000Z</time>
        <extensions>
          <ns3:TrackPointExtension>
            <ns3:hr>136</ns3:hr>
            <ns3:cad>91</ns3:cad>
          </ns3:TrackPointExtension>
        </extensions>
      </trkpt>
      <trkpt lat="39.13010568358004093170166015625" lon="117.19465526752173900604248046875">
        <ele>-2.599999904632568359375</ele>
        <time>2026-05-31T21:28:36.000Z</time>
        <extensions>
          <ns3:TrackPointExtension>
            <ns3:hr>137</ns3:hr>
            <ns3:cad>91</ns3:cad>
          </ns3:TrackPointExtension>
        </extensions>
      </trkpt>
      <trkpt lat="39.13011088036000728607177734375" lon="117.1946825087070465087890625">
        <ele>-2.599999904632568359375</ele>
        <time>2026-05-31T21:28:37.000Z</time>
        <extensions>
          <ns3:TrackPointExtension>
            <ns3:hr>136</ns3:hr>
            <ns3:cad>91</ns3:cad>
          </ns3:TrackPointExtension>
        </extensions>
      </trkpt>
      <trkpt lat="39.1301102936267852783203125" lon="117.19471578486263751983642578125">
        <ele>-2.599999904632568359375</ele>
        <time>2026-05-31T21:28:38.000Z</time>
        <extensions>
          <ns3:TrackPointExtension>
            <ns3:hr>136</ns3:hr>
            <ns3:cad>92</ns3:cad>
          </ns3:TrackPointExtension>
        </extensions>
      </trkpt>
      <trkpt lat="39.13011507131159305572509765625" lon="117.1947467140853404998779296875">
        <ele>-2.599999904632568359375</ele>
        <time>2026-05-31T21:28:39.000Z</time>
        <extensions>
          <ns3:TrackPointExtension>
            <ns3:hr>137</ns3:hr>
            <ns3:cad>92</ns3:cad>
          </ns3:TrackPointExtension>
        </extensions>
      </trkpt>
      <trkpt lat="39.13011674769222736358642578125" lon="117.1947809122502803802490234375">
        <ele>-2.599999904632568359375</ele>
        <time>2026-05-31T21:28:40.000Z</time>
        <extensions>
          <ns3:TrackPointExtension>
            <ns3:hr>137</ns3:hr>
            <ns3:cad>92</ns3:cad>
          </ns3:TrackPointExtension>
        </extensions>
      </trkpt>
      <trkpt lat="39.13012144155800342559814453125" lon="117.19481167383491992950439453125">
        <ele>-2.599999904632568359375</ele>
        <time>2026-05-31T21:28:41.000Z</time>
        <extensions>
          <ns3:TrackPointExtension>
            <ns3:hr>137</ns3:hr>
            <ns3:cad>92</ns3:cad>
          </ns3:TrackPointExtension>
        </extensions>
      </trkpt>
      <trkpt lat="39.13012169301509857177734375" lon="117.19484805129468441009521484375">
        <ele>-2.599999904632568359375</ele>
        <time>2026-05-31T21:28:42.000Z</time>
        <extensions>
          <ns3:TrackPointExtension>
            <ns3:hr>138</ns3:hr>
            <ns3:cad>91</ns3:cad>
          </ns3:TrackPointExtension>
        </extensions>
      </trkpt>
      <trkpt lat="39.130126051604747772216796875" lon="117.1948841772973537445068359375">
        <ele>-2.599999904632568359375</ele>
        <time>2026-05-31T21:28:43.000Z</time>
        <extensions>
          <ns3:TrackPointExtension>
            <ns3:hr>138</ns3:hr>
            <ns3:cad>91</ns3:cad>
          </ns3:TrackPointExtension>
        </extensions>
      </trkpt>
      <trkpt lat="39.13011976517736911773681640625" lon="117.19492550007998943328857421875">
        <ele>-2.599999904632568359375</ele>
        <time>2026-05-31T21:28:44.000Z</time>
        <extensions>
          <ns3:TrackPointExtension>
            <ns3:hr>138</ns3:hr>
            <ns3:cad>91</ns3:cad>
          </ns3:TrackPointExtension>
        </extensions>
      </trkpt>
      <trkpt lat="39.1301218606531620025634765625" lon="117.19496221281588077545166015625">
        <ele>-2.599999904632568359375</ele>
        <time>2026-05-31T21:28:45.000Z</time>
        <extensions>
          <ns3:TrackPointExtension>
            <ns3:hr>138</ns3:hr>
            <ns3:cad>91</ns3:cad>
          </ns3:TrackPointExtension>
        </extensions>
      </trkpt>
      <trkpt lat="39.13012295030057430267333984375" lon="117.194989956915378570556640625">
        <ele>-2.599999904632568359375</ele>
        <time>2026-05-31T21:28:46.000Z</time>
        <extensions>
          <ns3:TrackPointExtension>
            <ns3:hr>138</ns3:hr>
            <ns3:cad>91</ns3:cad>
          </ns3:TrackPointExtension>
        </extensions>
      </trkpt>
      <trkpt lat="39.13013217039406299591064453125" lon="117.195018120110034942626953125">
        <ele>-2.599999904632568359375</ele>
        <time>2026-05-31T21:28:47.000Z</time>
        <extensions>
          <ns3:TrackPointExtension>
            <ns3:hr>138</ns3:hr>
            <ns3:cad>91</ns3:cad>
          </ns3:TrackPointExtension>
        </extensions>
      </trkpt>
      <trkpt lat="39.13013686425983905792236328125" lon="117.1950508095324039459228515625">
        <ele>-2.599999904632568359375</ele>
        <time>2026-05-31T21:28:48.000Z</time>
        <extensions>
          <ns3:TrackPointExtension>
            <ns3:hr>138</ns3:hr>
            <ns3:cad>91</ns3:cad>
          </ns3:TrackPointExtension>
        </extensions>
      </trkpt>
      <trkpt lat="39.13014692254364490509033203125" lon="117.1950840018689632415771484375">
        <ele>-2.599999904632568359375</ele>
        <time>2026-05-31T21:28:49.000Z</time>
        <extensions>
          <ns3:TrackPointExtension>
            <ns3:hr>138</ns3:hr>
            <ns3:cad>91</ns3:cad>
          </ns3:TrackPointExtension>
        </extensions>
      </trkpt>
      <trkpt lat="39.1301537118852138519287109375" lon="117.19511375762522220611572265625">
        <ele>-2.599999904632568359375</ele>
        <time>2026-05-31T21:28:50.000Z</time>
        <extensions>
          <ns3:TrackPointExtension>
            <ns3:hr>138</ns3:hr>
            <ns3:cad>90</ns3:cad>
          </ns3:TrackPointExtension>
        </extensions>
      </trkpt>
      <trkpt lat="39.13016259670257568359375" lon="117.19514477066695690155029296875">
        <ele>-2.599999904632568359375</ele>
        <time>2026-05-31T21:28:51.000Z</time>
        <extensions>
          <ns3:TrackPointExtension>
            <ns3:hr>138</ns3:hr>
            <ns3:cad>90</ns3:cad>
          </ns3:TrackPointExtension>
        </extensions>
      </trkpt>
      <trkpt lat="39.1301704756915569305419921875" lon="117.19517125748097896575927734375">
        <ele>-2.599999904632568359375</ele>
        <time>2026-05-31T21:28:52.000Z</time>
        <extensions>
          <ns3:TrackPointExtension>
            <ns3:hr>138</ns3:hr>
            <ns3:cad>90</ns3:cad>
          </ns3:TrackPointExtension>
        </extensions>
      </trkpt>
      <trkpt lat="39.1301825456321239471435546875" lon="117.1952013485133647918701171875">
        <ele>-2.599999904632568359375</ele>
        <time>2026-05-31T21:28:53.000Z</time>
        <extensions>
          <ns3:TrackPointExtension>
            <ns3:hr>138</ns3:hr>
            <ns3:cad>90</ns3:cad>
          </ns3:TrackPointExtension>
        </extensions>
      </trkpt>
      <trkpt lat="39.13018648512661457061767578125" lon="117.19523512758314609527587890625">
        <ele>-2.599999904632568359375</ele>
        <time>2026-05-31T21:28:54.000Z</time>
        <extensions>
          <ns3:TrackPointExtension>
            <ns3:hr>138</ns3:hr>
            <ns3:cad>90</ns3:cad>
          </ns3:TrackPointExtension>
        </extensions>
      </trkpt>
      <trkpt lat="39.13019813597202301025390625" lon="117.195268571376800537109375">
        <ele>-2.599999904632568359375</ele>
        <time>2026-05-31T21:28:55.000Z</time>
        <extensions>
          <ns3:TrackPointExtension>
            <ns3:hr>138</ns3:hr>
            <ns3:cad>90</ns3:cad>
          </ns3:TrackPointExtension>
        </extensions>
      </trkpt>
      <trkpt lat="39.1302095353603363037109375" lon="117.19529732130467891693115234375">
        <ele>-2.599999904632568359375</ele>
        <time>2026-05-31T21:28:56.000Z</time>
        <extensions>
          <ns3:TrackPointExtension>
            <ns3:hr>138</ns3:hr>
            <ns3:cad>90</ns3:cad>
          </ns3:TrackPointExtension>
        </extensions>
      </trkpt>
      <trkpt lat="39.13022202439606189727783203125" lon="117.195332944393157958984375">
        <ele>-2.599999904632568359375</ele>
        <time>2026-05-31T21:28:57.000Z</time>
        <extensions>
          <ns3:TrackPointExtension>
            <ns3:hr>138</ns3:hr>
            <ns3:cad>90</ns3:cad>
          </ns3:TrackPointExtension>
        </extensions>
      </trkpt>
      <trkpt lat="39.1302363574504852294921875" lon="117.19536446034908294677734375">
        <ele>-2.599999904632568359375</ele>
        <time>2026-05-31T21:28:58.000Z</time>
        <extensions>
          <ns3:TrackPointExtension>
            <ns3:hr>138</ns3:hr>
            <ns3:cad>90</ns3:cad>
          </ns3:TrackPointExtension>
        </extensions>
      </trkpt>
      <trkpt lat="39.1302449069917201995849609375" lon="117.19540159218013286590576171875">
        <ele>-2.599999904632568359375</ele>
        <time>2026-05-31T21:28:59.000Z</time>
        <extensions>
          <ns3:TrackPointExtension>
            <ns3:hr>138</ns3:hr>
            <ns3:cad>90</ns3:cad>
          </ns3:TrackPointExtension>
        </extensions>
      </trkpt>
      <trkpt lat="39.130248762667179107666015625" lon="117.19543143175542354583740234375">
        <ele>-2.599999904632568359375</ele>
        <time>2026-05-31T21:29:00.000Z</time>
        <extensions>
          <ns3:TrackPointExtension>
            <ns3:hr>138</ns3:hr>
            <ns3:cad>91</ns3:cad>
          </ns3:TrackPointExtension>
        </extensions>
      </trkpt>
      <trkpt lat="39.13025286979973316192626953125" lon="117.1954688988626003265380859375">
        <ele>-2.599999904632568359375</ele>
        <time>2026-05-31T21:29:01.000Z</time>
        <extensions>
          <ns3:TrackPointExtension>
            <ns3:hr>138</ns3:hr>
            <ns3:cad>91</ns3:cad>
          </ns3:TrackPointExtension>
        </extensions>
      </trkpt>
      <trkpt lat="39.1302610002458095550537109375" lon="117.1954940445721149444580078125">
        <ele>-2.599999904632568359375</ele>
        <time>2026-05-31T21:29:02.000Z</time>
        <extensions>
          <ns3:TrackPointExtension>
            <ns3:hr>137</ns3:hr>
            <ns3:cad>91</ns3:cad>
          </ns3:TrackPointExtension>
        </extensions>
      </trkpt>
      <trkpt lat="39.1302636824548244476318359375" lon="117.19552782364189624786376953125">
        <ele>-2.599999904632568359375</ele>
        <time>2026-05-31T21:29:03.000Z</time>
        <extensions>
          <ns3:TrackPointExtension>
            <ns3:hr>137</ns3:hr>
            <ns3:cad>91</ns3:cad>
          </ns3:TrackPointExtension>
        </extensions>
      </trkpt>
      <trkpt lat="39.13027449510991573333740234375" lon="117.195551209151744842529296875">
        <ele>-2.7999999523162841796875</ele>
        <time>2026-05-31T21:29:04.000Z</time>
        <extensions>
          <ns3:TrackPointExtension>
            <ns3:hr>137</ns3:hr>
            <ns3:cad>91</ns3:cad>
          </ns3:TrackPointExtension>
        </extensions>
      </trkpt>
      <trkpt lat="39.130289666354656219482421875" lon="117.19558130018413066864013671875">
        <ele>-2.7999999523162841796875</ele>
        <time>2026-05-31T21:29:05.000Z</time>
        <extensions>
          <ns3:TrackPointExtension>
            <ns3:hr>136</ns3:hr>
            <ns3:cad>91</ns3:cad>
          </ns3:TrackPointExtension>
        </extensions>
      </trkpt>
      <trkpt lat="39.1303045861423015594482421875" lon="117.19560544006526470184326171875">
        <ele>-2.7999999523162841796875</ele>
        <time>2026-05-31T21:29:06.000Z</time>
        <extensions>
          <ns3:TrackPointExtension>
            <ns3:hr>136</ns3:hr>
            <ns3:cad>90</ns3:cad>
          </ns3:TrackPointExtension>
        </extensions>
      </trkpt>
      <trkpt lat="39.1303216852247714996337890625" lon="117.1956345252692699432373046875">
        <ele>-2.7999999523162841796875</ele>
        <time>2026-05-31T21:29:07.000Z</time>
        <extensions>
          <ns3:TrackPointExtension>
            <ns3:hr>135</ns3:hr>
            <ns3:cad>90</ns3:cad>
          </ns3:TrackPointExtension>
        </extensions>
      </trkpt>
      <trkpt lat="39.1303374432027339935302734375" lon="117.195654809474945068359375">
        <ele>-2.7999999523162841796875</ele>
        <time>2026-05-31T21:29:08.000Z</time>
        <extensions>
          <ns3:TrackPointExtension>
            <ns3:hr>135</ns3:hr>
            <ns3:cad>90</ns3:cad>
          </ns3:TrackPointExtension>
        </extensions>
      </trkpt>
      <trkpt lat="39.13035261444747447967529296875" lon="117.1956851519644260406494140625">
        <ele>-2.7999999523162841796875</ele>
        <time>2026-05-31T21:29:09.000Z</time>
        <extensions>
          <ns3:TrackPointExtension>
            <ns3:hr>135</ns3:hr>
            <ns3:cad>90</ns3:cad>
          </ns3:TrackPointExtension>
        </extensions>
      </trkpt>
      <trkpt lat="39.1303651034832000732421875" lon="117.1957082860171794891357421875">
        <ele>-2.7999999523162841796875</ele>
        <time>2026-05-31T21:29:10.000Z</time>
        <extensions>
          <ns3:TrackPointExtension>
            <ns3:hr>135</ns3:hr>
            <ns3:cad>90</ns3:cad>
          </ns3:TrackPointExtension>
        </extensions>
      </trkpt>
      <trkpt lat="39.13037608377635478973388671875" lon="117.19574307091534137725830078125">
        <ele>-2.7999999523162841796875</ele>
        <time>2026-05-31T21:29:11.000Z</time>
        <extensions>
          <ns3:TrackPointExtension>
            <ns3:hr>135</ns3:hr>
            <ns3:cad>90</ns3:cad>
          </ns3:TrackPointExtension>
        </extensions>
      </trkpt>
      <trkpt lat="39.13039100356400012969970703125" lon="117.1957656182348728179931640625">
        <ele>-2.7999999523162841796875</ele>
        <time>2026-05-31T21:29:12.000Z</time>
        <extensions>
          <ns3:TrackPointExtension>
            <ns3:hr>135</ns3:hr>
            <ns3:cad>90</ns3:cad>
          </ns3:TrackPointExtension>
        </extensions>
      </trkpt>
      <trkpt lat="39.1304133832454681396484375" lon="117.19579017721116542816162109375">
        <ele>-2.7999999523162841796875</ele>
        <time>2026-05-31T21:29:13.000Z</time>
        <extensions>
          <ns3:TrackPointExtension>
            <ns3:hr>135</ns3:hr>
            <ns3:cad>90</ns3:cad>
          </ns3:TrackPointExtension>
        </extensions>
      </trkpt>
      <trkpt lat="39.1304340027272701263427734375" lon="117.195803336799144744873046875">
        <ele>-2.7999999523162841796875</ele>
        <time>2026-05-31T21:29:14.000Z</time>
        <extensions>
          <ns3:TrackPointExtension>
            <ns3:hr>135</ns3:hr>
            <ns3:cad>90</ns3:cad>
          </ns3:TrackPointExtension>
        </extensions>
      </trkpt>
      <trkpt lat="39.130460321903228759765625" lon="117.19582605175673961639404296875">
        <ele>-2.7999999523162841796875</ele>
        <time>2026-05-31T21:29:15.000Z</time>
        <extensions>
          <ns3:TrackPointExtension>
            <ns3:hr>134</ns3:hr>
            <ns3:cad>90</ns3:cad>
          </ns3:TrackPointExtension>
        </extensions>
      </trkpt>
      <trkpt lat="39.13047616370022296905517578125" lon="117.1958514489233493804931640625">
        <ele>-2.7999999523162841796875</ele>
        <time>2026-05-31T21:29:16.000Z</time>
        <extensions>
          <ns3:TrackPointExtension>
            <ns3:hr>135</ns3:hr>
            <ns3:cad>90</ns3:cad>
          </ns3:TrackPointExtension>
        </extensions>
      </trkpt>
      <trkpt lat="39.130487479269504547119140625" lon="117.1958789415657520294189453125">
        <ele>-2.7999999523162841796875</ele>
        <time>2026-05-31T21:29:17.000Z</time>
        <extensions>
          <ns3:TrackPointExtension>
            <ns3:hr>135</ns3:hr>
            <ns3:cad>90</ns3:cad>
          </ns3:TrackPointExtension>
        </extensions>
      </trkpt>
      <trkpt lat="39.13049946539103984832763671875" lon="117.1959087811410427093505859375">
        <ele>-2.7999999523162841796875</ele>
        <time>2026-05-31T21:29:18.000Z</time>
        <extensions>
          <ns3:TrackPointExtension>
            <ns3:hr>135</ns3:hr>
            <ns3:cad>90</ns3:cad>
          </ns3:TrackPointExtension>
        </extensions>
      </trkpt>
      <trkpt lat="39.13050927221775054931640625" lon="117.19592831097543239593505859375">
        <ele>-2.7999999523162841796875</ele>
        <time>2026-05-31T21:29:19.000Z</time>
        <extensions>
          <ns3:TrackPointExtension>
            <ns3:hr>135</ns3:hr>
            <ns3:cad>91</ns3:cad>
          </ns3:TrackPointExtension>
        </extensions>
      </trkpt>
      <trkpt lat="39.13052075542509555816650390625" lon="117.19595798291265964508056640625">
        <ele>-2.7999999523162841796875</ele>
        <time>2026-05-31T21:29:20.000Z</time>
        <extensions>
          <ns3:TrackPointExtension>
            <ns3:hr>135</ns3:hr>
            <ns3:cad>91</ns3:cad>
          </ns3:TrackPointExtension>
        </extensions>
      </trkpt>
      <trkpt lat="39.1305288858711719512939453125" lon="117.19598480500280857086181640625">
        <ele>-2.7999999523162841796875</ele>
        <time>2026-05-31T21:29:21.000Z</time>
        <extensions>
          <ns3:TrackPointExtension>
            <ns3:hr>135</ns3:hr>
            <ns3:cad>91</ns3:cad>
          </ns3:TrackPointExtension>
        </extensions>
      </trkpt>
      <trkpt lat="39.130535088479518890380859375" lon="117.19601028598845005035400390625">
        <ele>-2.7999999523162841796875</ele>
        <time>2026-05-31T21:29:22.000Z</time>
        <extensions>
          <ns3:TrackPointExtension>
            <ns3:hr>135</ns3:hr>
            <ns3:cad>91</ns3:cad>
          </ns3:TrackPointExtension>
        </extensions>
      </trkpt>
      <trkpt lat="39.1305436380207538604736328125" lon="117.1960378624498844146728515625">
        <ele>-3</ele>
        <time>2026-05-31T21:29:23.000Z</time>
        <extensions>
          <ns3:TrackPointExtension>
            <ns3:hr>135</ns3:hr>
            <ns3:cad>91</ns3:cad>
          </ns3:TrackPointExtension>
        </extensions>
      </trkpt>
      <trkpt lat="39.13055713288486003875732421875" lon="117.1960626728832721710205078125">
        <ele>-2.7999999523162841796875</ele>
        <time>2026-05-31T21:29:24.000Z</time>
        <extensions>
          <ns3:TrackPointExtension>
            <ns3:hr>135</ns3:hr>
            <ns3:cad>91</ns3:cad>
          </ns3:TrackPointExtension>
        </extensions>
      </trkpt>
      <trkpt lat="39.130567610263824462890625" lon="117.1960941888391971588134765625">
        <ele>-3</ele>
        <time>2026-05-31T21:29:25.000Z</time>
        <extensions>
          <ns3:TrackPointExtension>
            <ns3:hr>135</ns3:hr>
            <ns3:cad>91</ns3:cad>
          </ns3:TrackPointExtension>
        </extensions>
      </trkpt>
      <trkpt lat="39.13057222031056880950927734375" lon="117.1961263753473758697509765625">
        <ele>-2.7999999523162841796875</ele>
        <time>2026-05-31T21:29:26.000Z</time>
        <extensions>
          <ns3:TrackPointExtension>
            <ns3:hr>135</ns3:hr>
            <ns3:cad>92</ns3:cad>
          </ns3:TrackPointExtension>
        </extensions>
      </trkpt>
      <trkpt lat="39.1305798478424549102783203125" lon="117.1961588971316814422607421875">
        <ele>-2.7999999523162841796875</ele>
        <time>2026-05-31T21:29:27.000Z</time>
        <extensions>
          <ns3:TrackPointExtension>
            <ns3:hr>135</ns3:hr>
            <ns3:cad>92</ns3:cad>
          </ns3:TrackPointExtension>
        </extensions>
      </trkpt>
      <trkpt lat="39.13058445788919925689697265625" lon="117.19619602896273136138916015625">
        <ele>-2.7999999523162841796875</ele>
        <time>2026-05-31T21:29:28.000Z</time>
        <extensions>
          <ns3:TrackPointExtension>
            <ns3:hr>136</ns3:hr>
            <ns3:cad>92</ns3:cad>
          </ns3:TrackPointExtension>
        </extensions>
      </trkpt>
      <trkpt lat="39.13058496080338954925537109375" lon="117.1962435543537139892578125">
        <ele>-2.7999999523162841796875</ele>
        <time>2026-05-31T21:29:29.000Z</time>
        <extensions>
          <ns3:TrackPointExtension>
            <ns3:hr>136</ns3:hr>
            <ns3:cad>92</ns3:cad>
          </ns3:TrackPointExtension>
        </extensions>
      </trkpt>
      <trkpt lat="39.1305899061262607574462890625" lon="117.19627833925187587738037109375">
        <ele>-2.7999999523162841796875</ele>
        <time>2026-05-31T21:29:30.000Z</time>
        <extensions>
          <ns3:TrackPointExtension>
            <ns3:hr>136</ns3:hr>
            <ns3:cad>92</ns3:cad>
          </ns3:TrackPointExtension>
        </extensions>
      </trkpt>
      <trkpt lat="39.13058697246015071868896484375" lon="117.1963231824338436126708984375">
        <ele>-2.7999999523162841796875</ele>
        <time>2026-05-31T21:29:31.000Z</time>
        <extensions>
          <ns3:TrackPointExtension>
            <ns3:hr>136</ns3:hr>
            <ns3:cad>91</ns3:cad>
          </ns3:TrackPointExtension>
        </extensions>
      </trkpt>
      <trkpt lat="39.1305902414023876190185546875" lon="117.19635595567524433135986328125">
        <ele>-2.7999999523162841796875</ele>
        <time>2026-05-31T21:29:32.000Z</time>
        <extensions>
          <ns3:TrackPointExtension>
            <ns3:hr>137</ns3:hr>
            <ns3:cad>91</ns3:cad>
          </ns3:TrackPointExtension>
        </extensions>
      </trkpt>
      <trkpt lat="39.1305919177830219268798828125" lon="117.19639015384018421173095703125">
        <ele>-3</ele>
        <time>2026-05-31T21:29:33.000Z</time>
        <extensions>
          <ns3:TrackPointExtension>
            <ns3:hr>137</ns3:hr>
            <ns3:cad>90</ns3:cad>
          </ns3:TrackPointExtension>
        </extensions>
      </trkpt>
      <trkpt lat="39.1305986233055591583251953125" lon="117.196422256529331207275390625">
        <ele>-2.7999999523162841796875</ele>
        <time>2026-05-31T21:29:34.000Z</time>
        <extensions>
          <ns3:TrackPointExtension>
            <ns3:hr>137</ns3:hr>
            <ns3:cad>90</ns3:cad>
          </ns3:TrackPointExtension>
        </extensions>
      </trkpt>
      <trkpt lat="39.1306036524474620819091796875" lon="117.19645637087523937225341796875">
        <ele>-2.7999999523162841796875</ele>
        <time>2026-05-31T21:29:35.000Z</time>
        <extensions>
          <ns3:TrackPointExtension>
            <ns3:hr>137</ns3:hr>
            <ns3:cad>91</ns3:cad>
          </ns3:TrackPointExtension>
        </extensions>
      </trkpt>
      <trkpt lat="39.13061379455029964447021484375" lon="117.19649325124919414520263671875">
        <ele>-2.7999999523162841796875</ele>
        <time>2026-05-31T21:29:36.000Z</time>
        <extensions>
          <ns3:TrackPointExtension>
            <ns3:hr>137</ns3:hr>
            <ns3:cad>91</ns3:cad>
          </ns3:TrackPointExtension>
        </extensions>
      </trkpt>
      <trkpt lat="39.1306252777576446533203125" lon="117.1965313889086246490478515625">
        <ele>-2.7999999523162841796875</ele>
        <time>2026-05-31T21:29:37.000Z</time>
        <extensions>
          <ns3:TrackPointExtension>
            <ns3:hr>137</ns3:hr>
            <ns3:cad>91</ns3:cad>
          </ns3:TrackPointExtension>
        </extensions>
      </trkpt>
      <trkpt lat="39.13064229302108287811279296875" lon="117.1965655870735645294189453125">
        <ele>-2.7999999523162841796875</ele>
        <time>2026-05-31T21:29:38.000Z</time>
        <extensions>
          <ns3:TrackPointExtension>
            <ns3:hr>138</ns3:hr>
            <ns3:cad>91</ns3:cad>
          </ns3:TrackPointExtension>
        </extensions>
      </trkpt>
      <trkpt lat="39.13065436296164989471435546875" lon="117.19659718684852123260498046875">
        <ele>-2.7999999523162841796875</ele>
        <time>2026-05-31T21:29:39.000Z</time>
        <extensions>
          <ns3:TrackPointExtension>
            <ns3:hr>138</ns3:hr>
            <ns3:cad>91</ns3:cad>
          </ns3:TrackPointExtension>
        </extensions>
      </trkpt>
      <trkpt lat="39.13067129440605640411376953125" lon="117.19662819989025592803955078125">
        <ele>-2.7999999523162841796875</ele>
        <time>2026-05-31T21:29:40.000Z</time>
        <extensions>
          <ns3:TrackPointExtension>
            <ns3:hr>138</ns3:hr>
            <ns3:cad>91</ns3:cad>
          </ns3:TrackPointExtension>
        </extensions>
      </trkpt>
      <trkpt lat="39.1306827776134014129638671875" lon="117.1966592967510223388671875">
        <ele>-2.7999999523162841796875</ele>
        <time>2026-05-31T21:29:41.000Z</time>
        <extensions>
          <ns3:TrackPointExtension>
            <ns3:hr>138</ns3:hr>
            <ns3:cad>90</ns3:cad>
          </ns3:TrackPointExtension>
        </extensions>
      </trkpt>
      <trkpt lat="39.1306971944868564605712890625" lon="117.1966929920017719268798828125">
        <ele>-2.7999999523162841796875</ele>
        <time>2026-05-31T21:29:42.000Z</time>
        <extensions>
          <ns3:TrackPointExtension>
            <ns3:hr>138</ns3:hr>
            <ns3:cad>90</ns3:cad>
          </ns3:TrackPointExtension>
        </extensions>
      </trkpt>
      <trkpt lat="39.13071052171289920806884765625" lon="117.19672509469091892242431640625">
        <ele>-3</ele>
        <time>2026-05-31T21:29:43.000Z</time>
        <extensions>
          <ns3:TrackPointExtension>
            <ns3:hr>138</ns3:hr>
            <ns3:cad>90</ns3:cad>
          </ns3:TrackPointExtension>
        </extensions>
      </trkpt>
      <trkpt lat="39.1307233460247516632080078125" lon="117.19676583074033260345458984375">
        <ele>-3</ele>
        <time>2026-05-31T21:29:44.000Z</time>
        <extensions>
          <ns3:TrackPointExtension>
            <ns3:hr>138</ns3:hr>
            <ns3:cad>90</ns3:cad>
          </ns3:TrackPointExtension>
        </extensions>
      </trkpt>
      <trkpt lat="39.13073935545980930328369140625" lon="117.19679315574467182159423828125">
        <ele>-2.7999999523162841796875</ele>
        <time>2026-05-31T21:29:45.000Z</time>
        <extensions>
          <ns3:TrackPointExtension>
            <ns3:hr>138</ns3:hr>
            <ns3:cad>90</ns3:cad>
          </ns3:TrackPointExtension>
        </extensions>
      </trkpt>
      <trkpt lat="39.1307525150477886199951171875" lon="117.19682802446186542510986328125">
        <ele>-3</ele>
        <time>2026-05-31T21:29:46.000Z</time>
        <extensions>
          <ns3:TrackPointExtension>
            <ns3:hr>138</ns3:hr>
            <ns3:cad>91</ns3:cad>
          </ns3:TrackPointExtension>
        </extensions>
      </trkpt>
      <trkpt lat="39.13076768629252910614013671875" lon="117.19685048796236515045166015625">
        <ele>-3</ele>
        <time>2026-05-31T21:29:47.000Z</time>
        <extensions>
          <ns3:TrackPointExtension>
            <ns3:hr>138</ns3:hr>
            <ns3:cad>92</ns3:cad>
          </ns3:TrackPointExtension>
        </extensions>
      </trkpt>
      <trkpt lat="39.1307833604514598846435546875" lon="117.196883261203765869140625">
        <ele>-3</ele>
        <time>2026-05-31T21:29:48.000Z</time>
        <extensions>
          <ns3:TrackPointExtension>
            <ns3:hr>138</ns3:hr>
            <ns3:cad>92</ns3:cad>
          </ns3:TrackPointExtension>
        </extensions>
      </trkpt>
      <trkpt lat="39.1307937540113925933837890625" lon="117.19690597616136074066162109375">
        <ele>-3</ele>
        <time>2026-05-31T21:29:49.000Z</time>
        <extensions>
          <ns3:TrackPointExtension>
            <ns3:hr>139</ns3:hr>
            <ns3:cad>91</ns3:cad>
          </ns3:TrackPointExtension>
        </extensions>
      </trkpt>
      <trkpt lat="39.13079584948718547821044921875" lon="117.1969417668879032135009765625">
        <ele>-3</ele>
        <time>2026-05-31T21:29:50.000Z</time>
        <extensions>
          <ns3:TrackPointExtension>
            <ns3:hr>138</ns3:hr>
            <ns3:cad>91</ns3:cad>
          </ns3:TrackPointExtension>
        </extensions>
      </trkpt>
      <trkpt lat="39.13080154918134212493896484375" lon="117.1969675831496715545654296875">
        <ele>-3</ele>
        <time>2026-05-31T21:29:51.000Z</time>
        <extensions>
          <ns3:TrackPointExtension>
            <ns3:hr>138</ns3:hr>
            <ns3:cad>91</ns3:cad>
          </ns3:TrackPointExtension>
        </extensions>
      </trkpt>
      <trkpt lat="39.13080741651356220245361328125" lon="117.19700873829424381256103515625">
        <ele>-2.7999999523162841796875</ele>
        <time>2026-05-31T21:29:52.000Z</time>
        <extensions>
          <ns3:TrackPointExtension>
            <ns3:hr>138</ns3:hr>
            <ns3:cad>91</ns3:cad>
          </ns3:TrackPointExtension>
        </extensions>
      </trkpt>
      <trkpt lat="39.13081982173025608062744140625" lon="117.197033129632472991943359375">
        <ele>-2.7999999523162841796875</ele>
        <time>2026-05-31T21:29:53.000Z</time>
        <extensions>
          <ns3:TrackPointExtension>
            <ns3:hr>138</ns3:hr>
            <ns3:cad>91</ns3:cad>
          </ns3:TrackPointExtension>
        </extensions>
      </trkpt>
      <trkpt lat="39.13082870654761791229248046875" lon="117.19706489704549312591552734375">
        <ele>-2.7999999523162841796875</ele>
        <time>2026-05-31T21:29:54.000Z</time>
        <extensions>
          <ns3:TrackPointExtension>
            <ns3:hr>138</ns3:hr>
            <ns3:cad>90</ns3:cad>
          </ns3:TrackPointExtension>
        </extensions>
      </trkpt>
      <trkpt lat="39.1308396868407726287841796875" lon="117.1970862708985805511474609375">
        <ele>-2.599999904632568359375</ele>
        <time>2026-05-31T21:29:55.000Z</time>
        <extensions>
          <ns3:TrackPointExtension>
            <ns3:hr>138</ns3:hr>
            <ns3:cad>90</ns3:cad>
          </ns3:TrackPointExtension>
        </extensions>
      </trkpt>
      <trkpt lat="39.13085217587649822235107421875" lon="117.197116948664188385009765625">
        <ele>-2.599999904632568359375</ele>
        <time>2026-05-31T21:29:56.000Z</time>
        <extensions>
          <ns3:TrackPointExtension>
            <ns3:hr>138</ns3:hr>
            <ns3:cad>89</ns3:cad>
          </ns3:TrackPointExtension>
        </extensions>
      </trkpt>
      <trkpt lat="39.13086608983576297760009765625" lon="117.19713874161243438720703125">
        <ele>-2.400000095367431640625</ele>
        <time>2026-05-31T21:29:57.000Z</time>
        <extensions>
          <ns3:TrackPointExtension>
            <ns3:hr>138</ns3:hr>
            <ns3:cad>89</ns3:cad>
          </ns3:TrackPointExtension>
        </extensions>
      </trkpt>
      <trkpt lat="39.1308779083192348480224609375" lon="117.1971684135496616363525390625">
        <ele>-2.400000095367431640625</ele>
        <time>2026-05-31T21:29:58.000Z</time>
        <extensions>
          <ns3:TrackPointExtension>
            <ns3:hr>138</ns3:hr>
            <ns3:cad>89</ns3:cad>
          </ns3:TrackPointExtension>
        </extensions>
      </trkpt>
      <trkpt lat="39.130889810621738433837890625" lon="117.19718760810792446136474609375">
        <ele>-2.2000000476837158203125</ele>
        <time>2026-05-31T21:29:59.000Z</time>
        <extensions>
          <ns3:TrackPointExtension>
            <ns3:hr>138</ns3:hr>
            <ns3:cad>89</ns3:cad>
          </ns3:TrackPointExtension>
        </extensions>
      </trkpt>
      <trkpt lat="39.13090498186647891998291015625" lon="117.1972198784351348876953125">
        <ele>-2.2000000476837158203125</ele>
        <time>2026-05-31T21:30:00.000Z</time>
        <extensions>
          <ns3:TrackPointExtension>
            <ns3:hr>138</ns3:hr>
            <ns3:cad>89</ns3:cad>
          </ns3:TrackPointExtension>
        </extensions>
      </trkpt>
      <trkpt lat="39.1309157945215702056884765625" lon="117.19724108465015888214111328125">
        <ele>-2.2000000476837158203125</ele>
        <time>2026-05-31T21:30:01.000Z</time>
        <extensions>
          <ns3:TrackPointExtension>
            <ns3:hr>138</ns3:hr>
            <ns3:cad>89</ns3:cad>
          </ns3:TrackPointExtension>
        </extensions>
      </trkpt>
      <trkpt lat="39.13092660717666149139404296875" lon="117.1972720138728618621826171875">
        <ele>-2</ele>
        <time>2026-05-31T21:30:02.000Z</time>
        <extensions>
          <ns3:TrackPointExtension>
            <ns3:hr>138</ns3:hr>
            <ns3:cad>89</ns3:cad>
          </ns3:TrackPointExtension>
        </extensions>
      </trkpt>
      <trkpt lat="39.13093565963208675384521484375" lon="117.197292633354663848876953125">
        <ele>-2</ele>
        <time>2026-05-31T21:30:03.000Z</time>
        <extensions>
          <ns3:TrackPointExtension>
            <ns3:hr>137</ns3:hr>
            <ns3:cad>89</ns3:cad>
          </ns3:TrackPointExtension>
        </extensions>
      </trkpt>
      <trkpt lat="39.1309473104774951934814453125" lon="117.197322808206081390380859375">
        <ele>-1.7999999523162841796875</ele>
        <time>2026-05-31T21:30:04.000Z</time>
        <extensions>
          <ns3:TrackPointExtension>
            <ns3:hr>138</ns3:hr>
            <ns3:cad>89</ns3:cad>
          </ns3:TrackPointExtension>
        </extensions>
      </trkpt>
      <trkpt lat="39.1309566982090473175048828125" lon="117.1973447687923908233642578125">
        <ele>-1.7999999523162841796875</ele>
        <time>2026-05-31T21:30:05.000Z</time>
        <extensions>
          <ns3:TrackPointExtension>
            <ns3:hr>138</ns3:hr>
            <ns3:cad>89</ns3:cad>
          </ns3:TrackPointExtension>
        </extensions>
      </trkpt>
      <trkpt lat="39.13097170181572437286376953125" lon="117.19737586565315723419189453125">
        <ele>-1.7999999523162841796875</ele>
        <time>2026-05-31T21:30:06.000Z</time>
        <extensions>
          <ns3:TrackPointExtension>
            <ns3:hr>138</ns3:hr>
            <ns3:cad>89</ns3:cad>
          </ns3:TrackPointExtension>
        </extensions>
      </trkpt>
      <trkpt lat="39.1309851966798305511474609375" lon="117.19739732332527637481689453125">
        <ele>-1.60000002384185791015625</ele>
        <time>2026-05-31T21:30:07.000Z</time>
        <extensions>
          <ns3:TrackPointExtension>
            <ns3:hr>138</ns3:hr>
            <ns3:cad>89</ns3:cad>
          </ns3:TrackPointExtension>
        </extensions>
      </trkpt>
      <trkpt lat="39.131001122295856475830078125" lon="117.19742531888186931610107421875">
        <ele>-1.60000002384185791015625</ele>
        <time>2026-05-31T21:30:08.000Z</time>
        <extensions>
          <ns3:TrackPointExtension>
            <ns3:hr>138</ns3:hr>
            <ns3:cad>90</ns3:cad>
          </ns3:TrackPointExtension>
        </extensions>
      </trkpt>
      <trkpt lat="39.13101042620837688446044921875" lon="117.19744727946817874908447265625">
        <ele>-1.60000002384185791015625</ele>
        <time>2026-05-31T21:30:09.000Z</time>
        <extensions>
          <ns3:TrackPointExtension>
            <ns3:hr>138</ns3:hr>
            <ns3:cad>90</ns3:cad>
          </ns3:TrackPointExtension>
        </extensions>
      </trkpt>
      <trkpt lat="39.13102425634860992431640625" lon="117.19747376628220081329345703125">
        <ele>-1.39999997615814208984375</ele>
        <time>2026-05-31T21:30:10.000Z</time>
        <extensions>
          <ns3:TrackPointExtension>
            <ns3:hr>137</ns3:hr>
            <ns3:cad>89</ns3:cad>
          </ns3:TrackPointExtension>
        </extensions>
      </trkpt>
      <trkpt lat="39.131034649908542633056640625" lon="117.19750083982944488525390625">
        <ele>-1.39999997615814208984375</ele>
        <time>2026-05-31T21:30:11.000Z</time>
        <extensions>
          <ns3:TrackPointExtension>
            <ns3:hr>137</ns3:hr>
            <ns3:cad>89</ns3:cad>
          </ns3:TrackPointExtension>
        </extensions>
      </trkpt>
      <trkpt lat="39.13104839622974395751953125" lon="117.19753327779471874237060546875">
        <ele>-1.39999997615814208984375</ele>
        <time>2026-05-31T21:30:12.000Z</time>
        <extensions>
          <ns3:TrackPointExtension>
            <ns3:hr>136</ns3:hr>
            <ns3:cad>89</ns3:cad>
          </ns3:TrackPointExtension>
        </extensions>
      </trkpt>
      <trkpt lat="39.13105702959001064300537109375" lon="117.1975580044090747833251953125">
        <ele>-1.2000000476837158203125</ele>
        <time>2026-05-31T21:30:13.000Z</time>
        <extensions>
          <ns3:TrackPointExtension>
            <ns3:hr>137</ns3:hr>
            <ns3:cad>89</ns3:cad>
          </ns3:TrackPointExtension>
        </extensions>
      </trkpt>
      <trkpt lat="39.1310716979205608367919921875" lon="117.197588346898555755615234375">
        <ele>-1.2000000476837158203125</ele>
        <time>2026-05-31T21:30:14.000Z</time>
        <extensions>
          <ns3:TrackPointExtension>
            <ns3:hr>137</ns3:hr>
            <ns3:cad>89</ns3:cad>
          </ns3:TrackPointExtension>
        </extensions>
      </trkpt>
      <trkpt lat="39.13108452223241329193115234375" lon="117.19761424697935581207275390625">
        <ele>-1</ele>
        <time>2026-05-31T21:30:15.000Z</time>
        <extensions>
          <ns3:TrackPointExtension>
            <ns3:hr>137</ns3:hr>
            <ns3:cad>89</ns3:cad>
          </ns3:TrackPointExtension>
        </extensions>
      </trkpt>
      <trkpt lat="39.13109759800136089324951171875" lon="117.19764710403978824615478515625">
        <ele>-1</ele>
        <time>2026-05-31T21:30:16.000Z</time>
        <extensions>
          <ns3:TrackPointExtension>
            <ns3:hr>136</ns3:hr>
            <ns3:cad>89</ns3:cad>
          </ns3:TrackPointExtension>
        </extensions>
      </trkpt>
      <trkpt lat="39.13110866211354732513427734375" lon="117.19767308793962001800537109375">
        <ele>-1</ele>
        <time>2026-05-31T21:30:17.000Z</time>
        <extensions>
          <ns3:TrackPointExtension>
            <ns3:hr>137</ns3:hr>
            <ns3:cad>89</ns3:cad>
          </ns3:TrackPointExtension>
        </extensions>
      </trkpt>
      <trkpt lat="39.1311243362724781036376953125" lon="117.1977004967629909515380859375">
        <ele>-0.800000011920928955078125</ele>
        <time>2026-05-31T21:30:18.000Z</time>
        <extensions>
          <ns3:TrackPointExtension>
            <ns3:hr>137</ns3:hr>
            <ns3:cad>89</ns3:cad>
          </ns3:TrackPointExtension>
        </extensions>
      </trkpt>
      <trkpt lat="39.13113682530820369720458984375" lon="117.19772103242576122283935546875">
        <ele>-0.800000011920928955078125</ele>
        <time>2026-05-31T21:30:19.000Z</time>
        <extensions>
          <ns3:TrackPointExtension>
            <ns3:hr>137</ns3:hr>
            <ns3:cad>89</ns3:cad>
          </ns3:TrackPointExtension>
        </extensions>
      </trkpt>
      <trkpt lat="39.13115425966680049896240234375" lon="117.1977494470775127410888671875">
        <ele>-0.800000011920928955078125</ele>
        <time>2026-05-31T21:30:20.000Z</time>
        <extensions>
          <ns3:TrackPointExtension>
            <ns3:hr>136</ns3:hr>
            <ns3:cad>89</ns3:cad>
          </ns3:TrackPointExtension>
        </extensions>
      </trkpt>
      <trkpt lat="39.13116641342639923095703125" lon="117.1977735869586467742919921875">
        <ele>-0.800000011920928955078125</ele>
        <time>2026-05-31T21:30:21.000Z</time>
        <extensions>
          <ns3:TrackPointExtension>
            <ns3:hr>137</ns3:hr>
            <ns3:cad>89</ns3:cad>
          </ns3:TrackPointExtension>
        </extensions>
      </trkpt>
      <trkpt lat="39.1311846859753131866455078125" lon="117.19779848121106624603271484375">
        <ele>-0.800000011920928955078125</ele>
        <time>2026-05-31T21:30:22.000Z</time>
        <extensions>
          <ns3:TrackPointExtension>
            <ns3:hr>137</ns3:hr>
            <ns3:cad>89</ns3:cad>
          </ns3:TrackPointExtension>
        </extensions>
      </trkpt>
      <trkpt lat="39.13120002485811710357666015625" lon="117.19781960360705852508544921875">
        <ele>-0.60000002384185791015625</ele>
        <time>2026-05-31T21:30:23.000Z</time>
        <extensions>
          <ns3:TrackPointExtension>
            <ns3:hr>137</ns3:hr>
            <ns3:cad>89</ns3:cad>
          </ns3:TrackPointExtension>
        </extensions>
      </trkpt>
      <trkpt lat="39.13122273981571197509765625" lon="117.19783284701406955718994140625">
        <ele>-0.60000002384185791015625</ele>
        <time>2026-05-31T21:30:24.000Z</time>
        <extensions>
          <ns3:TrackPointExtension>
            <ns3:hr>137</ns3:hr>
            <ns3:cad>89</ns3:cad>
          </ns3:TrackPointExtension>
        </extensions>
      </trkpt>
      <trkpt lat="39.13124109618365764617919921875" lon="117.1978433243930339813232421875">
        <ele>-0.60000002384185791015625</ele>
        <time>2026-05-31T21:30:25.000Z</time>
        <extensions>
          <ns3:TrackPointExtension>
            <ns3:hr>137</ns3:hr>
            <ns3:cad>89</ns3:cad>
          </ns3:TrackPointExtension>
        </extensions>
      </trkpt>
      <trkpt lat="39.13126138038933277130126953125" lon="117.19785732217133045196533203125">
        <ele>-0.60000002384185791015625</ele>
        <time>2026-05-31T21:30:26.000Z</time>
        <extensions>
          <ns3:TrackPointExtension>
            <ns3:hr>137</ns3:hr>
            <ns3:cad>89</ns3:cad>
          </ns3:TrackPointExtension>
        </extensions>
      </trkpt>
      <trkpt lat="39.1312825866043567657470703125" lon="117.19786226749420166015625">
        <ele>-0.60000002384185791015625</ele>
        <time>2026-05-31T21:30:27.000Z</time>
        <extensions>
          <ns3:TrackPointExtension>
            <ns3:hr>137</ns3:hr>
            <ns3:cad>90</ns3:cad>
          </ns3:TrackPointExtension>
        </extensions>
      </trkpt>
      <trkpt lat="39.131306223571300506591796875" lon="117.19788095913827419281005859375">
        <ele>-0.800000011920928955078125</ele>
        <time>2026-05-31T21:30:28.000Z</time>
        <extensions>
          <ns3:TrackPointExtension>
            <ns3:hr>137</ns3:hr>
            <ns3:cad>90</ns3:cad>
          </ns3:TrackPointExtension>
        </extensions>
      </trkpt>
      <trkpt lat="39.13132256828248500823974609375" lon="117.19790359027683734893798828125">
        <ele>-0.800000011920928955078125</ele>
        <time>2026-05-31T21:30:29.000Z</time>
        <extensions>
          <ns3:TrackPointExtension>
            <ns3:hr>137</ns3:hr>
            <ns3:cad>90</ns3:cad>
          </ns3:TrackPointExtension>
        </extensions>
      </trkpt>
      <trkpt lat="39.13133916445076465606689453125" lon="117.19793535768985748291015625">
        <ele>-1</ele>
        <time>2026-05-31T21:30:30.000Z</time>
        <extensions>
          <ns3:TrackPointExtension>
            <ns3:hr>137</ns3:hr>
            <ns3:cad>90</ns3:cad>
          </ns3:TrackPointExtension>
        </extensions>
      </trkpt>
      <trkpt lat="39.13135324604809284210205078125" lon="117.197961173951625823974609375">
        <ele>-1</ele>
        <time>2026-05-31T21:30:31.000Z</time>
        <extensions>
          <ns3:TrackPointExtension>
            <ns3:hr>137</ns3:hr>
            <ns3:cad>90</ns3:cad>
          </ns3:TrackPointExtension>
        </extensions>
      </trkpt>
      <trkpt lat="39.13136950694024562835693359375" lon="117.197990678250789642333984375">
        <ele>-1</ele>
        <time>2026-05-31T21:30:32.000Z</time>
        <extensions>
          <ns3:TrackPointExtension>
            <ns3:hr>137</ns3:hr>
            <ns3:cad>90</ns3:cad>
          </ns3:TrackPointExtension>
        </extensions>
      </trkpt>
      <trkpt lat="39.1313821636140346527099609375" lon="117.19801490195095539093017578125">
        <ele>-0.800000011920928955078125</ele>
        <time>2026-05-31T21:30:33.000Z</time>
        <extensions>
          <ns3:TrackPointExtension>
            <ns3:hr>136</ns3:hr>
            <ns3:cad>90</ns3:cad>
          </ns3:TrackPointExtension>
        </extensions>
      </trkpt>
      <trkpt lat="39.1313982568681240081787109375" lon="117.19804608263075351715087890625">
        <ele>-0.800000011920928955078125</ele>
        <time>2026-05-31T21:30:34.000Z</time>
        <extensions>
          <ns3:TrackPointExtension>
            <ns3:hr>136</ns3:hr>
            <ns3:cad>90</ns3:cad>
          </ns3:TrackPointExtension>
        </extensions>
      </trkpt>
      <trkpt lat="39.13141141645610332489013671875" lon="117.19806385226547718048095703125">
        <ele>-0.800000011920928955078125</ele>
        <time>2026-05-31T21:30:35.000Z</time>
        <extensions>
          <ns3:TrackPointExtension>
            <ns3:hr>136</ns3:hr>
            <ns3:cad>90</ns3:cad>
          </ns3:TrackPointExtension>
        </extensions>
      </trkpt>
      <trkpt lat="39.13142801262438297271728515625" lon="117.19809553585946559906005859375">
        <ele>-0.800000011920928955078125</ele>
        <time>2026-05-31T21:30:36.000Z</time>
        <extensions>
          <ns3:TrackPointExtension>
            <ns3:hr>137</ns3:hr>
            <ns3:cad>90</ns3:cad>
          </ns3:TrackPointExtension>
        </extensions>
      </trkpt>
      <trkpt lat="39.13143756799399852752685546875" lon="117.1981184184551239013671875">
        <ele>-1</ele>
        <time>2026-05-31T21:30:37.000Z</time>
        <extensions>
          <ns3:TrackPointExtension>
            <ns3:hr>137</ns3:hr>
            <ns3:cad>92</ns3:cad>
          </ns3:TrackPointExtension>
        </extensions>
      </trkpt>
      <trkpt lat="39.131451062858104705810546875" lon="117.19815001823008060455322265625">
        <ele>-1</ele>
        <time>2026-05-31T21:30:38.000Z</time>
        <extensions>
          <ns3:TrackPointExtension>
            <ns3:hr>136</ns3:hr>
            <ns3:cad>92</ns3:cad>
          </ns3:TrackPointExtension>
        </extensions>
      </trkpt>
      <trkpt lat="39.13146288134157657623291015625" lon="117.198174409568309783935546875">
        <ele>-1</ele>
        <time>2026-05-31T21:30:39.000Z</time>
        <extensions>
          <ns3:TrackPointExtension>
            <ns3:hr>136</ns3:hr>
            <ns3:cad>91</ns3:cad>
          </ns3:TrackPointExtension>
        </extensions>
      </trkpt>
      <trkpt lat="39.131477214395999908447265625" lon="117.19820802100002765655517578125">
        <ele>-1</ele>
        <time>2026-05-31T21:30:40.000Z</time>
        <extensions>
          <ns3:TrackPointExtension>
            <ns3:hr>136</ns3:hr>
            <ns3:cad>91</ns3:cad>
          </ns3:TrackPointExtension>
        </extensions>
      </trkpt>
      <trkpt lat="39.13148702122271060943603515625" lon="117.19823316670954227447509765625">
        <ele>-1</ele>
        <time>2026-05-31T21:30:41.000Z</time>
        <extensions>
          <ns3:TrackPointExtension>
            <ns3:hr>137</ns3:hr>
            <ns3:cad>90</ns3:cad>
          </ns3:TrackPointExtension>
        </extensions>
      </trkpt>
      <trkpt lat="39.13150378502905368804931640625" lon="117.198264263570308685302734375">
        <ele>-0.800000011920928955078125</ele>
        <time>2026-05-31T21:30:42.000Z</time>
        <extensions>
          <ns3:TrackPointExtension>
            <ns3:hr>136</ns3:hr>
            <ns3:cad>90</ns3:cad>
          </ns3:TrackPointExtension>
        </extensions>
      </trkpt>
      <trkpt lat="39.131512083113193511962890625" lon="117.1982895769178867340087890625">
        <ele>-0.800000011920928955078125</ele>
        <time>2026-05-31T21:30:43.000Z</time>
        <extensions>
          <ns3:TrackPointExtension>
            <ns3:hr>137</ns3:hr>
            <ns3:cad>90</ns3:cad>
          </ns3:TrackPointExtension>
        </extensions>
      </trkpt>
      <trkpt lat="39.131527841091156005859375" lon="117.19832302071154117584228515625">
        <ele>-0.800000011920928955078125</ele>
        <time>2026-05-31T21:30:44.000Z</time>
        <extensions>
          <ns3:TrackPointExtension>
            <ns3:hr>137</ns3:hr>
            <ns3:cad>91</ns3:cad>
          </ns3:TrackPointExtension>
        </extensions>
      </trkpt>
      <trkpt lat="39.1315404139459133148193359375" lon="117.19834649004042148590087890625">
        <ele>-0.800000011920928955078125</ele>
        <time>2026-05-31T21:30:45.000Z</time>
        <extensions>
          <ns3:TrackPointExtension>
            <ns3:hr>137</ns3:hr>
            <ns3:cad>91</ns3:cad>
          </ns3:TrackPointExtension>
        </extensions>
      </trkpt>
      <trkpt lat="39.13155491463840007781982421875" lon="117.1983774192631244659423828125">
        <ele>-0.800000011920928955078125</ele>
        <time>2026-05-31T21:30:46.000Z</time>
        <extensions>
          <ns3:TrackPointExtension>
            <ns3:hr>136</ns3:hr>
            <ns3:cad>91</ns3:cad>
          </ns3:TrackPointExtension>
        </extensions>
      </trkpt>
      <trkpt lat="39.1315662302076816558837890625" lon="117.19840214587748050689697265625">
        <ele>-0.800000011920928955078125</ele>
        <time>2026-05-31T21:30:47.000Z</time>
        <extensions>
          <ns3:TrackPointExtension>
            <ns3:hr>136</ns3:hr>
            <ns3:cad>91</ns3:cad>
          </ns3:TrackPointExtension>
        </extensions>
      </trkpt>
      <trkpt lat="39.13158089853823184967041015625" lon="117.19843885861337184906005859375">
        <ele>-0.800000011920928955078125</ele>
        <time>2026-05-31T21:30:48.000Z</time>
        <extensions>
          <ns3:TrackPointExtension>
            <ns3:hr>136</ns3:hr>
            <ns3:cad>90</ns3:cad>
          </ns3:TrackPointExtension>
        </extensions>
      </trkpt>
      <trkpt lat="39.13159464485943317413330078125" lon="117.19846333377063274383544921875">
        <ele>-0.800000011920928955078125</ele>
        <time>2026-05-31T21:30:49.000Z</time>
        <extensions>
          <ns3:TrackPointExtension>
            <ns3:hr>136</ns3:hr>
            <ns3:cad>90</ns3:cad>
          </ns3:TrackPointExtension>
        </extensions>
      </trkpt>
      <trkpt lat="39.13160822354257106781005859375" lon="117.198497615754604339599609375">
        <ele>-0.60000002384185791015625</ele>
        <time>2026-05-31T21:30:50.000Z</time>
        <extensions>
          <ns3:TrackPointExtension>
            <ns3:hr>137</ns3:hr>
            <ns3:cad>90</ns3:cad>
          </ns3:TrackPointExtension>
        </extensions>
      </trkpt>
      <trkpt lat="39.1316228918731212615966796875" lon="117.1985209174454212188720703125">
        <ele>-0.800000011920928955078125</ele>
        <time>2026-05-31T21:30:51.000Z</time>
        <extensions>
          <ns3:TrackPointExtension>
            <ns3:hr>136</ns3:hr>
            <ns3:cad>90</ns3:cad>
          </ns3:TrackPointExtension>
        </extensions>
      </trkpt>
      <trkpt lat="39.13163739256560802459716796875" lon="117.19855519942939281463623046875">
        <ele>-0.60000002384185791015625</ele>
        <time>2026-05-31T21:30:52.000Z</time>
        <extensions>
          <ns3:TrackPointExtension>
            <ns3:hr>136</ns3:hr>
            <ns3:cad>90</ns3:cad>
          </ns3:TrackPointExtension>
        </extensions>
      </trkpt>
      <trkpt lat="39.13165566511452198028564453125" lon="117.19857447780668735504150390625">
        <ele>-0.60000002384185791015625</ele>
        <time>2026-05-31T21:30:53.000Z</time>
        <extensions>
          <ns3:TrackPointExtension>
            <ns3:hr>137</ns3:hr>
            <ns3:cad>90</ns3:cad>
          </ns3:TrackPointExtension>
        </extensions>
      </trkpt>
      <trkpt lat="39.1316741891205310821533203125" lon="117.19859995879232883453369140625">
        <ele>-0.60000002384185791015625</ele>
        <time>2026-05-31T21:30:54.000Z</time>
        <extensions>
          <ns3:TrackPointExtension>
            <ns3:hr>136</ns3:hr>
            <ns3:cad>90</ns3:cad>
          </ns3:TrackPointExtension>
        </extensions>
      </trkpt>
      <trkpt lat="39.13168969564139842987060546875" lon="117.19862376339733600616455078125">
        <ele>-0.60000002384185791015625</ele>
        <time>2026-05-31T21:30:55.000Z</time>
        <extensions>
          <ns3:TrackPointExtension>
            <ns3:hr>136</ns3:hr>
            <ns3:cad>90</ns3:cad>
          </ns3:TrackPointExtension>
        </extensions>
      </trkpt>
      <trkpt lat="39.131701849400997161865234375" lon="117.19865829683840274810791015625">
        <ele>-0.60000002384185791015625</ele>
        <time>2026-05-31T21:30:56.000Z</time>
        <extensions>
          <ns3:TrackPointExtension>
            <ns3:hr>137</ns3:hr>
            <ns3:cad>90</ns3:cad>
          </ns3:TrackPointExtension>
        </extensions>
      </trkpt>
      <trkpt lat="39.1317191161215305328369140625" lon="117.19868293963372707366943359375">
        <ele>-0.60000002384185791015625</ele>
        <time>2026-05-31T21:30:57.000Z</time>
        <extensions>
          <ns3:TrackPointExtension>
            <ns3:hr>136</ns3:hr>
            <ns3:cad>90</ns3:cad>
          </ns3:TrackPointExtension>
        </extensions>
      </trkpt>
      <trkpt lat="39.1317298449575901031494140625" lon="117.19871914945542812347412109375">
        <ele>-0.60000002384185791015625</ele>
        <time>2026-05-31T21:30:58.000Z</time>
        <extensions>
          <ns3:TrackPointExtension>
            <ns3:hr>136</ns3:hr>
            <ns3:cad>90</ns3:cad>
          </ns3:TrackPointExtension>
        </extensions>
      </trkpt>
      <trkpt lat="39.131742417812347412109375" lon="117.1987445466220378875732421875">
        <ele>-0.60000002384185791015625</ele>
        <time>2026-05-31T21:30:59.000Z</time>
        <extensions>
          <ns3:TrackPointExtension>
            <ns3:hr>137</ns3:hr>
            <ns3:cad>90</ns3:cad>
          </ns3:TrackPointExtension>
        </extensions>
      </trkpt>
      <trkpt lat="39.131753146648406982421875" lon="117.19877279363572597503662109375">
        <ele>-0.60000002384185791015625</ele>
        <time>2026-05-31T21:31:00.000Z</time>
        <extensions>
          <ns3:TrackPointExtension>
            <ns3:hr>137</ns3:hr>
            <ns3:cad>90</ns3:cad>
          </ns3:TrackPointExtension>
        </extensions>
      </trkpt>
      <trkpt lat="39.13177192211151123046875" lon="117.19880011864006519317626953125">
        <ele>-0.60000002384185791015625</ele>
        <time>2026-05-31T21:31:01.000Z</time>
        <extensions>
          <ns3:TrackPointExtension>
            <ns3:hr>137</ns3:hr>
            <ns3:cad>90</ns3:cad>
          </ns3:TrackPointExtension>
        </extensions>
      </trkpt>
      <trkpt lat="39.13178709335625171661376953125" lon="117.19882694073021411895751953125">
        <ele>-0.60000002384185791015625</ele>
        <time>2026-05-31T21:31:02.000Z</time>
        <extensions>
          <ns3:TrackPointExtension>
            <ns3:hr>137</ns3:hr>
            <ns3:cad>90</ns3:cad>
          </ns3:TrackPointExtension>
        </extensions>
      </trkpt>
      <trkpt lat="39.13180871866643428802490234375" lon="117.1988511644303798675537109375">
        <ele>-0.4000000059604644775390625</ele>
        <time>2026-05-31T21:31:03.000Z</time>
        <extensions>
          <ns3:TrackPointExtension>
            <ns3:hr>138</ns3:hr>
            <ns3:cad>90</ns3:cad>
          </ns3:TrackPointExtension>
        </extensions>
      </trkpt>
      <trkpt lat="39.13181659765541553497314453125" lon="117.19887840561568737030029296875">
        <ele>-0.4000000059604644775390625</ele>
        <time>2026-05-31T21:31:04.000Z</time>
        <extensions>
          <ns3:TrackPointExtension>
            <ns3:hr>138</ns3:hr>
            <ns3:cad>90</ns3:cad>
          </ns3:TrackPointExtension>
        </extensions>
      </trkpt>
      <trkpt lat="39.13183101452887058258056640625" lon="117.198904640972614288330078125">
        <ele>-0.4000000059604644775390625</ele>
        <time>2026-05-31T21:31:05.000Z</time>
        <extensions>
          <ns3:TrackPointExtension>
            <ns3:hr>138</ns3:hr>
            <ns3:cad>90</ns3:cad>
          </ns3:TrackPointExtension>
        </extensions>
      </trkpt>
      <trkpt lat="39.13184425793588161468505859375" lon="117.19893322326242923736572265625">
        <ele>-0.4000000059604644775390625</ele>
        <time>2026-05-31T21:31:06.000Z</time>
        <extensions>
          <ns3:TrackPointExtension>
            <ns3:hr>138</ns3:hr>
            <ns3:cad>90</ns3:cad>
          </ns3:TrackPointExtension>
        </extensions>
      </trkpt>
      <trkpt lat="39.1318629495799541473388671875" lon="117.1989601291716098785400390625">
        <ele>-0.4000000059604644775390625</ele>
        <time>2026-05-31T21:31:07.000Z</time>
        <extensions>
          <ns3:TrackPointExtension>
            <ns3:hr>138</ns3:hr>
            <ns3:cad>90</ns3:cad>
          </ns3:TrackPointExtension>
        </extensions>
      </trkpt>
      <trkpt lat="39.1318750195205211639404296875" lon="117.19898535870015621185302734375">
        <ele>-0.20000000298023223876953125</ele>
        <time>2026-05-31T21:31:08.000Z</time>
        <extensions>
          <ns3:TrackPointExtension>
            <ns3:hr>138</ns3:hr>
            <ns3:cad>90</ns3:cad>
          </ns3:TrackPointExtension>
        </extensions>
      </trkpt>
      <trkpt lat="39.13189169950783252716064453125" lon="117.19901771284639835357666015625">
        <ele>-0.20000000298023223876953125</ele>
        <time>2026-05-31T21:31:09.000Z</time>
        <extensions>
          <ns3:TrackPointExtension>
            <ns3:hr>138</ns3:hr>
            <ns3:cad>90</ns3:cad>
          </ns3:TrackPointExtension>
        </extensions>
      </trkpt>
      <trkpt lat="39.13190578110516071319580078125" lon="117.19904487021267414093017578125">
        <ele>-0.20000000298023223876953125</ele>
        <time>2026-05-31T21:31:10.000Z</time>
        <extensions>
          <ns3:TrackPointExtension>
            <ns3:hr>138</ns3:hr>
            <ns3:cad>90</ns3:cad>
          </ns3:TrackPointExtension>
        </extensions>
      </trkpt>
      <trkpt lat="39.13192036561667919158935546875" lon="117.19907797873020172119140625">
        <ele>-0.20000000298023223876953125</ele>
        <time>2026-05-31T21:31:11.000Z</time>
        <extensions>
          <ns3:TrackPointExtension>
            <ns3:hr>138</ns3:hr>
            <ns3:cad>90</ns3:cad>
          </ns3:TrackPointExtension>
        </extensions>
      </trkpt>
      <trkpt lat="39.131928496062755584716796875" lon="117.19910572282969951629638671875">
        <ele>-0.20000000298023223876953125</ele>
        <time>2026-05-31T21:31:12.000Z</time>
        <extensions>
          <ns3:TrackPointExtension>
            <ns3:hr>138</ns3:hr>
            <ns3:cad>91</ns3:cad>
          </ns3:TrackPointExtension>
        </extensions>
      </trkpt>
      <trkpt lat="39.13194366730749607086181640625" lon="117.1991374902427196502685546875">
        <ele>0</ele>
        <time>2026-05-31T21:31:13.000Z</time>
        <extensions>
          <ns3:TrackPointExtension>
            <ns3:hr>138</ns3:hr>
            <ns3:cad>92</ns3:cad>
          </ns3:TrackPointExtension>
        </extensions>
      </trkpt>
      <trkpt lat="39.1319554857909679412841796875" lon="117.19916372559964656829833984375">
        <ele>0</ele>
        <time>2026-05-31T21:31:14.000Z</time>
        <extensions>
          <ns3:TrackPointExtension>
            <ns3:hr>138</ns3:hr>
            <ns3:cad>92</ns3:cad>
          </ns3:TrackPointExtension>
        </extensions>
      </trkpt>
      <trkpt lat="39.13196814246475696563720703125" lon="117.19919624738395214080810546875">
        <ele>0</ele>
        <time>2026-05-31T21:31:15.000Z</time>
        <extensions>
          <ns3:TrackPointExtension>
            <ns3:hr>138</ns3:hr>
            <ns3:cad>92</ns3:cad>
          </ns3:TrackPointExtension>
        </extensions>
      </trkpt>
      <trkpt lat="39.13197535090148448944091796875" lon="117.199218459427356719970703125">
        <ele>0</ele>
        <time>2026-05-31T21:31:16.000Z</time>
        <extensions>
          <ns3:TrackPointExtension>
            <ns3:hr>139</ns3:hr>
            <ns3:cad>91</ns3:cad>
          </ns3:TrackPointExtension>
        </extensions>
      </trkpt>
      <trkpt lat="39.1319853253662586212158203125" lon="117.19925542362034320831298828125">
        <ele>0</ele>
        <time>2026-05-31T21:31:17.000Z</time>
        <extensions>
          <ns3:TrackPointExtension>
            <ns3:hr>139</ns3:hr>
            <ns3:cad>91</ns3:cad>
          </ns3:TrackPointExtension>
        </extensions>
      </trkpt>
      <trkpt lat="39.13199328817427158355712890625" lon="117.1992836706340312957763671875">
        <ele>0</ele>
        <time>2026-05-31T21:31:18.000Z</time>
        <extensions>
          <ns3:TrackPointExtension>
            <ns3:hr>139</ns3:hr>
            <ns3:cad>91</ns3:cad>
          </ns3:TrackPointExtension>
        </extensions>
      </trkpt>
      <trkpt lat="39.13200669921934604644775390625" lon="117.199320383369922637939453125">
        <ele>0</ele>
        <time>2026-05-31T21:31:19.000Z</time>
        <extensions>
          <ns3:TrackPointExtension>
            <ns3:hr>139</ns3:hr>
            <ns3:cad>90</ns3:cad>
          </ns3:TrackPointExtension>
        </extensions>
      </trkpt>
      <trkpt lat="39.13202513940632343292236328125" lon="117.19934594817459583282470703125">
        <ele>0</ele>
        <time>2026-05-31T21:31:20.000Z</time>
        <extensions>
          <ns3:TrackPointExtension>
            <ns3:hr>139</ns3:hr>
            <ns3:cad>90</ns3:cad>
          </ns3:TrackPointExtension>
        </extensions>
      </trkpt>
      <trkpt lat="39.13203989155590534210205078125" lon="117.19938836060464382171630859375">
        <ele>0.20000000298023223876953125</ele>
        <time>2026-05-31T21:31:21.000Z</time>
        <extensions>
          <ns3:TrackPointExtension>
            <ns3:hr>139</ns3:hr>
            <ns3:cad>90</ns3:cad>
          </ns3:TrackPointExtension>
        </extensions>
      </trkpt>
      <trkpt lat="39.13205263204872608184814453125" lon="117.1994166076183319091796875">
        <ele>0.20000000298023223876953125</ele>
        <time>2026-05-31T21:31:22.000Z</time>
        <extensions>
          <ns3:TrackPointExtension>
            <ns3:hr>140</ns3:hr>
            <ns3:cad>90</ns3:cad>
          </ns3:TrackPointExtension>
        </extensions>
      </trkpt>
      <trkpt lat="39.1320610977709293365478515625" lon="117.19945709221065044403076171875">
        <ele>0.20000000298023223876953125</ele>
        <time>2026-05-31T21:31:23.000Z</time>
        <extensions>
          <ns3:TrackPointExtension>
            <ns3:hr>139</ns3:hr>
            <ns3:cad>90</ns3:cad>
          </ns3:TrackPointExtension>
        </extensions>
      </trkpt>
      <trkpt lat="39.13206034339964389801025390625" lon="117.1994875185191631317138671875">
        <ele>0.20000000298023223876953125</ele>
        <time>2026-05-31T21:31:24.000Z</time>
        <extensions>
          <ns3:TrackPointExtension>
            <ns3:hr>139</ns3:hr>
            <ns3:cad>90</ns3:cad>
          </ns3:TrackPointExtension>
        </extensions>
      </trkpt>
      <trkpt lat="39.13205564953386783599853515625" lon="117.19953051768243312835693359375">
        <ele>0.20000000298023223876953125</ele>
        <time>2026-05-31T21:31:25.000Z</time>
        <extensions>
          <ns3:TrackPointExtension>
            <ns3:hr>140</ns3:hr>
            <ns3:cad>90</ns3:cad>
          </ns3:TrackPointExtension>
        </extensions>
      </trkpt>
      <trkpt lat="39.1320543922483921051025390625" lon="117.19956454820930957794189453125">
        <ele>0.4000000059604644775390625</ele>
        <time>2026-05-31T21:31:26.000Z</time>
        <extensions>
          <ns3:TrackPointExtension>
            <ns3:hr>140</ns3:hr>
            <ns3:cad>90</ns3:cad>
          </ns3:TrackPointExtension>
        </extensions>
      </trkpt>
      <trkpt lat="39.13203670643270015716552734375" lon="117.19960746355354785919189453125">
        <ele>0.4000000059604644775390625</ele>
        <time>2026-05-31T21:31:27.000Z</time>
        <extensions>
          <ns3:TrackPointExtension>
            <ns3:hr>140</ns3:hr>
            <ns3:cad>90</ns3:cad>
          </ns3:TrackPointExtension>
        </extensions>
      </trkpt>
      <trkpt lat="39.1320232115685939788818359375" lon="117.19963319599628448486328125">
        <ele>0.4000000059604644775390625</ele>
        <time>2026-05-31T21:31:28.000Z</time>
        <extensions>
          <ns3:TrackPointExtension>
            <ns3:hr>141</ns3:hr>
            <ns3:cad>90</ns3:cad>
          </ns3:TrackPointExtension>
        </extensions>
      </trkpt>
      <trkpt lat="39.1320047713816165924072265625" lon="117.19965741969645023345947265625">
        <ele>0.60000002384185791015625</ele>
        <time>2026-05-31T21:31:29.000Z</time>
        <extensions>
          <ns3:TrackPointExtension>
            <ns3:hr>141</ns3:hr>
            <ns3:cad>90</ns3:cad>
          </ns3:TrackPointExtension>
        </extensions>
      </trkpt>
      <trkpt lat="39.131989516317844390869140625" lon="117.1996714174747467041015625">
        <ele>0.60000002384185791015625</ele>
        <time>2026-05-31T21:31:30.000Z</time>
        <extensions>
          <ns3:TrackPointExtension>
            <ns3:hr>141</ns3:hr>
            <ns3:cad>90</ns3:cad>
          </ns3:TrackPointExtension>
        </extensions>
      </trkpt>
      <trkpt lat="39.131970070302486419677734375" lon="117.1996860019862651824951171875">
        <ele>0.60000002384185791015625</ele>
        <time>2026-05-31T21:31:31.000Z</time>
        <extensions>
          <ns3:TrackPointExtension>
            <ns3:hr>141</ns3:hr>
            <ns3:cad>90</ns3:cad>
          </ns3:TrackPointExtension>
        </extensions>
      </trkpt>
      <trkpt lat="39.13195900619029998779296875" lon="117.19969597645103931427001953125">
        <ele>0.60000002384185791015625</ele>
        <time>2026-05-31T21:31:32.000Z</time>
        <extensions>
          <ns3:TrackPointExtension>
            <ns3:hr>141</ns3:hr>
            <ns3:cad>90</ns3:cad>
          </ns3:TrackPointExtension>
        </extensions>
      </trkpt>
      <trkpt lat="39.13193218410015106201171875" lon="117.19970586709678173065185546875">
        <ele>0.60000002384185791015625</ele>
        <time>2026-05-31T21:31:33.000Z</time>
        <extensions>
          <ns3:TrackPointExtension>
            <ns3:hr>141</ns3:hr>
            <ns3:cad>90</ns3:cad>
          </ns3:TrackPointExtension>
        </extensions>
      </trkpt>
      <trkpt lat="39.13192405365407466888427734375" lon="117.199716679751873016357421875">
        <ele>0.800000011920928955078125</ele>
        <time>2026-05-31T21:31:34.000Z</time>
        <extensions>
          <ns3:TrackPointExtension>
            <ns3:hr>141</ns3:hr>
            <ns3:cad>90</ns3:cad>
          </ns3:TrackPointExtension>
        </extensions>
      </trkpt>
      <trkpt lat="39.1319025121629238128662109375" lon="117.1997309289872646331787109375">
        <ele>0.800000011920928955078125</ele>
        <time>2026-05-31T21:31:35.000Z</time>
        <extensions>
          <ns3:TrackPointExtension>
            <ns3:hr>141</ns3:hr>
            <ns3:cad>91</ns3:cad>
          </ns3:TrackPointExtension>
        </extensions>
      </trkpt>
      <trkpt lat="39.13188683800399303436279296875" lon="117.19974610023200511932373046875">
        <ele>0.800000011920928955078125</ele>
        <time>2026-05-31T21:31:36.000Z</time>
        <extensions>
          <ns3:TrackPointExtension>
            <ns3:hr>142</ns3:hr>
            <ns3:cad>91</ns3:cad>
          </ns3:TrackPointExtension>
        </extensions>
      </trkpt>
      <trkpt lat="39.13186973892152309417724609375" lon="117.19976018182933330535888671875">
        <ele>0.800000011920928955078125</ele>
        <time>2026-05-31T21:31:37.000Z</time>
        <extensions>
          <ns3:TrackPointExtension>
            <ns3:hr>141</ns3:hr>
            <ns3:cad>91</ns3:cad>
          </ns3:TrackPointExtension>
        </extensions>
      </trkpt>
      <trkpt lat="39.131841994822025299072265625" lon="117.1997849084436893463134765625">
        <ele>0.800000011920928955078125</ele>
        <time>2026-05-31T21:31:38.000Z</time>
        <extensions>
          <ns3:TrackPointExtension>
            <ns3:hr>141</ns3:hr>
            <ns3:cad>91</ns3:cad>
          </ns3:TrackPointExtension>
        </extensions>
      </trkpt>
      <trkpt lat="39.13181542418897151947021484375" lon="117.19980209134519100189208984375">
        <ele>0.800000011920928955078125</ele>
        <time>2026-05-31T21:31:39.000Z</time>
        <extensions>
          <ns3:TrackPointExtension>
            <ns3:hr>142</ns3:hr>
            <ns3:cad>91</ns3:cad>
          </ns3:TrackPointExtension>
        </extensions>
      </trkpt>
      <trkpt lat="39.13178876973688602447509765625" lon="117.1998248063027858734130859375">
        <ele>0.800000011920928955078125</ele>
        <time>2026-05-31T21:31:40.000Z</time>
        <extensions>
          <ns3:TrackPointExtension>
            <ns3:hr>141</ns3:hr>
            <ns3:cad>91</ns3:cad>
          </ns3:TrackPointExtension>
        </extensions>
      </trkpt>
      <trkpt lat="39.1317586787045001983642578125" lon="117.19984048046171665191650390625">
        <ele>0.800000011920928955078125</ele>
        <time>2026-05-31T21:31:41.000Z</time>
        <extensions>
          <ns3:TrackPointExtension>
            <ns3:hr>141</ns3:hr>
            <ns3:cad>91</ns3:cad>
          </ns3:TrackPointExtension>
        </extensions>
      </trkpt>
      <trkpt lat="39.13174635730683803558349609375" lon="117.19985992647707462310791015625">
        <ele>0.60000002384185791015625</ele>
        <time>2026-05-31T21:31:42.000Z</time>
        <extensions>
          <ns3:TrackPointExtension>
            <ns3:hr>142</ns3:hr>
            <ns3:cad>91</ns3:cad>
          </ns3:TrackPointExtension>
        </extensions>
      </trkpt>
      <trkpt lat="39.131721295416355133056640625" lon="117.19987467862665653228759765625">
        <ele>0.60000002384185791015625</ele>
        <time>2026-05-31T21:31:43.000Z</time>
        <extensions>
          <ns3:TrackPointExtension>
            <ns3:hr>142</ns3:hr>
            <ns3:cad>91</ns3:cad>
          </ns3:TrackPointExtension>
        </extensions>
      </trkpt>
      <trkpt lat="39.13169556297361850738525390625" lon="117.1998938731849193572998046875">
        <ele>0.60000002384185791015625</ele>
        <time>2026-05-31T21:31:44.000Z</time>
        <extensions>
          <ns3:TrackPointExtension>
            <ns3:hr>142</ns3:hr>
            <ns3:cad>91</ns3:cad>
          </ns3:TrackPointExtension>
        </extensions>
      </trkpt>
      <trkpt lat="39.131668321788311004638671875" lon="117.1999061107635498046875">
        <ele>0.800000011920928955078125</ele>
        <time>2026-05-31T21:31:45.000Z</time>
        <extensions>
          <ns3:TrackPointExtension>
            <ns3:hr>143</ns3:hr>
            <ns3:cad>91</ns3:cad>
          </ns3:TrackPointExtension>
        </extensions>
      </trkpt>
      <trkpt lat="39.13164359517395496368408203125" lon="117.199932597577571868896484375">
        <ele>0.800000011920928955078125</ele>
        <time>2026-05-31T21:31:46.000Z</time>
        <extensions>
          <ns3:TrackPointExtension>
            <ns3:hr>142</ns3:hr>
            <ns3:cad>91</ns3:cad>
          </ns3:TrackPointExtension>
        </extensions>
      </trkpt>
      <trkpt lat="39.131620712578296661376953125" lon="117.199949361383914947509765625">
        <ele>0.800000011920928955078125</ele>
        <time>2026-05-31T21:31:47.000Z</time>
        <extensions>
          <ns3:TrackPointExtension>
            <ns3:hr>143</ns3:hr>
            <ns3:cad>92</ns3:cad>
          </ns3:TrackPointExtension>
        </extensions>
      </trkpt>
      <trkpt lat="39.1315987519919872283935546875" lon="117.1999736689031124114990234375">
        <ele>0.60000002384185791015625</ele>
        <time>2026-05-31T21:31:48.000Z</time>
        <extensions>
          <ns3:TrackPointExtension>
            <ns3:hr>143</ns3:hr>
            <ns3:cad>92</ns3:cad>
          </ns3:TrackPointExtension>
        </extensions>
      </trkpt>
      <trkpt lat="39.1315786354243755340576171875" lon="117.19999252818524837493896484375">
        <ele>0.60000002384185791015625</ele>
        <time>2026-05-31T21:31:49.000Z</time>
        <extensions>
          <ns3:TrackPointExtension>
            <ns3:hr>143</ns3:hr>
            <ns3:cad>92</ns3:cad>
          </ns3:TrackPointExtension>
        </extensions>
      </trkpt>
      <trkpt lat="39.13155256770551204681396484375" lon="117.2000192664563655853271484375">
        <ele>0.60000002384185791015625</ele>
        <time>2026-05-31T21:31:50.000Z</time>
        <extensions>
          <ns3:TrackPointExtension>
            <ns3:hr>143</ns3:hr>
            <ns3:cad>92</ns3:cad>
          </ns3:TrackPointExtension>
        </extensions>
      </trkpt>
      <trkpt lat="39.131538905203342437744140625" lon="117.20003309659659862518310546875">
        <ele>0.60000002384185791015625</ele>
        <time>2026-05-31T21:31:51.000Z</time>
        <extensions>
          <ns3:TrackPointExtension>
            <ns3:hr>143</ns3:hr>
            <ns3:cad>92</ns3:cad>
          </ns3:TrackPointExtension>
        </extensions>
      </trkpt>
      <trkpt lat="39.13151635788381099700927734375" lon="117.200053296983242034912109375">
        <ele>0.60000002384185791015625</ele>
        <time>2026-05-31T21:31:52.000Z</time>
        <extensions>
          <ns3:TrackPointExtension>
            <ns3:hr>143</ns3:hr>
            <ns3:cad>92</ns3:cad>
          </ns3:TrackPointExtension>
        </extensions>
      </trkpt>
      <trkpt lat="39.13149632513523101806640625" lon="117.20006461255252361297607421875">
        <ele>0.60000002384185791015625</ele>
        <time>2026-05-31T21:31:53.000Z</time>
        <extensions>
          <ns3:TrackPointExtension>
            <ns3:hr>142</ns3:hr>
            <ns3:cad>92</ns3:cad>
          </ns3:TrackPointExtension>
        </extensions>
      </trkpt>
      <trkpt lat="39.13146673701703548431396484375" lon="117.20008875243365764617919921875">
        <ele>0.60000002384185791015625</ele>
        <time>2026-05-31T21:31:54.000Z</time>
        <extensions>
          <ns3:TrackPointExtension>
            <ns3:hr>143</ns3:hr>
            <ns3:cad>92</ns3:cad>
          </ns3:TrackPointExtension>
        </extensions>
      </trkpt>
      <trkpt lat="39.13144695572555065155029296875" lon="117.20011121593415737152099609375">
        <ele>0.60000002384185791015625</ele>
        <time>2026-05-31T21:31:55.000Z</time>
        <extensions>
          <ns3:TrackPointExtension>
            <ns3:hr>142</ns3:hr>
            <ns3:cad>92</ns3:cad>
          </ns3:TrackPointExtension>
        </extensions>
      </trkpt>
      <trkpt lat="39.1314123384654521942138671875" lon="117.2001372836530208587646484375">
        <ele>0.60000002384185791015625</ele>
        <time>2026-05-31T21:31:56.000Z</time>
        <extensions>
          <ns3:TrackPointExtension>
            <ns3:hr>142</ns3:hr>
            <ns3:cad>92</ns3:cad>
          </ns3:TrackPointExtension>
        </extensions>
      </trkpt>
      <trkpt lat="39.13139129988849163055419921875" lon="117.2001568973064422607421875">
        <ele>0.60000002384185791015625</ele>
        <time>2026-05-31T21:31:57.000Z</time>
        <extensions>
          <ns3:TrackPointExtension>
            <ns3:hr>142</ns3:hr>
            <ns3:cad>92</ns3:cad>
          </ns3:TrackPointExtension>
        </extensions>
      </trkpt>
      <trkpt lat="39.1313600353896617889404296875" lon="117.20017324201762676239013671875">
        <ele>0.60000002384185791015625</ele>
        <time>2026-05-31T21:31:58.000Z</time>
        <extensions>
          <ns3:TrackPointExtension>
            <ns3:hr>143</ns3:hr>
            <ns3:cad>91</ns3:cad>
          </ns3:TrackPointExtension>
        </extensions>
      </trkpt>
      <trkpt lat="39.13133329711854457855224609375" lon="117.20018078573048114776611328125">
        <ele>0.60000002384185791015625</ele>
        <time>2026-05-31T21:31:59.000Z</time>
        <extensions>
          <ns3:TrackPointExtension>
            <ns3:hr>142</ns3:hr>
            <ns3:cad>91</ns3:cad>
          </ns3:TrackPointExtension>
        </extensions>
      </trkpt>
      <trkpt lat="39.1313100792467594146728515625" lon="117.2001919336616992950439453125">
        <ele>0.60000002384185791015625</ele>
        <time>2026-05-31T21:32:00.000Z</time>
        <extensions>
          <ns3:TrackPointExtension>
            <ns3:hr>142</ns3:hr>
            <ns3:cad>91</ns3:cad>
          </ns3:TrackPointExtension>
        </extensions>
      </trkpt>
      <trkpt lat="39.13128870539367198944091796875" lon="117.200179360806941986083984375">
        <ele>0.60000002384185791015625</ele>
        <time>2026-05-31T21:32:01.000Z</time>
        <extensions>
          <ns3:TrackPointExtension>
            <ns3:hr>143</ns3:hr>
            <ns3:cad>91</ns3:cad>
          </ns3:TrackPointExtension>
        </extensions>
      </trkpt>
      <trkpt lat="39.1312688402831554412841796875" lon="117.2001704759895801544189453125">
        <ele>0.60000002384185791015625</ele>
        <time>2026-05-31T21:32:02.000Z</time>
        <extensions>
          <ns3:TrackPointExtension>
            <ns3:hr>142</ns3:hr>
            <ns3:cad>91</ns3:cad>
          </ns3:TrackPointExtension>
        </extensions>
      </trkpt>
      <trkpt lat="39.131245203316211700439453125" lon="117.2001456655561923980712890625">
        <ele>0.60000002384185791015625</ele>
        <time>2026-05-31T21:32:03.000Z</time>
        <extensions>
          <ns3:TrackPointExtension>
            <ns3:hr>142</ns3:hr>
            <ns3:cad>91</ns3:cad>
          </ns3:TrackPointExtension>
        </extensions>
      </trkpt>
      <trkpt lat="39.13122349418699741363525390625" lon="117.20013049431145191192626953125">
        <ele>0.4000000059604644775390625</ele>
        <time>2026-05-31T21:32:04.000Z</time>
        <extensions>
          <ns3:TrackPointExtension>
            <ns3:hr>142</ns3:hr>
            <ns3:cad>90</ns3:cad>
          </ns3:TrackPointExtension>
        </extensions>
      </trkpt>
      <trkpt lat="39.13119952194392681121826171875" lon="117.20010115765035152435302734375">
        <ele>0.4000000059604644775390625</ele>
        <time>2026-05-31T21:32:05.000Z</time>
        <extensions>
          <ns3:TrackPointExtension>
            <ns3:hr>142</ns3:hr>
            <ns3:cad>90</ns3:cad>
          </ns3:TrackPointExtension>
        </extensions>
      </trkpt>
      <trkpt lat="39.1311843506991863250732421875" lon="117.2000802867114543914794921875">
        <ele>0.20000000298023223876953125</ele>
        <time>2026-05-31T21:32:06.000Z</time>
        <extensions>
          <ns3:TrackPointExtension>
            <ns3:hr>143</ns3:hr>
            <ns3:cad>90</ns3:cad>
          </ns3:TrackPointExtension>
        </extensions>
      </trkpt>
      <trkpt lat="39.13117353804409503936767578125" lon="117.200041227042675018310546875">
        <ele>0.20000000298023223876953125</ele>
        <time>2026-05-31T21:32:07.000Z</time>
        <extensions>
          <ns3:TrackPointExtension>
            <ns3:hr>142</ns3:hr>
            <ns3:cad>90</ns3:cad>
          </ns3:TrackPointExtension>
        </extensions>
      </trkpt>
      <trkpt lat="39.13115836679935455322265625" lon="117.20001633279025554656982421875">
        <ele>0.20000000298023223876953125</ele>
        <time>2026-05-31T21:32:08.000Z</time>
        <extensions>
          <ns3:TrackPointExtension>
            <ns3:hr>142</ns3:hr>
            <ns3:cad>89</ns3:cad>
          </ns3:TrackPointExtension>
        </extensions>
      </trkpt>
      <trkpt lat="39.13114629685878753662109375" lon="117.199979536235332489013671875">
        <ele>0.20000000298023223876953125</ele>
        <time>2026-05-31T21:32:09.000Z</time>
        <extensions>
          <ns3:TrackPointExtension>
            <ns3:hr>143</ns3:hr>
            <ns3:cad>89</ns3:cad>
          </ns3:TrackPointExtension>
        </extensions>
      </trkpt>
      <trkpt lat="39.13112961687147617340087890625" lon="117.1999575756490230560302734375">
        <ele>0.20000000298023223876953125</ele>
        <time>2026-05-31T21:32:10.000Z</time>
        <extensions>
          <ns3:TrackPointExtension>
            <ns3:hr>142</ns3:hr>
            <ns3:cad>90</ns3:cad>
          </ns3:TrackPointExtension>
        </extensions>
      </trkpt>
      <trkpt lat="39.13111536763608455657958984375" lon="117.19992513768374919891357421875">
        <ele>0</ele>
        <time>2026-05-31T21:32:11.000Z</time>
        <extensions>
          <ns3:TrackPointExtension>
            <ns3:hr>142</ns3:hr>
            <ns3:cad>91</ns3:cad>
          </ns3:TrackPointExtension>
        </extensions>
      </trkpt>
      <trkpt lat="39.13109843619167804718017578125" lon="117.19990518875420093536376953125">
        <ele>0</ele>
        <time>2026-05-31T21:32:12.000Z</time>
        <extensions>
          <ns3:TrackPointExtension>
            <ns3:hr>142</ns3:hr>
            <ns3:cad>91</ns3:cad>
          </ns3:TrackPointExtension>
        </extensions>
      </trkpt>
      <trkpt lat="39.131086952984333038330078125" lon="117.19987065531313419342041015625">
        <ele>0</ele>
        <time>2026-05-31T21:32:13.000Z</time>
        <extensions>
          <ns3:TrackPointExtension>
            <ns3:hr>143</ns3:hr>
            <ns3:cad>91</ns3:cad>
          </ns3:TrackPointExtension>
        </extensions>
      </trkpt>
      <trkpt lat="39.1310673393309116363525390625" lon="117.19984668307006359100341796875">
        <ele>0.20000000298023223876953125</ele>
        <time>2026-05-31T21:32:14.000Z</time>
        <extensions>
          <ns3:TrackPointExtension>
            <ns3:hr>142</ns3:hr>
            <ns3:cad>91</ns3:cad>
          </ns3:TrackPointExtension>
        </extensions>
      </trkpt>
      <trkpt lat="39.1310515813529491424560546875" lon="117.1998137421905994415283203125">
        <ele>0.20000000298023223876953125</ele>
        <time>2026-05-31T21:32:15.000Z</time>
        <extensions>
          <ns3:TrackPointExtension>
            <ns3:hr>142</ns3:hr>
            <ns3:cad>91</ns3:cad>
          </ns3:TrackPointExtension>
        </extensions>
      </trkpt>
      <trkpt lat="39.1310341469943523406982421875" lon="117.19979203306138515472412109375">
        <ele>0.20000000298023223876953125</ele>
        <time>2026-05-31T21:32:16.000Z</time>
        <extensions>
          <ns3:TrackPointExtension>
            <ns3:hr>143</ns3:hr>
            <ns3:cad>91</ns3:cad>
          </ns3:TrackPointExtension>
        </extensions>
      </trkpt>
      <trkpt lat="39.1310195624828338623046875" lon="117.19976462423801422119140625">
        <ele>0.20000000298023223876953125</ele>
        <time>2026-05-31T21:32:17.000Z</time>
        <extensions>
          <ns3:TrackPointExtension>
            <ns3:hr>142</ns3:hr>
            <ns3:cad>90</ns3:cad>
          </ns3:TrackPointExtension>
        </extensions>
      </trkpt>
      <trkpt lat="39.13100103847682476043701171875" lon="117.19973905943334102630615234375">
        <ele>0.20000000298023223876953125</ele>
        <time>2026-05-31T21:32:18.000Z</time>
        <extensions>
          <ns3:TrackPointExtension>
            <ns3:hr>142</ns3:hr>
            <ns3:cad>90</ns3:cad>
          </ns3:TrackPointExtension>
        </extensions>
      </trkpt>
      <trkpt lat="39.13098997436463832855224609375" lon="117.19971072860062122344970703125">
        <ele>0.20000000298023223876953125</ele>
        <time>2026-05-31T21:32:19.000Z</time>
        <extensions>
          <ns3:TrackPointExtension>
            <ns3:hr>141</ns3:hr>
            <ns3:cad>90</ns3:cad>
          </ns3:TrackPointExtension>
        </extensions>
      </trkpt>
      <trkpt lat="39.130973629653453826904296875" lon="117.199681811034679412841796875">
        <ele>0.20000000298023223876953125</ele>
        <time>2026-05-31T21:32:20.000Z</time>
        <extensions>
          <ns3:TrackPointExtension>
            <ns3:hr>141</ns3:hr>
            <ns3:cad>90</ns3:cad>
          </ns3:TrackPointExtension>
        </extensions>
      </trkpt>
      <trkpt lat="39.13096122443675994873046875" lon="117.19965172000229358673095703125">
        <ele>0.20000000298023223876953125</ele>
        <time>2026-05-31T21:32:21.000Z</time>
        <extensions>
          <ns3:TrackPointExtension>
            <ns3:hr>141</ns3:hr>
            <ns3:cad>91</ns3:cad>
          </ns3:TrackPointExtension>
        </extensions>
      </trkpt>
      <trkpt lat="39.130943454802036285400390625" lon="117.1996231377124786376953125">
        <ele>0.20000000298023223876953125</ele>
        <time>2026-05-31T21:32:22.000Z</time>
        <extensions>
          <ns3:TrackPointExtension>
            <ns3:hr>140</ns3:hr>
            <ns3:cad>91</ns3:cad>
          </ns3:TrackPointExtension>
        </extensions>
      </trkpt>
      <trkpt lat="39.13093247450888156890869140625" lon="117.19959438778460025787353515625">
        <ele>0.20000000298023223876953125</ele>
        <time>2026-05-31T21:32:23.000Z</time>
        <extensions>
          <ns3:TrackPointExtension>
            <ns3:hr>140</ns3:hr>
            <ns3:cad>92</ns3:cad>
          </ns3:TrackPointExtension>
        </extensions>
      </trkpt>
      <trkpt lat="39.1309198178350925445556640625" lon="117.199567146599292755126953125">
        <ele>0.20000000298023223876953125</ele>
        <time>2026-05-31T21:32:24.000Z</time>
        <extensions>
          <ns3:TrackPointExtension>
            <ns3:hr>139</ns3:hr>
            <ns3:cad>92</ns3:cad>
          </ns3:TrackPointExtension>
        </extensions>
      </trkpt>
      <trkpt lat="39.1309074126183986663818359375" lon="117.19954200088977813720703125">
        <ele>0.20000000298023223876953125</ele>
        <time>2026-05-31T21:32:25.000Z</time>
        <extensions>
          <ns3:TrackPointExtension>
            <ns3:hr>139</ns3:hr>
            <ns3:cad>92</ns3:cad>
          </ns3:TrackPointExtension>
        </extensions>
      </trkpt>
      <trkpt lat="39.13090012036263942718505859375" lon="117.19951777718961238861083984375">
        <ele>0.20000000298023223876953125</ele>
        <time>2026-05-31T21:32:26.000Z</time>
        <extensions>
          <ns3:TrackPointExtension>
            <ns3:hr>138</ns3:hr>
            <ns3:cad>91</ns3:cad>
          </ns3:TrackPointExtension>
        </extensions>
      </trkpt>
      <trkpt lat="39.13088905625045299530029296875" lon="117.19948927871882915496826171875">
        <ele>0.20000000298023223876953125</ele>
        <time>2026-05-31T21:32:27.000Z</time>
        <extensions>
          <ns3:TrackPointExtension>
            <ns3:hr>138</ns3:hr>
            <ns3:cad>91</ns3:cad>
          </ns3:TrackPointExtension>
        </extensions>
      </trkpt>
      <trkpt lat="39.1308745555579662322998046875" lon="117.1994610317051410675048828125">
        <ele>0.4000000059604644775390625</ele>
        <time>2026-05-31T21:32:28.000Z</time>
        <extensions>
          <ns3:TrackPointExtension>
            <ns3:hr>138</ns3:hr>
            <ns3:cad>91</ns3:cad>
          </ns3:TrackPointExtension>
        </extensions>
      </trkpt>
      <trkpt lat="39.1308601386845111846923828125" lon="117.19943714328110218048095703125">
        <ele>0.4000000059604644775390625</ele>
        <time>2026-05-31T21:32:29.000Z</time>
        <extensions>
          <ns3:TrackPointExtension>
            <ns3:hr>138</ns3:hr>
            <ns3:cad>91</ns3:cad>
          </ns3:TrackPointExtension>
        </extensions>
      </trkpt>
      <trkpt lat="39.13084647618234157562255859375" lon="117.19940789043903350830078125">
        <ele>0.20000000298023223876953125</ele>
        <time>2026-05-31T21:32:30.000Z</time>
        <extensions>
          <ns3:TrackPointExtension>
            <ns3:hr>138</ns3:hr>
            <ns3:cad>91</ns3:cad>
          </ns3:TrackPointExtension>
        </extensions>
      </trkpt>
      <trkpt lat="39.1308333165943622589111328125" lon="117.19938064925372600555419921875">
        <ele>0.20000000298023223876953125</ele>
        <time>2026-05-31T21:32:31.000Z</time>
        <extensions>
          <ns3:TrackPointExtension>
            <ns3:hr>138</ns3:hr>
            <ns3:cad>91</ns3:cad>
          </ns3:TrackPointExtension>
        </extensions>
      </trkpt>
      <trkpt lat="39.13082015700638294219970703125" lon="117.19935231842100620269775390625">
        <ele>0.20000000298023223876953125</ele>
        <time>2026-05-31T21:32:32.000Z</time>
        <extensions>
          <ns3:TrackPointExtension>
            <ns3:hr>138</ns3:hr>
            <ns3:cad>91</ns3:cad>
          </ns3:TrackPointExtension>
        </extensions>
      </trkpt>
      <trkpt lat="39.1308064945042133331298828125" lon="117.199323065578937530517578125">
        <ele>0.20000000298023223876953125</ele>
        <time>2026-05-31T21:32:33.000Z</time>
        <extensions>
          <ns3:TrackPointExtension>
            <ns3:hr>137</ns3:hr>
            <ns3:cad>91</ns3:cad>
          </ns3:TrackPointExtension>
        </extensions>
      </trkpt>
      <trkpt lat="39.13079232908785343170166015625" lon="117.19928626902401447296142578125">
        <ele>0.20000000298023223876953125</ele>
        <time>2026-05-31T21:32:34.000Z</time>
        <extensions>
          <ns3:TrackPointExtension>
            <ns3:hr>137</ns3:hr>
            <ns3:cad>92</ns3:cad>
          </ns3:TrackPointExtension>
        </extensions>
      </trkpt>
      <trkpt lat="39.13078260608017444610595703125" lon="117.19926112331449985504150390625">
        <ele>0.20000000298023223876953125</ele>
        <time>2026-05-31T21:32:35.000Z</time>
        <extensions>
          <ns3:TrackPointExtension>
            <ns3:hr>136</ns3:hr>
            <ns3:cad>92</ns3:cad>
          </ns3:TrackPointExtension>
        </extensions>
      </trkpt>
      <trkpt lat="39.13076785393059253692626953125" lon="117.19922424294054508209228515625">
        <ele>0.20000000298023223876953125</ele>
        <time>2026-05-31T21:32:36.000Z</time>
        <extensions>
          <ns3:TrackPointExtension>
            <ns3:hr>136</ns3:hr>
            <ns3:cad>92</ns3:cad>
          </ns3:TrackPointExtension>
        </extensions>
      </trkpt>
      <trkpt lat="39.13075561635196208953857421875" lon="117.19919540919363498687744140625">
        <ele>0</ele>
        <time>2026-05-31T21:32:37.000Z</time>
        <extensions>
          <ns3:TrackPointExtension>
            <ns3:hr>136</ns3:hr>
            <ns3:cad>92</ns3:cad>
          </ns3:TrackPointExtension>
        </extensions>
      </trkpt>
      <trkpt lat="39.130742959678173065185546875" lon="117.1991649828851222991943359375">
        <ele>0</ele>
        <time>2026-05-31T21:32:38.000Z</time>
        <extensions>
          <ns3:TrackPointExtension>
            <ns3:hr>137</ns3:hr>
            <ns3:cad>92</ns3:cad>
          </ns3:TrackPointExtension>
        </extensions>
      </trkpt>
      <trkpt lat="39.13073080591857433319091796875" lon="117.1991445310413837432861328125">
        <ele>0</ele>
        <time>2026-05-31T21:32:39.000Z</time>
        <extensions>
          <ns3:TrackPointExtension>
            <ns3:hr>137</ns3:hr>
            <ns3:cad>92</ns3:cad>
          </ns3:TrackPointExtension>
        </extensions>
      </trkpt>
      <trkpt lat="39.1307112760841846466064453125" lon="117.19912164844572544097900390625">
        <ele>-0.20000000298023223876953125</ele>
        <time>2026-05-31T21:32:40.000Z</time>
        <extensions>
          <ns3:TrackPointExtension>
            <ns3:hr>137</ns3:hr>
            <ns3:cad>92</ns3:cad>
          </ns3:TrackPointExtension>
        </extensions>
      </trkpt>
      <trkpt lat="39.13069074042141437530517578125" lon="117.19910882413387298583984375">
        <ele>-0.20000000298023223876953125</ele>
        <time>2026-05-31T21:32:41.000Z</time>
        <extensions>
          <ns3:TrackPointExtension>
            <ns3:hr>137</ns3:hr>
            <ns3:cad>92</ns3:cad>
          </ns3:TrackPointExtension>
        </extensions>
      </trkpt>
      <trkpt lat="39.130673892796039581298828125" lon="117.1990945748984813690185546875">
        <ele>0</ele>
        <time>2026-05-31T21:32:42.000Z</time>
        <extensions>
          <ns3:TrackPointExtension>
            <ns3:hr>137</ns3:hr>
            <ns3:cad>92</ns3:cad>
          </ns3:TrackPointExtension>
        </extensions>
      </trkpt>
      <trkpt lat="39.13065805099904537200927734375" lon="117.1990731172263622283935546875">
        <ele>-0.20000000298023223876953125</ele>
        <time>2026-05-31T21:32:43.000Z</time>
        <extensions>
          <ns3:TrackPointExtension>
            <ns3:hr>137</ns3:hr>
            <ns3:cad>92</ns3:cad>
          </ns3:TrackPointExtension>
        </extensions>
      </trkpt>
      <trkpt lat="39.13064614869654178619384765625" lon="117.19904788769781589508056640625">
        <ele>0</ele>
        <time>2026-05-31T21:32:44.000Z</time>
        <extensions>
          <ns3:TrackPointExtension>
            <ns3:hr>137</ns3:hr>
            <ns3:cad>92</ns3:cad>
          </ns3:TrackPointExtension>
        </extensions>
      </trkpt>
      <trkpt lat="39.1306318156421184539794921875" lon="117.1990221552550792694091796875">
        <ele>0</ele>
        <time>2026-05-31T21:32:45.000Z</time>
        <extensions>
          <ns3:TrackPointExtension>
            <ns3:hr>137</ns3:hr>
            <ns3:cad>92</ns3:cad>
          </ns3:TrackPointExtension>
        </extensions>
      </trkpt>
      <trkpt lat="39.1306224279105663299560546875" lon="117.19898871146142482757568359375">
        <ele>0</ele>
        <time>2026-05-31T21:32:46.000Z</time>
        <extensions>
          <ns3:TrackPointExtension>
            <ns3:hr>138</ns3:hr>
            <ns3:cad>91</ns3:cad>
          </ns3:TrackPointExtension>
        </extensions>
      </trkpt>
      <trkpt lat="39.13060943596065044403076171875" lon="117.198965661227703094482421875">
        <ele>-0.20000000298023223876953125</ele>
        <time>2026-05-31T21:32:47.000Z</time>
        <extensions>
          <ns3:TrackPointExtension>
            <ns3:hr>138</ns3:hr>
            <ns3:cad>91</ns3:cad>
          </ns3:TrackPointExtension>
        </extensions>
      </trkpt>
      <trkpt lat="39.13059988059103488922119140625" lon="117.1989272721111774444580078125">
        <ele>-0.20000000298023223876953125</ele>
        <time>2026-05-31T21:32:48.000Z</time>
        <extensions>
          <ns3:TrackPointExtension>
            <ns3:hr>138</ns3:hr>
            <ns3:cad>91</ns3:cad>
          </ns3:TrackPointExtension>
        </extensions>
      </trkpt>
      <trkpt lat="39.130583368241786956787109375" lon="117.19889433123171329498291015625">
        <ele>0</ele>
        <time>2026-05-31T21:32:49.000Z</time>
        <extensions>
          <ns3:TrackPointExtension>
            <ns3:hr>138</ns3:hr>
            <ns3:cad>91</ns3:cad>
          </ns3:TrackPointExtension>
        </extensions>
      </trkpt>
      <trkpt lat="39.130572639405727386474609375" lon="117.198863066732883453369140625">
        <ele>0</ele>
        <time>2026-05-31T21:32:50.000Z</time>
        <extensions>
          <ns3:TrackPointExtension>
            <ns3:hr>138</ns3:hr>
            <ns3:cad>91</ns3:cad>
          </ns3:TrackPointExtension>
        </extensions>
      </trkpt>
      <trkpt lat="39.1305630840361118316650390625" lon="117.19883657991886138916015625">
        <ele>0</ele>
        <time>2026-05-31T21:32:51.000Z</time>
        <extensions>
          <ns3:TrackPointExtension>
            <ns3:hr>137</ns3:hr>
            <ns3:cad>90</ns3:cad>
          </ns3:TrackPointExtension>
        </extensions>
      </trkpt>
      <trkpt lat="39.1305516846477985382080078125" lon="117.198809422552585601806640625">
        <ele>0</ele>
        <time>2026-05-31T21:32:52.000Z</time>
        <extensions>
          <ns3:TrackPointExtension>
            <ns3:hr>137</ns3:hr>
            <ns3:cad>90</ns3:cad>
          </ns3:TrackPointExtension>
        </extensions>
      </trkpt>
      <trkpt lat="39.1305382736027240753173828125" lon="117.19878151081502437591552734375">
        <ele>0</ele>
        <time>2026-05-31T21:32:53.000Z</time>
        <extensions>
          <ns3:TrackPointExtension>
            <ns3:hr>138</ns3:hr>
            <ns3:cad>90</ns3:cad>
          </ns3:TrackPointExtension>
        </extensions>
      </trkpt>
      <trkpt lat="39.1305295564234256744384765625" lon="117.19875301234424114227294921875">
        <ele>0</ele>
        <time>2026-05-31T21:32:54.000Z</time>
        <extensions>
          <ns3:TrackPointExtension>
            <ns3:hr>138</ns3:hr>
            <ns3:cad>90</ns3:cad>
          </ns3:TrackPointExtension>
        </extensions>
      </trkpt>
      <trkpt lat="39.13051120005548000335693359375" lon="117.198724262416362762451171875">
        <ele>0</ele>
        <time>2026-05-31T21:32:55.000Z</time>
        <extensions>
          <ns3:TrackPointExtension>
            <ns3:hr>137</ns3:hr>
            <ns3:cad>90</ns3:cad>
          </ns3:TrackPointExtension>
        </extensions>
      </trkpt>
      <trkpt lat="39.1304987110197544097900390625" lon="117.19868998043239116668701171875">
        <ele>0</ele>
        <time>2026-05-31T21:32:56.000Z</time>
        <extensions>
          <ns3:TrackPointExtension>
            <ns3:hr>137</ns3:hr>
            <ns3:cad>90</ns3:cad>
          </ns3:TrackPointExtension>
        </extensions>
      </trkpt>
      <trkpt lat="39.13048320449888706207275390625" lon="117.19865879975259304046630859375">
        <ele>0</ele>
        <time>2026-05-31T21:32:57.000Z</time>
        <extensions>
          <ns3:TrackPointExtension>
            <ns3:hr>136</ns3:hr>
            <ns3:cad>90</ns3:cad>
          </ns3:TrackPointExtension>
        </extensions>
      </trkpt>
      <trkpt lat="39.13047172129154205322265625" lon="117.198621332645416259765625">
        <ele>0</ele>
        <time>2026-05-31T21:32:58.000Z</time>
        <extensions>
          <ns3:TrackPointExtension>
            <ns3:hr>136</ns3:hr>
            <ns3:cad>89</ns3:cad>
          </ns3:TrackPointExtension>
        </extensions>
      </trkpt>
      <trkpt lat="39.13046023808419704437255859375" lon="117.19859040342271327972412109375">
        <ele>-0.20000000298023223876953125</ele>
        <time>2026-05-31T21:32:59.000Z</time>
        <extensions>
          <ns3:TrackPointExtension>
            <ns3:hr>136</ns3:hr>
            <ns3:cad>89</ns3:cad>
          </ns3:TrackPointExtension>
        </extensions>
      </trkpt>
      <trkpt lat="39.13045152090489864349365234375" lon="117.19855620525777339935302734375">
        <ele>0</ele>
        <time>2026-05-31T21:33:00.000Z</time>
        <extensions>
          <ns3:TrackPointExtension>
            <ns3:hr>136</ns3:hr>
            <ns3:cad>90</ns3:cad>
          </ns3:TrackPointExtension>
        </extensions>
      </trkpt>
      <trkpt lat="39.1304370202124118804931640625" lon="117.19853122718632221221923828125">
        <ele>0</ele>
        <time>2026-05-31T21:33:01.000Z</time>
        <extensions>
          <ns3:TrackPointExtension>
            <ns3:hr>135</ns3:hr>
            <ns3:cad>90</ns3:cad>
          </ns3:TrackPointExtension>
        </extensions>
      </trkpt>
      <trkpt lat="39.1304294764995574951171875" lon="117.19849820248782634735107421875">
        <ele>0</ele>
        <time>2026-05-31T21:33:02.000Z</time>
        <extensions>
          <ns3:TrackPointExtension>
            <ns3:hr>135</ns3:hr>
            <ns3:cad>90</ns3:cad>
          </ns3:TrackPointExtension>
        </extensions>
      </trkpt>
      <trkpt lat="39.13041413761675357818603515625" lon="117.1984676085412502288818359375">
        <ele>0</ele>
        <time>2026-05-31T21:33:03.000Z</time>
        <extensions>
          <ns3:TrackPointExtension>
            <ns3:hr>135</ns3:hr>
            <ns3:cad>90</ns3:cad>
          </ns3:TrackPointExtension>
        </extensions>
      </trkpt>
      <trkpt lat="39.13040625862777233123779296875" lon="117.1984347514808177947998046875">
        <ele>0</ele>
        <time>2026-05-31T21:33:04.000Z</time>
        <extensions>
          <ns3:TrackPointExtension>
            <ns3:hr>135</ns3:hr>
            <ns3:cad>90</ns3:cad>
          </ns3:TrackPointExtension>
        </extensions>
      </trkpt>
      <trkpt lat="39.1303941048681735992431640625" lon="117.19840734265744686126708984375">
        <ele>0</ele>
        <time>2026-05-31T21:33:05.000Z</time>
        <extensions>
          <ns3:TrackPointExtension>
            <ns3:hr>134</ns3:hr>
            <ns3:cad>90</ns3:cad>
          </ns3:TrackPointExtension>
        </extensions>
      </trkpt>
      <trkpt lat="39.13038589060306549072265625" lon="117.19837415032088756561279296875">
        <ele>0</ele>
        <time>2026-05-31T21:33:06.000Z</time>
        <extensions>
          <ns3:TrackPointExtension>
            <ns3:hr>134</ns3:hr>
            <ns3:cad>90</ns3:cad>
          </ns3:TrackPointExtension>
        </extensions>
      </trkpt>
      <trkpt lat="39.130374155938625335693359375" lon="117.198344729840755462646484375">
        <ele>0</ele>
        <time>2026-05-31T21:33:07.000Z</time>
        <extensions>
          <ns3:TrackPointExtension>
            <ns3:hr>134</ns3:hr>
            <ns3:cad>90</ns3:cad>
          </ns3:TrackPointExtension>
        </extensions>
      </trkpt>
      <trkpt lat="39.1303629241883754730224609375" lon="117.19831086695194244384765625">
        <ele>0</ele>
        <time>2026-05-31T21:33:08.000Z</time>
        <extensions>
          <ns3:TrackPointExtension>
            <ns3:hr>133</ns3:hr>
            <ns3:cad>90</ns3:cad>
          </ns3:TrackPointExtension>
        </extensions>
      </trkpt>
      <trkpt lat="39.13035009987652301788330078125" lon="117.19828178174793720245361328125">
        <ele>0</ele>
        <time>2026-05-31T21:33:09.000Z</time>
        <extensions>
          <ns3:TrackPointExtension>
            <ns3:hr>133</ns3:hr>
            <ns3:cad>90</ns3:cad>
          </ns3:TrackPointExtension>
        </extensions>
      </trkpt>
      <trkpt lat="39.130338616669178009033203125" lon="117.198252864181995391845703125">
        <ele>0</ele>
        <time>2026-05-31T21:33:10.000Z</time>
        <extensions>
          <ns3:TrackPointExtension>
            <ns3:hr>134</ns3:hr>
            <ns3:cad>90</ns3:cad>
          </ns3:TrackPointExtension>
        </extensions>
      </trkpt>
      <trkpt lat="39.13032352924346923828125" lon="117.19822637736797332763671875">
        <ele>0</ele>
        <time>2026-05-31T21:33:11.000Z</time>
        <extensions>
          <ns3:TrackPointExtension>
            <ns3:hr>134</ns3:hr>
            <ns3:cad>90</ns3:cad>
          </ns3:TrackPointExtension>
        </extensions>
      </trkpt>
      <trkpt lat="39.13031171075999736785888671875" lon="117.19819243066012859344482421875">
        <ele>0</ele>
        <time>2026-05-31T21:33:12.000Z</time>
        <extensions>
          <ns3:TrackPointExtension>
            <ns3:hr>134</ns3:hr>
            <ns3:cad>89</ns3:cad>
          </ns3:TrackPointExtension>
        </extensions>
      </trkpt>
      <trkpt lat="39.13029679097235202789306640625" lon="117.19816158525645732879638671875">
        <ele>0</ele>
        <time>2026-05-31T21:33:13.000Z</time>
        <extensions>
          <ns3:TrackPointExtension>
            <ns3:hr>134</ns3:hr>
            <ns3:cad>89</ns3:cad>
          </ns3:TrackPointExtension>
        </extensions>
      </trkpt>
      <trkpt lat="39.13028405047953128814697265625" lon="117.1981318295001983642578125">
        <ele>0</ele>
        <time>2026-05-31T21:33:14.000Z</time>
        <extensions>
          <ns3:TrackPointExtension>
            <ns3:hr>134</ns3:hr>
            <ns3:cad>90</ns3:cad>
          </ns3:TrackPointExtension>
        </extensions>
      </trkpt>
      <trkpt lat="39.13026996888220310211181640625" lon="117.19810140319168567657470703125">
        <ele>0.20000000298023223876953125</ele>
        <time>2026-05-31T21:33:15.000Z</time>
        <extensions>
          <ns3:TrackPointExtension>
            <ns3:hr>134</ns3:hr>
            <ns3:cad>90</ns3:cad>
          </ns3:TrackPointExtension>
        </extensions>
      </trkpt>
      <trkpt lat="39.13025471381843090057373046875" lon="117.1980723179876804351806640625">
        <ele>0.20000000298023223876953125</ele>
        <time>2026-05-31T21:33:16.000Z</time>
        <extensions>
          <ns3:TrackPointExtension>
            <ns3:hr>135</ns3:hr>
            <ns3:cad>90</ns3:cad>
          </ns3:TrackPointExtension>
        </extensions>
      </trkpt>
      <trkpt lat="39.1302371956408023834228515625" lon="117.19804440625011920928955078125">
        <ele>0.20000000298023223876953125</ele>
        <time>2026-05-31T21:33:17.000Z</time>
        <extensions>
          <ns3:TrackPointExtension>
            <ns3:hr>135</ns3:hr>
            <ns3:cad>90</ns3:cad>
          </ns3:TrackPointExtension>
        </extensions>
      </trkpt>
      <trkpt lat="39.13022085092961788177490234375" lon="117.19802110455930233001708984375">
        <ele>0.20000000298023223876953125</ele>
        <time>2026-05-31T21:33:18.000Z</time>
        <extensions>
          <ns3:TrackPointExtension>
            <ns3:hr>135</ns3:hr>
            <ns3:cad>91</ns3:cad>
          </ns3:TrackPointExtension>
        </extensions>
      </trkpt>
      <trkpt lat="39.1302026621997356414794921875" lon="117.19800132326781749725341796875">
        <ele>0.20000000298023223876953125</ele>
        <time>2026-05-31T21:33:19.000Z</time>
        <extensions>
          <ns3:TrackPointExtension>
            <ns3:hr>136</ns3:hr>
            <ns3:cad>91</ns3:cad>
          </ns3:TrackPointExtension>
        </extensions>
      </trkpt>
      <trkpt lat="39.13018405437469482421875" lon="117.19797936268150806427001953125">
        <ele>0.20000000298023223876953125</ele>
        <time>2026-05-31T21:33:20.000Z</time>
        <extensions>
          <ns3:TrackPointExtension>
            <ns3:hr>136</ns3:hr>
            <ns3:cad>90</ns3:cad>
          </ns3:TrackPointExtension>
        </extensions>
      </trkpt>
      <trkpt lat="39.13016469217836856842041015625" lon="117.197955809533596038818359375">
        <ele>0.20000000298023223876953125</ele>
        <time>2026-05-31T21:33:21.000Z</time>
        <extensions>
          <ns3:TrackPointExtension>
            <ns3:hr>136</ns3:hr>
            <ns3:cad>90</ns3:cad>
          </ns3:TrackPointExtension>
        </extensions>
      </trkpt>
      <trkpt lat="39.13014910183846950531005859375" lon="117.19792705960571765899658203125">
        <ele>0.20000000298023223876953125</ele>
        <time>2026-05-31T21:33:22.000Z</time>
        <extensions>
          <ns3:TrackPointExtension>
            <ns3:hr>137</ns3:hr>
            <ns3:cad>90</ns3:cad>
          </ns3:TrackPointExtension>
        </extensions>
      </trkpt>
      <trkpt lat="39.1301317512989044189453125" lon="117.19790157862007617950439453125">
        <ele>0.20000000298023223876953125</ele>
        <time>2026-05-31T21:33:23.000Z</time>
        <extensions>
          <ns3:TrackPointExtension>
            <ns3:hr>138</ns3:hr>
            <ns3:cad>90</ns3:cad>
          </ns3:TrackPointExtension>
        </extensions>
      </trkpt>
      <trkpt lat="39.13011792115867137908935546875" lon="117.1978684701025485992431640625">
        <ele>0.20000000298023223876953125</ele>
        <time>2026-05-31T21:33:24.000Z</time>
        <extensions>
          <ns3:TrackPointExtension>
            <ns3:hr>138</ns3:hr>
            <ns3:cad>90</ns3:cad>
          </ns3:TrackPointExtension>
        </extensions>
      </trkpt>
      <trkpt lat="39.1300977207720279693603515625" lon="117.197837121784687042236328125">
        <ele>0.20000000298023223876953125</ele>
        <time>2026-05-31T21:33:25.000Z</time>
        <extensions>
          <ns3:TrackPointExtension>
            <ns3:hr>138</ns3:hr>
            <ns3:cad>90</ns3:cad>
          </ns3:TrackPointExtension>
        </extensions>
      </trkpt>
      <trkpt lat="39.13008355535566806793212890625" lon="117.1978087909519672393798828125">
        <ele>0</ele>
        <time>2026-05-31T21:33:26.000Z</time>
        <extensions>
          <ns3:TrackPointExtension>
            <ns3:hr>138</ns3:hr>
            <ns3:cad>89</ns3:cad>
          </ns3:TrackPointExtension>
        </extensions>
      </trkpt>
      <trkpt lat="39.130067713558673858642578125" lon="117.1977766044437885284423828125">
        <ele>0.20000000298023223876953125</ele>
        <time>2026-05-31T21:33:27.000Z</time>
        <extensions>
          <ns3:TrackPointExtension>
            <ns3:hr>139</ns3:hr>
            <ns3:cad>89</ns3:cad>
          </ns3:TrackPointExtension>
        </extensions>
      </trkpt>
      <trkpt lat="39.130050279200077056884765625" lon="117.197749279439449310302734375">
        <ele>0.4000000059604644775390625</ele>
        <time>2026-05-31T21:33:28.000Z</time>
        <extensions>
          <ns3:TrackPointExtension>
            <ns3:hr>140</ns3:hr>
            <ns3:cad>89</ns3:cad>
          </ns3:TrackPointExtension>
        </extensions>
      </trkpt>
      <trkpt lat="39.13003510795533657073974609375" lon="117.1977187693119049072265625">
        <ele>0.20000000298023223876953125</ele>
        <time>2026-05-31T21:33:29.000Z</time>
        <extensions>
          <ns3:TrackPointExtension>
            <ns3:hr>140</ns3:hr>
            <ns3:cad>89</ns3:cad>
          </ns3:TrackPointExtension>
        </extensions>
      </trkpt>
      <trkpt lat="39.13002287037670612335205078125" lon="117.19769286923110485076904296875">
        <ele>0</ele>
        <time>2026-05-31T21:33:30.000Z</time>
        <extensions>
          <ns3:TrackPointExtension>
            <ns3:hr>141</ns3:hr>
            <ns3:cad>89</ns3:cad>
          </ns3:TrackPointExtension>
        </extensions>
      </trkpt>
      <trkpt lat="39.1300165839493274688720703125" lon="117.19765506684780120849609375">
        <ele>-0.20000000298023223876953125</ele>
        <time>2026-05-31T21:33:31.000Z</time>
        <extensions>
          <ns3:TrackPointExtension>
            <ns3:hr>141</ns3:hr>
            <ns3:cad>89</ns3:cad>
          </ns3:TrackPointExtension>
        </extensions>
      </trkpt>
      <trkpt lat="39.13000241853296756744384765625" lon="117.19762631691992282867431640625">
        <ele>-0.4000000059604644775390625</ele>
        <time>2026-05-31T21:33:32.000Z</time>
        <extensions>
          <ns3:TrackPointExtension>
            <ns3:hr>142</ns3:hr>
            <ns3:cad>89</ns3:cad>
          </ns3:TrackPointExtension>
        </extensions>
      </trkpt>
      <trkpt lat="39.12999319843947887420654296875" lon="117.19759362749755382537841796875">
        <ele>-0.800000011920928955078125</ele>
        <time>2026-05-31T21:33:33.000Z</time>
        <extensions>
          <ns3:TrackPointExtension>
            <ns3:hr>142</ns3:hr>
            <ns3:cad>89</ns3:cad>
          </ns3:TrackPointExtension>
        </extensions>
      </trkpt>
      <trkpt lat="39.1299807094037532806396484375" lon="117.19756512902677059173583984375">
        <ele>-0.800000011920928955078125</ele>
        <time>2026-05-31T21:33:34.000Z</time>
        <extensions>
          <ns3:TrackPointExtension>
            <ns3:hr>143</ns3:hr>
            <ns3:cad>89</ns3:cad>
          </ns3:TrackPointExtension>
        </extensions>
      </trkpt>
      <trkpt lat="39.1299666278064250946044921875" lon="117.19752590171992778778076171875">
        <ele>-0.800000011920928955078125</ele>
        <time>2026-05-31T21:33:35.000Z</time>
        <extensions>
          <ns3:TrackPointExtension>
            <ns3:hr>143</ns3:hr>
            <ns3:cad>89</ns3:cad>
          </ns3:TrackPointExtension>
        </extensions>
      </trkpt>
      <trkpt lat="39.1299535520374774932861328125" lon="117.19750528223812580108642578125">
        <ele>-1</ele>
        <time>2026-05-31T21:33:36.000Z</time>
        <extensions>
          <ns3:TrackPointExtension>
            <ns3:hr>143</ns3:hr>
            <ns3:cad>89</ns3:cad>
          </ns3:TrackPointExtension>
        </extensions>
      </trkpt>
      <trkpt lat="39.1299421526491641998291015625" lon="117.19747141934931278228759765625">
        <ele>-1</ele>
        <time>2026-05-31T21:33:37.000Z</time>
        <extensions>
          <ns3:TrackPointExtension>
            <ns3:hr>144</ns3:hr>
            <ns3:cad>90</ns3:cad>
          </ns3:TrackPointExtension>
        </extensions>
      </trkpt>
      <trkpt lat="39.12992631085216999053955078125" lon="117.197443507611751556396484375">
        <ele>-1</ele>
        <time>2026-05-31T21:33:38.000Z</time>
        <extensions>
          <ns3:TrackPointExtension>
            <ns3:hr>144</ns3:hr>
            <ns3:cad>90</ns3:cad>
          </ns3:TrackPointExtension>
        </extensions>
      </trkpt>
      <trkpt lat="39.12991424091160297393798828125" lon="117.197405956685543060302734375">
        <ele>-0.800000011920928955078125</ele>
        <time>2026-05-31T21:33:39.000Z</time>
        <extensions>
          <ns3:TrackPointExtension>
            <ns3:hr>144</ns3:hr>
            <ns3:cad>90</ns3:cad>
          </ns3:TrackPointExtension>
        </extensions>
      </trkpt>
      <trkpt lat="39.1299002431333065032958984375" lon="117.19737184233963489532470703125">
        <ele>-0.800000011920928955078125</ele>
        <time>2026-05-31T21:33:40.000Z</time>
        <extensions>
          <ns3:TrackPointExtension>
            <ns3:hr>144</ns3:hr>
            <ns3:cad>90</ns3:cad>
          </ns3:TrackPointExtension>
        </extensions>
      </trkpt>
      <trkpt lat="39.1298875026404857635498046875" lon="117.19733647070825099945068359375">
        <ele>-0.800000011920928955078125</ele>
        <time>2026-05-31T21:33:41.000Z</time>
        <extensions>
          <ns3:TrackPointExtension>
            <ns3:hr>144</ns3:hr>
            <ns3:cad>90</ns3:cad>
          </ns3:TrackPointExtension>
        </extensions>
      </trkpt>
      <trkpt lat="39.129872582852840423583984375" lon="117.19730612821877002716064453125">
        <ele>-1</ele>
        <time>2026-05-31T21:33:42.000Z</time>
        <extensions>
          <ns3:TrackPointExtension>
            <ns3:hr>144</ns3:hr>
            <ns3:cad>90</ns3:cad>
          </ns3:TrackPointExtension>
        </extensions>
      </trkpt>
      <trkpt lat="39.12986596114933490753173828125" lon="117.19727628864347934722900390625">
        <ele>-1.2000000476837158203125</ele>
        <time>2026-05-31T21:33:43.000Z</time>
        <extensions>
          <ns3:TrackPointExtension>
            <ns3:hr>143</ns3:hr>
            <ns3:cad>91</ns3:cad>
          </ns3:TrackPointExtension>
        </extensions>
      </trkpt>
      <trkpt lat="39.12985271774232387542724609375" lon="117.19724343158304691314697265625">
        <ele>-1.2000000476837158203125</ele>
        <time>2026-05-31T21:33:44.000Z</time>
        <extensions>
          <ns3:TrackPointExtension>
            <ns3:hr>143</ns3:hr>
            <ns3:cad>91</ns3:cad>
          </ns3:TrackPointExtension>
        </extensions>
      </trkpt>
      <trkpt lat="39.129838384687900543212890625" lon="117.1972170285880565643310546875">
        <ele>-1.39999997615814208984375</ele>
        <time>2026-05-31T21:33:45.000Z</time>
        <extensions>
          <ns3:TrackPointExtension>
            <ns3:hr>142</ns3:hr>
            <ns3:cad>92</ns3:cad>
          </ns3:TrackPointExtension>
        </extensions>
      </trkpt>
      <trkpt lat="39.1298286616802215576171875" lon="117.19718744046986103057861328125">
        <ele>-1.39999997615814208984375</ele>
        <time>2026-05-31T21:33:46.000Z</time>
        <extensions>
          <ns3:TrackPointExtension>
            <ns3:hr>142</ns3:hr>
            <ns3:cad>92</ns3:cad>
          </ns3:TrackPointExtension>
        </extensions>
      </trkpt>
      <trkpt lat="39.12981198169291019439697265625" lon="117.19715810380876064300537109375">
        <ele>-1.39999997615814208984375</ele>
        <time>2026-05-31T21:33:47.000Z</time>
        <extensions>
          <ns3:TrackPointExtension>
            <ns3:hr>141</ns3:hr>
            <ns3:cad>90</ns3:cad>
          </ns3:TrackPointExtension>
        </extensions>
      </trkpt>
      <trkpt lat="39.12979991175234317779541015625" lon="117.19712977297604084014892578125">
        <ele>-1.39999997615814208984375</ele>
        <time>2026-05-31T21:33:48.000Z</time>
        <extensions>
          <ns3:TrackPointExtension>
            <ns3:hr>141</ns3:hr>
            <ns3:cad>90</ns3:cad>
          </ns3:TrackPointExtension>
        </extensions>
      </trkpt>
      <trkpt lat="39.1297808848321437835693359375" lon="117.197095490992069244384765625">
        <ele>-1.39999997615814208984375</ele>
        <time>2026-05-31T21:33:49.000Z</time>
        <extensions>
          <ns3:TrackPointExtension>
            <ns3:hr>140</ns3:hr>
            <ns3:cad>90</ns3:cad>
          </ns3:TrackPointExtension>
        </extensions>
      </trkpt>
      <trkpt lat="39.1297642886638641357421875" lon="117.19707059673964977264404296875">
        <ele>-1.39999997615814208984375</ele>
        <time>2026-05-31T21:33:50.000Z</time>
        <extensions>
          <ns3:TrackPointExtension>
            <ns3:hr>139</ns3:hr>
            <ns3:cad>90</ns3:cad>
          </ns3:TrackPointExtension>
        </extensions>
      </trkpt>
      <trkpt lat="39.1297480277717113494873046875" lon="117.197041176259517669677734375">
        <ele>-1.39999997615814208984375</ele>
        <time>2026-05-31T21:33:51.000Z</time>
        <extensions>
          <ns3:TrackPointExtension>
            <ns3:hr>139</ns3:hr>
            <ns3:cad>90</ns3:cad>
          </ns3:TrackPointExtension>
        </extensions>
      </trkpt>
      <trkpt lat="39.12973369471728801727294921875" lon="117.1970160305500030517578125">
        <ele>-1.39999997615814208984375</ele>
        <time>2026-05-31T21:33:52.000Z</time>
        <extensions>
          <ns3:TrackPointExtension>
            <ns3:hr>139</ns3:hr>
            <ns3:cad>90</ns3:cad>
          </ns3:TrackPointExtension>
        </extensions>
      </trkpt>
      <trkpt lat="39.12972196005284786224365234375" lon="117.19697923399507999420166015625">
        <ele>-1.39999997615814208984375</ele>
        <time>2026-05-31T21:33:53.000Z</time>
        <extensions>
          <ns3:TrackPointExtension>
            <ns3:hr>139</ns3:hr>
            <ns3:cad>90</ns3:cad>
          </ns3:TrackPointExtension>
        </extensions>
      </trkpt>
      <trkpt lat="39.1297031007707118988037109375" lon="117.1969548426568508148193359375">
        <ele>-1.39999997615814208984375</ele>
        <time>2026-05-31T21:33:54.000Z</time>
        <extensions>
          <ns3:TrackPointExtension>
            <ns3:hr>139</ns3:hr>
            <ns3:cad>90</ns3:cad>
          </ns3:TrackPointExtension>
        </extensions>
      </trkpt>
      <trkpt lat="39.1296870075166225433349609375" lon="117.19692290760576725006103515625">
        <ele>-1.39999997615814208984375</ele>
        <time>2026-05-31T21:33:55.000Z</time>
        <extensions>
          <ns3:TrackPointExtension>
            <ns3:hr>139</ns3:hr>
            <ns3:cad>90</ns3:cad>
          </ns3:TrackPointExtension>
        </extensions>
      </trkpt>
      <trkpt lat="39.129666723310947418212890625" lon="117.19690404832363128662109375">
        <ele>-1.39999997615814208984375</ele>
        <time>2026-05-31T21:33:56.000Z</time>
        <extensions>
          <ns3:TrackPointExtension>
            <ns3:hr>138</ns3:hr>
            <ns3:cad>90</ns3:cad>
          </ns3:TrackPointExtension>
        </extensions>
      </trkpt>
      <trkpt lat="39.1296248137950897216796875" lon="117.19686591066420078277587890625">
        <ele>-1.2000000476837158203125</ele>
        <time>2026-05-31T21:33:57.000Z</time>
        <extensions>
          <ns3:TrackPointExtension>
            <ns3:hr>137</ns3:hr>
            <ns3:cad>90</ns3:cad>
          </ns3:TrackPointExtension>
        </extensions>
      </trkpt>
      <trkpt lat="39.12961064837872982025146484375" lon="117.196837328374385833740234375">
        <ele>-1.2000000476837158203125</ele>
        <time>2026-05-31T21:33:58.000Z</time>
        <extensions>
          <ns3:TrackPointExtension>
            <ns3:hr>136</ns3:hr>
            <ns3:cad>90</ns3:cad>
          </ns3:TrackPointExtension>
        </extensions>
      </trkpt>
      <trkpt lat="39.129594974219799041748046875" lon="117.19681176356971263885498046875">
        <ele>-1.2000000476837158203125</ele>
        <time>2026-05-31T21:33:59.000Z</time>
        <extensions>
          <ns3:TrackPointExtension>
            <ns3:hr>136</ns3:hr>
            <ns3:cad>90</ns3:cad>
          </ns3:TrackPointExtension>
        </extensions>
      </trkpt>
      <trkpt lat="39.1295787133276462554931640625" lon="117.19678561203181743621826171875">
        <ele>-1</ele>
        <time>2026-05-31T21:34:00.000Z</time>
        <extensions>
          <ns3:TrackPointExtension>
            <ns3:hr>136</ns3:hr>
            <ns3:cad>90</ns3:cad>
          </ns3:TrackPointExtension>
        </extensions>
      </trkpt>
      <trkpt lat="39.12956404499709606170654296875" lon="117.19676029868423938751220703125">
        <ele>-1</ele>
        <time>2026-05-31T21:34:01.000Z</time>
        <extensions>
          <ns3:TrackPointExtension>
            <ns3:hr>135</ns3:hr>
            <ns3:cad>90</ns3:cad>
          </ns3:TrackPointExtension>
        </extensions>
      </trkpt>
      <trkpt lat="39.12955013103783130645751953125" lon="117.19673548825085163116455078125">
        <ele>-0.800000011920928955078125</ele>
        <time>2026-05-31T21:34:02.000Z</time>
        <extensions>
          <ns3:TrackPointExtension>
            <ns3:hr>135</ns3:hr>
            <ns3:cad>90</ns3:cad>
          </ns3:TrackPointExtension>
        </extensions>
      </trkpt>
      <trkpt lat="39.1295361332595348358154296875" lon="117.19671051017940044403076171875">
        <ele>-0.800000011920928955078125</ele>
        <time>2026-05-31T21:34:03.000Z</time>
        <extensions>
          <ns3:TrackPointExtension>
            <ns3:hr>135</ns3:hr>
            <ns3:cad>90</ns3:cad>
          </ns3:TrackPointExtension>
        </extensions>
      </trkpt>
      <trkpt lat="39.12952615879476070404052734375" lon="117.19668670557439327239990234375">
        <ele>-0.800000011920928955078125</ele>
        <time>2026-05-31T21:34:04.000Z</time>
        <extensions>
          <ns3:TrackPointExtension>
            <ns3:hr>135</ns3:hr>
            <ns3:cad>90</ns3:cad>
          </ns3:TrackPointExtension>
        </extensions>
      </trkpt>
      <trkpt lat="39.12951308302581310272216796875" lon="117.1966782398521900177001953125">
        <ele>-0.800000011920928955078125</ele>
        <time>2026-05-31T21:34:05.000Z</time>
        <extensions>
          <ns3:TrackPointExtension>
            <ns3:hr>135</ns3:hr>
            <ns3:cad>90</ns3:cad>
          </ns3:TrackPointExtension>
        </extensions>
      </trkpt>
      <trkpt lat="39.12949833087623119354248046875" lon="117.19666273333132266998291015625">
        <ele>-0.60000002384185791015625</ele>
        <time>2026-05-31T21:34:06.000Z</time>
        <extensions>
          <ns3:TrackPointExtension>
            <ns3:hr>135</ns3:hr>
            <ns3:cad>90</ns3:cad>
          </ns3:TrackPointExtension>
        </extensions>
      </trkpt>
      <trkpt lat="39.12948735058307647705078125" lon="117.1966413594782352447509765625">
        <ele>-0.800000011920928955078125</ele>
        <time>2026-05-31T21:34:07.000Z</time>
        <extensions>
          <ns3:TrackPointExtension>
            <ns3:hr>135</ns3:hr>
            <ns3:cad>90</ns3:cad>
          </ns3:TrackPointExtension>
        </extensions>
      </trkpt>
      <trkpt lat="39.12947854958474636077880859375" lon="117.1966165490448474884033203125">
        <ele>-0.800000011920928955078125</ele>
        <time>2026-05-31T21:34:08.000Z</time>
        <extensions>
          <ns3:TrackPointExtension>
            <ns3:hr>135</ns3:hr>
            <ns3:cad>90</ns3:cad>
          </ns3:TrackPointExtension>
        </extensions>
      </trkpt>
      <trkpt lat="39.12947167642414569854736328125" lon="117.1965895593166351318359375">
        <ele>-0.800000011920928955078125</ele>
        <time>2026-05-31T21:34:09.000Z</time>
        <extensions>
          <ns3:TrackPointExtension>
            <ns3:hr>135</ns3:hr>
            <ns3:cad>90</ns3:cad>
          </ns3:TrackPointExtension>
        </extensions>
      </trkpt>
      <trkpt lat="39.1294491291046142578125" lon="117.1965511702001094818115234375">
        <ele>-0.60000002384185791015625</ele>
        <time>2026-05-31T21:34:10.000Z</time>
        <extensions>
          <ns3:TrackPointExtension>
            <ns3:hr>134</ns3:hr>
            <ns3:cad>90</ns3:cad>
          </ns3:TrackPointExtension>
        </extensions>
      </trkpt>
      <trkpt lat="39.1294687427580356597900390625" lon="117.19649593345820903778076171875">
        <ele>-0.60000002384185791015625</ele>
        <time>2026-05-31T21:34:11.000Z</time>
        <extensions>
          <ns3:TrackPointExtension>
            <ns3:hr>135</ns3:hr>
            <ns3:cad>90</ns3:cad>
          </ns3:TrackPointExtension>
        </extensions>
      </trkpt>
      <trkpt lat="39.1294781304895877838134765625" lon="117.19644497148692607879638671875">
        <ele>-0.4000000059604644775390625</ele>
        <time>2026-05-31T21:34:12.000Z</time>
        <extensions>
          <ns3:TrackPointExtension>
            <ns3:hr>135</ns3:hr>
            <ns3:cad>90</ns3:cad>
          </ns3:TrackPointExtension>
        </extensions>
      </trkpt>
      <trkpt lat="39.1294841654598712921142578125" lon="117.19640071503818035125732421875">
        <ele>-0.4000000059604644775390625</ele>
        <time>2026-05-31T21:34:13.000Z</time>
        <extensions>
          <ns3:TrackPointExtension>
            <ns3:hr>135</ns3:hr>
            <ns3:cad>90</ns3:cad>
          </ns3:TrackPointExtension>
        </extensions>
      </trkpt>
      <trkpt lat="39.12948609329760074615478515625" lon="117.19636014662683010101318359375">
        <ele>-0.4000000059604644775390625</ele>
        <time>2026-05-31T21:34:14.000Z</time>
        <extensions>
          <ns3:TrackPointExtension>
            <ns3:hr>135</ns3:hr>
            <ns3:cad>90</ns3:cad>
          </ns3:TrackPointExtension>
        </extensions>
      </trkpt>
      <trkpt lat="39.129482321441173553466796875" lon="117.19631723128259181976318359375">
        <ele>-0.4000000059604644775390625</ele>
        <time>2026-05-31T21:34:15.000Z</time>
        <extensions>
          <ns3:TrackPointExtension>
            <ns3:hr>135</ns3:hr>
            <ns3:cad>90</ns3:cad>
          </ns3:TrackPointExtension>
        </extensions>
      </trkpt>
      <trkpt lat="39.12947125732898712158203125" lon="117.19628336839377880096435546875">
        <ele>-0.4000000059604644775390625</ele>
        <time>2026-05-31T21:34:16.000Z</time>
        <extensions>
          <ns3:TrackPointExtension>
            <ns3:hr>135</ns3:hr>
            <ns3:cad>90</ns3:cad>
          </ns3:TrackPointExtension>
        </extensions>
      </trkpt>
      <trkpt lat="39.12946228869259357452392578125" lon="117.1962462365627288818359375">
        <ele>-0.20000000298023223876953125</ele>
        <time>2026-05-31T21:34:17.000Z</time>
        <extensions>
          <ns3:TrackPointExtension>
            <ns3:hr>136</ns3:hr>
            <ns3:cad>90</ns3:cad>
          </ns3:TrackPointExtension>
        </extensions>
      </trkpt>
      <trkpt lat="39.129448793828487396240234375" lon="117.19621203839778900146484375">
        <ele>-0.4000000059604644775390625</ele>
        <time>2026-05-31T21:34:18.000Z</time>
        <extensions>
          <ns3:TrackPointExtension>
            <ns3:hr>136</ns3:hr>
            <ns3:cad>90</ns3:cad>
          </ns3:TrackPointExtension>
        </extensions>
      </trkpt>
      <trkpt lat="39.1294384002685546875" lon="117.1961840428411960601806640625">
        <ele>-0.20000000298023223876953125</ele>
        <time>2026-05-31T21:34:19.000Z</time>
        <extensions>
          <ns3:TrackPointExtension>
            <ns3:hr>136</ns3:hr>
            <ns3:cad>90</ns3:cad>
          </ns3:TrackPointExtension>
        </extensions>
      </trkpt>
      <trkpt lat="39.12942406721413135528564453125" lon="117.19614992849528789520263671875">
        <ele>-0.4000000059604644775390625</ele>
        <time>2026-05-31T21:34:20.000Z</time>
        <extensions>
          <ns3:TrackPointExtension>
            <ns3:hr>136</ns3:hr>
            <ns3:cad>91</ns3:cad>
          </ns3:TrackPointExtension>
        </extensions>
      </trkpt>
      <trkpt lat="39.12941358983516693115234375" lon="117.19611975364387035369873046875">
        <ele>-0.4000000059604644775390625</ele>
        <time>2026-05-31T21:34:21.000Z</time>
        <extensions>
          <ns3:TrackPointExtension>
            <ns3:hr>137</ns3:hr>
            <ns3:cad>91</ns3:cad>
          </ns3:TrackPointExtension>
        </extensions>
      </trkpt>
      <trkpt lat="39.1294048726558685302734375" lon="117.19608874060213565826416015625">
        <ele>-0.60000002384185791015625</ele>
        <time>2026-05-31T21:34:22.000Z</time>
        <extensions>
          <ns3:TrackPointExtension>
            <ns3:hr>137</ns3:hr>
            <ns3:cad>91</ns3:cad>
          </ns3:TrackPointExtension>
        </extensions>
      </trkpt>
      <trkpt lat="39.1293968260288238525390625" lon="117.19605915248394012451171875">
        <ele>-0.60000002384185791015625</ele>
        <time>2026-05-31T21:34:23.000Z</time>
        <extensions>
          <ns3:TrackPointExtension>
            <ns3:hr>137</ns3:hr>
            <ns3:cad>91</ns3:cad>
          </ns3:TrackPointExtension>
        </extensions>
      </trkpt>
      <trkpt lat="39.129385761916637420654296875" lon="117.19602269120514392852783203125">
        <ele>-0.800000011920928955078125</ele>
        <time>2026-05-31T21:34:24.000Z</time>
        <extensions>
          <ns3:TrackPointExtension>
            <ns3:hr>137</ns3:hr>
            <ns3:cad>91</ns3:cad>
          </ns3:TrackPointExtension>
        </extensions>
      </trkpt>
      <trkpt lat="39.129376374185085296630859375" lon="117.1959952823817729949951171875">
        <ele>-0.800000011920928955078125</ele>
        <time>2026-05-31T21:34:25.000Z</time>
        <extensions>
          <ns3:TrackPointExtension>
            <ns3:hr>138</ns3:hr>
            <ns3:cad>90</ns3:cad>
          </ns3:TrackPointExtension>
        </extensions>
      </trkpt>
      <trkpt lat="39.129365980625152587890625" lon="117.19595999456942081451416015625">
        <ele>-0.800000011920928955078125</ele>
        <time>2026-05-31T21:34:26.000Z</time>
        <extensions>
          <ns3:TrackPointExtension>
            <ns3:hr>138</ns3:hr>
            <ns3:cad>90</ns3:cad>
          </ns3:TrackPointExtension>
        </extensions>
      </trkpt>
      <trkpt lat="39.12935768254101276397705078125" lon="117.1959339268505573272705078125">
        <ele>-0.800000011920928955078125</ele>
        <time>2026-05-31T21:34:27.000Z</time>
        <extensions>
          <ns3:TrackPointExtension>
            <ns3:hr>138</ns3:hr>
            <ns3:cad>91</ns3:cad>
          </ns3:TrackPointExtension>
        </extensions>
      </trkpt>
      <trkpt lat="39.12934645079076290130615234375" lon="117.19589528627693653106689453125">
        <ele>-0.800000011920928955078125</ele>
        <time>2026-05-31T21:34:28.000Z</time>
        <extensions>
          <ns3:TrackPointExtension>
            <ns3:hr>138</ns3:hr>
            <ns3:cad>91</ns3:cad>
          </ns3:TrackPointExtension>
        </extensions>
      </trkpt>
      <trkpt lat="39.12933806888759136199951171875" lon="117.19587273895740509033203125">
        <ele>-1</ele>
        <time>2026-05-31T21:34:29.000Z</time>
        <extensions>
          <ns3:TrackPointExtension>
            <ns3:hr>138</ns3:hr>
            <ns3:cad>91</ns3:cad>
          </ns3:TrackPointExtension>
        </extensions>
      </trkpt>
      <trkpt lat="39.1293319500982761383056640625" lon="117.1958380378782749176025390625">
        <ele>-1</ele>
        <time>2026-05-31T21:34:30.000Z</time>
        <extensions>
          <ns3:TrackPointExtension>
            <ns3:hr>139</ns3:hr>
            <ns3:cad>91</ns3:cad>
          </ns3:TrackPointExtension>
        </extensions>
      </trkpt>
      <trkpt lat="39.12932415492832660675048828125" lon="117.19581146724522113800048828125">
        <ele>-1</ele>
        <time>2026-05-31T21:34:31.000Z</time>
        <extensions>
          <ns3:TrackPointExtension>
            <ns3:hr>139</ns3:hr>
            <ns3:cad>91</ns3:cad>
          </ns3:TrackPointExtension>
        </extensions>
      </trkpt>
      <trkpt lat="39.12931971251964569091796875" lon="117.19578263349831104278564453125">
        <ele>-1</ele>
        <time>2026-05-31T21:34:32.000Z</time>
        <extensions>
          <ns3:TrackPointExtension>
            <ns3:hr>139</ns3:hr>
            <ns3:cad>90</ns3:cad>
          </ns3:TrackPointExtension>
        </extensions>
      </trkpt>
      <trkpt lat="39.1293108277022838592529296875" lon="117.19575681723654270172119140625">
        <ele>-1</ele>
        <time>2026-05-31T21:34:33.000Z</time>
        <extensions>
          <ns3:TrackPointExtension>
            <ns3:hr>139</ns3:hr>
            <ns3:cad>90</ns3:cad>
          </ns3:TrackPointExtension>
        </extensions>
      </trkpt>
      <trkpt lat="39.1293031163513660430908203125" lon="117.19572144560515880584716796875">
        <ele>-1</ele>
        <time>2026-05-31T21:34:34.000Z</time>
        <extensions>
          <ns3:TrackPointExtension>
            <ns3:hr>139</ns3:hr>
            <ns3:cad>90</ns3:cad>
          </ns3:TrackPointExtension>
        </extensions>
      </trkpt>
      <trkpt lat="39.129293896257877349853515625" lon="117.19569294713437557220458984375">
        <ele>-1</ele>
        <time>2026-05-31T21:34:35.000Z</time>
        <extensions>
          <ns3:TrackPointExtension>
            <ns3:hr>139</ns3:hr>
            <ns3:cad>90</ns3:cad>
          </ns3:TrackPointExtension>
        </extensions>
      </trkpt>
      <trkpt lat="39.12928425706923007965087890625" lon="117.19565690495073795318603515625">
        <ele>-1</ele>
        <time>2026-05-31T21:34:36.000Z</time>
        <extensions>
          <ns3:TrackPointExtension>
            <ns3:hr>140</ns3:hr>
            <ns3:cad>89</ns3:cad>
          </ns3:TrackPointExtension>
        </extensions>
      </trkpt>
      <trkpt lat="39.12927671335637569427490234375" lon="117.1956294961273670196533203125">
        <ele>-1</ele>
        <time>2026-05-31T21:34:37.000Z</time>
        <extensions>
          <ns3:TrackPointExtension>
            <ns3:hr>139</ns3:hr>
            <ns3:cad>89</ns3:cad>
          </ns3:TrackPointExtension>
        </extensions>
      </trkpt>
      <trkpt lat="39.12926950491964817047119140625" lon="117.19558842480182647705078125">
        <ele>-0.800000011920928955078125</ele>
        <time>2026-05-31T21:34:38.000Z</time>
        <extensions>
          <ns3:TrackPointExtension>
            <ns3:hr>139</ns3:hr>
            <ns3:cad>90</ns3:cad>
          </ns3:TrackPointExtension>
        </extensions>
      </trkpt>
      <trkpt lat="39.12925877608358860015869140625" lon="117.1955644525587558746337890625">
        <ele>-0.800000011920928955078125</ele>
        <time>2026-05-31T21:34:39.000Z</time>
        <extensions>
          <ns3:TrackPointExtension>
            <ns3:hr>139</ns3:hr>
            <ns3:cad>90</ns3:cad>
          </ns3:TrackPointExtension>
        </extensions>
      </trkpt>
      <trkpt lat="39.12925374694168567657470703125" lon="117.195531092584133148193359375">
        <ele>-1</ele>
        <time>2026-05-31T21:34:40.000Z</time>
        <extensions>
          <ns3:TrackPointExtension>
            <ns3:hr>139</ns3:hr>
            <ns3:cad>90</ns3:cad>
          </ns3:TrackPointExtension>
        </extensions>
      </trkpt>
      <trkpt lat="39.1292451135814189910888671875" lon="117.19550787471234798431396484375">
        <ele>-1</ele>
        <time>2026-05-31T21:34:41.000Z</time>
        <extensions>
          <ns3:TrackPointExtension>
            <ns3:hr>139</ns3:hr>
            <ns3:cad>90</ns3:cad>
          </ns3:TrackPointExtension>
        </extensions>
      </trkpt>
      <trkpt lat="39.12924050353467464447021484375" lon="117.1954709105193614959716796875">
        <ele>-1</ele>
        <time>2026-05-31T21:34:42.000Z</time>
        <extensions>
          <ns3:TrackPointExtension>
            <ns3:hr>138</ns3:hr>
            <ns3:cad>91</ns3:cad>
          </ns3:TrackPointExtension>
        </extensions>
      </trkpt>
      <trkpt lat="39.12923119962215423583984375" lon="117.19544836319983005523681640625">
        <ele>-1</ele>
        <time>2026-05-31T21:34:43.000Z</time>
        <extensions>
          <ns3:TrackPointExtension>
            <ns3:hr>138</ns3:hr>
            <ns3:cad>91</ns3:cad>
          </ns3:TrackPointExtension>
        </extensions>
      </trkpt>
      <trkpt lat="39.129226841032505035400390625" lon="117.19540930353105068206787109375">
        <ele>-1</ele>
        <time>2026-05-31T21:34:44.000Z</time>
        <extensions>
          <ns3:TrackPointExtension>
            <ns3:hr>138</ns3:hr>
            <ns3:cad>91</ns3:cad>
          </ns3:TrackPointExtension>
        </extensions>
      </trkpt>
      <trkpt lat="39.12921778857707977294921875" lon="117.195384912192821502685546875">
        <ele>-1</ele>
        <time>2026-05-31T21:34:45.000Z</time>
        <extensions>
          <ns3:TrackPointExtension>
            <ns3:hr>138</ns3:hr>
            <ns3:cad>91</ns3:cad>
          </ns3:TrackPointExtension>
        </extensions>
      </trkpt>
      <trkpt lat="39.12921401672065258026123046875" lon="117.195346690714359283447265625">
        <ele>-1</ele>
        <time>2026-05-31T21:34:46.000Z</time>
        <extensions>
          <ns3:TrackPointExtension>
            <ns3:hr>138</ns3:hr>
            <ns3:cad>90</ns3:cad>
          </ns3:TrackPointExtension>
        </extensions>
      </trkpt>
      <trkpt lat="39.12920462898910045623779296875" lon="117.195322550833225250244140625">
        <ele>-1</ele>
        <time>2026-05-31T21:34:47.000Z</time>
        <extensions>
          <ns3:TrackPointExtension>
            <ns3:hr>138</ns3:hr>
            <ns3:cad>90</ns3:cad>
          </ns3:TrackPointExtension>
        </extensions>
      </trkpt>
      <trkpt lat="39.1292008571326732635498046875" lon="117.19528508372604846954345703125">
        <ele>-1.2000000476837158203125</ele>
        <time>2026-05-31T21:34:48.000Z</time>
        <extensions>
          <ns3:TrackPointExtension>
            <ns3:hr>138</ns3:hr>
            <ns3:cad>90</ns3:cad>
          </ns3:TrackPointExtension>
        </extensions>
      </trkpt>
      <trkpt lat="39.12919037975370883941650390625" lon="117.19526295550167560577392578125">
        <ele>-1.2000000476837158203125</ele>
        <time>2026-05-31T21:34:49.000Z</time>
        <extensions>
          <ns3:TrackPointExtension>
            <ns3:hr>138</ns3:hr>
            <ns3:cad>90</ns3:cad>
          </ns3:TrackPointExtension>
        </extensions>
      </trkpt>
      <trkpt lat="39.12918635644018650054931640625" lon="117.1952231414616107940673828125">
        <ele>-1.2000000476837158203125</ele>
        <time>2026-05-31T21:34:50.000Z</time>
        <extensions>
          <ns3:TrackPointExtension>
            <ns3:hr>137</ns3:hr>
            <ns3:cad>90</ns3:cad>
          </ns3:TrackPointExtension>
        </extensions>
      </trkpt>
      <trkpt lat="39.12917529232800006866455078125" lon="117.19519305042922496795654296875">
        <ele>-1.2000000476837158203125</ele>
        <time>2026-05-31T21:34:51.000Z</time>
        <extensions>
          <ns3:TrackPointExtension>
            <ns3:hr>137</ns3:hr>
            <ns3:cad>90</ns3:cad>
          </ns3:TrackPointExtension>
        </extensions>
      </trkpt>
      <trkpt lat="39.129171855747699737548828125" lon="117.19515533186495304107666015625">
        <ele>-1.2000000476837158203125</ele>
        <time>2026-05-31T21:34:52.000Z</time>
        <extensions>
          <ns3:TrackPointExtension>
            <ns3:hr>137</ns3:hr>
            <ns3:cad>91</ns3:cad>
          </ns3:TrackPointExtension>
        </extensions>
      </trkpt>
      <trkpt lat="39.12916623987257480621337890625" lon="117.19513001851737499237060546875">
        <ele>-1.2000000476837158203125</ele>
        <time>2026-05-31T21:34:53.000Z</time>
        <extensions>
          <ns3:TrackPointExtension>
            <ns3:hr>137</ns3:hr>
            <ns3:cad>92</ns3:cad>
          </ns3:TrackPointExtension>
        </extensions>
      </trkpt>
      <trkpt lat="39.1291606239974498748779296875" lon="117.19509431160986423492431640625">
        <ele>-1.2000000476837158203125</ele>
        <time>2026-05-31T21:34:54.000Z</time>
        <extensions>
          <ns3:TrackPointExtension>
            <ns3:hr>136</ns3:hr>
            <ns3:cad>92</ns3:cad>
          </ns3:TrackPointExtension>
        </extensions>
      </trkpt>
      <trkpt lat="39.1291527450084686279296875" lon="117.19506807625293731689453125">
        <ele>-1.39999997615814208984375</ele>
        <time>2026-05-31T21:34:55.000Z</time>
        <extensions>
          <ns3:TrackPointExtension>
            <ns3:hr>136</ns3:hr>
            <ns3:cad>92</ns3:cad>
          </ns3:TrackPointExtension>
        </extensions>
      </trkpt>
      <trkpt lat="39.12914880551397800445556640625" lon="117.1950350515544414520263671875">
        <ele>-1.39999997615814208984375</ele>
        <time>2026-05-31T21:34:56.000Z</time>
        <extensions>
          <ns3:TrackPointExtension>
            <ns3:hr>136</ns3:hr>
            <ns3:cad>92</ns3:cad>
          </ns3:TrackPointExtension>
        </extensions>
      </trkpt>
      <trkpt lat="39.1291393339633941650390625" lon="117.1950055472552776336669921875">
        <ele>-1.39999997615814208984375</ele>
        <time>2026-05-31T21:34:57.000Z</time>
        <extensions>
          <ns3:TrackPointExtension>
            <ns3:hr>137</ns3:hr>
            <ns3:cad>92</ns3:cad>
          </ns3:TrackPointExtension>
        </extensions>
      </trkpt>
      <trkpt lat="39.12913539446890354156494140625" lon="117.19497445039451122283935546875">
        <ele>-1.39999997615814208984375</ele>
        <time>2026-05-31T21:34:58.000Z</time>
        <extensions>
          <ns3:TrackPointExtension>
            <ns3:hr>136</ns3:hr>
            <ns3:cad>92</ns3:cad>
          </ns3:TrackPointExtension>
        </extensions>
      </trkpt>
      <trkpt lat="39.12912734784185886383056640625" lon="117.1949425153434276580810546875">
        <ele>-1.39999997615814208984375</ele>
        <time>2026-05-31T21:34:59.000Z</time>
        <extensions>
          <ns3:TrackPointExtension>
            <ns3:hr>136</ns3:hr>
            <ns3:cad>92</ns3:cad>
          </ns3:TrackPointExtension>
        </extensions>
      </trkpt>
      <trkpt lat="39.12912181578576564788818359375" lon="117.19490823335945606231689453125">
        <ele>-1.39999997615814208984375</ele>
        <time>2026-05-31T21:35:00.000Z</time>
        <extensions>
          <ns3:TrackPointExtension>
            <ns3:hr>136</ns3:hr>
            <ns3:cad>92</ns3:cad>
          </ns3:TrackPointExtension>
        </extensions>
      </trkpt>
      <trkpt lat="39.12911309860646724700927734375" lon="117.19487353228032588958740234375">
        <ele>-1.39999997615814208984375</ele>
        <time>2026-05-31T21:35:01.000Z</time>
        <extensions>
          <ns3:TrackPointExtension>
            <ns3:hr>137</ns3:hr>
            <ns3:cad>91</ns3:cad>
          </ns3:TrackPointExtension>
        </extensions>
      </trkpt>
      <trkpt lat="39.12910907529294490814208984375" lon="117.19484142959117889404296875">
        <ele>-1.39999997615814208984375</ele>
        <time>2026-05-31T21:35:02.000Z</time>
        <extensions>
          <ns3:TrackPointExtension>
            <ns3:hr>136</ns3:hr>
            <ns3:cad>90</ns3:cad>
          </ns3:TrackPointExtension>
        </extensions>
      </trkpt>
      <trkpt lat="39.1291019506752490997314453125" lon="117.194808907806873321533203125">
        <ele>-1.39999997615814208984375</ele>
        <time>2026-05-31T21:35:03.000Z</time>
        <extensions>
          <ns3:TrackPointExtension>
            <ns3:hr>136</ns3:hr>
            <ns3:cad>90</ns3:cad>
          </ns3:TrackPointExtension>
        </extensions>
      </trkpt>
      <trkpt lat="39.1290991008281707763671875" lon="117.19478082843124866485595703125">
        <ele>-1.2000000476837158203125</ele>
        <time>2026-05-31T21:35:04.000Z</time>
        <extensions>
          <ns3:TrackPointExtension>
            <ns3:hr>137</ns3:hr>
            <ns3:cad>90</ns3:cad>
          </ns3:TrackPointExtension>
        </extensions>
      </trkpt>
      <trkpt lat="39.12909013219177722930908203125" lon="117.19474746845662593841552734375">
        <ele>-1.2000000476837158203125</ele>
        <time>2026-05-31T21:35:05.000Z</time>
        <extensions>
          <ns3:TrackPointExtension>
            <ns3:hr>136</ns3:hr>
            <ns3:cad>90</ns3:cad>
          </ns3:TrackPointExtension>
        </extensions>
      </trkpt>
      <trkpt lat="39.1290848515927791595458984375" lon="117.19471670687198638916015625">
        <ele>-1.2000000476837158203125</ele>
        <time>2026-05-31T21:35:06.000Z</time>
        <extensions>
          <ns3:TrackPointExtension>
            <ns3:hr>136</ns3:hr>
            <ns3:cad>90</ns3:cad>
          </ns3:TrackPointExtension>
        </extensions>
      </trkpt>
      <trkpt lat="39.129076637327671051025390625" lon="117.194683849811553955078125">
        <ele>-1.2000000476837158203125</ele>
        <time>2026-05-31T21:35:07.000Z</time>
        <extensions>
          <ns3:TrackPointExtension>
            <ns3:hr>137</ns3:hr>
            <ns3:cad>90</ns3:cad>
          </ns3:TrackPointExtension>
        </extensions>
      </trkpt>
      <trkpt lat="39.12907169200479984283447265625" lon="117.19465493224561214447021484375">
        <ele>-1.2000000476837158203125</ele>
        <time>2026-05-31T21:35:08.000Z</time>
        <extensions>
          <ns3:TrackPointExtension>
            <ns3:hr>136</ns3:hr>
            <ns3:cad>90</ns3:cad>
          </ns3:TrackPointExtension>
        </extensions>
      </trkpt>
      <trkpt lat="39.12906615994870662689208984375" lon="117.194619812071323394775390625">
        <ele>-1</ele>
        <time>2026-05-31T21:35:09.000Z</time>
        <extensions>
          <ns3:TrackPointExtension>
            <ns3:hr>136</ns3:hr>
            <ns3:cad>90</ns3:cad>
          </ns3:TrackPointExtension>
        </extensions>
      </trkpt>
      <trkpt lat="39.12906196899712085723876953125" lon="117.19458796083927154541015625">
        <ele>-1</ele>
        <time>2026-05-31T21:35:10.000Z</time>
        <extensions>
          <ns3:TrackPointExtension>
            <ns3:hr>137</ns3:hr>
            <ns3:cad>90</ns3:cad>
          </ns3:TrackPointExtension>
        </extensions>
      </trkpt>
      <trkpt lat="39.129057861864566802978515625" lon="117.19455233775079250335693359375">
        <ele>-1</ele>
        <time>2026-05-31T21:35:11.000Z</time>
        <extensions>
          <ns3:TrackPointExtension>
            <ns3:hr>137</ns3:hr>
            <ns3:cad>90</ns3:cad>
          </ns3:TrackPointExtension>
        </extensions>
      </trkpt>
      <trkpt lat="39.1290526650846004486083984375" lon="117.19452233053743839263916015625">
        <ele>-1</ele>
        <time>2026-05-31T21:35:12.000Z</time>
        <extensions>
          <ns3:TrackPointExtension>
            <ns3:hr>137</ns3:hr>
            <ns3:cad>90</ns3:cad>
          </ns3:TrackPointExtension>
        </extensions>
      </trkpt>
      <trkpt lat="39.12904771976172924041748046875" lon="117.1944851987063884735107421875">
        <ele>-1</ele>
        <time>2026-05-31T21:35:13.000Z</time>
        <extensions>
          <ns3:TrackPointExtension>
            <ns3:hr>137</ns3:hr>
            <ns3:cad>90</ns3:cad>
          </ns3:TrackPointExtension>
        </extensions>
      </trkpt>
      <trkpt lat="39.129043780267238616943359375" lon="117.194455526769161224365234375">
        <ele>-1</ele>
        <time>2026-05-31T21:35:14.000Z</time>
        <extensions>
          <ns3:TrackPointExtension>
            <ns3:hr>138</ns3:hr>
            <ns3:cad>90</ns3:cad>
          </ns3:TrackPointExtension>
        </extensions>
      </trkpt>
      <trkpt lat="39.12903942167758941650390625" lon="117.1944198198616504669189453125">
        <ele>-1</ele>
        <time>2026-05-31T21:35:15.000Z</time>
        <extensions>
          <ns3:TrackPointExtension>
            <ns3:hr>138</ns3:hr>
            <ns3:cad>90</ns3:cad>
          </ns3:TrackPointExtension>
        </extensions>
      </trkpt>
      <trkpt lat="39.12903397344052791595458984375" lon="117.194391153752803802490234375">
        <ele>-0.800000011920928955078125</ele>
        <time>2026-05-31T21:35:16.000Z</time>
        <extensions>
          <ns3:TrackPointExtension>
            <ns3:hr>138</ns3:hr>
            <ns3:cad>90</ns3:cad>
          </ns3:TrackPointExtension>
        </extensions>
      </trkpt>
      <trkpt lat="39.12903447635471820831298828125" lon="117.19435192644596099853515625">
        <ele>-0.800000011920928955078125</ele>
        <time>2026-05-31T21:35:17.000Z</time>
        <extensions>
          <ns3:TrackPointExtension>
            <ns3:hr>138</ns3:hr>
            <ns3:cad>90</ns3:cad>
          </ns3:TrackPointExtension>
        </extensions>
      </trkpt>
      <trkpt lat="39.129028357565402984619140625" lon="117.194318734109401702880859375">
        <ele>-0.800000011920928955078125</ele>
        <time>2026-05-31T21:35:18.000Z</time>
        <extensions>
          <ns3:TrackPointExtension>
            <ns3:hr>137</ns3:hr>
            <ns3:cad>90</ns3:cad>
          </ns3:TrackPointExtension>
        </extensions>
      </trkpt>
      <trkpt lat="39.129030704498291015625" lon="117.19427841715514659881591796875">
        <ele>-0.800000011920928955078125</ele>
        <time>2026-05-31T21:35:19.000Z</time>
        <extensions>
          <ns3:TrackPointExtension>
            <ns3:hr>138</ns3:hr>
            <ns3:cad>90</ns3:cad>
          </ns3:TrackPointExtension>
        </extensions>
      </trkpt>
      <trkpt lat="39.129023663699626922607421875" lon="117.19425209797918796539306640625">
        <ele>-0.60000002384185791015625</ele>
        <time>2026-05-31T21:35:20.000Z</time>
        <extensions>
          <ns3:TrackPointExtension>
            <ns3:hr>138</ns3:hr>
            <ns3:cad>90</ns3:cad>
          </ns3:TrackPointExtension>
        </extensions>
      </trkpt>
      <trkpt lat="39.12902475334703922271728515625" lon="117.194213457405567169189453125">
        <ele>-0.60000002384185791015625</ele>
        <time>2026-05-31T21:35:21.000Z</time>
        <extensions>
          <ns3:TrackPointExtension>
            <ns3:hr>137</ns3:hr>
            <ns3:cad>91</ns3:cad>
          </ns3:TrackPointExtension>
        </extensions>
      </trkpt>
      <trkpt lat="39.12901930510997772216796875" lon="117.19419007189571857452392578125">
        <ele>-0.60000002384185791015625</ele>
        <time>2026-05-31T21:35:22.000Z</time>
        <extensions>
          <ns3:TrackPointExtension>
            <ns3:hr>137</ns3:hr>
            <ns3:cad>91</ns3:cad>
          </ns3:TrackPointExtension>
        </extensions>
      </trkpt>
      <trkpt lat="39.1290251724421977996826171875" lon="117.19415738247334957122802734375">
        <ele>-0.4000000059604644775390625</ele>
        <time>2026-05-31T21:35:23.000Z</time>
        <extensions>
          <ns3:TrackPointExtension>
            <ns3:hr>137</ns3:hr>
            <ns3:cad>91</ns3:cad>
          </ns3:TrackPointExtension>
        </extensions>
      </trkpt>
      <trkpt lat="39.1290191374719142913818359375" lon="117.1941351704299449920654296875">
        <ele>-0.4000000059604644775390625</ele>
        <time>2026-05-31T21:35:24.000Z</time>
        <extensions>
          <ns3:TrackPointExtension>
            <ns3:hr>137</ns3:hr>
            <ns3:cad>92</ns3:cad>
          </ns3:TrackPointExtension>
        </extensions>
      </trkpt>
      <trkpt lat="39.1290191374719142913818359375" lon="117.19409619458019733428955078125">
        <ele>-0.4000000059604644775390625</ele>
        <time>2026-05-31T21:35:25.000Z</time>
        <extensions>
          <ns3:TrackPointExtension>
            <ns3:hr>137</ns3:hr>
            <ns3:cad>91</ns3:cad>
          </ns3:TrackPointExtension>
        </extensions>
      </trkpt>
      <trkpt lat="39.1290104202926158905029296875" lon="117.1940682828426361083984375">
        <ele>-0.20000000298023223876953125</ele>
        <time>2026-05-31T21:35:26.000Z</time>
        <extensions>
          <ns3:TrackPointExtension>
            <ns3:hr>136</ns3:hr>
            <ns3:cad>91</ns3:cad>
          </ns3:TrackPointExtension>
        </extensions>
      </trkpt>
      <trkpt lat="39.12901268340647220611572265625" lon="117.19402897171676158905029296875">
        <ele>0</ele>
        <time>2026-05-31T21:35:27.000Z</time>
        <extensions>
          <ns3:TrackPointExtension>
            <ns3:hr>137</ns3:hr>
            <ns3:cad>91</ns3:cad>
          </ns3:TrackPointExtension>
        </extensions>
      </trkpt>
      <trkpt lat="39.12900413386523723602294921875" lon="117.1939970366656780242919921875">
        <ele>0</ele>
        <time>2026-05-31T21:35:28.000Z</time>
        <extensions>
          <ns3:TrackPointExtension>
            <ns3:hr>136</ns3:hr>
            <ns3:cad>91</ns3:cad>
          </ns3:TrackPointExtension>
        </extensions>
      </trkpt>
      <trkpt lat="39.12901016883552074432373046875" lon="117.19395889900624752044677734375">
        <ele>0</ele>
        <time>2026-05-31T21:35:29.000Z</time>
        <extensions>
          <ns3:TrackPointExtension>
            <ns3:hr>135</ns3:hr>
            <ns3:cad>91</ns3:cad>
          </ns3:TrackPointExtension>
        </extensions>
      </trkpt>
      <trkpt lat="39.1290067322552204132080078125" lon="117.19393040053546428680419921875">
        <ele>0</ele>
        <time>2026-05-31T21:35:30.000Z</time>
        <extensions>
          <ns3:TrackPointExtension>
            <ns3:hr>133</ns3:hr>
            <ns3:cad>92</ns3:cad>
          </ns3:TrackPointExtension>
        </extensions>
      </trkpt>
      <trkpt lat="39.12901620380580425262451171875" lon="117.19389687292277812957763671875">
        <ele>0</ele>
        <time>2026-05-31T21:35:31.000Z</time>
        <extensions>
          <ns3:TrackPointExtension>
            <ns3:hr>132</ns3:hr>
            <ns3:cad>92</ns3:cad>
          </ns3:TrackPointExtension>
        </extensions>
      </trkpt>
      <trkpt lat="39.1290117613971233367919921875" lon="117.19386854209005832672119140625">
        <ele>0</ele>
        <time>2026-05-31T21:35:32.000Z</time>
        <extensions>
          <ns3:TrackPointExtension>
            <ns3:hr>131</ns3:hr>
            <ns3:cad>92</ns3:cad>
          </ns3:TrackPointExtension>
        </extensions>
      </trkpt>
      <trkpt lat="39.129019640386104583740234375" lon="117.1938337571918964385986328125">
        <ele>-0.20000000298023223876953125</ele>
        <time>2026-05-31T21:35:33.000Z</time>
        <extensions>
          <ns3:TrackPointExtension>
            <ns3:hr>131</ns3:hr>
            <ns3:cad>91</ns3:cad>
          </ns3:TrackPointExtension>
        </extensions>
      </trkpt>
      <trkpt lat="39.12901050411164760589599609375" lon="117.19380299560725688934326171875">
        <ele>0</ele>
        <time>2026-05-31T21:35:34.000Z</time>
        <extensions>
          <ns3:TrackPointExtension>
            <ns3:hr>131</ns3:hr>
            <ns3:cad>91</ns3:cad>
          </ns3:TrackPointExtension>
        </extensions>
      </trkpt>
      <trkpt lat="39.12901033647358417510986328125" lon="117.193766534328460693359375">
        <ele>-0.20000000298023223876953125</ele>
        <time>2026-05-31T21:35:35.000Z</time>
        <extensions>
          <ns3:TrackPointExtension>
            <ns3:hr>131</ns3:hr>
            <ns3:cad>90</ns3:cad>
          </ns3:TrackPointExtension>
        </extensions>
      </trkpt>
      <trkpt lat="39.12900187075138092041015625" lon="117.19373694621026515960693359375">
        <ele>-0.20000000298023223876953125</ele>
        <time>2026-05-31T21:35:36.000Z</time>
        <extensions>
          <ns3:TrackPointExtension>
            <ns3:hr>131</ns3:hr>
            <ns3:cad>90</ns3:cad>
          </ns3:TrackPointExtension>
        </extensions>
      </trkpt>
      <trkpt lat="39.12900078110396862030029296875" lon="117.19370157457888126373291015625">
        <ele>0</ele>
        <time>2026-05-31T21:35:37.000Z</time>
        <extensions>
          <ns3:TrackPointExtension>
            <ns3:hr>131</ns3:hr>
            <ns3:cad>90</ns3:cad>
          </ns3:TrackPointExtension>
        </extensions>
      </trkpt>
      <trkpt lat="39.1289971768856048583984375" lon="117.19367173500359058380126953125">
        <ele>0</ele>
        <time>2026-05-31T21:35:38.000Z</time>
        <extensions>
          <ns3:TrackPointExtension>
            <ns3:hr>131</ns3:hr>
            <ns3:cad>90</ns3:cad>
          </ns3:TrackPointExtension>
        </extensions>
      </trkpt>
      <trkpt lat="39.12899960763752460479736328125" lon="117.19364290125668048858642578125">
        <ele>0</ele>
        <time>2026-05-31T21:35:39.000Z</time>
        <extensions>
          <ns3:TrackPointExtension>
            <ns3:hr>131</ns3:hr>
            <ns3:cad>90</ns3:cad>
          </ns3:TrackPointExtension>
        </extensions>
      </trkpt>
      <trkpt lat="39.12899021990597248077392578125" lon="117.19361054711043834686279296875">
        <ele>-0.20000000298023223876953125</ele>
        <time>2026-05-31T21:35:40.000Z</time>
        <extensions>
          <ns3:TrackPointExtension>
            <ns3:hr>132</ns3:hr>
            <ns3:cad>90</ns3:cad>
          </ns3:TrackPointExtension>
        </extensions>
      </trkpt>
      <trkpt lat="39.1289926506578922271728515625" lon="117.1935772709548473358154296875">
        <ele>-0.20000000298023223876953125</ele>
        <time>2026-05-31T21:35:41.000Z</time>
        <extensions>
          <ns3:TrackPointExtension>
            <ns3:hr>132</ns3:hr>
            <ns3:cad>90</ns3:cad>
          </ns3:TrackPointExtension>
        </extensions>
      </trkpt>
      <trkpt lat="39.1289852745831012725830078125" lon="117.19353829510509967803955078125">
        <ele>-0.20000000298023223876953125</ele>
        <time>2026-05-31T21:35:42.000Z</time>
        <extensions>
          <ns3:TrackPointExtension>
            <ns3:hr>132</ns3:hr>
            <ns3:cad>90</ns3:cad>
          </ns3:TrackPointExtension>
        </extensions>
      </trkpt>
      <trkpt lat="39.1289849393069744110107421875" lon="117.19350166618824005126953125">
        <ele>-0.4000000059604644775390625</ele>
        <time>2026-05-31T21:35:43.000Z</time>
        <extensions>
          <ns3:TrackPointExtension>
            <ns3:hr>132</ns3:hr>
            <ns3:cad>91</ns3:cad>
          </ns3:TrackPointExtension>
        </extensions>
      </trkpt>
      <trkpt lat="39.1289809159934520721435546875" lon="117.19346403144299983978271484375">
        <ele>-0.4000000059604644775390625</ele>
        <time>2026-05-31T21:35:44.000Z</time>
        <extensions>
          <ns3:TrackPointExtension>
            <ns3:hr>132</ns3:hr>
            <ns3:cad>92</ns3:cad>
          </ns3:TrackPointExtension>
        </extensions>
      </trkpt>
      <trkpt lat="39.12898636423051357269287109375" lon="117.193430922925472259521484375">
        <ele>-0.4000000059604644775390625</ele>
        <time>2026-05-31T21:35:45.000Z</time>
        <extensions>
          <ns3:TrackPointExtension>
            <ns3:hr>132</ns3:hr>
            <ns3:cad>92</ns3:cad>
          </ns3:TrackPointExtension>
        </extensions>
      </trkpt>
      <trkpt lat="39.12898519076406955718994140625" lon="117.19339706003665924072265625">
        <ele>-0.4000000059604644775390625</ele>
        <time>2026-05-31T21:35:46.000Z</time>
        <extensions>
          <ns3:TrackPointExtension>
            <ns3:hr>132</ns3:hr>
            <ns3:cad>90</ns3:cad>
          </ns3:TrackPointExtension>
        </extensions>
      </trkpt>
      <trkpt lat="39.12899122573435306549072265625" lon="117.19336613081395626068115234375">
        <ele>-0.4000000059604644775390625</ele>
        <time>2026-05-31T21:35:47.000Z</time>
        <extensions>
          <ns3:TrackPointExtension>
            <ns3:hr>133</ns3:hr>
            <ns3:cad>90</ns3:cad>
          </ns3:TrackPointExtension>
        </extensions>
      </trkpt>
      <trkpt lat="39.128990806639194488525390625" lon="117.1933333575725555419921875">
        <ele>-0.4000000059604644775390625</ele>
        <time>2026-05-31T21:35:48.000Z</time>
        <extensions>
          <ns3:TrackPointExtension>
            <ns3:hr>133</ns3:hr>
            <ns3:cad>90</ns3:cad>
          </ns3:TrackPointExtension>
        </extensions>
      </trkpt>
      <trkpt lat="39.12899306975305080413818359375" lon="117.1933016739785671234130859375">
        <ele>-0.4000000059604644775390625</ele>
        <time>2026-05-31T21:35:49.000Z</time>
        <extensions>
          <ns3:TrackPointExtension>
            <ns3:hr>134</ns3:hr>
            <ns3:cad>90</ns3:cad>
          </ns3:TrackPointExtension>
        </extensions>
      </trkpt>
      <trkpt lat="39.128992147743701934814453125" lon="117.19326906837522983551025390625">
        <ele>-0.4000000059604644775390625</ele>
        <time>2026-05-31T21:35:50.000Z</time>
        <extensions>
          <ns3:TrackPointExtension>
            <ns3:hr>134</ns3:hr>
            <ns3:cad>90</ns3:cad>
          </ns3:TrackPointExtension>
        </extensions>
      </trkpt>
      <trkpt lat="39.1289933212101459503173828125" lon="117.19324107281863689422607421875">
        <ele>-0.20000000298023223876953125</ele>
        <time>2026-05-31T21:35:51.000Z</time>
        <extensions>
          <ns3:TrackPointExtension>
            <ns3:hr>135</ns3:hr>
            <ns3:cad>90</ns3:cad>
          </ns3:TrackPointExtension>
        </extensions>
      </trkpt>
      <trkpt lat="39.12899675779044628143310546875" lon="117.1932027675211429595947265625">
        <ele>-0.4000000059604644775390625</ele>
        <time>2026-05-31T21:35:52.000Z</time>
        <extensions>
          <ns3:TrackPointExtension>
            <ns3:hr>135</ns3:hr>
            <ns3:cad>90</ns3:cad>
          </ns3:TrackPointExtension>
        </extensions>
      </trkpt>
      <trkpt lat="39.12899541668593883514404296875" lon="117.193176113069057464599609375">
        <ele>-0.4000000059604644775390625</ele>
        <time>2026-05-31T21:35:53.000Z</time>
        <extensions>
          <ns3:TrackPointExtension>
            <ns3:hr>136</ns3:hr>
            <ns3:cad>91</ns3:cad>
          </ns3:TrackPointExtension>
        </extensions>
      </trkpt>
      <trkpt lat="39.12899918854236602783203125" lon="117.1931390650570392608642578125">
        <ele>-0.60000002384185791015625</ele>
        <time>2026-05-31T21:35:54.000Z</time>
        <extensions>
          <ns3:TrackPointExtension>
            <ns3:hr>136</ns3:hr>
            <ns3:cad>92</ns3:cad>
          </ns3:TrackPointExtension>
        </extensions>
      </trkpt>
      <trkpt lat="39.1289939917623996734619140625" lon="117.193111740052700042724609375">
        <ele>-0.60000002384185791015625</ele>
        <time>2026-05-31T21:35:55.000Z</time>
        <extensions>
          <ns3:TrackPointExtension>
            <ns3:hr>137</ns3:hr>
            <ns3:cad>92</ns3:cad>
          </ns3:TrackPointExtension>
        </extensions>
      </trkpt>
      <trkpt lat="39.12899742834270000457763671875" lon="117.1930696628987789154052734375">
        <ele>-0.60000002384185791015625</ele>
        <time>2026-05-31T21:35:56.000Z</time>
        <extensions>
          <ns3:TrackPointExtension>
            <ns3:hr>138</ns3:hr>
            <ns3:cad>92</ns3:cad>
          </ns3:TrackPointExtension>
        </extensions>
      </trkpt>
      <trkpt lat="39.12898971699178218841552734375" lon="117.19303688965737819671630859375">
        <ele>-0.800000011920928955078125</ele>
        <time>2026-05-31T21:35:57.000Z</time>
        <extensions>
          <ns3:TrackPointExtension>
            <ns3:hr>138</ns3:hr>
            <ns3:cad>92</ns3:cad>
          </ns3:TrackPointExtension>
        </extensions>
      </trkpt>
      <trkpt lat="39.12899491377174854278564453125" lon="117.1929927170276641845703125">
        <ele>-0.800000011920928955078125</ele>
        <time>2026-05-31T21:35:58.000Z</time>
        <extensions>
          <ns3:TrackPointExtension>
            <ns3:hr>138</ns3:hr>
            <ns3:cad>92</ns3:cad>
          </ns3:TrackPointExtension>
        </extensions>
      </trkpt>
      <trkpt lat="39.12899248301982879638671875" lon="117.19295474700629711151123046875">
        <ele>-0.800000011920928955078125</ele>
        <time>2026-05-31T21:35:59.000Z</time>
        <extensions>
          <ns3:TrackPointExtension>
            <ns3:hr>139</ns3:hr>
            <ns3:cad>92</ns3:cad>
          </ns3:TrackPointExtension>
        </extensions>
      </trkpt>
      <trkpt lat="39.12899516522884368896484375" lon="117.1929194591939449310302734375">
        <ele>-0.800000011920928955078125</ele>
        <time>2026-05-31T21:36:00.000Z</time>
        <extensions>
          <ns3:TrackPointExtension>
            <ns3:hr>139</ns3:hr>
            <ns3:cad>92</ns3:cad>
          </ns3:TrackPointExtension>
        </extensions>
      </trkpt>
      <trkpt lat="39.12898988462984561920166015625" lon="117.19289087690412998199462890625">
        <ele>-0.800000011920928955078125</ele>
        <time>2026-05-31T21:36:01.000Z</time>
        <extensions>
          <ns3:TrackPointExtension>
            <ns3:hr>139</ns3:hr>
            <ns3:cad>91</ns3:cad>
          </ns3:TrackPointExtension>
        </extensions>
      </trkpt>
      <trkpt lat="39.12900321185588836669921875" lon="117.1928544156253337860107421875">
        <ele>-0.800000011920928955078125</ele>
        <time>2026-05-31T21:36:02.000Z</time>
        <extensions>
          <ns3:TrackPointExtension>
            <ns3:hr>140</ns3:hr>
            <ns3:cad>91</ns3:cad>
          </ns3:TrackPointExtension>
        </extensions>
      </trkpt>
      <trkpt lat="39.129000194370746612548828125" lon="117.19281862489879131317138671875">
        <ele>-0.800000011920928955078125</ele>
        <time>2026-05-31T21:36:03.000Z</time>
        <extensions>
          <ns3:TrackPointExtension>
            <ns3:hr>141</ns3:hr>
            <ns3:cad>91</ns3:cad>
          </ns3:TrackPointExtension>
        </extensions>
      </trkpt>
      <trkpt lat="39.12900589406490325927734375" lon="117.192778475582599639892578125">
        <ele>-0.800000011920928955078125</ele>
        <time>2026-05-31T21:36:04.000Z</time>
        <extensions>
          <ns3:TrackPointExtension>
            <ns3:hr>141</ns3:hr>
            <ns3:cad>91</ns3:cad>
          </ns3:TrackPointExtension>
        </extensions>
      </trkpt>
      <trkpt lat="39.1290010325610637664794921875" lon="117.19274167902767658233642578125">
        <ele>-0.800000011920928955078125</ele>
        <time>2026-05-31T21:36:05.000Z</time>
        <extensions>
          <ns3:TrackPointExtension>
            <ns3:hr>142</ns3:hr>
            <ns3:cad>91</ns3:cad>
          </ns3:TrackPointExtension>
        </extensions>
      </trkpt>
      <trkpt lat="39.129002876579761505126953125" lon="117.19270144589245319366455078125">
        <ele>-0.800000011920928955078125</ele>
        <time>2026-05-31T21:36:06.000Z</time>
        <extensions>
          <ns3:TrackPointExtension>
            <ns3:hr>142</ns3:hr>
            <ns3:cad>91</ns3:cad>
          </ns3:TrackPointExtension>
        </extensions>
      </trkpt>
      <trkpt lat="39.12899860180914402008056640625" lon="117.192661799490451812744140625">
        <ele>-0.60000002384185791015625</ele>
        <time>2026-05-31T21:36:07.000Z</time>
        <extensions>
          <ns3:TrackPointExtension>
            <ns3:hr>143</ns3:hr>
            <ns3:cad>91</ns3:cad>
          </ns3:TrackPointExtension>
        </extensions>
      </trkpt>
      <trkpt lat="39.1290027089416980743408203125" lon="117.19262399710714817047119140625">
        <ele>-0.800000011920928955078125</ele>
        <time>2026-05-31T21:36:08.000Z</time>
        <extensions>
          <ns3:TrackPointExtension>
            <ns3:hr>143</ns3:hr>
            <ns3:cad>92</ns3:cad>
          </ns3:TrackPointExtension>
        </extensions>
      </trkpt>
      <trkpt lat="39.12900279276072978973388671875" lon="117.19258544035255908966064453125">
        <ele>-0.800000011920928955078125</ele>
        <time>2026-05-31T21:36:09.000Z</time>
        <extensions>
          <ns3:TrackPointExtension>
            <ns3:hr>143</ns3:hr>
            <ns3:cad>92</ns3:cad>
          </ns3:TrackPointExtension>
        </extensions>
      </trkpt>
      <trkpt lat="39.1290114261209964752197265625" lon="117.19255409203469753265380859375">
        <ele>-0.800000011920928955078125</ele>
        <time>2026-05-31T21:36:10.000Z</time>
        <extensions>
          <ns3:TrackPointExtension>
            <ns3:hr>143</ns3:hr>
            <ns3:cad>92</ns3:cad>
          </ns3:TrackPointExtension>
        </extensions>
      </trkpt>
      <trkpt lat="39.12901788018643856048583984375" lon="117.19252056442201137542724609375">
        <ele>-0.800000011920928955078125</ele>
        <time>2026-05-31T21:36:11.000Z</time>
        <extensions>
          <ns3:TrackPointExtension>
            <ns3:hr>143</ns3:hr>
            <ns3:cad>92</ns3:cad>
          </ns3:TrackPointExtension>
        </extensions>
      </trkpt>
      <trkpt lat="39.1290291957557201385498046875" lon="117.192491479218006134033203125">
        <ele>-0.800000011920928955078125</ele>
        <time>2026-05-31T21:36:12.000Z</time>
        <extensions>
          <ns3:TrackPointExtension>
            <ns3:hr>143</ns3:hr>
            <ns3:cad>92</ns3:cad>
          </ns3:TrackPointExtension>
        </extensions>
      </trkpt>
      <trkpt lat="39.12903598509728908538818359375" lon="117.19246105290949344635009765625">
        <ele>-0.800000011920928955078125</ele>
        <time>2026-05-31T21:36:13.000Z</time>
        <extensions>
          <ns3:TrackPointExtension>
            <ns3:hr>144</ns3:hr>
            <ns3:cad>92</ns3:cad>
          </ns3:TrackPointExtension>
        </extensions>
      </trkpt>
      <trkpt lat="39.129042439162731170654296875" lon="117.19243423081934452056884765625">
        <ele>-0.800000011920928955078125</ele>
        <time>2026-05-31T21:36:14.000Z</time>
        <extensions>
          <ns3:TrackPointExtension>
            <ns3:hr>143</ns3:hr>
            <ns3:cad>92</ns3:cad>
          </ns3:TrackPointExtension>
        </extensions>
      </trkpt>
      <trkpt lat="39.12905375473201274871826171875" lon="117.19240439124405384063720703125">
        <ele>-0.800000011920928955078125</ele>
        <time>2026-05-31T21:36:15.000Z</time>
        <extensions>
          <ns3:TrackPointExtension>
            <ns3:hr>143</ns3:hr>
            <ns3:cad>92</ns3:cad>
          </ns3:TrackPointExtension>
        </extensions>
      </trkpt>
      <trkpt lat="39.129060208797454833984375" lon="117.1923756413161754608154296875">
        <ele>-0.800000011920928955078125</ele>
        <time>2026-05-31T21:36:16.000Z</time>
        <extensions>
          <ns3:TrackPointExtension>
            <ns3:hr>143</ns3:hr>
            <ns3:cad>92</ns3:cad>
          </ns3:TrackPointExtension>
        </extensions>
      </trkpt>
      <trkpt lat="39.12907051853835582733154296875" lon="117.1923409402370452880859375">
        <ele>-0.800000011920928955078125</ele>
        <time>2026-05-31T21:36:17.000Z</time>
        <extensions>
          <ns3:TrackPointExtension>
            <ns3:hr>143</ns3:hr>
            <ns3:cad>92</ns3:cad>
          </ns3:TrackPointExtension>
        </extensions>
      </trkpt>
      <trkpt lat="39.129079990088939666748046875" lon="117.1923136152327060699462890625">
        <ele>-1</ele>
        <time>2026-05-31T21:36:18.000Z</time>
        <extensions>
          <ns3:TrackPointExtension>
            <ns3:hr>143</ns3:hr>
            <ns3:cad>92</ns3:cad>
          </ns3:TrackPointExtension>
        </extensions>
      </trkpt>
      <trkpt lat="39.12909465841948986053466796875" lon="117.1922763995826244354248046875">
        <ele>-1</ele>
        <time>2026-05-31T21:36:19.000Z</time>
        <extensions>
          <ns3:TrackPointExtension>
            <ns3:hr>143</ns3:hr>
            <ns3:cad>91</ns3:cad>
          </ns3:TrackPointExtension>
        </extensions>
      </trkpt>
      <trkpt lat="39.129101447761058807373046875" lon="117.19224697910249233245849609375">
        <ele>-1</ele>
        <time>2026-05-31T21:36:20.000Z</time>
        <extensions>
          <ns3:TrackPointExtension>
            <ns3:hr>143</ns3:hr>
            <ns3:cad>91</ns3:cad>
          </ns3:TrackPointExtension>
        </extensions>
      </trkpt>
      <trkpt lat="39.12911142222583293914794921875" lon="117.19221009872853755950927734375">
        <ele>-0.800000011920928955078125</ele>
        <time>2026-05-31T21:36:21.000Z</time>
        <extensions>
          <ns3:TrackPointExtension>
            <ns3:hr>143</ns3:hr>
            <ns3:cad>91</ns3:cad>
          </ns3:TrackPointExtension>
        </extensions>
      </trkpt>
      <trkpt lat="39.12911452353000640869140625" lon="117.19217942096292972564697265625">
        <ele>-1</ele>
        <time>2026-05-31T21:36:22.000Z</time>
        <extensions>
          <ns3:TrackPointExtension>
            <ns3:hr>143</ns3:hr>
            <ns3:cad>91</ns3:cad>
          </ns3:TrackPointExtension>
        </extensions>
      </trkpt>
      <trkpt lat="39.1291230730712413787841796875" lon="117.192140109837055206298828125">
        <ele>-1</ele>
        <time>2026-05-31T21:36:23.000Z</time>
        <extensions>
          <ns3:TrackPointExtension>
            <ns3:hr>143</ns3:hr>
            <ns3:cad>91</ns3:cad>
          </ns3:TrackPointExtension>
        </extensions>
      </trkpt>
      <trkpt lat="39.12912600673735141754150390625" lon="117.19211152754724025726318359375">
        <ele>-1</ele>
        <time>2026-05-31T21:36:24.000Z</time>
        <extensions>
          <ns3:TrackPointExtension>
            <ns3:hr>143</ns3:hr>
            <ns3:cad>91</ns3:cad>
          </ns3:TrackPointExtension>
        </extensions>
      </trkpt>
      <trkpt lat="39.12913824431598186492919921875" lon="117.1920728869736194610595703125">
        <ele>-1.2000000476837158203125</ele>
        <time>2026-05-31T21:36:25.000Z</time>
        <extensions>
          <ns3:TrackPointExtension>
            <ns3:hr>142</ns3:hr>
            <ns3:cad>91</ns3:cad>
          </ns3:TrackPointExtension>
        </extensions>
      </trkpt>
      <trkpt lat="39.12914629094302654266357421875" lon="117.19204598106443881988525390625">
        <ele>-1.2000000476837158203125</ele>
        <time>2026-05-31T21:36:26.000Z</time>
        <extensions>
          <ns3:TrackPointExtension>
            <ns3:hr>142</ns3:hr>
            <ns3:cad>90</ns3:cad>
          </ns3:TrackPointExtension>
        </extensions>
      </trkpt>
      <trkpt lat="39.12916037254035472869873046875" lon="117.19200993888080120086669921875">
        <ele>-1.2000000476837158203125</ele>
        <time>2026-05-31T21:36:27.000Z</time>
        <extensions>
          <ns3:TrackPointExtension>
            <ns3:hr>142</ns3:hr>
            <ns3:cad>90</ns3:cad>
          </ns3:TrackPointExtension>
        </extensions>
      </trkpt>
      <trkpt lat="39.1291599534451961517333984375" lon="117.19197473488748073577880859375">
        <ele>-1.2000000476837158203125</ele>
        <time>2026-05-31T21:36:28.000Z</time>
        <extensions>
          <ns3:TrackPointExtension>
            <ns3:hr>142</ns3:hr>
            <ns3:cad>90</ns3:cad>
          </ns3:TrackPointExtension>
        </extensions>
      </trkpt>
      <trkpt lat="39.1291747055947780609130859375" lon="117.19193953089416027069091796875">
        <ele>-1.2000000476837158203125</ele>
        <time>2026-05-31T21:36:29.000Z</time>
        <extensions>
          <ns3:TrackPointExtension>
            <ns3:hr>143</ns3:hr>
            <ns3:cad>91</ns3:cad>
          </ns3:TrackPointExtension>
        </extensions>
      </trkpt>
      <trkpt lat="39.12917378358542919158935546875" lon="117.1919062547385692596435546875">
        <ele>-1.2000000476837158203125</ele>
        <time>2026-05-31T21:36:30.000Z</time>
        <extensions>
          <ns3:TrackPointExtension>
            <ns3:hr>142</ns3:hr>
            <ns3:cad>91</ns3:cad>
          </ns3:TrackPointExtension>
        </extensions>
      </trkpt>
      <trkpt lat="39.1291814111173152923583984375" lon="117.19186820089817047119140625">
        <ele>-1.2000000476837158203125</ele>
        <time>2026-05-31T21:36:31.000Z</time>
        <extensions>
          <ns3:TrackPointExtension>
            <ns3:hr>142</ns3:hr>
            <ns3:cad>91</ns3:cad>
          </ns3:TrackPointExtension>
        </extensions>
      </trkpt>
      <trkpt lat="39.129179902374744415283203125" lon="117.19183274544775485992431640625">
        <ele>-1</ele>
        <time>2026-05-31T21:36:32.000Z</time>
        <extensions>
          <ns3:TrackPointExtension>
            <ns3:hr>142</ns3:hr>
            <ns3:cad>92</ns3:cad>
          </ns3:TrackPointExtension>
        </extensions>
      </trkpt>
      <trkpt lat="39.12919289432466030120849609375" lon="117.191797792911529541015625">
        <ele>-1</ele>
        <time>2026-05-31T21:36:33.000Z</time>
        <extensions>
          <ns3:TrackPointExtension>
            <ns3:hr>142</ns3:hr>
            <ns3:cad>92</ns3:cad>
          </ns3:TrackPointExtension>
        </extensions>
      </trkpt>
      <trkpt lat="39.129197336733341217041015625" lon="117.1917637623846530914306640625">
        <ele>-1</ele>
        <time>2026-05-31T21:36:34.000Z</time>
        <extensions>
          <ns3:TrackPointExtension>
            <ns3:hr>142</ns3:hr>
            <ns3:cad>93</ns3:cad>
          </ns3:TrackPointExtension>
        </extensions>
      </trkpt>
      <trkpt lat="39.12921217270195484161376953125" lon="117.1917345933616161346435546875">
        <ele>-1</ele>
        <time>2026-05-31T21:36:35.000Z</time>
        <extensions>
          <ns3:TrackPointExtension>
            <ns3:hr>141</ns3:hr>
            <ns3:cad>93</ns3:cad>
          </ns3:TrackPointExtension>
        </extensions>
      </trkpt>
      <trkpt lat="39.12922382354736328125" lon="117.1917052567005157470703125">
        <ele>-1</ele>
        <time>2026-05-31T21:36:36.000Z</time>
        <extensions>
          <ns3:TrackPointExtension>
            <ns3:hr>141</ns3:hr>
            <ns3:cad>93</ns3:cad>
          </ns3:TrackPointExtension>
        </extensions>
      </trkpt>
      <trkpt lat="39.12924251519143581390380859375" lon="117.191677428781986236572265625">
        <ele>-1</ele>
        <time>2026-05-31T21:36:37.000Z</time>
        <extensions>
          <ns3:TrackPointExtension>
            <ns3:hr>141</ns3:hr>
            <ns3:cad>93</ns3:cad>
          </ns3:TrackPointExtension>
        </extensions>
      </trkpt>
      <trkpt lat="39.12926212884485721588134765625" lon="117.1916564740240573883056640625">
        <ele>-1</ele>
        <time>2026-05-31T21:36:38.000Z</time>
        <extensions>
          <ns3:TrackPointExtension>
            <ns3:hr>141</ns3:hr>
            <ns3:cad>93</ns3:cad>
          </ns3:TrackPointExtension>
        </extensions>
      </trkpt>
      <trkpt lat="39.1292816586792469024658203125" lon="117.19163426198065280914306640625">
        <ele>-0.800000011920928955078125</ele>
        <time>2026-05-31T21:36:39.000Z</time>
        <extensions>
          <ns3:TrackPointExtension>
            <ns3:hr>141</ns3:hr>
            <ns3:cad>92</ns3:cad>
          </ns3:TrackPointExtension>
        </extensions>
      </trkpt>
      <trkpt lat="39.1292974166572093963623046875" lon="117.19160676933825016021728515625">
        <ele>-1</ele>
        <time>2026-05-31T21:36:40.000Z</time>
        <extensions>
          <ns3:TrackPointExtension>
            <ns3:hr>140</ns3:hr>
            <ns3:cad>92</ns3:cad>
          </ns3:TrackPointExtension>
        </extensions>
      </trkpt>
      <trkpt lat="39.12931392900645732879638671875" lon="117.191581539809703826904296875">
        <ele>-1</ele>
        <time>2026-05-31T21:36:41.000Z</time>
        <extensions>
          <ns3:TrackPointExtension>
            <ns3:hr>140</ns3:hr>
            <ns3:cad>92</ns3:cad>
          </ns3:TrackPointExtension>
        </extensions>
      </trkpt>
      <trkpt lat="39.12932968698441982269287109375" lon="117.19155278988182544708251953125">
        <ele>-1</ele>
        <time>2026-05-31T21:36:42.000Z</time>
        <extensions>
          <ns3:TrackPointExtension>
            <ns3:hr>140</ns3:hr>
            <ns3:cad>92</ns3:cad>
          </ns3:TrackPointExtension>
        </extensions>
      </trkpt>
      <trkpt lat="39.12934879772365093231201171875" lon="117.1915267221629619598388671875">
        <ele>-1</ele>
        <time>2026-05-31T21:36:43.000Z</time>
        <extensions>
          <ns3:TrackPointExtension>
            <ns3:hr>139</ns3:hr>
            <ns3:cad>91</ns3:cad>
          </ns3:TrackPointExtension>
        </extensions>
      </trkpt>
      <trkpt lat="39.12936807610094547271728515625" lon="117.1914948709309101104736328125">
        <ele>-1</ele>
        <time>2026-05-31T21:36:44.000Z</time>
        <extensions>
          <ns3:TrackPointExtension>
            <ns3:hr>139</ns3:hr>
            <ns3:cad>91</ns3:cad>
          </ns3:TrackPointExtension>
        </extensions>
      </trkpt>
      <trkpt lat="39.129377044737339019775390625" lon="117.19146008603274822235107421875">
        <ele>-1</ele>
        <time>2026-05-31T21:36:45.000Z</time>
        <extensions>
          <ns3:TrackPointExtension>
            <ns3:hr>138</ns3:hr>
            <ns3:cad>92</ns3:cad>
          </ns3:TrackPointExtension>
        </extensions>
      </trkpt>
      <trkpt lat="39.1293909586966037750244140625" lon="117.19142219983041286468505859375">
        <ele>-1</ele>
        <time>2026-05-31T21:36:46.000Z</time>
        <extensions>
          <ns3:TrackPointExtension>
            <ns3:hr>138</ns3:hr>
            <ns3:cad>92</ns3:cad>
          </ns3:TrackPointExtension>
        </extensions>
      </trkpt>
      <trkpt lat="39.12939883768558502197265625" lon="117.19139571301639080047607421875">
        <ele>-1</ele>
        <time>2026-05-31T21:36:47.000Z</time>
        <extensions>
          <ns3:TrackPointExtension>
            <ns3:hr>138</ns3:hr>
            <ns3:cad>92</ns3:cad>
          </ns3:TrackPointExtension>
        </extensions>
      </trkpt>
      <trkpt lat="39.1294134221971035003662109375" lon="117.191362939774990081787109375">
        <ele>-1</ele>
        <time>2026-05-31T21:36:48.000Z</time>
        <extensions>
          <ns3:TrackPointExtension>
            <ns3:hr>138</ns3:hr>
            <ns3:cad>92</ns3:cad>
          </ns3:TrackPointExtension>
        </extensions>
      </trkpt>
      <trkpt lat="39.12942540831863880157470703125" lon="117.191336788237094879150390625">
        <ele>-1.2000000476837158203125</ele>
        <time>2026-05-31T21:36:49.000Z</time>
        <extensions>
          <ns3:TrackPointExtension>
            <ns3:hr>138</ns3:hr>
            <ns3:cad>92</ns3:cad>
          </ns3:TrackPointExtension>
        </extensions>
      </trkpt>
      <trkpt lat="39.12943513132631778717041015625" lon="117.1913024224340915679931640625">
        <ele>-1.2000000476837158203125</ele>
        <time>2026-05-31T21:36:50.000Z</time>
        <extensions>
          <ns3:TrackPointExtension>
            <ns3:hr>138</ns3:hr>
            <ns3:cad>92</ns3:cad>
          </ns3:TrackPointExtension>
        </extensions>
      </trkpt>
      <trkpt lat="39.129441417753696441650390625" lon="117.19127400778234004974365234375">
        <ele>-1.39999997615814208984375</ele>
        <time>2026-05-31T21:36:51.000Z</time>
        <extensions>
          <ns3:TrackPointExtension>
            <ns3:hr>137</ns3:hr>
            <ns3:cad>92</ns3:cad>
          </ns3:TrackPointExtension>
        </extensions>
      </trkpt>
      <trkpt lat="39.12945256568491458892822265625" lon="117.19123997725546360015869140625">
        <ele>-1.2000000476837158203125</ele>
        <time>2026-05-31T21:36:52.000Z</time>
        <extensions>
          <ns3:TrackPointExtension>
            <ns3:hr>137</ns3:hr>
            <ns3:cad>92</ns3:cad>
          </ns3:TrackPointExtension>
        </extensions>
      </trkpt>
      <trkpt lat="39.12946321070194244384765625" lon="117.19120997004210948944091796875">
        <ele>-1.2000000476837158203125</ele>
        <time>2026-05-31T21:36:53.000Z</time>
        <extensions>
          <ns3:TrackPointExtension>
            <ns3:hr>137</ns3:hr>
            <ns3:cad>92</ns3:cad>
          </ns3:TrackPointExtension>
        </extensions>
      </trkpt>
      <trkpt lat="39.12947955541312694549560546875" lon="117.19117761589586734771728515625">
        <ele>-1.2000000476837158203125</ele>
        <time>2026-05-31T21:36:54.000Z</time>
        <extensions>
          <ns3:TrackPointExtension>
            <ns3:hr>137</ns3:hr>
            <ns3:cad>92</ns3:cad>
          </ns3:TrackPointExtension>
        </extensions>
      </trkpt>
      <trkpt lat="39.12949145771563053131103515625" lon="117.1911419928073883056640625">
        <ele>-1.2000000476837158203125</ele>
        <time>2026-05-31T21:36:55.000Z</time>
        <extensions>
          <ns3:TrackPointExtension>
            <ns3:hr>137</ns3:hr>
            <ns3:cad>92</ns3:cad>
          </ns3:TrackPointExtension>
        </extensions>
      </trkpt>
      <trkpt lat="39.12951375357806682586669921875" lon="117.191112823784351348876953125">
        <ele>-1.39999997615814208984375</ele>
        <time>2026-05-31T21:36:56.000Z</time>
        <extensions>
          <ns3:TrackPointExtension>
            <ns3:hr>137</ns3:hr>
            <ns3:cad>92</ns3:cad>
          </ns3:TrackPointExtension>
        </extensions>
      </trkpt>
      <trkpt lat="39.1295203752815723419189453125" lon="117.19107736833393573760986328125">
        <ele>-1.39999997615814208984375</ele>
        <time>2026-05-31T21:36:57.000Z</time>
        <extensions>
          <ns3:TrackPointExtension>
            <ns3:hr>136</ns3:hr>
            <ns3:cad>92</ns3:cad>
          </ns3:TrackPointExtension>
        </extensions>
      </trkpt>
      <trkpt lat="39.12953772582113742828369140625" lon="117.19104568473994731903076171875">
        <ele>-1.39999997615814208984375</ele>
        <time>2026-05-31T21:36:58.000Z</time>
        <extensions>
          <ns3:TrackPointExtension>
            <ns3:hr>137</ns3:hr>
            <ns3:cad>91</ns3:cad>
          </ns3:TrackPointExtension>
        </extensions>
      </trkpt>
      <trkpt lat="39.1295411624014377593994140625" lon="117.19101064838469028472900390625">
        <ele>-1.39999997615814208984375</ele>
        <time>2026-05-31T21:36:59.000Z</time>
        <extensions>
          <ns3:TrackPointExtension>
            <ns3:hr>137</ns3:hr>
            <ns3:cad>91</ns3:cad>
          </ns3:TrackPointExtension>
        </extensions>
      </trkpt>
      <trkpt lat="39.1295562498271465301513671875" lon="117.1909805573523044586181640625">
        <ele>-1.2000000476837158203125</ele>
        <time>2026-05-31T21:37:00.000Z</time>
        <extensions>
          <ns3:TrackPointExtension>
            <ns3:hr>137</ns3:hr>
            <ns3:cad>91</ns3:cad>
          </ns3:TrackPointExtension>
        </extensions>
      </trkpt>
      <trkpt lat="39.12956572137773036956787109375" lon="117.1909477002918720245361328125">
        <ele>-1.2000000476837158203125</ele>
        <time>2026-05-31T21:37:01.000Z</time>
        <extensions>
          <ns3:TrackPointExtension>
            <ns3:hr>136</ns3:hr>
            <ns3:cad>91</ns3:cad>
          </ns3:TrackPointExtension>
        </extensions>
      </trkpt>
      <trkpt lat="39.12958332337439060211181640625" lon="117.19091811217367649078369140625">
        <ele>-1.2000000476837158203125</ele>
        <time>2026-05-31T21:37:02.000Z</time>
        <extensions>
          <ns3:TrackPointExtension>
            <ns3:hr>137</ns3:hr>
            <ns3:cad>92</ns3:cad>
          </ns3:TrackPointExtension>
        </extensions>
      </trkpt>
      <trkpt lat="39.1295938007533550262451171875" lon="117.19088383018970489501953125">
        <ele>-1.2000000476837158203125</ele>
        <time>2026-05-31T21:37:03.000Z</time>
        <extensions>
          <ns3:TrackPointExtension>
            <ns3:hr>137</ns3:hr>
            <ns3:cad>91</ns3:cad>
          </ns3:TrackPointExtension>
        </extensions>
      </trkpt>
      <trkpt lat="39.12961266003549098968505859375" lon="117.19086178578436374664306640625">
        <ele>-1.2000000476837158203125</ele>
        <time>2026-05-31T21:37:04.000Z</time>
        <extensions>
          <ns3:TrackPointExtension>
            <ns3:hr>136</ns3:hr>
            <ns3:cad>91</ns3:cad>
          </ns3:TrackPointExtension>
        </extensions>
      </trkpt>
      <trkpt lat="39.129629172384738922119140625" lon="117.19083689153194427490234375">
        <ele>-1.2000000476837158203125</ele>
        <time>2026-05-31T21:37:05.000Z</time>
        <extensions>
          <ns3:TrackPointExtension>
            <ns3:hr>137</ns3:hr>
            <ns3:cad>91</ns3:cad>
          </ns3:TrackPointExtension>
        </extensions>
      </trkpt>
      <trkpt lat="39.12964618764817714691162109375" lon="117.190809734165668487548828125">
        <ele>-1</ele>
        <time>2026-05-31T21:37:06.000Z</time>
        <extensions>
          <ns3:TrackPointExtension>
            <ns3:hr>137</ns3:hr>
            <ns3:cad>91</ns3:cad>
          </ns3:TrackPointExtension>
        </extensions>
      </trkpt>
      <trkpt lat="39.12966177798807621002197265625" lon="117.1907827444374561309814453125">
        <ele>-1</ele>
        <time>2026-05-31T21:37:07.000Z</time>
        <extensions>
          <ns3:TrackPointExtension>
            <ns3:hr>137</ns3:hr>
            <ns3:cad>91</ns3:cad>
          </ns3:TrackPointExtension>
        </extensions>
      </trkpt>
      <trkpt lat="39.1296803019940853118896484375" lon="117.19075952656567096710205078125">
        <ele>-1</ele>
        <time>2026-05-31T21:37:08.000Z</time>
        <extensions>
          <ns3:TrackPointExtension>
            <ns3:hr>138</ns3:hr>
            <ns3:cad>91</ns3:cad>
          </ns3:TrackPointExtension>
        </extensions>
      </trkpt>
      <trkpt lat="39.12970100529491901397705078125" lon="117.190734632313251495361328125">
        <ele>-1</ele>
        <time>2026-05-31T21:37:09.000Z</time>
        <extensions>
          <ns3:TrackPointExtension>
            <ns3:hr>138</ns3:hr>
            <ns3:cad>91</ns3:cad>
          </ns3:TrackPointExtension>
        </extensions>
      </trkpt>
      <trkpt lat="39.12972045131027698516845703125" lon="117.190713845193386077880859375">
        <ele>-1</ele>
        <time>2026-05-31T21:37:10.000Z</time>
        <extensions>
          <ns3:TrackPointExtension>
            <ns3:hr>138</ns3:hr>
            <ns3:cad>91</ns3:cad>
          </ns3:TrackPointExtension>
        </extensions>
      </trkpt>
      <trkpt lat="39.12974207662045955657958984375" lon="117.19069263897836208343505859375">
        <ele>-1</ele>
        <time>2026-05-31T21:37:11.000Z</time>
        <extensions>
          <ns3:TrackPointExtension>
            <ns3:hr>138</ns3:hr>
            <ns3:cad>92</ns3:cad>
          </ns3:TrackPointExtension>
        </extensions>
      </trkpt>
      <trkpt lat="39.1297604329884052276611328125" lon="117.19067151658236980438232421875">
        <ele>-1</ele>
        <time>2026-05-31T21:37:12.000Z</time>
        <extensions>
          <ns3:TrackPointExtension>
            <ns3:hr>138</ns3:hr>
            <ns3:cad>92</ns3:cad>
          </ns3:TrackPointExtension>
        </extensions>
      </trkpt>
      <trkpt lat="39.12978415377438068389892578125" lon="117.1906496398150920867919921875">
        <ele>-1</ele>
        <time>2026-05-31T21:37:13.000Z</time>
        <extensions>
          <ns3:TrackPointExtension>
            <ns3:hr>138</ns3:hr>
            <ns3:cad>92</ns3:cad>
          </ns3:TrackPointExtension>
        </extensions>
      </trkpt>
      <trkpt lat="39.12979823537170886993408203125" lon="117.19062927179038524627685546875">
        <ele>-1</ele>
        <time>2026-05-31T21:37:14.000Z</time>
        <extensions>
          <ns3:TrackPointExtension>
            <ns3:hr>137</ns3:hr>
            <ns3:cad>92</ns3:cad>
          </ns3:TrackPointExtension>
        </extensions>
      </trkpt>
      <trkpt lat="39.12981483153998851776123046875" lon="117.1906057186424732208251953125">
        <ele>-1</ele>
        <time>2026-05-31T21:37:15.000Z</time>
        <extensions>
          <ns3:TrackPointExtension>
            <ns3:hr>138</ns3:hr>
            <ns3:cad>92</ns3:cad>
          </ns3:TrackPointExtension>
        </extensions>
      </trkpt>
      <trkpt lat="39.129824973642826080322265625" lon="117.190582416951656341552734375">
        <ele>-1</ele>
        <time>2026-05-31T21:37:16.000Z</time>
        <extensions>
          <ns3:TrackPointExtension>
            <ns3:hr>139</ns3:hr>
            <ns3:cad>92</ns3:cad>
          </ns3:TrackPointExtension>
        </extensions>
      </trkpt>
      <trkpt lat="39.12984534166753292083740234375" lon="117.19055953435599803924560546875">
        <ele>-1</ele>
        <time>2026-05-31T21:37:17.000Z</time>
        <extensions>
          <ns3:TrackPointExtension>
            <ns3:hr>139</ns3:hr>
            <ns3:cad>92</ns3:cad>
          </ns3:TrackPointExtension>
        </extensions>
      </trkpt>
      <trkpt lat="39.1298566572368144989013671875" lon="117.1905376575887203216552734375">
        <ele>-1</ele>
        <time>2026-05-31T21:37:18.000Z</time>
        <extensions>
          <ns3:TrackPointExtension>
            <ns3:hr>139</ns3:hr>
            <ns3:cad>92</ns3:cad>
          </ns3:TrackPointExtension>
        </extensions>
      </trkpt>
      <trkpt lat="39.12988037802278995513916015625" lon="117.19051477499306201934814453125">
        <ele>-1</ele>
        <time>2026-05-31T21:37:19.000Z</time>
        <extensions>
          <ns3:TrackPointExtension>
            <ns3:hr>140</ns3:hr>
            <ns3:cad>92</ns3:cad>
          </ns3:TrackPointExtension>
        </extensions>
      </trkpt>
      <trkpt lat="39.1298952139914035797119140625" lon="117.19048979692161083221435546875">
        <ele>-1</ele>
        <time>2026-05-31T21:37:20.000Z</time>
        <extensions>
          <ns3:TrackPointExtension>
            <ns3:hr>140</ns3:hr>
            <ns3:cad>92</ns3:cad>
          </ns3:TrackPointExtension>
        </extensions>
      </trkpt>
      <trkpt lat="39.129918850958347320556640625" lon="117.1904575265944004058837890625">
        <ele>-1</ele>
        <time>2026-05-31T21:37:21.000Z</time>
        <extensions>
          <ns3:TrackPointExtension>
            <ns3:hr>140</ns3:hr>
            <ns3:cad>92</ns3:cad>
          </ns3:TrackPointExtension>
        </extensions>
      </trkpt>
      <trkpt lat="39.129934273660182952880859375" lon="117.19043313525617122650146484375">
        <ele>-1</ele>
        <time>2026-05-31T21:37:22.000Z</time>
        <extensions>
          <ns3:TrackPointExtension>
            <ns3:hr>141</ns3:hr>
            <ns3:cad>92</ns3:cad>
          </ns3:TrackPointExtension>
        </extensions>
      </trkpt>
      <trkpt lat="39.12995849736034870147705078125" lon="117.19040547497570514678955078125">
        <ele>-1</ele>
        <time>2026-05-31T21:37:23.000Z</time>
        <extensions>
          <ns3:TrackPointExtension>
            <ns3:hr>141</ns3:hr>
            <ns3:cad>92</ns3:cad>
          </ns3:TrackPointExtension>
        </extensions>
      </trkpt>
      <trkpt lat="39.1299681365489959716796875" lon="117.19038099981844425201416015625">
        <ele>-1</ele>
        <time>2026-05-31T21:37:24.000Z</time>
        <extensions>
          <ns3:TrackPointExtension>
            <ns3:hr>141</ns3:hr>
            <ns3:cad>92</ns3:cad>
          </ns3:TrackPointExtension>
        </extensions>
      </trkpt>
      <trkpt lat="39.12998984567821025848388671875" lon="117.19035417772829532623291015625">
        <ele>-1</ele>
        <time>2026-05-31T21:37:25.000Z</time>
        <extensions>
          <ns3:TrackPointExtension>
            <ns3:hr>141</ns3:hr>
            <ns3:cad>91</ns3:cad>
          </ns3:TrackPointExtension>
        </extensions>
      </trkpt>
      <trkpt lat="39.1300004906952381134033203125" lon="117.1903307922184467315673828125">
        <ele>-1</ele>
        <time>2026-05-31T21:37:26.000Z</time>
        <extensions>
          <ns3:TrackPointExtension>
            <ns3:hr>141</ns3:hr>
            <ns3:cad>91</ns3:cad>
          </ns3:TrackPointExtension>
        </extensions>
      </trkpt>
      <trkpt lat="39.13001968525350093841552734375" lon="117.19030623324215412139892578125">
        <ele>-1</ele>
        <time>2026-05-31T21:37:27.000Z</time>
        <extensions>
          <ns3:TrackPointExtension>
            <ns3:hr>141</ns3:hr>
            <ns3:cad>90</ns3:cad>
          </ns3:TrackPointExtension>
        </extensions>
      </trkpt>
      <trkpt lat="39.13002873770892620086669921875" lon="117.1902729570865631103515625">
        <ele>-1</ele>
        <time>2026-05-31T21:37:28.000Z</time>
        <extensions>
          <ns3:TrackPointExtension>
            <ns3:hr>141</ns3:hr>
            <ns3:cad>90</ns3:cad>
          </ns3:TrackPointExtension>
        </extensions>
      </trkpt>
      <trkpt lat="39.13004868663847446441650390625" lon="117.19024772755801677703857421875">
        <ele>-1</ele>
        <time>2026-05-31T21:37:29.000Z</time>
        <extensions>
          <ns3:TrackPointExtension>
            <ns3:hr>141</ns3:hr>
            <ns3:cad>90</ns3:cad>
          </ns3:TrackPointExtension>
        </extensions>
      </trkpt>
      <trkpt lat="39.13005731999874114990234375" lon="117.19021922908723354339599609375">
        <ele>-1</ele>
        <time>2026-05-31T21:37:30.000Z</time>
        <extensions>
          <ns3:TrackPointExtension>
            <ns3:hr>142</ns3:hr>
            <ns3:cad>90</ns3:cad>
          </ns3:TrackPointExtension>
        </extensions>
      </trkpt>
      <trkpt lat="39.130077771842479705810546875" lon="117.19019290991127490997314453125">
        <ele>-1</ele>
        <time>2026-05-31T21:37:31.000Z</time>
        <extensions>
          <ns3:TrackPointExtension>
            <ns3:hr>141</ns3:hr>
            <ns3:cad>91</ns3:cad>
          </ns3:TrackPointExtension>
        </extensions>
      </trkpt>
      <trkpt lat="39.1300896741449832916259765625" lon="117.19016793183982372283935546875">
        <ele>-1.2000000476837158203125</ele>
        <time>2026-05-31T21:37:32.000Z</time>
        <extensions>
          <ns3:TrackPointExtension>
            <ns3:hr>141</ns3:hr>
            <ns3:cad>91</ns3:cad>
          </ns3:TrackPointExtension>
        </extensions>
      </trkpt>
      <trkpt lat="39.130112640559673309326171875" lon="117.19014345668256282806396484375">
        <ele>-1.2000000476837158203125</ele>
        <time>2026-05-31T21:37:33.000Z</time>
        <extensions>
          <ns3:TrackPointExtension>
            <ns3:hr>141</ns3:hr>
            <ns3:cad>91</ns3:cad>
          </ns3:TrackPointExtension>
        </extensions>
      </trkpt>
      <trkpt lat="39.13012529723346233367919921875" lon="117.19011462293565273284912109375">
        <ele>-1.2000000476837158203125</ele>
        <time>2026-05-31T21:37:34.000Z</time>
        <extensions>
          <ns3:TrackPointExtension>
            <ns3:hr>141</ns3:hr>
            <ns3:cad>91</ns3:cad>
          </ns3:TrackPointExtension>
        </extensions>
      </trkpt>
      <trkpt lat="39.13014457561075687408447265625" lon="117.19008914195001125335693359375">
        <ele>-1.2000000476837158203125</ele>
        <time>2026-05-31T21:37:35.000Z</time>
        <extensions>
          <ns3:TrackPointExtension>
            <ns3:hr>141</ns3:hr>
            <ns3:cad>91</ns3:cad>
          </ns3:TrackPointExtension>
        </extensions>
      </trkpt>
      <trkpt lat="39.13015983067452907562255859375" lon="117.19006240367889404296875">
        <ele>-1.2000000476837158203125</ele>
        <time>2026-05-31T21:37:36.000Z</time>
        <extensions>
          <ns3:TrackPointExtension>
            <ns3:hr>141</ns3:hr>
            <ns3:cad>90</ns3:cad>
          </ns3:TrackPointExtension>
        </extensions>
      </trkpt>
      <trkpt lat="39.13018246181309223175048828125" lon="117.190040610730648040771484375">
        <ele>-1.2000000476837158203125</ele>
        <time>2026-05-31T21:37:37.000Z</time>
        <extensions>
          <ns3:TrackPointExtension>
            <ns3:hr>141</ns3:hr>
            <ns3:cad>90</ns3:cad>
          </ns3:TrackPointExtension>
        </extensions>
      </trkpt>
      <trkpt lat="39.13020106963813304901123046875" lon="117.19001018442213535308837890625">
        <ele>-1.2000000476837158203125</ele>
        <time>2026-05-31T21:37:38.000Z</time>
        <extensions>
          <ns3:TrackPointExtension>
            <ns3:hr>141</ns3:hr>
            <ns3:cad>91</ns3:cad>
          </ns3:TrackPointExtension>
        </extensions>
      </trkpt>
      <trkpt lat="39.1302254609763622283935546875" lon="117.18998906202614307403564453125">
        <ele>-1.2000000476837158203125</ele>
        <time>2026-05-31T21:37:39.000Z</time>
        <extensions>
          <ns3:TrackPointExtension>
            <ns3:hr>141</ns3:hr>
            <ns3:cad>91</ns3:cad>
          </ns3:TrackPointExtension>
        </extensions>
      </trkpt>
      <trkpt lat="39.1302472539246082305908203125" lon="117.18996525742113590240478515625">
        <ele>-1.2000000476837158203125</ele>
        <time>2026-05-31T21:37:40.000Z</time>
        <extensions>
          <ns3:TrackPointExtension>
            <ns3:hr>141</ns3:hr>
            <ns3:cad>92</ns3:cad>
          </ns3:TrackPointExtension>
        </extensions>
      </trkpt>
      <trkpt lat="39.13026594556868076324462890625" lon="117.18994447030127048492431640625">
        <ele>-1.2000000476837158203125</ele>
        <time>2026-05-31T21:37:41.000Z</time>
        <extensions>
          <ns3:TrackPointExtension>
            <ns3:hr>140</ns3:hr>
            <ns3:cad>92</ns3:cad>
          </ns3:TrackPointExtension>
        </extensions>
      </trkpt>
      <trkpt lat="39.1302888281643390655517578125" lon="117.18992267735302448272705078125">
        <ele>-1.2000000476837158203125</ele>
        <time>2026-05-31T21:37:42.000Z</time>
        <extensions>
          <ns3:TrackPointExtension>
            <ns3:hr>140</ns3:hr>
            <ns3:cad>92</ns3:cad>
          </ns3:TrackPointExtension>
        </extensions>
      </trkpt>
      <trkpt lat="39.13030416704714298248291015625" lon="117.189898788928985595703125">
        <ele>-1</ele>
        <time>2026-05-31T21:37:43.000Z</time>
        <extensions>
          <ns3:TrackPointExtension>
            <ns3:hr>140</ns3:hr>
            <ns3:cad>92</ns3:cad>
          </ns3:TrackPointExtension>
        </extensions>
      </trkpt>
      <trkpt lat="39.13032981567084789276123046875" lon="117.18987305648624897003173828125">
        <ele>-1</ele>
        <time>2026-05-31T21:37:44.000Z</time>
        <extensions>
          <ns3:TrackPointExtension>
            <ns3:hr>140</ns3:hr>
            <ns3:cad>92</ns3:cad>
          </ns3:TrackPointExtension>
        </extensions>
      </trkpt>
      <trkpt lat="39.13034708239138126373291015625" lon="117.18984849750995635986328125">
        <ele>-1</ele>
        <time>2026-05-31T21:37:45.000Z</time>
        <extensions>
          <ns3:TrackPointExtension>
            <ns3:hr>140</ns3:hr>
            <ns3:cad>92</ns3:cad>
          </ns3:TrackPointExtension>
        </extensions>
      </trkpt>
      <trkpt lat="39.13037289865314960479736328125" lon="117.1898238547146320343017578125">
        <ele>-1</ele>
        <time>2026-05-31T21:37:46.000Z</time>
        <extensions>
          <ns3:TrackPointExtension>
            <ns3:hr>141</ns3:hr>
            <ns3:cad>92</ns3:cad>
          </ns3:TrackPointExtension>
        </extensions>
      </trkpt>
      <trkpt lat="39.13038647733628749847412109375" lon="117.18980155885219573974609375">
        <ele>-1</ele>
        <time>2026-05-31T21:37:47.000Z</time>
        <extensions>
          <ns3:TrackPointExtension>
            <ns3:hr>140</ns3:hr>
            <ns3:cad>92</ns3:cad>
          </ns3:TrackPointExtension>
        </extensions>
      </trkpt>
      <trkpt lat="39.13041262887418270111083984375" lon="117.189773730933666229248046875">
        <ele>-1</ele>
        <time>2026-05-31T21:37:48.000Z</time>
        <extensions>
          <ns3:TrackPointExtension>
            <ns3:hr>140</ns3:hr>
            <ns3:cad>92</ns3:cad>
          </ns3:TrackPointExtension>
        </extensions>
      </trkpt>
      <trkpt lat="39.1304249502718448638916015625" lon="117.18975001014769077301025390625">
        <ele>-1</ele>
        <time>2026-05-31T21:37:49.000Z</time>
        <extensions>
          <ns3:TrackPointExtension>
            <ns3:hr>140</ns3:hr>
            <ns3:cad>92</ns3:cad>
          </ns3:TrackPointExtension>
        </extensions>
      </trkpt>
      <trkpt lat="39.13045017980039119720458984375" lon="117.1897212602198123931884765625">
        <ele>-1</ele>
        <time>2026-05-31T21:37:50.000Z</time>
        <extensions>
          <ns3:TrackPointExtension>
            <ns3:hr>140</ns3:hr>
            <ns3:cad>92</ns3:cad>
          </ns3:TrackPointExtension>
        </extensions>
      </trkpt>
      <trkpt lat="39.13045906461775302886962890625" lon="117.18969552777707576751708984375">
        <ele>-1.2000000476837158203125</ele>
        <time>2026-05-31T21:37:51.000Z</time>
        <extensions>
          <ns3:TrackPointExtension>
            <ns3:hr>140</ns3:hr>
            <ns3:cad>92</ns3:cad>
          </ns3:TrackPointExtension>
        </extensions>
      </trkpt>
      <trkpt lat="39.130481444299221038818359375" lon="117.1896676160395145416259765625">
        <ele>-1.2000000476837158203125</ele>
        <time>2026-05-31T21:37:52.000Z</time>
        <extensions>
          <ns3:TrackPointExtension>
            <ns3:hr>140</ns3:hr>
            <ns3:cad>92</ns3:cad>
          </ns3:TrackPointExtension>
        </extensions>
      </trkpt>
      <trkpt lat="39.1304903291165828704833984375" lon="117.18964188359677791595458984375">
        <ele>-1.2000000476837158203125</ele>
        <time>2026-05-31T21:37:53.000Z</time>
        <extensions>
          <ns3:TrackPointExtension>
            <ns3:hr>140</ns3:hr>
            <ns3:cad>92</ns3:cad>
          </ns3:TrackPointExtension>
        </extensions>
      </trkpt>
      <trkpt lat="39.13051463663578033447265625" lon="117.1896166540682315826416015625">
        <ele>-1.2000000476837158203125</ele>
        <time>2026-05-31T21:37:54.000Z</time>
        <extensions>
          <ns3:TrackPointExtension>
            <ns3:hr>140</ns3:hr>
            <ns3:cad>92</ns3:cad>
          </ns3:TrackPointExtension>
        </extensions>
      </trkpt>
      <trkpt lat="39.1305265389382839202880859375" lon="117.18959310092031955718994140625">
        <ele>-1.2000000476837158203125</ele>
        <time>2026-05-31T21:37:55.000Z</time>
        <extensions>
          <ns3:TrackPointExtension>
            <ns3:hr>140</ns3:hr>
            <ns3:cad>92</ns3:cad>
          </ns3:TrackPointExtension>
        </extensions>
      </trkpt>
      <trkpt lat="39.1305516846477985382080078125" lon="117.1895702183246612548828125">
        <ele>-1.2000000476837158203125</ele>
        <time>2026-05-31T21:37:56.000Z</time>
        <extensions>
          <ns3:TrackPointExtension>
            <ns3:hr>140</ns3:hr>
            <ns3:cad>91</ns3:cad>
          </ns3:TrackPointExtension>
        </extensions>
      </trkpt>
      <trkpt lat="39.13056702353060245513916015625" lon="117.1895489282906055450439453125">
        <ele>-1.2000000476837158203125</ele>
        <time>2026-05-31T21:37:57.000Z</time>
        <extensions>
          <ns3:TrackPointExtension>
            <ns3:hr>140</ns3:hr>
            <ns3:cad>91</ns3:cad>
          </ns3:TrackPointExtension>
        </extensions>
      </trkpt>
      <trkpt lat="39.13059351034462451934814453125" lon="117.1895284764468669891357421875">
        <ele>-1.2000000476837158203125</ele>
        <time>2026-05-31T21:37:58.000Z</time>
        <extensions>
          <ns3:TrackPointExtension>
            <ns3:hr>140</ns3:hr>
            <ns3:cad>91</ns3:cad>
          </ns3:TrackPointExtension>
        </extensions>
      </trkpt>
      <trkpt lat="39.13061463274061679840087890625" lon="117.18950442038476467132568359375">
        <ele>-1.2000000476837158203125</ele>
        <time>2026-05-31T21:37:59.000Z</time>
        <extensions>
          <ns3:TrackPointExtension>
            <ns3:hr>139</ns3:hr>
            <ns3:cad>92</ns3:cad>
          </ns3:TrackPointExtension>
        </extensions>
      </trkpt>
      <trkpt lat="39.13063801825046539306640625" lon="117.189486734569072723388671875">
        <ele>-1.2000000476837158203125</ele>
        <time>2026-05-31T21:38:00.000Z</time>
        <extensions>
          <ns3:TrackPointExtension>
            <ns3:hr>140</ns3:hr>
            <ns3:cad>91</ns3:cad>
          </ns3:TrackPointExtension>
        </extensions>
      </trkpt>
      <trkpt lat="39.13065788336098194122314453125" lon="117.18946586363017559051513671875">
        <ele>-1.2000000476837158203125</ele>
        <time>2026-05-31T21:38:01.000Z</time>
        <extensions>
          <ns3:TrackPointExtension>
            <ns3:hr>140</ns3:hr>
            <ns3:cad>92</ns3:cad>
          </ns3:TrackPointExtension>
        </extensions>
      </trkpt>
      <trkpt lat="39.13067959249019622802734375" lon="117.18945086002349853515625">
        <ele>-1.2000000476837158203125</ele>
        <time>2026-05-31T21:38:02.000Z</time>
        <extensions>
          <ns3:TrackPointExtension>
            <ns3:hr>139</ns3:hr>
            <ns3:cad>92</ns3:cad>
          </ns3:TrackPointExtension>
        </extensions>
      </trkpt>
      <trkpt lat="39.13069811649620532989501953125" lon="117.18942864798009395599365234375">
        <ele>-1.2000000476837158203125</ele>
        <time>2026-05-31T21:38:03.000Z</time>
        <extensions>
          <ns3:TrackPointExtension>
            <ns3:hr>140</ns3:hr>
            <ns3:cad>92</ns3:cad>
          </ns3:TrackPointExtension>
        </extensions>
      </trkpt>
      <trkpt lat="39.13072007708251476287841796875" lon="117.1894092857837677001953125">
        <ele>-1.2000000476837158203125</ele>
        <time>2026-05-31T21:38:04.000Z</time>
        <extensions>
          <ns3:TrackPointExtension>
            <ns3:hr>140</ns3:hr>
            <ns3:cad>92</ns3:cad>
          </ns3:TrackPointExtension>
        </extensions>
      </trkpt>
      <trkpt lat="39.1307437978684902191162109375" lon="117.18938707374036312103271484375">
        <ele>-1.2000000476837158203125</ele>
        <time>2026-05-31T21:38:05.000Z</time>
        <extensions>
          <ns3:TrackPointExtension>
            <ns3:hr>139</ns3:hr>
            <ns3:cad>92</ns3:cad>
          </ns3:TrackPointExtension>
        </extensions>
      </trkpt>
      <trkpt lat="39.13076684810221195220947265625" lon="117.1893695555627346038818359375">
        <ele>-1.2000000476837158203125</ele>
        <time>2026-05-31T21:38:06.000Z</time>
        <extensions>
          <ns3:TrackPointExtension>
            <ns3:hr>140</ns3:hr>
            <ns3:cad>92</ns3:cad>
          </ns3:TrackPointExtension>
        </extensions>
      </trkpt>
      <trkpt lat="39.1307914070785045623779296875" lon="117.189346253871917724609375">
        <ele>-1.2000000476837158203125</ele>
        <time>2026-05-31T21:38:07.000Z</time>
        <extensions>
          <ns3:TrackPointExtension>
            <ns3:hr>140</ns3:hr>
            <ns3:cad>92</ns3:cad>
          </ns3:TrackPointExtension>
        </extensions>
      </trkpt>
      <trkpt lat="39.13081160746514797210693359375" lon="117.1893286518752574920654296875">
        <ele>-1.2000000476837158203125</ele>
        <time>2026-05-31T21:38:08.000Z</time>
        <extensions>
          <ns3:TrackPointExtension>
            <ns3:hr>139</ns3:hr>
            <ns3:cad>91</ns3:cad>
          </ns3:TrackPointExtension>
        </extensions>
      </trkpt>
      <trkpt lat="39.13083591498434543609619140625" lon="117.18931331299245357513427734375">
        <ele>-1.2000000476837158203125</ele>
        <time>2026-05-31T21:38:09.000Z</time>
        <extensions>
          <ns3:TrackPointExtension>
            <ns3:hr>140</ns3:hr>
            <ns3:cad>91</ns3:cad>
          </ns3:TrackPointExtension>
        </extensions>
      </trkpt>
      <trkpt lat="39.13085485808551311492919921875" lon="117.18929688446223735809326171875">
        <ele>-1.2000000476837158203125</ele>
        <time>2026-05-31T21:38:10.000Z</time>
        <extensions>
          <ns3:TrackPointExtension>
            <ns3:hr>140</ns3:hr>
            <ns3:cad>91</ns3:cad>
          </ns3:TrackPointExtension>
        </extensions>
      </trkpt>
      <trkpt lat="39.13087941706180572509765625" lon="117.1892756782472133636474609375">
        <ele>-1.2000000476837158203125</ele>
        <time>2026-05-31T21:38:11.000Z</time>
        <extensions>
          <ns3:TrackPointExtension>
            <ns3:hr>139</ns3:hr>
            <ns3:cad>91</ns3:cad>
          </ns3:TrackPointExtension>
        </extensions>
      </trkpt>
      <trkpt lat="39.13089475594460964202880859375" lon="117.18925279565155506134033203125">
        <ele>-1.39999997615814208984375</ele>
        <time>2026-05-31T21:38:12.000Z</time>
        <extensions>
          <ns3:TrackPointExtension>
            <ns3:hr>140</ns3:hr>
            <ns3:cad>90</ns3:cad>
          </ns3:TrackPointExtension>
        </extensions>
      </trkpt>
      <trkpt lat="39.1309194825589656829833984375" lon="117.18923100270330905914306640625">
        <ele>-1.39999997615814208984375</ele>
        <time>2026-05-31T21:38:13.000Z</time>
        <extensions>
          <ns3:TrackPointExtension>
            <ns3:hr>140</ns3:hr>
            <ns3:cad>90</ns3:cad>
          </ns3:TrackPointExtension>
        </extensions>
      </trkpt>
      <trkpt lat="39.13093985058367252349853515625" lon="117.18921222724020481109619140625">
        <ele>-1.39999997615814208984375</ele>
        <time>2026-05-31T21:38:14.000Z</time>
        <extensions>
          <ns3:TrackPointExtension>
            <ns3:hr>139</ns3:hr>
            <ns3:cad>90</ns3:cad>
          </ns3:TrackPointExtension>
        </extensions>
      </trkpt>
      <trkpt lat="39.13096524775028228759765625" lon="117.1891880035400390625">
        <ele>-1.2000000476837158203125</ele>
        <time>2026-05-31T21:38:15.000Z</time>
        <extensions>
          <ns3:TrackPointExtension>
            <ns3:hr>139</ns3:hr>
            <ns3:cad>90</ns3:cad>
          </ns3:TrackPointExtension>
        </extensions>
      </trkpt>
      <trkpt lat="39.1309808380901813507080078125" lon="117.1891653724014759063720703125">
        <ele>-1.2000000476837158203125</ele>
        <time>2026-05-31T21:38:16.000Z</time>
        <extensions>
          <ns3:TrackPointExtension>
            <ns3:hr>139</ns3:hr>
            <ns3:cad>90</ns3:cad>
          </ns3:TrackPointExtension>
        </extensions>
      </trkpt>
      <trkpt lat="39.13100556470453739166259765625" lon="117.18914039433002471923828125">
        <ele>-1.2000000476837158203125</ele>
        <time>2026-05-31T21:38:17.000Z</time>
        <extensions>
          <ns3:TrackPointExtension>
            <ns3:hr>140</ns3:hr>
            <ns3:cad>90</ns3:cad>
          </ns3:TrackPointExtension>
        </extensions>
      </trkpt>
      <trkpt lat="39.1310217417776584625244140625" lon="117.18912337906658649444580078125">
        <ele>-1.2000000476837158203125</ele>
        <time>2026-05-31T21:38:18.000Z</time>
        <extensions>
          <ns3:TrackPointExtension>
            <ns3:hr>139</ns3:hr>
            <ns3:cad>90</ns3:cad>
          </ns3:TrackPointExtension>
        </extensions>
      </trkpt>
      <trkpt lat="39.1310458816587924957275390625" lon="117.18909773044288158416748046875">
        <ele>-1.2000000476837158203125</ele>
        <time>2026-05-31T21:38:19.000Z</time>
        <extensions>
          <ns3:TrackPointExtension>
            <ns3:hr>139</ns3:hr>
            <ns3:cad>90</ns3:cad>
          </ns3:TrackPointExtension>
        </extensions>
      </trkpt>
      <trkpt lat="39.13105837069451808929443359375" lon="117.1890775300562381744384765625">
        <ele>-1.39999997615814208984375</ele>
        <time>2026-05-31T21:38:20.000Z</time>
        <extensions>
          <ns3:TrackPointExtension>
            <ns3:hr>140</ns3:hr>
            <ns3:cad>90</ns3:cad>
          </ns3:TrackPointExtension>
        </extensions>
      </trkpt>
      <trkpt lat="39.13107865490019321441650390625" lon="117.18905380927026271820068359375">
        <ele>-1.39999997615814208984375</ele>
        <time>2026-05-31T21:38:21.000Z</time>
        <extensions>
          <ns3:TrackPointExtension>
            <ns3:hr>139</ns3:hr>
            <ns3:cad>90</ns3:cad>
          </ns3:TrackPointExtension>
        </extensions>
      </trkpt>
      <trkpt lat="39.13109441287815570831298828125" lon="117.1890322677791118621826171875">
        <ele>-1.39999997615814208984375</ele>
        <time>2026-05-31T21:38:22.000Z</time>
        <extensions>
          <ns3:TrackPointExtension>
            <ns3:hr>139</ns3:hr>
            <ns3:cad>90</ns3:cad>
          </ns3:TrackPointExtension>
        </extensions>
      </trkpt>
      <trkpt lat="39.13112123496830463409423828125" lon="117.18900896608829498291015625">
        <ele>-1.39999997615814208984375</ele>
        <time>2026-05-31T21:38:23.000Z</time>
        <extensions>
          <ns3:TrackPointExtension>
            <ns3:hr>138</ns3:hr>
            <ns3:cad>90</ns3:cad>
          </ns3:TrackPointExtension>
        </extensions>
      </trkpt>
      <trkpt lat="39.13113892078399658203125" lon="117.188986837863922119140625">
        <ele>-1.39999997615814208984375</ele>
        <time>2026-05-31T21:38:24.000Z</time>
        <extensions>
          <ns3:TrackPointExtension>
            <ns3:hr>138</ns3:hr>
            <ns3:cad>90</ns3:cad>
          </ns3:TrackPointExtension>
        </extensions>
      </trkpt>
      <trkpt lat="39.13116398267447948455810546875" lon="117.18896177597343921661376953125">
        <ele>-1.39999997615814208984375</ele>
        <time>2026-05-31T21:38:25.000Z</time>
        <extensions>
          <ns3:TrackPointExtension>
            <ns3:hr>138</ns3:hr>
            <ns3:cad>90</ns3:cad>
          </ns3:TrackPointExtension>
        </extensions>
      </trkpt>
      <trkpt lat="39.1311850212514400482177734375" lon="117.1889417432248592376708984375">
        <ele>-1.2000000476837158203125</ele>
        <time>2026-05-31T21:38:26.000Z</time>
        <extensions>
          <ns3:TrackPointExtension>
            <ns3:hr>138</ns3:hr>
            <ns3:cad>90</ns3:cad>
          </ns3:TrackPointExtension>
        </extensions>
      </trkpt>
      <trkpt lat="39.1312088258564472198486328125" lon="117.18892581760883331298828125">
        <ele>-1</ele>
        <time>2026-05-31T21:38:27.000Z</time>
        <extensions>
          <ns3:TrackPointExtension>
            <ns3:hr>138</ns3:hr>
            <ns3:cad>90</ns3:cad>
          </ns3:TrackPointExtension>
        </extensions>
      </trkpt>
      <trkpt lat="39.1312225721776485443115234375" lon="117.18890410847961902618408203125">
        <ele>-1</ele>
        <time>2026-05-31T21:38:28.000Z</time>
        <extensions>
          <ns3:TrackPointExtension>
            <ns3:hr>138</ns3:hr>
            <ns3:cad>91</ns3:cad>
          </ns3:TrackPointExtension>
        </extensions>
      </trkpt>
      <trkpt lat="39.13124713115394115447998046875" lon="117.188880555331707000732421875">
        <ele>-1.2000000476837158203125</ele>
        <time>2026-05-31T21:38:29.000Z</time>
        <extensions>
          <ns3:TrackPointExtension>
            <ns3:hr>137</ns3:hr>
            <ns3:cad>91</ns3:cad>
          </ns3:TrackPointExtension>
        </extensions>
      </trkpt>
      <trkpt lat="39.13126003928482532501220703125" lon="117.1888562478125095367431640625">
        <ele>-1.2000000476837158203125</ele>
        <time>2026-05-31T21:38:30.000Z</time>
        <extensions>
          <ns3:TrackPointExtension>
            <ns3:hr>137</ns3:hr>
            <ns3:cad>90</ns3:cad>
          </ns3:TrackPointExtension>
        </extensions>
      </trkpt>
      <trkpt lat="39.1312835924327373504638671875" lon="117.18883554451167583465576171875">
        <ele>-1.2000000476837158203125</ele>
        <time>2026-05-31T21:38:31.000Z</time>
        <extensions>
          <ns3:TrackPointExtension>
            <ns3:hr>137</ns3:hr>
            <ns3:cad>90</ns3:cad>
          </ns3:TrackPointExtension>
        </extensions>
      </trkpt>
      <trkpt lat="39.13129373453557491302490234375" lon="117.1888119913637638092041015625">
        <ele>-1.39999997615814208984375</ele>
        <time>2026-05-31T21:38:32.000Z</time>
        <extensions>
          <ns3:TrackPointExtension>
            <ns3:hr>136</ns3:hr>
            <ns3:cad>90</ns3:cad>
          </ns3:TrackPointExtension>
        </extensions>
      </trkpt>
      <trkpt lat="39.13131586275994777679443359375" lon="117.18879296444356441497802734375">
        <ele>-1.39999997615814208984375</ele>
        <time>2026-05-31T21:38:33.000Z</time>
        <extensions>
          <ns3:TrackPointExtension>
            <ns3:hr>136</ns3:hr>
            <ns3:cad>90</ns3:cad>
          </ns3:TrackPointExtension>
        </extensions>
      </trkpt>
      <trkpt lat="39.131329022347927093505859375" lon="117.1887690760195255279541015625">
        <ele>-1.2000000476837158203125</ele>
        <time>2026-05-31T21:38:34.000Z</time>
        <extensions>
          <ns3:TrackPointExtension>
            <ns3:hr>136</ns3:hr>
            <ns3:cad>90</ns3:cad>
          </ns3:TrackPointExtension>
        </extensions>
      </trkpt>
      <trkpt lat="39.13134771399199962615966796875" lon="117.18874476850032806396484375">
        <ele>-1.2000000476837158203125</ele>
        <time>2026-05-31T21:38:35.000Z</time>
        <extensions>
          <ns3:TrackPointExtension>
            <ns3:hr>136</ns3:hr>
            <ns3:cad>91</ns3:cad>
          </ns3:TrackPointExtension>
        </extensions>
      </trkpt>
      <trkpt lat="39.131367914378643035888671875" lon="117.1887254901230335235595703125">
        <ele>-1.2000000476837158203125</ele>
        <time>2026-05-31T21:38:36.000Z</time>
        <extensions>
          <ns3:TrackPointExtension>
            <ns3:hr>136</ns3:hr>
            <ns3:cad>91</ns3:cad>
          </ns3:TrackPointExtension>
        </extensions>
      </trkpt>
      <trkpt lat="39.1313897073268890380859375" lon="117.188704870641231536865234375">
        <ele>-1</ele>
        <time>2026-05-31T21:38:37.000Z</time>
        <extensions>
          <ns3:TrackPointExtension>
            <ns3:hr>136</ns3:hr>
            <ns3:cad>91</ns3:cad>
          </ns3:TrackPointExtension>
        </extensions>
      </trkpt>
      <trkpt lat="39.13141451776027679443359375" lon="117.188686430454254150390625">
        <ele>-0.800000011920928955078125</ele>
        <time>2026-05-31T21:38:38.000Z</time>
        <extensions>
          <ns3:TrackPointExtension>
            <ns3:hr>136</ns3:hr>
            <ns3:cad>91</ns3:cad>
          </ns3:TrackPointExtension>
        </extensions>
      </trkpt>
      <trkpt lat="39.13143999874591827392578125" lon="117.188675701618194580078125">
        <ele>-0.800000011920928955078125</ele>
        <time>2026-05-31T21:38:39.000Z</time>
        <extensions>
          <ns3:TrackPointExtension>
            <ns3:hr>137</ns3:hr>
            <ns3:cad>91</ns3:cad>
          </ns3:TrackPointExtension>
        </extensions>
      </trkpt>
      <trkpt lat="39.13146556355059146881103515625" lon="117.1886577643454074859619140625">
        <ele>-0.800000011920928955078125</ele>
        <time>2026-05-31T21:38:40.000Z</time>
        <extensions>
          <ns3:TrackPointExtension>
            <ns3:hr>136</ns3:hr>
            <ns3:cad>91</ns3:cad>
          </ns3:TrackPointExtension>
        </extensions>
      </trkpt>
      <trkpt lat="39.13148987106978893280029296875" lon="117.18865030445158481597900390625">
        <ele>-1</ele>
        <time>2026-05-31T21:38:41.000Z</time>
        <extensions>
          <ns3:TrackPointExtension>
            <ns3:hr>136</ns3:hr>
            <ns3:cad>91</ns3:cad>
          </ns3:TrackPointExtension>
        </extensions>
      </trkpt>
      <trkpt lat="39.1315162740647792816162109375" lon="117.18863303773105144500732421875">
        <ele>-1</ele>
        <time>2026-05-31T21:38:42.000Z</time>
        <extensions>
          <ns3:TrackPointExtension>
            <ns3:hr>136</ns3:hr>
            <ns3:cad>91</ns3:cad>
          </ns3:TrackPointExtension>
        </extensions>
      </trkpt>
      <trkpt lat="39.13153714500367641448974609375" lon="117.1886175312101840972900390625">
        <ele>-1.2000000476837158203125</ele>
        <time>2026-05-31T21:38:43.000Z</time>
        <extensions>
          <ns3:TrackPointExtension>
            <ns3:hr>137</ns3:hr>
            <ns3:cad>91</ns3:cad>
          </ns3:TrackPointExtension>
        </extensions>
      </trkpt>
      <trkpt lat="39.13156279362738132476806640625" lon="117.18860185705125331878662109375">
        <ele>-1.2000000476837158203125</ele>
        <time>2026-05-31T21:38:44.000Z</time>
        <extensions>
          <ns3:TrackPointExtension>
            <ns3:hr>137</ns3:hr>
            <ns3:cad>92</ns3:cad>
          </ns3:TrackPointExtension>
        </extensions>
      </trkpt>
      <trkpt lat="39.131577126681804656982421875" lon="117.18858023174107074737548828125">
        <ele>-1.2000000476837158203125</ele>
        <time>2026-05-31T21:38:45.000Z</time>
        <extensions>
          <ns3:TrackPointExtension>
            <ns3:hr>137</ns3:hr>
            <ns3:cad>92</ns3:cad>
          </ns3:TrackPointExtension>
        </extensions>
      </trkpt>
      <trkpt lat="39.131597243249416351318359375" lon="117.18855843879282474517822265625">
        <ele>-1.2000000476837158203125</ele>
        <time>2026-05-31T21:38:46.000Z</time>
        <extensions>
          <ns3:TrackPointExtension>
            <ns3:hr>137</ns3:hr>
            <ns3:cad>92</ns3:cad>
          </ns3:TrackPointExtension>
        </extensions>
      </trkpt>
      <trkpt lat="39.13161124102771282196044921875" lon="117.1885343827307224273681640625">
        <ele>-1.2000000476837158203125</ele>
        <time>2026-05-31T21:38:47.000Z</time>
        <extensions>
          <ns3:TrackPointExtension>
            <ns3:hr>137</ns3:hr>
            <ns3:cad>91</ns3:cad>
          </ns3:TrackPointExtension>
        </extensions>
      </trkpt>
      <trkpt lat="39.1316363029181957244873046875" lon="117.18851150013506412506103515625">
        <ele>-1.2000000476837158203125</ele>
        <time>2026-05-31T21:38:48.000Z</time>
        <extensions>
          <ns3:TrackPointExtension>
            <ns3:hr>137</ns3:hr>
            <ns3:cad>91</ns3:cad>
          </ns3:TrackPointExtension>
        </extensions>
      </trkpt>
      <trkpt lat="39.1316560842096805572509765625" lon="117.18849356286227703094482421875">
        <ele>-1.2000000476837158203125</ele>
        <time>2026-05-31T21:38:49.000Z</time>
        <extensions>
          <ns3:TrackPointExtension>
            <ns3:hr>137</ns3:hr>
            <ns3:cad>90</ns3:cad>
          </ns3:TrackPointExtension>
        </extensions>
      </trkpt>
      <trkpt lat="39.13168399594724178314208984375" lon="117.18847294338047504425048828125">
        <ele>-1.2000000476837158203125</ele>
        <time>2026-05-31T21:38:50.000Z</time>
        <extensions>
          <ns3:TrackPointExtension>
            <ns3:hr>137</ns3:hr>
            <ns3:cad>90</ns3:cad>
          </ns3:TrackPointExtension>
        </extensions>
      </trkpt>
      <trkpt lat="39.1317040286958217620849609375" lon="117.1884525753557682037353515625">
        <ele>-1.2000000476837158203125</ele>
        <time>2026-05-31T21:38:51.000Z</time>
        <extensions>
          <ns3:TrackPointExtension>
            <ns3:hr>137</ns3:hr>
            <ns3:cad>90</ns3:cad>
          </ns3:TrackPointExtension>
        </extensions>
      </trkpt>
      <trkpt lat="39.13172909058630466461181640625" lon="117.18842558562755584716796875">
        <ele>-1</ele>
        <time>2026-05-31T21:38:52.000Z</time>
        <extensions>
          <ns3:TrackPointExtension>
            <ns3:hr>137</ns3:hr>
            <ns3:cad>91</ns3:cad>
          </ns3:TrackPointExtension>
        </extensions>
      </trkpt>
      <trkpt lat="39.1317502968013286590576171875" lon="117.18840739689767360687255859375">
        <ele>-1</ele>
        <time>2026-05-31T21:38:53.000Z</time>
        <extensions>
          <ns3:TrackPointExtension>
            <ns3:hr>137</ns3:hr>
            <ns3:cad>90</ns3:cad>
          </ns3:TrackPointExtension>
        </extensions>
      </trkpt>
      <trkpt lat="39.1317786276340484619140625" lon="117.1883895434439182281494140625">
        <ele>-1</ele>
        <time>2026-05-31T21:38:54.000Z</time>
        <extensions>
          <ns3:TrackPointExtension>
            <ns3:hr>137</ns3:hr>
            <ns3:cad>90</ns3:cad>
          </ns3:TrackPointExtension>
        </extensions>
      </trkpt>
      <trkpt lat="39.1317992471158504486083984375" lon="117.18837319873273372650146484375">
        <ele>-1</ele>
        <time>2026-05-31T21:38:55.000Z</time>
        <extensions>
          <ns3:TrackPointExtension>
            <ns3:hr>137</ns3:hr>
            <ns3:cad>90</ns3:cad>
          </ns3:TrackPointExtension>
        </extensions>
      </trkpt>
      <trkpt lat="39.131829254329204559326171875" lon="117.18836079351603984832763671875">
        <ele>-1</ele>
        <time>2026-05-31T21:38:56.000Z</time>
        <extensions>
          <ns3:TrackPointExtension>
            <ns3:hr>137</ns3:hr>
            <ns3:cad>90</ns3:cad>
          </ns3:TrackPointExtension>
        </extensions>
      </trkpt>
      <trkpt lat="39.131851382553577423095703125" lon="117.18834838829934597015380859375">
        <ele>-1</ele>
        <time>2026-05-31T21:38:57.000Z</time>
        <extensions>
          <ns3:TrackPointExtension>
            <ns3:hr>137</ns3:hr>
            <ns3:cad>91</ns3:cad>
          </ns3:TrackPointExtension>
        </extensions>
      </trkpt>
      <trkpt lat="39.13188180886209011077880859375" lon="117.1883395873010158538818359375">
        <ele>-0.800000011920928955078125</ele>
        <time>2026-05-31T21:38:58.000Z</time>
        <extensions>
          <ns3:TrackPointExtension>
            <ns3:hr>137</ns3:hr>
            <ns3:cad>91</ns3:cad>
          </ns3:TrackPointExtension>
        </extensions>
      </trkpt>
      <trkpt lat="39.13190536201000213623046875" lon="117.1883234940469264984130859375">
        <ele>-0.800000011920928955078125</ele>
        <time>2026-05-31T21:38:59.000Z</time>
        <extensions>
          <ns3:TrackPointExtension>
            <ns3:hr>138</ns3:hr>
            <ns3:cad>92</ns3:cad>
          </ns3:TrackPointExtension>
        </extensions>
      </trkpt>
      <trkpt lat="39.13193427957594394683837890625" lon="117.1883074007928371429443359375">
        <ele>-0.800000011920928955078125</ele>
        <time>2026-05-31T21:39:00.000Z</time>
        <extensions>
          <ns3:TrackPointExtension>
            <ns3:hr>138</ns3:hr>
            <ns3:cad>92</ns3:cad>
          </ns3:TrackPointExtension>
        </extensions>
      </trkpt>
      <trkpt lat="39.13195003755390644073486328125" lon="117.1882872842252254486083984375">
        <ele>-0.800000011920928955078125</ele>
        <time>2026-05-31T21:39:01.000Z</time>
        <extensions>
          <ns3:TrackPointExtension>
            <ns3:hr>138</ns3:hr>
            <ns3:cad>92</ns3:cad>
          </ns3:TrackPointExtension>
        </extensions>
      </trkpt>
      <trkpt lat="39.131946265697479248046875" lon="117.1882460452616214752197265625">
        <ele>-0.800000011920928955078125</ele>
        <time>2026-05-31T21:39:02.000Z</time>
        <extensions>
          <ns3:TrackPointExtension>
            <ns3:hr>137</ns3:hr>
            <ns3:cad>92</ns3:cad>
          </ns3:TrackPointExtension>
        </extensions>
      </trkpt>
      <trkpt lat="39.13195707835257053375244140625" lon="117.188224084675312042236328125">
        <ele>-0.800000011920928955078125</ele>
        <time>2026-05-31T21:39:03.000Z</time>
        <extensions>
          <ns3:TrackPointExtension>
            <ns3:hr>138</ns3:hr>
            <ns3:cad>92</ns3:cad>
          </ns3:TrackPointExtension>
        </extensions>
      </trkpt>
      <trkpt lat="39.1319705732166767120361328125" lon="117.18819919042289257049560546875">
        <ele>-0.800000011920928955078125</ele>
        <time>2026-05-31T21:39:04.000Z</time>
        <extensions>
          <ns3:TrackPointExtension>
            <ns3:hr>138</ns3:hr>
            <ns3:cad>91</ns3:cad>
          </ns3:TrackPointExtension>
        </extensions>
      </trkpt>
      <trkpt lat="39.131936542689800262451171875" lon="117.18872926197946071624755859375">
        <ele>-0.800000011920928955078125</ele>
        <time>2026-05-31T21:39:27.000Z</time>
        <extensions>
          <ns3:TrackPointExtension>
            <ns3:hr>141</ns3:hr>
            <ns3:cad>90</ns3:cad>
          </ns3:TrackPointExtension>
        </extensions>
      </trkpt>
      <trkpt lat="39.132451526820659637451171875" lon="117.187892831861972808837890625">
        <ele>-0.800000011920928955078125</ele>
        <time>2026-05-31T21:39:28.000Z</time>
        <extensions>
          <ns3:TrackPointExtension>
            <ns3:hr>141</ns3:hr>
            <ns3:cad>90</ns3:cad>
          </ns3:TrackPointExtension>
        </extensions>
      </trkpt>
      <trkpt lat="39.13247994147241115570068359375" lon="117.18787631951272487640380859375">
        <ele>-0.800000011920928955078125</ele>
        <time>2026-05-31T21:39:29.000Z</time>
        <extensions>
          <ns3:TrackPointExtension>
            <ns3:hr>141</ns3:hr>
            <ns3:cad>90</ns3:cad>
          </ns3:TrackPointExtension>
        </extensions>
      </trkpt>
      <trkpt lat="39.13251799531280994415283203125" lon="117.18785184435546398162841796875">
        <ele>-0.800000011920928955078125</ele>
        <time>2026-05-31T21:39:30.000Z</time>
        <extensions>
          <ns3:TrackPointExtension>
            <ns3:hr>141</ns3:hr>
            <ns3:cad>90</ns3:cad>
          </ns3:TrackPointExtension>
        </extensions>
      </trkpt>
      <trkpt lat="39.132556132972240447998046875" lon="117.18780758790671825408935546875">
        <ele>-0.800000011920928955078125</ele>
        <time>2026-05-31T21:39:31.000Z</time>
        <extensions>
          <ns3:TrackPointExtension>
            <ns3:hr>141</ns3:hr>
            <ns3:cad>90</ns3:cad>
          </ns3:TrackPointExtension>
        </extensions>
      </trkpt>
      <trkpt lat="39.13258303888142108917236328125" lon="117.1877793408930301666259765625">
        <ele>-0.800000011920928955078125</ele>
        <time>2026-05-31T21:39:32.000Z</time>
        <extensions>
          <ns3:TrackPointExtension>
            <ns3:hr>141</ns3:hr>
            <ns3:cad>90</ns3:cad>
          </ns3:TrackPointExtension>
        </extensions>
      </trkpt>
      <trkpt lat="39.13260701112449169158935546875" lon="117.18774924986064434051513671875">
        <ele>-0.800000011920928955078125</ele>
        <time>2026-05-31T21:39:33.000Z</time>
        <extensions>
          <ns3:TrackPointExtension>
            <ns3:hr>142</ns3:hr>
            <ns3:cad>90</ns3:cad>
          </ns3:TrackPointExtension>
        </extensions>
      </trkpt>
      <trkpt lat="39.132628552615642547607421875" lon="117.1877275407314300537109375">
        <ele>-0.800000011920928955078125</ele>
        <time>2026-05-31T21:39:34.000Z</time>
        <extensions>
          <ns3:TrackPointExtension>
            <ns3:hr>142</ns3:hr>
            <ns3:cad>90</ns3:cad>
          </ns3:TrackPointExtension>
        </extensions>
      </trkpt>
      <trkpt lat="39.13265503942966461181640625" lon="117.18770381994545459747314453125">
        <ele>-0.800000011920928955078125</ele>
        <time>2026-05-31T21:39:35.000Z</time>
        <extensions>
          <ns3:TrackPointExtension>
            <ns3:hr>142</ns3:hr>
            <ns3:cad>91</ns3:cad>
          </ns3:TrackPointExtension>
        </extensions>
      </trkpt>
      <trkpt lat="39.13267205469310283660888671875" lon="117.1876901574432849884033203125">
        <ele>-0.800000011920928955078125</ele>
        <time>2026-05-31T21:39:36.000Z</time>
        <extensions>
          <ns3:TrackPointExtension>
            <ns3:hr>143</ns3:hr>
            <ns3:cad>92</ns3:cad>
          </ns3:TrackPointExtension>
        </extensions>
      </trkpt>
      <trkpt lat="39.13269954733550548553466796875" lon="117.187671549618244171142578125">
        <ele>-0.800000011920928955078125</ele>
        <time>2026-05-31T21:39:37.000Z</time>
        <extensions>
          <ns3:TrackPointExtension>
            <ns3:hr>142</ns3:hr>
            <ns3:cad>92</ns3:cad>
          </ns3:TrackPointExtension>
        </extensions>
      </trkpt>
      <trkpt lat="39.13271647877991199493408203125" lon="117.18765889294445514678955078125">
        <ele>-0.800000011920928955078125</ele>
        <time>2026-05-31T21:39:38.000Z</time>
        <extensions>
          <ns3:TrackPointExtension>
            <ns3:hr>142</ns3:hr>
            <ns3:cad>92</ns3:cad>
          </ns3:TrackPointExtension>
        </extensions>
      </trkpt>
      <trkpt lat="39.1327457316219806671142578125" lon="117.1876492537558078765869140625">
        <ele>-0.800000011920928955078125</ele>
        <time>2026-05-31T21:39:39.000Z</time>
        <extensions>
          <ns3:TrackPointExtension>
            <ns3:hr>142</ns3:hr>
            <ns3:cad>92</ns3:cad>
          </ns3:TrackPointExtension>
        </extensions>
      </trkpt>
      <trkpt lat="39.13275956176221370697021484375" lon="117.18764062039554119110107421875">
        <ele>-0.800000011920928955078125</ele>
        <time>2026-05-31T21:39:40.000Z</time>
        <extensions>
          <ns3:TrackPointExtension>
            <ns3:hr>141</ns3:hr>
            <ns3:cad>92</ns3:cad>
          </ns3:TrackPointExtension>
        </extensions>
      </trkpt>
      <trkpt lat="39.132785461843013763427734375" lon="117.187627963721752166748046875">
        <ele>-1</ele>
        <time>2026-05-31T21:39:41.000Z</time>
        <extensions>
          <ns3:TrackPointExtension>
            <ns3:hr>141</ns3:hr>
            <ns3:cad>92</ns3:cad>
          </ns3:TrackPointExtension>
        </extensions>
      </trkpt>
      <trkpt lat="39.1328033991158008575439453125" lon="117.18761497177183628082275390625">
        <ele>-1</ele>
        <time>2026-05-31T21:39:42.000Z</time>
        <extensions>
          <ns3:TrackPointExtension>
            <ns3:hr>141</ns3:hr>
            <ns3:cad>92</ns3:cad>
          </ns3:TrackPointExtension>
        </extensions>
      </trkpt>
      <trkpt lat="39.1328300535678863525390625" lon="117.18760457821190357208251953125">
        <ele>-1</ele>
        <time>2026-05-31T21:39:43.000Z</time>
        <extensions>
          <ns3:TrackPointExtension>
            <ns3:hr>141</ns3:hr>
            <ns3:cad>92</ns3:cad>
          </ns3:TrackPointExtension>
        </extensions>
      </trkpt>
      <trkpt lat="39.13285360671579837799072265625" lon="117.18759351409971714019775390625">
        <ele>-1</ele>
        <time>2026-05-31T21:39:44.000Z</time>
        <extensions>
          <ns3:TrackPointExtension>
            <ns3:hr>141</ns3:hr>
            <ns3:cad>92</ns3:cad>
          </ns3:TrackPointExtension>
        </extensions>
      </trkpt>
      <trkpt lat="39.13288361392915248870849609375" lon="117.18758764676749706268310546875">
        <ele>-1</ele>
        <time>2026-05-31T21:39:45.000Z</time>
        <extensions>
          <ns3:TrackPointExtension>
            <ns3:hr>141</ns3:hr>
            <ns3:cad>92</ns3:cad>
          </ns3:TrackPointExtension>
        </extensions>
      </trkpt>
      <trkpt lat="39.13290674798190593719482421875" lon="117.1875751577317714691162109375">
        <ele>-1</ele>
        <time>2026-05-31T21:39:46.000Z</time>
        <extensions>
          <ns3:TrackPointExtension>
            <ns3:hr>141</ns3:hr>
            <ns3:cad>92</ns3:cad>
          </ns3:TrackPointExtension>
        </extensions>
      </trkpt>
      <trkpt lat="39.13293491117656230926513671875" lon="117.18757088296115398406982421875">
        <ele>-1</ele>
        <time>2026-05-31T21:39:47.000Z</time>
        <extensions>
          <ns3:TrackPointExtension>
            <ns3:hr>141</ns3:hr>
            <ns3:cad>92</ns3:cad>
          </ns3:TrackPointExtension>
        </extensions>
      </trkpt>
      <trkpt lat="39.13295745849609375" lon="117.187560908496379852294921875">
        <ele>-1</ele>
        <time>2026-05-31T21:39:48.000Z</time>
        <extensions>
          <ns3:TrackPointExtension>
            <ns3:hr>141</ns3:hr>
            <ns3:cad>92</ns3:cad>
          </ns3:TrackPointExtension>
        </extensions>
      </trkpt>
      <trkpt lat="39.132986627519130706787109375" lon="117.1875533647835254669189453125">
        <ele>-1</ele>
        <time>2026-05-31T21:39:49.000Z</time>
        <extensions>
          <ns3:TrackPointExtension>
            <ns3:hr>140</ns3:hr>
            <ns3:cad>92</ns3:cad>
          </ns3:TrackPointExtension>
        </extensions>
      </trkpt>
      <trkpt lat="39.133009426295757293701171875" lon="117.1875386126339435577392578125">
        <ele>-1</ele>
        <time>2026-05-31T21:39:50.000Z</time>
        <extensions>
          <ns3:TrackPointExtension>
            <ns3:hr>141</ns3:hr>
            <ns3:cad>92</ns3:cad>
          </ns3:TrackPointExtension>
        </extensions>
      </trkpt>
      <trkpt lat="39.13304018788039684295654296875" lon="117.187533415853977203369140625">
        <ele>-1</ele>
        <time>2026-05-31T21:39:51.000Z</time>
        <extensions>
          <ns3:TrackPointExtension>
            <ns3:hr>141</ns3:hr>
            <ns3:cad>92</ns3:cad>
          </ns3:TrackPointExtension>
        </extensions>
      </trkpt>
      <trkpt lat="39.133065752685070037841796875" lon="117.1875238604843616485595703125">
        <ele>-1</ele>
        <time>2026-05-31T21:39:52.000Z</time>
        <extensions>
          <ns3:TrackPointExtension>
            <ns3:hr>141</ns3:hr>
            <ns3:cad>91</ns3:cad>
          </ns3:TrackPointExtension>
        </extensions>
      </trkpt>
      <trkpt lat="39.13309366442263126373291015625" lon="117.18751707114279270172119140625">
        <ele>-1</ele>
        <time>2026-05-31T21:39:53.000Z</time>
        <extensions>
          <ns3:TrackPointExtension>
            <ns3:hr>141</ns3:hr>
            <ns3:cad>91</ns3:cad>
          </ns3:TrackPointExtension>
        </extensions>
      </trkpt>
      <trkpt lat="39.13312015123665332794189453125" lon="117.18750164844095706939697265625">
        <ele>-1</ele>
        <time>2026-05-31T21:39:54.000Z</time>
        <extensions>
          <ns3:TrackPointExtension>
            <ns3:hr>141</ns3:hr>
            <ns3:cad>90</ns3:cad>
          </ns3:TrackPointExtension>
        </extensions>
      </trkpt>
      <trkpt lat="39.13314563222229480743408203125" lon="117.18749242834746837615966796875">
        <ele>-1</ele>
        <time>2026-05-31T21:39:55.000Z</time>
        <extensions>
          <ns3:TrackPointExtension>
            <ns3:hr>140</ns3:hr>
            <ns3:cad>90</ns3:cad>
          </ns3:TrackPointExtension>
        </extensions>
      </trkpt>
      <trkpt lat="39.13317094556987285614013671875" lon="117.18748538754880428314208984375">
        <ele>-1.2000000476837158203125</ele>
        <time>2026-05-31T21:39:56.000Z</time>
        <extensions>
          <ns3:TrackPointExtension>
            <ns3:hr>141</ns3:hr>
            <ns3:cad>91</ns3:cad>
          </ns3:TrackPointExtension>
        </extensions>
      </trkpt>
      <trkpt lat="39.133192487061023712158203125" lon="117.18747382052242755889892578125">
        <ele>-1.2000000476837158203125</ele>
        <time>2026-05-31T21:39:57.000Z</time>
        <extensions>
          <ns3:TrackPointExtension>
            <ns3:hr>141</ns3:hr>
            <ns3:cad>91</ns3:cad>
          </ns3:TrackPointExtension>
        </extensions>
      </trkpt>
      <trkpt lat="39.1332191415131092071533203125" lon="117.18746091239154338836669921875">
        <ele>-1.2000000476837158203125</ele>
        <time>2026-05-31T21:39:58.000Z</time>
        <extensions>
          <ns3:TrackPointExtension>
            <ns3:hr>142</ns3:hr>
            <ns3:cad>91</ns3:cad>
          </ns3:TrackPointExtension>
        </extensions>
      </trkpt>
      <trkpt lat="39.1332462988793849945068359375" lon="117.1874541230499744415283203125">
        <ele>-1</ele>
        <time>2026-05-31T21:39:59.000Z</time>
        <extensions>
          <ns3:TrackPointExtension>
            <ns3:hr>142</ns3:hr>
            <ns3:cad>91</ns3:cad>
          </ns3:TrackPointExtension>
        </extensions>
      </trkpt>
      <trkpt lat="39.1332768090069293975830078125" lon="117.18744414858520030975341796875">
        <ele>-1.2000000476837158203125</ele>
        <time>2026-05-31T21:40:00.000Z</time>
        <extensions>
          <ns3:TrackPointExtension>
            <ns3:hr>142</ns3:hr>
            <ns3:cad>92</ns3:cad>
          </ns3:TrackPointExtension>
        </extensions>
      </trkpt>
      <trkpt lat="39.1332979314029216766357421875" lon="117.1874323301017284393310546875">
        <ele>-1.2000000476837158203125</ele>
        <time>2026-05-31T21:40:01.000Z</time>
        <extensions>
          <ns3:TrackPointExtension>
            <ns3:hr>142</ns3:hr>
            <ns3:cad>92</ns3:cad>
          </ns3:TrackPointExtension>
        </extensions>
      </trkpt>
      <trkpt lat="39.133329279720783233642578125" lon="117.18742235563695430755615234375">
        <ele>-1.2000000476837158203125</ele>
        <time>2026-05-31T21:40:02.000Z</time>
        <extensions>
          <ns3:TrackPointExtension>
            <ns3:hr>142</ns3:hr>
            <ns3:cad>92</ns3:cad>
          </ns3:TrackPointExtension>
        </extensions>
      </trkpt>
      <trkpt lat="39.13335165940225124359130859375" lon="117.1874105371534824371337890625">
        <ele>-1.2000000476837158203125</ele>
        <time>2026-05-31T21:40:03.000Z</time>
        <extensions>
          <ns3:TrackPointExtension>
            <ns3:hr>142</ns3:hr>
            <ns3:cad>92</ns3:cad>
          </ns3:TrackPointExtension>
        </extensions>
      </trkpt>
      <trkpt lat="39.13337781094014644622802734375" lon="117.187402658164501190185546875">
        <ele>-1.2000000476837158203125</ele>
        <time>2026-05-31T21:40:04.000Z</time>
        <extensions>
          <ns3:TrackPointExtension>
            <ns3:hr>143</ns3:hr>
            <ns3:cad>92</ns3:cad>
          </ns3:TrackPointExtension>
        </extensions>
      </trkpt>
      <trkpt lat="39.133401699364185333251953125" lon="117.18739100731909275054931640625">
        <ele>-1.2000000476837158203125</ele>
        <time>2026-05-31T21:40:05.000Z</time>
        <extensions>
          <ns3:TrackPointExtension>
            <ns3:hr>142</ns3:hr>
            <ns3:cad>92</ns3:cad>
          </ns3:TrackPointExtension>
        </extensions>
      </trkpt>
      <trkpt lat="39.13342952728271484375" lon="117.18738463707268238067626953125">
        <ele>-1.2000000476837158203125</ele>
        <time>2026-05-31T21:40:06.000Z</time>
        <extensions>
          <ns3:TrackPointExtension>
            <ns3:hr>142</ns3:hr>
            <ns3:cad>92</ns3:cad>
          </ns3:TrackPointExtension>
        </extensions>
      </trkpt>
      <trkpt lat="39.13345509208738803863525390625" lon="117.187373824417591094970703125">
        <ele>-1.2000000476837158203125</ele>
        <time>2026-05-31T21:40:07.000Z</time>
        <extensions>
          <ns3:TrackPointExtension>
            <ns3:hr>143</ns3:hr>
            <ns3:cad>92</ns3:cad>
          </ns3:TrackPointExtension>
        </extensions>
      </trkpt>
      <trkpt lat="39.13348912261426448822021484375" lon="117.18737281858921051025390625">
        <ele>-1.2000000476837158203125</ele>
        <time>2026-05-31T21:40:08.000Z</time>
        <extensions>
          <ns3:TrackPointExtension>
            <ns3:hr>142</ns3:hr>
            <ns3:cad>92</ns3:cad>
          </ns3:TrackPointExtension>
        </extensions>
      </trkpt>
      <trkpt lat="39.13350923918187618255615234375" lon="117.18735865317285060882568359375">
        <ele>-1.2000000476837158203125</ele>
        <time>2026-05-31T21:40:09.000Z</time>
        <extensions>
          <ns3:TrackPointExtension>
            <ns3:hr>142</ns3:hr>
            <ns3:cad>92</ns3:cad>
          </ns3:TrackPointExtension>
        </extensions>
      </trkpt>
      <trkpt lat="39.1335435211658477783203125" lon="117.18735731206834316253662109375">
        <ele>-1.2000000476837158203125</ele>
        <time>2026-05-31T21:40:10.000Z</time>
        <extensions>
          <ns3:TrackPointExtension>
            <ns3:hr>143</ns3:hr>
            <ns3:cad>92</ns3:cad>
          </ns3:TrackPointExtension>
        </extensions>
      </trkpt>
      <trkpt lat="39.1335664875805377960205078125" lon="117.18734121881425380706787109375">
        <ele>-1.2000000476837158203125</ele>
        <time>2026-05-31T21:40:11.000Z</time>
        <extensions>
          <ns3:TrackPointExtension>
            <ns3:hr>142</ns3:hr>
            <ns3:cad>92</ns3:cad>
          </ns3:TrackPointExtension>
        </extensions>
      </trkpt>
      <trkpt lat="39.1335664875805377960205078125" lon="117.18734121881425380706787109375">
        <ele>-1.2000000476837158203125</ele>
        <time>2026-05-31T21:40:12.000Z</time>
        <extensions>
          <ns3:TrackPointExtension>
            <ns3:hr>142</ns3:hr>
            <ns3:cad>92</ns3:cad>
          </ns3:TrackPointExtension>
        </extensions>
      </trkpt>
      <trkpt lat="39.13361803628504276275634765625" lon="117.1873112954199314117431640625">
        <ele>-1.2000000476837158203125</ele>
        <time>2026-05-31T21:40:13.000Z</time>
        <extensions>
          <ns3:TrackPointExtension>
            <ns3:hr>143</ns3:hr>
            <ns3:cad>93</ns3:cad>
          </ns3:TrackPointExtension>
        </extensions>
      </trkpt>
      <trkpt lat="39.13364854641258716583251953125" lon="117.187304086983203887939453125">
        <ele>-1.2000000476837158203125</ele>
        <time>2026-05-31T21:40:14.000Z</time>
        <extensions>
          <ns3:TrackPointExtension>
            <ns3:hr>142</ns3:hr>
            <ns3:cad>93</ns3:cad>
          </ns3:TrackPointExtension>
        </extensions>
      </trkpt>
      <trkpt lat="39.133670590817928314208984375" lon="117.18729193322360515594482421875">
        <ele>-1.2000000476837158203125</ele>
        <time>2026-05-31T21:40:15.000Z</time>
        <extensions>
          <ns3:TrackPointExtension>
            <ns3:hr>142</ns3:hr>
            <ns3:cad>93</ns3:cad>
          </ns3:TrackPointExtension>
        </extensions>
      </trkpt>
      <trkpt lat="39.13370235823094844818115234375" lon="117.1872876584529876708984375">
        <ele>-1.2000000476837158203125</ele>
        <time>2026-05-31T21:40:16.000Z</time>
        <extensions>
          <ns3:TrackPointExtension>
            <ns3:hr>143</ns3:hr>
            <ns3:cad>92</ns3:cad>
          </ns3:TrackPointExtension>
        </extensions>
      </trkpt>
      <trkpt lat="39.13372565992176532745361328125" lon="117.1872807852923870086669921875">
        <ele>-1.2000000476837158203125</ele>
        <time>2026-05-31T21:40:17.000Z</time>
        <extensions>
          <ns3:TrackPointExtension>
            <ns3:hr>142</ns3:hr>
            <ns3:cad>92</ns3:cad>
          </ns3:TrackPointExtension>
        </extensions>
      </trkpt>
      <trkpt lat="39.133756421506404876708984375" lon="117.18727835454046726226806640625">
        <ele>-1.2000000476837158203125</ele>
        <time>2026-05-31T21:40:18.000Z</time>
        <extensions>
          <ns3:TrackPointExtension>
            <ns3:hr>142</ns3:hr>
            <ns3:cad>92</ns3:cad>
          </ns3:TrackPointExtension>
        </extensions>
      </trkpt>
      <trkpt lat="39.13378114812076091766357421875" lon="117.18726980499923229217529296875">
        <ele>-1.2000000476837158203125</ele>
        <time>2026-05-31T21:40:19.000Z</time>
        <extensions>
          <ns3:TrackPointExtension>
            <ns3:hr>142</ns3:hr>
            <ns3:cad>92</ns3:cad>
          </ns3:TrackPointExtension>
        </extensions>
      </trkpt>
      <trkpt lat="39.13380864076316356658935546875" lon="117.187265865504741668701171875">
        <ele>-1.2000000476837158203125</ele>
        <time>2026-05-31T21:40:20.000Z</time>
        <extensions>
          <ns3:TrackPointExtension>
            <ns3:hr>143</ns3:hr>
            <ns3:cad>92</ns3:cad>
          </ns3:TrackPointExtension>
        </extensions>
      </trkpt>
      <trkpt lat="39.13383546285331249237060546875" lon="117.18725748360157012939453125">
        <ele>-1.2000000476837158203125</ele>
        <time>2026-05-31T21:40:21.000Z</time>
        <extensions>
          <ns3:TrackPointExtension>
            <ns3:hr>142</ns3:hr>
            <ns3:cad>92</ns3:cad>
          </ns3:TrackPointExtension>
        </extensions>
      </trkpt>
      <trkpt lat="39.13386379368603229522705078125" lon="117.18725203536450862884521484375">
        <ele>-1.2000000476837158203125</ele>
        <time>2026-05-31T21:40:22.000Z</time>
        <extensions>
          <ns3:TrackPointExtension>
            <ns3:hr>142</ns3:hr>
            <ns3:cad>91</ns3:cad>
          </ns3:TrackPointExtension>
        </extensions>
      </trkpt>
      <trkpt lat="39.13388893939554691314697265625" lon="117.18724063597619533538818359375">
        <ele>-1.2000000476837158203125</ele>
        <time>2026-05-31T21:40:23.000Z</time>
        <extensions>
          <ns3:TrackPointExtension>
            <ns3:hr>143</ns3:hr>
            <ns3:cad>91</ns3:cad>
          </ns3:TrackPointExtension>
        </extensions>
      </trkpt>
      <trkpt lat="39.133914671838283538818359375" lon="117.18723141588270664215087890625">
        <ele>-1.2000000476837158203125</ele>
        <time>2026-05-31T21:40:24.000Z</time>
        <extensions>
          <ns3:TrackPointExtension>
            <ns3:hr>142</ns3:hr>
            <ns3:cad>91</ns3:cad>
          </ns3:TrackPointExtension>
        </extensions>
      </trkpt>
      <trkpt lat="39.13394208066165447235107421875" lon="117.18722437508404254913330078125">
        <ele>-1.2000000476837158203125</ele>
        <time>2026-05-31T21:40:25.000Z</time>
        <extensions>
          <ns3:TrackPointExtension>
            <ns3:hr>142</ns3:hr>
            <ns3:cad>91</ns3:cad>
          </ns3:TrackPointExtension>
        </extensions>
      </trkpt>
      <trkpt lat="39.13396554999053478240966796875" lon="117.18721766956150531768798828125">
        <ele>-1.2000000476837158203125</ele>
        <time>2026-05-31T21:40:26.000Z</time>
        <extensions>
          <ns3:TrackPointExtension>
            <ns3:hr>143</ns3:hr>
            <ns3:cad>91</ns3:cad>
          </ns3:TrackPointExtension>
        </extensions>
      </trkpt>
      <trkpt lat="39.1339932940900325775146484375" lon="117.18721046112477779388427734375">
        <ele>-1.2000000476837158203125</ele>
        <time>2026-05-31T21:40:27.000Z</time>
        <extensions>
          <ns3:TrackPointExtension>
            <ns3:hr>142</ns3:hr>
            <ns3:cad>91</ns3:cad>
          </ns3:TrackPointExtension>
        </extensions>
      </trkpt>
      <trkpt lat="39.13401114754378795623779296875" lon="117.1872060187160968780517578125">
        <ele>-1.2000000476837158203125</ele>
        <time>2026-05-31T21:40:28.000Z</time>
        <extensions>
          <ns3:TrackPointExtension>
            <ns3:hr>142</ns3:hr>
            <ns3:cad>91</ns3:cad>
          </ns3:TrackPointExtension>
        </extensions>
      </trkpt>
      <trkpt lat="39.1340370476245880126953125" lon="117.18720643781125545501708984375">
        <ele>-1.2000000476837158203125</ele>
        <time>2026-05-31T21:40:29.000Z</time>
        <extensions>
          <ns3:TrackPointExtension>
            <ns3:hr>143</ns3:hr>
            <ns3:cad>90</ns3:cad>
          </ns3:TrackPointExtension>
        </extensions>
      </trkpt>
      <trkpt lat="39.13405607454478740692138671875" lon="117.187201492488384246826171875">
        <ele>-1.2000000476837158203125</ele>
        <time>2026-05-31T21:40:30.000Z</time>
        <extensions>
          <ns3:TrackPointExtension>
            <ns3:hr>142</ns3:hr>
            <ns3:cad>90</ns3:cad>
          </ns3:TrackPointExtension>
        </extensions>
      </trkpt>
      <trkpt lat="39.1340853273868560791015625" lon="117.18720115721225738525390625">
        <ele>-1.2000000476837158203125</ele>
        <time>2026-05-31T21:40:31.000Z</time>
        <extensions>
          <ns3:TrackPointExtension>
            <ns3:hr>142</ns3:hr>
            <ns3:cad>91</ns3:cad>
          </ns3:TrackPointExtension>
        </extensions>
      </trkpt>
      <trkpt lat="39.134108126163482666015625" lon="117.1871964633464813232421875">
        <ele>-1.2000000476837158203125</ele>
        <time>2026-05-31T21:40:32.000Z</time>
        <extensions>
          <ns3:TrackPointExtension>
            <ns3:hr>142</ns3:hr>
            <ns3:cad>91</ns3:cad>
          </ns3:TrackPointExtension>
        </extensions>
      </trkpt>
      <trkpt lat="39.1341394744813442230224609375" lon="117.1871973015367984771728515625">
        <ele>-1.2000000476837158203125</ele>
        <time>2026-05-31T21:40:33.000Z</time>
        <extensions>
          <ns3:TrackPointExtension>
            <ns3:hr>142</ns3:hr>
            <ns3:cad>92</ns3:cad>
          </ns3:TrackPointExtension>
        </extensions>
      </trkpt>
      <trkpt lat="39.13415950722992420196533203125" lon="117.18718933872878551483154296875">
        <ele>-1.2000000476837158203125</ele>
        <time>2026-05-31T21:40:34.000Z</time>
        <extensions>
          <ns3:TrackPointExtension>
            <ns3:hr>142</ns3:hr>
            <ns3:cad>92</ns3:cad>
          </ns3:TrackPointExtension>
        </extensions>
      </trkpt>
      <trkpt lat="39.1341907717287540435791015625" lon="117.187192775309085845947265625">
        <ele>-1.2000000476837158203125</ele>
        <time>2026-05-31T21:40:35.000Z</time>
        <extensions>
          <ns3:TrackPointExtension>
            <ns3:hr>141</ns3:hr>
            <ns3:cad>92</ns3:cad>
          </ns3:TrackPointExtension>
        </extensions>
      </trkpt>
      <trkpt lat="39.134210385382175445556640625" lon="117.18717995099723339080810546875">
        <ele>-1.2000000476837158203125</ele>
        <time>2026-05-31T21:40:36.000Z</time>
        <extensions>
          <ns3:TrackPointExtension>
            <ns3:hr>142</ns3:hr>
            <ns3:cad>92</ns3:cad>
          </ns3:TrackPointExtension>
        </extensions>
      </trkpt>
      <trkpt lat="39.13423955440521240234375" lon="117.1871748380362987518310546875">
        <ele>-1.2000000476837158203125</ele>
        <time>2026-05-31T21:40:37.000Z</time>
        <extensions>
          <ns3:TrackPointExtension>
            <ns3:hr>142</ns3:hr>
            <ns3:cad>92</ns3:cad>
          </ns3:TrackPointExtension>
        </extensions>
      </trkpt>
      <trkpt lat="39.13426226936280727386474609375" lon="117.1871696412563323974609375">
        <ele>-1.2000000476837158203125</ele>
        <time>2026-05-31T21:40:38.000Z</time>
        <extensions>
          <ns3:TrackPointExtension>
            <ns3:hr>142</ns3:hr>
            <ns3:cad>92</ns3:cad>
          </ns3:TrackPointExtension>
        </extensions>
      </trkpt>
      <trkpt lat="39.1342970542609691619873046875" lon="117.1871791966259479522705078125">
        <ele>-1.2000000476837158203125</ele>
        <time>2026-05-31T21:40:39.000Z</time>
        <extensions>
          <ns3:TrackPointExtension>
            <ns3:hr>142</ns3:hr>
            <ns3:cad>92</ns3:cad>
          </ns3:TrackPointExtension>
        </extensions>
      </trkpt>
      <trkpt lat="39.13432228378951549530029296875" lon="117.1871758438646793365478515625">
        <ele>-1.2000000476837158203125</ele>
        <time>2026-05-31T21:40:40.000Z</time>
        <extensions>
          <ns3:TrackPointExtension>
            <ns3:hr>142</ns3:hr>
            <ns3:cad>91</ns3:cad>
          </ns3:TrackPointExtension>
        </extensions>
      </trkpt>
      <trkpt lat="39.1343543864786624908447265625" lon="117.187182717025279998779296875">
        <ele>-1.2000000476837158203125</ele>
        <time>2026-05-31T21:40:41.000Z</time>
        <extensions>
          <ns3:TrackPointExtension>
            <ns3:hr>143</ns3:hr>
            <ns3:cad>91</ns3:cad>
          </ns3:TrackPointExtension>
        </extensions>
      </trkpt>
      <trkpt lat="39.13437643088400363922119140625" lon="117.187176682054996490478515625">
        <ele>-1.2000000476837158203125</ele>
        <time>2026-05-31T21:40:42.000Z</time>
        <extensions>
          <ns3:TrackPointExtension>
            <ns3:hr>142</ns3:hr>
            <ns3:cad>91</ns3:cad>
          </ns3:TrackPointExtension>
        </extensions>
      </trkpt>
      <trkpt lat="39.13440610282123088836669921875" lon="117.1871832199394702911376953125">
        <ele>-1.2000000476837158203125</ele>
        <time>2026-05-31T21:40:43.000Z</time>
        <extensions>
          <ns3:TrackPointExtension>
            <ns3:hr>142</ns3:hr>
            <ns3:cad>91</ns3:cad>
          </ns3:TrackPointExtension>
        </extensions>
      </trkpt>
      <trkpt lat="39.1344340145587921142578125" lon="117.1871750056743621826171875">
        <ele>-1.2000000476837158203125</ele>
        <time>2026-05-31T21:40:44.000Z</time>
        <extensions>
          <ns3:TrackPointExtension>
            <ns3:hr>143</ns3:hr>
            <ns3:cad>91</ns3:cad>
          </ns3:TrackPointExtension>
        </extensions>
      </trkpt>
      <trkpt lat="39.1344680450856685638427734375" lon="117.187181375920772552490234375">
        <ele>-1.2000000476837158203125</ele>
        <time>2026-05-31T21:40:45.000Z</time>
        <extensions>
          <ns3:TrackPointExtension>
            <ns3:hr>143</ns3:hr>
            <ns3:cad>91</ns3:cad>
          </ns3:TrackPointExtension>
        </extensions>
      </trkpt>
      <trkpt lat="39.1344921849668025970458984375" lon="117.18717525713145732879638671875">
        <ele>-1.2000000476837158203125</ele>
        <time>2026-05-31T21:40:46.000Z</time>
        <extensions>
          <ns3:TrackPointExtension>
            <ns3:hr>143</ns3:hr>
            <ns3:cad>91</ns3:cad>
          </ns3:TrackPointExtension>
        </extensions>
      </trkpt>
      <trkpt lat="39.13452453911304473876953125" lon="117.1871765144169330596923828125">
        <ele>-1.2000000476837158203125</ele>
        <time>2026-05-31T21:40:47.000Z</time>
        <extensions>
          <ns3:TrackPointExtension>
            <ns3:hr>143</ns3:hr>
            <ns3:cad>92</ns3:cad>
          </ns3:TrackPointExtension>
        </extensions>
      </trkpt>
      <trkpt lat="39.13455002009868621826171875" lon="117.187168635427951812744140625">
        <ele>-1.2000000476837158203125</ele>
        <time>2026-05-31T21:40:48.000Z</time>
        <extensions>
          <ns3:TrackPointExtension>
            <ns3:hr>143</ns3:hr>
            <ns3:cad>92</ns3:cad>
          </ns3:TrackPointExtension>
        </extensions>
      </trkpt>
      <trkpt lat="39.134578518569469451904296875" lon="117.18717022798955440521240234375">
        <ele>-1.2000000476837158203125</ele>
        <time>2026-05-31T21:40:49.000Z</time>
        <extensions>
          <ns3:TrackPointExtension>
            <ns3:hr>143</ns3:hr>
            <ns3:cad>92</ns3:cad>
          </ns3:TrackPointExtension>
        </extensions>
      </trkpt>
      <trkpt lat="39.13460609503090381622314453125" lon="117.187167294323444366455078125">
        <ele>-1.2000000476837158203125</ele>
        <time>2026-05-31T21:40:50.000Z</time>
        <extensions>
          <ns3:TrackPointExtension>
            <ns3:hr>144</ns3:hr>
            <ns3:cad>92</ns3:cad>
          </ns3:TrackPointExtension>
        </extensions>
      </trkpt>
      <trkpt lat="39.13462889380753040313720703125" lon="117.1871610917150974273681640625">
        <ele>-1.2000000476837158203125</ele>
        <time>2026-05-31T21:40:51.000Z</time>
        <extensions>
          <ns3:TrackPointExtension>
            <ns3:hr>144</ns3:hr>
            <ns3:cad>92</ns3:cad>
          </ns3:TrackPointExtension>
        </extensions>
      </trkpt>
      <trkpt lat="39.13465789519250392913818359375" lon="117.18715866096317768096923828125">
        <ele>-1.2000000476837158203125</ele>
        <time>2026-05-31T21:40:52.000Z</time>
        <extensions>
          <ns3:TrackPointExtension>
            <ns3:hr>144</ns3:hr>
            <ns3:cad>92</ns3:cad>
          </ns3:TrackPointExtension>
        </extensions>
      </trkpt>
      <trkpt lat="39.134682118892669677734375" lon="117.18715497292578220367431640625">
        <ele>-1.2000000476837158203125</ele>
        <time>2026-05-31T21:40:53.000Z</time>
        <extensions>
          <ns3:TrackPointExtension>
            <ns3:hr>143</ns3:hr>
            <ns3:cad>92</ns3:cad>
          </ns3:TrackPointExtension>
        </extensions>
      </trkpt>
      <trkpt lat="39.134713970124721527099609375" lon="117.1871537156403064727783203125">
        <ele>-1</ele>
        <time>2026-05-31T21:40:54.000Z</time>
        <extensions>
          <ns3:TrackPointExtension>
            <ns3:hr>143</ns3:hr>
            <ns3:cad>92</ns3:cad>
          </ns3:TrackPointExtension>
        </extensions>
      </trkpt>
      <trkpt lat="39.1347366012632846832275390625" lon="117.1871476806700229644775390625">
        <ele>-1</ele>
        <time>2026-05-31T21:40:55.000Z</time>
        <extensions>
          <ns3:TrackPointExtension>
            <ns3:hr>143</ns3:hr>
            <ns3:cad>92</ns3:cad>
          </ns3:TrackPointExtension>
        </extensions>
      </trkpt>
      <trkpt lat="39.13476753048598766326904296875" lon="117.18714809976518154144287109375">
        <ele>-1</ele>
        <time>2026-05-31T21:40:56.000Z</time>
        <extensions>
          <ns3:TrackPointExtension>
            <ns3:hr>143</ns3:hr>
            <ns3:cad>92</ns3:cad>
          </ns3:TrackPointExtension>
        </extensions>
      </trkpt>
      <trkpt lat="39.13479301147162914276123046875" lon="117.1871423162519931793212890625">
        <ele>-1</ele>
        <time>2026-05-31T21:40:57.000Z</time>
        <extensions>
          <ns3:TrackPointExtension>
            <ns3:hr>143</ns3:hr>
            <ns3:cad>92</ns3:cad>
          </ns3:TrackPointExtension>
        </extensions>
      </trkpt>
      <trkpt lat="39.13482494652271270751953125" lon="117.1871423162519931793212890625">
        <ele>-1</ele>
        <time>2026-05-31T21:40:58.000Z</time>
        <extensions>
          <ns3:TrackPointExtension>
            <ns3:hr>142</ns3:hr>
            <ns3:cad>92</ns3:cad>
          </ns3:TrackPointExtension>
        </extensions>
      </trkpt>
      <trkpt lat="39.1348472423851490020751953125" lon="117.18712898902595043182373046875">
        <ele>-1</ele>
        <time>2026-05-31T21:40:59.000Z</time>
        <extensions>
          <ns3:TrackPointExtension>
            <ns3:hr>142</ns3:hr>
            <ns3:cad>92</ns3:cad>
          </ns3:TrackPointExtension>
        </extensions>
      </trkpt>
      <trkpt lat="39.134879596531391143798828125" lon="117.18712463043630123138427734375">
        <ele>-1</ele>
        <time>2026-05-31T21:41:00.000Z</time>
        <extensions>
          <ns3:TrackPointExtension>
            <ns3:hr>142</ns3:hr>
            <ns3:cad>92</ns3:cad>
          </ns3:TrackPointExtension>
        </extensions>
      </trkpt>
      <trkpt lat="39.13490197621285915374755859375" lon="117.18711532652378082275390625">
        <ele>-1</ele>
        <time>2026-05-31T21:41:01.000Z</time>
        <extensions>
          <ns3:TrackPointExtension>
            <ns3:hr>141</ns3:hr>
            <ns3:cad>92</ns3:cad>
          </ns3:TrackPointExtension>
        </extensions>
      </trkpt>
      <trkpt lat="39.134933240711688995361328125" lon="117.18711390160024166107177734375">
        <ele>-1</ele>
        <time>2026-05-31T21:41:02.000Z</time>
        <extensions>
          <ns3:TrackPointExtension>
            <ns3:hr>141</ns3:hr>
            <ns3:cad>92</ns3:cad>
          </ns3:TrackPointExtension>
        </extensions>
      </trkpt>
      <trkpt lat="39.134958721697330474853515625" lon="117.18710459768772125244140625">
        <ele>-1</ele>
        <time>2026-05-31T21:41:03.000Z</time>
        <extensions>
          <ns3:TrackPointExtension>
            <ns3:hr>141</ns3:hr>
            <ns3:cad>92</ns3:cad>
          </ns3:TrackPointExtension>
        </extensions>
      </trkpt>
      <trkpt lat="39.1349904052913188934326171875" lon="117.18710459768772125244140625">
        <ele>-1</ele>
        <time>2026-05-31T21:41:04.000Z</time>
        <extensions>
          <ns3:TrackPointExtension>
            <ns3:hr>141</ns3:hr>
            <ns3:cad>92</ns3:cad>
          </ns3:TrackPointExtension>
        </extensions>
      </trkpt>
      <trkpt lat="39.1350160539150238037109375" lon="117.18709898181259632110595703125">
        <ele>-1</ele>
        <time>2026-05-31T21:41:05.000Z</time>
        <extensions>
          <ns3:TrackPointExtension>
            <ns3:hr>140</ns3:hr>
            <ns3:cad>91</ns3:cad>
          </ns3:TrackPointExtension>
        </extensions>
      </trkpt>
      <trkpt lat="39.135047905147075653076171875" lon="117.18708909116685390472412109375">
        <ele>-1</ele>
        <time>2026-05-31T21:41:06.000Z</time>
        <extensions>
          <ns3:TrackPointExtension>
            <ns3:hr>140</ns3:hr>
            <ns3:cad>91</ns3:cad>
          </ns3:TrackPointExtension>
        </extensions>
      </trkpt>
      <trkpt lat="39.1350748948752880096435546875" lon="117.187079451978206634521484375">
        <ele>-1</ele>
        <time>2026-05-31T21:41:07.000Z</time>
        <extensions>
          <ns3:TrackPointExtension>
            <ns3:hr>140</ns3:hr>
            <ns3:cad>90</ns3:cad>
          </ns3:TrackPointExtension>
        </extensions>
      </trkpt>
      <trkpt lat="39.13509987294673919677734375" lon="117.1870906837284564971923828125">
        <ele>-1</ele>
        <time>2026-05-31T21:41:08.000Z</time>
        <extensions>
          <ns3:TrackPointExtension>
            <ns3:hr>140</ns3:hr>
            <ns3:cad>90</ns3:cad>
          </ns3:TrackPointExtension>
        </extensions>
      </trkpt>
      <trkpt lat="39.1351265273988246917724609375" lon="117.18708674423396587371826171875">
        <ele>-1</ele>
        <time>2026-05-31T21:41:09.000Z</time>
        <extensions>
          <ns3:TrackPointExtension>
            <ns3:hr>140</ns3:hr>
            <ns3:cad>90</ns3:cad>
          </ns3:TrackPointExtension>
        </extensions>
      </trkpt>
      <trkpt lat="39.1351533494889736175537109375" lon="117.1870960481464862823486328125">
        <ele>-1</ele>
        <time>2026-05-31T21:41:10.000Z</time>
        <extensions>
          <ns3:TrackPointExtension>
            <ns3:hr>140</ns3:hr>
            <ns3:cad>90</ns3:cad>
          </ns3:TrackPointExtension>
        </extensions>
      </trkpt>
      <trkpt lat="39.13517824374139308929443359375" lon="117.187094204127788543701171875">
        <ele>-1</ele>
        <time>2026-05-31T21:41:11.000Z</time>
        <extensions>
          <ns3:TrackPointExtension>
            <ns3:hr>140</ns3:hr>
            <ns3:cad>91</ns3:cad>
          </ns3:TrackPointExtension>
        </extensions>
      </trkpt>
      <trkpt lat="39.1352091729640960693359375" lon="117.18709965236485004425048828125">
        <ele>-1</ele>
        <time>2026-05-31T21:41:12.000Z</time>
        <extensions>
          <ns3:TrackPointExtension>
            <ns3:hr>140</ns3:hr>
            <ns3:cad>92</ns3:cad>
          </ns3:TrackPointExtension>
        </extensions>
      </trkpt>
      <trkpt lat="39.13523624651134014129638671875" lon="117.18709797598421573638916015625">
        <ele>-1</ele>
        <time>2026-05-31T21:41:13.000Z</time>
        <extensions>
          <ns3:TrackPointExtension>
            <ns3:hr>140</ns3:hr>
            <ns3:cad>92</ns3:cad>
          </ns3:TrackPointExtension>
        </extensions>
      </trkpt>
      <trkpt lat="39.13526189513504505157470703125" lon="117.1871025860309600830078125">
        <ele>-1</ele>
        <time>2026-05-31T21:41:14.000Z</time>
        <extensions>
          <ns3:TrackPointExtension>
            <ns3:hr>140</ns3:hr>
            <ns3:cad>92</ns3:cad>
          </ns3:TrackPointExtension>
        </extensions>
      </trkpt>
      <trkpt lat="39.1352871246635913848876953125" lon="117.18709445558488368988037109375">
        <ele>-1</ele>
        <time>2026-05-31T21:41:15.000Z</time>
        <extensions>
          <ns3:TrackPointExtension>
            <ns3:hr>140</ns3:hr>
            <ns3:cad>91</ns3:cad>
          </ns3:TrackPointExtension>
        </extensions>
      </trkpt>
      <trkpt lat="39.13532157428562641143798828125" lon="117.1870926953852176666259765625">
        <ele>-1</ele>
        <time>2026-05-31T21:41:16.000Z</time>
        <extensions>
          <ns3:TrackPointExtension>
            <ns3:hr>140</ns3:hr>
            <ns3:cad>91</ns3:cad>
          </ns3:TrackPointExtension>
        </extensions>
      </trkpt>
      <trkpt lat="39.13535024039447307586669921875" lon="117.18708791770040988922119140625">
        <ele>-1</ele>
        <time>2026-05-31T21:41:17.000Z</time>
        <extensions>
          <ns3:TrackPointExtension>
            <ns3:hr>141</ns3:hr>
            <ns3:cad>91</ns3:cad>
          </ns3:TrackPointExtension>
        </extensions>
      </trkpt>
      <trkpt lat="39.13537471555173397064208984375" lon="117.18708707951009273529052734375">
        <ele>-1</ele>
        <time>2026-05-31T21:41:18.000Z</time>
        <extensions>
          <ns3:TrackPointExtension>
            <ns3:hr>141</ns3:hr>
            <ns3:cad>91</ns3:cad>
          </ns3:TrackPointExtension>
        </extensions>
      </trkpt>
      <trkpt lat="39.135402627289295196533203125" lon="117.18708573840558528900146484375">
        <ele>-1</ele>
        <time>2026-05-31T21:41:19.000Z</time>
        <extensions>
          <ns3:TrackPointExtension>
            <ns3:hr>141</ns3:hr>
            <ns3:cad>90</ns3:cad>
          </ns3:TrackPointExtension>
        </extensions>
      </trkpt>
      <trkpt lat="39.13542802445590496063232421875" lon="117.1870846487581729888916015625">
        <ele>-1</ele>
        <time>2026-05-31T21:41:20.000Z</time>
        <extensions>
          <ns3:TrackPointExtension>
            <ns3:hr>141</ns3:hr>
            <ns3:cad>90</ns3:cad>
          </ns3:TrackPointExtension>
        </extensions>
      </trkpt>
      <trkpt lat="39.1354581154882907867431640625" lon="117.1870859898626804351806640625">
        <ele>-1</ele>
        <time>2026-05-31T21:41:21.000Z</time>
        <extensions>
          <ns3:TrackPointExtension>
            <ns3:hr>141</ns3:hr>
            <ns3:cad>92</ns3:cad>
          </ns3:TrackPointExtension>
        </extensions>
      </trkpt>
      <trkpt lat="39.13548233918845653533935546875" lon="117.18709344975650310516357421875">
        <ele>-1</ele>
        <time>2026-05-31T21:41:22.000Z</time>
        <extensions>
          <ns3:TrackPointExtension>
            <ns3:hr>141</ns3:hr>
            <ns3:cad>92</ns3:cad>
          </ns3:TrackPointExtension>
        </extensions>
      </trkpt>
      <trkpt lat="39.13551351986825466156005859375" lon="117.18709344975650310516357421875">
        <ele>-1</ele>
        <time>2026-05-31T21:41:23.000Z</time>
        <extensions>
          <ns3:TrackPointExtension>
            <ns3:hr>141</ns3:hr>
            <ns3:cad>92</ns3:cad>
          </ns3:TrackPointExtension>
        </extensions>
      </trkpt>
      <trkpt lat="39.13553900085389614105224609375" lon="117.18709764070808887481689453125">
        <ele>-1</ele>
        <time>2026-05-31T21:41:24.000Z</time>
        <extensions>
          <ns3:TrackPointExtension>
            <ns3:hr>141</ns3:hr>
            <ns3:cad>92</ns3:cad>
          </ns3:TrackPointExtension>
        </extensions>
      </trkpt>
      <trkpt lat="39.13556615822017192840576171875" lon="117.1871071122586727142333984375">
        <ele>-1</ele>
        <time>2026-05-31T21:41:25.000Z</time>
        <extensions>
          <ns3:TrackPointExtension>
            <ns3:hr>141</ns3:hr>
            <ns3:cad>92</ns3:cad>
          </ns3:TrackPointExtension>
        </extensions>
      </trkpt>
      <trkpt lat="39.13558577187359333038330078125" lon="117.187111638486385345458984375">
        <ele>-1</ele>
        <time>2026-05-31T21:41:26.000Z</time>
        <extensions>
          <ns3:TrackPointExtension>
            <ns3:hr>141</ns3:hr>
            <ns3:cad>92</ns3:cad>
          </ns3:TrackPointExtension>
        </extensions>
      </trkpt>
      <trkpt lat="39.1356074810028076171875" lon="117.18712412752211093902587890625">
        <ele>-1</ele>
        <time>2026-05-31T21:41:27.000Z</time>
        <extensions>
          <ns3:TrackPointExtension>
            <ns3:hr>141</ns3:hr>
            <ns3:cad>92</ns3:cad>
          </ns3:TrackPointExtension>
        </extensions>
      </trkpt>
      <trkpt lat="39.13562558591365814208984375" lon="117.1871387958526611328125">
        <ele>-1</ele>
        <time>2026-05-31T21:41:28.000Z</time>
        <extensions>
          <ns3:TrackPointExtension>
            <ns3:hr>141</ns3:hr>
            <ns3:cad>92</ns3:cad>
          </ns3:TrackPointExtension>
        </extensions>
      </trkpt>
      <trkpt lat="39.13564838469028472900390625" lon="117.18715027906000614166259765625">
        <ele>-1</ele>
        <time>2026-05-31T21:41:29.000Z</time>
        <extensions>
          <ns3:TrackPointExtension>
            <ns3:hr>141</ns3:hr>
            <ns3:cad>92</ns3:cad>
          </ns3:TrackPointExtension>
        </extensions>
      </trkpt>
      <trkpt lat="39.13566757924854755401611328125" lon="117.187155224382877349853515625">
        <ele>-1</ele>
        <time>2026-05-31T21:41:30.000Z</time>
        <extensions>
          <ns3:TrackPointExtension>
            <ns3:hr>141</ns3:hr>
            <ns3:cad>90</ns3:cad>
          </ns3:TrackPointExtension>
        </extensions>
      </trkpt>
      <trkpt lat="39.13569322787225246429443359375" lon="117.1871517039835453033447265625">
        <ele>-1</ele>
        <time>2026-05-31T21:41:31.000Z</time>
        <extensions>
          <ns3:TrackPointExtension>
            <ns3:hr>141</ns3:hr>
            <ns3:cad>90</ns3:cad>
          </ns3:TrackPointExtension>
        </extensions>
      </trkpt>
      <trkpt lat="39.1357206366956233978271484375" lon="117.1871503628790378570556640625">
        <ele>-1</ele>
        <time>2026-05-31T21:41:32.000Z</time>
        <extensions>
          <ns3:TrackPointExtension>
            <ns3:hr>141</ns3:hr>
            <ns3:cad>90</ns3:cad>
          </ns3:TrackPointExtension>
        </extensions>
      </trkpt>
      <trkpt lat="39.13575030863285064697265625" lon="117.18715178780257701873779296875">
        <ele>-1</ele>
        <time>2026-05-31T21:41:33.000Z</time>
        <extensions>
          <ns3:TrackPointExtension>
            <ns3:hr>141</ns3:hr>
            <ns3:cad>90</ns3:cad>
          </ns3:TrackPointExtension>
        </extensions>
      </trkpt>
      <trkpt lat="39.13577201776206493377685546875" lon="117.18715681694447994232177734375">
        <ele>-1</ele>
        <time>2026-05-31T21:41:34.000Z</time>
        <extensions>
          <ns3:TrackPointExtension>
            <ns3:hr>141</ns3:hr>
            <ns3:cad>90</ns3:cad>
          </ns3:TrackPointExtension>
        </extensions>
      </trkpt>
      <trkpt lat="39.1357866860926151275634765625" lon="117.18715547583997249603271484375">
        <ele>-1</ele>
        <time>2026-05-31T21:41:35.000Z</time>
        <extensions>
          <ns3:TrackPointExtension>
            <ns3:hr>142</ns3:hr>
            <ns3:cad>90</ns3:cad>
          </ns3:TrackPointExtension>
        </extensions>
      </trkpt>
      <trkpt lat="39.135803282260894775390625" lon="117.1871580742299556732177734375">
        <ele>-1</ele>
        <time>2026-05-31T21:41:36.000Z</time>
        <extensions>
          <ns3:TrackPointExtension>
            <ns3:hr>142</ns3:hr>
            <ns3:cad>90</ns3:cad>
          </ns3:TrackPointExtension>
        </extensions>
      </trkpt>
      <trkpt lat="39.1358061321079730987548828125" lon="117.18715765513479709625244140625">
        <ele>-1</ele>
        <time>2026-05-31T21:41:37.000Z</time>
        <extensions>
          <ns3:TrackPointExtension>
            <ns3:hr>142</ns3:hr>
            <ns3:cad>90</ns3:cad>
          </ns3:TrackPointExtension>
        </extensions>
      </trkpt>
      <trkpt lat="39.13582272827625274658203125" lon="117.1871651150286197662353515625">
        <ele>-1</ele>
        <time>2026-05-31T21:41:38.000Z</time>
        <extensions>
          <ns3:TrackPointExtension>
            <ns3:hr>142</ns3:hr>
            <ns3:cad>90</ns3:cad>
          </ns3:TrackPointExtension>
        </extensions>
      </trkpt>
      <trkpt lat="39.1358346305787563323974609375" lon="117.18714927323162555694580078125">
        <ele>-0.800000011920928955078125</ele>
        <time>2026-05-31T21:41:39.000Z</time>
        <extensions>
          <ns3:TrackPointExtension>
            <ns3:hr>142</ns3:hr>
            <ns3:cad>90</ns3:cad>
          </ns3:TrackPointExtension>
        </extensions>
      </trkpt>
      <trkpt lat="39.1358567588031291961669921875" lon="117.187149189412593841552734375">
        <ele>-0.800000011920928955078125</ele>
        <time>2026-05-31T21:41:40.000Z</time>
        <extensions>
          <ns3:TrackPointExtension>
            <ns3:hr>143</ns3:hr>
            <ns3:cad>90</ns3:cad>
          </ns3:TrackPointExtension>
        </extensions>
      </trkpt>
      <trkpt lat="39.1358788870275020599365234375" lon="117.187149189412593841552734375">
        <ele>-0.800000011920928955078125</ele>
        <time>2026-05-31T21:41:41.000Z</time>
        <extensions>
          <ns3:TrackPointExtension>
            <ns3:hr>142</ns3:hr>
            <ns3:cad>89</ns3:cad>
          </ns3:TrackPointExtension>
        </extensions>
      </trkpt>
      <trkpt lat="39.13591065444052219390869140625" lon="117.18714608810842037200927734375">
        <ele>-0.800000011920928955078125</ele>
        <time>2026-05-31T21:41:42.000Z</time>
        <extensions>
          <ns3:TrackPointExtension>
            <ns3:hr>142</ns3:hr>
            <ns3:cad>89</ns3:cad>
          </ns3:TrackPointExtension>
        </extensions>
      </trkpt>
      <trkpt lat="39.13593697361648082733154296875" lon="117.18713837675750255584716796875">
        <ele>-0.800000011920928955078125</ele>
        <time>2026-05-31T21:41:43.000Z</time>
        <extensions>
          <ns3:TrackPointExtension>
            <ns3:hr>142</ns3:hr>
            <ns3:cad>89</ns3:cad>
          </ns3:TrackPointExtension>
        </extensions>
      </trkpt>
      <trkpt lat="39.13596228696405887603759765625" lon="117.18712203204631805419921875">
        <ele>-1</ele>
        <time>2026-05-31T21:41:44.000Z</time>
        <extensions>
          <ns3:TrackPointExtension>
            <ns3:hr>141</ns3:hr>
            <ns3:cad>89</ns3:cad>
          </ns3:TrackPointExtension>
        </extensions>
      </trkpt>
      <trkpt lat="39.135995395481586456298828125" lon="117.18712161295115947723388671875">
        <ele>-1</ele>
        <time>2026-05-31T21:41:45.000Z</time>
        <extensions>
          <ns3:TrackPointExtension>
            <ns3:hr>141</ns3:hr>
            <ns3:cad>89</ns3:cad>
          </ns3:TrackPointExtension>
        </extensions>
      </trkpt>
      <trkpt lat="39.136023558676242828369140625" lon="117.18712865374982357025146484375">
        <ele>-1</ele>
        <time>2026-05-31T21:41:46.000Z</time>
        <extensions>
          <ns3:TrackPointExtension>
            <ns3:hr>141</ns3:hr>
            <ns3:cad>91</ns3:cad>
          </ns3:TrackPointExtension>
        </extensions>
      </trkpt>
      <trkpt lat="39.13606069050729274749755859375" lon="117.18714441172778606414794921875">
        <ele>-1</ele>
        <time>2026-05-31T21:41:47.000Z</time>
        <extensions>
          <ns3:TrackPointExtension>
            <ns3:hr>141</ns3:hr>
            <ns3:cad>91</ns3:cad>
          </ns3:TrackPointExtension>
        </extensions>
      </trkpt>
      <trkpt lat="39.136088602244853973388671875" lon="117.18714642338454723358154296875">
        <ele>-1</ele>
        <time>2026-05-31T21:41:48.000Z</time>
        <extensions>
          <ns3:TrackPointExtension>
            <ns3:hr>142</ns3:hr>
            <ns3:cad>90</ns3:cad>
          </ns3:TrackPointExtension>
        </extensions>
      </trkpt>
      <trkpt lat="39.13612975738942623138427734375" lon="117.18715882860124111175537109375">
        <ele>-1</ele>
        <time>2026-05-31T21:41:49.000Z</time>
        <extensions>
          <ns3:TrackPointExtension>
            <ns3:hr>142</ns3:hr>
            <ns3:cad>90</ns3:cad>
          </ns3:TrackPointExtension>
        </extensions>
      </trkpt>
      <trkpt lat="39.1361632011830806732177734375" lon="117.187159247696399688720703125">
        <ele>-1</ele>
        <time>2026-05-31T21:41:50.000Z</time>
        <extensions>
          <ns3:TrackPointExtension>
            <ns3:hr>143</ns3:hr>
            <ns3:cad>91</ns3:cad>
          </ns3:TrackPointExtension>
        </extensions>
      </trkpt>
      <trkpt lat="39.1362041048705577850341796875" lon="117.187169976532459259033203125">
        <ele>-1</ele>
        <time>2026-05-31T21:41:51.000Z</time>
        <extensions>
          <ns3:TrackPointExtension>
            <ns3:hr>143</ns3:hr>
            <ns3:cad>91</ns3:cad>
          </ns3:TrackPointExtension>
        </extensions>
      </trkpt>
      <trkpt lat="39.136230759322643280029296875" lon="117.18716637231409549713134765625">
        <ele>-1</ele>
        <time>2026-05-31T21:41:52.000Z</time>
        <extensions>
          <ns3:TrackPointExtension>
            <ns3:hr>143</ns3:hr>
            <ns3:cad>92</ns3:cad>
          </ns3:TrackPointExtension>
        </extensions>
      </trkpt>
      <trkpt lat="39.13626235909759998321533203125" lon="117.18717391602694988250732421875">
        <ele>-1</ele>
        <time>2026-05-31T21:41:53.000Z</time>
        <extensions>
          <ns3:TrackPointExtension>
            <ns3:hr>143</ns3:hr>
            <ns3:cad>92</ns3:cad>
          </ns3:TrackPointExtension>
        </extensions>
      </trkpt>
      <trkpt lat="39.13628809154033660888671875" lon="117.1871755085885524749755859375">
        <ele>-1</ele>
        <time>2026-05-31T21:41:54.000Z</time>
        <extensions>
          <ns3:TrackPointExtension>
            <ns3:hr>143</ns3:hr>
            <ns3:cad>92</ns3:cad>
          </ns3:TrackPointExtension>
        </extensions>
      </trkpt>
      <trkpt lat="39.13631902076303958892822265625" lon="117.1871805377304553985595703125">
        <ele>-1</ele>
        <time>2026-05-31T21:41:55.000Z</time>
        <extensions>
          <ns3:TrackPointExtension>
            <ns3:hr>142</ns3:hr>
            <ns3:cad>92</ns3:cad>
          </ns3:TrackPointExtension>
        </extensions>
      </trkpt>
      <trkpt lat="39.1363429091870784759521484375" lon="117.187182046473026275634765625">
        <ele>-1</ele>
        <time>2026-05-31T21:41:56.000Z</time>
        <extensions>
          <ns3:TrackPointExtension>
            <ns3:hr>142</ns3:hr>
            <ns3:cad>91</ns3:cad>
          </ns3:TrackPointExtension>
        </extensions>
      </trkpt>
      <trkpt lat="39.13637124001979827880859375" lon="117.18718908727169036865234375">
        <ele>-1</ele>
        <time>2026-05-31T21:41:57.000Z</time>
        <extensions>
          <ns3:TrackPointExtension>
            <ns3:hr>142</ns3:hr>
            <ns3:cad>91</ns3:cad>
          </ns3:TrackPointExtension>
        </extensions>
      </trkpt>
      <trkpt lat="39.13639445789158344268798828125" lon="117.187187410891056060791015625">
        <ele>-1.2000000476837158203125</ele>
        <time>2026-05-31T21:41:58.000Z</time>
        <extensions>
          <ns3:TrackPointExtension>
            <ns3:hr>141</ns3:hr>
            <ns3:cad>90</ns3:cad>
          </ns3:TrackPointExtension>
        </extensions>
      </trkpt>
      <trkpt lat="39.13642278872430324554443359375" lon="117.18719269149005413055419921875">
        <ele>-1.2000000476837158203125</ele>
        <time>2026-05-31T21:41:59.000Z</time>
        <extensions>
          <ns3:TrackPointExtension>
            <ns3:hr>141</ns3:hr>
            <ns3:cad>90</ns3:cad>
          </ns3:TrackPointExtension>
        </extensions>
      </trkpt>
      <trkpt lat="39.13645162247121334075927734375" lon="117.18718984164297580718994140625">
        <ele>-1.2000000476837158203125</ele>
        <time>2026-05-31T21:42:00.000Z</time>
        <extensions>
          <ns3:TrackPointExtension>
            <ns3:hr>141</ns3:hr>
            <ns3:cad>90</ns3:cad>
          </ns3:TrackPointExtension>
        </extensions>
      </trkpt>
      <trkpt lat="39.1364783607423305511474609375" lon="117.18719822354614734649658203125">
        <ele>-1</ele>
        <time>2026-05-31T21:42:01.000Z</time>
        <extensions>
          <ns3:TrackPointExtension>
            <ns3:hr>141</ns3:hr>
            <ns3:cad>90</ns3:cad>
          </ns3:TrackPointExtension>
        </extensions>
      </trkpt>
      <trkpt lat="39.1365014947950839996337890625" lon="117.18720090575516223907470703125">
        <ele>-1</ele>
        <time>2026-05-31T21:42:02.000Z</time>
        <extensions>
          <ns3:TrackPointExtension>
            <ns3:hr>141</ns3:hr>
            <ns3:cad>90</ns3:cad>
          </ns3:TrackPointExtension>
        </extensions>
      </trkpt>
      <trkpt lat="39.136523120105266571044921875" lon="117.18720945529639720916748046875">
        <ele>-1</ele>
        <time>2026-05-31T21:42:03.000Z</time>
        <extensions>
          <ns3:TrackPointExtension>
            <ns3:hr>141</ns3:hr>
            <ns3:cad>90</ns3:cad>
          </ns3:TrackPointExtension>
        </extensions>
      </trkpt>
      <trkpt lat="39.1365470923483371734619140625" lon="117.1872130595147609710693359375">
        <ele>-1</ele>
        <time>2026-05-31T21:42:04.000Z</time>
        <extensions>
          <ns3:TrackPointExtension>
            <ns3:hr>141</ns3:hr>
            <ns3:cad>91</ns3:cad>
          </ns3:TrackPointExtension>
        </extensions>
      </trkpt>
      <trkpt lat="39.1365730762481689453125" lon="117.18721934594213962554931640625">
        <ele>-1</ele>
        <time>2026-05-31T21:42:05.000Z</time>
        <extensions>
          <ns3:TrackPointExtension>
            <ns3:hr>141</ns3:hr>
            <ns3:cad>90</ns3:cad>
          </ns3:TrackPointExtension>
        </extensions>
      </trkpt>
      <trkpt lat="39.13659813813865184783935546875" lon="117.18722236342728137969970703125">
        <ele>-1</ele>
        <time>2026-05-31T21:42:06.000Z</time>
        <extensions>
          <ns3:TrackPointExtension>
            <ns3:hr>141</ns3:hr>
            <ns3:cad>90</ns3:cad>
          </ns3:TrackPointExtension>
        </extensions>
      </trkpt>
      <trkpt lat="39.1366211883723735809326171875" lon="117.18723024241626262664794921875">
        <ele>-1</ele>
        <time>2026-05-31T21:42:07.000Z</time>
        <extensions>
          <ns3:TrackPointExtension>
            <ns3:hr>141</ns3:hr>
            <ns3:cad>90</ns3:cad>
          </ns3:TrackPointExtension>
        </extensions>
      </trkpt>
      <trkpt lat="39.13664876483380794525146484375" lon="117.187237031757831573486328125">
        <ele>-1</ele>
        <time>2026-05-31T21:42:08.000Z</time>
        <extensions>
          <ns3:TrackPointExtension>
            <ns3:hr>141</ns3:hr>
            <ns3:cad>90</ns3:cad>
          </ns3:TrackPointExtension>
        </extensions>
      </trkpt>
      <trkpt lat="39.1366724856197834014892578125" lon="117.1872402168810367584228515625">
        <ele>-1</ele>
        <time>2026-05-31T21:42:09.000Z</time>
        <extensions>
          <ns3:TrackPointExtension>
            <ns3:hr>141</ns3:hr>
            <ns3:cad>90</ns3:cad>
          </ns3:TrackPointExtension>
        </extensions>
      </trkpt>
      <trkpt lat="39.1367023251950740814208984375" lon="117.18724801205098628997802734375">
        <ele>-1</ele>
        <time>2026-05-31T21:42:10.000Z</time>
        <extensions>
          <ns3:TrackPointExtension>
            <ns3:hr>141</ns3:hr>
            <ns3:cad>90</ns3:cad>
          </ns3:TrackPointExtension>
        </extensions>
      </trkpt>
      <trkpt lat="39.13672621361911296844482421875" lon="117.18724952079355716705322265625">
        <ele>-1</ele>
        <time>2026-05-31T21:42:11.000Z</time>
        <extensions>
          <ns3:TrackPointExtension>
            <ns3:hr>140</ns3:hr>
            <ns3:cad>91</ns3:cad>
          </ns3:TrackPointExtension>
        </extensions>
      </trkpt>
      <trkpt lat="39.1367576457560062408447265625" lon="117.187253125011920928955078125">
        <ele>-1</ele>
        <time>2026-05-31T21:42:12.000Z</time>
        <extensions>
          <ns3:TrackPointExtension>
            <ns3:hr>141</ns3:hr>
            <ns3:cad>91</ns3:cad>
          </ns3:TrackPointExtension>
        </extensions>
      </trkpt>
      <trkpt lat="39.1367844678461551666259765625" lon="117.1872563101351261138916015625">
        <ele>-1</ele>
        <time>2026-05-31T21:42:13.000Z</time>
        <extensions>
          <ns3:TrackPointExtension>
            <ns3:hr>140</ns3:hr>
            <ns3:cad>92</ns3:cad>
          </ns3:TrackPointExtension>
        </extensions>
      </trkpt>
      <trkpt lat="39.13681774400174617767333984375" lon="117.1872630156576633453369140625">
        <ele>-1</ele>
        <time>2026-05-31T21:42:14.000Z</time>
        <extensions>
          <ns3:TrackPointExtension>
            <ns3:hr>140</ns3:hr>
            <ns3:cad>92</ns3:cad>
          </ns3:TrackPointExtension>
        </extensions>
      </trkpt>
      <trkpt lat="39.136839620769023895263671875" lon="117.18726150691509246826171875">
        <ele>-1</ele>
        <time>2026-05-31T21:42:15.000Z</time>
        <extensions>
          <ns3:TrackPointExtension>
            <ns3:hr>139</ns3:hr>
            <ns3:cad>92</ns3:cad>
          </ns3:TrackPointExtension>
        </extensions>
      </trkpt>
      <trkpt lat="39.13687021471560001373291015625" lon="117.1872667036950588226318359375">
        <ele>-1</ele>
        <time>2026-05-31T21:42:16.000Z</time>
        <extensions>
          <ns3:TrackPointExtension>
            <ns3:hr>138</ns3:hr>
            <ns3:cad>91</ns3:cad>
          </ns3:TrackPointExtension>
        </extensions>
      </trkpt>
      <trkpt lat="39.1368962824344635009765625" lon="117.18726762570440769195556640625">
        <ele>-1</ele>
        <time>2026-05-31T21:42:17.000Z</time>
        <extensions>
          <ns3:TrackPointExtension>
            <ns3:hr>138</ns3:hr>
            <ns3:cad>90</ns3:cad>
          </ns3:TrackPointExtension>
        </extensions>
      </trkpt>
      <trkpt lat="39.1369256190955638885498046875" lon="117.18726913444697856903076171875">
        <ele>-1</ele>
        <time>2026-05-31T21:42:18.000Z</time>
        <extensions>
          <ns3:TrackPointExtension>
            <ns3:hr>137</ns3:hr>
            <ns3:cad>90</ns3:cad>
          </ns3:TrackPointExtension>
        </extensions>
      </trkpt>
      <trkpt lat="39.13694917224347591400146484375" lon="117.18727148137986660003662109375">
        <ele>-0.800000011920928955078125</ele>
        <time>2026-05-31T21:42:19.000Z</time>
        <extensions>
          <ns3:TrackPointExtension>
            <ns3:hr>137</ns3:hr>
            <ns3:cad>90</ns3:cad>
          </ns3:TrackPointExtension>
        </extensions>
      </trkpt>
      <trkpt lat="39.13698052056133747100830078125" lon="117.18727768398821353912353515625">
        <ele>-0.800000011920928955078125</ele>
        <time>2026-05-31T21:42:20.000Z</time>
        <extensions>
          <ns3:TrackPointExtension>
            <ns3:hr>137</ns3:hr>
            <ns3:cad>90</ns3:cad>
          </ns3:TrackPointExtension>
        </extensions>
      </trkpt>
      <trkpt lat="39.13700952194631099700927734375" lon="117.1872777678072452545166015625">
        <ele>-0.800000011920928955078125</ele>
        <time>2026-05-31T21:42:21.000Z</time>
        <extensions>
          <ns3:TrackPointExtension>
            <ns3:hr>137</ns3:hr>
            <ns3:cad>91</ns3:cad>
          </ns3:TrackPointExtension>
        </extensions>
      </trkpt>
      <trkpt lat="39.13703952915966510772705078125" lon="117.187287323176860809326171875">
        <ele>-0.800000011920928955078125</ele>
        <time>2026-05-31T21:42:22.000Z</time>
        <extensions>
          <ns3:TrackPointExtension>
            <ns3:hr>137</ns3:hr>
            <ns3:cad>91</ns3:cad>
          </ns3:TrackPointExtension>
        </extensions>
      </trkpt>
      <trkpt lat="39.137060232460498809814453125" lon="117.187285982072353363037109375">
        <ele>-1</ele>
        <time>2026-05-31T21:42:23.000Z</time>
        <extensions>
          <ns3:TrackPointExtension>
            <ns3:hr>137</ns3:hr>
            <ns3:cad>91</ns3:cad>
          </ns3:TrackPointExtension>
        </extensions>
      </trkpt>
      <trkpt lat="39.13708948530256748199462890625" lon="117.18729210086166858673095703125">
        <ele>-1</ele>
        <time>2026-05-31T21:42:24.000Z</time>
        <extensions>
          <ns3:TrackPointExtension>
            <ns3:hr>137</ns3:hr>
            <ns3:cad>91</ns3:cad>
          </ns3:TrackPointExtension>
        </extensions>
      </trkpt>
      <trkpt lat="39.13711111061275005340576171875" lon="117.187285982072353363037109375">
        <ele>-1</ele>
        <time>2026-05-31T21:42:25.000Z</time>
        <extensions>
          <ns3:TrackPointExtension>
            <ns3:hr>137</ns3:hr>
            <ns3:cad>91</ns3:cad>
          </ns3:TrackPointExtension>
        </extensions>
      </trkpt>
      <trkpt lat="39.13714312948286533355712890625" lon="117.18729369342327117919921875">
        <ele>-1</ele>
        <time>2026-05-31T21:42:26.000Z</time>
        <extensions>
          <ns3:TrackPointExtension>
            <ns3:hr>137</ns3:hr>
            <ns3:cad>90</ns3:cad>
          </ns3:TrackPointExtension>
        </extensions>
      </trkpt>
      <trkpt lat="39.1371645033359527587890625" lon="117.18729637563228607177734375">
        <ele>-1</ele>
        <time>2026-05-31T21:42:27.000Z</time>
        <extensions>
          <ns3:TrackPointExtension>
            <ns3:hr>137</ns3:hr>
            <ns3:cad>90</ns3:cad>
          </ns3:TrackPointExtension>
        </extensions>
      </trkpt>
      <trkpt lat="39.1371935047209262847900390625" lon="117.18730517663061618804931640625">
        <ele>-1</ele>
        <time>2026-05-31T21:42:28.000Z</time>
        <extensions>
          <ns3:TrackPointExtension>
            <ns3:hr>138</ns3:hr>
            <ns3:cad>91</ns3:cad>
          </ns3:TrackPointExtension>
        </extensions>
      </trkpt>
      <trkpt lat="39.13721320219337940216064453125" lon="117.187300734221935272216796875">
        <ele>-1</ele>
        <time>2026-05-31T21:42:29.000Z</time>
        <extensions>
          <ns3:TrackPointExtension>
            <ns3:hr>137</ns3:hr>
            <ns3:cad>91</ns3:cad>
          </ns3:TrackPointExtension>
        </extensions>
      </trkpt>
      <trkpt lat="39.137241952121257781982421875" lon="117.1873106248676776885986328125">
        <ele>-1</ele>
        <time>2026-05-31T21:42:30.000Z</time>
        <extensions>
          <ns3:TrackPointExtension>
            <ns3:hr>137</ns3:hr>
            <ns3:cad>91</ns3:cad>
          </ns3:TrackPointExtension>
        </extensions>
      </trkpt>
      <trkpt lat="39.1372605599462985992431640625" lon="117.18730618245899677276611328125">
        <ele>-1</ele>
        <time>2026-05-31T21:42:31.000Z</time>
        <extensions>
          <ns3:TrackPointExtension>
            <ns3:hr>137</ns3:hr>
            <ns3:cad>90</ns3:cad>
          </ns3:TrackPointExtension>
        </extensions>
      </trkpt>
      <trkpt lat="39.13729014806449413299560546875" lon="117.18731112778186798095703125">
        <ele>-1</ele>
        <time>2026-05-31T21:42:32.000Z</time>
        <extensions>
          <ns3:TrackPointExtension>
            <ns3:hr>137</ns3:hr>
            <ns3:cad>90</ns3:cad>
          </ns3:TrackPointExtension>
        </extensions>
      </trkpt>
      <trkpt lat="39.13731294684112071990966796875" lon="117.18731255270540714263916015625">
        <ele>-0.800000011920928955078125</ele>
        <time>2026-05-31T21:42:33.000Z</time>
        <extensions>
          <ns3:TrackPointExtension>
            <ns3:hr>136</ns3:hr>
            <ns3:cad>90</ns3:cad>
          </ns3:TrackPointExtension>
        </extensions>
      </trkpt>
      <trkpt lat="39.13734127767384052276611328125" lon="117.1873247064650058746337890625">
        <ele>-0.800000011920928955078125</ele>
        <time>2026-05-31T21:42:34.000Z</time>
        <extensions>
          <ns3:TrackPointExtension>
            <ns3:hr>136</ns3:hr>
            <ns3:cad>90</ns3:cad>
          </ns3:TrackPointExtension>
        </extensions>
      </trkpt>
      <trkpt lat="39.13735988549888134002685546875" lon="117.187326215207576751708984375">
        <ele>-0.800000011920928955078125</ele>
        <time>2026-05-31T21:42:35.000Z</time>
        <extensions>
          <ns3:TrackPointExtension>
            <ns3:hr>136</ns3:hr>
            <ns3:cad>90</ns3:cad>
          </ns3:TrackPointExtension>
        </extensions>
      </trkpt>
      <trkpt lat="39.13738645613193511962890625" lon="117.187334261834621429443359375">
        <ele>-0.800000011920928955078125</ele>
        <time>2026-05-31T21:42:36.000Z</time>
        <extensions>
          <ns3:TrackPointExtension>
            <ns3:hr>137</ns3:hr>
            <ns3:cad>90</ns3:cad>
          </ns3:TrackPointExtension>
        </extensions>
      </trkpt>
      <trkpt lat="39.137410260736942291259765625" lon="117.18733652494847774505615234375">
        <ele>-0.800000011920928955078125</ele>
        <time>2026-05-31T21:42:37.000Z</time>
        <extensions>
          <ns3:TrackPointExtension>
            <ns3:hr>136</ns3:hr>
            <ns3:cad>90</ns3:cad>
          </ns3:TrackPointExtension>
        </extensions>
      </trkpt>
      <trkpt lat="39.13743448443710803985595703125" lon="117.18734465539455413818359375">
        <ele>-0.800000011920928955078125</ele>
        <time>2026-05-31T21:42:38.000Z</time>
        <extensions>
          <ns3:TrackPointExtension>
            <ns3:hr>136</ns3:hr>
            <ns3:cad>90</ns3:cad>
          </ns3:TrackPointExtension>
        </extensions>
      </trkpt>
      <trkpt lat="39.13745728321373462677001953125" lon="117.1873451583087444305419921875">
        <ele>-1</ele>
        <time>2026-05-31T21:42:39.000Z</time>
        <extensions>
          <ns3:TrackPointExtension>
            <ns3:hr>137</ns3:hr>
            <ns3:cad>90</ns3:cad>
          </ns3:TrackPointExtension>
        </extensions>
      </trkpt>
      <trkpt lat="39.13748628459870815277099609375" lon="117.18734675087034702301025390625">
        <ele>-1</ele>
        <time>2026-05-31T21:42:40.000Z</time>
        <extensions>
          <ns3:TrackPointExtension>
            <ns3:hr>137</ns3:hr>
            <ns3:cad>90</ns3:cad>
          </ns3:TrackPointExtension>
        </extensions>
      </trkpt>
      <trkpt lat="39.137509502470493316650390625" lon="117.187349013984203338623046875">
        <ele>-1</ele>
        <time>2026-05-31T21:42:41.000Z</time>
        <extensions>
          <ns3:TrackPointExtension>
            <ns3:hr>137</ns3:hr>
            <ns3:cad>90</ns3:cad>
          </ns3:TrackPointExtension>
        </extensions>
      </trkpt>
      <trkpt lat="39.1375368274748325347900390625" lon="117.1873515285551548004150390625">
        <ele>-1</ele>
        <time>2026-05-31T21:42:42.000Z</time>
        <extensions>
          <ns3:TrackPointExtension>
            <ns3:hr>138</ns3:hr>
            <ns3:cad>91</ns3:cad>
          </ns3:TrackPointExtension>
        </extensions>
      </trkpt>
      <trkpt lat="39.1375636495649814605712890625" lon="117.1873547136783599853515625">
        <ele>-1</ele>
        <time>2026-05-31T21:42:43.000Z</time>
        <extensions>
          <ns3:TrackPointExtension>
            <ns3:hr>138</ns3:hr>
            <ns3:cad>91</ns3:cad>
          </ns3:TrackPointExtension>
        </extensions>
      </trkpt>
      <trkpt lat="39.13758669979870319366455078125" lon="117.187346331775188446044921875">
        <ele>-1</ele>
        <time>2026-05-31T21:42:44.000Z</time>
        <extensions>
          <ns3:TrackPointExtension>
            <ns3:hr>138</ns3:hr>
            <ns3:cad>91</ns3:cad>
          </ns3:TrackPointExtension>
        </extensions>
      </trkpt>
      <trkpt lat="39.137613438069820404052734375" lon="117.18734876252710819244384765625">
        <ele>-0.800000011920928955078125</ele>
        <time>2026-05-31T21:42:45.000Z</time>
        <extensions>
          <ns3:TrackPointExtension>
            <ns3:hr>139</ns3:hr>
            <ns3:cad>92</ns3:cad>
          </ns3:TrackPointExtension>
        </extensions>
      </trkpt>
      <trkpt lat="39.13763565011322498321533203125" lon="117.18735270202159881591796875">
        <ele>-0.800000011920928955078125</ele>
        <time>2026-05-31T21:42:46.000Z</time>
        <extensions>
          <ns3:TrackPointExtension>
            <ns3:hr>139</ns3:hr>
            <ns3:cad>92</ns3:cad>
          </ns3:TrackPointExtension>
        </extensions>
      </trkpt>
      <trkpt lat="39.13766046054661273956298828125" lon="117.18735680915415287017822265625">
        <ele>-1</ele>
        <time>2026-05-31T21:42:47.000Z</time>
        <extensions>
          <ns3:TrackPointExtension>
            <ns3:hr>140</ns3:hr>
            <ns3:cad>92</ns3:cad>
          </ns3:TrackPointExtension>
        </extensions>
      </trkpt>
      <trkpt lat="39.1376803256571292877197265625" lon="117.187363095581531524658203125">
        <ele>-1</ele>
        <time>2026-05-31T21:42:48.000Z</time>
        <extensions>
          <ns3:TrackPointExtension>
            <ns3:hr>140</ns3:hr>
            <ns3:cad>92</ns3:cad>
          </ns3:TrackPointExtension>
        </extensions>
      </trkpt>
      <trkpt lat="39.13771226070821285247802734375" lon="117.187360413372516632080078125">
        <ele>-1</ele>
        <time>2026-05-31T21:42:49.000Z</time>
        <extensions>
          <ns3:TrackPointExtension>
            <ns3:hr>141</ns3:hr>
            <ns3:cad>92</ns3:cad>
          </ns3:TrackPointExtension>
        </extensions>
      </trkpt>
      <trkpt lat="39.1377358138561248779296875" lon="117.18736100010573863983154296875">
        <ele>-0.800000011920928955078125</ele>
        <time>2026-05-31T21:42:50.000Z</time>
        <extensions>
          <ns3:TrackPointExtension>
            <ns3:hr>141</ns3:hr>
            <ns3:cad>92</ns3:cad>
          </ns3:TrackPointExtension>
        </extensions>
      </trkpt>
      <trkpt lat="39.13776397705078125" lon="117.18736519105732440948486328125">
        <ele>-0.800000011920928955078125</ele>
        <time>2026-05-31T21:42:51.000Z</time>
        <extensions>
          <ns3:TrackPointExtension>
            <ns3:hr>141</ns3:hr>
            <ns3:cad>92</ns3:cad>
          </ns3:TrackPointExtension>
        </extensions>
      </trkpt>
      <trkpt lat="39.13778870366513729095458984375" lon="117.18736468814313411712646484375">
        <ele>-0.60000002384185791015625</ele>
        <time>2026-05-31T21:42:52.000Z</time>
        <extensions>
          <ns3:TrackPointExtension>
            <ns3:hr>141</ns3:hr>
            <ns3:cad>92</ns3:cad>
          </ns3:TrackPointExtension>
        </extensions>
      </trkpt>
      <trkpt lat="39.137817956507205963134765625" lon="117.18737307004630565643310546875">
        <ele>-0.60000002384185791015625</ele>
        <time>2026-05-31T21:42:53.000Z</time>
        <extensions>
          <ns3:TrackPointExtension>
            <ns3:hr>140</ns3:hr>
            <ns3:cad>92</ns3:cad>
          </ns3:TrackPointExtension>
        </extensions>
      </trkpt>
      <trkpt lat="39.13784109055995941162109375" lon="117.18737013638019561767578125">
        <ele>-0.60000002384185791015625</ele>
        <time>2026-05-31T21:42:54.000Z</time>
        <extensions>
          <ns3:TrackPointExtension>
            <ns3:hr>140</ns3:hr>
            <ns3:cad>92</ns3:cad>
          </ns3:TrackPointExtension>
        </extensions>
      </trkpt>
      <trkpt lat="39.137874282896518707275390625" lon="117.18737575225532054901123046875">
        <ele>-0.60000002384185791015625</ele>
        <time>2026-05-31T21:42:55.000Z</time>
        <extensions>
          <ns3:TrackPointExtension>
            <ns3:hr>140</ns3:hr>
            <ns3:cad>91</ns3:cad>
          </ns3:TrackPointExtension>
        </extensions>
      </trkpt>
      <trkpt lat="39.13789515383541584014892578125" lon="117.1873770095407962799072265625">
        <ele>-0.60000002384185791015625</ele>
        <time>2026-05-31T21:42:56.000Z</time>
        <extensions>
          <ns3:TrackPointExtension>
            <ns3:hr>141</ns3:hr>
            <ns3:cad>91</ns3:cad>
          </ns3:TrackPointExtension>
        </extensions>
      </trkpt>
      <trkpt lat="39.137923233211040496826171875" lon="117.18738765455782413482666015625">
        <ele>-0.60000002384185791015625</ele>
        <time>2026-05-31T21:42:57.000Z</time>
        <extensions>
          <ns3:TrackPointExtension>
            <ns3:hr>141</ns3:hr>
            <ns3:cad>90</ns3:cad>
          </ns3:TrackPointExtension>
        </extensions>
      </trkpt>
      <trkpt lat="39.13794142194092273712158203125" lon="117.18739285133779048919677734375">
        <ele>-0.800000011920928955078125</ele>
        <time>2026-05-31T21:42:58.000Z</time>
        <extensions>
          <ns3:TrackPointExtension>
            <ns3:hr>141</ns3:hr>
            <ns3:cad>90</ns3:cad>
          </ns3:TrackPointExtension>
        </extensions>
      </trkpt>
      <trkpt lat="39.13796304725110530853271484375" lon="117.187401317059993743896484375">
        <ele>-0.60000002384185791015625</ele>
        <time>2026-05-31T21:42:59.000Z</time>
        <extensions>
          <ns3:TrackPointExtension>
            <ns3:hr>141</ns3:hr>
            <ns3:cad>90</ns3:cad>
          </ns3:TrackPointExtension>
        </extensions>
      </trkpt>
      <trkpt lat="39.137983582913875579833984375" lon="117.18740358017385005950927734375">
        <ele>-0.60000002384185791015625</ele>
        <time>2026-05-31T21:43:00.000Z</time>
        <extensions>
          <ns3:TrackPointExtension>
            <ns3:hr>141</ns3:hr>
            <ns3:cad>90</ns3:cad>
          </ns3:TrackPointExtension>
        </extensions>
      </trkpt>
      <trkpt lat="39.13801182992756366729736328125" lon="117.1874045021831989288330078125">
        <ele>-0.800000011920928955078125</ele>
        <time>2026-05-31T21:43:01.000Z</time>
        <extensions>
          <ns3:TrackPointExtension>
            <ns3:hr>141</ns3:hr>
            <ns3:cad>90</ns3:cad>
          </ns3:TrackPointExtension>
        </extensions>
      </trkpt>
      <trkpt lat="39.1380335390567779541015625" lon="117.18739804811775684356689453125">
        <ele>-0.60000002384185791015625</ele>
        <time>2026-05-31T21:43:02.000Z</time>
        <extensions>
          <ns3:TrackPointExtension>
            <ns3:hr>142</ns3:hr>
            <ns3:cad>90</ns3:cad>
          </ns3:TrackPointExtension>
        </extensions>
      </trkpt>
      <trkpt lat="39.13805927149951457977294921875" lon="117.18740634620189666748046875">
        <ele>-0.60000002384185791015625</ele>
        <time>2026-05-31T21:43:03.000Z</time>
        <extensions>
          <ns3:TrackPointExtension>
            <ns3:hr>142</ns3:hr>
            <ns3:cad>90</ns3:cad>
          </ns3:TrackPointExtension>
        </extensions>
      </trkpt>
      <trkpt lat="39.13808072917163372039794921875" lon="117.187406010925769805908203125">
        <ele>-0.60000002384185791015625</ele>
        <time>2026-05-31T21:43:04.000Z</time>
        <extensions>
          <ns3:TrackPointExtension>
            <ns3:hr>142</ns3:hr>
            <ns3:cad>90</ns3:cad>
          </ns3:TrackPointExtension>
        </extensions>
      </trkpt>
      <trkpt lat="39.13810755126178264617919921875" lon="117.18741171061992645263671875">
        <ele>-0.60000002384185791015625</ele>
        <time>2026-05-31T21:43:05.000Z</time>
        <extensions>
          <ns3:TrackPointExtension>
            <ns3:hr>143</ns3:hr>
            <ns3:cad>90</ns3:cad>
          </ns3:TrackPointExtension>
        </extensions>
      </trkpt>
      <trkpt lat="39.13813319988548755645751953125" lon="117.18741573393344879150390625">
        <ele>-0.4000000059604644775390625</ele>
        <time>2026-05-31T21:43:06.000Z</time>
        <extensions>
          <ns3:TrackPointExtension>
            <ns3:hr>143</ns3:hr>
            <ns3:cad>92</ns3:cad>
          </ns3:TrackPointExtension>
        </extensions>
      </trkpt>
      <trkpt lat="39.13816555403172969818115234375" lon="117.18742487020790576934814453125">
        <ele>-0.60000002384185791015625</ele>
        <time>2026-05-31T21:43:07.000Z</time>
        <extensions>
          <ns3:TrackPointExtension>
            <ns3:hr>143</ns3:hr>
            <ns3:cad>92</ns3:cad>
          </ns3:TrackPointExtension>
        </extensions>
      </trkpt>
      <trkpt lat="39.1381906159222126007080078125" lon="117.18742470256984233856201171875">
        <ele>-0.60000002384185791015625</ele>
        <time>2026-05-31T21:43:08.000Z</time>
        <extensions>
          <ns3:TrackPointExtension>
            <ns3:hr>142</ns3:hr>
            <ns3:cad>92</ns3:cad>
          </ns3:TrackPointExtension>
        </extensions>
      </trkpt>
      <trkpt lat="39.13821919821202754974365234375" lon="117.18743224628269672393798828125">
        <ele>-0.60000002384185791015625</ele>
        <time>2026-05-31T21:43:09.000Z</time>
        <extensions>
          <ns3:TrackPointExtension>
            <ns3:hr>143</ns3:hr>
            <ns3:cad>91</ns3:cad>
          </ns3:TrackPointExtension>
        </extensions>
      </trkpt>
      <trkpt lat="39.138245098292827606201171875" lon="117.18743274919688701629638671875">
        <ele>-0.4000000059604644775390625</ele>
        <time>2026-05-31T21:43:10.000Z</time>
        <extensions>
          <ns3:TrackPointExtension>
            <ns3:hr>143</ns3:hr>
            <ns3:cad>91</ns3:cad>
          </ns3:TrackPointExtension>
        </extensions>
      </trkpt>
      <trkpt lat="39.13828021846711635589599609375" lon="117.18743576668202877044677734375">
        <ele>-0.4000000059604644775390625</ele>
        <time>2026-05-31T21:43:11.000Z</time>
        <extensions>
          <ns3:TrackPointExtension>
            <ns3:hr>143</ns3:hr>
            <ns3:cad>91</ns3:cad>
          </ns3:TrackPointExtension>
        </extensions>
      </trkpt>
      <trkpt lat="39.13830754347145557403564453125" lon="117.187436521053314208984375">
        <ele>-0.4000000059604644775390625</ele>
        <time>2026-05-31T21:43:12.000Z</time>
        <extensions>
          <ns3:TrackPointExtension>
            <ns3:hr>143</ns3:hr>
            <ns3:cad>90</ns3:cad>
          </ns3:TrackPointExtension>
        </extensions>
      </trkpt>
      <trkpt lat="39.13833486847579479217529296875" lon="117.187438197433948516845703125">
        <ele>-0.4000000059604644775390625</ele>
        <time>2026-05-31T21:43:13.000Z</time>
        <extensions>
          <ns3:TrackPointExtension>
            <ns3:hr>143</ns3:hr>
            <ns3:cad>90</ns3:cad>
          </ns3:TrackPointExtension>
        </extensions>
      </trkpt>
      <trkpt lat="39.13836319930851459503173828125" lon="117.18743777833878993988037109375">
        <ele>-0.4000000059604644775390625</ele>
        <time>2026-05-31T21:43:14.000Z</time>
        <extensions>
          <ns3:TrackPointExtension>
            <ns3:hr>143</ns3:hr>
            <ns3:cad>90</ns3:cad>
          </ns3:TrackPointExtension>
        </extensions>
      </trkpt>
      <trkpt lat="39.13839119486510753631591796875" lon="117.1874390356242656707763671875">
        <ele>-0.60000002384185791015625</ele>
        <time>2026-05-31T21:43:15.000Z</time>
        <extensions>
          <ns3:TrackPointExtension>
            <ns3:hr>143</ns3:hr>
            <ns3:cad>90</ns3:cad>
          </ns3:TrackPointExtension>
        </extensions>
      </trkpt>
      <trkpt lat="39.138416759669780731201171875" lon="117.18744263984262943267822265625">
        <ele>-0.60000002384185791015625</ele>
        <time>2026-05-31T21:43:16.000Z</time>
        <extensions>
          <ns3:TrackPointExtension>
            <ns3:hr>143</ns3:hr>
            <ns3:cad>91</ns3:cad>
          </ns3:TrackPointExtension>
        </extensions>
      </trkpt>
      <trkpt lat="39.13844232447445392608642578125" lon="117.18744884245097637176513671875">
        <ele>-0.60000002384185791015625</ele>
        <time>2026-05-31T21:43:17.000Z</time>
        <extensions>
          <ns3:TrackPointExtension>
            <ns3:hr>142</ns3:hr>
            <ns3:cad>91</ns3:cad>
          </ns3:TrackPointExtension>
        </extensions>
      </trkpt>
      <trkpt lat="39.13846830837428569793701171875" lon="117.18745353631675243377685546875">
        <ele>-0.60000002384185791015625</ele>
        <time>2026-05-31T21:43:18.000Z</time>
        <extensions>
          <ns3:TrackPointExtension>
            <ns3:hr>143</ns3:hr>
            <ns3:cad>91</ns3:cad>
          </ns3:TrackPointExtension>
        </extensions>
      </trkpt>
      <trkpt lat="39.1384910233318805694580078125" lon="117.18745554797351360321044921875">
        <ele>-0.4000000059604644775390625</ele>
        <time>2026-05-31T21:43:19.000Z</time>
        <extensions>
          <ns3:TrackPointExtension>
            <ns3:hr>142</ns3:hr>
            <ns3:cad>92</ns3:cad>
          </ns3:TrackPointExtension>
        </extensions>
      </trkpt>
      <trkpt lat="39.13851558230817317962646484375" lon="117.1874606609344482421875">
        <ele>-0.4000000059604644775390625</ele>
        <time>2026-05-31T21:43:20.000Z</time>
        <extensions>
          <ns3:TrackPointExtension>
            <ns3:hr>142</ns3:hr>
            <ns3:cad>92</ns3:cad>
          </ns3:TrackPointExtension>
        </extensions>
      </trkpt>
      <trkpt lat="39.138536117970943450927734375" lon="117.18746133148670196533203125">
        <ele>-0.4000000059604644775390625</ele>
        <time>2026-05-31T21:43:21.000Z</time>
        <extensions>
          <ns3:TrackPointExtension>
            <ns3:hr>142</ns3:hr>
            <ns3:cad>92</ns3:cad>
          </ns3:TrackPointExtension>
        </extensions>
      </trkpt>
      <trkpt lat="39.1385617665946483612060546875" lon="117.1874618344008922576904296875">
        <ele>-0.4000000059604644775390625</ele>
        <time>2026-05-31T21:43:22.000Z</time>
        <extensions>
          <ns3:TrackPointExtension>
            <ns3:hr>143</ns3:hr>
            <ns3:cad>92</ns3:cad>
          </ns3:TrackPointExtension>
        </extensions>
      </trkpt>
      <trkpt lat="39.13858498446643352508544921875" lon="117.187465019524097442626953125">
        <ele>-0.4000000059604644775390625</ele>
        <time>2026-05-31T21:43:23.000Z</time>
        <extensions>
          <ns3:TrackPointExtension>
            <ns3:hr>142</ns3:hr>
            <ns3:cad>92</ns3:cad>
          </ns3:TrackPointExtension>
        </extensions>
      </trkpt>
      <trkpt lat="39.1386120580136775970458984375" lon="117.1874732337892055511474609375">
        <ele>-0.4000000059604644775390625</ele>
        <time>2026-05-31T21:43:24.000Z</time>
        <extensions>
          <ns3:TrackPointExtension>
            <ns3:hr>142</ns3:hr>
            <ns3:cad>92</ns3:cad>
          </ns3:TrackPointExtension>
        </extensions>
      </trkpt>
      <trkpt lat="39.138636030256748199462890625" lon="117.18747742474079132080078125">
        <ele>-0.4000000059604644775390625</ele>
        <time>2026-05-31T21:43:25.000Z</time>
        <extensions>
          <ns3:TrackPointExtension>
            <ns3:hr>142</ns3:hr>
            <ns3:cad>91</ns3:cad>
          </ns3:TrackPointExtension>
        </extensions>
      </trkpt>
      <trkpt lat="39.13866293616592884063720703125" lon="117.1874802745878696441650390625">
        <ele>-0.4000000059604644775390625</ele>
        <time>2026-05-31T21:43:26.000Z</time>
        <extensions>
          <ns3:TrackPointExtension>
            <ns3:hr>141</ns3:hr>
            <ns3:cad>91</ns3:cad>
          </ns3:TrackPointExtension>
        </extensions>
      </trkpt>
      <trkpt lat="39.1386841423809528350830078125" lon="117.1874819509685039520263671875">
        <ele>-0.4000000059604644775390625</ele>
        <time>2026-05-31T21:43:27.000Z</time>
        <extensions>
          <ns3:TrackPointExtension>
            <ns3:hr>141</ns3:hr>
            <ns3:cad>91</ns3:cad>
          </ns3:TrackPointExtension>
        </extensions>
      </trkpt>
      <trkpt lat="39.1387133114039897918701171875" lon="117.1874910034239292144775390625">
        <ele>-0.4000000059604644775390625</ele>
        <time>2026-05-31T21:43:28.000Z</time>
        <extensions>
          <ns3:TrackPointExtension>
            <ns3:hr>141</ns3:hr>
            <ns3:cad>90</ns3:cad>
          </ns3:TrackPointExtension>
        </extensions>
      </trkpt>
      <trkpt lat="39.1387357749044895172119140625" lon="117.1874916739761829376220703125">
        <ele>-0.4000000059604644775390625</ele>
        <time>2026-05-31T21:43:29.000Z</time>
        <extensions>
          <ns3:TrackPointExtension>
            <ns3:hr>140</ns3:hr>
            <ns3:cad>90</ns3:cad>
          </ns3:TrackPointExtension>
        </extensions>
      </trkpt>
      <trkpt lat="39.13876712322235107421875" lon="117.18750516884028911590576171875">
        <ele>-0.4000000059604644775390625</ele>
        <time>2026-05-31T21:43:30.000Z</time>
        <extensions>
          <ns3:TrackPointExtension>
            <ns3:hr>140</ns3:hr>
            <ns3:cad>90</ns3:cad>
          </ns3:TrackPointExtension>
        </extensions>
      </trkpt>
      <trkpt lat="39.13879302330315113067626953125" lon="117.18750047497451305389404296875">
        <ele>-0.60000002384185791015625</ele>
        <time>2026-05-31T21:43:31.000Z</time>
        <extensions>
          <ns3:TrackPointExtension>
            <ns3:hr>140</ns3:hr>
            <ns3:cad>91</ns3:cad>
          </ns3:TrackPointExtension>
        </extensions>
      </trkpt>
      <trkpt lat="39.13881917484104633331298828125" lon="117.1875020675361156463623046875">
        <ele>-0.4000000059604644775390625</ele>
        <time>2026-05-31T21:43:32.000Z</time>
        <extensions>
          <ns3:TrackPointExtension>
            <ns3:hr>140</ns3:hr>
            <ns3:cad>91</ns3:cad>
          </ns3:TrackPointExtension>
        </extensions>
      </trkpt>
      <trkpt lat="39.13883962668478488922119140625" lon="117.187506258487701416015625">
        <ele>-0.4000000059604644775390625</ele>
        <time>2026-05-31T21:43:33.000Z</time>
        <extensions>
          <ns3:TrackPointExtension>
            <ns3:hr>140</ns3:hr>
            <ns3:cad>91</ns3:cad>
          </ns3:TrackPointExtension>
        </extensions>
      </trkpt>
      <trkpt lat="39.1388715617358684539794921875" lon="117.18751438893377780914306640625">
        <ele>-0.4000000059604644775390625</ele>
        <time>2026-05-31T21:43:34.000Z</time>
        <extensions>
          <ns3:TrackPointExtension>
            <ns3:hr>140</ns3:hr>
            <ns3:cad>91</ns3:cad>
          </ns3:TrackPointExtension>
        </extensions>
      </trkpt>
      <trkpt lat="39.13889477960765361785888671875" lon="117.18751497566699981689453125">
        <ele>-0.4000000059604644775390625</ele>
        <time>2026-05-31T21:43:35.000Z</time>
        <extensions>
          <ns3:TrackPointExtension>
            <ns3:hr>139</ns3:hr>
            <ns3:cad>91</ns3:cad>
          </ns3:TrackPointExtension>
        </extensions>
      </trkpt>
      <trkpt lat="39.13891908712685108184814453125" lon="117.18752042390406131744384765625">
        <ele>-0.60000002384185791015625</ele>
        <time>2026-05-31T21:43:36.000Z</time>
        <extensions>
          <ns3:TrackPointExtension>
            <ns3:hr>140</ns3:hr>
            <ns3:cad>90</ns3:cad>
          </ns3:TrackPointExtension>
        </extensions>
      </trkpt>
      <trkpt lat="39.1389481723308563232421875" lon="117.1875211782753467559814453125">
        <ele>-0.60000002384185791015625</ele>
        <time>2026-05-31T21:43:37.000Z</time>
        <extensions>
          <ns3:TrackPointExtension>
            <ns3:hr>140</ns3:hr>
            <ns3:cad>90</ns3:cad>
          </ns3:TrackPointExtension>
        </extensions>
      </trkpt>
      <trkpt lat="39.13897926919162273406982421875" lon="117.18752897344529628753662109375">
        <ele>-0.60000002384185791015625</ele>
        <time>2026-05-31T21:43:38.000Z</time>
        <extensions>
          <ns3:TrackPointExtension>
            <ns3:hr>140</ns3:hr>
            <ns3:cad>90</ns3:cad>
          </ns3:TrackPointExtension>
        </extensions>
      </trkpt>
      <trkpt lat="39.13900726474821567535400390625" lon="117.187530733644962310791015625">
        <ele>-0.60000002384185791015625</ele>
        <time>2026-05-31T21:43:39.000Z</time>
        <extensions>
          <ns3:TrackPointExtension>
            <ns3:hr>141</ns3:hr>
            <ns3:cad>91</ns3:cad>
          </ns3:TrackPointExtension>
        </extensions>
      </trkpt>
      <trkpt lat="39.13903911598026752471923828125" lon="117.18754406087100505828857421875">
        <ele>-0.60000002384185791015625</ele>
        <time>2026-05-31T21:43:40.000Z</time>
        <extensions>
          <ns3:TrackPointExtension>
            <ns3:hr>141</ns3:hr>
            <ns3:cad>91</ns3:cad>
          </ns3:TrackPointExtension>
        </extensions>
      </trkpt>
      <trkpt lat="39.13906509988009929656982421875" lon="117.1875478327274322509765625">
        <ele>-0.60000002384185791015625</ele>
        <time>2026-05-31T21:43:41.000Z</time>
        <extensions>
          <ns3:TrackPointExtension>
            <ns3:hr>141</ns3:hr>
            <ns3:cad>92</ns3:cad>
          </ns3:TrackPointExtension>
        </extensions>
      </trkpt>
      <trkpt lat="39.13909225724637508392333984375" lon="117.1875617466866970062255859375">
        <ele>-0.60000002384185791015625</ele>
        <time>2026-05-31T21:43:42.000Z</time>
        <extensions>
          <ns3:TrackPointExtension>
            <ns3:hr>141</ns3:hr>
            <ns3:cad>92</ns3:cad>
          </ns3:TrackPointExtension>
        </extensions>
      </trkpt>
      <trkpt lat="39.1391156427562236785888671875" lon="117.18756727874279022216796875">
        <ele>-0.60000002384185791015625</ele>
        <time>2026-05-31T21:43:43.000Z</time>
        <extensions>
          <ns3:TrackPointExtension>
            <ns3:hr>141</ns3:hr>
            <ns3:cad>92</ns3:cad>
          </ns3:TrackPointExtension>
        </extensions>
      </trkpt>
      <trkpt lat="39.13914221338927745819091796875" lon="117.1875781752169132232666015625">
        <ele>-0.60000002384185791015625</ele>
        <time>2026-05-31T21:43:44.000Z</time>
        <extensions>
          <ns3:TrackPointExtension>
            <ns3:hr>141</ns3:hr>
            <ns3:cad>92</ns3:cad>
          </ns3:TrackPointExtension>
        </extensions>
      </trkpt>
      <trkpt lat="39.13916953839361667633056640625" lon="117.18758127652108669281005859375">
        <ele>-0.60000002384185791015625</ele>
        <time>2026-05-31T21:43:45.000Z</time>
        <extensions>
          <ns3:TrackPointExtension>
            <ns3:hr>141</ns3:hr>
            <ns3:cad>92</ns3:cad>
          </ns3:TrackPointExtension>
        </extensions>
      </trkpt>
      <trkpt lat="39.139198623597621917724609375" lon="117.18759066425263881683349609375">
        <ele>-0.60000002384185791015625</ele>
        <time>2026-05-31T21:43:46.000Z</time>
        <extensions>
          <ns3:TrackPointExtension>
            <ns3:hr>141</ns3:hr>
            <ns3:cad>92</ns3:cad>
          </ns3:TrackPointExtension>
        </extensions>
      </trkpt>
      <trkpt lat="39.13922636769711971282958984375" lon="117.1875885687768459320068359375">
        <ele>-0.60000002384185791015625</ele>
        <time>2026-05-31T21:43:47.000Z</time>
        <extensions>
          <ns3:TrackPointExtension>
            <ns3:hr>142</ns3:hr>
            <ns3:cad>92</ns3:cad>
          </ns3:TrackPointExtension>
        </extensions>
      </trkpt>
      <trkpt lat="39.13925469852983951568603515625" lon="117.18759477138519287109375">
        <ele>-0.60000002384185791015625</ele>
        <time>2026-05-31T21:43:48.000Z</time>
        <extensions>
          <ns3:TrackPointExtension>
            <ns3:hr>142</ns3:hr>
            <ns3:cad>92</ns3:cad>
          </ns3:TrackPointExtension>
        </extensions>
      </trkpt>
      <trkpt lat="39.13928319700062274932861328125" lon="117.18759619630873203277587890625">
        <ele>-0.4000000059604644775390625</ele>
        <time>2026-05-31T21:43:49.000Z</time>
        <extensions>
          <ns3:TrackPointExtension>
            <ns3:hr>142</ns3:hr>
            <ns3:cad>92</ns3:cad>
          </ns3:TrackPointExtension>
        </extensions>
      </trkpt>
      <trkpt lat="39.1393064148724079132080078125" lon="117.187593095004558563232421875">
        <ele>-0.4000000059604644775390625</ele>
        <time>2026-05-31T21:43:50.000Z</time>
        <extensions>
          <ns3:TrackPointExtension>
            <ns3:hr>142</ns3:hr>
            <ns3:cad>92</ns3:cad>
          </ns3:TrackPointExtension>
        </extensions>
      </trkpt>
      <trkpt lat="39.139333404600620269775390625" lon="117.187592424452304840087890625">
        <ele>-0.60000002384185791015625</ele>
        <time>2026-05-31T21:43:51.000Z</time>
        <extensions>
          <ns3:TrackPointExtension>
            <ns3:hr>142</ns3:hr>
            <ns3:cad>92</ns3:cad>
          </ns3:TrackPointExtension>
        </extensions>
      </trkpt>
      <trkpt lat="39.1393597237765789031982421875" lon="117.1875919215381145477294921875">
        <ele>-0.60000002384185791015625</ele>
        <time>2026-05-31T21:43:52.000Z</time>
        <extensions>
          <ns3:TrackPointExtension>
            <ns3:hr>143</ns3:hr>
            <ns3:cad>92</ns3:cad>
          </ns3:TrackPointExtension>
        </extensions>
      </trkpt>
      <trkpt lat="39.13938830606639385223388671875" lon="117.18759552575647830963134765625">
        <ele>-0.60000002384185791015625</ele>
        <time>2026-05-31T21:43:53.000Z</time>
        <extensions>
          <ns3:TrackPointExtension>
            <ns3:hr>142</ns3:hr>
            <ns3:cad>92</ns3:cad>
          </ns3:TrackPointExtension>
        </extensions>
      </trkpt>
      <trkpt lat="39.13941579870879650115966796875" lon="117.18759544193744659423828125">
        <ele>-0.800000011920928955078125</ele>
        <time>2026-05-31T21:43:54.000Z</time>
        <extensions>
          <ns3:TrackPointExtension>
            <ns3:hr>142</ns3:hr>
            <ns3:cad>91</ns3:cad>
          </ns3:TrackPointExtension>
        </extensions>
      </trkpt>
      <trkpt lat="39.13944647647440433502197265625" lon="117.18759569339454174041748046875">
        <ele>-0.800000011920928955078125</ele>
        <time>2026-05-31T21:43:55.000Z</time>
        <extensions>
          <ns3:TrackPointExtension>
            <ns3:hr>143</ns3:hr>
            <ns3:cad>91</ns3:cad>
          </ns3:TrackPointExtension>
        </extensions>
      </trkpt>
      <trkpt lat="39.1394700296223163604736328125" lon="117.1875915862619876861572265625">
        <ele>-0.800000011920928955078125</ele>
        <time>2026-05-31T21:43:56.000Z</time>
        <extensions>
          <ns3:TrackPointExtension>
            <ns3:hr>142</ns3:hr>
            <ns3:cad>91</ns3:cad>
          </ns3:TrackPointExtension>
        </extensions>
      </trkpt>
      <trkpt lat="39.1395005397498607635498046875" lon="117.1875939331948757171630859375">
        <ele>-0.800000011920928955078125</ele>
        <time>2026-05-31T21:43:57.000Z</time>
        <extensions>
          <ns3:TrackPointExtension>
            <ns3:hr>143</ns3:hr>
            <ns3:cad>92</ns3:cad>
          </ns3:TrackPointExtension>
        </extensions>
      </trkpt>
      <trkpt lat="39.1395230032503604888916015625" lon="117.1875889040529727935791015625">
        <ele>-0.800000011920928955078125</ele>
        <time>2026-05-31T21:43:58.000Z</time>
        <extensions>
          <ns3:TrackPointExtension>
            <ns3:hr>143</ns3:hr>
            <ns3:cad>92</ns3:cad>
          </ns3:TrackPointExtension>
        </extensions>
      </trkpt>
      <trkpt lat="39.13955208845436573028564453125" lon="117.18759384937584400177001953125">
        <ele>-0.60000002384185791015625</ele>
        <time>2026-05-31T21:43:59.000Z</time>
        <extensions>
          <ns3:TrackPointExtension>
            <ns3:hr>143</ns3:hr>
            <ns3:cad>92</ns3:cad>
          </ns3:TrackPointExtension>
        </extensions>
      </trkpt>
      <trkpt lat="39.1395704448223114013671875" lon="117.1875935979187488555908203125">
        <ele>-0.800000011920928955078125</ele>
        <time>2026-05-31T21:44:00.000Z</time>
        <extensions>
          <ns3:TrackPointExtension>
            <ns3:hr>143</ns3:hr>
            <ns3:cad>92</ns3:cad>
          </ns3:TrackPointExtension>
        </extensions>
      </trkpt>
      <trkpt lat="39.1395972669124603271484375" lon="117.1876073442399501800537109375">
        <ele>-0.800000011920928955078125</ele>
        <time>2026-05-31T21:44:01.000Z</time>
        <extensions>
          <ns3:TrackPointExtension>
            <ns3:hr>143</ns3:hr>
            <ns3:cad>92</ns3:cad>
          </ns3:TrackPointExtension>
        </extensions>
      </trkpt>
      <trkpt lat="39.1396187245845794677734375" lon="117.18760977499186992645263671875">
        <ele>-0.800000011920928955078125</ele>
        <time>2026-05-31T21:44:02.000Z</time>
        <extensions>
          <ns3:TrackPointExtension>
            <ns3:hr>143</ns3:hr>
            <ns3:cad>92</ns3:cad>
          </ns3:TrackPointExtension>
        </extensions>
      </trkpt>
      <trkpt lat="39.139648564159870147705078125" lon="117.18762218020856380462646484375">
        <ele>-0.800000011920928955078125</ele>
        <time>2026-05-31T21:44:03.000Z</time>
        <extensions>
          <ns3:TrackPointExtension>
            <ns3:hr>143</ns3:hr>
            <ns3:cad>90</ns3:cad>
          </ns3:TrackPointExtension>
        </extensions>
      </trkpt>
      <trkpt lat="39.13967027328908443450927734375" lon="117.1876244433224201202392578125">
        <ele>-0.800000011920928955078125</ele>
        <time>2026-05-31T21:44:04.000Z</time>
        <extensions>
          <ns3:TrackPointExtension>
            <ns3:hr>143</ns3:hr>
            <ns3:cad>90</ns3:cad>
          </ns3:TrackPointExtension>
        </extensions>
      </trkpt>
      <trkpt lat="39.1396980173885822296142578125" lon="117.1876358427107334136962890625">
        <ele>-0.800000011920928955078125</ele>
        <time>2026-05-31T21:44:05.000Z</time>
        <extensions>
          <ns3:TrackPointExtension>
            <ns3:hr>143</ns3:hr>
            <ns3:cad>90</ns3:cad>
          </ns3:TrackPointExtension>
        </extensions>
      </trkpt>
      <trkpt lat="39.13972089998424053192138671875" lon="117.1876428835093975067138671875">
        <ele>-0.800000011920928955078125</ele>
        <time>2026-05-31T21:44:06.000Z</time>
        <extensions>
          <ns3:TrackPointExtension>
            <ns3:hr>143</ns3:hr>
            <ns3:cad>90</ns3:cad>
          </ns3:TrackPointExtension>
        </extensions>
      </trkpt>
      <trkpt lat="39.1397469677031040191650390625" lon="117.18765185214579105377197265625">
        <ele>-0.800000011920928955078125</ele>
        <time>2026-05-31T21:44:07.000Z</time>
        <extensions>
          <ns3:TrackPointExtension>
            <ns3:hr>143</ns3:hr>
            <ns3:cad>90</ns3:cad>
          </ns3:TrackPointExtension>
        </extensions>
      </trkpt>
      <trkpt lat="39.13977236486971378326416015625" lon="117.18766115605831146240234375">
        <ele>-0.800000011920928955078125</ele>
        <time>2026-05-31T21:44:08.000Z</time>
        <extensions>
          <ns3:TrackPointExtension>
            <ns3:hr>143</ns3:hr>
            <ns3:cad>90</ns3:cad>
          </ns3:TrackPointExtension>
        </extensions>
      </trkpt>
      <trkpt lat="39.13979776203632354736328125" lon="117.1876673586666584014892578125">
        <ele>-0.60000002384185791015625</ele>
        <time>2026-05-31T21:44:09.000Z</time>
        <extensions>
          <ns3:TrackPointExtension>
            <ns3:hr>144</ns3:hr>
            <ns3:cad>90</ns3:cad>
          </ns3:TrackPointExtension>
        </extensions>
      </trkpt>
      <trkpt lat="39.13981343619525432586669921875" lon="117.18766710720956325531005859375">
        <ele>-0.60000002384185791015625</ele>
        <time>2026-05-31T21:44:10.000Z</time>
        <extensions>
          <ns3:TrackPointExtension>
            <ns3:hr>144</ns3:hr>
            <ns3:cad>90</ns3:cad>
          </ns3:TrackPointExtension>
        </extensions>
      </trkpt>
      <trkpt lat="39.13983522914350032806396484375" lon="117.18767146579921245574951171875">
        <ele>-0.800000011920928955078125</ele>
        <time>2026-05-31T21:44:11.000Z</time>
        <extensions>
          <ns3:TrackPointExtension>
            <ns3:hr>143</ns3:hr>
            <ns3:cad>90</ns3:cad>
          </ns3:TrackPointExtension>
        </extensions>
      </trkpt>
      <trkpt lat="39.1398535855114459991455078125" lon="117.18767431564629077911376953125">
        <ele>-0.800000011920928955078125</ele>
        <time>2026-05-31T21:44:12.000Z</time>
        <extensions>
          <ns3:TrackPointExtension>
            <ns3:hr>143</ns3:hr>
            <ns3:cad>90</ns3:cad>
          </ns3:TrackPointExtension>
        </extensions>
      </trkpt>
      <trkpt lat="39.1398867778480052947998046875" lon="117.18767993152141571044921875">
        <ele>-0.800000011920928955078125</ele>
        <time>2026-05-31T21:44:13.000Z</time>
        <extensions>
          <ns3:TrackPointExtension>
            <ns3:hr>143</ns3:hr>
            <ns3:cad>90</ns3:cad>
          </ns3:TrackPointExtension>
        </extensions>
      </trkpt>
      <trkpt lat="39.13991846144199371337890625" lon="117.187670879065990447998046875">
        <ele>-0.800000011920928955078125</ele>
        <time>2026-05-31T21:44:14.000Z</time>
        <extensions>
          <ns3:TrackPointExtension>
            <ns3:hr>143</ns3:hr>
            <ns3:cad>90</ns3:cad>
          </ns3:TrackPointExtension>
        </extensions>
      </trkpt>
      <trkpt lat="39.13996079005300998687744140625" lon="117.18767683021724224090576171875">
        <ele>-0.800000011920928955078125</ele>
        <time>2026-05-31T21:44:15.000Z</time>
        <extensions>
          <ns3:TrackPointExtension>
            <ns3:hr>143</ns3:hr>
            <ns3:cad>90</ns3:cad>
          </ns3:TrackPointExtension>
        </extensions>
      </trkpt>
      <trkpt lat="39.1399880312383174896240234375" lon="117.18767322599887847900390625">
        <ele>-0.800000011920928955078125</ele>
        <time>2026-05-31T21:44:16.000Z</time>
        <extensions>
          <ns3:TrackPointExtension>
            <ns3:hr>143</ns3:hr>
            <ns3:cad>90</ns3:cad>
          </ns3:TrackPointExtension>
        </extensions>
      </trkpt>
      <trkpt lat="39.1400205530226230621337890625" lon="117.18768588267266750335693359375">
        <ele>-0.800000011920928955078125</ele>
        <time>2026-05-31T21:44:17.000Z</time>
        <extensions>
          <ns3:TrackPointExtension>
            <ns3:hr>143</ns3:hr>
            <ns3:cad>90</ns3:cad>
          </ns3:TrackPointExtension>
        </extensions>
      </trkpt>
      <trkpt lat="39.14004712365567684173583984375" lon="117.18768269754946231842041015625">
        <ele>-0.800000011920928955078125</ele>
        <time>2026-05-31T21:44:18.000Z</time>
        <extensions>
          <ns3:TrackPointExtension>
            <ns3:hr>144</ns3:hr>
            <ns3:cad>90</ns3:cad>
          </ns3:TrackPointExtension>
        </extensions>
      </trkpt>
      <trkpt lat="39.1400768794119358062744140625" lon="117.18769342638552188873291015625">
        <ele>-0.60000002384185791015625</ele>
        <time>2026-05-31T21:44:19.000Z</time>
        <extensions>
          <ns3:TrackPointExtension>
            <ns3:hr>144</ns3:hr>
            <ns3:cad>90</ns3:cad>
          </ns3:TrackPointExtension>
        </extensions>
      </trkpt>
      <trkpt lat="39.1401006840169429779052734375" lon="117.18769091181457042694091796875">
        <ele>-0.60000002384185791015625</ele>
        <time>2026-05-31T21:44:20.000Z</time>
        <extensions>
          <ns3:TrackPointExtension>
            <ns3:hr>144</ns3:hr>
            <ns3:cad>90</ns3:cad>
          </ns3:TrackPointExtension>
        </extensions>
      </trkpt>
      <trkpt lat="39.1401285119354724884033203125" lon="117.18770130537450313568115234375">
        <ele>-0.60000002384185791015625</ele>
        <time>2026-05-31T21:44:21.000Z</time>
        <extensions>
          <ns3:TrackPointExtension>
            <ns3:hr>144</ns3:hr>
            <ns3:cad>90</ns3:cad>
          </ns3:TrackPointExtension>
        </extensions>
      </trkpt>
      <trkpt lat="39.14015307091176509857177734375" lon="117.18770348466932773590087890625">
        <ele>-0.60000002384185791015625</ele>
        <time>2026-05-31T21:44:22.000Z</time>
        <extensions>
          <ns3:TrackPointExtension>
            <ns3:hr>144</ns3:hr>
            <ns3:cad>90</ns3:cad>
          </ns3:TrackPointExtension>
        </extensions>
      </trkpt>
      <trkpt lat="39.1401821561157703399658203125" lon="117.18771404586732387542724609375">
        <ele>-0.60000002384185791015625</ele>
        <time>2026-05-31T21:44:23.000Z</time>
        <extensions>
          <ns3:TrackPointExtension>
            <ns3:hr>144</ns3:hr>
            <ns3:cad>90</ns3:cad>
          </ns3:TrackPointExtension>
        </extensions>
      </trkpt>
      <trkpt lat="39.14020478725433349609375" lon="117.1877139620482921600341796875">
        <ele>-0.4000000059604644775390625</ele>
        <time>2026-05-31T21:44:24.000Z</time>
        <extensions>
          <ns3:TrackPointExtension>
            <ns3:hr>144</ns3:hr>
            <ns3:cad>90</ns3:cad>
          </ns3:TrackPointExtension>
        </extensions>
      </trkpt>
      <trkpt lat="39.14023303426802158355712890625" lon="117.18772293068468570709228515625">
        <ele>-0.60000002384185791015625</ele>
        <time>2026-05-31T21:44:25.000Z</time>
        <extensions>
          <ns3:TrackPointExtension>
            <ns3:hr>144</ns3:hr>
            <ns3:cad>90</ns3:cad>
          </ns3:TrackPointExtension>
        </extensions>
      </trkpt>
      <trkpt lat="39.1402602754533290863037109375" lon="117.18772293068468570709228515625">
        <ele>-0.60000002384185791015625</ele>
        <time>2026-05-31T21:44:26.000Z</time>
        <extensions>
          <ns3:TrackPointExtension>
            <ns3:hr>143</ns3:hr>
            <ns3:cad>90</ns3:cad>
          </ns3:TrackPointExtension>
        </extensions>
      </trkpt>
      <trkpt lat="39.140291623771190643310546875" lon="117.1877307258546352386474609375">
        <ele>-0.60000002384185791015625</ele>
        <time>2026-05-31T21:44:27.000Z</time>
        <extensions>
          <ns3:TrackPointExtension>
            <ns3:hr>144</ns3:hr>
            <ns3:cad>90</ns3:cad>
          </ns3:TrackPointExtension>
        </extensions>
      </trkpt>
      <trkpt lat="39.1403202898800373077392578125" lon="117.18772812746465206146240234375">
        <ele>-0.4000000059604644775390625</ele>
        <time>2026-05-31T21:44:28.000Z</time>
        <extensions>
          <ns3:TrackPointExtension>
            <ns3:hr>144</ns3:hr>
            <ns3:cad>90</ns3:cad>
          </ns3:TrackPointExtension>
        </extensions>
      </trkpt>
      <trkpt lat="39.1403482854366302490234375" lon="117.18773349188268184661865234375">
        <ele>-0.4000000059604644775390625</ele>
        <time>2026-05-31T21:44:29.000Z</time>
        <extensions>
          <ns3:TrackPointExtension>
            <ns3:hr>143</ns3:hr>
            <ns3:cad>90</ns3:cad>
          </ns3:TrackPointExtension>
        </extensions>
      </trkpt>
      <trkpt lat="39.14037586189806461334228515625" lon="117.18773357570171356201171875">
        <ele>-0.4000000059604644775390625</ele>
        <time>2026-05-31T21:44:30.000Z</time>
        <extensions>
          <ns3:TrackPointExtension>
            <ns3:hr>144</ns3:hr>
            <ns3:cad>90</ns3:cad>
          </ns3:TrackPointExtension>
        </extensions>
      </trkpt>
      <trkpt lat="39.14040368981659412384033203125" lon="117.187736593186855316162109375">
        <ele>-0.4000000059604644775390625</ele>
        <time>2026-05-31T21:44:31.000Z</time>
        <extensions>
          <ns3:TrackPointExtension>
            <ns3:hr>143</ns3:hr>
            <ns3:cad>90</ns3:cad>
          </ns3:TrackPointExtension>
        </extensions>
      </trkpt>
      <trkpt lat="39.14043135009706020355224609375" lon="117.18773449771106243133544921875">
        <ele>-0.4000000059604644775390625</ele>
        <time>2026-05-31T21:44:32.000Z</time>
        <extensions>
          <ns3:TrackPointExtension>
            <ns3:hr>143</ns3:hr>
            <ns3:cad>90</ns3:cad>
          </ns3:TrackPointExtension>
        </extensions>
      </trkpt>
      <trkpt lat="39.14045850746333599090576171875" lon="117.187731899321079254150390625">
        <ele>-0.4000000059604644775390625</ele>
        <time>2026-05-31T21:44:33.000Z</time>
        <extensions>
          <ns3:TrackPointExtension>
            <ns3:hr>143</ns3:hr>
            <ns3:cad>91</ns3:cad>
          </ns3:TrackPointExtension>
        </extensions>
      </trkpt>
      <trkpt lat="39.14048667065799236297607421875" lon="117.18773080967366695404052734375">
        <ele>-0.4000000059604644775390625</ele>
        <time>2026-05-31T21:44:34.000Z</time>
        <extensions>
          <ns3:TrackPointExtension>
            <ns3:hr>143</ns3:hr>
            <ns3:cad>90</ns3:cad>
          </ns3:TrackPointExtension>
        </extensions>
      </trkpt>
      <trkpt lat="39.14051265455782413482666015625" lon="117.18773365952074527740478515625">
        <ele>-0.4000000059604644775390625</ele>
        <time>2026-05-31T21:44:35.000Z</time>
        <extensions>
          <ns3:TrackPointExtension>
            <ns3:hr>143</ns3:hr>
            <ns3:cad>91</ns3:cad>
          </ns3:TrackPointExtension>
        </extensions>
      </trkpt>
      <trkpt lat="39.14054048247635364532470703125" lon="117.187737263739109039306640625">
        <ele>-0.4000000059604644775390625</ele>
        <time>2026-05-31T21:44:36.000Z</time>
        <extensions>
          <ns3:TrackPointExtension>
            <ns3:hr>143</ns3:hr>
            <ns3:cad>91</ns3:cad>
          </ns3:TrackPointExtension>
        </extensions>
      </trkpt>
      <trkpt lat="39.1405640356242656707763671875" lon="117.1877424605190753936767578125">
        <ele>-0.4000000059604644775390625</ele>
        <time>2026-05-31T21:44:37.000Z</time>
        <extensions>
          <ns3:TrackPointExtension>
            <ns3:hr>143</ns3:hr>
            <ns3:cad>92</ns3:cad>
          </ns3:TrackPointExtension>
        </extensions>
      </trkpt>
      <trkpt lat="39.1405911929905414581298828125" lon="117.18774572946131229400634765625">
        <ele>-0.4000000059604644775390625</ele>
        <time>2026-05-31T21:44:38.000Z</time>
        <extensions>
          <ns3:TrackPointExtension>
            <ns3:hr>143</ns3:hr>
            <ns3:cad>92</ns3:cad>
          </ns3:TrackPointExtension>
        </extensions>
      </trkpt>
      <trkpt lat="39.14061315357685089111328125" lon="117.18774908222258090972900390625">
        <ele>-0.4000000059604644775390625</ele>
        <time>2026-05-31T21:44:39.000Z</time>
        <extensions>
          <ns3:TrackPointExtension>
            <ns3:hr>143</ns3:hr>
            <ns3:cad>92</ns3:cad>
          </ns3:TrackPointExtension>
        </extensions>
      </trkpt>
      <trkpt lat="39.14064106531441211700439453125" lon="117.1877541951835155487060546875">
        <ele>-0.4000000059604644775390625</ele>
        <time>2026-05-31T21:44:40.000Z</time>
        <extensions>
          <ns3:TrackPointExtension>
            <ns3:hr>143</ns3:hr>
            <ns3:cad>91</ns3:cad>
          </ns3:TrackPointExtension>
        </extensions>
      </trkpt>
      <trkpt lat="39.14066470228135585784912109375" lon="117.1877535246312618255615234375">
        <ele>-0.4000000059604644775390625</ele>
        <time>2026-05-31T21:44:41.000Z</time>
        <extensions>
          <ns3:TrackPointExtension>
            <ns3:hr>142</ns3:hr>
            <ns3:cad>90</ns3:cad>
          </ns3:TrackPointExtension>
        </extensions>
      </trkpt>
      <trkpt lat="39.14069554768502712249755859375" lon="117.187761403620243072509765625">
        <ele>-0.4000000059604644775390625</ele>
        <time>2026-05-31T21:44:42.000Z</time>
        <extensions>
          <ns3:TrackPointExtension>
            <ns3:hr>143</ns3:hr>
            <ns3:cad>90</ns3:cad>
          </ns3:TrackPointExtension>
        </extensions>
      </trkpt>
      <trkpt lat="39.14071851409971714019775390625" lon="117.18775981105864048004150390625">
        <ele>-0.4000000059604644775390625</ele>
        <time>2026-05-31T21:44:43.000Z</time>
        <extensions>
          <ns3:TrackPointExtension>
            <ns3:hr>143</ns3:hr>
            <ns3:cad>90</ns3:cad>
          </ns3:TrackPointExtension>
        </extensions>
      </trkpt>
      <trkpt lat="39.1407494433224201202392578125" lon="117.1877696178853511810302734375">
        <ele>-0.4000000059604644775390625</ele>
        <time>2026-05-31T21:44:44.000Z</time>
        <extensions>
          <ns3:TrackPointExtension>
            <ns3:hr>142</ns3:hr>
            <ns3:cad>90</ns3:cad>
          </ns3:TrackPointExtension>
        </extensions>
      </trkpt>
      <trkpt lat="39.14077182300388813018798828125" lon="117.18777322210371494293212890625">
        <ele>-0.4000000059604644775390625</ele>
        <time>2026-05-31T21:44:45.000Z</time>
        <extensions>
          <ns3:TrackPointExtension>
            <ns3:hr>142</ns3:hr>
            <ns3:cad>91</ns3:cad>
          </ns3:TrackPointExtension>
        </extensions>
      </trkpt>
      <trkpt lat="39.140801243484020233154296875" lon="117.187785543501377105712890625">
        <ele>-0.20000000298023223876953125</ele>
        <time>2026-05-31T21:44:46.000Z</time>
        <extensions>
          <ns3:TrackPointExtension>
            <ns3:hr>143</ns3:hr>
            <ns3:cad>91</ns3:cad>
          </ns3:TrackPointExtension>
        </extensions>
      </trkpt>
      <trkpt lat="39.140824377536773681640625" lon="117.18778847716748714447021484375">
        <ele>-0.4000000059604644775390625</ele>
        <time>2026-05-31T21:44:47.000Z</time>
        <extensions>
          <ns3:TrackPointExtension>
            <ns3:hr>143</ns3:hr>
            <ns3:cad>91</ns3:cad>
          </ns3:TrackPointExtension>
        </extensions>
      </trkpt>
      <trkpt lat="39.14085497148334980010986328125" lon="117.18779786489903926849365234375">
        <ele>-0.4000000059604644775390625</ele>
        <time>2026-05-31T21:44:48.000Z</time>
        <extensions>
          <ns3:TrackPointExtension>
            <ns3:hr>143</ns3:hr>
            <ns3:cad>91</ns3:cad>
          </ns3:TrackPointExtension>
        </extensions>
      </trkpt>
      <trkpt lat="39.14087860845029354095458984375" lon="117.18779920600354671478271484375">
        <ele>-0.4000000059604644775390625</ele>
        <time>2026-05-31T21:44:49.000Z</time>
        <extensions>
          <ns3:TrackPointExtension>
            <ns3:hr>142</ns3:hr>
            <ns3:cad>91</ns3:cad>
          </ns3:TrackPointExtension>
        </extensions>
      </trkpt>
      <trkpt lat="39.14090819656848907470703125" lon="117.1878106892108917236328125">
        <ele>-0.4000000059604644775390625</ele>
        <time>2026-05-31T21:44:50.000Z</time>
        <extensions>
          <ns3:TrackPointExtension>
            <ns3:hr>143</ns3:hr>
            <ns3:cad>90</ns3:cad>
          </ns3:TrackPointExtension>
        </extensions>
      </trkpt>
      <trkpt lat="39.140931665897369384765625" lon="117.18780876137316226959228515625">
        <ele>-0.4000000059604644775390625</ele>
        <time>2026-05-31T21:44:51.000Z</time>
        <extensions>
          <ns3:TrackPointExtension>
            <ns3:hr>142</ns3:hr>
            <ns3:cad>90</ns3:cad>
          </ns3:TrackPointExtension>
        </extensions>
      </trkpt>
      <trkpt lat="39.140961505472660064697265625" lon="117.1878192387521266937255859375">
        <ele>-0.4000000059604644775390625</ele>
        <time>2026-05-31T21:44:52.000Z</time>
        <extensions>
          <ns3:TrackPointExtension>
            <ns3:hr>142</ns3:hr>
            <ns3:cad>90</ns3:cad>
          </ns3:TrackPointExtension>
        </extensions>
      </trkpt>
      <trkpt lat="39.140985645353794097900390625" lon="117.1878148801624774932861328125">
        <ele>-0.4000000059604644775390625</ele>
        <time>2026-05-31T21:44:53.000Z</time>
        <extensions>
          <ns3:TrackPointExtension>
            <ns3:hr>142</ns3:hr>
            <ns3:cad>90</ns3:cad>
          </ns3:TrackPointExtension>
        </extensions>
      </trkpt>
      <trkpt lat="39.14101808331906795501708984375" lon="117.18782552517950534820556640625">
        <ele>-0.4000000059604644775390625</ele>
        <time>2026-05-31T21:44:54.000Z</time>
        <extensions>
          <ns3:TrackPointExtension>
            <ns3:hr>143</ns3:hr>
            <ns3:cad>91</ns3:cad>
          </ns3:TrackPointExtension>
        </extensions>
      </trkpt>
      <trkpt lat="39.14104222320020198822021484375" lon="117.18782049603760242462158203125">
        <ele>-0.4000000059604644775390625</ele>
        <time>2026-05-31T21:44:55.000Z</time>
        <extensions>
          <ns3:TrackPointExtension>
            <ns3:hr>142</ns3:hr>
            <ns3:cad>92</ns3:cad>
          </ns3:TrackPointExtension>
        </extensions>
      </trkpt>
      <trkpt lat="39.1410719789564609527587890625" lon="117.18783440999686717987060546875">
        <ele>-0.20000000298023223876953125</ele>
        <time>2026-05-31T21:44:56.000Z</time>
        <extensions>
          <ns3:TrackPointExtension>
            <ns3:hr>142</ns3:hr>
            <ns3:cad>92</ns3:cad>
          </ns3:TrackPointExtension>
        </extensions>
      </trkpt>
      <trkpt lat="39.14109385572373867034912109375" lon="117.18783122487366199493408203125">
        <ele>-0.20000000298023223876953125</ele>
        <time>2026-05-31T21:44:57.000Z</time>
        <extensions>
          <ns3:TrackPointExtension>
            <ns3:hr>143</ns3:hr>
            <ns3:cad>92</ns3:cad>
          </ns3:TrackPointExtension>
        </extensions>
      </trkpt>
      <trkpt lat="39.1411222703754901885986328125" lon="117.187839187681674957275390625">
        <ele>-0.4000000059604644775390625</ele>
        <time>2026-05-31T21:44:58.000Z</time>
        <extensions>
          <ns3:TrackPointExtension>
            <ns3:hr>142</ns3:hr>
            <ns3:cad>92</ns3:cad>
          </ns3:TrackPointExtension>
        </extensions>
      </trkpt>
      <trkpt lat="39.14114615879952907562255859375" lon="117.18783357180655002593994140625">
        <ele>-0.4000000059604644775390625</ele>
        <time>2026-05-31T21:44:59.000Z</time>
        <extensions>
          <ns3:TrackPointExtension>
            <ns3:hr>142</ns3:hr>
            <ns3:cad>91</ns3:cad>
          </ns3:TrackPointExtension>
        </extensions>
      </trkpt>
      <trkpt lat="39.14117298088967800140380859375" lon="117.18784195370972156524658203125">
        <ele>-0.4000000059604644775390625</ele>
        <time>2026-05-31T21:45:00.000Z</time>
        <extensions>
          <ns3:TrackPointExtension>
            <ns3:hr>143</ns3:hr>
            <ns3:cad>91</ns3:cad>
          </ns3:TrackPointExtension>
        </extensions>
      </trkpt>
      <trkpt lat="39.14119577966630458831787109375" lon="117.18784111551940441131591796875">
        <ele>-0.4000000059604644775390625</ele>
        <time>2026-05-31T21:45:01.000Z</time>
        <extensions>
          <ns3:TrackPointExtension>
            <ns3:hr>143</ns3:hr>
            <ns3:cad>91</ns3:cad>
          </ns3:TrackPointExtension>
        </extensions>
      </trkpt>
      <trkpt lat="39.1412245295941829681396484375" lon="117.1878510899841785430908203125">
        <ele>-0.4000000059604644775390625</ele>
        <time>2026-05-31T21:45:02.000Z</time>
        <extensions>
          <ns3:TrackPointExtension>
            <ns3:hr>143</ns3:hr>
            <ns3:cad>91</ns3:cad>
          </ns3:TrackPointExtension>
        </extensions>
      </trkpt>
      <trkpt lat="39.1412510164082050323486328125" lon="117.18784756958484649658203125">
        <ele>-0.4000000059604644775390625</ele>
        <time>2026-05-31T21:45:03.000Z</time>
        <extensions>
          <ns3:TrackPointExtension>
            <ns3:hr>142</ns3:hr>
            <ns3:cad>91</ns3:cad>
          </ns3:TrackPointExtension>
        </extensions>
      </trkpt>
      <trkpt lat="39.141280353069305419921875" lon="117.18785586766898632049560546875">
        <ele>-0.4000000059604644775390625</ele>
        <time>2026-05-31T21:45:04.000Z</time>
        <extensions>
          <ns3:TrackPointExtension>
            <ns3:hr>143</ns3:hr>
            <ns3:cad>91</ns3:cad>
          </ns3:TrackPointExtension>
        </extensions>
      </trkpt>
      <trkpt lat="39.14130843244493007659912109375" lon="117.18785419128835201263427734375">
        <ele>-0.20000000298023223876953125</ele>
        <time>2026-05-31T21:45:05.000Z</time>
        <extensions>
          <ns3:TrackPointExtension>
            <ns3:hr>142</ns3:hr>
            <ns3:cad>92</ns3:cad>
          </ns3:TrackPointExtension>
        </extensions>
      </trkpt>
      <trkpt lat="39.1413345001637935638427734375" lon="117.18785201199352741241455078125">
        <ele>-0.20000000298023223876953125</ele>
        <time>2026-05-31T21:45:06.000Z</time>
        <extensions>
          <ns3:TrackPointExtension>
            <ns3:hr>142</ns3:hr>
            <ns3:cad>92</ns3:cad>
          </ns3:TrackPointExtension>
        </extensions>
      </trkpt>
      <trkpt lat="39.14136283099651336669921875" lon="117.18785385601222515106201171875">
        <ele>-0.20000000298023223876953125</ele>
        <time>2026-05-31T21:45:07.000Z</time>
        <extensions>
          <ns3:TrackPointExtension>
            <ns3:hr>142</ns3:hr>
            <ns3:cad>92</ns3:cad>
          </ns3:TrackPointExtension>
        </extensions>
      </trkpt>
      <trkpt lat="39.14139023981988430023193359375" lon="117.18785972334444522857666015625">
        <ele>-0.20000000298023223876953125</ele>
        <time>2026-05-31T21:45:08.000Z</time>
        <extensions>
          <ns3:TrackPointExtension>
            <ns3:hr>143</ns3:hr>
            <ns3:cad>91</ns3:cad>
          </ns3:TrackPointExtension>
        </extensions>
      </trkpt>
      <trkpt lat="39.141418822109699249267578125" lon="117.1878668479621410369873046875">
        <ele>-0.20000000298023223876953125</ele>
        <time>2026-05-31T21:45:09.000Z</time>
        <extensions>
          <ns3:TrackPointExtension>
            <ns3:hr>142</ns3:hr>
            <ns3:cad>91</ns3:cad>
          </ns3:TrackPointExtension>
        </extensions>
      </trkpt>
      <trkpt lat="39.1414441354572772979736328125" lon="117.1878725476562976837158203125">
        <ele>-0.20000000298023223876953125</ele>
        <time>2026-05-31T21:45:10.000Z</time>
        <extensions>
          <ns3:TrackPointExtension>
            <ns3:hr>142</ns3:hr>
            <ns3:cad>91</ns3:cad>
          </ns3:TrackPointExtension>
        </extensions>
      </trkpt>
      <trkpt lat="39.14147414267063140869140625" lon="117.18787648715078830718994140625">
        <ele>-0.4000000059604644775390625</ele>
        <time>2026-05-31T21:45:11.000Z</time>
        <extensions>
          <ns3:TrackPointExtension>
            <ns3:hr>143</ns3:hr>
            <ns3:cad>91</ns3:cad>
          </ns3:TrackPointExtension>
        </extensions>
      </trkpt>
      <trkpt lat="39.1414974443614482879638671875" lon="117.18787900172173976898193359375">
        <ele>-0.20000000298023223876953125</ele>
        <time>2026-05-31T21:45:12.000Z</time>
        <extensions>
          <ns3:TrackPointExtension>
            <ns3:hr>142</ns3:hr>
            <ns3:cad>91</ns3:cad>
          </ns3:TrackPointExtension>
        </extensions>
      </trkpt>
      <trkpt lat="39.14152183569967746734619140625" lon="117.187878079712390899658203125">
        <ele>-0.20000000298023223876953125</ele>
        <time>2026-05-31T21:45:13.000Z</time>
        <extensions>
          <ns3:TrackPointExtension>
            <ns3:hr>142</ns3:hr>
            <ns3:cad>91</ns3:cad>
          </ns3:TrackPointExtension>
        </extensions>
      </trkpt>
      <trkpt lat="39.14154731668531894683837890625" lon="117.18788688071072101593017578125">
        <ele>-0.20000000298023223876953125</ele>
        <time>2026-05-31T21:45:14.000Z</time>
        <extensions>
          <ns3:TrackPointExtension>
            <ns3:hr>142</ns3:hr>
            <ns3:cad>91</ns3:cad>
          </ns3:TrackPointExtension>
        </extensions>
      </trkpt>
      <trkpt lat="39.14157564751803874969482421875" lon="117.1878956817090511322021484375">
        <ele>-0.4000000059604644775390625</ele>
        <time>2026-05-31T21:45:15.000Z</time>
        <extensions>
          <ns3:TrackPointExtension>
            <ns3:hr>143</ns3:hr>
            <ns3:cad>90</ns3:cad>
          </ns3:TrackPointExtension>
        </extensions>
      </trkpt>
      <trkpt lat="39.1416007094085216522216796875" lon="117.18789945356547832489013671875">
        <ele>-0.20000000298023223876953125</ele>
        <time>2026-05-31T21:45:16.000Z</time>
        <extensions>
          <ns3:TrackPointExtension>
            <ns3:hr>142</ns3:hr>
            <ns3:cad>90</ns3:cad>
          </ns3:TrackPointExtension>
        </extensions>
      </trkpt>
      <trkpt lat="39.141629040241241455078125" lon="117.18790800310671329498291015625">
        <ele>-0.20000000298023223876953125</ele>
        <time>2026-05-31T21:45:17.000Z</time>
        <extensions>
          <ns3:TrackPointExtension>
            <ns3:hr>142</ns3:hr>
            <ns3:cad>91</ns3:cad>
          </ns3:TrackPointExtension>
        </extensions>
      </trkpt>
      <trkpt lat="39.141654856503009796142578125" lon="117.18791470862925052642822265625">
        <ele>-0.20000000298023223876953125</ele>
        <time>2026-05-31T21:45:18.000Z</time>
        <extensions>
          <ns3:TrackPointExtension>
            <ns3:hr>142</ns3:hr>
            <ns3:cad>91</ns3:cad>
          </ns3:TrackPointExtension>
        </extensions>
      </trkpt>
      <trkpt lat="39.1416845284402370452880859375" lon="117.18792669475078582763671875">
        <ele>-0.20000000298023223876953125</ele>
        <time>2026-05-31T21:45:19.000Z</time>
        <extensions>
          <ns3:TrackPointExtension>
            <ns3:hr>142</ns3:hr>
            <ns3:cad>90</ns3:cad>
          </ns3:TrackPointExtension>
        </extensions>
      </trkpt>
      <trkpt lat="39.14170690812170505523681640625" lon="117.18793130479753017425537109375">
        <ele>-0.20000000298023223876953125</ele>
        <time>2026-05-31T21:45:20.000Z</time>
        <extensions>
          <ns3:TrackPointExtension>
            <ns3:hr>142</ns3:hr>
            <ns3:cad>90</ns3:cad>
          </ns3:TrackPointExtension>
        </extensions>
      </trkpt>
      <trkpt lat="39.14173859171569347381591796875" lon="117.187943123281002044677734375">
        <ele>-0.20000000298023223876953125</ele>
        <time>2026-05-31T21:45:21.000Z</time>
        <extensions>
          <ns3:TrackPointExtension>
            <ns3:hr>141</ns3:hr>
            <ns3:cad>91</ns3:cad>
          </ns3:TrackPointExtension>
        </extensions>
      </trkpt>
      <trkpt lat="39.14176390506327152252197265625" lon="117.1879466436803340911865234375">
        <ele>-0.20000000298023223876953125</ele>
        <time>2026-05-31T21:45:22.000Z</time>
        <extensions>
          <ns3:TrackPointExtension>
            <ns3:hr>141</ns3:hr>
            <ns3:cad>91</ns3:cad>
          </ns3:TrackPointExtension>
        </extensions>
      </trkpt>
      <trkpt lat="39.14179407991468906402587890625" lon="117.1879567019641399383544921875">
        <ele>-0.20000000298023223876953125</ele>
        <time>2026-05-31T21:45:23.000Z</time>
        <extensions>
          <ns3:TrackPointExtension>
            <ns3:hr>141</ns3:hr>
            <ns3:cad>90</ns3:cad>
          </ns3:TrackPointExtension>
        </extensions>
      </trkpt>
      <trkpt lat="39.1418169625103473663330078125" lon="117.18795661814510822296142578125">
        <ele>-0.20000000298023223876953125</ele>
        <time>2026-05-31T21:45:24.000Z</time>
        <extensions>
          <ns3:TrackPointExtension>
            <ns3:hr>141</ns3:hr>
            <ns3:cad>90</ns3:cad>
          </ns3:TrackPointExtension>
        </extensions>
      </trkpt>
      <trkpt lat="39.14184839464724063873291015625" lon="117.18796826899051666259765625">
        <ele>-0.20000000298023223876953125</ele>
        <time>2026-05-31T21:45:25.000Z</time>
        <extensions>
          <ns3:TrackPointExtension>
            <ns3:hr>141</ns3:hr>
            <ns3:cad>91</ns3:cad>
          </ns3:TrackPointExtension>
        </extensions>
      </trkpt>
      <trkpt lat="39.1418732888996601104736328125" lon="117.18796516768634319305419921875">
        <ele>-0.20000000298023223876953125</ele>
        <time>2026-05-31T21:45:26.000Z</time>
        <extensions>
          <ns3:TrackPointExtension>
            <ns3:hr>141</ns3:hr>
            <ns3:cad>91</ns3:cad>
          </ns3:TrackPointExtension>
        </extensions>
      </trkpt>
      <trkpt lat="39.14190153591334819793701171875" lon="117.18797103501856327056884765625">
        <ele>-0.20000000298023223876953125</ele>
        <time>2026-05-31T21:45:27.000Z</time>
        <extensions>
          <ns3:TrackPointExtension>
            <ns3:hr>141</ns3:hr>
            <ns3:cad>91</ns3:cad>
          </ns3:TrackPointExtension>
        </extensions>
      </trkpt>
      <trkpt lat="39.14192349649965763092041015625" lon="117.1879724599421024322509765625">
        <ele>-0.20000000298023223876953125</ele>
        <time>2026-05-31T21:45:28.000Z</time>
        <extensions>
          <ns3:TrackPointExtension>
            <ns3:hr>141</ns3:hr>
            <ns3:cad>91</ns3:cad>
          </ns3:TrackPointExtension>
        </extensions>
      </trkpt>
      <trkpt lat="39.14195367135107517242431640625" lon="117.187977991998195648193359375">
        <ele>-0.20000000298023223876953125</ele>
        <time>2026-05-31T21:45:29.000Z</time>
        <extensions>
          <ns3:TrackPointExtension>
            <ns3:hr>141</ns3:hr>
            <ns3:cad>91</ns3:cad>
          </ns3:TrackPointExtension>
        </extensions>
      </trkpt>
      <trkpt lat="39.1419755481183528900146484375" lon="117.1879681013524532318115234375">
        <ele>-0.20000000298023223876953125</ele>
        <time>2026-05-31T21:45:30.000Z</time>
        <extensions>
          <ns3:TrackPointExtension>
            <ns3:hr>141</ns3:hr>
            <ns3:cad>91</ns3:cad>
          </ns3:TrackPointExtension>
        </extensions>
      </trkpt>
      <trkpt lat="39.142005555331707000732421875" lon="117.18796717934310436248779296875">
        <ele>-0.20000000298023223876953125</ele>
        <time>2026-05-31T21:45:31.000Z</time>
        <extensions>
          <ns3:TrackPointExtension>
            <ns3:hr>141</ns3:hr>
            <ns3:cad>91</ns3:cad>
          </ns3:TrackPointExtension>
        </extensions>
      </trkpt>
      <trkpt lat="39.14202659390866756439208984375" lon="117.18796952627599239349365234375">
        <ele>-0.20000000298023223876953125</ele>
        <time>2026-05-31T21:45:32.000Z</time>
        <extensions>
          <ns3:TrackPointExtension>
            <ns3:hr>141</ns3:hr>
            <ns3:cad>91</ns3:cad>
          </ns3:TrackPointExtension>
        </extensions>
      </trkpt>
      <trkpt lat="39.14205576293170452117919921875" lon="117.1879717893898487091064453125">
        <ele>-0.20000000298023223876953125</ele>
        <time>2026-05-31T21:45:33.000Z</time>
        <extensions>
          <ns3:TrackPointExtension>
            <ns3:hr>141</ns3:hr>
            <ns3:cad>90</ns3:cad>
          </ns3:TrackPointExtension>
        </extensions>
      </trkpt>
      <trkpt lat="39.14207738824188709259033203125" lon="117.187973968684673309326171875">
        <ele>-0.20000000298023223876953125</ele>
        <time>2026-05-31T21:45:34.000Z</time>
        <extensions>
          <ns3:TrackPointExtension>
            <ns3:hr>141</ns3:hr>
            <ns3:cad>90</ns3:cad>
          </ns3:TrackPointExtension>
        </extensions>
      </trkpt>
      <trkpt lat="39.1421002708375453948974609375" lon="117.1879744715988636016845703125">
        <ele>-0.20000000298023223876953125</ele>
        <time>2026-05-31T21:45:35.000Z</time>
        <extensions>
          <ns3:TrackPointExtension>
            <ns3:hr>141</ns3:hr>
            <ns3:cad>90</ns3:cad>
          </ns3:TrackPointExtension>
        </extensions>
      </trkpt>
      <trkpt lat="39.14212055504322052001953125" lon="117.18796969391405582427978515625">
        <ele>-0.20000000298023223876953125</ele>
        <time>2026-05-31T21:45:36.000Z</time>
        <extensions>
          <ns3:TrackPointExtension>
            <ns3:hr>141</ns3:hr>
            <ns3:cad>91</ns3:cad>
          </ns3:TrackPointExtension>
        </extensions>
      </trkpt>
      <trkpt lat="39.14214779622852802276611328125" lon="117.1879815123975276947021484375">
        <ele>-0.20000000298023223876953125</ele>
        <time>2026-05-31T21:45:37.000Z</time>
        <extensions>
          <ns3:TrackPointExtension>
            <ns3:hr>141</ns3:hr>
            <ns3:cad>91</ns3:cad>
          </ns3:TrackPointExtension>
        </extensions>
      </trkpt>
      <trkpt lat="39.1421730257570743560791015625" lon="117.18798033893108367919921875">
        <ele>-0.20000000298023223876953125</ele>
        <time>2026-05-31T21:45:38.000Z</time>
        <extensions>
          <ns3:TrackPointExtension>
            <ns3:hr>141</ns3:hr>
            <ns3:cad>91</ns3:cad>
          </ns3:TrackPointExtension>
        </extensions>
      </trkpt>
      <trkpt lat="39.1422008536756038665771484375" lon="117.1879892237484455108642578125">
        <ele>-0.20000000298023223876953125</ele>
        <time>2026-05-31T21:45:39.000Z</time>
        <extensions>
          <ns3:TrackPointExtension>
            <ns3:hr>141</ns3:hr>
            <ns3:cad>90</ns3:cad>
          </ns3:TrackPointExtension>
        </extensions>
      </trkpt>
      <trkpt lat="39.142224825918674468994140625" lon="117.1879986114799976348876953125">
        <ele>-0.20000000298023223876953125</ele>
        <time>2026-05-31T21:45:40.000Z</time>
        <extensions>
          <ns3:TrackPointExtension>
            <ns3:hr>141</ns3:hr>
            <ns3:cad>90</ns3:cad>
          </ns3:TrackPointExtension>
        </extensions>
      </trkpt>
      <trkpt lat="39.14224670268595218658447265625" lon="117.18800908885896205902099609375">
        <ele>-0.20000000298023223876953125</ele>
        <time>2026-05-31T21:45:41.000Z</time>
        <extensions>
          <ns3:TrackPointExtension>
            <ns3:hr>140</ns3:hr>
            <ns3:cad>90</ns3:cad>
          </ns3:TrackPointExtension>
        </extensions>
      </trkpt>
      <trkpt lat="39.14226950146257877349853515625" lon="117.18801545910537242889404296875">
        <ele>0.20000000298023223876953125</ele>
        <time>2026-05-31T21:45:42.000Z</time>
        <extensions>
          <ns3:TrackPointExtension>
            <ns3:hr>141</ns3:hr>
            <ns3:cad>90</ns3:cad>
          </ns3:TrackPointExtension>
        </extensions>
      </trkpt>
      <trkpt lat="39.142287857830524444580078125" lon="117.18801076523959636688232421875">
        <ele>0.60000002384185791015625</ele>
        <time>2026-05-31T21:45:43.000Z</time>
        <extensions>
          <ns3:TrackPointExtension>
            <ns3:hr>141</ns3:hr>
            <ns3:cad>89</ns3:cad>
          </ns3:TrackPointExtension>
        </extensions>
      </trkpt>
      <trkpt lat="39.1423027776181697845458984375" lon="117.1880180574953556060791015625">
        <ele>1</ele>
        <time>2026-05-31T21:45:44.000Z</time>
        <extensions>
          <ns3:TrackPointExtension>
            <ns3:hr>141</ns3:hr>
            <ns3:cad>89</ns3:cad>
          </ns3:TrackPointExtension>
        </extensions>
      </trkpt>
      <trkpt lat="39.14232498966157436370849609375" lon="117.188013531267642974853515625">
        <ele>1.60000002384185791015625</ele>
        <time>2026-05-31T21:45:45.000Z</time>
        <extensions>
          <ns3:TrackPointExtension>
            <ns3:hr>141</ns3:hr>
            <ns3:cad>83</ns3:cad>
          </ns3:TrackPointExtension>
        </extensions>
      </trkpt>
      <trkpt lat="39.1423342935740947723388671875" lon="117.1879969350993633270263671875">
        <ele>2</ele>
        <time>2026-05-31T21:45:46.000Z</time>
        <extensions>
          <ns3:TrackPointExtension>
            <ns3:hr>141</ns3:hr>
            <ns3:cad>78</ns3:cad>
          </ns3:TrackPointExtension>
        </extensions>
      </trkpt>
      <trkpt lat="39.1423507221043109893798828125" lon="117.1879667602479457855224609375">
        <ele>2.2000000476837158203125</ele>
        <time>2026-05-31T21:45:47.000Z</time>
        <extensions>
          <ns3:TrackPointExtension>
            <ns3:hr>141</ns3:hr>
            <ns3:cad>78</ns3:cad>
          </ns3:TrackPointExtension>
        </extensions>
      </trkpt>
      <trkpt lat="39.14235667325556278228759765625" lon="117.1879466436803340911865234375">
        <ele>2.2000000476837158203125</ele>
        <time>2026-05-31T21:45:48.000Z</time>
        <extensions>
          <ns3:TrackPointExtension>
            <ns3:hr>141</ns3:hr>
            <ns3:cad>78</ns3:cad>
          </ns3:TrackPointExtension>
        </extensions>
      </trkpt>
      <trkpt lat="39.1423572599887847900390625" lon="117.187926359474658966064453125">
        <ele>2.400000095367431640625</ele>
        <time>2026-05-31T21:45:49.000Z</time>
        <extensions>
          <ns3:TrackPointExtension>
            <ns3:hr>141</ns3:hr>
            <ns3:cad>78</ns3:cad>
          </ns3:TrackPointExtension>
        </extensions>
      </trkpt>
      <trkpt lat="39.14236589334905147552490234375" lon="117.18789987266063690185546875">
        <ele>2.599999904632568359375</ele>
        <time>2026-05-31T21:45:50.000Z</time>
        <extensions>
          <ns3:TrackPointExtension>
            <ns3:hr>141</ns3:hr>
            <ns3:cad>78</ns3:cad>
          </ns3:TrackPointExtension>
        </extensions>
      </trkpt>
      <trkpt lat="39.1423617862164974212646484375" lon="117.187871038913726806640625">
        <ele>2.7999999523162841796875</ele>
        <time>2026-05-31T21:45:51.000Z</time>
        <extensions>
          <ns3:TrackPointExtension>
            <ns3:hr>141</ns3:hr>
            <ns3:cad>79</ns3:cad>
          </ns3:TrackPointExtension>
        </extensions>
      </trkpt>
      <trkpt lat="39.14236865937709808349609375" lon="117.18783541582524776458740234375">
        <ele>2.7999999523162841796875</ele>
        <time>2026-05-31T21:45:52.000Z</time>
        <extensions>
          <ns3:TrackPointExtension>
            <ns3:hr>142</ns3:hr>
            <ns3:cad>79</ns3:cad>
          </ns3:TrackPointExtension>
        </extensions>
      </trkpt>
      <trkpt lat="39.1423668153584003448486328125" lon="117.18780524097383022308349609375">
        <ele>3</ele>
        <time>2026-05-31T21:45:53.000Z</time>
        <extensions>
          <ns3:TrackPointExtension>
            <ns3:hr>143</ns3:hr>
            <ns3:cad>88</ns3:cad>
          </ns3:TrackPointExtension>
        </extensions>
      </trkpt>
      <trkpt lat="39.142375029623508453369140625" lon="117.18776785768568515777587890625">
        <ele>3</ele>
        <time>2026-05-31T21:45:54.000Z</time>
        <extensions>
          <ns3:TrackPointExtension>
            <ns3:hr>143</ns3:hr>
            <ns3:cad>88</ns3:cad>
          </ns3:TrackPointExtension>
        </extensions>
      </trkpt>
      <trkpt lat="39.1423745267093181610107421875" lon="117.18773801811039447784423828125">
        <ele>2.7999999523162841796875</ele>
        <time>2026-05-31T21:45:55.000Z</time>
        <extensions>
          <ns3:TrackPointExtension>
            <ns3:hr>144</ns3:hr>
            <ns3:cad>88</ns3:cad>
          </ns3:TrackPointExtension>
        </extensions>
      </trkpt>
      <trkpt lat="39.142381735146045684814453125" lon="117.1876998804509639739990234375">
        <ele>2.7999999523162841796875</ele>
        <time>2026-05-31T21:45:56.000Z</time>
        <extensions>
          <ns3:TrackPointExtension>
            <ns3:hr>145</ns3:hr>
            <ns3:cad>88</ns3:cad>
          </ns3:TrackPointExtension>
        </extensions>
      </trkpt>
      <trkpt lat="39.1423782147467136383056640625" lon="117.1876683644950389862060546875">
        <ele>2.599999904632568359375</ele>
        <time>2026-05-31T21:45:57.000Z</time>
        <extensions>
          <ns3:TrackPointExtension>
            <ns3:hr>146</ns3:hr>
            <ns3:cad>88</ns3:cad>
          </ns3:TrackPointExtension>
        </extensions>
      </trkpt>
      <trkpt lat="39.142377041280269622802734375" lon="117.18763257376849651336669921875">
        <ele>2.599999904632568359375</ele>
        <time>2026-05-31T21:45:58.000Z</time>
        <extensions>
          <ns3:TrackPointExtension>
            <ns3:hr>146</ns3:hr>
            <ns3:cad>89</ns3:cad>
          </ns3:TrackPointExtension>
        </extensions>
      </trkpt>
      <trkpt lat="39.14237226359546184539794921875" lon="117.18759954907000064849853515625">
        <ele>2.599999904632568359375</ele>
        <time>2026-05-31T21:45:59.000Z</time>
        <extensions>
          <ns3:TrackPointExtension>
            <ns3:hr>147</ns3:hr>
            <ns3:cad>89</ns3:cad>
          </ns3:TrackPointExtension>
        </extensions>
      </trkpt>
      <trkpt lat="39.1423787176609039306640625" lon="117.18756451271474361419677734375">
        <ele>2.599999904632568359375</ele>
        <time>2026-05-31T21:46:00.000Z</time>
        <extensions>
          <ns3:TrackPointExtension>
            <ns3:hr>147</ns3:hr>
            <ns3:cad>89</ns3:cad>
          </ns3:TrackPointExtension>
        </extensions>
      </trkpt>
      <trkpt lat="39.1423760354518890380859375" lon="117.18753199093043804168701171875">
        <ele>2.599999904632568359375</ele>
        <time>2026-05-31T21:46:01.000Z</time>
        <extensions>
          <ns3:TrackPointExtension>
            <ns3:hr>147</ns3:hr>
            <ns3:cad>89</ns3:cad>
          </ns3:TrackPointExtension>
        </extensions>
      </trkpt>
      <trkpt lat="39.14238098077476024627685546875" lon="117.187500558793544769287109375">
        <ele>2.599999904632568359375</ele>
        <time>2026-05-31T21:46:02.000Z</time>
        <extensions>
          <ns3:TrackPointExtension>
            <ns3:hr>147</ns3:hr>
            <ns3:cad>89</ns3:cad>
          </ns3:TrackPointExtension>
        </extensions>
      </trkpt>
      <trkpt lat="39.142383076250553131103515625" lon="117.18748052604496479034423828125">
        <ele>2.599999904632568359375</ele>
        <time>2026-05-31T21:46:03.000Z</time>
        <extensions>
          <ns3:TrackPointExtension>
            <ns3:hr>147</ns3:hr>
            <ns3:cad>89</ns3:cad>
          </ns3:TrackPointExtension>
        </extensions>
      </trkpt>
      <trkpt lat="39.142384417355060577392578125" lon="117.18745864927768707275390625">
        <ele>2.400000095367431640625</ele>
        <time>2026-05-31T21:46:04.000Z</time>
        <extensions>
          <ns3:TrackPointExtension>
            <ns3:hr>148</ns3:hr>
            <ns3:cad>89</ns3:cad>
          </ns3:TrackPointExtension>
        </extensions>
      </trkpt>
      <trkpt lat="39.14238751865923404693603515625" lon="117.18743124045431613922119140625">
        <ele>2.2000000476837158203125</ele>
        <time>2026-05-31T21:46:05.000Z</time>
        <extensions>
          <ns3:TrackPointExtension>
            <ns3:hr>147</ns3:hr>
            <ns3:cad>89</ns3:cad>
          </ns3:TrackPointExtension>
        </extensions>
      </trkpt>
      <trkpt lat="39.14239070378243923187255859375" lon="117.1874028258025646209716796875">
        <ele>2</ele>
        <time>2026-05-31T21:46:06.000Z</time>
        <extensions>
          <ns3:TrackPointExtension>
            <ns3:hr>147</ns3:hr>
            <ns3:cad>89</ns3:cad>
          </ns3:TrackPointExtension>
        </extensions>
      </trkpt>
      <trkpt lat="39.1423974931240081787109375" lon="117.187377177178859710693359375">
        <ele>1.7999999523162841796875</ele>
        <time>2026-05-31T21:46:07.000Z</time>
        <extensions>
          <ns3:TrackPointExtension>
            <ns3:hr>147</ns3:hr>
            <ns3:cad>89</ns3:cad>
          </ns3:TrackPointExtension>
        </extensions>
      </trkpt>
      <trkpt lat="39.142404533922672271728515625" lon="117.18734624795615673065185546875">
        <ele>1.60000002384185791015625</ele>
        <time>2026-05-31T21:46:08.000Z</time>
        <extensions>
          <ns3:TrackPointExtension>
            <ns3:hr>148</ns3:hr>
            <ns3:cad>88</ns3:cad>
          </ns3:TrackPointExtension>
        </extensions>
      </trkpt>
      <trkpt lat="39.14241232909262180328369140625" lon="117.18731649219989776611328125">
        <ele>1.60000002384185791015625</ele>
        <time>2026-05-31T21:46:09.000Z</time>
        <extensions>
          <ns3:TrackPointExtension>
            <ns3:hr>148</ns3:hr>
            <ns3:cad>88</ns3:cad>
          </ns3:TrackPointExtension>
        </extensions>
      </trkpt>
      <trkpt lat="39.1424197889864444732666015625" lon="117.1872889995574951171875">
        <ele>1.60000002384185791015625</ele>
        <time>2026-05-31T21:46:10.000Z</time>
        <extensions>
          <ns3:TrackPointExtension>
            <ns3:hr>148</ns3:hr>
            <ns3:cad>88</ns3:cad>
          </ns3:TrackPointExtension>
        </extensions>
      </trkpt>
      <trkpt lat="39.142417609691619873046875" lon="117.18726477585732936859130859375">
        <ele>1.60000002384185791015625</ele>
        <time>2026-05-31T21:46:11.000Z</time>
        <extensions>
          <ns3:TrackPointExtension>
            <ns3:hr>148</ns3:hr>
            <ns3:cad>88</ns3:cad>
          </ns3:TrackPointExtension>
        </extensions>
      </trkpt>
      <trkpt lat="39.14241291582584381103515625" lon="117.18722504563629627227783203125">
        <ele>1.60000002384185791015625</ele>
        <time>2026-05-31T21:46:12.000Z</time>
        <extensions>
          <ns3:TrackPointExtension>
            <ns3:hr>149</ns3:hr>
            <ns3:cad>90</ns3:cad>
          </ns3:TrackPointExtension>
        </extensions>
      </trkpt>
      <trkpt lat="39.14241501130163669586181640625" lon="117.1871922723948955535888671875">
        <ele>1.7999999523162841796875</ele>
        <time>2026-05-31T21:46:13.000Z</time>
        <extensions>
          <ns3:TrackPointExtension>
            <ns3:hr>148</ns3:hr>
            <ns3:cad>90</ns3:cad>
          </ns3:TrackPointExtension>
        </extensions>
      </trkpt>
      <trkpt lat="39.14242087863385677337646484375" lon="117.18715245835483074188232421875">
        <ele>1.7999999523162841796875</ele>
        <time>2026-05-31T21:46:14.000Z</time>
        <extensions>
          <ns3:TrackPointExtension>
            <ns3:hr>148</ns3:hr>
            <ns3:cad>90</ns3:cad>
          </ns3:TrackPointExtension>
        </extensions>
      </trkpt>
      <trkpt lat="39.1424244828522205352783203125" lon="117.1871178410947322845458984375">
        <ele>1.7999999523162841796875</ele>
        <time>2026-05-31T21:46:15.000Z</time>
        <extensions>
          <ns3:TrackPointExtension>
            <ns3:hr>148</ns3:hr>
            <ns3:cad>90</ns3:cad>
          </ns3:TrackPointExtension>
        </extensions>
      </trkpt>
      <trkpt lat="39.14242858998477458953857421875" lon="117.1870819665491580963134765625">
        <ele>1.7999999523162841796875</ele>
        <time>2026-05-31T21:46:16.000Z</time>
        <extensions>
          <ns3:TrackPointExtension>
            <ns3:hr>149</ns3:hr>
            <ns3:cad>90</ns3:cad>
          </ns3:TrackPointExtension>
        </extensions>
      </trkpt>
      <trkpt lat="39.1424318589270114898681640625" lon="117.18704516999423503875732421875">
        <ele>1.7999999523162841796875</ele>
        <time>2026-05-31T21:46:17.000Z</time>
        <extensions>
          <ns3:TrackPointExtension>
            <ns3:hr>148</ns3:hr>
            <ns3:cad>90</ns3:cad>
          </ns3:TrackPointExtension>
        </extensions>
      </trkpt>
      <trkpt lat="39.1424368880689144134521484375" lon="117.1870115585625171661376953125">
        <ele>1.7999999523162841796875</ele>
        <time>2026-05-31T21:46:18.000Z</time>
        <extensions>
          <ns3:TrackPointExtension>
            <ns3:hr>148</ns3:hr>
            <ns3:cad>90</ns3:cad>
          </ns3:TrackPointExtension>
        </extensions>
      </trkpt>
      <trkpt lat="39.1424409113824367523193359375" lon="117.1869743429124355316162109375">
        <ele>1.7999999523162841796875</ele>
        <time>2026-05-31T21:46:19.000Z</time>
        <extensions>
          <ns3:TrackPointExtension>
            <ns3:hr>149</ns3:hr>
            <ns3:cad>90</ns3:cad>
          </ns3:TrackPointExtension>
        </extensions>
      </trkpt>
      <trkpt lat="39.1424425877630710601806640625" lon="117.18693888746201992034912109375">
        <ele>2</ele>
        <time>2026-05-31T21:46:20.000Z</time>
        <extensions>
          <ns3:TrackPointExtension>
            <ns3:hr>148</ns3:hr>
            <ns3:cad>90</ns3:cad>
          </ns3:TrackPointExtension>
        </extensions>
      </trkpt>
      <trkpt lat="39.1424442641437053680419921875" lon="117.1869027614593505859375">
        <ele>2</ele>
        <time>2026-05-31T21:46:21.000Z</time>
        <extensions>
          <ns3:TrackPointExtension>
            <ns3:hr>148</ns3:hr>
            <ns3:cad>90</ns3:cad>
          </ns3:TrackPointExtension>
        </extensions>
      </trkpt>
      <trkpt lat="39.14244401268661022186279296875" lon="117.1868710778653621673583984375">
        <ele>1.7999999523162841796875</ele>
        <time>2026-05-31T21:46:22.000Z</time>
        <extensions>
          <ns3:TrackPointExtension>
            <ns3:hr>149</ns3:hr>
            <ns3:cad>90</ns3:cad>
          </ns3:TrackPointExtension>
        </extensions>
      </trkpt>
      <trkpt lat="39.14244669489562511444091796875" lon="117.18683176673948764801025390625">
        <ele>1.7999999523162841796875</ele>
        <time>2026-05-31T21:46:23.000Z</time>
        <extensions>
          <ns3:TrackPointExtension>
            <ns3:hr>148</ns3:hr>
            <ns3:cad>90</ns3:cad>
          </ns3:TrackPointExtension>
        </extensions>
      </trkpt>
      <trkpt lat="39.14244753308594226837158203125" lon="117.18680226244032382965087890625">
        <ele>1.7999999523162841796875</ele>
        <time>2026-05-31T21:46:24.000Z</time>
        <extensions>
          <ns3:TrackPointExtension>
            <ns3:hr>148</ns3:hr>
            <ns3:cad>90</ns3:cad>
          </ns3:TrackPointExtension>
        </extensions>
      </trkpt>
      <trkpt lat="39.14244954474270343780517578125" lon="117.18676538206636905670166015625">
        <ele>2</ele>
        <time>2026-05-31T21:46:25.000Z</time>
        <extensions>
          <ns3:TrackPointExtension>
            <ns3:hr>149</ns3:hr>
            <ns3:cad>90</ns3:cad>
          </ns3:TrackPointExtension>
        </extensions>
      </trkpt>
      <trkpt lat="39.14244820363819599151611328125" lon="117.18673654831945896148681640625">
        <ele>2</ele>
        <time>2026-05-31T21:46:26.000Z</time>
        <extensions>
          <ns3:TrackPointExtension>
            <ns3:hr>148</ns3:hr>
            <ns3:cad>90</ns3:cad>
          </ns3:TrackPointExtension>
        </extensions>
      </trkpt>
      <trkpt lat="39.14245574735105037689208984375" lon="117.186695225536823272705078125">
        <ele>2.2000000476837158203125</ele>
        <time>2026-05-31T21:46:27.000Z</time>
        <extensions>
          <ns3:TrackPointExtension>
            <ns3:hr>148</ns3:hr>
            <ns3:cad>90</ns3:cad>
          </ns3:TrackPointExtension>
        </extensions>
      </trkpt>
      <trkpt lat="39.142457507550716400146484375" lon="117.18666345812380313873291015625">
        <ele>2.2000000476837158203125</ele>
        <time>2026-05-31T21:46:28.000Z</time>
        <extensions>
          <ns3:TrackPointExtension>
            <ns3:hr>149</ns3:hr>
            <ns3:cad>90</ns3:cad>
          </ns3:TrackPointExtension>
        </extensions>
      </trkpt>
      <trkpt lat="39.1424734331667423248291015625" lon="117.1866233088076114654541015625">
        <ele>2.400000095367431640625</ele>
        <time>2026-05-31T21:46:29.000Z</time>
        <extensions>
          <ns3:TrackPointExtension>
            <ns3:hr>148</ns3:hr>
            <ns3:cad>90</ns3:cad>
          </ns3:TrackPointExtension>
        </extensions>
      </trkpt>
      <trkpt lat="39.142481647431850433349609375" lon="117.1865948103368282318115234375">
        <ele>2.400000095367431640625</ele>
        <time>2026-05-31T21:46:30.000Z</time>
        <extensions>
          <ns3:TrackPointExtension>
            <ns3:hr>148</ns3:hr>
            <ns3:cad>90</ns3:cad>
          </ns3:TrackPointExtension>
        </extensions>
      </trkpt>
      <trkpt lat="39.14249631576240062713623046875" lon="117.18656723387539386749267578125">
        <ele>2.400000095367431640625</ele>
        <time>2026-05-31T21:46:31.000Z</time>
        <extensions>
          <ns3:TrackPointExtension>
            <ns3:hr>148</ns3:hr>
            <ns3:cad>90</ns3:cad>
          </ns3:TrackPointExtension>
        </extensions>
      </trkpt>
      <trkpt lat="39.14251157082617282867431640625" lon="117.186545021831989288330078125">
        <ele>2.599999904632568359375</ele>
        <time>2026-05-31T21:46:32.000Z</time>
        <extensions>
          <ns3:TrackPointExtension>
            <ns3:hr>148</ns3:hr>
            <ns3:cad>90</ns3:cad>
          </ns3:TrackPointExtension>
        </extensions>
      </trkpt>
      <trkpt lat="39.14252816699445247650146484375" lon="117.18652482144534587860107421875">
        <ele>2.599999904632568359375</ele>
        <time>2026-05-31T21:46:33.000Z</time>
        <extensions>
          <ns3:TrackPointExtension>
            <ns3:hr>147</ns3:hr>
            <ns3:cad>90</ns3:cad>
          </ns3:TrackPointExtension>
        </extensions>
      </trkpt>
      <trkpt lat="39.14254040457308292388916015625" lon="117.1865223906934261322021484375">
        <ele>3</ele>
        <time>2026-05-31T21:46:34.000Z</time>
        <extensions>
          <ns3:TrackPointExtension>
            <ns3:hr>147</ns3:hr>
            <ns3:cad>90</ns3:cad>
          </ns3:TrackPointExtension>
        </extensions>
      </trkpt>
      <trkpt lat="39.14256437681615352630615234375" lon="117.18651861883699893951416015625">
        <ele>3.2000000476837158203125</ele>
        <time>2026-05-31T21:46:35.000Z</time>
        <extensions>
          <ns3:TrackPointExtension>
            <ns3:hr>146</ns3:hr>
            <ns3:cad>89</ns3:cad>
          </ns3:TrackPointExtension>
        </extensions>
      </trkpt>
      <trkpt lat="39.142591953277587890625" lon="117.18650286085903644561767578125">
        <ele>3.400000095367431640625</ele>
        <time>2026-05-31T21:46:36.000Z</time>
        <extensions>
          <ns3:TrackPointExtension>
            <ns3:hr>146</ns3:hr>
            <ns3:cad>89</ns3:cad>
          </ns3:TrackPointExtension>
        </extensions>
      </trkpt>
      <trkpt lat="39.14260745979845523834228515625" lon="117.18650436960160732269287109375">
        <ele>3.400000095367431640625</ele>
        <time>2026-05-31T21:46:37.000Z</time>
        <extensions>
          <ns3:TrackPointExtension>
            <ns3:hr>146</ns3:hr>
            <ns3:cad>89</ns3:cad>
          </ns3:TrackPointExtension>
        </extensions>
      </trkpt>
      <trkpt lat="39.1426323540508747100830078125" lon="117.18648928217589855194091796875">
        <ele>3.400000095367431640625</ele>
        <time>2026-05-31T21:46:38.000Z</time>
        <extensions>
          <ns3:TrackPointExtension>
            <ns3:hr>146</ns3:hr>
            <ns3:cad>89</ns3:cad>
          </ns3:TrackPointExtension>
        </extensions>
      </trkpt>
      <trkpt lat="39.14265356026589870452880859375" lon="117.18647017143666744232177734375">
        <ele>3.400000095367431640625</ele>
        <time>2026-05-31T21:46:39.000Z</time>
        <extensions>
          <ns3:TrackPointExtension>
            <ns3:hr>146</ns3:hr>
            <ns3:cad>90</ns3:cad>
          </ns3:TrackPointExtension>
        </extensions>
      </trkpt>
      <trkpt lat="39.14266982115805149078369140625" lon="117.18645525164902210235595703125">
        <ele>3.400000095367431640625</ele>
        <time>2026-05-31T21:46:40.000Z</time>
        <extensions>
          <ns3:TrackPointExtension>
            <ns3:hr>145</ns3:hr>
            <ns3:cad>90</ns3:cad>
          </ns3:TrackPointExtension>
        </extensions>
      </trkpt>
      <trkpt lat="39.14269362576305866241455078125" lon="117.1864320337772369384765625">
        <ele>3.599999904632568359375</ele>
        <time>2026-05-31T21:46:41.000Z</time>
        <extensions>
          <ns3:TrackPointExtension>
            <ns3:hr>145</ns3:hr>
            <ns3:cad>90</ns3:cad>
          </ns3:TrackPointExtension>
        </extensions>
      </trkpt>
      <trkpt lat="39.14271064102649688720703125" lon="117.18641401268541812896728515625">
        <ele>3.599999904632568359375</ele>
        <time>2026-05-31T21:46:42.000Z</time>
        <extensions>
          <ns3:TrackPointExtension>
            <ns3:hr>145</ns3:hr>
            <ns3:cad>90</ns3:cad>
          </ns3:TrackPointExtension>
        </extensions>
      </trkpt>
      <trkpt lat="39.14273804984986782073974609375" lon="117.18639121390879154205322265625">
        <ele>3.7999999523162841796875</ele>
        <time>2026-05-31T21:46:43.000Z</time>
        <extensions>
          <ns3:TrackPointExtension>
            <ns3:hr>145</ns3:hr>
            <ns3:cad>90</ns3:cad>
          </ns3:TrackPointExtension>
        </extensions>
      </trkpt>
      <trkpt lat="39.1427550651133060455322265625" lon="117.1863715164363384246826171875">
        <ele>4</ele>
        <time>2026-05-31T21:46:44.000Z</time>
        <extensions>
          <ns3:TrackPointExtension>
            <ns3:hr>146</ns3:hr>
            <ns3:cad>90</ns3:cad>
          </ns3:TrackPointExtension>
        </extensions>
      </trkpt>
      <trkpt lat="39.14278062991797924041748046875" lon="117.186348550021648406982421875">
        <ele>4</ele>
        <time>2026-05-31T21:46:45.000Z</time>
        <extensions>
          <ns3:TrackPointExtension>
            <ns3:hr>145</ns3:hr>
            <ns3:cad>90</ns3:cad>
          </ns3:TrackPointExtension>
        </extensions>
      </trkpt>
      <trkpt lat="39.142799489200115203857421875" lon="117.18633002601563930511474609375">
        <ele>4.19999980926513671875</ele>
        <time>2026-05-31T21:46:46.000Z</time>
        <extensions>
          <ns3:TrackPointExtension>
            <ns3:hr>146</ns3:hr>
            <ns3:cad>91</ns3:cad>
          </ns3:TrackPointExtension>
        </extensions>
      </trkpt>
      <trkpt lat="39.14282689802348613739013671875" lon="117.18630940653383731842041015625">
        <ele>4.19999980926513671875</ele>
        <time>2026-05-31T21:46:47.000Z</time>
        <extensions>
          <ns3:TrackPointExtension>
            <ns3:hr>146</ns3:hr>
            <ns3:cad>91</ns3:cad>
          </ns3:TrackPointExtension>
        </extensions>
      </trkpt>
      <trkpt lat="39.1428445838391780853271484375" lon="117.18629197217524051666259765625">
        <ele>4.19999980926513671875</ele>
        <time>2026-05-31T21:46:48.000Z</time>
        <extensions>
          <ns3:TrackPointExtension>
            <ns3:hr>146</ns3:hr>
            <ns3:cad>91</ns3:cad>
          </ns3:TrackPointExtension>
        </extensions>
      </trkpt>
      <trkpt lat="39.1428695619106292724609375" lon="117.18626900576055049896240234375">
        <ele>4.19999980926513671875</ele>
        <time>2026-05-31T21:46:49.000Z</time>
        <extensions>
          <ns3:TrackPointExtension>
            <ns3:hr>146</ns3:hr>
            <ns3:cad>91</ns3:cad>
          </ns3:TrackPointExtension>
        </extensions>
      </trkpt>
      <trkpt lat="39.1428854875266551971435546875" lon="117.18625090084969997406005859375">
        <ele>4.400000095367431640625</ele>
        <time>2026-05-31T21:46:50.000Z</time>
        <extensions>
          <ns3:TrackPointExtension>
            <ns3:hr>146</ns3:hr>
            <ns3:cad>91</ns3:cad>
          </ns3:TrackPointExtension>
        </extensions>
      </trkpt>
      <trkpt lat="39.14291172288358211517333984375" lon="117.186227850615978240966796875">
        <ele>4.400000095367431640625</ele>
        <time>2026-05-31T21:46:51.000Z</time>
        <extensions>
          <ns3:TrackPointExtension>
            <ns3:hr>146</ns3:hr>
            <ns3:cad>91</ns3:cad>
          </ns3:TrackPointExtension>
        </extensions>
      </trkpt>
      <trkpt lat="39.1429273970425128936767578125" lon="117.18620932660996913909912109375">
        <ele>4.400000095367431640625</ele>
        <time>2026-05-31T21:46:52.000Z</time>
        <extensions>
          <ns3:TrackPointExtension>
            <ns3:hr>146</ns3:hr>
            <ns3:cad>92</ns3:cad>
          </ns3:TrackPointExtension>
        </extensions>
      </trkpt>
      <trkpt lat="39.14295514114201068878173828125" lon="117.18619356863200664520263671875">
        <ele>4.400000095367431640625</ele>
        <time>2026-05-31T21:46:53.000Z</time>
        <extensions>
          <ns3:TrackPointExtension>
            <ns3:hr>146</ns3:hr>
            <ns3:cad>92</ns3:cad>
          </ns3:TrackPointExtension>
        </extensions>
      </trkpt>
      <trkpt lat="39.14297056384384632110595703125" lon="117.1861730329692363739013671875">
        <ele>4.400000095367431640625</ele>
        <time>2026-05-31T21:46:54.000Z</time>
        <extensions>
          <ns3:TrackPointExtension>
            <ns3:hr>146</ns3:hr>
            <ns3:cad>92</ns3:cad>
          </ns3:TrackPointExtension>
        </extensions>
      </trkpt>
      <trkpt lat="39.14299638010561466217041015625" lon="117.186152748763561248779296875">
        <ele>4.400000095367431640625</ele>
        <time>2026-05-31T21:46:55.000Z</time>
        <extensions>
          <ns3:TrackPointExtension>
            <ns3:hr>147</ns3:hr>
            <ns3:cad>90</ns3:cad>
          </ns3:TrackPointExtension>
        </extensions>
      </trkpt>
      <trkpt lat="39.1430105455219745635986328125" lon="117.1861311234533786773681640625">
        <ele>4.400000095367431640625</ele>
        <time>2026-05-31T21:46:56.000Z</time>
        <extensions>
          <ns3:TrackPointExtension>
            <ns3:hr>147</ns3:hr>
            <ns3:cad>90</ns3:cad>
          </ns3:TrackPointExtension>
        </extensions>
      </trkpt>
      <trkpt lat="39.143036194145679473876953125" lon="117.18611226417124271392822265625">
        <ele>4.400000095367431640625</ele>
        <time>2026-05-31T21:46:57.000Z</time>
        <extensions>
          <ns3:TrackPointExtension>
            <ns3:hr>147</ns3:hr>
            <ns3:cad>90</ns3:cad>
          </ns3:TrackPointExtension>
        </extensions>
      </trkpt>
      <trkpt lat="39.14304985664784908294677734375" lon="117.1860888786613941192626953125">
        <ele>4.599999904632568359375</ele>
        <time>2026-05-31T21:46:58.000Z</time>
        <extensions>
          <ns3:TrackPointExtension>
            <ns3:hr>147</ns3:hr>
            <ns3:cad>90</ns3:cad>
          </ns3:TrackPointExtension>
        </extensions>
      </trkpt>
      <trkpt lat="39.1430745832622051239013671875" lon="117.1860704384744167327880859375">
        <ele>4.599999904632568359375</ele>
        <time>2026-05-31T21:46:59.000Z</time>
        <extensions>
          <ns3:TrackPointExtension>
            <ns3:hr>147</ns3:hr>
            <ns3:cad>90</ns3:cad>
          </ns3:TrackPointExtension>
        </extensions>
      </trkpt>
      <trkpt lat="39.14309377782046794891357421875" lon="117.18605744652450084686279296875">
        <ele>4.599999904632568359375</ele>
        <time>2026-05-31T21:47:00.000Z</time>
        <extensions>
          <ns3:TrackPointExtension>
            <ns3:hr>147</ns3:hr>
            <ns3:cad>90</ns3:cad>
          </ns3:TrackPointExtension>
        </extensions>
      </trkpt>
      <trkpt lat="39.143121354281902313232421875" lon="117.1860379166901111602783203125">
        <ele>4.599999904632568359375</ele>
        <time>2026-05-31T21:47:01.000Z</time>
        <extensions>
          <ns3:TrackPointExtension>
            <ns3:hr>146</ns3:hr>
            <ns3:cad>90</ns3:cad>
          </ns3:TrackPointExtension>
        </extensions>
      </trkpt>
      <trkpt lat="39.143146835267543792724609375" lon="117.18602157197892665863037109375">
        <ele>4.80000019073486328125</ele>
        <time>2026-05-31T21:47:02.000Z</time>
        <extensions>
          <ns3:TrackPointExtension>
            <ns3:hr>146</ns3:hr>
            <ns3:cad>90</ns3:cad>
          </ns3:TrackPointExtension>
        </extensions>
      </trkpt>
      <trkpt lat="39.1431721486151218414306640625" lon="117.186004556715488433837890625">
        <ele>4.80000019073486328125</ele>
        <time>2026-05-31T21:47:03.000Z</time>
        <extensions>
          <ns3:TrackPointExtension>
            <ns3:hr>146</ns3:hr>
            <ns3:cad>90</ns3:cad>
          </ns3:TrackPointExtension>
        </extensions>
      </trkpt>
      <trkpt lat="39.14319536648690700531005859375" lon="117.1859832666814327239990234375">
        <ele>4.80000019073486328125</ele>
        <time>2026-05-31T21:47:04.000Z</time>
        <extensions>
          <ns3:TrackPointExtension>
            <ns3:hr>146</ns3:hr>
            <ns3:cad>90</ns3:cad>
          </ns3:TrackPointExtension>
        </extensions>
      </trkpt>
      <trkpt lat="39.14322034455835819244384765625" lon="117.1859648264944553375244140625">
        <ele>4.80000019073486328125</ele>
        <time>2026-05-31T21:47:05.000Z</time>
        <extensions>
          <ns3:TrackPointExtension>
            <ns3:hr>146</ns3:hr>
            <ns3:cad>90</ns3:cad>
          </ns3:TrackPointExtension>
        </extensions>
      </trkpt>
      <trkpt lat="39.14324565790593624114990234375" lon="117.1859520860016345977783203125">
        <ele>4.80000019073486328125</ele>
        <time>2026-05-31T21:47:06.000Z</time>
        <extensions>
          <ns3:TrackPointExtension>
            <ns3:hr>146</ns3:hr>
            <ns3:cad>91</ns3:cad>
          </ns3:TrackPointExtension>
        </extensions>
      </trkpt>
      <trkpt lat="39.14327030070126056671142578125" lon="117.18594077043235301971435546875">
        <ele>5</ele>
        <time>2026-05-31T21:47:07.000Z</time>
        <extensions>
          <ns3:TrackPointExtension>
            <ns3:hr>146</ns3:hr>
            <ns3:cad>91</ns3:cad>
          </ns3:TrackPointExtension>
        </extensions>
      </trkpt>
      <trkpt lat="39.14329259656369686126708984375" lon="117.185926102101802825927734375">
        <ele>5</ele>
        <time>2026-05-31T21:47:08.000Z</time>
        <extensions>
          <ns3:TrackPointExtension>
            <ns3:hr>145</ns3:hr>
            <ns3:cad>91</ns3:cad>
          </ns3:TrackPointExtension>
        </extensions>
      </trkpt>
      <trkpt lat="39.1433143056929111480712890625" lon="117.18591663055121898651123046875">
        <ele>5</ele>
        <time>2026-05-31T21:47:09.000Z</time>
        <extensions>
          <ns3:TrackPointExtension>
            <ns3:hr>146</ns3:hr>
            <ns3:cad>91</ns3:cad>
          </ns3:TrackPointExtension>
        </extensions>
      </trkpt>
      <trkpt lat="39.14333718828856945037841796875" lon="117.1859017945826053619384765625">
        <ele>5.19999980926513671875</ele>
        <time>2026-05-31T21:47:10.000Z</time>
        <extensions>
          <ns3:TrackPointExtension>
            <ns3:hr>145</ns3:hr>
            <ns3:cad>91</ns3:cad>
          </ns3:TrackPointExtension>
        </extensions>
      </trkpt>
      <trkpt lat="39.14335831068456172943115234375" lon="117.1858927421271800994873046875">
        <ele>5.19999980926513671875</ele>
        <time>2026-05-31T21:47:11.000Z</time>
        <extensions>
          <ns3:TrackPointExtension>
            <ns3:hr>145</ns3:hr>
            <ns3:cad>91</ns3:cad>
          </ns3:TrackPointExtension>
        </extensions>
      </trkpt>
      <trkpt lat="39.1433813609182834625244140625" lon="117.1858768165111541748046875">
        <ele>5.19999980926513671875</ele>
        <time>2026-05-31T21:47:12.000Z</time>
        <extensions>
          <ns3:TrackPointExtension>
            <ns3:hr>145</ns3:hr>
            <ns3:cad>91</ns3:cad>
          </ns3:TrackPointExtension>
        </extensions>
      </trkpt>
      <trkpt lat="39.14340474642813205718994140625" lon="117.18586130999028682708740234375">
        <ele>5.19999980926513671875</ele>
        <time>2026-05-31T21:47:13.000Z</time>
        <extensions>
          <ns3:TrackPointExtension>
            <ns3:hr>145</ns3:hr>
            <ns3:cad>92</ns3:cad>
          </ns3:TrackPointExtension>
        </extensions>
      </trkpt>
      <trkpt lat="39.14342972449958324432373046875" lon="117.18583515845239162445068359375">
        <ele>5.400000095367431640625</ele>
        <time>2026-05-31T21:47:14.000Z</time>
        <extensions>
          <ns3:TrackPointExtension>
            <ns3:hr>145</ns3:hr>
            <ns3:cad>92</ns3:cad>
          </ns3:TrackPointExtension>
        </extensions>
      </trkpt>
      <trkpt lat="39.14345118217170238494873046875" lon="117.1858209930360317230224609375">
        <ele>5.400000095367431640625</ele>
        <time>2026-05-31T21:47:15.000Z</time>
        <extensions>
          <ns3:TrackPointExtension>
            <ns3:hr>144</ns3:hr>
            <ns3:cad>91</ns3:cad>
          </ns3:TrackPointExtension>
        </extensions>
      </trkpt>
      <trkpt lat="39.143479429185390472412109375" lon="117.18580213375389575958251953125">
        <ele>5.400000095367431640625</ele>
        <time>2026-05-31T21:47:16.000Z</time>
        <extensions>
          <ns3:TrackPointExtension>
            <ns3:hr>144</ns3:hr>
            <ns3:cad>91</ns3:cad>
          </ns3:TrackPointExtension>
        </extensions>
      </trkpt>
      <trkpt lat="39.143501222133636474609375" lon="117.18578721396625041961669921875">
        <ele>5.400000095367431640625</ele>
        <time>2026-05-31T21:47:17.000Z</time>
        <extensions>
          <ns3:TrackPointExtension>
            <ns3:hr>144</ns3:hr>
            <ns3:cad>91</ns3:cad>
          </ns3:TrackPointExtension>
        </extensions>
      </trkpt>
      <trkpt lat="39.1435240209102630615234375" lon="117.18576424755156040191650390625">
        <ele>5.400000095367431640625</ele>
        <time>2026-05-31T21:47:18.000Z</time>
        <extensions>
          <ns3:TrackPointExtension>
            <ns3:hr>144</ns3:hr>
            <ns3:cad>91</ns3:cad>
          </ns3:TrackPointExtension>
        </extensions>
      </trkpt>
      <trkpt lat="39.1435422934591770172119140625" lon="117.18574178405106067657470703125">
        <ele>5.599999904632568359375</ele>
        <time>2026-05-31T21:47:19.000Z</time>
        <extensions>
          <ns3:TrackPointExtension>
            <ns3:hr>144</ns3:hr>
            <ns3:cad>90</ns3:cad>
          </ns3:TrackPointExtension>
        </extensions>
      </trkpt>
      <trkpt lat="39.14355327375233173370361328125" lon="117.18570758588612079620361328125">
        <ele>5.599999904632568359375</ele>
        <time>2026-05-31T21:47:20.000Z</time>
        <extensions>
          <ns3:TrackPointExtension>
            <ns3:hr>144</ns3:hr>
            <ns3:cad>90</ns3:cad>
          </ns3:TrackPointExtension>
        </extensions>
      </trkpt>
      <trkpt lat="39.14355746470391750335693359375" lon="117.1856810152530670166015625">
        <ele>5.80000019073486328125</ele>
        <time>2026-05-31T21:47:21.000Z</time>
        <extensions>
          <ns3:TrackPointExtension>
            <ns3:hr>144</ns3:hr>
            <ns3:cad>90</ns3:cad>
          </ns3:TrackPointExtension>
        </extensions>
      </trkpt>
      <trkpt lat="39.14355344139039516448974609375" lon="117.1856429614126682281494140625">
        <ele>6</ele>
        <time>2026-05-31T21:47:22.000Z</time>
        <extensions>
          <ns3:TrackPointExtension>
            <ns3:hr>144</ns3:hr>
            <ns3:cad>90</ns3:cad>
          </ns3:TrackPointExtension>
        </extensions>
      </trkpt>
      <trkpt lat="39.1435473226010799407958984375" lon="117.185615636408329010009765625">
        <ele>6</ele>
        <time>2026-05-31T21:47:23.000Z</time>
        <extensions>
          <ns3:TrackPointExtension>
            <ns3:hr>144</ns3:hr>
            <ns3:cad>90</ns3:cad>
          </ns3:TrackPointExtension>
        </extensions>
      </trkpt>
      <trkpt lat="39.14353801868855953216552734375" lon="117.1855792589485645294189453125">
        <ele>6.19999980926513671875</ele>
        <time>2026-05-31T21:47:24.000Z</time>
        <extensions>
          <ns3:TrackPointExtension>
            <ns3:hr>144</ns3:hr>
            <ns3:cad>90</ns3:cad>
          </ns3:TrackPointExtension>
        </extensions>
      </trkpt>
      <trkpt lat="39.1435288824141025543212890625" lon="117.1855524368584156036376953125">
        <ele>6.19999980926513671875</ele>
        <time>2026-05-31T21:47:25.000Z</time>
        <extensions>
          <ns3:TrackPointExtension>
            <ns3:hr>144</ns3:hr>
            <ns3:cad>89</ns3:cad>
          </ns3:TrackPointExtension>
        </extensions>
      </trkpt>
      <trkpt lat="39.14351974613964557647705078125" lon="117.18551731668412685394287109375">
        <ele>6.19999980926513671875</ele>
        <time>2026-05-31T21:47:26.000Z</time>
        <extensions>
          <ns3:TrackPointExtension>
            <ns3:hr>144</ns3:hr>
            <ns3:cad>89</ns3:cad>
          </ns3:TrackPointExtension>
        </extensions>
      </trkpt>
      <trkpt lat="39.1435101069509983062744140625" lon="117.18549259006977081298828125">
        <ele>6.19999980926513671875</ele>
        <time>2026-05-31T21:47:27.000Z</time>
        <extensions>
          <ns3:TrackPointExtension>
            <ns3:hr>144</ns3:hr>
            <ns3:cad>89</ns3:cad>
          </ns3:TrackPointExtension>
        </extensions>
      </trkpt>
      <trkpt lat="39.14349962957203388214111328125" lon="117.18545646406710147857666015625">
        <ele>6.400000095367431640625</ele>
        <time>2026-05-31T21:47:28.000Z</time>
        <extensions>
          <ns3:TrackPointExtension>
            <ns3:hr>144</ns3:hr>
            <ns3:cad>89</ns3:cad>
          </ns3:TrackPointExtension>
        </extensions>
      </trkpt>
      <trkpt lat="39.1434906609356403350830078125" lon="117.18543115071952342987060546875">
        <ele>6.400000095367431640625</ele>
        <time>2026-05-31T21:47:29.000Z</time>
        <extensions>
          <ns3:TrackPointExtension>
            <ns3:hr>144</ns3:hr>
            <ns3:cad>89</ns3:cad>
          </ns3:TrackPointExtension>
        </extensions>
      </trkpt>
      <trkpt lat="39.1434826143085956573486328125" lon="117.1853931806981563568115234375">
        <ele>6.400000095367431640625</ele>
        <time>2026-05-31T21:47:30.000Z</time>
        <extensions>
          <ns3:TrackPointExtension>
            <ns3:hr>144</ns3:hr>
            <ns3:cad>90</ns3:cad>
          </ns3:TrackPointExtension>
        </extensions>
      </trkpt>
      <trkpt lat="39.14346978999674320220947265625" lon="117.18537063337862491607666015625">
        <ele>6.400000095367431640625</ele>
        <time>2026-05-31T21:47:31.000Z</time>
        <extensions>
          <ns3:TrackPointExtension>
            <ns3:hr>144</ns3:hr>
            <ns3:cad>90</ns3:cad>
          </ns3:TrackPointExtension>
        </extensions>
      </trkpt>
      <trkpt lat="39.1434581391513347625732421875" lon="117.18533408828079700469970703125">
        <ele>6.400000095367431640625</ele>
        <time>2026-05-31T21:47:32.000Z</time>
        <extensions>
          <ns3:TrackPointExtension>
            <ns3:hr>144</ns3:hr>
            <ns3:cad>90</ns3:cad>
          </ns3:TrackPointExtension>
        </extensions>
      </trkpt>
      <trkpt lat="39.14344531483948230743408203125" lon="117.18530911020934581756591796875">
        <ele>6.400000095367431640625</ele>
        <time>2026-05-31T21:47:33.000Z</time>
        <extensions>
          <ns3:TrackPointExtension>
            <ns3:hr>144</ns3:hr>
            <ns3:cad>91</ns3:cad>
          </ns3:TrackPointExtension>
        </extensions>
      </trkpt>
      <trkpt lat="39.14343005977571010589599609375" lon="117.18527457676827907562255859375">
        <ele>6.400000095367431640625</ele>
        <time>2026-05-31T21:47:34.000Z</time>
        <extensions>
          <ns3:TrackPointExtension>
            <ns3:hr>144</ns3:hr>
            <ns3:cad>91</ns3:cad>
          </ns3:TrackPointExtension>
        </extensions>
      </trkpt>
      <trkpt lat="39.1434185765683650970458984375" lon="117.1852506883442401885986328125">
        <ele>6.400000095367431640625</ele>
        <time>2026-05-31T21:47:35.000Z</time>
        <extensions>
          <ns3:TrackPointExtension>
            <ns3:hr>144</ns3:hr>
            <ns3:cad>91</ns3:cad>
          </ns3:TrackPointExtension>
        </extensions>
      </trkpt>
      <trkpt lat="39.14340340532362461090087890625" lon="117.18521590344607830047607421875">
        <ele>6.400000095367431640625</ele>
        <time>2026-05-31T21:47:36.000Z</time>
        <extensions>
          <ns3:TrackPointExtension>
            <ns3:hr>144</ns3:hr>
            <ns3:cad>91</ns3:cad>
          </ns3:TrackPointExtension>
        </extensions>
      </trkpt>
      <trkpt lat="39.14339217357337474822998046875" lon="117.18519427813589572906494140625">
        <ele>6.400000095367431640625</ele>
        <time>2026-05-31T21:47:37.000Z</time>
        <extensions>
          <ns3:TrackPointExtension>
            <ns3:hr>144</ns3:hr>
            <ns3:cad>92</ns3:cad>
          </ns3:TrackPointExtension>
        </extensions>
      </trkpt>
      <trkpt lat="39.14337255991995334625244140625" lon="117.1851611696183681488037109375">
        <ele>6.400000095367431640625</ele>
        <time>2026-05-31T21:47:38.000Z</time>
        <extensions>
          <ns3:TrackPointExtension>
            <ns3:hr>144</ns3:hr>
            <ns3:cad>92</ns3:cad>
          </ns3:TrackPointExtension>
        </extensions>
      </trkpt>
      <trkpt lat="39.14335747249424457550048828125" lon="117.1851437352597713470458984375">
        <ele>6.599999904632568359375</ele>
        <time>2026-05-31T21:47:39.000Z</time>
        <extensions>
          <ns3:TrackPointExtension>
            <ns3:hr>144</ns3:hr>
            <ns3:cad>92</ns3:cad>
          </ns3:TrackPointExtension>
        </extensions>
      </trkpt>
      <trkpt lat="39.1433443129062652587890625" lon="117.18511171638965606689453125">
        <ele>6.80000019073486328125</ele>
        <time>2026-05-31T21:47:40.000Z</time>
        <extensions>
          <ns3:TrackPointExtension>
            <ns3:hr>143</ns3:hr>
            <ns3:cad>92</ns3:cad>
          </ns3:TrackPointExtension>
        </extensions>
      </trkpt>
      <trkpt lat="39.1433322429656982421875" lon="117.18509235419332981109619140625">
        <ele>6.80000019073486328125</ele>
        <time>2026-05-31T21:47:41.000Z</time>
        <extensions>
          <ns3:TrackPointExtension>
            <ns3:hr>143</ns3:hr>
            <ns3:cad>91</ns3:cad>
          </ns3:TrackPointExtension>
        </extensions>
      </trkpt>
      <trkpt lat="39.14331472478806972503662109375" lon="117.18505480326712131500244140625">
        <ele>6.80000019073486328125</ele>
        <time>2026-05-31T21:47:42.000Z</time>
        <extensions>
          <ns3:TrackPointExtension>
            <ns3:hr>143</ns3:hr>
            <ns3:cad>90</ns3:cad>
          </ns3:TrackPointExtension>
        </extensions>
      </trkpt>
      <trkpt lat="39.14330030791461467742919921875" lon="117.185029573738574981689453125">
        <ele>7</ele>
        <time>2026-05-31T21:47:43.000Z</time>
        <extensions>
          <ns3:TrackPointExtension>
            <ns3:hr>143</ns3:hr>
            <ns3:cad>90</ns3:cad>
          </ns3:TrackPointExtension>
        </extensions>
      </trkpt>
      <trkpt lat="39.1432871483266353607177734375" lon="117.1849931962788105010986328125">
        <ele>7.19999980926513671875</ele>
        <time>2026-05-31T21:47:44.000Z</time>
        <extensions>
          <ns3:TrackPointExtension>
            <ns3:hr>143</ns3:hr>
            <ns3:cad>90</ns3:cad>
          </ns3:TrackPointExtension>
        </extensions>
      </trkpt>
      <trkpt lat="39.14326476864516735076904296875" lon="117.18496444635093212127685546875">
        <ele>7.19999980926513671875</ele>
        <time>2026-05-31T21:47:45.000Z</time>
        <extensions>
          <ns3:TrackPointExtension>
            <ns3:hr>142</ns3:hr>
            <ns3:cad>90</ns3:cad>
          </ns3:TrackPointExtension>
        </extensions>
      </trkpt>
      <trkpt lat="39.143252111971378326416015625" lon="117.18492756597697734832763671875">
        <ele>7</ele>
        <time>2026-05-31T21:47:46.000Z</time>
        <extensions>
          <ns3:TrackPointExtension>
            <ns3:hr>143</ns3:hr>
            <ns3:cad>90</ns3:cad>
          </ns3:TrackPointExtension>
        </extensions>
      </trkpt>
      <trkpt lat="39.14324037730693817138671875" lon="117.18490443192422389984130859375">
        <ele>7</ele>
        <time>2026-05-31T21:47:47.000Z</time>
        <extensions>
          <ns3:TrackPointExtension>
            <ns3:hr>143</ns3:hr>
            <ns3:cad>91</ns3:cad>
          </ns3:TrackPointExtension>
        </extensions>
      </trkpt>
      <trkpt lat="39.14323342032730579376220703125" lon="117.18487165868282318115234375">
        <ele>7</ele>
        <time>2026-05-31T21:47:48.000Z</time>
        <extensions>
          <ns3:TrackPointExtension>
            <ns3:hr>142</ns3:hr>
            <ns3:cad>91</ns3:cad>
          </ns3:TrackPointExtension>
        </extensions>
      </trkpt>
      <trkpt lat="39.1432221047580242156982421875" lon="117.18484349548816680908203125">
        <ele>6.80000019073486328125</ele>
        <time>2026-05-31T21:47:49.000Z</time>
        <extensions>
          <ns3:TrackPointExtension>
            <ns3:hr>142</ns3:hr>
            <ns3:cad>91</ns3:cad>
          </ns3:TrackPointExtension>
        </extensions>
      </trkpt>
      <trkpt lat="39.14321498014032840728759765625" lon="117.184808962047100067138671875">
        <ele>6.80000019073486328125</ele>
        <time>2026-05-31T21:47:50.000Z</time>
        <extensions>
          <ns3:TrackPointExtension>
            <ns3:hr>142</ns3:hr>
            <ns3:cad>91</ns3:cad>
          </ns3:TrackPointExtension>
        </extensions>
      </trkpt>
      <trkpt lat="39.143203161656856536865234375" lon="117.18477853573858737945556640625">
        <ele>6.80000019073486328125</ele>
        <time>2026-05-31T21:47:51.000Z</time>
        <extensions>
          <ns3:TrackPointExtension>
            <ns3:hr>142</ns3:hr>
            <ns3:cad>90</ns3:cad>
          </ns3:TrackPointExtension>
        </extensions>
      </trkpt>
      <trkpt lat="39.1431972943246364593505859375" lon="117.18474827706813812255859375">
        <ele>6.599999904632568359375</ele>
        <time>2026-05-31T21:47:52.000Z</time>
        <extensions>
          <ns3:TrackPointExtension>
            <ns3:hr>142</ns3:hr>
            <ns3:cad>91</ns3:cad>
          </ns3:TrackPointExtension>
        </extensions>
      </trkpt>
      <trkpt lat="39.14319000206887722015380859375" lon="117.18471248634159564971923828125">
        <ele>6.599999904632568359375</ele>
        <time>2026-05-31T21:47:53.000Z</time>
        <extensions>
          <ns3:TrackPointExtension>
            <ns3:hr>142</ns3:hr>
            <ns3:cad>91</ns3:cad>
          </ns3:TrackPointExtension>
        </extensions>
      </trkpt>
      <trkpt lat="39.1431882418692111968994140625" lon="117.18468029983341693878173828125">
        <ele>6.599999904632568359375</ele>
        <time>2026-05-31T21:47:54.000Z</time>
        <extensions>
          <ns3:TrackPointExtension>
            <ns3:hr>142</ns3:hr>
            <ns3:cad>91</ns3:cad>
          </ns3:TrackPointExtension>
        </extensions>
      </trkpt>
      <trkpt lat="39.14318530820310115814208984375" lon="117.18464844860136508941650390625">
        <ele>6.599999904632568359375</ele>
        <time>2026-05-31T21:47:55.000Z</time>
        <extensions>
          <ns3:TrackPointExtension>
            <ns3:hr>142</ns3:hr>
            <ns3:cad>91</ns3:cad>
          </ns3:TrackPointExtension>
        </extensions>
      </trkpt>
      <trkpt lat="39.14318631403148174285888671875" lon="117.18461877666413784027099609375">
        <ele>6.80000019073486328125</ele>
        <time>2026-05-31T21:47:56.000Z</time>
        <extensions>
          <ns3:TrackPointExtension>
            <ns3:hr>142</ns3:hr>
            <ns3:cad>91</ns3:cad>
          </ns3:TrackPointExtension>
        </extensions>
      </trkpt>
      <trkpt lat="39.1431855596601963043212890625" lon="117.184589691460132598876953125">
        <ele>6.599999904632568359375</ele>
        <time>2026-05-31T21:47:57.000Z</time>
        <extensions>
          <ns3:TrackPointExtension>
            <ns3:hr>142</ns3:hr>
            <ns3:cad>91</ns3:cad>
          </ns3:TrackPointExtension>
        </extensions>
      </trkpt>
      <trkpt lat="39.14319167844951152801513671875" lon="117.18456345610320568084716796875">
        <ele>6.599999904632568359375</ele>
        <time>2026-05-31T21:47:58.000Z</time>
        <extensions>
          <ns3:TrackPointExtension>
            <ns3:hr>142</ns3:hr>
            <ns3:cad>91</ns3:cad>
          </ns3:TrackPointExtension>
        </extensions>
      </trkpt>
      <trkpt lat="39.14319067262113094329833984375" lon="117.18453395180404186248779296875">
        <ele>6.80000019073486328125</ele>
        <time>2026-05-31T21:47:59.000Z</time>
        <extensions>
          <ns3:TrackPointExtension>
            <ns3:hr>142</ns3:hr>
            <ns3:cad>90</ns3:cad>
          </ns3:TrackPointExtension>
        </extensions>
      </trkpt>
      <trkpt lat="39.1431915946304798126220703125" lon="117.184509895741939544677734375">
        <ele>6.80000019073486328125</ele>
        <time>2026-05-31T21:48:00.000Z</time>
        <extensions>
          <ns3:TrackPointExtension>
            <ns3:hr>142</ns3:hr>
            <ns3:cad>90</ns3:cad>
          </ns3:TrackPointExtension>
        </extensions>
      </trkpt>
      <trkpt lat="39.143196456134319305419921875" lon="117.1844767034053802490234375">
        <ele>6.599999904632568359375</ele>
        <time>2026-05-31T21:48:01.000Z</time>
        <extensions>
          <ns3:TrackPointExtension>
            <ns3:hr>142</ns3:hr>
            <ns3:cad>90</ns3:cad>
          </ns3:TrackPointExtension>
        </extensions>
      </trkpt>
      <trkpt lat="39.143195450305938720703125" lon="117.18444275669753551483154296875">
        <ele>6.599999904632568359375</ele>
        <time>2026-05-31T21:48:02.000Z</time>
        <extensions>
          <ns3:TrackPointExtension>
            <ns3:hr>142</ns3:hr>
            <ns3:cad>90</ns3:cad>
          </ns3:TrackPointExtension>
        </extensions>
      </trkpt>
      <trkpt lat="39.1431994736194610595703125" lon="117.18440470285713672637939453125">
        <ele>6.599999904632568359375</ele>
        <time>2026-05-31T21:48:03.000Z</time>
        <extensions>
          <ns3:TrackPointExtension>
            <ns3:hr>143</ns3:hr>
            <ns3:cad>90</ns3:cad>
          </ns3:TrackPointExtension>
        </extensions>
      </trkpt>
      <trkpt lat="39.14319452829658985137939453125" lon="117.18437871895730495452880859375">
        <ele>6.599999904632568359375</ele>
        <time>2026-05-31T21:48:04.000Z</time>
        <extensions>
          <ns3:TrackPointExtension>
            <ns3:hr>142</ns3:hr>
            <ns3:cad>90</ns3:cad>
          </ns3:TrackPointExtension>
        </extensions>
      </trkpt>
      <trkpt lat="39.143195450305938720703125" lon="117.18433530069887638092041015625">
        <ele>6.599999904632568359375</ele>
        <time>2026-05-31T21:48:05.000Z</time>
        <extensions>
          <ns3:TrackPointExtension>
            <ns3:hr>143</ns3:hr>
            <ns3:cad>91</ns3:cad>
          </ns3:TrackPointExtension>
        </extensions>
      </trkpt>
      <trkpt lat="39.14318740367889404296875" lon="117.1843008510768413543701171875">
        <ele>6.400000095367431640625</ele>
        <time>2026-05-31T21:48:06.000Z</time>
        <extensions>
          <ns3:TrackPointExtension>
            <ns3:hr>143</ns3:hr>
            <ns3:cad>91</ns3:cad>
          </ns3:TrackPointExtension>
        </extensions>
      </trkpt>
      <trkpt lat="39.143184721469879150390625" lon="117.18425081111490726470947265625">
        <ele>6.400000095367431640625</ele>
        <time>2026-05-31T21:48:07.000Z</time>
        <extensions>
          <ns3:TrackPointExtension>
            <ns3:hr>143</ns3:hr>
            <ns3:cad>91</ns3:cad>
          </ns3:TrackPointExtension>
        </extensions>
      </trkpt>
      <trkpt lat="39.1431795246899127960205078125" lon="117.18421393074095249176025390625">
        <ele>6.400000095367431640625</ele>
        <time>2026-05-31T21:48:08.000Z</time>
        <extensions>
          <ns3:TrackPointExtension>
            <ns3:hr>143</ns3:hr>
            <ns3:cad>91</ns3:cad>
          </ns3:TrackPointExtension>
        </extensions>
      </trkpt>
      <trkpt lat="39.1431872360408306121826171875" lon="117.18416581861674785614013671875">
        <ele>6.19999980926513671875</ele>
        <time>2026-05-31T21:48:09.000Z</time>
        <extensions>
          <ns3:TrackPointExtension>
            <ns3:hr>143</ns3:hr>
            <ns3:cad>91</ns3:cad>
          </ns3:TrackPointExtension>
        </extensions>
      </trkpt>
      <trkpt lat="39.14319268427789211273193359375" lon="117.18413296155631542205810546875">
        <ele>6.19999980926513671875</ele>
        <time>2026-05-31T21:48:10.000Z</time>
        <extensions>
          <ns3:TrackPointExtension>
            <ns3:hr>144</ns3:hr>
            <ns3:cad>91</ns3:cad>
          </ns3:TrackPointExtension>
        </extensions>
      </trkpt>
      <trkpt lat="39.143217913806438446044921875" lon="117.1841077320277690887451171875">
        <ele>6.19999980926513671875</ele>
        <time>2026-05-31T21:48:11.000Z</time>
        <extensions>
          <ns3:TrackPointExtension>
            <ns3:hr>144</ns3:hr>
            <ns3:cad>91</ns3:cad>
          </ns3:TrackPointExtension>
        </extensions>
      </trkpt>
      <trkpt lat="39.1432415507733821868896484375" lon="117.18410530127584934234619140625">
        <ele>6.19999980926513671875</ele>
        <time>2026-05-31T21:48:12.000Z</time>
        <extensions>
          <ns3:TrackPointExtension>
            <ns3:hr>144</ns3:hr>
            <ns3:cad>91</ns3:cad>
          </ns3:TrackPointExtension>
        </extensions>
      </trkpt>
      <trkpt lat="39.14326711557805538177490234375" lon="117.18410454690456390380859375">
        <ele>6.400000095367431640625</ele>
        <time>2026-05-31T21:48:13.000Z</time>
        <extensions>
          <ns3:TrackPointExtension>
            <ns3:hr>144</ns3:hr>
            <ns3:cad>91</ns3:cad>
          </ns3:TrackPointExtension>
        </extensions>
      </trkpt>
      <trkpt lat="39.1432898305356502532958984375" lon="117.18410630710422992706298828125">
        <ele>6.400000095367431640625</ele>
        <time>2026-05-31T21:48:14.000Z</time>
        <extensions>
          <ns3:TrackPointExtension>
            <ns3:hr>144</ns3:hr>
            <ns3:cad>90</ns3:cad>
          </ns3:TrackPointExtension>
        </extensions>
      </trkpt>
      <trkpt lat="39.14331707172095775604248046875" lon="117.18410982750356197357177734375">
        <ele>6.400000095367431640625</ele>
        <time>2026-05-31T21:48:15.000Z</time>
        <extensions>
          <ns3:TrackPointExtension>
            <ns3:hr>143</ns3:hr>
            <ns3:cad>90</ns3:cad>
          </ns3:TrackPointExtension>
        </extensions>
      </trkpt>
      <trkpt lat="39.1433443129062652587890625" lon="117.1841124258935451507568359375">
        <ele>6.400000095367431640625</ele>
        <time>2026-05-31T21:48:16.000Z</time>
        <extensions>
          <ns3:TrackPointExtension>
            <ns3:hr>144</ns3:hr>
            <ns3:cad>89</ns3:cad>
          </ns3:TrackPointExtension>
        </extensions>
      </trkpt>
      <trkpt lat="39.143371470272541046142578125" lon="117.18411183916032314300537109375">
        <ele>6.400000095367431640625</ele>
        <time>2026-05-31T21:48:17.000Z</time>
        <extensions>
          <ns3:TrackPointExtension>
            <ns3:hr>144</ns3:hr>
            <ns3:cad>89</ns3:cad>
          </ns3:TrackPointExtension>
        </extensions>
      </trkpt>
      <trkpt lat="39.1433991305530071258544921875" lon="117.18411938287317752838134765625">
        <ele>6.19999980926513671875</ele>
        <time>2026-05-31T21:48:18.000Z</time>
        <extensions>
          <ns3:TrackPointExtension>
            <ns3:hr>144</ns3:hr>
            <ns3:cad>89</ns3:cad>
          </ns3:TrackPointExtension>
        </extensions>
      </trkpt>
      <trkpt lat="39.14341731928288936614990234375" lon="117.184116952121257781982421875">
        <ele>6.19999980926513671875</ele>
        <time>2026-05-31T21:48:19.000Z</time>
        <extensions>
          <ns3:TrackPointExtension>
            <ns3:hr>144</ns3:hr>
            <ns3:cad>89</ns3:cad>
          </ns3:TrackPointExtension>
        </extensions>
      </trkpt>
    </trkseg>
  </trk>
</gpx>
