<gpx xmlns:ns3="http://www.garmin.com/xmlschemas/TrackPointExtension/v1" xmlns="http://www.topografix.com/GPX/1/1" xmlns:xsi="http://www.w3.org/2001/XMLSchema-instance" xmlns:ns2="http://www.garmin.com/xmlschemas/GpxExtensions/v3" creator="Garmin Connect" version="1.1" xsi:schemaLocation="http://www.topografix.com/GPX/1/1 http://www.topografix.com/GPX/11.xsd">
  <extensions>
<distance>7513.12</distance>
<average_hr>130.0</average_hr>
<average_speed>2.8299999237060547</average_speed>
<start_time>2026-08-19T21:17:45+00:00</start_time>
<end_time>2026-08-19T22:01:59.474000+00:00</end_time>
<moving_time>2650.001</moving_time>
<elapsed_time>2720.731</elapsed_time>
</extensions>
<metadata>
    <link href="connect.garmin.com">
      <text>Garmin Connect</text>
    </link>
    <time>2026-08-19T21:17:45.000Z</time>
  </metadata>
  <trk>
    <name>景德镇市 - 恢复</name>
    <type>running</type>
    <trkseg>
      <trkpt lat="29.28458408452570438385009765625" lon="117.23608315922319889068603515625">
        <ele>38.59999847412109375</ele>
        <time>2026-08-19T21:17:45.000Z</time>
        <extensions>
          <ns3:TrackPointExtension>
            <ns3:hr>83</ns3:hr>
            <ns3:cad>51</ns3:cad>
          </ns3:TrackPointExtension>
        </extensions>
      </trkpt>
      <trkpt lat="29.2845794744789600372314453125" lon="117.23606002517044544219970703125">
        <ele>38.59999847412109375</ele>
        <time>2026-08-19T21:17:46.000Z</time>
        <extensions>
          <ns3:TrackPointExtension>
            <ns3:hr>83</ns3:hr>
            <ns3:cad>0</ns3:cad>
          </ns3:TrackPointExtension>
        </extensions>
      </trkpt>
      <trkpt lat="29.284593053162097930908203125" lon="117.23604359664022922515869140625">
        <ele>38.40000152587890625</ele>
        <time>2026-08-19T21:17:47.000Z</time>
        <extensions>
          <ns3:TrackPointExtension>
            <ns3:hr>84</ns3:hr>
            <ns3:cad>0</ns3:cad>
          </ns3:TrackPointExtension>
        </extensions>
      </trkpt>
      <trkpt lat="29.28460855968296527862548828125" lon="117.236025743186473846435546875">
        <ele>38.200000762939453125</ele>
        <time>2026-08-19T21:17:48.000Z</time>
        <extensions>
          <ns3:TrackPointExtension>
            <ns3:hr>84</ns3:hr>
            <ns3:cad>0</ns3:cad>
          </ns3:TrackPointExtension>
        </extensions>
      </trkpt>
      <trkpt lat="29.28462364710867404937744140625" lon="117.23600973375141620635986328125">
        <ele>38.200000762939453125</ele>
        <time>2026-08-19T21:17:49.000Z</time>
        <extensions>
          <ns3:TrackPointExtension>
            <ns3:hr>84</ns3:hr>
            <ns3:cad>0</ns3:cad>
          </ns3:TrackPointExtension>
        </extensions>
      </trkpt>
      <trkpt lat="29.28464376367628574371337890625" lon="117.2359886951744556427001953125">
        <ele>38</ele>
        <time>2026-08-19T21:17:50.000Z</time>
        <extensions>
          <ns3:TrackPointExtension>
            <ns3:hr>85</ns3:hr>
            <ns3:cad>92</ns3:cad>
          </ns3:TrackPointExtension>
        </extensions>
      </trkpt>
      <trkpt lat="29.284652061760425567626953125" lon="117.23597042262554168701171875">
        <ele>37.799999237060546875</ele>
        <time>2026-08-19T21:17:51.000Z</time>
        <extensions>
          <ns3:TrackPointExtension>
            <ns3:hr>86</ns3:hr>
            <ns3:cad>92</ns3:cad>
          </ns3:TrackPointExtension>
        </extensions>
      </trkpt>
      <trkpt lat="29.28467662073671817779541015625" lon="117.23595441319048404693603515625">
        <ele>37.59999847412109375</ele>
        <time>2026-08-19T21:17:52.000Z</time>
        <extensions>
          <ns3:TrackPointExtension>
            <ns3:hr>88</ns3:hr>
            <ns3:cad>92</ns3:cad>
          </ns3:TrackPointExtension>
        </extensions>
      </trkpt>
      <trkpt lat="29.28468802012503147125244140625" lon="117.2359370626509189605712890625">
        <ele>37.59999847412109375</ele>
        <time>2026-08-19T21:17:53.000Z</time>
        <extensions>
          <ns3:TrackPointExtension>
            <ns3:hr>91</ns3:hr>
            <ns3:cad>93</ns3:cad>
          </ns3:TrackPointExtension>
        </extensions>
      </trkpt>
      <trkpt lat="29.28471283055841922760009765625" lon="117.2359214723110198974609375">
        <ele>37.40000152587890625</ele>
        <time>2026-08-19T21:17:54.000Z</time>
        <extensions>
          <ns3:TrackPointExtension>
            <ns3:hr>94</ns3:hr>
            <ns3:cad>94</ns3:cad>
          </ns3:TrackPointExtension>
        </extensions>
      </trkpt>
      <trkpt lat="29.28472590632736682891845703125" lon="117.23590965382754802703857421875">
        <ele>37.200000762939453125</ele>
        <time>2026-08-19T21:17:55.000Z</time>
        <extensions>
          <ns3:TrackPointExtension>
            <ns3:hr>95</ns3:hr>
            <ns3:cad>94</ns3:cad>
          </ns3:TrackPointExtension>
        </extensions>
      </trkpt>
      <trkpt lat="29.2847491241991519927978515625" lon="117.23589758388698101043701171875">
        <ele>37.200000762939453125</ele>
        <time>2026-08-19T21:17:56.000Z</time>
        <extensions>
          <ns3:TrackPointExtension>
            <ns3:hr>96</ns3:hr>
            <ns3:cad>93</ns3:cad>
          </ns3:TrackPointExtension>
        </extensions>
      </trkpt>
      <trkpt lat="29.2847635410726070404052734375" lon="117.23588417284190654754638671875">
        <ele>37</ele>
        <time>2026-08-19T21:17:57.000Z</time>
        <extensions>
          <ns3:TrackPointExtension>
            <ns3:hr>96</ns3:hr>
            <ns3:cad>93</ns3:cad>
          </ns3:TrackPointExtension>
        </extensions>
      </trkpt>
      <trkpt lat="29.28478692658245563507080078125" lon="117.2358673252165317535400390625">
        <ele>37</ele>
        <time>2026-08-19T21:17:58.000Z</time>
        <extensions>
          <ns3:TrackPointExtension>
            <ns3:hr>97</ns3:hr>
            <ns3:cad>93</ns3:cad>
          </ns3:TrackPointExtension>
        </extensions>
      </trkpt>
      <trkpt lat="29.284804947674274444580078125" lon="117.2358512319624423980712890625">
        <ele>37</ele>
        <time>2026-08-19T21:17:59.000Z</time>
        <extensions>
          <ns3:TrackPointExtension>
            <ns3:hr>97</ns3:hr>
            <ns3:cad>92</ns3:cad>
          </ns3:TrackPointExtension>
        </extensions>
      </trkpt>
      <trkpt lat="29.284822046756744384765625" lon="117.23583287559449672698974609375">
        <ele>36.799999237060546875</ele>
        <time>2026-08-19T21:18:00.000Z</time>
        <extensions>
          <ns3:TrackPointExtension>
            <ns3:hr>98</ns3:hr>
            <ns3:cad>92</ns3:cad>
          </ns3:TrackPointExtension>
        </extensions>
      </trkpt>
      <trkpt lat="29.2848406545817852020263671875" lon="117.23581393249332904815673828125">
        <ele>36.799999237060546875</ele>
        <time>2026-08-19T21:18:01.000Z</time>
        <extensions>
          <ns3:TrackPointExtension>
            <ns3:hr>98</ns3:hr>
            <ns3:cad>92</ns3:cad>
          </ns3:TrackPointExtension>
        </extensions>
      </trkpt>
      <trkpt lat="29.2848544009029865264892578125" lon="117.23579767160117626190185546875">
        <ele>36.799999237060546875</ele>
        <time>2026-08-19T21:18:02.000Z</time>
        <extensions>
          <ns3:TrackPointExtension>
            <ns3:hr>99</ns3:hr>
            <ns3:cad>92</ns3:cad>
          </ns3:TrackPointExtension>
        </extensions>
      </trkpt>
      <trkpt lat="29.28487904369831085205078125" lon="117.23577822558581829071044921875">
        <ele>36.59999847412109375</ele>
        <time>2026-08-19T21:18:03.000Z</time>
        <extensions>
          <ns3:TrackPointExtension>
            <ns3:hr>100</ns3:hr>
            <ns3:cad>91</ns3:cad>
          </ns3:TrackPointExtension>
        </extensions>
      </trkpt>
      <trkpt lat="29.2848922871053218841552734375" lon="117.23576079122722148895263671875">
        <ele>36.40000152587890625</ele>
        <time>2026-08-19T21:18:04.000Z</time>
        <extensions>
          <ns3:TrackPointExtension>
            <ns3:hr>100</ns3:hr>
            <ns3:cad>91</ns3:cad>
          </ns3:TrackPointExtension>
        </extensions>
      </trkpt>
      <trkpt lat="29.284917600452899932861328125" lon="117.2357385791838169097900390625">
        <ele>36.40000152587890625</ele>
        <time>2026-08-19T21:18:05.000Z</time>
        <extensions>
          <ns3:TrackPointExtension>
            <ns3:hr>100</ns3:hr>
            <ns3:cad>91</ns3:cad>
          </ns3:TrackPointExtension>
        </extensions>
      </trkpt>
      <trkpt lat="29.28492992185056209564208984375" lon="117.235718630254268646240234375">
        <ele>36.200000762939453125</ele>
        <time>2026-08-19T21:18:06.000Z</time>
        <extensions>
          <ns3:TrackPointExtension>
            <ns3:hr>101</ns3:hr>
            <ns3:cad>91</ns3:cad>
          </ns3:TrackPointExtension>
        </extensions>
      </trkpt>
      <trkpt lat="29.28495573811233043670654296875" lon="117.23569977097213268280029296875">
        <ele>36.200000762939453125</ele>
        <time>2026-08-19T21:18:07.000Z</time>
        <extensions>
          <ns3:TrackPointExtension>
            <ns3:hr>102</ns3:hr>
            <ns3:cad>93</ns3:cad>
          </ns3:TrackPointExtension>
        </extensions>
      </trkpt>
      <trkpt lat="29.284968562424182891845703125" lon="117.23568200133740901947021484375">
        <ele>36</ele>
        <time>2026-08-19T21:18:08.000Z</time>
        <extensions>
          <ns3:TrackPointExtension>
            <ns3:hr>103</ns3:hr>
            <ns3:cad>93</ns3:cad>
          </ns3:TrackPointExtension>
        </extensions>
      </trkpt>
      <trkpt lat="29.28499412722885608673095703125" lon="117.23566599190235137939453125">
        <ele>36</ele>
        <time>2026-08-19T21:18:09.000Z</time>
        <extensions>
          <ns3:TrackPointExtension>
            <ns3:hr>103</ns3:hr>
            <ns3:cad>93</ns3:cad>
          </ns3:TrackPointExtension>
        </extensions>
      </trkpt>
      <trkpt lat="29.28500653244554996490478515625" lon="117.23564629442989826202392578125">
        <ele>35.799999237060546875</ele>
        <time>2026-08-19T21:18:10.000Z</time>
        <extensions>
          <ns3:TrackPointExtension>
            <ns3:hr>104</ns3:hr>
            <ns3:cad>93</ns3:cad>
          </ns3:TrackPointExtension>
        </extensions>
      </trkpt>
      <trkpt lat="29.28503234870731830596923828125" lon="117.23562902770936489105224609375">
        <ele>35.59999847412109375</ele>
        <time>2026-08-19T21:18:11.000Z</time>
        <extensions>
          <ns3:TrackPointExtension>
            <ns3:hr>105</ns3:hr>
            <ns3:cad>92</ns3:cad>
          </ns3:TrackPointExtension>
        </extensions>
      </trkpt>
      <trkpt lat="29.28504458628594875335693359375" lon="117.235607318580150604248046875">
        <ele>35.59999847412109375</ele>
        <time>2026-08-19T21:18:12.000Z</time>
        <extensions>
          <ns3:TrackPointExtension>
            <ns3:hr>106</ns3:hr>
            <ns3:cad>92</ns3:cad>
          </ns3:TrackPointExtension>
        </extensions>
      </trkpt>
      <trkpt lat="29.28506671451032161712646484375" lon="117.2355903871357440948486328125">
        <ele>35.40000152587890625</ele>
        <time>2026-08-19T21:18:13.000Z</time>
        <extensions>
          <ns3:TrackPointExtension>
            <ns3:hr>107</ns3:hr>
            <ns3:cad>92</ns3:cad>
          </ns3:TrackPointExtension>
        </extensions>
      </trkpt>
      <trkpt lat="29.2850830592215061187744140625" lon="117.2355689294636249542236328125">
        <ele>35.200000762939453125</ele>
        <time>2026-08-19T21:18:14.000Z</time>
        <extensions>
          <ns3:TrackPointExtension>
            <ns3:hr>107</ns3:hr>
            <ns3:cad>92</ns3:cad>
          </ns3:TrackPointExtension>
        </extensions>
      </trkpt>
      <trkpt lat="29.28510342724621295928955078125" lon="117.23555476404726505279541015625">
        <ele>35.200000762939453125</ele>
        <time>2026-08-19T21:18:15.000Z</time>
        <extensions>
          <ns3:TrackPointExtension>
            <ns3:hr>108</ns3:hr>
            <ns3:cad>92</ns3:cad>
          </ns3:TrackPointExtension>
        </extensions>
      </trkpt>
      <trkpt lat="29.285120777785778045654296875" lon="117.2355367429554462432861328125">
        <ele>35.200000762939453125</ele>
        <time>2026-08-19T21:18:16.000Z</time>
        <extensions>
          <ns3:TrackPointExtension>
            <ns3:hr>108</ns3:hr>
            <ns3:cad>92</ns3:cad>
          </ns3:TrackPointExtension>
        </extensions>
      </trkpt>
      <trkpt lat="29.28514248691499233245849609375" lon="117.235521487891674041748046875">
        <ele>35.200000762939453125</ele>
        <time>2026-08-19T21:18:17.000Z</time>
        <extensions>
          <ns3:TrackPointExtension>
            <ns3:hr>108</ns3:hr>
            <ns3:cad>92</ns3:cad>
          </ns3:TrackPointExtension>
        </extensions>
      </trkpt>
      <trkpt lat="29.28515824489295482635498046875" lon="117.235500030219554901123046875">
        <ele>35</ele>
        <time>2026-08-19T21:18:18.000Z</time>
        <extensions>
          <ns3:TrackPointExtension>
            <ns3:hr>108</ns3:hr>
            <ns3:cad>91</ns3:cad>
          </ns3:TrackPointExtension>
        </extensions>
      </trkpt>
      <trkpt lat="29.285179786384105682373046875" lon="117.2354810871183872222900390625">
        <ele>35</ele>
        <time>2026-08-19T21:18:19.000Z</time>
        <extensions>
          <ns3:TrackPointExtension>
            <ns3:hr>109</ns3:hr>
            <ns3:cad>91</ns3:cad>
          </ns3:TrackPointExtension>
        </extensions>
      </trkpt>
      <trkpt lat="29.285196550190448760986328125" lon="117.2354579530656337738037109375">
        <ele>35</ele>
        <time>2026-08-19T21:18:20.000Z</time>
        <extensions>
          <ns3:TrackPointExtension>
            <ns3:hr>109</ns3:hr>
            <ns3:cad>91</ns3:cad>
          </ns3:TrackPointExtension>
        </extensions>
      </trkpt>
      <trkpt lat="29.28521373309195041656494140625" lon="117.235438339412212371826171875">
        <ele>34.799999237060546875</ele>
        <time>2026-08-19T21:18:21.000Z</time>
        <extensions>
          <ns3:TrackPointExtension>
            <ns3:hr>109</ns3:hr>
            <ns3:cad>91</ns3:cad>
          </ns3:TrackPointExtension>
        </extensions>
      </trkpt>
      <trkpt lat="29.285232760012149810791015625" lon="117.2354177199304103851318359375">
        <ele>34.799999237060546875</ele>
        <time>2026-08-19T21:18:22.000Z</time>
        <extensions>
          <ns3:TrackPointExtension>
            <ns3:hr>110</ns3:hr>
            <ns3:cad>91</ns3:cad>
          </ns3:TrackPointExtension>
        </extensions>
      </trkpt>
      <trkpt lat="29.2852540500462055206298828125" lon="117.235396765172481536865234375">
        <ele>34.59999847412109375</ele>
        <time>2026-08-19T21:18:23.000Z</time>
        <extensions>
          <ns3:TrackPointExtension>
            <ns3:hr>110</ns3:hr>
            <ns3:cad>91</ns3:cad>
          </ns3:TrackPointExtension>
        </extensions>
      </trkpt>
      <trkpt lat="29.2852718196809291839599609375" lon="117.23537723533809185028076171875">
        <ele>34.59999847412109375</ele>
        <time>2026-08-19T21:18:24.000Z</time>
        <extensions>
          <ns3:TrackPointExtension>
            <ns3:hr>111</ns3:hr>
            <ns3:cad>92</ns3:cad>
          </ns3:TrackPointExtension>
        </extensions>
      </trkpt>
      <trkpt lat="29.28528464399278163909912109375" lon="117.23536130972206592559814453125">
        <ele>34.59999847412109375</ele>
        <time>2026-08-19T21:18:25.000Z</time>
        <extensions>
          <ns3:TrackPointExtension>
            <ns3:hr>111</ns3:hr>
            <ns3:cad>91</ns3:cad>
          </ns3:TrackPointExtension>
        </extensions>
      </trkpt>
      <trkpt lat="29.28530643694102764129638671875" lon="117.23534236662089824676513671875">
        <ele>34.40000152587890625</ele>
        <time>2026-08-19T21:18:26.000Z</time>
        <extensions>
          <ns3:TrackPointExtension>
            <ns3:hr>112</ns3:hr>
            <ns3:cad>91</ns3:cad>
          </ns3:TrackPointExtension>
        </extensions>
      </trkpt>
      <trkpt lat="29.28531766869127750396728515625" lon="117.235326357185840606689453125">
        <ele>34.40000152587890625</ele>
        <time>2026-08-19T21:18:27.000Z</time>
        <extensions>
          <ns3:TrackPointExtension>
            <ns3:hr>112</ns3:hr>
            <ns3:cad>92</ns3:cad>
          </ns3:TrackPointExtension>
        </extensions>
      </trkpt>
      <trkpt lat="29.28533912636339664459228515625" lon="117.2353094257414340972900390625">
        <ele>34.40000152587890625</ele>
        <time>2026-08-19T21:18:28.000Z</time>
        <extensions>
          <ns3:TrackPointExtension>
            <ns3:hr>112</ns3:hr>
            <ns3:cad>92</ns3:cad>
          </ns3:TrackPointExtension>
        </extensions>
      </trkpt>
      <trkpt lat="29.28535153158009052276611328125" lon="117.23529341630637645721435546875">
        <ele>34.40000152587890625</ele>
        <time>2026-08-19T21:18:29.000Z</time>
        <extensions>
          <ns3:TrackPointExtension>
            <ns3:hr>113</ns3:hr>
            <ns3:cad>92</ns3:cad>
          </ns3:TrackPointExtension>
        </extensions>
      </trkpt>
      <trkpt lat="29.285374246537685394287109375" lon="117.23527581430971622467041015625">
        <ele>34.40000152587890625</ele>
        <time>2026-08-19T21:18:30.000Z</time>
        <extensions>
          <ns3:TrackPointExtension>
            <ns3:hr>113</ns3:hr>
            <ns3:cad>92</ns3:cad>
          </ns3:TrackPointExtension>
        </extensions>
      </trkpt>
      <trkpt lat="29.2853851430118083953857421875" lon="117.23526173271238803863525390625">
        <ele>34.40000152587890625</ele>
        <time>2026-08-19T21:18:31.000Z</time>
        <extensions>
          <ns3:TrackPointExtension>
            <ns3:hr>113</ns3:hr>
            <ns3:cad>92</ns3:cad>
          </ns3:TrackPointExtension>
        </extensions>
      </trkpt>
      <trkpt lat="29.2854066006839275360107421875" lon="117.23524362780153751373291015625">
        <ele>34.40000152587890625</ele>
        <time>2026-08-19T21:18:32.000Z</time>
        <extensions>
          <ns3:TrackPointExtension>
            <ns3:hr>114</ns3:hr>
            <ns3:cad>90</ns3:cad>
          </ns3:TrackPointExtension>
        </extensions>
      </trkpt>
      <trkpt lat="29.28541590459644794464111328125" lon="117.23523004911839962005615234375">
        <ele>34.40000152587890625</ele>
        <time>2026-08-19T21:18:33.000Z</time>
        <extensions>
          <ns3:TrackPointExtension>
            <ns3:hr>114</ns3:hr>
            <ns3:cad>90</ns3:cad>
          </ns3:TrackPointExtension>
        </extensions>
      </trkpt>
      <trkpt lat="29.28543887101113796234130859375" lon="117.2352128662168979644775390625">
        <ele>34.40000152587890625</ele>
        <time>2026-08-19T21:18:34.000Z</time>
        <extensions>
          <ns3:TrackPointExtension>
            <ns3:hr>114</ns3:hr>
            <ns3:cad>90</ns3:cad>
          </ns3:TrackPointExtension>
        </extensions>
      </trkpt>
      <trkpt lat="29.28544976748526096343994140625" lon="117.23519702441990375518798828125">
        <ele>34.40000152587890625</ele>
        <time>2026-08-19T21:18:35.000Z</time>
        <extensions>
          <ns3:TrackPointExtension>
            <ns3:hr>114</ns3:hr>
            <ns3:cad>91</ns3:cad>
          </ns3:TrackPointExtension>
        </extensions>
      </trkpt>
      <trkpt lat="29.28547306917607784271240234375" lon="117.23517841659486293792724609375">
        <ele>34.40000152587890625</ele>
        <time>2026-08-19T21:18:36.000Z</time>
        <extensions>
          <ns3:TrackPointExtension>
            <ns3:hr>114</ns3:hr>
            <ns3:cad>89</ns3:cad>
          </ns3:TrackPointExtension>
        </extensions>
      </trkpt>
      <trkpt lat="29.28548228926956653594970703125" lon="117.23516332916915416717529296875">
        <ele>34.40000152587890625</ele>
        <time>2026-08-19T21:18:37.000Z</time>
        <extensions>
          <ns3:TrackPointExtension>
            <ns3:hr>114</ns3:hr>
            <ns3:cad>89</ns3:cad>
          </ns3:TrackPointExtension>
        </extensions>
      </trkpt>
      <trkpt lat="29.28550274111330509185791015625" lon="117.23514555953443050384521484375">
        <ele>34.40000152587890625</ele>
        <time>2026-08-19T21:18:38.000Z</time>
        <extensions>
          <ns3:TrackPointExtension>
            <ns3:hr>114</ns3:hr>
            <ns3:cad>89</ns3:cad>
          </ns3:TrackPointExtension>
        </extensions>
      </trkpt>
      <trkpt lat="29.28551045246422290802001953125" lon="117.23513223230838775634765625">
        <ele>34.40000152587890625</ele>
        <time>2026-08-19T21:18:39.000Z</time>
        <extensions>
          <ns3:TrackPointExtension>
            <ns3:hr>114</ns3:hr>
            <ns3:cad>90</ns3:cad>
          </ns3:TrackPointExtension>
        </extensions>
      </trkpt>
      <trkpt lat="29.2855316586792469024658203125" lon="117.2351139597594738006591796875">
        <ele>34.40000152587890625</ele>
        <time>2026-08-19T21:18:40.000Z</time>
        <extensions>
          <ns3:TrackPointExtension>
            <ns3:hr>114</ns3:hr>
            <ns3:cad>90</ns3:cad>
          </ns3:TrackPointExtension>
        </extensions>
      </trkpt>
      <trkpt lat="29.28554280661046504974365234375" lon="117.23509694449603557586669921875">
        <ele>34.40000152587890625</ele>
        <time>2026-08-19T21:18:41.000Z</time>
        <extensions>
          <ns3:TrackPointExtension>
            <ns3:hr>115</ns3:hr>
            <ns3:cad>89</ns3:cad>
          </ns3:TrackPointExtension>
        </extensions>
      </trkpt>
      <trkpt lat="29.28556811995804309844970703125" lon="117.23507783375680446624755859375">
        <ele>34.40000152587890625</ele>
        <time>2026-08-19T21:18:42.000Z</time>
        <extensions>
          <ns3:TrackPointExtension>
            <ns3:hr>115</ns3:hr>
            <ns3:cad>89</ns3:cad>
          </ns3:TrackPointExtension>
        </extensions>
      </trkpt>
      <trkpt lat="29.285580106079578399658203125" lon="117.23506224341690540313720703125">
        <ele>34.40000152587890625</ele>
        <time>2026-08-19T21:18:43.000Z</time>
        <extensions>
          <ns3:TrackPointExtension>
            <ns3:hr>115</ns3:hr>
            <ns3:cad>89</ns3:cad>
          </ns3:TrackPointExtension>
        </extensions>
      </trkpt>
      <trkpt lat="29.28560215048491954803466796875" lon="117.23504397086799144744873046875">
        <ele>34.40000152587890625</ele>
        <time>2026-08-19T21:18:44.000Z</time>
        <extensions>
          <ns3:TrackPointExtension>
            <ns3:hr>115</ns3:hr>
            <ns3:cad>89</ns3:cad>
          </ns3:TrackPointExtension>
        </extensions>
      </trkpt>
      <trkpt lat="29.2856164835393428802490234375" lon="117.23502905108034610748291015625">
        <ele>34.40000152587890625</ele>
        <time>2026-08-19T21:18:45.000Z</time>
        <extensions>
          <ns3:TrackPointExtension>
            <ns3:hr>115</ns3:hr>
            <ns3:cad>89</ns3:cad>
          </ns3:TrackPointExtension>
        </extensions>
      </trkpt>
      <trkpt lat="29.2856402881443500518798828125" lon="117.23501463420689105987548828125">
        <ele>34.40000152587890625</ele>
        <time>2026-08-19T21:18:46.000Z</time>
        <extensions>
          <ns3:TrackPointExtension>
            <ns3:hr>116</ns3:hr>
            <ns3:cad>89</ns3:cad>
          </ns3:TrackPointExtension>
        </extensions>
      </trkpt>
      <trkpt lat="29.28564825095236301422119140625" lon="117.23500155843794345855712890625">
        <ele>34.40000152587890625</ele>
        <time>2026-08-19T21:18:47.000Z</time>
        <extensions>
          <ns3:TrackPointExtension>
            <ns3:hr>116</ns3:hr>
            <ns3:cad>89</ns3:cad>
          </ns3:TrackPointExtension>
        </extensions>
      </trkpt>
      <trkpt lat="29.2856697924435138702392578125" lon="117.23498378880321979522705078125">
        <ele>34.40000152587890625</ele>
        <time>2026-08-19T21:18:48.000Z</time>
        <extensions>
          <ns3:TrackPointExtension>
            <ns3:hr>116</ns3:hr>
            <ns3:cad>90</ns3:cad>
          </ns3:TrackPointExtension>
        </extensions>
      </trkpt>
      <trkpt lat="29.285678006708621978759765625" lon="117.2349719703197479248046875">
        <ele>34.40000152587890625</ele>
        <time>2026-08-19T21:18:49.000Z</time>
        <extensions>
          <ns3:TrackPointExtension>
            <ns3:hr>117</ns3:hr>
            <ns3:cad>90</ns3:cad>
          </ns3:TrackPointExtension>
        </extensions>
      </trkpt>
      <trkpt lat="29.2857004702091217041015625" lon="117.2349570505321025848388671875">
        <ele>34.40000152587890625</ele>
        <time>2026-08-19T21:18:50.000Z</time>
        <extensions>
          <ns3:TrackPointExtension>
            <ns3:hr>116</ns3:hr>
            <ns3:cad>90</ns3:cad>
          </ns3:TrackPointExtension>
        </extensions>
      </trkpt>
      <trkpt lat="29.2857100255787372589111328125" lon="117.23494447767734527587890625">
        <ele>34.40000152587890625</ele>
        <time>2026-08-19T21:18:51.000Z</time>
        <extensions>
          <ns3:TrackPointExtension>
            <ns3:hr>116</ns3:hr>
            <ns3:cad>90</ns3:cad>
          </ns3:TrackPointExtension>
        </extensions>
      </trkpt>
      <trkpt lat="29.2857341654598712921142578125" lon="117.23492712713778018951416015625">
        <ele>34.40000152587890625</ele>
        <time>2026-08-19T21:18:52.000Z</time>
        <extensions>
          <ns3:TrackPointExtension>
            <ns3:hr>116</ns3:hr>
            <ns3:cad>90</ns3:cad>
          </ns3:TrackPointExtension>
        </extensions>
      </trkpt>
      <trkpt lat="29.28574413992464542388916015625" lon="117.23491304554045200347900390625">
        <ele>34.40000152587890625</ele>
        <time>2026-08-19T21:18:53.000Z</time>
        <extensions>
          <ns3:TrackPointExtension>
            <ns3:hr>116</ns3:hr>
            <ns3:cad>90</ns3:cad>
          </ns3:TrackPointExtension>
        </extensions>
      </trkpt>
      <trkpt lat="29.2857675254344940185546875" lon="117.23489619791507720947265625">
        <ele>34.40000152587890625</ele>
        <time>2026-08-19T21:18:54.000Z</time>
        <extensions>
          <ns3:TrackPointExtension>
            <ns3:hr>116</ns3:hr>
            <ns3:cad>90</ns3:cad>
          </ns3:TrackPointExtension>
        </extensions>
      </trkpt>
      <trkpt lat="29.2857782542705535888671875" lon="117.2348812781274318695068359375">
        <ele>34.40000152587890625</ele>
        <time>2026-08-19T21:18:55.000Z</time>
        <extensions>
          <ns3:TrackPointExtension>
            <ns3:hr>117</ns3:hr>
            <ns3:cad>90</ns3:cad>
          </ns3:TrackPointExtension>
        </extensions>
      </trkpt>
      <trkpt lat="29.2858012206852436065673828125" lon="117.23486401140689849853515625">
        <ele>34.40000152587890625</ele>
        <time>2026-08-19T21:18:56.000Z</time>
        <extensions>
          <ns3:TrackPointExtension>
            <ns3:hr>116</ns3:hr>
            <ns3:cad>90</ns3:cad>
          </ns3:TrackPointExtension>
        </extensions>
      </trkpt>
      <trkpt lat="29.28581404499709606170654296875" lon="117.234852612018585205078125">
        <ele>34.59999847412109375</ele>
        <time>2026-08-19T21:18:57.000Z</time>
        <extensions>
          <ns3:TrackPointExtension>
            <ns3:hr>116</ns3:hr>
            <ns3:cad>90</ns3:cad>
          </ns3:TrackPointExtension>
        </extensions>
      </trkpt>
      <trkpt lat="29.2858055792748928070068359375" lon="117.2348809428513050079345703125">
        <ele>33.799999237060546875</ele>
        <time>2026-08-19T21:20:03.000Z</time>
        <extensions>
          <ns3:TrackPointExtension>
            <ns3:hr>90</ns3:hr>
            <ns3:cad>0</ns3:cad>
          </ns3:TrackPointExtension>
        </extensions>
      </trkpt>
      <trkpt lat="29.28581379354000091552734375" lon="117.23486895672976970672607421875">
        <ele>33.799999237060546875</ele>
        <time>2026-08-19T21:20:04.000Z</time>
        <extensions>
          <ns3:TrackPointExtension>
            <ns3:hr>88</ns3:hr>
            <ns3:cad>0</ns3:cad>
          </ns3:TrackPointExtension>
        </extensions>
      </trkpt>
      <trkpt lat="29.28583122789859771728515625" lon="117.23485303111374378204345703125">
        <ele>34</ele>
        <time>2026-08-19T21:20:05.000Z</time>
        <extensions>
          <ns3:TrackPointExtension>
            <ns3:hr>83</ns3:hr>
            <ns3:cad>0</ns3:cad>
          </ns3:TrackPointExtension>
        </extensions>
      </trkpt>
      <trkpt lat="29.28584841080009937286376953125" lon="117.23483308218419551849365234375">
        <ele>34</ele>
        <time>2026-08-19T21:20:06.000Z</time>
        <extensions>
          <ns3:TrackPointExtension>
            <ns3:hr>79</ns3:hr>
            <ns3:cad>0</ns3:cad>
          </ns3:TrackPointExtension>
        </extensions>
      </trkpt>
      <trkpt lat="29.2858694493770599365234375" lon="117.2348138876259326934814453125">
        <ele>34</ele>
        <time>2026-08-19T21:20:07.000Z</time>
        <extensions>
          <ns3:TrackPointExtension>
            <ns3:hr>78</ns3:hr>
            <ns3:cad>0</ns3:cad>
          </ns3:TrackPointExtension>
        </extensions>
      </trkpt>
      <trkpt lat="29.285890571773052215576171875" lon="117.23479368723928928375244140625">
        <ele>34</ele>
        <time>2026-08-19T21:20:08.000Z</time>
        <extensions>
          <ns3:TrackPointExtension>
            <ns3:hr>79</ns3:hr>
            <ns3:cad>0</ns3:cad>
          </ns3:TrackPointExtension>
        </extensions>
      </trkpt>
      <trkpt lat="29.28590859286487102508544921875" lon="117.23477759398519992828369140625">
        <ele>34</ele>
        <time>2026-08-19T21:20:09.000Z</time>
        <extensions>
          <ns3:TrackPointExtension>
            <ns3:hr>79</ns3:hr>
            <ns3:cad>0</ns3:cad>
          </ns3:TrackPointExtension>
        </extensions>
      </trkpt>
      <trkpt lat="29.28592552430927753448486328125" lon="117.234758399426937103271484375">
        <ele>34</ele>
        <time>2026-08-19T21:20:10.000Z</time>
        <extensions>
          <ns3:TrackPointExtension>
            <ns3:hr>80</ns3:hr>
            <ns3:cad>91</ns3:cad>
          </ns3:TrackPointExtension>
        </extensions>
      </trkpt>
      <trkpt lat="29.285942204296588897705078125" lon="117.23474037833511829376220703125">
        <ele>34</ele>
        <time>2026-08-19T21:20:11.000Z</time>
        <extensions>
          <ns3:TrackPointExtension>
            <ns3:hr>82</ns3:hr>
            <ns3:cad>92</ns3:cad>
          </ns3:TrackPointExtension>
        </extensions>
      </trkpt>
      <trkpt lat="29.285960979759693145751953125" lon="117.2347200103104114532470703125">
        <ele>34</ele>
        <time>2026-08-19T21:20:12.000Z</time>
        <extensions>
          <ns3:TrackPointExtension>
            <ns3:hr>84</ns3:hr>
            <ns3:cad>93</ns3:cad>
          </ns3:TrackPointExtension>
        </extensions>
      </trkpt>
      <trkpt lat="29.28597548045217990875244140625" lon="117.2347022406756877899169921875">
        <ele>34</ele>
        <time>2026-08-19T21:20:13.000Z</time>
        <extensions>
          <ns3:TrackPointExtension>
            <ns3:hr>87</ns3:hr>
            <ns3:cad>93</ns3:cad>
          </ns3:TrackPointExtension>
        </extensions>
      </trkpt>
      <trkpt lat="29.28599526174366474151611328125" lon="117.23468430340290069580078125">
        <ele>33.799999237060546875</ele>
        <time>2026-08-19T21:20:14.000Z</time>
        <extensions>
          <ns3:TrackPointExtension>
            <ns3:hr>90</ns3:hr>
            <ns3:cad>93</ns3:cad>
          </ns3:TrackPointExtension>
        </extensions>
      </trkpt>
      <trkpt lat="29.28600833751261234283447265625" lon="117.23467064090073108673095703125">
        <ele>33.799999237060546875</ele>
        <time>2026-08-19T21:20:15.000Z</time>
        <extensions>
          <ns3:TrackPointExtension>
            <ns3:hr>91</ns3:hr>
            <ns3:cad>92</ns3:cad>
          </ns3:TrackPointExtension>
        </extensions>
      </trkpt>
      <trkpt lat="29.28602929227054119110107421875" lon="117.23465002141892910003662109375">
        <ele>33.799999237060546875</ele>
        <time>2026-08-19T21:20:16.000Z</time>
        <extensions>
          <ns3:TrackPointExtension>
            <ns3:hr>92</ns3:hr>
            <ns3:cad>92</ns3:cad>
          </ns3:TrackPointExtension>
        </extensions>
      </trkpt>
      <trkpt lat="29.2860424518585205078125" lon="117.23463292233645915985107421875">
        <ele>33.59999847412109375</ele>
        <time>2026-08-19T21:20:17.000Z</time>
        <extensions>
          <ns3:TrackPointExtension>
            <ns3:hr>92</ns3:hr>
            <ns3:cad>92</ns3:cad>
          </ns3:TrackPointExtension>
        </extensions>
      </trkpt>
      <trkpt lat="29.28606617264449596405029296875" lon="117.23461967892944812774658203125">
        <ele>33.40000152587890625</ele>
        <time>2026-08-19T21:20:18.000Z</time>
        <extensions>
          <ns3:TrackPointExtension>
            <ns3:hr>92</ns3:hr>
            <ns3:cad>92</ns3:cad>
          </ns3:TrackPointExtension>
        </extensions>
      </trkpt>
      <trkpt lat="29.28608126007020473480224609375" lon="117.2346045076847076416015625">
        <ele>33.40000152587890625</ele>
        <time>2026-08-19T21:20:19.000Z</time>
        <extensions>
          <ns3:TrackPointExtension>
            <ns3:hr>92</ns3:hr>
            <ns3:cad>91</ns3:cad>
          </ns3:TrackPointExtension>
        </extensions>
      </trkpt>
      <trkpt lat="29.2861036397516727447509765625" lon="117.234590761363506317138671875">
        <ele>33.200000762939453125</ele>
        <time>2026-08-19T21:20:20.000Z</time>
        <extensions>
          <ns3:TrackPointExtension>
            <ns3:hr>92</ns3:hr>
            <ns3:cad>91</ns3:cad>
          </ns3:TrackPointExtension>
        </extensions>
      </trkpt>
      <trkpt lat="29.2861207388341426849365234375" lon="117.234578020870685577392578125">
        <ele>33.200000762939453125</ele>
        <time>2026-08-19T21:20:21.000Z</time>
        <extensions>
          <ns3:TrackPointExtension>
            <ns3:hr>92</ns3:hr>
            <ns3:cad>91</ns3:cad>
          </ns3:TrackPointExtension>
        </extensions>
      </trkpt>
      <trkpt lat="29.28614211268723011016845703125" lon="117.23456787876784801483154296875">
        <ele>33</ele>
        <time>2026-08-19T21:20:22.000Z</time>
        <extensions>
          <ns3:TrackPointExtension>
            <ns3:hr>92</ns3:hr>
            <ns3:cad>92</ns3:cad>
          </ns3:TrackPointExtension>
        </extensions>
      </trkpt>
      <trkpt lat="29.28616189397871494293212890625" lon="117.234553880989551544189453125">
        <ele>33</ele>
        <time>2026-08-19T21:20:23.000Z</time>
        <extensions>
          <ns3:TrackPointExtension>
            <ns3:hr>92</ns3:hr>
            <ns3:cad>93</ns3:cad>
          </ns3:TrackPointExtension>
        </extensions>
      </trkpt>
      <trkpt lat="29.28618402220308780670166015625" lon="117.2345428168773651123046875">
        <ele>32.799999237060546875</ele>
        <time>2026-08-19T21:20:24.000Z</time>
        <extensions>
          <ns3:TrackPointExtension>
            <ns3:hr>92</ns3:hr>
            <ns3:cad>93</ns3:cad>
          </ns3:TrackPointExtension>
        </extensions>
      </trkpt>
      <trkpt lat="29.28620665334165096282958984375" lon="117.23453049547970294952392578125">
        <ele>32.799999237060546875</ele>
        <time>2026-08-19T21:20:25.000Z</time>
        <extensions>
          <ns3:TrackPointExtension>
            <ns3:hr>93</ns3:hr>
            <ns3:cad>93</ns3:cad>
          </ns3:TrackPointExtension>
        </extensions>
      </trkpt>
      <trkpt lat="29.2862208187580108642578125" lon="117.23451473750174045562744140625">
        <ele>32.59999847412109375</ele>
        <time>2026-08-19T21:20:26.000Z</time>
        <extensions>
          <ns3:TrackPointExtension>
            <ns3:hr>93</ns3:hr>
            <ns3:cad>92</ns3:cad>
          </ns3:TrackPointExtension>
        </extensions>
      </trkpt>
      <trkpt lat="29.2862444557249546051025390625" lon="117.23449327982962131500244140625">
        <ele>32.40000152587890625</ele>
        <time>2026-08-19T21:20:27.000Z</time>
        <extensions>
          <ns3:TrackPointExtension>
            <ns3:hr>94</ns3:hr>
            <ns3:cad>91</ns3:cad>
          </ns3:TrackPointExtension>
        </extensions>
      </trkpt>
      <trkpt lat="29.28625912405550479888916015625" lon="117.23447634838521480560302734375">
        <ele>32.40000152587890625</ele>
        <time>2026-08-19T21:20:28.000Z</time>
        <extensions>
          <ns3:TrackPointExtension>
            <ns3:hr>94</ns3:hr>
            <ns3:cad>91</ns3:cad>
          </ns3:TrackPointExtension>
        </extensions>
      </trkpt>
      <trkpt lat="29.28628586232662200927734375" lon="117.23445891402661800384521484375">
        <ele>32.40000152587890625</ele>
        <time>2026-08-19T21:20:29.000Z</time>
        <extensions>
          <ns3:TrackPointExtension>
            <ns3:hr>95</ns3:hr>
            <ns3:cad>91</ns3:cad>
          </ns3:TrackPointExtension>
        </extensions>
      </trkpt>
      <trkpt lat="29.2863012850284576416015625" lon="117.23444231785833835601806640625">
        <ele>32.40000152587890625</ele>
        <time>2026-08-19T21:20:30.000Z</time>
        <extensions>
          <ns3:TrackPointExtension>
            <ns3:hr>97</ns3:hr>
            <ns3:cad>91</ns3:cad>
          </ns3:TrackPointExtension>
        </extensions>
      </trkpt>
      <trkpt lat="29.28632886148989200592041015625" lon="117.234425805509090423583984375">
        <ele>32.200000762939453125</ele>
        <time>2026-08-19T21:20:31.000Z</time>
        <extensions>
          <ns3:TrackPointExtension>
            <ns3:hr>99</ns3:hr>
            <ns3:cad>91</ns3:cad>
          </ns3:TrackPointExtension>
        </extensions>
      </trkpt>
      <trkpt lat="29.28634579293429851531982421875" lon="117.23441080190241336822509765625">
        <ele>32.200000762939453125</ele>
        <time>2026-08-19T21:20:32.000Z</time>
        <extensions>
          <ns3:TrackPointExtension>
            <ns3:hr>101</ns3:hr>
            <ns3:cad>93</ns3:cad>
          </ns3:TrackPointExtension>
        </extensions>
      </trkpt>
      <trkpt lat="29.28637144155800342559814453125" lon="117.23439998924732208251953125">
        <ele>32.200000762939453125</ele>
        <time>2026-08-19T21:20:33.000Z</time>
        <extensions>
          <ns3:TrackPointExtension>
            <ns3:hr>102</ns3:hr>
            <ns3:cad>93</ns3:cad>
          </ns3:TrackPointExtension>
        </extensions>
      </trkpt>
      <trkpt lat="29.28638937883079051971435546875" lon="117.23438917659223079681396484375">
        <ele>32.200000762939453125</ele>
        <time>2026-08-19T21:20:34.000Z</time>
        <extensions>
          <ns3:TrackPointExtension>
            <ns3:hr>103</ns3:hr>
            <ns3:cad>93</ns3:cad>
          </ns3:TrackPointExtension>
        </extensions>
      </trkpt>
      <trkpt lat="29.28641326725482940673828125" lon="117.23438548855483531951904296875">
        <ele>32</ele>
        <time>2026-08-19T21:20:35.000Z</time>
        <extensions>
          <ns3:TrackPointExtension>
            <ns3:hr>104</ns3:hr>
            <ns3:cad>92</ns3:cad>
          </ns3:TrackPointExtension>
        </extensions>
      </trkpt>
      <trkpt lat="29.286434389650821685791015625" lon="117.23437811248004436492919921875">
        <ele>32</ele>
        <time>2026-08-19T21:20:36.000Z</time>
        <extensions>
          <ns3:TrackPointExtension>
            <ns3:hr>105</ns3:hr>
            <ns3:cad>93</ns3:cad>
          </ns3:TrackPointExtension>
        </extensions>
      </trkpt>
      <trkpt lat="29.2864590324461460113525390625" lon="117.23437962122261524200439453125">
        <ele>32</ele>
        <time>2026-08-19T21:20:37.000Z</time>
        <extensions>
          <ns3:TrackPointExtension>
            <ns3:hr>105</ns3:hr>
            <ns3:cad>93</ns3:cad>
          </ns3:TrackPointExtension>
        </extensions>
      </trkpt>
      <trkpt lat="29.2864851839840412139892578125" lon="117.234377525746822357177734375">
        <ele>31.799999237060546875</ele>
        <time>2026-08-19T21:20:38.000Z</time>
        <extensions>
          <ns3:TrackPointExtension>
            <ns3:hr>106</ns3:hr>
            <ns3:cad>93</ns3:cad>
          </ns3:TrackPointExtension>
        </extensions>
      </trkpt>
      <trkpt lat="29.28650924004614353179931640625" lon="117.23438322544097900390625">
        <ele>31.799999237060546875</ele>
        <time>2026-08-19T21:20:39.000Z</time>
        <extensions>
          <ns3:TrackPointExtension>
            <ns3:hr>106</ns3:hr>
            <ns3:cad>93</ns3:cad>
          </ns3:TrackPointExtension>
        </extensions>
      </trkpt>
      <trkpt lat="29.28653572686016559600830078125" lon="117.2343872487545013427734375">
        <ele>31.799999237060546875</ele>
        <time>2026-08-19T21:20:40.000Z</time>
        <extensions>
          <ns3:TrackPointExtension>
            <ns3:hr>106</ns3:hr>
            <ns3:cad>92</ns3:cad>
          </ns3:TrackPointExtension>
        </extensions>
      </trkpt>
      <trkpt lat="29.28655701689422130584716796875" lon="117.23439420573413372039794921875">
        <ele>31.799999237060546875</ele>
        <time>2026-08-19T21:20:41.000Z</time>
        <extensions>
          <ns3:TrackPointExtension>
            <ns3:hr>106</ns3:hr>
            <ns3:cad>92</ns3:cad>
          </ns3:TrackPointExtension>
        </extensions>
      </trkpt>
      <trkpt lat="29.28658367134630680084228515625" lon="117.23440459929406642913818359375">
        <ele>31.799999237060546875</ele>
        <time>2026-08-19T21:20:42.000Z</time>
        <extensions>
          <ns3:TrackPointExtension>
            <ns3:hr>107</ns3:hr>
            <ns3:cad>92</ns3:cad>
          </ns3:TrackPointExtension>
        </extensions>
      </trkpt>
      <trkpt lat="29.2866052128374576568603515625" lon="117.23441314883530139923095703125">
        <ele>31.6000003814697265625</ele>
        <time>2026-08-19T21:20:43.000Z</time>
        <extensions>
          <ns3:TrackPointExtension>
            <ns3:hr>107</ns3:hr>
            <ns3:cad>92</ns3:cad>
          </ns3:TrackPointExtension>
        </extensions>
      </trkpt>
      <trkpt lat="29.2866273410618305206298828125" lon="117.23443477414548397064208984375">
        <ele>31.6000003814697265625</ele>
        <time>2026-08-19T21:20:44.000Z</time>
        <extensions>
          <ns3:TrackPointExtension>
            <ns3:hr>109</ns3:hr>
            <ns3:cad>92</ns3:cad>
          </ns3:TrackPointExtension>
        </extensions>
      </trkpt>
      <trkpt lat="29.286644943058490753173828125" lon="117.23445639945566654205322265625">
        <ele>31.6000003814697265625</ele>
        <time>2026-08-19T21:20:45.000Z</time>
        <extensions>
          <ns3:TrackPointExtension>
            <ns3:hr>110</ns3:hr>
            <ns3:cad>92</ns3:cad>
          </ns3:TrackPointExtension>
        </extensions>
      </trkpt>
      <trkpt lat="29.28666246123611927032470703125" lon="117.234476096928119659423828125">
        <ele>31.6000003814697265625</ele>
        <time>2026-08-19T21:20:46.000Z</time>
        <extensions>
          <ns3:TrackPointExtension>
            <ns3:hr>111</ns3:hr>
            <ns3:cad>92</ns3:cad>
          </ns3:TrackPointExtension>
        </extensions>
      </trkpt>
      <trkpt lat="29.28668014705181121826171875" lon="117.23449160344898700714111328125">
        <ele>31.799999237060546875</ele>
        <time>2026-08-19T21:20:47.000Z</time>
        <extensions>
          <ns3:TrackPointExtension>
            <ns3:hr>111</ns3:hr>
            <ns3:cad>92</ns3:cad>
          </ns3:TrackPointExtension>
        </extensions>
      </trkpt>
      <trkpt lat="29.28669548593461513519287109375" lon="117.234514988958835601806640625">
        <ele>31.799999237060546875</ele>
        <time>2026-08-19T21:20:48.000Z</time>
        <extensions>
          <ns3:TrackPointExtension>
            <ns3:hr>111</ns3:hr>
            <ns3:cad>90</ns3:cad>
          </ns3:TrackPointExtension>
        </extensions>
      </trkpt>
      <trkpt lat="29.286710321903228759765625" lon="117.2345320880413055419921875">
        <ele>31.799999237060546875</ele>
        <time>2026-08-19T21:20:49.000Z</time>
        <extensions>
          <ns3:TrackPointExtension>
            <ns3:hr>111</ns3:hr>
            <ns3:cad>90</ns3:cad>
          </ns3:TrackPointExtension>
        </extensions>
      </trkpt>
      <trkpt lat="29.28672574460506439208984375" lon="117.23455480299890041351318359375">
        <ele>31.799999237060546875</ele>
        <time>2026-08-19T21:20:50.000Z</time>
        <extensions>
          <ns3:TrackPointExtension>
            <ns3:hr>111</ns3:hr>
            <ns3:cad>90</ns3:cad>
          </ns3:TrackPointExtension>
        </extensions>
      </trkpt>
      <trkpt lat="29.28674125112593173980712890625" lon="117.23456838168203830718994140625">
        <ele>31.799999237060546875</ele>
        <time>2026-08-19T21:20:51.000Z</time>
        <extensions>
          <ns3:TrackPointExtension>
            <ns3:hr>111</ns3:hr>
            <ns3:cad>90</ns3:cad>
          </ns3:TrackPointExtension>
        </extensions>
      </trkpt>
      <trkpt lat="29.28675902076065540313720703125" lon="117.23459302447736263275146484375">
        <ele>31.799999237060546875</ele>
        <time>2026-08-19T21:20:52.000Z</time>
        <extensions>
          <ns3:TrackPointExtension>
            <ns3:hr>112</ns3:hr>
            <ns3:cad>90</ns3:cad>
          </ns3:TrackPointExtension>
        </extensions>
      </trkpt>
      <trkpt lat="29.28677670657634735107421875" lon="117.23460811190307140350341796875">
        <ele>32</ele>
        <time>2026-08-19T21:20:53.000Z</time>
        <extensions>
          <ns3:TrackPointExtension>
            <ns3:hr>112</ns3:hr>
            <ns3:cad>91</ns3:cad>
          </ns3:TrackPointExtension>
        </extensions>
      </trkpt>
      <trkpt lat="29.2867956496775150299072265625" lon="117.23463065922260284423828125">
        <ele>32</ele>
        <time>2026-08-19T21:20:54.000Z</time>
        <extensions>
          <ns3:TrackPointExtension>
            <ns3:hr>112</ns3:hr>
            <ns3:cad>91</ns3:cad>
          </ns3:TrackPointExtension>
        </extensions>
      </trkpt>
      <trkpt lat="29.2868147604167461395263671875" lon="117.234644405543804168701171875">
        <ele>32</ele>
        <time>2026-08-19T21:20:55.000Z</time>
        <extensions>
          <ns3:TrackPointExtension>
            <ns3:hr>113</ns3:hr>
            <ns3:cad>92</ns3:cad>
          </ns3:TrackPointExtension>
        </extensions>
      </trkpt>
      <trkpt lat="29.28682766854763031005859375" lon="117.23466577939689159393310546875">
        <ele>32</ele>
        <time>2026-08-19T21:20:56.000Z</time>
        <extensions>
          <ns3:TrackPointExtension>
            <ns3:hr>113</ns3:hr>
            <ns3:cad>92</ns3:cad>
          </ns3:TrackPointExtension>
        </extensions>
      </trkpt>
      <trkpt lat="29.28684384562075138092041015625" lon="117.234680615365505218505859375">
        <ele>32</ele>
        <time>2026-08-19T21:20:57.000Z</time>
        <extensions>
          <ns3:TrackPointExtension>
            <ns3:hr>113</ns3:hr>
            <ns3:cad>92</ns3:cad>
          </ns3:TrackPointExtension>
        </extensions>
      </trkpt>
      <trkpt lat="29.28685717284679412841796875" lon="117.23469930700957775115966796875">
        <ele>32</ele>
        <time>2026-08-19T21:20:58.000Z</time>
        <extensions>
          <ns3:TrackPointExtension>
            <ns3:hr>113</ns3:hr>
            <ns3:cad>92</ns3:cad>
          </ns3:TrackPointExtension>
        </extensions>
      </trkpt>
      <trkpt lat="29.28687200881540775299072265625" lon="117.23471238277852535247802734375">
        <ele>32</ele>
        <time>2026-08-19T21:20:59.000Z</time>
        <extensions>
          <ns3:TrackPointExtension>
            <ns3:hr>113</ns3:hr>
            <ns3:cad>92</ns3:cad>
          </ns3:TrackPointExtension>
        </extensions>
      </trkpt>
      <trkpt lat="29.2868844978511333465576171875" lon="117.23473099060356616973876953125">
        <ele>32</ele>
        <time>2026-08-19T21:21:00.000Z</time>
        <extensions>
          <ns3:TrackPointExtension>
            <ns3:hr>113</ns3:hr>
            <ns3:cad>92</ns3:cad>
          </ns3:TrackPointExtension>
        </extensions>
      </trkpt>
      <trkpt lat="29.286901094019412994384765625" lon="117.23474943079054355621337890625">
        <ele>32</ele>
        <time>2026-08-19T21:21:01.000Z</time>
        <extensions>
          <ns3:TrackPointExtension>
            <ns3:hr>113</ns3:hr>
            <ns3:cad>92</ns3:cad>
          </ns3:TrackPointExtension>
        </extensions>
      </trkpt>
      <trkpt lat="29.2869153432548046112060546875" lon="117.23476854152977466583251953125">
        <ele>32.200000762939453125</ele>
        <time>2026-08-19T21:21:02.000Z</time>
        <extensions>
          <ns3:TrackPointExtension>
            <ns3:hr>114</ns3:hr>
            <ns3:cad>92</ns3:cad>
          </ns3:TrackPointExtension>
        </extensions>
      </trkpt>
      <trkpt lat="29.28692917339503765106201171875" lon="117.2347895801067352294921875">
        <ele>32.200000762939453125</ele>
        <time>2026-08-19T21:21:03.000Z</time>
        <extensions>
          <ns3:TrackPointExtension>
            <ns3:hr>115</ns3:hr>
            <ns3:cad>92</ns3:cad>
          </ns3:TrackPointExtension>
        </extensions>
      </trkpt>
      <trkpt lat="29.28694526664912700653076171875" lon="117.23480072803795337677001953125">
        <ele>32.200000762939453125</ele>
        <time>2026-08-19T21:21:04.000Z</time>
        <extensions>
          <ns3:TrackPointExtension>
            <ns3:hr>116</ns3:hr>
            <ns3:cad>91</ns3:cad>
          </ns3:TrackPointExtension>
        </extensions>
      </trkpt>
      <trkpt lat="29.28696605376899242401123046875" lon="117.2348222695291042327880859375">
        <ele>32.200000762939453125</ele>
        <time>2026-08-19T21:21:05.000Z</time>
        <extensions>
          <ns3:TrackPointExtension>
            <ns3:hr>116</ns3:hr>
            <ns3:cad>91</ns3:cad>
          </ns3:TrackPointExtension>
        </extensions>
      </trkpt>
      <trkpt lat="29.28698248229920864105224609375" lon="117.23483928479254245758056640625">
        <ele>32.200000762939453125</ele>
        <time>2026-08-19T21:21:06.000Z</time>
        <extensions>
          <ns3:TrackPointExtension>
            <ns3:hr>116</ns3:hr>
            <ns3:cad>91</ns3:cad>
          </ns3:TrackPointExtension>
        </extensions>
      </trkpt>
      <trkpt lat="29.287003017961978912353515625" lon="117.2348625026643276214599609375">
        <ele>32.200000762939453125</ele>
        <time>2026-08-19T21:21:07.000Z</time>
        <extensions>
          <ns3:TrackPointExtension>
            <ns3:hr>117</ns3:hr>
            <ns3:cad>91</ns3:cad>
          </ns3:TrackPointExtension>
        </extensions>
      </trkpt>
      <trkpt lat="29.28701810538768768310546875" lon="117.2348762489855289459228515625">
        <ele>32.200000762939453125</ele>
        <time>2026-08-19T21:21:08.000Z</time>
        <extensions>
          <ns3:TrackPointExtension>
            <ns3:hr>117</ns3:hr>
            <ns3:cad>91</ns3:cad>
          </ns3:TrackPointExtension>
        </extensions>
      </trkpt>
      <trkpt lat="29.28703746758401393890380859375" lon="117.23489753901958465576171875">
        <ele>32.200000762939453125</ele>
        <time>2026-08-19T21:21:09.000Z</time>
        <extensions>
          <ns3:TrackPointExtension>
            <ns3:hr>117</ns3:hr>
            <ns3:cad>91</ns3:cad>
          </ns3:TrackPointExtension>
        </extensions>
      </trkpt>
      <trkpt lat="29.28705540485680103302001953125" lon="117.2349124588072299957275390625">
        <ele>32.200000762939453125</ele>
        <time>2026-08-19T21:21:10.000Z</time>
        <extensions>
          <ns3:TrackPointExtension>
            <ns3:hr>118</ns3:hr>
            <ns3:cad>91</ns3:cad>
          </ns3:TrackPointExtension>
        </extensions>
      </trkpt>
      <trkpt lat="29.2870756052434444427490234375" lon="117.23493617959320545196533203125">
        <ele>32.200000762939453125</ele>
        <time>2026-08-19T21:21:11.000Z</time>
        <extensions>
          <ns3:TrackPointExtension>
            <ns3:hr>118</ns3:hr>
            <ns3:cad>91</ns3:cad>
          </ns3:TrackPointExtension>
        </extensions>
      </trkpt>
      <trkpt lat="29.2870943807065486907958984375" lon="117.23495093174278736114501953125">
        <ele>32.200000762939453125</ele>
        <time>2026-08-19T21:21:12.000Z</time>
        <extensions>
          <ns3:TrackPointExtension>
            <ns3:hr>118</ns3:hr>
            <ns3:cad>91</ns3:cad>
          </ns3:TrackPointExtension>
        </extensions>
      </trkpt>
      <trkpt lat="29.2871124856173992156982421875" lon="117.23497557453811168670654296875">
        <ele>32.200000762939453125</ele>
        <time>2026-08-19T21:21:13.000Z</time>
        <extensions>
          <ns3:TrackPointExtension>
            <ns3:hr>118</ns3:hr>
            <ns3:cad>92</ns3:cad>
          </ns3:TrackPointExtension>
        </extensions>
      </trkpt>
      <trkpt lat="29.28712782450020313262939453125" lon="117.23498965613543987274169921875">
        <ele>32.200000762939453125</ele>
        <time>2026-08-19T21:21:14.000Z</time>
        <extensions>
          <ns3:TrackPointExtension>
            <ns3:hr>118</ns3:hr>
            <ns3:cad>92</ns3:cad>
          </ns3:TrackPointExtension>
        </extensions>
      </trkpt>
      <trkpt lat="29.287147186696529388427734375" lon="117.23501295782625675201416015625">
        <ele>32.200000762939453125</ele>
        <time>2026-08-19T21:21:15.000Z</time>
        <extensions>
          <ns3:TrackPointExtension>
            <ns3:hr>118</ns3:hr>
            <ns3:cad>92</ns3:cad>
          </ns3:TrackPointExtension>
        </extensions>
      </trkpt>
      <trkpt lat="29.28716160356998443603515625" lon="117.235027290880680084228515625">
        <ele>32.200000762939453125</ele>
        <time>2026-08-19T21:21:16.000Z</time>
        <extensions>
          <ns3:TrackPointExtension>
            <ns3:hr>119</ns3:hr>
            <ns3:cad>92</ns3:cad>
          </ns3:TrackPointExtension>
        </extensions>
      </trkpt>
      <trkpt lat="29.28718549199402332305908203125" lon="117.23504531197249889373779296875">
        <ele>32.200000762939453125</ele>
        <time>2026-08-19T21:21:17.000Z</time>
        <extensions>
          <ns3:TrackPointExtension>
            <ns3:hr>119</ns3:hr>
            <ns3:cad>91</ns3:cad>
          </ns3:TrackPointExtension>
        </extensions>
      </trkpt>
      <trkpt lat="29.28720208816230297088623046875" lon="117.23505847156047821044921875">
        <ele>32.200000762939453125</ele>
        <time>2026-08-19T21:21:18.000Z</time>
        <extensions>
          <ns3:TrackPointExtension>
            <ns3:hr>119</ns3:hr>
            <ns3:cad>90</ns3:cad>
          </ns3:TrackPointExtension>
        </extensions>
      </trkpt>
      <trkpt lat="29.2872174270451068878173828125" lon="117.23508319817483425140380859375">
        <ele>32.200000762939453125</ele>
        <time>2026-08-19T21:21:19.000Z</time>
        <extensions>
          <ns3:TrackPointExtension>
            <ns3:hr>119</ns3:hr>
            <ns3:cad>90</ns3:cad>
          </ns3:TrackPointExtension>
        </extensions>
      </trkpt>
      <trkpt lat="29.28723259828984737396240234375" lon="117.23510004580020904541015625">
        <ele>32.200000762939453125</ele>
        <time>2026-08-19T21:21:20.000Z</time>
        <extensions>
          <ns3:TrackPointExtension>
            <ns3:hr>119</ns3:hr>
            <ns3:cad>90</ns3:cad>
          </ns3:TrackPointExtension>
        </extensions>
      </trkpt>
      <trkpt lat="29.2872496135532855987548828125" lon="117.2351240180432796478271484375">
        <ele>32</ele>
        <time>2026-08-19T21:21:21.000Z</time>
        <extensions>
          <ns3:TrackPointExtension>
            <ns3:hr>119</ns3:hr>
            <ns3:cad>89</ns3:cad>
          </ns3:TrackPointExtension>
        </extensions>
      </trkpt>
      <trkpt lat="29.28726411424577236175537109375" lon="117.23514019511640071868896484375">
        <ele>32</ele>
        <time>2026-08-19T21:21:22.000Z</time>
        <extensions>
          <ns3:TrackPointExtension>
            <ns3:hr>119</ns3:hr>
            <ns3:cad>89</ns3:cad>
          </ns3:TrackPointExtension>
        </extensions>
      </trkpt>
      <trkpt lat="29.2872774414718151092529296875" lon="117.2351650893688201904296875">
        <ele>32</ele>
        <time>2026-08-19T21:21:23.000Z</time>
        <extensions>
          <ns3:TrackPointExtension>
            <ns3:hr>119</ns3:hr>
            <ns3:cad>89</ns3:cad>
          </ns3:TrackPointExtension>
        </extensions>
      </trkpt>
      <trkpt lat="29.28728959523141384124755859375" lon="117.2351800091564655303955078125">
        <ele>32</ele>
        <time>2026-08-19T21:21:24.000Z</time>
        <extensions>
          <ns3:TrackPointExtension>
            <ns3:hr>119</ns3:hr>
            <ns3:cad>90</ns3:cad>
          </ns3:TrackPointExtension>
        </extensions>
      </trkpt>
      <trkpt lat="29.287301413714885711669921875" lon="117.2352054901421070098876953125">
        <ele>32</ele>
        <time>2026-08-19T21:21:25.000Z</time>
        <extensions>
          <ns3:TrackPointExtension>
            <ns3:hr>119</ns3:hr>
            <ns3:cad>90</ns3:cad>
          </ns3:TrackPointExtension>
        </extensions>
      </trkpt>
      <trkpt lat="29.28731608204543590545654296875" lon="117.23522049374878406524658203125">
        <ele>32</ele>
        <time>2026-08-19T21:21:26.000Z</time>
        <extensions>
          <ns3:TrackPointExtension>
            <ns3:hr>119</ns3:hr>
            <ns3:cad>91</ns3:cad>
          </ns3:TrackPointExtension>
        </extensions>
      </trkpt>
      <trkpt lat="29.28733167238533496856689453125" lon="117.2352447174489498138427734375">
        <ele>32</ele>
        <time>2026-08-19T21:21:27.000Z</time>
        <extensions>
          <ns3:TrackPointExtension>
            <ns3:hr>118</ns3:hr>
            <ns3:cad>91</ns3:cad>
          </ns3:TrackPointExtension>
        </extensions>
      </trkpt>
      <trkpt lat="29.28734793327748775482177734375" lon="117.23526156507432460784912109375">
        <ele>32.200000762939453125</ele>
        <time>2026-08-19T21:21:28.000Z</time>
        <extensions>
          <ns3:TrackPointExtension>
            <ns3:hr>118</ns3:hr>
            <ns3:cad>91</ns3:cad>
          </ns3:TrackPointExtension>
        </extensions>
      </trkpt>
      <trkpt lat="29.287366457283496856689453125" lon="117.2352829389274120330810546875">
        <ele>32.200000762939453125</ele>
        <time>2026-08-19T21:21:29.000Z</time>
        <extensions>
          <ns3:TrackPointExtension>
            <ns3:hr>118</ns3:hr>
            <ns3:cad>90</ns3:cad>
          </ns3:TrackPointExtension>
        </extensions>
      </trkpt>
      <trkpt lat="29.28738364018499851226806640625" lon="117.2353018820285797119140625">
        <ele>32.200000762939453125</ele>
        <time>2026-08-19T21:21:30.000Z</time>
        <extensions>
          <ns3:TrackPointExtension>
            <ns3:hr>118</ns3:hr>
            <ns3:cad>90</ns3:cad>
          </ns3:TrackPointExtension>
        </extensions>
      </trkpt>
      <trkpt lat="29.287398643791675567626953125" lon="117.2353218309581279754638671875">
        <ele>32.200000762939453125</ele>
        <time>2026-08-19T21:21:31.000Z</time>
        <extensions>
          <ns3:TrackPointExtension>
            <ns3:hr>118</ns3:hr>
            <ns3:cad>90</ns3:cad>
          </ns3:TrackPointExtension>
        </extensions>
      </trkpt>
      <trkpt lat="29.28742269985377788543701171875" lon="117.235342450439929962158203125">
        <ele>32.200000762939453125</ele>
        <time>2026-08-19T21:21:32.000Z</time>
        <extensions>
          <ns3:TrackPointExtension>
            <ns3:hr>118</ns3:hr>
            <ns3:cad>90</ns3:cad>
          </ns3:TrackPointExtension>
        </extensions>
      </trkpt>
      <trkpt lat="29.28744147531688213348388671875" lon="117.23536030389368534088134765625">
        <ele>32.200000762939453125</ele>
        <time>2026-08-19T21:21:33.000Z</time>
        <extensions>
          <ns3:TrackPointExtension>
            <ns3:hr>118</ns3:hr>
            <ns3:cad>91</ns3:cad>
          </ns3:TrackPointExtension>
        </extensions>
      </trkpt>
      <trkpt lat="29.28746209479868412017822265625" lon="117.235384024679660797119140625">
        <ele>32.200000762939453125</ele>
        <time>2026-08-19T21:21:34.000Z</time>
        <extensions>
          <ns3:TrackPointExtension>
            <ns3:hr>118</ns3:hr>
            <ns3:cad>91</ns3:cad>
          </ns3:TrackPointExtension>
        </extensions>
      </trkpt>
      <trkpt lat="29.28747751750051975250244140625" lon="117.23540439270436763763427734375">
        <ele>32.200000762939453125</ele>
        <time>2026-08-19T21:21:35.000Z</time>
        <extensions>
          <ns3:TrackPointExtension>
            <ns3:hr>118</ns3:hr>
            <ns3:cad>91</ns3:cad>
          </ns3:TrackPointExtension>
        </extensions>
      </trkpt>
      <trkpt lat="29.287498556077480316162109375" lon="117.23542970605194568634033203125">
        <ele>32.200000762939453125</ele>
        <time>2026-08-19T21:21:36.000Z</time>
        <extensions>
          <ns3:TrackPointExtension>
            <ns3:hr>118</ns3:hr>
            <ns3:cad>91</ns3:cad>
          </ns3:TrackPointExtension>
        </extensions>
      </trkpt>
      <trkpt lat="29.287515319883823394775390625" lon="117.23544605076313018798828125">
        <ele>32.200000762939453125</ele>
        <time>2026-08-19T21:21:37.000Z</time>
        <extensions>
          <ns3:TrackPointExtension>
            <ns3:hr>117</ns3:hr>
            <ns3:cad>93</ns3:cad>
          </ns3:TrackPointExtension>
        </extensions>
      </trkpt>
      <trkpt lat="29.2875295691192150115966796875" lon="117.23547396250069141387939453125">
        <ele>32.200000762939453125</ele>
        <time>2026-08-19T21:21:38.000Z</time>
        <extensions>
          <ns3:TrackPointExtension>
            <ns3:hr>117</ns3:hr>
            <ns3:cad>93</ns3:cad>
          </ns3:TrackPointExtension>
        </extensions>
      </trkpt>
      <trkpt lat="29.2875476740300655364990234375" lon="117.23548896610736846923828125">
        <ele>32.200000762939453125</ele>
        <time>2026-08-19T21:21:39.000Z</time>
        <extensions>
          <ns3:TrackPointExtension>
            <ns3:hr>117</ns3:hr>
            <ns3:cad>93</ns3:cad>
          </ns3:TrackPointExtension>
        </extensions>
      </trkpt>
      <trkpt lat="29.28756167180836200714111328125" lon="117.23551620729267597198486328125">
        <ele>32.200000762939453125</ele>
        <time>2026-08-19T21:21:40.000Z</time>
        <extensions>
          <ns3:TrackPointExtension>
            <ns3:hr>117</ns3:hr>
            <ns3:cad>93</ns3:cad>
          </ns3:TrackPointExtension>
        </extensions>
      </trkpt>
      <trkpt lat="29.28757575340569019317626953125" lon="117.23553213290870189666748046875">
        <ele>32.200000762939453125</ele>
        <time>2026-08-19T21:21:41.000Z</time>
        <extensions>
          <ns3:TrackPointExtension>
            <ns3:hr>118</ns3:hr>
            <ns3:cad>92</ns3:cad>
          </ns3:TrackPointExtension>
        </extensions>
      </trkpt>
      <trkpt lat="29.2875967919826507568359375" lon="117.23555828444659709930419921875">
        <ele>32.200000762939453125</ele>
        <time>2026-08-19T21:21:42.000Z</time>
        <extensions>
          <ns3:TrackPointExtension>
            <ns3:hr>119</ns3:hr>
            <ns3:cad>92</ns3:cad>
          </ns3:TrackPointExtension>
        </extensions>
      </trkpt>
      <trkpt lat="29.28761062212288379669189453125" lon="117.235579155385494232177734375">
        <ele>32.200000762939453125</ele>
        <time>2026-08-19T21:21:43.000Z</time>
        <extensions>
          <ns3:TrackPointExtension>
            <ns3:hr>119</ns3:hr>
            <ns3:cad>92</ns3:cad>
          </ns3:TrackPointExtension>
        </extensions>
      </trkpt>
      <trkpt lat="29.28762503899633884429931640625" lon="117.23560430109500885009765625">
        <ele>32.200000762939453125</ele>
        <time>2026-08-19T21:21:44.000Z</time>
        <extensions>
          <ns3:TrackPointExtension>
            <ns3:hr>120</ns3:hr>
            <ns3:cad>92</ns3:cad>
          </ns3:TrackPointExtension>
        </extensions>
      </trkpt>
      <trkpt lat="29.2876423895359039306640625" lon="117.23561712540686130523681640625">
        <ele>32.200000762939453125</ele>
        <time>2026-08-19T21:21:45.000Z</time>
        <extensions>
          <ns3:TrackPointExtension>
            <ns3:hr>120</ns3:hr>
            <ns3:cad>91</ns3:cad>
          </ns3:TrackPointExtension>
        </extensions>
      </trkpt>
      <trkpt lat="29.287659488618373870849609375" lon="117.23563908599317073822021484375">
        <ele>32.200000762939453125</ele>
        <time>2026-08-19T21:21:46.000Z</time>
        <extensions>
          <ns3:TrackPointExtension>
            <ns3:hr>121</ns3:hr>
            <ns3:cad>91</ns3:cad>
          </ns3:TrackPointExtension>
        </extensions>
      </trkpt>
      <trkpt lat="29.2876811139285564422607421875" lon="117.23565752618014812469482421875">
        <ele>32.200000762939453125</ele>
        <time>2026-08-19T21:21:47.000Z</time>
        <extensions>
          <ns3:TrackPointExtension>
            <ns3:hr>121</ns3:hr>
            <ns3:cad>90</ns3:cad>
          </ns3:TrackPointExtension>
        </extensions>
      </trkpt>
      <trkpt lat="29.28769536316394805908203125" lon="117.2356738708913326263427734375">
        <ele>32.200000762939453125</ele>
        <time>2026-08-19T21:21:48.000Z</time>
        <extensions>
          <ns3:TrackPointExtension>
            <ns3:hr>121</ns3:hr>
            <ns3:cad>90</ns3:cad>
          </ns3:TrackPointExtension>
        </extensions>
      </trkpt>
      <trkpt lat="29.28771271370351314544677734375" lon="117.23569214344024658203125">
        <ele>32.200000762939453125</ele>
        <time>2026-08-19T21:21:49.000Z</time>
        <extensions>
          <ns3:TrackPointExtension>
            <ns3:hr>122</ns3:hr>
            <ns3:cad>90</ns3:cad>
          </ns3:TrackPointExtension>
        </extensions>
      </trkpt>
      <trkpt lat="29.287728555500507354736328125" lon="117.2357082366943359375">
        <ele>32.200000762939453125</ele>
        <time>2026-08-19T21:21:50.000Z</time>
        <extensions>
          <ns3:TrackPointExtension>
            <ns3:hr>122</ns3:hr>
            <ns3:cad>93</ns3:cad>
          </ns3:TrackPointExtension>
        </extensions>
      </trkpt>
      <trkpt lat="29.28774557076394557952880859375" lon="117.23572826944291591644287109375">
        <ele>32.200000762939453125</ele>
        <time>2026-08-19T21:21:51.000Z</time>
        <extensions>
          <ns3:TrackPointExtension>
            <ns3:hr>122</ns3:hr>
            <ns3:cad>93</ns3:cad>
          </ns3:TrackPointExtension>
        </extensions>
      </trkpt>
      <trkpt lat="29.2877575568854808807373046875" lon="117.23574587143957614898681640625">
        <ele>32.200000762939453125</ele>
        <time>2026-08-19T21:21:52.000Z</time>
        <extensions>
          <ns3:TrackPointExtension>
            <ns3:hr>122</ns3:hr>
            <ns3:cad>93</ns3:cad>
          </ns3:TrackPointExtension>
        </extensions>
      </trkpt>
      <trkpt lat="29.28777188993990421295166015625" lon="117.2357664071023464202880859375">
        <ele>32.200000762939453125</ele>
        <time>2026-08-19T21:21:53.000Z</time>
        <extensions>
          <ns3:TrackPointExtension>
            <ns3:hr>122</ns3:hr>
            <ns3:cad>93</ns3:cad>
          </ns3:TrackPointExtension>
        </extensions>
      </trkpt>
      <trkpt lat="29.2877877317368984222412109375" lon="117.23578275181353092193603515625">
        <ele>32.200000762939453125</ele>
        <time>2026-08-19T21:21:54.000Z</time>
        <extensions>
          <ns3:TrackPointExtension>
            <ns3:hr>122</ns3:hr>
            <ns3:cad>92</ns3:cad>
          </ns3:TrackPointExtension>
        </extensions>
      </trkpt>
      <trkpt lat="29.287804663181304931640625" lon="117.23580722697079181671142578125">
        <ele>32.200000762939453125</ele>
        <time>2026-08-19T21:21:55.000Z</time>
        <extensions>
          <ns3:TrackPointExtension>
            <ns3:hr>122</ns3:hr>
            <ns3:cad>92</ns3:cad>
          </ns3:TrackPointExtension>
        </extensions>
      </trkpt>
      <trkpt lat="29.2878226004540920257568359375" lon="117.235823571681976318359375">
        <ele>32.200000762939453125</ele>
        <time>2026-08-19T21:21:56.000Z</time>
        <extensions>
          <ns3:TrackPointExtension>
            <ns3:hr>122</ns3:hr>
            <ns3:cad>92</ns3:cad>
          </ns3:TrackPointExtension>
        </extensions>
      </trkpt>
      <trkpt lat="29.28783793933689594268798828125" lon="117.23584276624023914337158203125">
        <ele>32.200000762939453125</ele>
        <time>2026-08-19T21:21:57.000Z</time>
        <extensions>
          <ns3:TrackPointExtension>
            <ns3:hr>121</ns3:hr>
            <ns3:cad>92</ns3:cad>
          </ns3:TrackPointExtension>
        </extensions>
      </trkpt>
      <trkpt lat="29.2878567986190319061279296875" lon="117.23585374653339385986328125">
        <ele>32.200000762939453125</ele>
        <time>2026-08-19T21:21:58.000Z</time>
        <extensions>
          <ns3:TrackPointExtension>
            <ns3:hr>121</ns3:hr>
            <ns3:cad>91</ns3:cad>
          </ns3:TrackPointExtension>
        </extensions>
      </trkpt>
      <trkpt lat="29.28787381388247013092041015625" lon="117.23587964661419391632080078125">
        <ele>32.200000762939453125</ele>
        <time>2026-08-19T21:21:59.000Z</time>
        <extensions>
          <ns3:TrackPointExtension>
            <ns3:hr>121</ns3:hr>
            <ns3:cad>91</ns3:cad>
          </ns3:TrackPointExtension>
        </extensions>
      </trkpt>
      <trkpt lat="29.28789158351719379425048828125" lon="117.2358918003737926483154296875">
        <ele>32.200000762939453125</ele>
        <time>2026-08-19T21:22:00.000Z</time>
        <extensions>
          <ns3:TrackPointExtension>
            <ns3:hr>120</ns3:hr>
            <ns3:cad>91</ns3:cad>
          </ns3:TrackPointExtension>
        </extensions>
      </trkpt>
      <trkpt lat="29.28790591657161712646484375" lon="117.23591837100684642791748046875">
        <ele>32.200000762939453125</ele>
        <time>2026-08-19T21:22:01.000Z</time>
        <extensions>
          <ns3:TrackPointExtension>
            <ns3:hr>120</ns3:hr>
            <ns3:cad>91</ns3:cad>
          </ns3:TrackPointExtension>
        </extensions>
      </trkpt>
      <trkpt lat="29.28792066872119903564453125" lon="117.235937230288982391357421875">
        <ele>32</ele>
        <time>2026-08-19T21:22:02.000Z</time>
        <extensions>
          <ns3:TrackPointExtension>
            <ns3:hr>119</ns3:hr>
            <ns3:cad>91</ns3:cad>
          </ns3:TrackPointExtension>
        </extensions>
      </trkpt>
      <trkpt lat="29.2879352532327175140380859375" lon="117.23596237599849700927734375">
        <ele>32</ele>
        <time>2026-08-19T21:22:03.000Z</time>
        <extensions>
          <ns3:TrackPointExtension>
            <ns3:hr>119</ns3:hr>
            <ns3:cad>92</ns3:cad>
          </ns3:TrackPointExtension>
        </extensions>
      </trkpt>
      <trkpt lat="29.2879521846771240234375" lon="117.2359783016145229339599609375">
        <ele>32</ele>
        <time>2026-08-19T21:22:04.000Z</time>
        <extensions>
          <ns3:TrackPointExtension>
            <ns3:hr>119</ns3:hr>
            <ns3:cad>92</ns3:cad>
          </ns3:TrackPointExtension>
        </extensions>
      </trkpt>
      <trkpt lat="29.2879671044647693634033203125" lon="117.23599900491535663604736328125">
        <ele>32</ele>
        <time>2026-08-19T21:22:05.000Z</time>
        <extensions>
          <ns3:TrackPointExtension>
            <ns3:hr>119</ns3:hr>
            <ns3:cad>92</ns3:cad>
          </ns3:TrackPointExtension>
        </extensions>
      </trkpt>
      <trkpt lat="29.28798613138496875762939453125" lon="117.236017026007175445556640625">
        <ele>32</ele>
        <time>2026-08-19T21:22:06.000Z</time>
        <extensions>
          <ns3:TrackPointExtension>
            <ns3:hr>118</ns3:hr>
            <ns3:cad>92</ns3:cad>
          </ns3:TrackPointExtension>
        </extensions>
      </trkpt>
      <trkpt lat="29.2880013026297092437744140625" lon="117.23603747785091400146484375">
        <ele>32.200000762939453125</ele>
        <time>2026-08-19T21:22:07.000Z</time>
        <extensions>
          <ns3:TrackPointExtension>
            <ns3:hr>119</ns3:hr>
            <ns3:cad>92</ns3:cad>
          </ns3:TrackPointExtension>
        </extensions>
      </trkpt>
      <trkpt lat="29.2880217544734477996826171875" lon="117.23605533130466938018798828125">
        <ele>32.200000762939453125</ele>
        <time>2026-08-19T21:22:08.000Z</time>
        <extensions>
          <ns3:TrackPointExtension>
            <ns3:hr>119</ns3:hr>
            <ns3:cad>92</ns3:cad>
          </ns3:TrackPointExtension>
        </extensions>
      </trkpt>
      <trkpt lat="29.28803759627044200897216796875" lon="117.236070334911346435546875">
        <ele>32.200000762939453125</ele>
        <time>2026-08-19T21:22:09.000Z</time>
        <extensions>
          <ns3:TrackPointExtension>
            <ns3:hr>118</ns3:hr>
            <ns3:cad>92</ns3:cad>
          </ns3:TrackPointExtension>
        </extensions>
      </trkpt>
      <trkpt lat="29.28805100731551647186279296875" lon="117.23609154112637042999267578125">
        <ele>32.200000762939453125</ele>
        <time>2026-08-19T21:22:10.000Z</time>
        <extensions>
          <ns3:TrackPointExtension>
            <ns3:hr>119</ns3:hr>
            <ns3:cad>93</ns3:cad>
          </ns3:TrackPointExtension>
        </extensions>
      </trkpt>
      <trkpt lat="29.2880639992654323577880859375" lon="117.236109562218189239501953125">
        <ele>32.200000762939453125</ele>
        <time>2026-08-19T21:22:11.000Z</time>
        <extensions>
          <ns3:TrackPointExtension>
            <ns3:hr>119</ns3:hr>
            <ns3:cad>93</ns3:cad>
          </ns3:TrackPointExtension>
        </extensions>
      </trkpt>
      <trkpt lat="29.28808051161468029022216796875" lon="117.23613328300416469573974609375">
        <ele>32.200000762939453125</ele>
        <time>2026-08-19T21:22:12.000Z</time>
        <extensions>
          <ns3:TrackPointExtension>
            <ns3:hr>118</ns3:hr>
            <ns3:cad>93</ns3:cad>
          </ns3:TrackPointExtension>
        </extensions>
      </trkpt>
      <trkpt lat="29.28809576667845249176025390625" lon="117.23614937625825405120849609375">
        <ele>32.200000762939453125</ele>
        <time>2026-08-19T21:22:13.000Z</time>
        <extensions>
          <ns3:TrackPointExtension>
            <ns3:hr>119</ns3:hr>
            <ns3:cad>93</ns3:cad>
          </ns3:TrackPointExtension>
        </extensions>
      </trkpt>
      <trkpt lat="29.2881142906844615936279296875" lon="117.236169241368770599365234375">
        <ele>32.200000762939453125</ele>
        <time>2026-08-19T21:22:14.000Z</time>
        <extensions>
          <ns3:TrackPointExtension>
            <ns3:hr>119</ns3:hr>
            <ns3:cad>93</ns3:cad>
          </ns3:TrackPointExtension>
        </extensions>
      </trkpt>
      <trkpt lat="29.28813180886209011077880859375" lon="117.23618139512836933135986328125">
        <ele>32.200000762939453125</ele>
        <time>2026-08-19T21:22:15.000Z</time>
        <extensions>
          <ns3:TrackPointExtension>
            <ns3:hr>118</ns3:hr>
            <ns3:cad>92</ns3:cad>
          </ns3:TrackPointExtension>
        </extensions>
      </trkpt>
      <trkpt lat="29.2881515063345432281494140625" lon="117.23620788194239139556884765625">
        <ele>32.200000762939453125</ele>
        <time>2026-08-19T21:22:16.000Z</time>
        <extensions>
          <ns3:TrackPointExtension>
            <ns3:hr>119</ns3:hr>
            <ns3:cad>92</ns3:cad>
          </ns3:TrackPointExtension>
        </extensions>
      </trkpt>
      <trkpt lat="29.28816969506442546844482421875" lon="117.23622112534940242767333984375">
        <ele>32.200000762939453125</ele>
        <time>2026-08-19T21:22:17.000Z</time>
        <extensions>
          <ns3:TrackPointExtension>
            <ns3:hr>119</ns3:hr>
            <ns3:cad>92</ns3:cad>
          </ns3:TrackPointExtension>
        </extensions>
      </trkpt>
      <trkpt lat="29.28818863816559314727783203125" lon="117.23624995909631252288818359375">
        <ele>32.200000762939453125</ele>
        <time>2026-08-19T21:22:18.000Z</time>
        <extensions>
          <ns3:TrackPointExtension>
            <ns3:hr>118</ns3:hr>
            <ns3:cad>92</ns3:cad>
          </ns3:TrackPointExtension>
        </extensions>
      </trkpt>
      <trkpt lat="29.28820825181901454925537109375" lon="117.2362669743597507476806640625">
        <ele>32.200000762939453125</ele>
        <time>2026-08-19T21:22:19.000Z</time>
        <extensions>
          <ns3:TrackPointExtension>
            <ns3:hr>118</ns3:hr>
            <ns3:cad>92</ns3:cad>
          </ns3:TrackPointExtension>
        </extensions>
      </trkpt>
      <trkpt lat="29.28822937421500682830810546875" lon="117.236291952431201934814453125">
        <ele>32.200000762939453125</ele>
        <time>2026-08-19T21:22:20.000Z</time>
        <extensions>
          <ns3:TrackPointExtension>
            <ns3:hr>119</ns3:hr>
            <ns3:cad>92</ns3:cad>
          </ns3:TrackPointExtension>
        </extensions>
      </trkpt>
      <trkpt lat="29.2882517538964748382568359375" lon="117.23630561493337154388427734375">
        <ele>32.200000762939453125</ele>
        <time>2026-08-19T21:22:21.000Z</time>
        <extensions>
          <ns3:TrackPointExtension>
            <ns3:hr>120</ns3:hr>
            <ns3:cad>92</ns3:cad>
          </ns3:TrackPointExtension>
        </extensions>
      </trkpt>
      <trkpt lat="29.28826927207410335540771484375" lon="117.23632522858679294586181640625">
        <ele>32.200000762939453125</ele>
        <time>2026-08-19T21:22:22.000Z</time>
        <extensions>
          <ns3:TrackPointExtension>
            <ns3:hr>120</ns3:hr>
            <ns3:cad>92</ns3:cad>
          </ns3:TrackPointExtension>
        </extensions>
      </trkpt>
      <trkpt lat="29.28829223848879337310791015625" lon="117.23634031601250171661376953125">
        <ele>32.200000762939453125</ele>
        <time>2026-08-19T21:22:23.000Z</time>
        <extensions>
          <ns3:TrackPointExtension>
            <ns3:hr>120</ns3:hr>
            <ns3:cad>92</ns3:cad>
          </ns3:TrackPointExtension>
        </extensions>
      </trkpt>
      <trkpt lat="29.28830849938094615936279296875" lon="117.236360348761081695556640625">
        <ele>32.200000762939453125</ele>
        <time>2026-08-19T21:22:24.000Z</time>
        <extensions>
          <ns3:TrackPointExtension>
            <ns3:hr>120</ns3:hr>
            <ns3:cad>92</ns3:cad>
          </ns3:TrackPointExtension>
        </extensions>
      </trkpt>
      <trkpt lat="29.28832643665373325347900390625" lon="117.23637870512902736663818359375">
        <ele>32</ele>
        <time>2026-08-19T21:22:25.000Z</time>
        <extensions>
          <ns3:TrackPointExtension>
            <ns3:hr>120</ns3:hr>
            <ns3:cad>93</ns3:cad>
          </ns3:TrackPointExtension>
        </extensions>
      </trkpt>
      <trkpt lat="29.28834043443202972412109375" lon="117.23639647476375102996826171875">
        <ele>32.200000762939453125</ele>
        <time>2026-08-19T21:22:26.000Z</time>
        <extensions>
          <ns3:TrackPointExtension>
            <ns3:hr>120</ns3:hr>
            <ns3:cad>91</ns3:cad>
          </ns3:TrackPointExtension>
        </extensions>
      </trkpt>
      <trkpt lat="29.2883563600480556488037109375" lon="117.236419022083282470703125">
        <ele>32.200000762939453125</ele>
        <time>2026-08-19T21:22:27.000Z</time>
        <extensions>
          <ns3:TrackPointExtension>
            <ns3:hr>120</ns3:hr>
            <ns3:cad>91</ns3:cad>
          </ns3:TrackPointExtension>
        </extensions>
      </trkpt>
      <trkpt lat="29.28837153129279613494873046875" lon="117.2364386357367038726806640625">
        <ele>32.200000762939453125</ele>
        <time>2026-08-19T21:22:28.000Z</time>
        <extensions>
          <ns3:TrackPointExtension>
            <ns3:hr>120</ns3:hr>
            <ns3:cad>92</ns3:cad>
          </ns3:TrackPointExtension>
        </extensions>
      </trkpt>
      <trkpt lat="29.2883888818323612213134765625" lon="117.23646470345556735992431640625">
        <ele>32.200000762939453125</ele>
        <time>2026-08-19T21:22:29.000Z</time>
        <extensions>
          <ns3:TrackPointExtension>
            <ns3:hr>120</ns3:hr>
            <ns3:cad>92</ns3:cad>
          </ns3:TrackPointExtension>
        </extensions>
      </trkpt>
      <trkpt lat="29.2884027957916259765625" lon="117.2364874184131622314453125">
        <ele>32.200000762939453125</ele>
        <time>2026-08-19T21:22:30.000Z</time>
        <extensions>
          <ns3:TrackPointExtension>
            <ns3:hr>120</ns3:hr>
            <ns3:cad>92</ns3:cad>
          </ns3:TrackPointExtension>
        </extensions>
      </trkpt>
      <trkpt lat="29.28842115215957164764404296875" lon="117.23651281557977199554443359375">
        <ele>32.200000762939453125</ele>
        <time>2026-08-19T21:22:31.000Z</time>
        <extensions>
          <ns3:TrackPointExtension>
            <ns3:hr>120</ns3:hr>
            <ns3:cad>92</ns3:cad>
          </ns3:TrackPointExtension>
        </extensions>
      </trkpt>
      <trkpt lat="29.28843833506107330322265625" lon="117.23652756772935390472412109375">
        <ele>32.200000762939453125</ele>
        <time>2026-08-19T21:22:32.000Z</time>
        <extensions>
          <ns3:TrackPointExtension>
            <ns3:hr>120</ns3:hr>
            <ns3:cad>92</ns3:cad>
          </ns3:TrackPointExtension>
        </extensions>
      </trkpt>
      <trkpt lat="29.28845535032451152801513671875" lon="117.2365539707243442535400390625">
        <ele>32.200000762939453125</ele>
        <time>2026-08-19T21:22:33.000Z</time>
        <extensions>
          <ns3:TrackPointExtension>
            <ns3:hr>120</ns3:hr>
            <ns3:cad>92</ns3:cad>
          </ns3:TrackPointExtension>
        </extensions>
      </trkpt>
      <trkpt lat="29.2884710244834423065185546875" lon="117.23656796850264072418212890625">
        <ele>32.200000762939453125</ele>
        <time>2026-08-19T21:22:34.000Z</time>
        <extensions>
          <ns3:TrackPointExtension>
            <ns3:hr>120</ns3:hr>
            <ns3:cad>92</ns3:cad>
          </ns3:TrackPointExtension>
        </extensions>
      </trkpt>
      <trkpt lat="29.28848803974688053131103515625" lon="117.23659512586891651153564453125">
        <ele>32.200000762939453125</ele>
        <time>2026-08-19T21:22:35.000Z</time>
        <extensions>
          <ns3:TrackPointExtension>
            <ns3:hr>120</ns3:hr>
            <ns3:cad>92</ns3:cad>
          </ns3:TrackPointExtension>
        </extensions>
      </trkpt>
      <trkpt lat="29.28850396536290645599365234375" lon="117.23660971038043498992919921875">
        <ele>32.200000762939453125</ele>
        <time>2026-08-19T21:22:36.000Z</time>
        <extensions>
          <ns3:TrackPointExtension>
            <ns3:hr>120</ns3:hr>
            <ns3:cad>92</ns3:cad>
          </ns3:TrackPointExtension>
        </extensions>
      </trkpt>
      <trkpt lat="29.28851746022701263427734375" lon="117.2366341017186641693115234375">
        <ele>32.200000762939453125</ele>
        <time>2026-08-19T21:22:37.000Z</time>
        <extensions>
          <ns3:TrackPointExtension>
            <ns3:hr>121</ns3:hr>
            <ns3:cad>92</ns3:cad>
          </ns3:TrackPointExtension>
        </extensions>
      </trkpt>
      <trkpt lat="29.288531206548213958740234375" lon="117.23664608784019947052001953125">
        <ele>32.200000762939453125</ele>
        <time>2026-08-19T21:22:38.000Z</time>
        <extensions>
          <ns3:TrackPointExtension>
            <ns3:hr>121</ns3:hr>
            <ns3:cad>92</ns3:cad>
          </ns3:TrackPointExtension>
        </extensions>
      </trkpt>
      <trkpt lat="29.28854453377425670623779296875" lon="117.23667408339679241180419921875">
        <ele>32.200000762939453125</ele>
        <time>2026-08-19T21:22:39.000Z</time>
        <extensions>
          <ns3:TrackPointExtension>
            <ns3:hr>120</ns3:hr>
            <ns3:cad>92</ns3:cad>
          </ns3:TrackPointExtension>
        </extensions>
      </trkpt>
      <trkpt lat="29.28855911828577518463134765625" lon="117.23669269122183322906494140625">
        <ele>32.200000762939453125</ele>
        <time>2026-08-19T21:22:40.000Z</time>
        <extensions>
          <ns3:TrackPointExtension>
            <ns3:hr>120</ns3:hr>
            <ns3:cad>92</ns3:cad>
          </ns3:TrackPointExtension>
        </extensions>
      </trkpt>
      <trkpt lat="29.28857772611081600189208984375" lon="117.23671599291265010833740234375">
        <ele>32.200000762939453125</ele>
        <time>2026-08-19T21:22:41.000Z</time>
        <extensions>
          <ns3:TrackPointExtension>
            <ns3:hr>120</ns3:hr>
            <ns3:cad>92</ns3:cad>
          </ns3:TrackPointExtension>
        </extensions>
      </trkpt>
      <trkpt lat="29.28859130479395389556884765625" lon="117.23673284053802490234375">
        <ele>32.200000762939453125</ele>
        <time>2026-08-19T21:22:42.000Z</time>
        <extensions>
          <ns3:TrackPointExtension>
            <ns3:hr>120</ns3:hr>
            <ns3:cad>92</ns3:cad>
          </ns3:TrackPointExtension>
        </extensions>
      </trkpt>
      <trkpt lat="29.2886051349341869354248046875" lon="117.2367568127810955047607421875">
        <ele>32.200000762939453125</ele>
        <time>2026-08-19T21:22:43.000Z</time>
        <extensions>
          <ns3:TrackPointExtension>
            <ns3:hr>120</ns3:hr>
            <ns3:cad>92</ns3:cad>
          </ns3:TrackPointExtension>
        </extensions>
      </trkpt>
      <trkpt lat="29.28862382657825946807861328125" lon="117.2367762587964534759521484375">
        <ele>32.200000762939453125</ele>
        <time>2026-08-19T21:22:44.000Z</time>
        <extensions>
          <ns3:TrackPointExtension>
            <ns3:hr>120</ns3:hr>
            <ns3:cad>91</ns3:cad>
          </ns3:TrackPointExtension>
        </extensions>
      </trkpt>
      <trkpt lat="29.28863824345171451568603515625" lon="117.2367987222969532012939453125">
        <ele>32.200000762939453125</ele>
        <time>2026-08-19T21:22:45.000Z</time>
        <extensions>
          <ns3:TrackPointExtension>
            <ns3:hr>120</ns3:hr>
            <ns3:cad>91</ns3:cad>
          </ns3:TrackPointExtension>
        </extensions>
      </trkpt>
      <trkpt lat="29.28865768946707248687744140625" lon="117.23681590519845485687255859375">
        <ele>32.200000762939453125</ele>
        <time>2026-08-19T21:22:46.000Z</time>
        <extensions>
          <ns3:TrackPointExtension>
            <ns3:hr>120</ns3:hr>
            <ns3:cad>91</ns3:cad>
          </ns3:TrackPointExtension>
        </extensions>
      </trkpt>
      <trkpt lat="29.2886731959879398345947265625" lon="117.2368347644805908203125">
        <ele>32.200000762939453125</ele>
        <time>2026-08-19T21:22:47.000Z</time>
        <extensions>
          <ns3:TrackPointExtension>
            <ns3:hr>120</ns3:hr>
            <ns3:cad>91</ns3:cad>
          </ns3:TrackPointExtension>
        </extensions>
      </trkpt>
      <trkpt lat="29.28869155235588550567626953125" lon="117.236857227981090545654296875">
        <ele>32.200000762939453125</ele>
        <time>2026-08-19T21:22:48.000Z</time>
        <extensions>
          <ns3:TrackPointExtension>
            <ns3:hr>120</ns3:hr>
            <ns3:cad>91</ns3:cad>
          </ns3:TrackPointExtension>
        </extensions>
      </trkpt>
      <trkpt lat="29.2887100763618946075439453125" lon="117.2368741594254970550537109375">
        <ele>32.200000762939453125</ele>
        <time>2026-08-19T21:22:49.000Z</time>
        <extensions>
          <ns3:TrackPointExtension>
            <ns3:hr>119</ns3:hr>
            <ns3:cad>91</ns3:cad>
          </ns3:TrackPointExtension>
        </extensions>
      </trkpt>
      <trkpt lat="29.28873212076723575592041015625" lon="117.23689637146890163421630859375">
        <ele>32.200000762939453125</ele>
        <time>2026-08-19T21:22:50.000Z</time>
        <extensions>
          <ns3:TrackPointExtension>
            <ns3:hr>119</ns3:hr>
            <ns3:cad>93</ns3:cad>
          </ns3:TrackPointExtension>
        </extensions>
      </trkpt>
      <trkpt lat="29.28874787874519824981689453125" lon="117.23691380582749843597412109375">
        <ele>32.200000762939453125</ele>
        <time>2026-08-19T21:22:51.000Z</time>
        <extensions>
          <ns3:TrackPointExtension>
            <ns3:hr>118</ns3:hr>
            <ns3:cad>92</ns3:cad>
          </ns3:TrackPointExtension>
        </extensions>
      </trkpt>
      <trkpt lat="29.2887687496840953826904296875" lon="117.23693895153701305389404296875">
        <ele>32.200000762939453125</ele>
        <time>2026-08-19T21:22:52.000Z</time>
        <extensions>
          <ns3:TrackPointExtension>
            <ns3:hr>118</ns3:hr>
            <ns3:cad>92</ns3:cad>
          </ns3:TrackPointExtension>
        </extensions>
      </trkpt>
      <trkpt lat="29.2887885309755802154541015625" lon="117.2369529493153095245361328125">
        <ele>32</ele>
        <time>2026-08-19T21:22:53.000Z</time>
        <extensions>
          <ns3:TrackPointExtension>
            <ns3:hr>118</ns3:hr>
            <ns3:cad>92</ns3:cad>
          </ns3:TrackPointExtension>
        </extensions>
      </trkpt>
      <trkpt lat="29.2888037860393524169921875" lon="117.2369797714054584503173828125">
        <ele>32.200000762939453125</ele>
        <time>2026-08-19T21:22:54.000Z</time>
        <extensions>
          <ns3:TrackPointExtension>
            <ns3:hr>118</ns3:hr>
            <ns3:cad>93</ns3:cad>
          </ns3:TrackPointExtension>
        </extensions>
      </trkpt>
      <trkpt lat="29.28882147185504436492919921875" lon="117.23699527792632579803466796875">
        <ele>32</ele>
        <time>2026-08-19T21:22:55.000Z</time>
        <extensions>
          <ns3:TrackPointExtension>
            <ns3:hr>118</ns3:hr>
            <ns3:cad>93</ns3:cad>
          </ns3:TrackPointExtension>
        </extensions>
      </trkpt>
      <trkpt lat="29.2888347990810871124267578125" lon="117.23702293820679187774658203125">
        <ele>32</ele>
        <time>2026-08-19T21:22:56.000Z</time>
        <extensions>
          <ns3:TrackPointExtension>
            <ns3:hr>119</ns3:hr>
            <ns3:cad>93</ns3:cad>
          </ns3:TrackPointExtension>
        </extensions>
      </trkpt>
      <trkpt lat="29.2888512276113033294677734375" lon="117.23703584633767604827880859375">
        <ele>32.200000762939453125</ele>
        <time>2026-08-19T21:22:57.000Z</time>
        <extensions>
          <ns3:TrackPointExtension>
            <ns3:hr>119</ns3:hr>
            <ns3:cad>93</ns3:cad>
          </ns3:TrackPointExtension>
        </extensions>
      </trkpt>
      <trkpt lat="29.2888676561415195465087890625" lon="117.237059064209461212158203125">
        <ele>32.200000762939453125</ele>
        <time>2026-08-19T21:22:58.000Z</time>
        <extensions>
          <ns3:TrackPointExtension>
            <ns3:hr>119</ns3:hr>
            <ns3:cad>93</ns3:cad>
          </ns3:TrackPointExtension>
        </extensions>
      </trkpt>
      <trkpt lat="29.2888864316046237945556640625" lon="117.23707071505486965179443359375">
        <ele>32.200000762939453125</ele>
        <time>2026-08-19T21:22:59.000Z</time>
        <extensions>
          <ns3:TrackPointExtension>
            <ns3:hr>121</ns3:hr>
            <ns3:cad>92</ns3:cad>
          </ns3:TrackPointExtension>
        </extensions>
      </trkpt>
      <trkpt lat="29.2888995073735713958740234375" lon="117.23709368146955966949462890625">
        <ele>32.200000762939453125</ele>
        <time>2026-08-19T21:23:00.000Z</time>
        <extensions>
          <ns3:TrackPointExtension>
            <ns3:hr>122</ns3:hr>
            <ns3:cad>93</ns3:cad>
          </ns3:TrackPointExtension>
        </extensions>
      </trkpt>
      <trkpt lat="29.288918115198612213134765625" lon="117.2371105290949344635009765625">
        <ele>32</ele>
        <time>2026-08-19T21:23:01.000Z</time>
        <extensions>
          <ns3:TrackPointExtension>
            <ns3:hr>122</ns3:hr>
            <ns3:cad>93</ns3:cad>
          </ns3:TrackPointExtension>
        </extensions>
      </trkpt>
      <trkpt lat="29.28893278352916240692138671875" lon="117.237131483852863311767578125">
        <ele>32</ele>
        <time>2026-08-19T21:23:02.000Z</time>
        <extensions>
          <ns3:TrackPointExtension>
            <ns3:hr>122</ns3:hr>
            <ns3:cad>93</ns3:cad>
          </ns3:TrackPointExtension>
        </extensions>
      </trkpt>
      <trkpt lat="29.28895424120128154754638671875" lon="117.2371514327824115753173828125">
        <ele>32</ele>
        <time>2026-08-19T21:23:03.000Z</time>
        <extensions>
          <ns3:TrackPointExtension>
            <ns3:hr>121</ns3:hr>
            <ns3:cad>93</ns3:cad>
          </ns3:TrackPointExtension>
        </extensions>
      </trkpt>
      <trkpt lat="29.28897351957857608795166015625" lon="117.23717330954968929290771484375">
        <ele>32.200000762939453125</ele>
        <time>2026-08-19T21:23:04.000Z</time>
        <extensions>
          <ns3:TrackPointExtension>
            <ns3:hr>122</ns3:hr>
            <ns3:cad>93</ns3:cad>
          </ns3:TrackPointExtension>
        </extensions>
      </trkpt>
      <trkpt lat="29.28899095393717288970947265625" lon="117.2371936775743961334228515625">
        <ele>32.200000762939453125</ele>
        <time>2026-08-19T21:23:05.000Z</time>
        <extensions>
          <ns3:TrackPointExtension>
            <ns3:hr>122</ns3:hr>
            <ns3:cad>93</ns3:cad>
          </ns3:TrackPointExtension>
        </extensions>
      </trkpt>
      <trkpt lat="29.28900771774351596832275390625" lon="117.23720851354300975799560546875">
        <ele>32.200000762939453125</ele>
        <time>2026-08-19T21:23:06.000Z</time>
        <extensions>
          <ns3:TrackPointExtension>
            <ns3:hr>123</ns3:hr>
            <ns3:cad>92</ns3:cad>
          </ns3:TrackPointExtension>
        </extensions>
      </trkpt>
      <trkpt lat="29.289029426872730255126953125" lon="117.2372318990528583526611328125">
        <ele>32</ele>
        <time>2026-08-19T21:23:07.000Z</time>
        <extensions>
          <ns3:TrackPointExtension>
            <ns3:hr>123</ns3:hr>
            <ns3:cad>91</ns3:cad>
          </ns3:TrackPointExtension>
        </extensions>
      </trkpt>
      <trkpt lat="29.28904728032648563385009765625" lon="117.23724639974534511566162109375">
        <ele>32</ele>
        <time>2026-08-19T21:23:08.000Z</time>
        <extensions>
          <ns3:TrackPointExtension>
            <ns3:hr>124</ns3:hr>
            <ns3:cad>92</ns3:cad>
          </ns3:TrackPointExtension>
        </extensions>
      </trkpt>
      <trkpt lat="29.28906504996120929718017578125" lon="117.2372714616358280181884765625">
        <ele>32</ele>
        <time>2026-08-19T21:23:09.000Z</time>
        <extensions>
          <ns3:TrackPointExtension>
            <ns3:hr>124</ns3:hr>
            <ns3:cad>92</ns3:cad>
          </ns3:TrackPointExtension>
        </extensions>
      </trkpt>
      <trkpt lat="29.289082400500774383544921875" lon="117.237286381423473358154296875">
        <ele>32</ele>
        <time>2026-08-19T21:23:10.000Z</time>
        <extensions>
          <ns3:TrackPointExtension>
            <ns3:hr>125</ns3:hr>
            <ns3:cad>92</ns3:cad>
          </ns3:TrackPointExtension>
        </extensions>
      </trkpt>
      <trkpt lat="29.28909807465970516204833984375" lon="117.237311191856861114501953125">
        <ele>32</ele>
        <time>2026-08-19T21:23:11.000Z</time>
        <extensions>
          <ns3:TrackPointExtension>
            <ns3:hr>125</ns3:hr>
            <ns3:cad>92</ns3:cad>
          </ns3:TrackPointExtension>
        </extensions>
      </trkpt>
      <trkpt lat="29.2891154251992702484130859375" lon="117.2373251058161258697509765625">
        <ele>32</ele>
        <time>2026-08-19T21:23:12.000Z</time>
        <extensions>
          <ns3:TrackPointExtension>
            <ns3:hr>125</ns3:hr>
            <ns3:cad>91</ns3:cad>
          </ns3:TrackPointExtension>
        </extensions>
      </trkpt>
      <trkpt lat="29.28913042880594730377197265625" lon="117.237352430820465087890625">
        <ele>32</ele>
        <time>2026-08-19T21:23:13.000Z</time>
        <extensions>
          <ns3:TrackPointExtension>
            <ns3:hr>125</ns3:hr>
            <ns3:cad>91</ns3:cad>
          </ns3:TrackPointExtension>
        </extensions>
      </trkpt>
      <trkpt lat="29.2891471087932586669921875" lon="117.2373670153319835662841796875">
        <ele>32</ele>
        <time>2026-08-19T21:23:14.000Z</time>
        <extensions>
          <ns3:TrackPointExtension>
            <ns3:hr>125</ns3:hr>
            <ns3:cad>91</ns3:cad>
          </ns3:TrackPointExtension>
        </extensions>
      </trkpt>
      <trkpt lat="29.28916093893349170684814453125" lon="117.23739291541278362274169921875">
        <ele>32</ele>
        <time>2026-08-19T21:23:15.000Z</time>
        <extensions>
          <ns3:TrackPointExtension>
            <ns3:hr>125</ns3:hr>
            <ns3:cad>92</ns3:cad>
          </ns3:TrackPointExtension>
        </extensions>
      </trkpt>
      <trkpt lat="29.2891791276633739471435546875" lon="117.23740783520042896270751953125">
        <ele>32</ele>
        <time>2026-08-19T21:23:16.000Z</time>
        <extensions>
          <ns3:TrackPointExtension>
            <ns3:hr>125</ns3:hr>
            <ns3:cad>92</ns3:cad>
          </ns3:TrackPointExtension>
        </extensions>
      </trkpt>
      <trkpt lat="29.2891915328800678253173828125" lon="117.23743046633899211883544921875">
        <ele>32.200000762939453125</ele>
        <time>2026-08-19T21:23:17.000Z</time>
        <extensions>
          <ns3:TrackPointExtension>
            <ns3:hr>124</ns3:hr>
            <ns3:cad>93</ns3:cad>
          </ns3:TrackPointExtension>
        </extensions>
      </trkpt>
      <trkpt lat="29.28921005688607692718505859375" lon="117.2374449670314788818359375">
        <ele>32</ele>
        <time>2026-08-19T21:23:18.000Z</time>
        <extensions>
          <ns3:TrackPointExtension>
            <ns3:hr>125</ns3:hr>
            <ns3:cad>93</ns3:cad>
          </ns3:TrackPointExtension>
        </extensions>
      </trkpt>
      <trkpt lat="29.289223887026309967041015625" lon="117.2374632395803928375244140625">
        <ele>32</ele>
        <time>2026-08-19T21:23:19.000Z</time>
        <extensions>
          <ns3:TrackPointExtension>
            <ns3:hr>125</ns3:hr>
            <ns3:cad>93</ns3:cad>
          </ns3:TrackPointExtension>
        </extensions>
      </trkpt>
      <trkpt lat="29.2892436683177947998046875" lon="117.23748184740543365478515625">
        <ele>32</ele>
        <time>2026-08-19T21:23:20.000Z</time>
        <extensions>
          <ns3:TrackPointExtension>
            <ns3:hr>124</ns3:hr>
            <ns3:cad>93</ns3:cad>
          </ns3:TrackPointExtension>
        </extensions>
      </trkpt>
      <trkpt lat="29.28925900720059871673583984375" lon="117.23749953322112560272216796875">
        <ele>32</ele>
        <time>2026-08-19T21:23:21.000Z</time>
        <extensions>
          <ns3:TrackPointExtension>
            <ns3:hr>125</ns3:hr>
            <ns3:cad>92</ns3:cad>
          </ns3:TrackPointExtension>
        </extensions>
      </trkpt>
      <trkpt lat="29.2892803810536861419677734375" lon="117.2375192306935787200927734375">
        <ele>32</ele>
        <time>2026-08-19T21:23:22.000Z</time>
        <extensions>
          <ns3:TrackPointExtension>
            <ns3:hr>125</ns3:hr>
            <ns3:cad>92</ns3:cad>
          </ns3:TrackPointExtension>
        </extensions>
      </trkpt>
      <trkpt lat="29.28929773159325122833251953125" lon="117.2375334799289703369140625">
        <ele>32</ele>
        <time>2026-08-19T21:23:23.000Z</time>
        <extensions>
          <ns3:TrackPointExtension>
            <ns3:hr>124</ns3:hr>
            <ns3:cad>92</ns3:cad>
          </ns3:TrackPointExtension>
        </extensions>
      </trkpt>
      <trkpt lat="29.28931566886603832244873046875" lon="117.23755686543881893157958984375">
        <ele>32</ele>
        <time>2026-08-19T21:23:24.000Z</time>
        <extensions>
          <ns3:TrackPointExtension>
            <ns3:hr>125</ns3:hr>
            <ns3:cad>91</ns3:cad>
          </ns3:TrackPointExtension>
        </extensions>
      </trkpt>
      <trkpt lat="29.289331845939159393310546875" lon="117.23757262341678142547607421875">
        <ele>32</ele>
        <time>2026-08-19T21:23:25.000Z</time>
        <extensions>
          <ns3:TrackPointExtension>
            <ns3:hr>125</ns3:hr>
            <ns3:cad>92</ns3:cad>
          </ns3:TrackPointExtension>
        </extensions>
      </trkpt>
      <trkpt lat="29.28934969939291477203369140625" lon="117.23759726621210575103759765625">
        <ele>32</ele>
        <time>2026-08-19T21:23:26.000Z</time>
        <extensions>
          <ns3:TrackPointExtension>
            <ns3:hr>125</ns3:hr>
            <ns3:cad>92</ns3:cad>
          </ns3:TrackPointExtension>
        </extensions>
      </trkpt>
      <trkpt lat="29.28936746902763843536376953125" lon="117.2376067377626895904541015625">
        <ele>32</ele>
        <time>2026-08-19T21:23:27.000Z</time>
        <extensions>
          <ns3:TrackPointExtension>
            <ns3:hr>125</ns3:hr>
            <ns3:cad>92</ns3:cad>
          </ns3:TrackPointExtension>
        </extensions>
      </trkpt>
      <trkpt lat="29.28938222117722034454345703125" lon="117.237635739147663116455078125">
        <ele>32</ele>
        <time>2026-08-19T21:23:28.000Z</time>
        <extensions>
          <ns3:TrackPointExtension>
            <ns3:hr>124</ns3:hr>
            <ns3:cad>93</ns3:cad>
          </ns3:TrackPointExtension>
        </extensions>
      </trkpt>
      <trkpt lat="29.28940082900226116180419921875" lon="117.23765158094465732574462890625">
        <ele>32</ele>
        <time>2026-08-19T21:23:29.000Z</time>
        <extensions>
          <ns3:TrackPointExtension>
            <ns3:hr>124</ns3:hr>
            <ns3:cad>93</ns3:cad>
          </ns3:TrackPointExtension>
        </extensions>
      </trkpt>
      <trkpt lat="29.289419688284397125244140625" lon="117.23767722956836223602294921875">
        <ele>32</ele>
        <time>2026-08-19T21:23:30.000Z</time>
        <extensions>
          <ns3:TrackPointExtension>
            <ns3:hr>124</ns3:hr>
            <ns3:cad>93</ns3:cad>
          </ns3:TrackPointExtension>
        </extensions>
      </trkpt>
      <trkpt lat="29.2894399724900722503662109375" lon="117.23769483156502246856689453125">
        <ele>32</ele>
        <time>2026-08-19T21:23:31.000Z</time>
        <extensions>
          <ns3:TrackPointExtension>
            <ns3:hr>124</ns3:hr>
            <ns3:cad>93</ns3:cad>
          </ns3:TrackPointExtension>
        </extensions>
      </trkpt>
      <trkpt lat="29.28945531137287616729736328125" lon="117.2377214021980762481689453125">
        <ele>32</ele>
        <time>2026-08-19T21:23:32.000Z</time>
        <extensions>
          <ns3:TrackPointExtension>
            <ns3:hr>124</ns3:hr>
            <ns3:cad>93</ns3:cad>
          </ns3:TrackPointExtension>
        </extensions>
      </trkpt>
      <trkpt lat="29.28947274573147296905517578125" lon="117.237739674746990203857421875">
        <ele>32</ele>
        <time>2026-08-19T21:23:33.000Z</time>
        <extensions>
          <ns3:TrackPointExtension>
            <ns3:hr>123</ns3:hr>
            <ns3:cad>92</ns3:cad>
          </ns3:TrackPointExtension>
        </extensions>
      </trkpt>
      <trkpt lat="29.28948531858623027801513671875" lon="117.23776079714298248291015625">
        <ele>32.200000762939453125</ele>
        <time>2026-08-19T21:23:34.000Z</time>
        <extensions>
          <ns3:TrackPointExtension>
            <ns3:hr>122</ns3:hr>
            <ns3:cad>92</ns3:cad>
          </ns3:TrackPointExtension>
        </extensions>
      </trkpt>
      <trkpt lat="29.28950409404933452606201171875" lon="117.2377810813486576080322265625">
        <ele>32.200000762939453125</ele>
        <time>2026-08-19T21:23:35.000Z</time>
        <extensions>
          <ns3:TrackPointExtension>
            <ns3:hr>122</ns3:hr>
            <ns3:cad>92</ns3:cad>
          </ns3:TrackPointExtension>
        </extensions>
      </trkpt>
      <trkpt lat="29.289517588913440704345703125" lon="117.2378035448491573333740234375">
        <ele>32.200000762939453125</ele>
        <time>2026-08-19T21:23:36.000Z</time>
        <extensions>
          <ns3:TrackPointExtension>
            <ns3:hr>121</ns3:hr>
            <ns3:cad>91</ns3:cad>
          </ns3:TrackPointExtension>
        </extensions>
      </trkpt>
      <trkpt lat="29.28953225724399089813232421875" lon="117.23782382905483245849609375">
        <ele>32</ele>
        <time>2026-08-19T21:23:37.000Z</time>
        <extensions>
          <ns3:TrackPointExtension>
            <ns3:hr>121</ns3:hr>
            <ns3:cad>91</ns3:cad>
          </ns3:TrackPointExtension>
        </extensions>
      </trkpt>
      <trkpt lat="29.28954499773681163787841796875" lon="117.2378451190888881683349609375">
        <ele>32</ele>
        <time>2026-08-19T21:23:38.000Z</time>
        <extensions>
          <ns3:TrackPointExtension>
            <ns3:hr>120</ns3:hr>
            <ns3:cad>91</ns3:cad>
          </ns3:TrackPointExtension>
        </extensions>
      </trkpt>
      <trkpt lat="29.28955974988639354705810546875" lon="117.23786800168454647064208984375">
        <ele>32</ele>
        <time>2026-08-19T21:23:39.000Z</time>
        <extensions>
          <ns3:TrackPointExtension>
            <ns3:hr>120</ns3:hr>
            <ns3:cad>91</ns3:cad>
          </ns3:TrackPointExtension>
        </extensions>
      </trkpt>
      <trkpt lat="29.28957500495016574859619140625" lon="117.23788417875766754150390625">
        <ele>32</ele>
        <time>2026-08-19T21:23:40.000Z</time>
        <extensions>
          <ns3:TrackPointExtension>
            <ns3:hr>119</ns3:hr>
            <ns3:cad>92</ns3:cad>
          </ns3:TrackPointExtension>
        </extensions>
      </trkpt>
      <trkpt lat="29.2895945347845554351806640625" lon="117.2379101626574993133544921875">
        <ele>32</ele>
        <time>2026-08-19T21:23:41.000Z</time>
        <extensions>
          <ns3:TrackPointExtension>
            <ns3:hr>117</ns3:hr>
            <ns3:cad>93</ns3:cad>
          </ns3:TrackPointExtension>
        </extensions>
      </trkpt>
      <trkpt lat="29.28961188532412052154541015625" lon="117.237927429378032684326171875">
        <ele>31.799999237060546875</ele>
        <time>2026-08-19T21:23:42.000Z</time>
        <extensions>
          <ns3:TrackPointExtension>
            <ns3:hr>117</ns3:hr>
            <ns3:cad>93</ns3:cad>
          </ns3:TrackPointExtension>
        </extensions>
      </trkpt>
      <trkpt lat="29.28962680511176586151123046875" lon="117.2379547543823719024658203125">
        <ele>31.799999237060546875</ele>
        <time>2026-08-19T21:23:43.000Z</time>
        <extensions>
          <ns3:TrackPointExtension>
            <ns3:hr>117</ns3:hr>
            <ns3:cad>92</ns3:cad>
          </ns3:TrackPointExtension>
        </extensions>
      </trkpt>
      <trkpt lat="29.28964474238455295562744140625" lon="117.2379705123603343963623046875">
        <ele>31.799999237060546875</ele>
        <time>2026-08-19T21:23:44.000Z</time>
        <extensions>
          <ns3:TrackPointExtension>
            <ns3:hr>117</ns3:hr>
            <ns3:cad>92</ns3:cad>
          </ns3:TrackPointExtension>
        </extensions>
      </trkpt>
      <trkpt lat="29.289660416543483734130859375" lon="117.23799926228821277618408203125">
        <ele>31.799999237060546875</ele>
        <time>2026-08-19T21:23:45.000Z</time>
        <extensions>
          <ns3:TrackPointExtension>
            <ns3:hr>118</ns3:hr>
            <ns3:cad>92</ns3:cad>
          </ns3:TrackPointExtension>
        </extensions>
      </trkpt>
      <trkpt lat="29.289676845073699951171875" lon="117.23801502026617527008056640625">
        <ele>31.799999237060546875</ele>
        <time>2026-08-19T21:23:46.000Z</time>
        <extensions>
          <ns3:TrackPointExtension>
            <ns3:hr>118</ns3:hr>
            <ns3:cad>92</ns3:cad>
          </ns3:TrackPointExtension>
        </extensions>
      </trkpt>
      <trkpt lat="29.28969033993780612945556640625" lon="117.23804603330790996551513671875">
        <ele>31.6000003814697265625</ele>
        <time>2026-08-19T21:23:47.000Z</time>
        <extensions>
          <ns3:TrackPointExtension>
            <ns3:hr>119</ns3:hr>
            <ns3:cad>92</ns3:cad>
          </ns3:TrackPointExtension>
        </extensions>
      </trkpt>
      <trkpt lat="29.28970760665833950042724609375" lon="117.23805843852460384368896484375">
        <ele>31.6000003814697265625</ele>
        <time>2026-08-19T21:23:48.000Z</time>
        <extensions>
          <ns3:TrackPointExtension>
            <ns3:hr>120</ns3:hr>
            <ns3:cad>92</ns3:cad>
          </ns3:TrackPointExtension>
        </extensions>
      </trkpt>
      <trkpt lat="29.2897222749888896942138671875" lon="117.238087356090545654296875">
        <ele>31.6000003814697265625</ele>
        <time>2026-08-19T21:23:49.000Z</time>
        <extensions>
          <ns3:TrackPointExtension>
            <ns3:hr>120</ns3:hr>
            <ns3:cad>92</ns3:cad>
          </ns3:TrackPointExtension>
        </extensions>
      </trkpt>
      <trkpt lat="29.28974012844264507293701171875" lon="117.2381021082401275634765625">
        <ele>31.6000003814697265625</ele>
        <time>2026-08-19T21:23:50.000Z</time>
        <extensions>
          <ns3:TrackPointExtension>
            <ns3:hr>121</ns3:hr>
            <ns3:cad>92</ns3:cad>
          </ns3:TrackPointExtension>
        </extensions>
      </trkpt>
      <trkpt lat="29.28975555114448070526123046875" lon="117.23812968470156192779541015625">
        <ele>31.6000003814697265625</ele>
        <time>2026-08-19T21:23:51.000Z</time>
        <extensions>
          <ns3:TrackPointExtension>
            <ns3:hr>122</ns3:hr>
            <ns3:cad>92</ns3:cad>
          </ns3:TrackPointExtension>
        </extensions>
      </trkpt>
      <trkpt lat="29.2897749133408069610595703125" lon="117.238147370517253875732421875">
        <ele>31.6000003814697265625</ele>
        <time>2026-08-19T21:23:52.000Z</time>
        <extensions>
          <ns3:TrackPointExtension>
            <ns3:hr>122</ns3:hr>
            <ns3:cad>92</ns3:cad>
          </ns3:TrackPointExtension>
        </extensions>
      </trkpt>
      <trkpt lat="29.28978941403329372406005859375" lon="117.23817662335932254791259765625">
        <ele>31.6000003814697265625</ele>
        <time>2026-08-19T21:23:53.000Z</time>
        <extensions>
          <ns3:TrackPointExtension>
            <ns3:hr>123</ns3:hr>
            <ns3:cad>92</ns3:cad>
          </ns3:TrackPointExtension>
        </extensions>
      </trkpt>
      <trkpt lat="29.28980718366801738739013671875" lon="117.23819606937468051910400390625">
        <ele>31.6000003814697265625</ele>
        <time>2026-08-19T21:23:54.000Z</time>
        <extensions>
          <ns3:TrackPointExtension>
            <ns3:hr>124</ns3:hr>
            <ns3:cad>92</ns3:cad>
          </ns3:TrackPointExtension>
        </extensions>
      </trkpt>
      <trkpt lat="29.289820007979869842529296875" lon="117.2382179461419582366943359375">
        <ele>31.6000003814697265625</ele>
        <time>2026-08-19T21:23:55.000Z</time>
        <extensions>
          <ns3:TrackPointExtension>
            <ns3:hr>125</ns3:hr>
            <ns3:cad>92</ns3:cad>
          </ns3:TrackPointExtension>
        </extensions>
      </trkpt>
      <trkpt lat="29.2898349277675151824951171875" lon="117.238237559795379638671875">
        <ele>31.6000003814697265625</ele>
        <time>2026-08-19T21:23:56.000Z</time>
        <extensions>
          <ns3:TrackPointExtension>
            <ns3:hr>126</ns3:hr>
            <ns3:cad>92</ns3:cad>
          </ns3:TrackPointExtension>
        </extensions>
      </trkpt>
      <trkpt lat="29.28985244594514369964599609375" lon="117.23825633525848388671875">
        <ele>31.6000003814697265625</ele>
        <time>2026-08-19T21:23:57.000Z</time>
        <extensions>
          <ns3:TrackPointExtension>
            <ns3:hr>127</ns3:hr>
            <ns3:cad>92</ns3:cad>
          </ns3:TrackPointExtension>
        </extensions>
      </trkpt>
      <trkpt lat="29.28987138904631137847900390625" lon="117.23827578127384185791015625">
        <ele>31.6000003814697265625</ele>
        <time>2026-08-19T21:23:58.000Z</time>
        <extensions>
          <ns3:TrackPointExtension>
            <ns3:hr>127</ns3:hr>
            <ns3:cad>92</ns3:cad>
          </ns3:TrackPointExtension>
        </extensions>
      </trkpt>
      <trkpt lat="29.28988538682460784912109375" lon="117.23829397000372409820556640625">
        <ele>31.6000003814697265625</ele>
        <time>2026-08-19T21:23:59.000Z</time>
        <extensions>
          <ns3:TrackPointExtension>
            <ns3:hr>127</ns3:hr>
            <ns3:cad>91</ns3:cad>
          </ns3:TrackPointExtension>
        </extensions>
      </trkpt>
      <trkpt lat="29.28990122862160205841064453125" lon="117.23832146264612674713134765625">
        <ele>31.3999996185302734375</ele>
        <time>2026-08-19T21:24:00.000Z</time>
        <extensions>
          <ns3:TrackPointExtension>
            <ns3:hr>127</ns3:hr>
            <ns3:cad>91</ns3:cad>
          </ns3:TrackPointExtension>
        </extensions>
      </trkpt>
      <trkpt lat="29.2899160645902156829833984375" lon="117.23833856172859668731689453125">
        <ele>31.3999996185302734375</ele>
        <time>2026-08-19T21:24:01.000Z</time>
        <extensions>
          <ns3:TrackPointExtension>
            <ns3:hr>127</ns3:hr>
            <ns3:cad>92</ns3:cad>
          </ns3:TrackPointExtension>
        </extensions>
      </trkpt>
      <trkpt lat="29.289929307997226715087890625" lon="117.23836706019937992095947265625">
        <ele>31.3999996185302734375</ele>
        <time>2026-08-19T21:24:02.000Z</time>
        <extensions>
          <ns3:TrackPointExtension>
            <ns3:hr>127</ns3:hr>
            <ns3:cad>92</ns3:cad>
          </ns3:TrackPointExtension>
        </extensions>
      </trkpt>
      <trkpt lat="29.289944730699062347412109375" lon="117.23838281817734241485595703125">
        <ele>31.200000762939453125</ele>
        <time>2026-08-19T21:24:03.000Z</time>
        <extensions>
          <ns3:TrackPointExtension>
            <ns3:hr>128</ns3:hr>
            <ns3:cad>92</ns3:cad>
          </ns3:TrackPointExtension>
        </extensions>
      </trkpt>
      <trkpt lat="29.28995939902961254119873046875" lon="117.238411568105220794677734375">
        <ele>31.200000762939453125</ele>
        <time>2026-08-19T21:24:04.000Z</time>
        <extensions>
          <ns3:TrackPointExtension>
            <ns3:hr>127</ns3:hr>
            <ns3:cad>92</ns3:cad>
          </ns3:TrackPointExtension>
        </extensions>
      </trkpt>
      <trkpt lat="29.2899767495691776275634765625" lon="117.23842640407383441925048828125">
        <ele>31.200000762939453125</ele>
        <time>2026-08-19T21:24:05.000Z</time>
        <extensions>
          <ns3:TrackPointExtension>
            <ns3:hr>127</ns3:hr>
            <ns3:cad>92</ns3:cad>
          </ns3:TrackPointExtension>
        </extensions>
      </trkpt>
      <trkpt lat="29.2899874784052371978759765625" lon="117.23845322616398334503173828125">
        <ele>31.200000762939453125</ele>
        <time>2026-08-19T21:24:06.000Z</time>
        <extensions>
          <ns3:TrackPointExtension>
            <ns3:hr>128</ns3:hr>
            <ns3:cad>92</ns3:cad>
          </ns3:TrackPointExtension>
        </extensions>
      </trkpt>
      <trkpt lat="29.2900022305548191070556640625" lon="117.238473594188690185546875">
        <ele>31.200000762939453125</ele>
        <time>2026-08-19T21:24:07.000Z</time>
        <extensions>
          <ns3:TrackPointExtension>
            <ns3:hr>127</ns3:hr>
            <ns3:cad>92</ns3:cad>
          </ns3:TrackPointExtension>
        </extensions>
      </trkpt>
      <trkpt lat="29.29001488722860813140869140625" lon="117.2385002486407756805419921875">
        <ele>31.200000762939453125</ele>
        <time>2026-08-19T21:24:08.000Z</time>
        <extensions>
          <ns3:TrackPointExtension>
            <ns3:hr>127</ns3:hr>
            <ns3:cad>92</ns3:cad>
          </ns3:TrackPointExtension>
        </extensions>
      </trkpt>
      <trkpt lat="29.29003081284463405609130859375" lon="117.238522879779338836669921875">
        <ele>31.200000762939453125</ele>
        <time>2026-08-19T21:24:09.000Z</time>
        <extensions>
          <ns3:TrackPointExtension>
            <ns3:hr>127</ns3:hr>
            <ns3:cad>92</ns3:cad>
          </ns3:TrackPointExtension>
        </extensions>
      </trkpt>
      <trkpt lat="29.29004321806132793426513671875" lon="117.23854995332658290863037109375">
        <ele>31.200000762939453125</ele>
        <time>2026-08-19T21:24:10.000Z</time>
        <extensions>
          <ns3:TrackPointExtension>
            <ns3:hr>127</ns3:hr>
            <ns3:cad>93</ns3:cad>
          </ns3:TrackPointExtension>
        </extensions>
      </trkpt>
      <trkpt lat="29.290059395134449005126953125" lon="117.23857040517032146453857421875">
        <ele>31.3999996185302734375</ele>
        <time>2026-08-19T21:24:11.000Z</time>
        <extensions>
          <ns3:TrackPointExtension>
            <ns3:hr>126</ns3:hr>
            <ns3:cad>93</ns3:cad>
          </ns3:TrackPointExtension>
        </extensions>
      </trkpt>
      <trkpt lat="29.2900729738175868988037109375" lon="117.2385850735008716583251953125">
        <ele>31.200000762939453125</ele>
        <time>2026-08-19T21:24:12.000Z</time>
        <extensions>
          <ns3:TrackPointExtension>
            <ns3:hr>126</ns3:hr>
            <ns3:cad>93</ns3:cad>
          </ns3:TrackPointExtension>
        </extensions>
      </trkpt>
      <trkpt lat="29.29008227773010730743408203125" lon="117.23861130885779857635498046875">
        <ele>31.200000762939453125</ele>
        <time>2026-08-19T21:24:13.000Z</time>
        <extensions>
          <ns3:TrackPointExtension>
            <ns3:hr>126</ns3:hr>
            <ns3:cad>92</ns3:cad>
          </ns3:TrackPointExtension>
        </extensions>
      </trkpt>
      <trkpt lat="29.29009099490940570831298828125" lon="117.23862689919769763946533203125">
        <ele>31.200000762939453125</ele>
        <time>2026-08-19T21:24:14.000Z</time>
        <extensions>
          <ns3:TrackPointExtension>
            <ns3:hr>126</ns3:hr>
            <ns3:cad>92</ns3:cad>
          </ns3:TrackPointExtension>
        </extensions>
      </trkpt>
      <trkpt lat="29.2901014722883701324462890625" lon="117.2386561520397663116455078125">
        <ele>31.200000762939453125</ele>
        <time>2026-08-19T21:24:15.000Z</time>
        <extensions>
          <ns3:TrackPointExtension>
            <ns3:hr>125</ns3:hr>
            <ns3:cad>92</ns3:cad>
          </ns3:TrackPointExtension>
        </extensions>
      </trkpt>
      <trkpt lat="29.29011412896215915679931640625" lon="117.2386739216744899749755859375">
        <ele>31.200000762939453125</ele>
        <time>2026-08-19T21:24:16.000Z</time>
        <extensions>
          <ns3:TrackPointExtension>
            <ns3:hr>125</ns3:hr>
            <ns3:cad>92</ns3:cad>
          </ns3:TrackPointExtension>
        </extensions>
      </trkpt>
      <trkpt lat="29.29012418724596500396728515625" lon="117.2387061081826686859130859375">
        <ele>31.200000762939453125</ele>
        <time>2026-08-19T21:24:17.000Z</time>
        <extensions>
          <ns3:TrackPointExtension>
            <ns3:hr>125</ns3:hr>
            <ns3:cad>93</ns3:cad>
          </ns3:TrackPointExtension>
        </extensions>
      </trkpt>
      <trkpt lat="29.2901396937668323516845703125" lon="117.2387245483696460723876953125">
        <ele>31.200000762939453125</ele>
        <time>2026-08-19T21:24:18.000Z</time>
        <extensions>
          <ns3:TrackPointExtension>
            <ns3:hr>125</ns3:hr>
            <ns3:cad>93</ns3:cad>
          </ns3:TrackPointExtension>
        </extensions>
      </trkpt>
      <trkpt lat="29.2901500873267650604248046875" lon="117.2387557290494441986083984375">
        <ele>31.200000762939453125</ele>
        <time>2026-08-19T21:24:19.000Z</time>
        <extensions>
          <ns3:TrackPointExtension>
            <ns3:hr>125</ns3:hr>
            <ns3:cad>93</ns3:cad>
          </ns3:TrackPointExtension>
        </extensions>
      </trkpt>
      <trkpt lat="29.29016567766666412353515625" lon="117.238774001598358154296875">
        <ele>31.200000762939453125</ele>
        <time>2026-08-19T21:24:20.000Z</time>
        <extensions>
          <ns3:TrackPointExtension>
            <ns3:hr>125</ns3:hr>
            <ns3:cad>92</ns3:cad>
          </ns3:TrackPointExtension>
        </extensions>
      </trkpt>
      <trkpt lat="29.29017414338886737823486328125" lon="117.2388019971549510955810546875">
        <ele>31.200000762939453125</ele>
        <time>2026-08-19T21:24:21.000Z</time>
        <extensions>
          <ns3:TrackPointExtension>
            <ns3:hr>124</ns3:hr>
            <ns3:cad>93</ns3:cad>
          </ns3:TrackPointExtension>
        </extensions>
      </trkpt>
      <trkpt lat="29.2901862971484661102294921875" lon="117.23882286809384822845458984375">
        <ele>31.200000762939453125</ele>
        <time>2026-08-19T21:24:22.000Z</time>
        <extensions>
          <ns3:TrackPointExtension>
            <ns3:hr>124</ns3:hr>
            <ns3:cad>93</ns3:cad>
          </ns3:TrackPointExtension>
        </extensions>
      </trkpt>
      <trkpt lat="29.29019526578485965728759765625" lon="117.23885036073625087738037109375">
        <ele>31.200000762939453125</ele>
        <time>2026-08-19T21:24:23.000Z</time>
        <extensions>
          <ns3:TrackPointExtension>
            <ns3:hr>124</ns3:hr>
            <ns3:cad>93</ns3:cad>
          </ns3:TrackPointExtension>
        </extensions>
      </trkpt>
      <trkpt lat="29.2902054078876972198486328125" lon="117.2388720698654651641845703125">
        <ele>31</ele>
        <time>2026-08-19T21:24:24.000Z</time>
        <extensions>
          <ns3:TrackPointExtension>
            <ns3:hr>125</ns3:hr>
            <ns3:cad>93</ns3:cad>
          </ns3:TrackPointExtension>
        </extensions>
      </trkpt>
      <trkpt lat="29.29022066295146942138671875" lon="117.23889662884175777435302734375">
        <ele>31.200000762939453125</ele>
        <time>2026-08-19T21:24:25.000Z</time>
        <extensions>
          <ns3:TrackPointExtension>
            <ns3:hr>125</ns3:hr>
            <ns3:cad>93</ns3:cad>
          </ns3:TrackPointExtension>
        </extensions>
      </trkpt>
      <trkpt lat="29.2902329005300998687744140625" lon="117.23892244510352611541748046875">
        <ele>31.200000762939453125</ele>
        <time>2026-08-19T21:24:26.000Z</time>
        <extensions>
          <ns3:TrackPointExtension>
            <ns3:hr>124</ns3:hr>
            <ns3:cad>92</ns3:cad>
          </ns3:TrackPointExtension>
        </extensions>
      </trkpt>
      <trkpt lat="29.290244467556476593017578125" lon="117.2389431484043598175048828125">
        <ele>31.200000762939453125</ele>
        <time>2026-08-19T21:24:27.000Z</time>
        <extensions>
          <ns3:TrackPointExtension>
            <ns3:hr>124</ns3:hr>
            <ns3:cad>92</ns3:cad>
          </ns3:TrackPointExtension>
        </extensions>
      </trkpt>
      <trkpt lat="29.29025628603994846343994140625" lon="117.23897038958966732025146484375">
        <ele>31.200000762939453125</ele>
        <time>2026-08-19T21:24:28.000Z</time>
        <extensions>
          <ns3:TrackPointExtension>
            <ns3:hr>124</ns3:hr>
            <ns3:cad>91</ns3:cad>
          </ns3:TrackPointExtension>
        </extensions>
      </trkpt>
      <trkpt lat="29.29026735015213489532470703125" lon="117.238992266356945037841796875">
        <ele>31.200000762939453125</ele>
        <time>2026-08-19T21:24:29.000Z</time>
        <extensions>
          <ns3:TrackPointExtension>
            <ns3:hr>125</ns3:hr>
            <ns3:cad>91</ns3:cad>
          </ns3:TrackPointExtension>
        </extensions>
      </trkpt>
      <trkpt lat="29.2902763187885284423828125" lon="117.239023782312870025634765625">
        <ele>31</ele>
        <time>2026-08-19T21:24:30.000Z</time>
        <extensions>
          <ns3:TrackPointExtension>
            <ns3:hr>124</ns3:hr>
            <ns3:cad>91</ns3:cad>
          </ns3:TrackPointExtension>
        </extensions>
      </trkpt>
      <trkpt lat="29.2902885563671588897705078125" lon="117.23904599435627460479736328125">
        <ele>31</ele>
        <time>2026-08-19T21:24:31.000Z</time>
        <extensions>
          <ns3:TrackPointExtension>
            <ns3:hr>124</ns3:hr>
            <ns3:cad>91</ns3:cad>
          </ns3:TrackPointExtension>
        </extensions>
      </trkpt>
      <trkpt lat="29.29029618389904499053955078125" lon="117.23907834850251674652099609375">
        <ele>31</ele>
        <time>2026-08-19T21:24:32.000Z</time>
        <extensions>
          <ns3:TrackPointExtension>
            <ns3:hr>123</ns3:hr>
            <ns3:cad>91</ns3:cad>
          </ns3:TrackPointExtension>
        </extensions>
      </trkpt>
      <trkpt lat="29.2903085052967071533203125" lon="117.2390963695943355560302734375">
        <ele>31</ele>
        <time>2026-08-19T21:24:33.000Z</time>
        <extensions>
          <ns3:TrackPointExtension>
            <ns3:hr>123</ns3:hr>
            <ns3:cad>92</ns3:cad>
          </ns3:TrackPointExtension>
        </extensions>
      </trkpt>
      <trkpt lat="29.29031630046665668487548828125" lon="117.23912813700735569000244140625">
        <ele>31</ele>
        <time>2026-08-19T21:24:34.000Z</time>
        <extensions>
          <ns3:TrackPointExtension>
            <ns3:hr>123</ns3:hr>
            <ns3:cad>92</ns3:cad>
          </ns3:TrackPointExtension>
        </extensions>
      </trkpt>
      <trkpt lat="29.2903291247785091400146484375" lon="117.23914682865142822265625">
        <ele>31</ele>
        <time>2026-08-19T21:24:35.000Z</time>
        <extensions>
          <ns3:TrackPointExtension>
            <ns3:hr>123</ns3:hr>
            <ns3:cad>92</ns3:cad>
          </ns3:TrackPointExtension>
        </extensions>
      </trkpt>
      <trkpt lat="29.29033624939620494842529296875" lon="117.23917775787413120269775390625">
        <ele>31</ele>
        <time>2026-08-19T21:24:36.000Z</time>
        <extensions>
          <ns3:TrackPointExtension>
            <ns3:hr>122</ns3:hr>
            <ns3:cad>92</ns3:cad>
          </ns3:TrackPointExtension>
        </extensions>
      </trkpt>
      <trkpt lat="29.2903529293835163116455078125" lon="117.23919535987079143524169921875">
        <ele>31</ele>
        <time>2026-08-19T21:24:37.000Z</time>
        <extensions>
          <ns3:TrackPointExtension>
            <ns3:hr>123</ns3:hr>
            <ns3:cad>91</ns3:cad>
          </ns3:TrackPointExtension>
        </extensions>
      </trkpt>
      <trkpt lat="29.2903592996299266815185546875" lon="117.2392231039702892303466796875">
        <ele>30.799999237060546875</ele>
        <time>2026-08-19T21:24:38.000Z</time>
        <extensions>
          <ns3:TrackPointExtension>
            <ns3:hr>123</ns3:hr>
            <ns3:cad>92</ns3:cad>
          </ns3:TrackPointExtension>
        </extensions>
      </trkpt>
      <trkpt lat="29.2903728783130645751953125" lon="117.23924280144274234771728515625">
        <ele>30.799999237060546875</ele>
        <time>2026-08-19T21:24:39.000Z</time>
        <extensions>
          <ns3:TrackPointExtension>
            <ns3:hr>123</ns3:hr>
            <ns3:cad>92</ns3:cad>
          </ns3:TrackPointExtension>
        </extensions>
      </trkpt>
      <trkpt lat="29.29037715308368206024169921875" lon="117.239273227751255035400390625">
        <ele>30.799999237060546875</ele>
        <time>2026-08-19T21:24:40.000Z</time>
        <extensions>
          <ns3:TrackPointExtension>
            <ns3:hr>123</ns3:hr>
            <ns3:cad>92</ns3:cad>
          </ns3:TrackPointExtension>
        </extensions>
      </trkpt>
      <trkpt lat="29.29038905538618564605712890625" lon="117.239296026527881622314453125">
        <ele>30.799999237060546875</ele>
        <time>2026-08-19T21:24:41.000Z</time>
        <extensions>
          <ns3:TrackPointExtension>
            <ns3:hr>122</ns3:hr>
            <ns3:cad>92</ns3:cad>
          </ns3:TrackPointExtension>
        </extensions>
      </trkpt>
      <trkpt lat="29.29039374925196170806884765625" lon="117.2393226809799671173095703125">
        <ele>30.799999237060546875</ele>
        <time>2026-08-19T21:24:42.000Z</time>
        <extensions>
          <ns3:TrackPointExtension>
            <ns3:hr>122</ns3:hr>
            <ns3:cad>92</ns3:cad>
          </ns3:TrackPointExtension>
        </extensions>
      </trkpt>
      <trkpt lat="29.29040439426898956298828125" lon="117.2393498383462429046630859375">
        <ele>30.799999237060546875</ele>
        <time>2026-08-19T21:24:43.000Z</time>
        <extensions>
          <ns3:TrackPointExtension>
            <ns3:hr>123</ns3:hr>
            <ns3:cad>92</ns3:cad>
          </ns3:TrackPointExtension>
        </extensions>
      </trkpt>
      <trkpt lat="29.29041252471506595611572265625" lon="117.2393776662647724151611328125">
        <ele>30.799999237060546875</ele>
        <time>2026-08-19T21:24:44.000Z</time>
        <extensions>
          <ns3:TrackPointExtension>
            <ns3:hr>123</ns3:hr>
            <ns3:cad>92</ns3:cad>
          </ns3:TrackPointExtension>
        </extensions>
      </trkpt>
      <trkpt lat="29.29042526520788669586181640625" lon="117.239404655992984771728515625">
        <ele>30.799999237060546875</ele>
        <time>2026-08-19T21:24:45.000Z</time>
        <extensions>
          <ns3:TrackPointExtension>
            <ns3:hr>123</ns3:hr>
            <ns3:cad>92</ns3:cad>
          </ns3:TrackPointExtension>
        </extensions>
      </trkpt>
      <trkpt lat="29.2904347367584705352783203125" lon="117.23943072371184825897216796875">
        <ele>30.799999237060546875</ele>
        <time>2026-08-19T21:24:46.000Z</time>
        <extensions>
          <ns3:TrackPointExtension>
            <ns3:hr>123</ns3:hr>
            <ns3:cad>92</ns3:cad>
          </ns3:TrackPointExtension>
        </extensions>
      </trkpt>
      <trkpt lat="29.290443956851959228515625" lon="117.239458300173282623291015625">
        <ele>30.6000003814697265625</ele>
        <time>2026-08-19T21:24:47.000Z</time>
        <extensions>
          <ns3:TrackPointExtension>
            <ns3:hr>123</ns3:hr>
            <ns3:cad>92</ns3:cad>
          </ns3:TrackPointExtension>
        </extensions>
      </trkpt>
      <trkpt lat="29.2904504947364330291748046875" lon="117.23948319442570209503173828125">
        <ele>30.6000003814697265625</ele>
        <time>2026-08-19T21:24:48.000Z</time>
        <extensions>
          <ns3:TrackPointExtension>
            <ns3:hr>123</ns3:hr>
            <ns3:cad>92</ns3:cad>
          </ns3:TrackPointExtension>
        </extensions>
      </trkpt>
      <trkpt lat="29.290460050106048583984375" lon="117.2395114414393901824951171875">
        <ele>30.6000003814697265625</ele>
        <time>2026-08-19T21:24:49.000Z</time>
        <extensions>
          <ns3:TrackPointExtension>
            <ns3:hr>123</ns3:hr>
            <ns3:cad>92</ns3:cad>
          </ns3:TrackPointExtension>
        </extensions>
      </trkpt>
      <trkpt lat="29.29046784527599811553955078125" lon="117.23953373730182647705078125">
        <ele>30.6000003814697265625</ele>
        <time>2026-08-19T21:24:50.000Z</time>
        <extensions>
          <ns3:TrackPointExtension>
            <ns3:hr>123</ns3:hr>
            <ns3:cad>92</ns3:cad>
          </ns3:TrackPointExtension>
        </extensions>
      </trkpt>
      <trkpt lat="29.29047538898885250091552734375" lon="117.23956567235291004180908203125">
        <ele>30.6000003814697265625</ele>
        <time>2026-08-19T21:24:51.000Z</time>
        <extensions>
          <ns3:TrackPointExtension>
            <ns3:hr>122</ns3:hr>
            <ns3:cad>91</ns3:cad>
          </ns3:TrackPointExtension>
        </extensions>
      </trkpt>
      <trkpt lat="29.29048561491072177886962890625" lon="117.23958562128245830535888671875">
        <ele>30.6000003814697265625</ele>
        <time>2026-08-19T21:24:52.000Z</time>
        <extensions>
          <ns3:TrackPointExtension>
            <ns3:hr>123</ns3:hr>
            <ns3:cad>91</ns3:cad>
          </ns3:TrackPointExtension>
        </extensions>
      </trkpt>
      <trkpt lat="29.2904908955097198486328125" lon="117.23961579613387584686279296875">
        <ele>30.6000003814697265625</ele>
        <time>2026-08-19T21:24:53.000Z</time>
        <extensions>
          <ns3:TrackPointExtension>
            <ns3:hr>123</ns3:hr>
            <ns3:cad>91</ns3:cad>
          </ns3:TrackPointExtension>
        </extensions>
      </trkpt>
      <trkpt lat="29.29050271399319171905517578125" lon="117.239637337625026702880859375">
        <ele>30.6000003814697265625</ele>
        <time>2026-08-19T21:24:54.000Z</time>
        <extensions>
          <ns3:TrackPointExtension>
            <ns3:hr>123</ns3:hr>
            <ns3:cad>92</ns3:cad>
          </ns3:TrackPointExtension>
        </extensions>
      </trkpt>
      <trkpt lat="29.29050975479185581207275390625" lon="117.239668183028697967529296875">
        <ele>30.3999996185302734375</ele>
        <time>2026-08-19T21:24:55.000Z</time>
        <extensions>
          <ns3:TrackPointExtension>
            <ns3:hr>123</ns3:hr>
            <ns3:cad>92</ns3:cad>
          </ns3:TrackPointExtension>
        </extensions>
      </trkpt>
      <trkpt lat="29.29051947779953479766845703125" lon="117.23969123326241970062255859375">
        <ele>30.3999996185302734375</ele>
        <time>2026-08-19T21:24:56.000Z</time>
        <extensions>
          <ns3:TrackPointExtension>
            <ns3:hr>123</ns3:hr>
            <ns3:cad>92</ns3:cad>
          </ns3:TrackPointExtension>
        </extensions>
      </trkpt>
      <trkpt lat="29.29052350111305713653564453125" lon="117.2397230006754398345947265625">
        <ele>30.6000003814697265625</ele>
        <time>2026-08-19T21:24:57.000Z</time>
        <extensions>
          <ns3:TrackPointExtension>
            <ns3:hr>123</ns3:hr>
            <ns3:cad>94</ns3:cad>
          </ns3:TrackPointExtension>
        </extensions>
      </trkpt>
      <trkpt lat="29.2905356548726558685302734375" lon="117.2397454641759395599365234375">
        <ele>30.3999996185302734375</ele>
        <time>2026-08-19T21:24:58.000Z</time>
        <extensions>
          <ns3:TrackPointExtension>
            <ns3:hr>123</ns3:hr>
            <ns3:cad>93</ns3:cad>
          </ns3:TrackPointExtension>
        </extensions>
      </trkpt>
      <trkpt lat="29.290542863309383392333984375" lon="117.23977421410381793975830078125">
        <ele>30.3999996185302734375</ele>
        <time>2026-08-19T21:24:59.000Z</time>
        <extensions>
          <ns3:TrackPointExtension>
            <ns3:hr>123</ns3:hr>
            <ns3:cad>93</ns3:cad>
          </ns3:TrackPointExtension>
        </extensions>
      </trkpt>
      <trkpt lat="29.2905514128506183624267578125" lon="117.23979734815657138824462890625">
        <ele>30.6000003814697265625</ele>
        <time>2026-08-19T21:25:00.000Z</time>
        <extensions>
          <ns3:TrackPointExtension>
            <ns3:hr>124</ns3:hr>
            <ns3:cad>93</ns3:cad>
          </ns3:TrackPointExtension>
        </extensions>
      </trkpt>
      <trkpt lat="29.2905544303357601165771484375" lon="117.23982668481767177581787109375">
        <ele>30.6000003814697265625</ele>
        <time>2026-08-19T21:25:01.000Z</time>
        <extensions>
          <ns3:TrackPointExtension>
            <ns3:hr>124</ns3:hr>
            <ns3:cad>93</ns3:cad>
          </ns3:TrackPointExtension>
        </extensions>
      </trkpt>
      <trkpt lat="29.29056105203926563262939453125" lon="117.23985417746007442474365234375">
        <ele>30.6000003814697265625</ele>
        <time>2026-08-19T21:25:02.000Z</time>
        <extensions>
          <ns3:TrackPointExtension>
            <ns3:hr>124</ns3:hr>
            <ns3:cad>92</ns3:cad>
          </ns3:TrackPointExtension>
        </extensions>
      </trkpt>
      <trkpt lat="29.29056725464761257171630859375" lon="117.23987496457993984222412109375">
        <ele>30.6000003814697265625</ele>
        <time>2026-08-19T21:25:03.000Z</time>
        <extensions>
          <ns3:TrackPointExtension>
            <ns3:hr>124</ns3:hr>
            <ns3:cad>91</ns3:cad>
          </ns3:TrackPointExtension>
        </extensions>
      </trkpt>
      <trkpt lat="29.29057077504694461822509765625" lon="117.23990446887910366058349609375">
        <ele>30.6000003814697265625</ele>
        <time>2026-08-19T21:25:04.000Z</time>
        <extensions>
          <ns3:TrackPointExtension>
            <ns3:hr>125</ns3:hr>
            <ns3:cad>91</ns3:cad>
          </ns3:TrackPointExtension>
        </extensions>
      </trkpt>
      <trkpt lat="29.29057815112173557281494140625" lon="117.2399281896650791168212890625">
        <ele>30.6000003814697265625</ele>
        <time>2026-08-19T21:25:05.000Z</time>
        <extensions>
          <ns3:TrackPointExtension>
            <ns3:hr>125</ns3:hr>
            <ns3:cad>91</ns3:cad>
          </ns3:TrackPointExtension>
        </extensions>
      </trkpt>
      <trkpt lat="29.2905825935304164886474609375" lon="117.2399608790874481201171875">
        <ele>30.3999996185302734375</ele>
        <time>2026-08-19T21:25:06.000Z</time>
        <extensions>
          <ns3:TrackPointExtension>
            <ns3:hr>125</ns3:hr>
            <ns3:cad>91</ns3:cad>
          </ns3:TrackPointExtension>
        </extensions>
      </trkpt>
      <trkpt lat="29.29059022106230258941650390625" lon="117.23998258821666240692138671875">
        <ele>30.3999996185302734375</ele>
        <time>2026-08-19T21:25:07.000Z</time>
        <extensions>
          <ns3:TrackPointExtension>
            <ns3:hr>124</ns3:hr>
            <ns3:cad>91</ns3:cad>
          </ns3:TrackPointExtension>
        </extensions>
      </trkpt>
      <trkpt lat="29.2905956692993640899658203125" lon="117.240014187991619110107421875">
        <ele>30.3999996185302734375</ele>
        <time>2026-08-19T21:25:08.000Z</time>
        <extensions>
          <ns3:TrackPointExtension>
            <ns3:hr>125</ns3:hr>
            <ns3:cad>91</ns3:cad>
          </ns3:TrackPointExtension>
        </extensions>
      </trkpt>
      <trkpt lat="29.2906043864786624908447265625" lon="117.2400359809398651123046875">
        <ele>30.3999996185302734375</ele>
        <time>2026-08-19T21:25:09.000Z</time>
        <extensions>
          <ns3:TrackPointExtension>
            <ns3:hr>126</ns3:hr>
            <ns3:cad>91</ns3:cad>
          </ns3:TrackPointExtension>
        </extensions>
      </trkpt>
      <trkpt lat="29.290607236325740814208984375" lon="117.2400747053325176239013671875">
        <ele>30.3999996185302734375</ele>
        <time>2026-08-19T21:25:10.000Z</time>
        <extensions>
          <ns3:TrackPointExtension>
            <ns3:hr>126</ns3:hr>
            <ns3:cad>92</ns3:cad>
          </ns3:TrackPointExtension>
        </extensions>
      </trkpt>
      <trkpt lat="29.29061469621956348419189453125" lon="117.2401015274226665496826171875">
        <ele>30.3999996185302734375</ele>
        <time>2026-08-19T21:25:11.000Z</time>
        <extensions>
          <ns3:TrackPointExtension>
            <ns3:hr>126</ns3:hr>
            <ns3:cad>92</ns3:cad>
          </ns3:TrackPointExtension>
        </extensions>
      </trkpt>
      <trkpt lat="29.2906198091804981231689453125" lon="117.24012994207441806793212890625">
        <ele>30.3999996185302734375</ele>
        <time>2026-08-19T21:25:12.000Z</time>
        <extensions>
          <ns3:TrackPointExtension>
            <ns3:hr>126</ns3:hr>
            <ns3:cad>92</ns3:cad>
          </ns3:TrackPointExtension>
        </extensions>
      </trkpt>
      <trkpt lat="29.2906305380165576934814453125" lon="117.2401555068790912628173828125">
        <ele>30.3999996185302734375</ele>
        <time>2026-08-19T21:25:13.000Z</time>
        <extensions>
          <ns3:TrackPointExtension>
            <ns3:hr>126</ns3:hr>
            <ns3:cad>92</ns3:cad>
          </ns3:TrackPointExtension>
        </extensions>
      </trkpt>
      <trkpt lat="29.29063246585428714752197265625" lon="117.2401836700737476348876953125">
        <ele>30.3999996185302734375</ele>
        <time>2026-08-19T21:25:14.000Z</time>
        <extensions>
          <ns3:TrackPointExtension>
            <ns3:hr>126</ns3:hr>
            <ns3:cad>91</ns3:cad>
          </ns3:TrackPointExtension>
        </extensions>
      </trkpt>
      <trkpt lat="29.29063715972006320953369140625" lon="117.24020990543067455291748046875">
        <ele>30.3999996185302734375</ele>
        <time>2026-08-19T21:25:15.000Z</time>
        <extensions>
          <ns3:TrackPointExtension>
            <ns3:hr>126</ns3:hr>
            <ns3:cad>90</ns3:cad>
          </ns3:TrackPointExtension>
        </extensions>
      </trkpt>
      <trkpt lat="29.2906405963003635406494140625" lon="117.2402349673211574554443359375">
        <ele>30.200000762939453125</ele>
        <time>2026-08-19T21:25:16.000Z</time>
        <extensions>
          <ns3:TrackPointExtension>
            <ns3:hr>126</ns3:hr>
            <ns3:cad>90</ns3:cad>
          </ns3:TrackPointExtension>
        </extensions>
      </trkpt>
      <trkpt lat="29.29064420051872730255126953125" lon="117.2402611188590526580810546875">
        <ele>30.200000762939453125</ele>
        <time>2026-08-19T21:25:17.000Z</time>
        <extensions>
          <ns3:TrackPointExtension>
            <ns3:hr>125</ns3:hr>
            <ns3:cad>90</ns3:cad>
          </ns3:TrackPointExtension>
        </extensions>
      </trkpt>
      <trkpt lat="29.290646798908710479736328125" lon="117.2402852587401866912841796875">
        <ele>30.200000762939453125</ele>
        <time>2026-08-19T21:25:18.000Z</time>
        <extensions>
          <ns3:TrackPointExtension>
            <ns3:hr>126</ns3:hr>
            <ns3:cad>93</ns3:cad>
          </ns3:TrackPointExtension>
        </extensions>
      </trkpt>
      <trkpt lat="29.2906486429274082183837890625" lon="117.24031627178192138671875">
        <ele>30.3999996185302734375</ele>
        <time>2026-08-19T21:25:19.000Z</time>
        <extensions>
          <ns3:TrackPointExtension>
            <ns3:hr>126</ns3:hr>
            <ns3:cad>93</ns3:cad>
          </ns3:TrackPointExtension>
        </extensions>
      </trkpt>
      <trkpt lat="29.290656186640262603759765625" lon="117.2403409145772457122802734375">
        <ele>30.3999996185302734375</ele>
        <time>2026-08-19T21:25:20.000Z</time>
        <extensions>
          <ns3:TrackPointExtension>
            <ns3:hr>126</ns3:hr>
            <ns3:cad>93</ns3:cad>
          </ns3:TrackPointExtension>
        </extensions>
      </trkpt>
      <trkpt lat="29.29065861739218235015869140625" lon="117.240372598171234130859375">
        <ele>30.3999996185302734375</ele>
        <time>2026-08-19T21:25:21.000Z</time>
        <extensions>
          <ns3:TrackPointExtension>
            <ns3:hr>126</ns3:hr>
            <ns3:cad>93</ns3:cad>
          </ns3:TrackPointExtension>
        </extensions>
      </trkpt>
      <trkpt lat="29.29066683165729045867919921875" lon="117.2403958998620510101318359375">
        <ele>30.200000762939453125</ele>
        <time>2026-08-19T21:25:22.000Z</time>
        <extensions>
          <ns3:TrackPointExtension>
            <ns3:hr>126</ns3:hr>
            <ns3:cad>92</ns3:cad>
          </ns3:TrackPointExtension>
        </extensions>
      </trkpt>
      <trkpt lat="29.29067068733274936676025390625" lon="117.240427918732166290283203125">
        <ele>30.200000762939453125</ele>
        <time>2026-08-19T21:25:23.000Z</time>
        <extensions>
          <ns3:TrackPointExtension>
            <ns3:hr>126</ns3:hr>
            <ns3:cad>92</ns3:cad>
          </ns3:TrackPointExtension>
        </extensions>
      </trkpt>
      <trkpt lat="29.2906758002936840057373046875" lon="117.2404515556991100311279296875">
        <ele>30</ele>
        <time>2026-08-19T21:25:24.000Z</time>
        <extensions>
          <ns3:TrackPointExtension>
            <ns3:hr>126</ns3:hr>
            <ns3:cad>92</ns3:cad>
          </ns3:TrackPointExtension>
        </extensions>
      </trkpt>
      <trkpt lat="29.29067705757915973663330078125" lon="117.24048282019793987274169921875">
        <ele>30</ele>
        <time>2026-08-19T21:25:25.000Z</time>
        <extensions>
          <ns3:TrackPointExtension>
            <ns3:hr>125</ns3:hr>
            <ns3:cad>92</ns3:cad>
          </ns3:TrackPointExtension>
        </extensions>
      </trkpt>
      <trkpt lat="29.2906828410923480987548828125" lon="117.24050461314618587493896484375">
        <ele>30</ele>
        <time>2026-08-19T21:25:26.000Z</time>
        <extensions>
          <ns3:TrackPointExtension>
            <ns3:hr>126</ns3:hr>
            <ns3:cad>91</ns3:cad>
          </ns3:TrackPointExtension>
        </extensions>
      </trkpt>
      <trkpt lat="29.29068292491137981414794921875" lon="117.2405370511114597320556640625">
        <ele>30</ele>
        <time>2026-08-19T21:25:27.000Z</time>
        <extensions>
          <ns3:TrackPointExtension>
            <ns3:hr>126</ns3:hr>
            <ns3:cad>91</ns3:cad>
          </ns3:TrackPointExtension>
        </extensions>
      </trkpt>
      <trkpt lat="29.2906893789768218994140625" lon="117.24055909551680088043212890625">
        <ele>30</ele>
        <time>2026-08-19T21:25:28.000Z</time>
        <extensions>
          <ns3:TrackPointExtension>
            <ns3:hr>126</ns3:hr>
            <ns3:cad>91</ns3:cad>
          </ns3:TrackPointExtension>
        </extensions>
      </trkpt>
      <trkpt lat="29.290688373148441314697265625" lon="117.24059044383466243743896484375">
        <ele>30</ele>
        <time>2026-08-19T21:25:29.000Z</time>
        <extensions>
          <ns3:TrackPointExtension>
            <ns3:hr>126</ns3:hr>
            <ns3:cad>93</ns3:cad>
          </ns3:TrackPointExtension>
        </extensions>
      </trkpt>
      <trkpt lat="29.29069407284259796142578125" lon="117.24061508662998676300048828125">
        <ele>30</ele>
        <time>2026-08-19T21:25:30.000Z</time>
        <extensions>
          <ns3:TrackPointExtension>
            <ns3:hr>126</ns3:hr>
            <ns3:cad>92</ns3:cad>
          </ns3:TrackPointExtension>
        </extensions>
      </trkpt>
      <trkpt lat="29.2906922288239002227783203125" lon="117.24064350128173828125">
        <ele>30</ele>
        <time>2026-08-19T21:25:31.000Z</time>
        <extensions>
          <ns3:TrackPointExtension>
            <ns3:hr>126</ns3:hr>
            <ns3:cad>92</ns3:cad>
          </ns3:TrackPointExtension>
        </extensions>
      </trkpt>
      <trkpt lat="29.29069750942289829254150390625" lon="117.24066697061061859130859375">
        <ele>30</ele>
        <time>2026-08-19T21:25:32.000Z</time>
        <extensions>
          <ns3:TrackPointExtension>
            <ns3:hr>126</ns3:hr>
            <ns3:cad>92</ns3:cad>
          </ns3:TrackPointExtension>
        </extensions>
      </trkpt>
      <trkpt lat="29.290699101984500885009765625" lon="117.24069471471011638641357421875">
        <ele>30</ele>
        <time>2026-08-19T21:25:33.000Z</time>
        <extensions>
          <ns3:TrackPointExtension>
            <ns3:hr>126</ns3:hr>
            <ns3:cad>92</ns3:cad>
          </ns3:TrackPointExtension>
        </extensions>
      </trkpt>
      <trkpt lat="29.2907016165554523468017578125" lon="117.24072396755218505859375">
        <ele>30</ele>
        <time>2026-08-19T21:25:34.000Z</time>
        <extensions>
          <ns3:TrackPointExtension>
            <ns3:hr>126</ns3:hr>
            <ns3:cad>92</ns3:cad>
          </ns3:TrackPointExtension>
        </extensions>
      </trkpt>
      <trkpt lat="29.2907042987644672393798828125" lon="117.24075146019458770751953125">
        <ele>30</ele>
        <time>2026-08-19T21:25:35.000Z</time>
        <extensions>
          <ns3:TrackPointExtension>
            <ns3:hr>126</ns3:hr>
            <ns3:cad>93</ns3:cad>
          </ns3:TrackPointExtension>
        </extensions>
      </trkpt>
      <trkpt lat="29.2907063104212284088134765625" lon="117.24078238941729068756103515625">
        <ele>30</ele>
        <time>2026-08-19T21:25:36.000Z</time>
        <extensions>
          <ns3:TrackPointExtension>
            <ns3:hr>126</ns3:hr>
            <ns3:cad>93</ns3:cad>
          </ns3:TrackPointExtension>
        </extensions>
      </trkpt>
      <trkpt lat="29.29070840589702129364013671875" lon="117.240811474621295928955078125">
        <ele>30.200000762939453125</ele>
        <time>2026-08-19T21:25:37.000Z</time>
        <extensions>
          <ns3:TrackPointExtension>
            <ns3:hr>126</ns3:hr>
            <ns3:cad>93</ns3:cad>
          </ns3:TrackPointExtension>
        </extensions>
      </trkpt>
      <trkpt lat="29.2907081544399261474609375" lon="117.24084198474884033203125">
        <ele>30.200000762939453125</ele>
        <time>2026-08-19T21:25:38.000Z</time>
        <extensions>
          <ns3:TrackPointExtension>
            <ns3:hr>126</ns3:hr>
            <ns3:cad>92</ns3:cad>
          </ns3:TrackPointExtension>
        </extensions>
      </trkpt>
      <trkpt lat="29.29071008227765560150146484375" lon="117.2408674657344818115234375">
        <ele>30.200000762939453125</ele>
        <time>2026-08-19T21:25:39.000Z</time>
        <extensions>
          <ns3:TrackPointExtension>
            <ns3:hr>126</ns3:hr>
            <ns3:cad>92</ns3:cad>
          </ns3:TrackPointExtension>
        </extensions>
      </trkpt>
      <trkpt lat="29.290709160268306732177734375" lon="117.2408981435000896453857421875">
        <ele>30.200000762939453125</ele>
        <time>2026-08-19T21:25:40.000Z</time>
        <extensions>
          <ns3:TrackPointExtension>
            <ns3:hr>126</ns3:hr>
            <ns3:cad>91</ns3:cad>
          </ns3:TrackPointExtension>
        </extensions>
      </trkpt>
      <trkpt lat="29.29071762599050998687744140625" lon="117.24091717042028903961181640625">
        <ele>30.200000762939453125</ele>
        <time>2026-08-19T21:25:41.000Z</time>
        <extensions>
          <ns3:TrackPointExtension>
            <ns3:hr>125</ns3:hr>
            <ns3:cad>91</ns3:cad>
          </ns3:TrackPointExtension>
        </extensions>
      </trkpt>
      <trkpt lat="29.2907187156379222869873046875" lon="117.24095254205167293548583984375">
        <ele>30.200000762939453125</ele>
        <time>2026-08-19T21:25:42.000Z</time>
        <extensions>
          <ns3:TrackPointExtension>
            <ns3:hr>126</ns3:hr>
            <ns3:cad>91</ns3:cad>
          </ns3:TrackPointExtension>
        </extensions>
      </trkpt>
      <trkpt lat="29.29072089493274688720703125" lon="117.24097768776118755340576171875">
        <ele>30</ele>
        <time>2026-08-19T21:25:43.000Z</time>
        <extensions>
          <ns3:TrackPointExtension>
            <ns3:hr>126</ns3:hr>
            <ns3:cad>91</ns3:cad>
          </ns3:TrackPointExtension>
        </extensions>
      </trkpt>
      <trkpt lat="29.29071695543825626373291015625" lon="117.241009958088397979736328125">
        <ele>30</ele>
        <time>2026-08-19T21:25:44.000Z</time>
        <extensions>
          <ns3:TrackPointExtension>
            <ns3:hr>125</ns3:hr>
            <ns3:cad>91</ns3:cad>
          </ns3:TrackPointExtension>
        </extensions>
      </trkpt>
      <trkpt lat="29.290719218552112579345703125" lon="117.2410379536449909210205078125">
        <ele>29.799999237060546875</ele>
        <time>2026-08-19T21:25:45.000Z</time>
        <extensions>
          <ns3:TrackPointExtension>
            <ns3:hr>125</ns3:hr>
            <ns3:cad>91</ns3:cad>
          </ns3:TrackPointExtension>
        </extensions>
      </trkpt>
      <trkpt lat="29.29071745835244655609130859375" lon="117.24107265472412109375">
        <ele>29.799999237060546875</ele>
        <time>2026-08-19T21:25:46.000Z</time>
        <extensions>
          <ns3:TrackPointExtension>
            <ns3:hr>124</ns3:hr>
            <ns3:cad>91</ns3:cad>
          </ns3:TrackPointExtension>
        </extensions>
      </trkpt>
      <trkpt lat="29.290725253522396087646484375" lon="117.2410956211388111114501953125">
        <ele>29.799999237060546875</ele>
        <time>2026-08-19T21:25:47.000Z</time>
        <extensions>
          <ns3:TrackPointExtension>
            <ns3:hr>124</ns3:hr>
            <ns3:cad>91</ns3:cad>
          </ns3:TrackPointExtension>
        </extensions>
      </trkpt>
      <trkpt lat="29.29072366096079349517822265625" lon="117.241126634180545806884765625">
        <ele>29.799999237060546875</ele>
        <time>2026-08-19T21:25:48.000Z</time>
        <extensions>
          <ns3:TrackPointExtension>
            <ns3:hr>124</ns3:hr>
            <ns3:cad>93</ns3:cad>
          </ns3:TrackPointExtension>
        </extensions>
      </trkpt>
      <trkpt lat="29.2907260917127132415771484375" lon="117.24115379154682159423828125">
        <ele>29.799999237060546875</ele>
        <time>2026-08-19T21:25:49.000Z</time>
        <extensions>
          <ns3:TrackPointExtension>
            <ns3:hr>124</ns3:hr>
            <ns3:cad>93</ns3:cad>
          </ns3:TrackPointExtension>
        </extensions>
      </trkpt>
      <trkpt lat="29.29072357714176177978515625" lon="117.241182290017604827880859375">
        <ele>29.799999237060546875</ele>
        <time>2026-08-19T21:25:50.000Z</time>
        <extensions>
          <ns3:TrackPointExtension>
            <ns3:hr>124</ns3:hr>
            <ns3:cad>93</ns3:cad>
          </ns3:TrackPointExtension>
        </extensions>
      </trkpt>
      <trkpt lat="29.29072785191237926483154296875" lon="117.24120684899389743804931640625">
        <ele>30</ele>
        <time>2026-08-19T21:25:51.000Z</time>
        <extensions>
          <ns3:TrackPointExtension>
            <ns3:hr>124</ns3:hr>
            <ns3:cad>92</ns3:cad>
          </ns3:TrackPointExtension>
        </extensions>
      </trkpt>
      <trkpt lat="29.2907240800559520721435546875" lon="117.24123232997953891754150390625">
        <ele>30</ele>
        <time>2026-08-19T21:25:52.000Z</time>
        <extensions>
          <ns3:TrackPointExtension>
            <ns3:hr>123</ns3:hr>
            <ns3:cad>92</ns3:cad>
          </ns3:TrackPointExtension>
        </extensions>
      </trkpt>
      <trkpt lat="29.2907269299030303955078125" lon="117.241262756288051605224609375">
        <ele>30</ele>
        <time>2026-08-19T21:25:53.000Z</time>
        <extensions>
          <ns3:TrackPointExtension>
            <ns3:hr>123</ns3:hr>
            <ns3:cad>92</ns3:cad>
          </ns3:TrackPointExtension>
        </extensions>
      </trkpt>
      <trkpt lat="29.29072416387498378753662109375" lon="117.2412853874266147613525390625">
        <ele>30</ele>
        <time>2026-08-19T21:25:54.000Z</time>
        <extensions>
          <ns3:TrackPointExtension>
            <ns3:hr>123</ns3:hr>
            <ns3:cad>92</ns3:cad>
          </ns3:TrackPointExtension>
        </extensions>
      </trkpt>
      <trkpt lat="29.29072181694209575653076171875" lon="117.241315059363842010498046875">
        <ele>30</ele>
        <time>2026-08-19T21:25:55.000Z</time>
        <extensions>
          <ns3:TrackPointExtension>
            <ns3:hr>124</ns3:hr>
            <ns3:cad>91</ns3:cad>
          </ns3:TrackPointExtension>
        </extensions>
      </trkpt>
      <trkpt lat="29.29072064347565174102783203125" lon="117.24133576266467571258544921875">
        <ele>30</ele>
        <time>2026-08-19T21:25:56.000Z</time>
        <extensions>
          <ns3:TrackPointExtension>
            <ns3:hr>124</ns3:hr>
            <ns3:cad>92</ns3:cad>
          </ns3:TrackPointExtension>
        </extensions>
      </trkpt>
      <trkpt lat="29.290717206895351409912109375" lon="117.241365015506744384765625">
        <ele>30</ele>
        <time>2026-08-19T21:25:57.000Z</time>
        <extensions>
          <ns3:TrackPointExtension>
            <ns3:hr>124</ns3:hr>
            <ns3:cad>92</ns3:cad>
          </ns3:TrackPointExtension>
        </extensions>
      </trkpt>
      <trkpt lat="29.2907187156379222869873046875" lon="117.2413886524736881256103515625">
        <ele>30</ele>
        <time>2026-08-19T21:25:58.000Z</time>
        <extensions>
          <ns3:TrackPointExtension>
            <ns3:hr>124</ns3:hr>
            <ns3:cad>92</ns3:cad>
          </ns3:TrackPointExtension>
        </extensions>
      </trkpt>
      <trkpt lat="29.29071645252406597137451171875" lon="117.24142025224864482879638671875">
        <ele>30</ele>
        <time>2026-08-19T21:25:59.000Z</time>
        <extensions>
          <ns3:TrackPointExtension>
            <ns3:hr>124</ns3:hr>
            <ns3:cad>92</ns3:cad>
          </ns3:TrackPointExtension>
        </extensions>
      </trkpt>
      <trkpt lat="29.29071527905762195587158203125" lon="117.24144439212977886199951171875">
        <ele>30</ele>
        <time>2026-08-19T21:26:00.000Z</time>
        <extensions>
          <ns3:TrackPointExtension>
            <ns3:hr>123</ns3:hr>
            <ns3:cad>93</ns3:cad>
          </ns3:TrackPointExtension>
        </extensions>
      </trkpt>
      <trkpt lat="29.2907103337347507476806640625" lon="117.2414808534085750579833984375">
        <ele>30</ele>
        <time>2026-08-19T21:26:01.000Z</time>
        <extensions>
          <ns3:TrackPointExtension>
            <ns3:hr>124</ns3:hr>
            <ns3:cad>93</ns3:cad>
          </ns3:TrackPointExtension>
        </extensions>
      </trkpt>
      <trkpt lat="29.290708489716053009033203125" lon="117.2415046580135822296142578125">
        <ele>30</ele>
        <time>2026-08-19T21:26:02.000Z</time>
        <extensions>
          <ns3:TrackPointExtension>
            <ns3:hr>124</ns3:hr>
            <ns3:cad>93</ns3:cad>
          </ns3:TrackPointExtension>
        </extensions>
      </trkpt>
      <trkpt lat="29.29070455022156238555908203125" lon="117.24153977818787097930908203125">
        <ele>30</ele>
        <time>2026-08-19T21:26:03.000Z</time>
        <extensions>
          <ns3:TrackPointExtension>
            <ns3:hr>124</ns3:hr>
            <ns3:cad>92</ns3:cad>
          </ns3:TrackPointExtension>
        </extensions>
      </trkpt>
      <trkpt lat="29.29070614278316497802734375" lon="117.24156660027801990509033203125">
        <ele>30</ele>
        <time>2026-08-19T21:26:04.000Z</time>
        <extensions>
          <ns3:TrackPointExtension>
            <ns3:hr>124</ns3:hr>
            <ns3:cad>92</ns3:cad>
          </ns3:TrackPointExtension>
        </extensions>
      </trkpt>
      <trkpt lat="29.2907006107270717620849609375" lon="117.2416025586426258087158203125">
        <ele>29.799999237060546875</ele>
        <time>2026-08-19T21:26:05.000Z</time>
        <extensions>
          <ns3:TrackPointExtension>
            <ns3:hr>125</ns3:hr>
            <ns3:cad>92</ns3:cad>
          </ns3:TrackPointExtension>
        </extensions>
      </trkpt>
      <trkpt lat="29.29070287384092807769775390625" lon="117.24162586033344268798828125">
        <ele>29.799999237060546875</ele>
        <time>2026-08-19T21:26:06.000Z</time>
        <extensions>
          <ns3:TrackPointExtension>
            <ns3:hr>124</ns3:hr>
            <ns3:cad>92</ns3:cad>
          </ns3:TrackPointExtension>
        </extensions>
      </trkpt>
      <trkpt lat="29.29069675505161285400390625" lon="117.241653688251972198486328125">
        <ele>29.799999237060546875</ele>
        <time>2026-08-19T21:26:07.000Z</time>
        <extensions>
          <ns3:TrackPointExtension>
            <ns3:hr>124</ns3:hr>
            <ns3:cad>92</ns3:cad>
          </ns3:TrackPointExtension>
        </extensions>
      </trkpt>
      <trkpt lat="29.29069717414677143096923828125" lon="117.24167791195213794708251953125">
        <ele>29.799999237060546875</ele>
        <time>2026-08-19T21:26:08.000Z</time>
        <extensions>
          <ns3:TrackPointExtension>
            <ns3:hr>124</ns3:hr>
            <ns3:cad>92</ns3:cad>
          </ns3:TrackPointExtension>
        </extensions>
      </trkpt>
      <trkpt lat="29.29068912751972675323486328125" lon="117.24170724861323833465576171875">
        <ele>29.799999237060546875</ele>
        <time>2026-08-19T21:26:09.000Z</time>
        <extensions>
          <ns3:TrackPointExtension>
            <ns3:hr>125</ns3:hr>
            <ns3:cad>92</ns3:cad>
          </ns3:TrackPointExtension>
        </extensions>
      </trkpt>
      <trkpt lat="29.2906866967678070068359375" lon="117.2417339868843555450439453125">
        <ele>29.799999237060546875</ele>
        <time>2026-08-19T21:26:10.000Z</time>
        <extensions>
          <ns3:TrackPointExtension>
            <ns3:hr>124</ns3:hr>
            <ns3:cad>92</ns3:cad>
          </ns3:TrackPointExtension>
        </extensions>
      </trkpt>
      <trkpt lat="29.29067756049335002899169921875" lon="117.2417614795267581939697265625">
        <ele>29.799999237060546875</ele>
        <time>2026-08-19T21:26:11.000Z</time>
        <extensions>
          <ns3:TrackPointExtension>
            <ns3:hr>124</ns3:hr>
            <ns3:cad>92</ns3:cad>
          </ns3:TrackPointExtension>
        </extensions>
      </trkpt>
      <trkpt lat="29.2906771413981914520263671875" lon="117.2417862899601459503173828125">
        <ele>29.799999237060546875</ele>
        <time>2026-08-19T21:26:12.000Z</time>
        <extensions>
          <ns3:TrackPointExtension>
            <ns3:hr>124</ns3:hr>
            <ns3:cad>92</ns3:cad>
          </ns3:TrackPointExtension>
        </extensions>
      </trkpt>
      <trkpt lat="29.29066993296146392822265625" lon="117.241815961897373199462890625">
        <ele>29.799999237060546875</ele>
        <time>2026-08-19T21:26:13.000Z</time>
        <extensions>
          <ns3:TrackPointExtension>
            <ns3:hr>123</ns3:hr>
            <ns3:cad>92</ns3:cad>
          </ns3:TrackPointExtension>
        </extensions>
      </trkpt>
      <trkpt lat="29.29066984914243221282958984375" lon="117.24184353835880756378173828125">
        <ele>29.799999237060546875</ele>
        <time>2026-08-19T21:26:14.000Z</time>
        <extensions>
          <ns3:TrackPointExtension>
            <ns3:hr>123</ns3:hr>
            <ns3:cad>92</ns3:cad>
          </ns3:TrackPointExtension>
        </extensions>
      </trkpt>
      <trkpt lat="29.290665574371814727783203125" lon="117.24186935462057590484619140625">
        <ele>29.799999237060546875</ele>
        <time>2026-08-19T21:26:15.000Z</time>
        <extensions>
          <ns3:TrackPointExtension>
            <ns3:hr>122</ns3:hr>
            <ns3:cad>92</ns3:cad>
          </ns3:TrackPointExtension>
        </extensions>
      </trkpt>
      <trkpt lat="29.2906613834202289581298828125" lon="117.241899110376834869384765625">
        <ele>30</ele>
        <time>2026-08-19T21:26:16.000Z</time>
        <extensions>
          <ns3:TrackPointExtension>
            <ns3:hr>122</ns3:hr>
            <ns3:cad>92</ns3:cad>
          </ns3:TrackPointExtension>
        </extensions>
      </trkpt>
      <trkpt lat="29.29065895266830921173095703125" lon="117.2419234178960323333740234375">
        <ele>30</ele>
        <time>2026-08-19T21:26:17.000Z</time>
        <extensions>
          <ns3:TrackPointExtension>
            <ns3:hr>122</ns3:hr>
            <ns3:cad>92</ns3:cad>
          </ns3:TrackPointExtension>
        </extensions>
      </trkpt>
      <trkpt lat="29.2906540073454380035400390625" lon="117.24195443093776702880859375">
        <ele>30</ele>
        <time>2026-08-19T21:26:18.000Z</time>
        <extensions>
          <ns3:TrackPointExtension>
            <ns3:hr>122</ns3:hr>
            <ns3:cad>92</ns3:cad>
          </ns3:TrackPointExtension>
        </extensions>
      </trkpt>
      <trkpt lat="29.29064956493675708770751953125" lon="117.2419763915240764617919921875">
        <ele>30</ele>
        <time>2026-08-19T21:26:19.000Z</time>
        <extensions>
          <ns3:TrackPointExtension>
            <ns3:hr>122</ns3:hr>
            <ns3:cad>90</ns3:cad>
          </ns3:TrackPointExtension>
        </extensions>
      </trkpt>
      <trkpt lat="29.2906422726809978485107421875" lon="117.24200950004160404205322265625">
        <ele>30</ele>
        <time>2026-08-19T21:26:20.000Z</time>
        <extensions>
          <ns3:TrackPointExtension>
            <ns3:hr>121</ns3:hr>
            <ns3:cad>90</ns3:cad>
          </ns3:TrackPointExtension>
        </extensions>
      </trkpt>
      <trkpt lat="29.29063598625361919403076171875" lon="117.2420307062566280364990234375">
        <ele>29.799999237060546875</ele>
        <time>2026-08-19T21:26:21.000Z</time>
        <extensions>
          <ns3:TrackPointExtension>
            <ns3:hr>121</ns3:hr>
            <ns3:cad>90</ns3:cad>
          </ns3:TrackPointExtension>
        </extensions>
      </trkpt>
      <trkpt lat="29.290629364550113677978515625" lon="117.24206113256514072418212890625">
        <ele>30</ele>
        <time>2026-08-19T21:26:22.000Z</time>
        <extensions>
          <ns3:TrackPointExtension>
            <ns3:hr>121</ns3:hr>
            <ns3:cad>90</ns3:cad>
          </ns3:TrackPointExtension>
        </extensions>
      </trkpt>
      <trkpt lat="29.29062475450336933135986328125" lon="117.24208259023725986480712890625">
        <ele>30</ele>
        <time>2026-08-19T21:26:23.000Z</time>
        <extensions>
          <ns3:TrackPointExtension>
            <ns3:hr>121</ns3:hr>
            <ns3:cad>91</ns3:cad>
          </ns3:TrackPointExtension>
        </extensions>
      </trkpt>
      <trkpt lat="29.29061771370470523834228515625" lon="117.24211175926029682159423828125">
        <ele>29.799999237060546875</ele>
        <time>2026-08-19T21:26:24.000Z</time>
        <extensions>
          <ns3:TrackPointExtension>
            <ns3:hr>121</ns3:hr>
            <ns3:cad>91</ns3:cad>
          </ns3:TrackPointExtension>
        </extensions>
      </trkpt>
      <trkpt lat="29.2906191386282444000244140625" lon="117.2421339713037014007568359375">
        <ele>29.799999237060546875</ele>
        <time>2026-08-19T21:26:25.000Z</time>
        <extensions>
          <ns3:TrackPointExtension>
            <ns3:hr>121</ns3:hr>
            <ns3:cad>91</ns3:cad>
          </ns3:TrackPointExtension>
        </extensions>
      </trkpt>
      <trkpt lat="29.2906147800385951995849609375" lon="117.2421628050506114959716796875">
        <ele>29.799999237060546875</ele>
        <time>2026-08-19T21:26:26.000Z</time>
        <extensions>
          <ns3:TrackPointExtension>
            <ns3:hr>121</ns3:hr>
            <ns3:cad>91</ns3:cad>
          </ns3:TrackPointExtension>
        </extensions>
      </trkpt>
      <trkpt lat="29.2906131036579608917236328125" lon="117.24218233488500118255615234375">
        <ele>29.799999237060546875</ele>
        <time>2026-08-19T21:26:27.000Z</time>
        <extensions>
          <ns3:TrackPointExtension>
            <ns3:hr>121</ns3:hr>
            <ns3:cad>91</ns3:cad>
          </ns3:TrackPointExtension>
        </extensions>
      </trkpt>
      <trkpt lat="29.290604889392852783203125" lon="117.2422139346599578857421875">
        <ele>29.799999237060546875</ele>
        <time>2026-08-19T21:26:28.000Z</time>
        <extensions>
          <ns3:TrackPointExtension>
            <ns3:hr>121</ns3:hr>
            <ns3:cad>91</ns3:cad>
          </ns3:TrackPointExtension>
        </extensions>
      </trkpt>
      <trkpt lat="29.29060212336480617523193359375" lon="117.24223698489367961883544921875">
        <ele>30</ele>
        <time>2026-08-19T21:26:29.000Z</time>
        <extensions>
          <ns3:TrackPointExtension>
            <ns3:hr>121</ns3:hr>
            <ns3:cad>91</ns3:cad>
          </ns3:TrackPointExtension>
        </extensions>
      </trkpt>
      <trkpt lat="29.29059240035712718963623046875" lon="117.24226984195411205291748046875">
        <ele>30</ele>
        <time>2026-08-19T21:26:30.000Z</time>
        <extensions>
          <ns3:TrackPointExtension>
            <ns3:hr>121</ns3:hr>
            <ns3:cad>91</ns3:cad>
          </ns3:TrackPointExtension>
        </extensions>
      </trkpt>
      <trkpt lat="29.290594495832920074462890625" lon="117.24229096435010433197021484375">
        <ele>30</ele>
        <time>2026-08-19T21:26:31.000Z</time>
        <extensions>
          <ns3:TrackPointExtension>
            <ns3:hr>121</ns3:hr>
            <ns3:cad>90</ns3:cad>
          </ns3:TrackPointExtension>
        </extensions>
      </trkpt>
      <trkpt lat="29.29058552719652652740478515625" lon="117.24232231266796588897705078125">
        <ele>30</ele>
        <time>2026-08-19T21:26:32.000Z</time>
        <extensions>
          <ns3:TrackPointExtension>
            <ns3:hr>121</ns3:hr>
            <ns3:cad>91</ns3:cad>
          </ns3:TrackPointExtension>
        </extensions>
      </trkpt>
      <trkpt lat="29.290587790310382843017578125" lon="117.2423435188829898834228515625">
        <ele>29.799999237060546875</ele>
        <time>2026-08-19T21:26:33.000Z</time>
        <extensions>
          <ns3:TrackPointExtension>
            <ns3:hr>121</ns3:hr>
            <ns3:cad>91</ns3:cad>
          </ns3:TrackPointExtension>
        </extensions>
      </trkpt>
      <trkpt lat="29.29057965986430644989013671875" lon="117.2423750348389148712158203125">
        <ele>29.799999237060546875</ele>
        <time>2026-08-19T21:26:34.000Z</time>
        <extensions>
          <ns3:TrackPointExtension>
            <ns3:hr>121</ns3:hr>
            <ns3:cad>91</ns3:cad>
          </ns3:TrackPointExtension>
        </extensions>
      </trkpt>
      <trkpt lat="29.290582425892353057861328125" lon="117.24239875562489032745361328125">
        <ele>30</ele>
        <time>2026-08-19T21:26:35.000Z</time>
        <extensions>
          <ns3:TrackPointExtension>
            <ns3:hr>121</ns3:hr>
            <ns3:cad>92</ns3:cad>
          </ns3:TrackPointExtension>
        </extensions>
      </trkpt>
      <trkpt lat="29.2905765585601329803466796875" lon="117.24242792464792728424072265625">
        <ele>30</ele>
        <time>2026-08-19T21:26:36.000Z</time>
        <extensions>
          <ns3:TrackPointExtension>
            <ns3:hr>121</ns3:hr>
            <ns3:cad>92</ns3:cad>
          </ns3:TrackPointExtension>
        </extensions>
      </trkpt>
      <trkpt lat="29.2905738763511180877685546875" lon="117.242453657090663909912109375">
        <ele>30</ele>
        <time>2026-08-19T21:26:37.000Z</time>
        <extensions>
          <ns3:TrackPointExtension>
            <ns3:hr>121</ns3:hr>
            <ns3:cad>93</ns3:cad>
          </ns3:TrackPointExtension>
        </extensions>
      </trkpt>
      <trkpt lat="29.290564320981502532958984375" lon="117.24247938953340053558349609375">
        <ele>30</ele>
        <time>2026-08-19T21:26:38.000Z</time>
        <extensions>
          <ns3:TrackPointExtension>
            <ns3:hr>121</ns3:hr>
            <ns3:cad>93</ns3:cad>
          </ns3:TrackPointExtension>
        </extensions>
      </trkpt>
      <trkpt lat="29.29055887274444103240966796875" lon="117.24250671453773975372314453125">
        <ele>30</ele>
        <time>2026-08-19T21:26:39.000Z</time>
        <extensions>
          <ns3:TrackPointExtension>
            <ns3:hr>121</ns3:hr>
            <ns3:cad>93</ns3:cad>
          </ns3:TrackPointExtension>
        </extensions>
      </trkpt>
      <trkpt lat="29.2905494011938571929931640625" lon="117.24253219552338123321533203125">
        <ele>30</ele>
        <time>2026-08-19T21:26:40.000Z</time>
        <extensions>
          <ns3:TrackPointExtension>
            <ns3:hr>121</ns3:hr>
            <ns3:cad>93</ns3:cad>
          </ns3:TrackPointExtension>
        </extensions>
      </trkpt>
      <trkpt lat="29.29054462350904941558837890625" lon="117.242560274899005889892578125">
        <ele>30</ele>
        <time>2026-08-19T21:26:41.000Z</time>
        <extensions>
          <ns3:TrackPointExtension>
            <ns3:hr>121</ns3:hr>
            <ns3:cad>93</ns3:cad>
          </ns3:TrackPointExtension>
        </extensions>
      </trkpt>
      <trkpt lat="29.29053624160587787628173828125" lon="117.24258533678948879241943359375">
        <ele>30</ele>
        <time>2026-08-19T21:26:42.000Z</time>
        <extensions>
          <ns3:TrackPointExtension>
            <ns3:hr>121</ns3:hr>
            <ns3:cad>93</ns3:cad>
          </ns3:TrackPointExtension>
        </extensions>
      </trkpt>
      <trkpt lat="29.2905286140739917755126953125" lon="117.2426171042025089263916015625">
        <ele>30</ele>
        <time>2026-08-19T21:26:43.000Z</time>
        <extensions>
          <ns3:TrackPointExtension>
            <ns3:hr>121</ns3:hr>
            <ns3:cad>93</ns3:cad>
          </ns3:TrackPointExtension>
        </extensions>
      </trkpt>
      <trkpt lat="29.29052450694143772125244140625" lon="117.2426395677030086517333984375">
        <ele>30</ele>
        <time>2026-08-19T21:26:44.000Z</time>
        <extensions>
          <ns3:TrackPointExtension>
            <ns3:hr>121</ns3:hr>
            <ns3:cad>92</ns3:cad>
          </ns3:TrackPointExtension>
        </extensions>
      </trkpt>
      <trkpt lat="29.29051361046731472015380859375" lon="117.2426694072782993316650390625">
        <ele>30</ele>
        <time>2026-08-19T21:26:45.000Z</time>
        <extensions>
          <ns3:TrackPointExtension>
            <ns3:hr>122</ns3:hr>
            <ns3:cad>92</ns3:cad>
          </ns3:TrackPointExtension>
        </extensions>
      </trkpt>
      <trkpt lat="29.2905096709728240966796875" lon="117.2426938824355602264404296875">
        <ele>30</ele>
        <time>2026-08-19T21:26:46.000Z</time>
        <extensions>
          <ns3:TrackPointExtension>
            <ns3:hr>121</ns3:hr>
            <ns3:cad>92</ns3:cad>
          </ns3:TrackPointExtension>
        </extensions>
      </trkpt>
      <trkpt lat="29.29049969650804996490478515625" lon="117.24272598512470722198486328125">
        <ele>30</ele>
        <time>2026-08-19T21:26:47.000Z</time>
        <extensions>
          <ns3:TrackPointExtension>
            <ns3:hr>121</ns3:hr>
            <ns3:cad>92</ns3:cad>
          </ns3:TrackPointExtension>
        </extensions>
      </trkpt>
      <trkpt lat="29.29049382917582988739013671875" lon="117.24274928681552410125732421875">
        <ele>30</ele>
        <time>2026-08-19T21:26:48.000Z</time>
        <extensions>
          <ns3:TrackPointExtension>
            <ns3:hr>122</ns3:hr>
            <ns3:cad>92</ns3:cad>
          </ns3:TrackPointExtension>
        </extensions>
      </trkpt>
      <trkpt lat="29.29048393853008747100830078125" lon="117.242782227694988250732421875">
        <ele>30.200000762939453125</ele>
        <time>2026-08-19T21:26:49.000Z</time>
        <extensions>
          <ns3:TrackPointExtension>
            <ns3:hr>121</ns3:hr>
            <ns3:cad>92</ns3:cad>
          </ns3:TrackPointExtension>
        </extensions>
      </trkpt>
      <trkpt lat="29.29047815501689910888671875" lon="117.2428058646619319915771484375">
        <ele>30.200000762939453125</ele>
        <time>2026-08-19T21:26:50.000Z</time>
        <extensions>
          <ns3:TrackPointExtension>
            <ns3:hr>122</ns3:hr>
            <ns3:cad>92</ns3:cad>
          </ns3:TrackPointExtension>
        </extensions>
      </trkpt>
      <trkpt lat="29.2904665879905223846435546875" lon="117.24283679388463497161865234375">
        <ele>30.200000762939453125</ele>
        <time>2026-08-19T21:26:51.000Z</time>
        <extensions>
          <ns3:TrackPointExtension>
            <ns3:hr>122</ns3:hr>
            <ns3:cad>92</ns3:cad>
          </ns3:TrackPointExtension>
        </extensions>
      </trkpt>
      <trkpt lat="29.29045979864895343780517578125" lon="117.24285875447094440460205078125">
        <ele>30.200000762939453125</ele>
        <time>2026-08-19T21:26:52.000Z</time>
        <extensions>
          <ns3:TrackPointExtension>
            <ns3:hr>122</ns3:hr>
            <ns3:cad>92</ns3:cad>
          </ns3:TrackPointExtension>
        </extensions>
      </trkpt>
      <trkpt lat="29.29044940508902072906494140625" lon="117.24288909696042537689208984375">
        <ele>30.3999996185302734375</ele>
        <time>2026-08-19T21:26:53.000Z</time>
        <extensions>
          <ns3:TrackPointExtension>
            <ns3:hr>123</ns3:hr>
            <ns3:cad>92</ns3:cad>
          </ns3:TrackPointExtension>
        </extensions>
      </trkpt>
      <trkpt lat="29.290448315441608428955078125" lon="117.2429027594625949859619140625">
        <ele>30.3999996185302734375</ele>
        <time>2026-08-19T21:26:54.000Z</time>
        <extensions>
          <ns3:TrackPointExtension>
            <ns3:hr>123</ns3:hr>
            <ns3:cad>92</ns3:cad>
          </ns3:TrackPointExtension>
        </extensions>
      </trkpt>
      <trkpt lat="29.2904380895197391510009765625" lon="117.2429325990378856658935546875">
        <ele>30.3999996185302734375</ele>
        <time>2026-08-19T21:26:55.000Z</time>
        <extensions>
          <ns3:TrackPointExtension>
            <ns3:hr>123</ns3:hr>
            <ns3:cad>92</ns3:cad>
          </ns3:TrackPointExtension>
        </extensions>
      </trkpt>
      <trkpt lat="29.29043649695813655853271484375" lon="117.24295346997678279876708984375">
        <ele>30.3999996185302734375</ele>
        <time>2026-08-19T21:26:56.000Z</time>
        <extensions>
          <ns3:TrackPointExtension>
            <ns3:hr>123</ns3:hr>
            <ns3:cad>91</ns3:cad>
          </ns3:TrackPointExtension>
        </extensions>
      </trkpt>
      <trkpt lat="29.2904250137507915496826171875" lon="117.24298481829464435577392578125">
        <ele>30.3999996185302734375</ele>
        <time>2026-08-19T21:26:57.000Z</time>
        <extensions>
          <ns3:TrackPointExtension>
            <ns3:hr>123</ns3:hr>
            <ns3:cad>91</ns3:cad>
          </ns3:TrackPointExtension>
        </extensions>
      </trkpt>
      <trkpt lat="29.2904226668179035186767578125" lon="117.2430093772709369659423828125">
        <ele>30.200000762939453125</ele>
        <time>2026-08-19T21:26:58.000Z</time>
        <extensions>
          <ns3:TrackPointExtension>
            <ns3:hr>123</ns3:hr>
            <ns3:cad>91</ns3:cad>
          </ns3:TrackPointExtension>
        </extensions>
      </trkpt>
      <trkpt lat="29.29041034542024135589599609375" lon="117.2430382110178470611572265625">
        <ele>30.200000762939453125</ele>
        <time>2026-08-19T21:26:59.000Z</time>
        <extensions>
          <ns3:TrackPointExtension>
            <ns3:hr>123</ns3:hr>
            <ns3:cad>91</ns3:cad>
          </ns3:TrackPointExtension>
        </extensions>
      </trkpt>
      <trkpt lat="29.2904082499444484710693359375" lon="117.2430641949176788330078125">
        <ele>30.200000762939453125</ele>
        <time>2026-08-19T21:27:00.000Z</time>
        <extensions>
          <ns3:TrackPointExtension>
            <ns3:hr>124</ns3:hr>
            <ns3:cad>92</ns3:cad>
          </ns3:TrackPointExtension>
        </extensions>
      </trkpt>
      <trkpt lat="29.29039475508034229278564453125" lon="117.24309277720749378204345703125">
        <ele>30.200000762939453125</ele>
        <time>2026-08-19T21:27:01.000Z</time>
        <extensions>
          <ns3:TrackPointExtension>
            <ns3:hr>124</ns3:hr>
            <ns3:cad>92</ns3:cad>
          </ns3:TrackPointExtension>
        </extensions>
      </trkpt>
      <trkpt lat="29.29038855247199535369873046875" lon="117.24311708472669124603271484375">
        <ele>30.3999996185302734375</ele>
        <time>2026-08-19T21:27:02.000Z</time>
        <extensions>
          <ns3:TrackPointExtension>
            <ns3:hr>124</ns3:hr>
            <ns3:cad>92</ns3:cad>
          </ns3:TrackPointExtension>
        </extensions>
      </trkpt>
      <trkpt lat="29.29037547670304775238037109375" lon="117.24314306862652301788330078125">
        <ele>30.3999996185302734375</ele>
        <time>2026-08-19T21:27:03.000Z</time>
        <extensions>
          <ns3:TrackPointExtension>
            <ns3:hr>124</ns3:hr>
            <ns3:cad>91</ns3:cad>
          </ns3:TrackPointExtension>
        </extensions>
      </trkpt>
      <trkpt lat="29.2903727106750011444091796875" lon="117.243169136345386505126953125">
        <ele>30.3999996185302734375</ele>
        <time>2026-08-19T21:27:04.000Z</time>
        <extensions>
          <ns3:TrackPointExtension>
            <ns3:hr>125</ns3:hr>
            <ns3:cad>91</ns3:cad>
          </ns3:TrackPointExtension>
        </extensions>
      </trkpt>
      <trkpt lat="29.2903649993240833282470703125" lon="117.2431944496929645538330078125">
        <ele>30.3999996185302734375</ele>
        <time>2026-08-19T21:27:05.000Z</time>
        <extensions>
          <ns3:TrackPointExtension>
            <ns3:hr>125</ns3:hr>
            <ns3:cad>90</ns3:cad>
          </ns3:TrackPointExtension>
        </extensions>
      </trkpt>
      <trkpt lat="29.2903596349060535430908203125" lon="117.2432195954024791717529296875">
        <ele>30.3999996185302734375</ele>
        <time>2026-08-19T21:27:06.000Z</time>
        <extensions>
          <ns3:TrackPointExtension>
            <ns3:hr>125</ns3:hr>
            <ns3:cad>90</ns3:cad>
          </ns3:TrackPointExtension>
        </extensions>
      </trkpt>
      <trkpt lat="29.29034672677516937255859375" lon="117.24324096925556659698486328125">
        <ele>30.3999996185302734375</ele>
        <time>2026-08-19T21:27:07.000Z</time>
        <extensions>
          <ns3:TrackPointExtension>
            <ns3:hr>125</ns3:hr>
            <ns3:cad>90</ns3:cad>
          </ns3:TrackPointExtension>
        </extensions>
      </trkpt>
      <trkpt lat="29.29033859632909297943115234375" lon="117.24326712079346179962158203125">
        <ele>30.3999996185302734375</ele>
        <time>2026-08-19T21:27:08.000Z</time>
        <extensions>
          <ns3:TrackPointExtension>
            <ns3:hr>125</ns3:hr>
            <ns3:cad>90</ns3:cad>
          </ns3:TrackPointExtension>
        </extensions>
      </trkpt>
      <trkpt lat="29.29032702930271625518798828125" lon="117.2432895004749298095703125">
        <ele>30.6000003814697265625</ele>
        <time>2026-08-19T21:27:09.000Z</time>
        <extensions>
          <ns3:TrackPointExtension>
            <ns3:hr>125</ns3:hr>
            <ns3:cad>90</ns3:cad>
          </ns3:TrackPointExtension>
        </extensions>
      </trkpt>
      <trkpt lat="29.29031780920922756195068359375" lon="117.243317328393459320068359375">
        <ele>30.6000003814697265625</ele>
        <time>2026-08-19T21:27:10.000Z</time>
        <extensions>
          <ns3:TrackPointExtension>
            <ns3:hr>125</ns3:hr>
            <ns3:cad>90</ns3:cad>
          </ns3:TrackPointExtension>
        </extensions>
      </trkpt>
      <trkpt lat="29.29030540399253368377685546875" lon="117.2433402948081493377685546875">
        <ele>30.6000003814697265625</ele>
        <time>2026-08-19T21:27:11.000Z</time>
        <extensions>
          <ns3:TrackPointExtension>
            <ns3:hr>124</ns3:hr>
            <ns3:cad>91</ns3:cad>
          </ns3:TrackPointExtension>
        </extensions>
      </trkpt>
      <trkpt lat="29.29029299877583980560302734375" lon="117.24336795508861541748046875">
        <ele>30.799999237060546875</ele>
        <time>2026-08-19T21:27:12.000Z</time>
        <extensions>
          <ns3:TrackPointExtension>
            <ns3:hr>124</ns3:hr>
            <ns3:cad>91</ns3:cad>
          </ns3:TrackPointExtension>
        </extensions>
      </trkpt>
      <trkpt lat="29.2902811802923679351806640625" lon="117.243391759693622589111328125">
        <ele>30.799999237060546875</ele>
        <time>2026-08-19T21:27:13.000Z</time>
        <extensions>
          <ns3:TrackPointExtension>
            <ns3:hr>124</ns3:hr>
            <ns3:cad>91</ns3:cad>
          </ns3:TrackPointExtension>
        </extensions>
      </trkpt>
      <trkpt lat="29.29026969708502292633056640625" lon="117.2434184141457080841064453125">
        <ele>30.799999237060546875</ele>
        <time>2026-08-19T21:27:14.000Z</time>
        <extensions>
          <ns3:TrackPointExtension>
            <ns3:hr>124</ns3:hr>
            <ns3:cad>91</ns3:cad>
          </ns3:TrackPointExtension>
        </extensions>
      </trkpt>
      <trkpt lat="29.29025662131607532501220703125" lon="117.24343911744654178619384765625">
        <ele>30.799999237060546875</ele>
        <time>2026-08-19T21:27:15.000Z</time>
        <extensions>
          <ns3:TrackPointExtension>
            <ns3:hr>123</ns3:hr>
            <ns3:cad>92</ns3:cad>
          </ns3:TrackPointExtension>
        </extensions>
      </trkpt>
      <trkpt lat="29.29024304263293743133544921875" lon="117.243464179337024688720703125">
        <ele>30.799999237060546875</ele>
        <time>2026-08-19T21:27:16.000Z</time>
        <extensions>
          <ns3:TrackPointExtension>
            <ns3:hr>123</ns3:hr>
            <ns3:cad>92</ns3:cad>
          </ns3:TrackPointExtension>
        </extensions>
      </trkpt>
      <trkpt lat="29.29023365490138530731201171875" lon="117.24348454736173152923583984375">
        <ele>30.799999237060546875</ele>
        <time>2026-08-19T21:27:17.000Z</time>
        <extensions>
          <ns3:TrackPointExtension>
            <ns3:hr>122</ns3:hr>
            <ns3:cad>92</ns3:cad>
          </ns3:TrackPointExtension>
        </extensions>
      </trkpt>
      <trkpt lat="29.29021907038986682891845703125" lon="117.243513800203800201416015625">
        <ele>30.799999237060546875</ele>
        <time>2026-08-19T21:27:18.000Z</time>
        <extensions>
          <ns3:TrackPointExtension>
            <ns3:hr>122</ns3:hr>
            <ns3:cad>92</ns3:cad>
          </ns3:TrackPointExtension>
        </extensions>
      </trkpt>
      <trkpt lat="29.29021152667701244354248046875" lon="117.24353559315204620361328125">
        <ele>30.799999237060546875</ele>
        <time>2026-08-19T21:27:19.000Z</time>
        <extensions>
          <ns3:TrackPointExtension>
            <ns3:hr>122</ns3:hr>
            <ns3:cad>92</ns3:cad>
          </ns3:TrackPointExtension>
        </extensions>
      </trkpt>
      <trkpt lat="29.290196858346462249755859375" lon="117.2435632534325122833251953125">
        <ele>30.799999237060546875</ele>
        <time>2026-08-19T21:27:20.000Z</time>
        <extensions>
          <ns3:TrackPointExtension>
            <ns3:hr>121</ns3:hr>
            <ns3:cad>92</ns3:cad>
          </ns3:TrackPointExtension>
        </extensions>
      </trkpt>
      <trkpt lat="29.29018721915781497955322265625" lon="117.243584208190441131591796875">
        <ele>30.799999237060546875</ele>
        <time>2026-08-19T21:27:21.000Z</time>
        <extensions>
          <ns3:TrackPointExtension>
            <ns3:hr>121</ns3:hr>
            <ns3:cad>92</ns3:cad>
          </ns3:TrackPointExtension>
        </extensions>
      </trkpt>
      <trkpt lat="29.290168024599552154541015625" lon="117.24360927008092403411865234375">
        <ele>30.799999237060546875</ele>
        <time>2026-08-19T21:27:22.000Z</time>
        <extensions>
          <ns3:TrackPointExtension>
            <ns3:hr>122</ns3:hr>
            <ns3:cad>92</ns3:cad>
          </ns3:TrackPointExtension>
        </extensions>
      </trkpt>
      <trkpt lat="29.29015654139220714569091796875" lon="117.24363148212432861328125">
        <ele>30.799999237060546875</ele>
        <time>2026-08-19T21:27:23.000Z</time>
        <extensions>
          <ns3:TrackPointExtension>
            <ns3:hr>122</ns3:hr>
            <ns3:cad>92</ns3:cad>
          </ns3:TrackPointExtension>
        </extensions>
      </trkpt>
      <trkpt lat="29.29014019668102264404296875" lon="117.243659310042858123779296875">
        <ele>30.799999237060546875</ele>
        <time>2026-08-19T21:27:24.000Z</time>
        <extensions>
          <ns3:TrackPointExtension>
            <ns3:hr>122</ns3:hr>
            <ns3:cad>92</ns3:cad>
          </ns3:TrackPointExtension>
        </extensions>
      </trkpt>
      <trkpt lat="29.2901363410055637359619140625" lon="117.24367917515337467193603515625">
        <ele>31</ele>
        <time>2026-08-19T21:27:25.000Z</time>
        <extensions>
          <ns3:TrackPointExtension>
            <ns3:hr>122</ns3:hr>
            <ns3:cad>92</ns3:cad>
          </ns3:TrackPointExtension>
        </extensions>
      </trkpt>
      <trkpt lat="29.29012184031307697296142578125" lon="117.24370415322482585906982421875">
        <ele>31</ele>
        <time>2026-08-19T21:27:26.000Z</time>
        <extensions>
          <ns3:TrackPointExtension>
            <ns3:hr>122</ns3:hr>
            <ns3:cad>92</ns3:cad>
          </ns3:TrackPointExtension>
        </extensions>
      </trkpt>
      <trkpt lat="29.29011630825698375701904296875" lon="117.24372426979243755340576171875">
        <ele>31</ele>
        <time>2026-08-19T21:27:27.000Z</time>
        <extensions>
          <ns3:TrackPointExtension>
            <ns3:hr>121</ns3:hr>
            <ns3:cad>92</ns3:cad>
          </ns3:TrackPointExtension>
        </extensions>
      </trkpt>
      <trkpt lat="29.290100969374179840087890625" lon="117.24374840967357158660888671875">
        <ele>31</ele>
        <time>2026-08-19T21:27:28.000Z</time>
        <extensions>
          <ns3:TrackPointExtension>
            <ns3:hr>122</ns3:hr>
            <ns3:cad>92</ns3:cad>
          </ns3:TrackPointExtension>
        </extensions>
      </trkpt>
      <trkpt lat="29.29009133018553256988525390625" lon="117.24377271719276905059814453125">
        <ele>31</ele>
        <time>2026-08-19T21:27:29.000Z</time>
        <extensions>
          <ns3:TrackPointExtension>
            <ns3:hr>122</ns3:hr>
            <ns3:cad>92</ns3:cad>
          </ns3:TrackPointExtension>
        </extensions>
      </trkpt>
      <trkpt lat="29.290074817836284637451171875" lon="117.24379652179777622222900390625">
        <ele>31</ele>
        <time>2026-08-19T21:27:30.000Z</time>
        <extensions>
          <ns3:TrackPointExtension>
            <ns3:hr>121</ns3:hr>
            <ns3:cad>92</ns3:cad>
          </ns3:TrackPointExtension>
        </extensions>
      </trkpt>
      <trkpt lat="29.29006777703762054443359375" lon="117.24382099695503711700439453125">
        <ele>31</ele>
        <time>2026-08-19T21:27:31.000Z</time>
        <extensions>
          <ns3:TrackPointExtension>
            <ns3:hr>122</ns3:hr>
            <ns3:cad>92</ns3:cad>
          </ns3:TrackPointExtension>
        </extensions>
      </trkpt>
      <trkpt lat="29.29005092941224575042724609375" lon="117.24384413100779056549072265625">
        <ele>31</ele>
        <time>2026-08-19T21:27:32.000Z</time>
        <extensions>
          <ns3:TrackPointExtension>
            <ns3:hr>123</ns3:hr>
            <ns3:cad>92</ns3:cad>
          </ns3:TrackPointExtension>
        </extensions>
      </trkpt>
      <trkpt lat="29.29003969766199588775634765625" lon="117.24386994726955890655517578125">
        <ele>31</ele>
        <time>2026-08-19T21:27:33.000Z</time>
        <extensions>
          <ns3:TrackPointExtension>
            <ns3:hr>123</ns3:hr>
            <ns3:cad>92</ns3:cad>
          </ns3:TrackPointExtension>
        </extensions>
      </trkpt>
      <trkpt lat="29.29001949727535247802734375" lon="117.243888638913631439208984375">
        <ele>31</ele>
        <time>2026-08-19T21:27:34.000Z</time>
        <extensions>
          <ns3:TrackPointExtension>
            <ns3:hr>123</ns3:hr>
            <ns3:cad>92</ns3:cad>
          </ns3:TrackPointExtension>
        </extensions>
      </trkpt>
      <trkpt lat="29.29000499658286571502685546875" lon="117.24391303025186061859130859375">
        <ele>31</ele>
        <time>2026-08-19T21:27:35.000Z</time>
        <extensions>
          <ns3:TrackPointExtension>
            <ns3:hr>123</ns3:hr>
            <ns3:cad>92</ns3:cad>
          </ns3:TrackPointExtension>
        </extensions>
      </trkpt>
      <trkpt lat="29.28998806513845920562744140625" lon="117.24393683485686779022216796875">
        <ele>31.200000762939453125</ele>
        <time>2026-08-19T21:27:36.000Z</time>
        <extensions>
          <ns3:TrackPointExtension>
            <ns3:hr>123</ns3:hr>
            <ns3:cad>92</ns3:cad>
          </ns3:TrackPointExtension>
        </extensions>
      </trkpt>
      <trkpt lat="29.28997850976884365081787109375" lon="117.24396466277539730072021484375">
        <ele>31.200000762939453125</ele>
        <time>2026-08-19T21:27:37.000Z</time>
        <extensions>
          <ns3:TrackPointExtension>
            <ns3:hr>124</ns3:hr>
            <ns3:cad>92</ns3:cad>
          </ns3:TrackPointExtension>
        </extensions>
      </trkpt>
      <trkpt lat="29.2899653501808643341064453125" lon="117.24398729391396045684814453125">
        <ele>31.200000762939453125</ele>
        <time>2026-08-19T21:27:38.000Z</time>
        <extensions>
          <ns3:TrackPointExtension>
            <ns3:hr>124</ns3:hr>
            <ns3:cad>91</ns3:cad>
          </ns3:TrackPointExtension>
        </extensions>
      </trkpt>
      <trkpt lat="29.2899519391357898712158203125" lon="117.244015373289585113525390625">
        <ele>31.200000762939453125</ele>
        <time>2026-08-19T21:27:39.000Z</time>
        <extensions>
          <ns3:TrackPointExtension>
            <ns3:hr>125</ns3:hr>
            <ns3:cad>91</ns3:cad>
          </ns3:TrackPointExtension>
        </extensions>
      </trkpt>
      <trkpt lat="29.28994028829038143157958984375" lon="117.2440373338758945465087890625">
        <ele>31.200000762939453125</ele>
        <time>2026-08-19T21:27:40.000Z</time>
        <extensions>
          <ns3:TrackPointExtension>
            <ns3:hr>125</ns3:hr>
            <ns3:cad>92</ns3:cad>
          </ns3:TrackPointExtension>
        </extensions>
      </trkpt>
      <trkpt lat="29.28992721252143383026123046875" lon="117.24406507797539234161376953125">
        <ele>31.3999996185302734375</ele>
        <time>2026-08-19T21:27:41.000Z</time>
        <extensions>
          <ns3:TrackPointExtension>
            <ns3:hr>126</ns3:hr>
            <ns3:cad>91</ns3:cad>
          </ns3:TrackPointExtension>
        </extensions>
      </trkpt>
      <trkpt lat="29.28991220891475677490234375" lon="117.24408821202814579010009765625">
        <ele>31.3999996185302734375</ele>
        <time>2026-08-19T21:27:42.000Z</time>
        <extensions>
          <ns3:TrackPointExtension>
            <ns3:hr>126</ns3:hr>
            <ns3:cad>91</ns3:cad>
          </ns3:TrackPointExtension>
        </extensions>
      </trkpt>
      <trkpt lat="29.28989737294614315032958984375" lon="117.244115956127643585205078125">
        <ele>31.3999996185302734375</ele>
        <time>2026-08-19T21:27:43.000Z</time>
        <extensions>
          <ns3:TrackPointExtension>
            <ns3:hr>127</ns3:hr>
            <ns3:cad>91</ns3:cad>
          </ns3:TrackPointExtension>
        </extensions>
      </trkpt>
      <trkpt lat="29.2898832075297832489013671875" lon="117.24413582123816013336181640625">
        <ele>31.3999996185302734375</ele>
        <time>2026-08-19T21:27:44.000Z</time>
        <extensions>
          <ns3:TrackPointExtension>
            <ns3:hr>127</ns3:hr>
            <ns3:cad>91</ns3:cad>
          </ns3:TrackPointExtension>
        </extensions>
      </trkpt>
      <trkpt lat="29.28986568935215473175048828125" lon="117.2441639006137847900390625">
        <ele>31.3999996185302734375</ele>
        <time>2026-08-19T21:27:45.000Z</time>
        <extensions>
          <ns3:TrackPointExtension>
            <ns3:hr>127</ns3:hr>
            <ns3:cad>91</ns3:cad>
          </ns3:TrackPointExtension>
        </extensions>
      </trkpt>
      <trkpt lat="29.289856217801570892333984375" lon="117.24418611265718936920166015625">
        <ele>31.3999996185302734375</ele>
        <time>2026-08-19T21:27:46.000Z</time>
        <extensions>
          <ns3:TrackPointExtension>
            <ns3:hr>127</ns3:hr>
            <ns3:cad>92</ns3:cad>
          </ns3:TrackPointExtension>
        </extensions>
      </trkpt>
      <trkpt lat="29.28983710706233978271484375" lon="117.24421595223248004913330078125">
        <ele>31.3999996185302734375</ele>
        <time>2026-08-19T21:27:47.000Z</time>
        <extensions>
          <ns3:TrackPointExtension>
            <ns3:hr>127</ns3:hr>
            <ns3:cad>92</ns3:cad>
          </ns3:TrackPointExtension>
        </extensions>
      </trkpt>
      <trkpt lat="29.289834089577198028564453125" lon="117.24423690699040889739990234375">
        <ele>31.3999996185302734375</ele>
        <time>2026-08-19T21:27:48.000Z</time>
        <extensions>
          <ns3:TrackPointExtension>
            <ns3:hr>127</ns3:hr>
            <ns3:cad>92</ns3:cad>
          </ns3:TrackPointExtension>
        </extensions>
      </trkpt>
      <trkpt lat="29.28981858305633068084716796875" lon="117.2442626394331455230712890625">
        <ele>31.6000003814697265625</ele>
        <time>2026-08-19T21:27:49.000Z</time>
        <extensions>
          <ns3:TrackPointExtension>
            <ns3:hr>126</ns3:hr>
            <ns3:cad>93</ns3:cad>
          </ns3:TrackPointExtension>
        </extensions>
      </trkpt>
      <trkpt lat="29.2898081056773662567138671875" lon="117.24428669549524784088134765625">
        <ele>31.6000003814697265625</ele>
        <time>2026-08-19T21:27:50.000Z</time>
        <extensions>
          <ns3:TrackPointExtension>
            <ns3:hr>126</ns3:hr>
            <ns3:cad>93</ns3:cad>
          </ns3:TrackPointExtension>
        </extensions>
      </trkpt>
      <trkpt lat="29.2897889949381351470947265625" lon="117.24431318230926990509033203125">
        <ele>31.6000003814697265625</ele>
        <time>2026-08-19T21:27:51.000Z</time>
        <extensions>
          <ns3:TrackPointExtension>
            <ns3:hr>126</ns3:hr>
            <ns3:cad>93</ns3:cad>
          </ns3:TrackPointExtension>
        </extensions>
      </trkpt>
      <trkpt lat="29.289781115949153900146484375" lon="117.24433732219040393829345703125">
        <ele>31.6000003814697265625</ele>
        <time>2026-08-19T21:27:52.000Z</time>
        <extensions>
          <ns3:TrackPointExtension>
            <ns3:hr>125</ns3:hr>
            <ns3:cad>93</ns3:cad>
          </ns3:TrackPointExtension>
        </extensions>
      </trkpt>
      <trkpt lat="29.28976410068571567535400390625" lon="117.24436414428055286407470703125">
        <ele>31.6000003814697265625</ele>
        <time>2026-08-19T21:27:53.000Z</time>
        <extensions>
          <ns3:TrackPointExtension>
            <ns3:hr>126</ns3:hr>
            <ns3:cad>93</ns3:cad>
          </ns3:TrackPointExtension>
        </extensions>
      </trkpt>
      <trkpt lat="29.28974985145032405853271484375" lon="117.2443890385329723358154296875">
        <ele>31.6000003814697265625</ele>
        <time>2026-08-19T21:27:54.000Z</time>
        <extensions>
          <ns3:TrackPointExtension>
            <ns3:hr>125</ns3:hr>
            <ns3:cad>92</ns3:cad>
          </ns3:TrackPointExtension>
        </extensions>
      </trkpt>
      <trkpt lat="29.28973811678588390350341796875" lon="117.24440840072929859161376953125">
        <ele>31.6000003814697265625</ele>
        <time>2026-08-19T21:27:55.000Z</time>
        <extensions>
          <ns3:TrackPointExtension>
            <ns3:hr>125</ns3:hr>
            <ns3:cad>92</ns3:cad>
          </ns3:TrackPointExtension>
        </extensions>
      </trkpt>
      <trkpt lat="29.28972956724464893341064453125" lon="117.244433462619781494140625">
        <ele>31.6000003814697265625</ele>
        <time>2026-08-19T21:27:56.000Z</time>
        <extensions>
          <ns3:TrackPointExtension>
            <ns3:hr>125</ns3:hr>
            <ns3:cad>91</ns3:cad>
          </ns3:TrackPointExtension>
        </extensions>
      </trkpt>
      <trkpt lat="29.28971615619957447052001953125" lon="117.2444544173777103424072265625">
        <ele>31.799999237060546875</ele>
        <time>2026-08-19T21:27:57.000Z</time>
        <extensions>
          <ns3:TrackPointExtension>
            <ns3:hr>124</ns3:hr>
            <ns3:cad>91</ns3:cad>
          </ns3:TrackPointExtension>
        </extensions>
      </trkpt>
      <trkpt lat="29.28970425389707088470458984375" lon="117.244480736553668975830078125">
        <ele>31.799999237060546875</ele>
        <time>2026-08-19T21:27:58.000Z</time>
        <extensions>
          <ns3:TrackPointExtension>
            <ns3:hr>124</ns3:hr>
            <ns3:cad>92</ns3:cad>
          </ns3:TrackPointExtension>
        </extensions>
      </trkpt>
      <trkpt lat="29.2896947823464870452880859375" lon="117.24450160749256610870361328125">
        <ele>31.799999237060546875</ele>
        <time>2026-08-19T21:27:59.000Z</time>
        <extensions>
          <ns3:TrackPointExtension>
            <ns3:hr>124</ns3:hr>
            <ns3:cad>92</ns3:cad>
          </ns3:TrackPointExtension>
        </extensions>
      </trkpt>
      <trkpt lat="29.28968296386301517486572265625" lon="117.24453010596334934234619140625">
        <ele>31.799999237060546875</ele>
        <time>2026-08-19T21:28:00.000Z</time>
        <extensions>
          <ns3:TrackPointExtension>
            <ns3:hr>124</ns3:hr>
            <ns3:cad>92</ns3:cad>
          </ns3:TrackPointExtension>
        </extensions>
      </trkpt>
      <trkpt lat="29.28967424668371677398681640625" lon="117.24455508403480052947998046875">
        <ele>31.799999237060546875</ele>
        <time>2026-08-19T21:28:01.000Z</time>
        <extensions>
          <ns3:TrackPointExtension>
            <ns3:hr>124</ns3:hr>
            <ns3:cad>92</ns3:cad>
          </ns3:TrackPointExtension>
        </extensions>
      </trkpt>
      <trkpt lat="29.28966050036251544952392578125" lon="117.24458106793463230133056640625">
        <ele>31.799999237060546875</ele>
        <time>2026-08-19T21:28:02.000Z</time>
        <extensions>
          <ns3:TrackPointExtension>
            <ns3:hr>124</ns3:hr>
            <ns3:cad>92</ns3:cad>
          </ns3:TrackPointExtension>
        </extensions>
      </trkpt>
      <trkpt lat="29.2896505258977413177490234375" lon="117.24460403434932231903076171875">
        <ele>31.799999237060546875</ele>
        <time>2026-08-19T21:28:03.000Z</time>
        <extensions>
          <ns3:TrackPointExtension>
            <ns3:hr>125</ns3:hr>
            <ns3:cad>92</ns3:cad>
          </ns3:TrackPointExtension>
        </extensions>
      </trkpt>
      <trkpt lat="29.2896384559571743011474609375" lon="117.24463261663913726806640625">
        <ele>31.799999237060546875</ele>
        <time>2026-08-19T21:28:04.000Z</time>
        <extensions>
          <ns3:TrackPointExtension>
            <ns3:hr>124</ns3:hr>
            <ns3:cad>92</ns3:cad>
          </ns3:TrackPointExtension>
        </extensions>
      </trkpt>
      <trkpt lat="29.28963460028171539306640625" lon="117.24465415813028812408447265625">
        <ele>31.799999237060546875</ele>
        <time>2026-08-19T21:28:05.000Z</time>
        <extensions>
          <ns3:TrackPointExtension>
            <ns3:hr>125</ns3:hr>
            <ns3:cad>92</ns3:cad>
          </ns3:TrackPointExtension>
        </extensions>
      </trkpt>
      <trkpt lat="29.2896163277328014373779296875" lon="117.244685254991054534912109375">
        <ele>31.799999237060546875</ele>
        <time>2026-08-19T21:28:06.000Z</time>
        <extensions>
          <ns3:TrackPointExtension>
            <ns3:hr>125</ns3:hr>
            <ns3:cad>92</ns3:cad>
          </ns3:TrackPointExtension>
        </extensions>
      </trkpt>
      <trkpt lat="29.28960786201059818267822265625" lon="117.2447095625102519989013671875">
        <ele>31.799999237060546875</ele>
        <time>2026-08-19T21:28:07.000Z</time>
        <extensions>
          <ns3:TrackPointExtension>
            <ns3:hr>125</ns3:hr>
            <ns3:cad>92</ns3:cad>
          </ns3:TrackPointExtension>
        </extensions>
      </trkpt>
      <trkpt lat="29.28959160111844539642333984375" lon="117.24473948590457439422607421875">
        <ele>31.799999237060546875</ele>
        <time>2026-08-19T21:28:08.000Z</time>
        <extensions>
          <ns3:TrackPointExtension>
            <ns3:hr>125</ns3:hr>
            <ns3:cad>92</ns3:cad>
          </ns3:TrackPointExtension>
        </extensions>
      </trkpt>
      <trkpt lat="29.289584644138813018798828125" lon="117.24476002156734466552734375">
        <ele>31.799999237060546875</ele>
        <time>2026-08-19T21:28:09.000Z</time>
        <extensions>
          <ns3:TrackPointExtension>
            <ns3:hr>126</ns3:hr>
            <ns3:cad>92</ns3:cad>
          </ns3:TrackPointExtension>
        </extensions>
      </trkpt>
      <trkpt lat="29.28956997580826282501220703125" lon="117.24478944204747676849365234375">
        <ele>31.799999237060546875</ele>
        <time>2026-08-19T21:28:10.000Z</time>
        <extensions>
          <ns3:TrackPointExtension>
            <ns3:hr>127</ns3:hr>
            <ns3:cad>92</ns3:cad>
          </ns3:TrackPointExtension>
        </extensions>
      </trkpt>
      <trkpt lat="29.28956796415150165557861328125" lon="117.24481140263378620147705078125">
        <ele>31.799999237060546875</ele>
        <time>2026-08-19T21:28:11.000Z</time>
        <extensions>
          <ns3:TrackPointExtension>
            <ns3:hr>127</ns3:hr>
            <ns3:cad>92</ns3:cad>
          </ns3:TrackPointExtension>
        </extensions>
      </trkpt>
      <trkpt lat="29.28955405019223690032958984375" lon="117.2448383085429668426513671875">
        <ele>31.799999237060546875</ele>
        <time>2026-08-19T21:28:12.000Z</time>
        <extensions>
          <ns3:TrackPointExtension>
            <ns3:hr>127</ns3:hr>
            <ns3:cad>92</ns3:cad>
          </ns3:TrackPointExtension>
        </extensions>
      </trkpt>
      <trkpt lat="29.28955086506903171539306640625" lon="117.24486303515732288360595703125">
        <ele>31.799999237060546875</ele>
        <time>2026-08-19T21:28:13.000Z</time>
        <extensions>
          <ns3:TrackPointExtension>
            <ns3:hr>127</ns3:hr>
            <ns3:cad>92</ns3:cad>
          </ns3:TrackPointExtension>
        </extensions>
      </trkpt>
      <trkpt lat="29.2895400524139404296875" lon="117.2448932938277721405029296875">
        <ele>31.799999237060546875</ele>
        <time>2026-08-19T21:28:14.000Z</time>
        <extensions>
          <ns3:TrackPointExtension>
            <ns3:hr>127</ns3:hr>
            <ns3:cad>92</ns3:cad>
          </ns3:TrackPointExtension>
        </extensions>
      </trkpt>
      <trkpt lat="29.28953561000525951385498046875" lon="117.24492221139371395111083984375">
        <ele>31.799999237060546875</ele>
        <time>2026-08-19T21:28:15.000Z</time>
        <extensions>
          <ns3:TrackPointExtension>
            <ns3:hr>127</ns3:hr>
            <ns3:cad>92</ns3:cad>
          </ns3:TrackPointExtension>
        </extensions>
      </trkpt>
      <trkpt lat="29.28952328860759735107421875" lon="117.2449489496648311614990234375">
        <ele>31.799999237060546875</ele>
        <time>2026-08-19T21:28:16.000Z</time>
        <extensions>
          <ns3:TrackPointExtension>
            <ns3:hr>127</ns3:hr>
            <ns3:cad>92</ns3:cad>
          </ns3:TrackPointExtension>
        </extensions>
      </trkpt>
      <trkpt lat="29.289516918361186981201171875" lon="117.24497920833528041839599609375">
        <ele>31.799999237060546875</ele>
        <time>2026-08-19T21:28:17.000Z</time>
        <extensions>
          <ns3:TrackPointExtension>
            <ns3:hr>127</ns3:hr>
            <ns3:cad>92</ns3:cad>
          </ns3:TrackPointExtension>
        </extensions>
      </trkpt>
      <trkpt lat="29.28950912319123744964599609375" lon="117.2450056113302707672119140625">
        <ele>31.799999237060546875</ele>
        <time>2026-08-19T21:28:18.000Z</time>
        <extensions>
          <ns3:TrackPointExtension>
            <ns3:hr>126</ns3:hr>
            <ns3:cad>93</ns3:cad>
          </ns3:TrackPointExtension>
        </extensions>
      </trkpt>
      <trkpt lat="29.28950275294482707977294921875" lon="117.2450356185436248779296875">
        <ele>31.799999237060546875</ele>
        <time>2026-08-19T21:28:19.000Z</time>
        <extensions>
          <ns3:TrackPointExtension>
            <ns3:hr>126</ns3:hr>
            <ns3:cad>92</ns3:cad>
          </ns3:TrackPointExtension>
        </extensions>
      </trkpt>
      <trkpt lat="29.28949906490743160247802734375" lon="117.2450605966150760650634765625">
        <ele>31.799999237060546875</ele>
        <time>2026-08-19T21:28:20.000Z</time>
        <extensions>
          <ns3:TrackPointExtension>
            <ns3:hr>126</ns3:hr>
            <ns3:cad>92</ns3:cad>
          </ns3:TrackPointExtension>
        </extensions>
      </trkpt>
      <trkpt lat="29.28949018009006977081298828125" lon="117.24509219639003276824951171875">
        <ele>31.799999237060546875</ele>
        <time>2026-08-19T21:28:21.000Z</time>
        <extensions>
          <ns3:TrackPointExtension>
            <ns3:hr>126</ns3:hr>
            <ns3:cad>92</ns3:cad>
          </ns3:TrackPointExtension>
        </extensions>
      </trkpt>
      <trkpt lat="29.28948481567203998565673828125" lon="117.24511533044278621673583984375">
        <ele>31.799999237060546875</ele>
        <time>2026-08-19T21:28:22.000Z</time>
        <extensions>
          <ns3:TrackPointExtension>
            <ns3:hr>126</ns3:hr>
            <ns3:cad>93</ns3:cad>
          </ns3:TrackPointExtension>
        </extensions>
      </trkpt>
      <trkpt lat="29.28947308100759983062744140625" lon="117.2451470978558063507080078125">
        <ele>31.799999237060546875</ele>
        <time>2026-08-19T21:28:23.000Z</time>
        <extensions>
          <ns3:TrackPointExtension>
            <ns3:hr>126</ns3:hr>
            <ns3:cad>93</ns3:cad>
          </ns3:TrackPointExtension>
        </extensions>
      </trkpt>
      <trkpt lat="29.28946972824633121490478515625" lon="117.2451735846698284149169921875">
        <ele>31.799999237060546875</ele>
        <time>2026-08-19T21:28:24.000Z</time>
        <extensions>
          <ns3:TrackPointExtension>
            <ns3:hr>126</ns3:hr>
            <ns3:cad>93</ns3:cad>
          </ns3:TrackPointExtension>
        </extensions>
      </trkpt>
      <trkpt lat="29.28945782594382762908935546875" lon="117.24520417861640453338623046875">
        <ele>31.799999237060546875</ele>
        <time>2026-08-19T21:28:25.000Z</time>
        <extensions>
          <ns3:TrackPointExtension>
            <ns3:hr>126</ns3:hr>
            <ns3:cad>92</ns3:cad>
          </ns3:TrackPointExtension>
        </extensions>
      </trkpt>
      <trkpt lat="29.28945682011544704437255859375" lon="117.245225720107555389404296875">
        <ele>31.799999237060546875</ele>
        <time>2026-08-19T21:28:26.000Z</time>
        <extensions>
          <ns3:TrackPointExtension>
            <ns3:hr>126</ns3:hr>
            <ns3:cad>91</ns3:cad>
          </ns3:TrackPointExtension>
        </extensions>
      </trkpt>
      <trkpt lat="29.289447180926799774169921875" lon="117.245257236063480377197265625">
        <ele>31.799999237060546875</ele>
        <time>2026-08-19T21:28:27.000Z</time>
        <extensions>
          <ns3:TrackPointExtension>
            <ns3:hr>125</ns3:hr>
            <ns3:cad>91</ns3:cad>
          </ns3:TrackPointExtension>
        </extensions>
      </trkpt>
      <trkpt lat="29.28944257088005542755126953125" lon="117.2452771849930286407470703125">
        <ele>31.799999237060546875</ele>
        <time>2026-08-19T21:28:28.000Z</time>
        <extensions>
          <ns3:TrackPointExtension>
            <ns3:hr>125</ns3:hr>
            <ns3:cad>91</ns3:cad>
          </ns3:TrackPointExtension>
        </extensions>
      </trkpt>
      <trkpt lat="29.28943200968205928802490234375" lon="117.24530727602541446685791015625">
        <ele>31.799999237060546875</ele>
        <time>2026-08-19T21:28:29.000Z</time>
        <extensions>
          <ns3:TrackPointExtension>
            <ns3:hr>125</ns3:hr>
            <ns3:cad>91</ns3:cad>
          </ns3:TrackPointExtension>
        </extensions>
      </trkpt>
      <trkpt lat="29.28942949511110782623291015625" lon="117.24533074535429477691650390625">
        <ele>31.799999237060546875</ele>
        <time>2026-08-19T21:28:30.000Z</time>
        <extensions>
          <ns3:TrackPointExtension>
            <ns3:hr>125</ns3:hr>
            <ns3:cad>92</ns3:cad>
          </ns3:TrackPointExtension>
        </extensions>
      </trkpt>
      <trkpt lat="29.28941868245601654052734375" lon="117.24536460824310779571533203125">
        <ele>31.799999237060546875</ele>
        <time>2026-08-19T21:28:31.000Z</time>
        <extensions>
          <ns3:TrackPointExtension>
            <ns3:hr>124</ns3:hr>
            <ns3:cad>92</ns3:cad>
          </ns3:TrackPointExtension>
        </extensions>
      </trkpt>
      <trkpt lat="29.28941708989441394805908203125" lon="117.24539025686681270599365234375">
        <ele>31.799999237060546875</ele>
        <time>2026-08-19T21:28:32.000Z</time>
        <extensions>
          <ns3:TrackPointExtension>
            <ns3:hr>124</ns3:hr>
            <ns3:cad>92</ns3:cad>
          </ns3:TrackPointExtension>
        </extensions>
      </trkpt>
      <trkpt lat="29.289407618343830108642578125" lon="117.24542118608951568603515625">
        <ele>31.799999237060546875</ele>
        <time>2026-08-19T21:28:33.000Z</time>
        <extensions>
          <ns3:TrackPointExtension>
            <ns3:hr>124</ns3:hr>
            <ns3:cad>92</ns3:cad>
          </ns3:TrackPointExtension>
        </extensions>
      </trkpt>
      <trkpt lat="29.2894051037728786468505859375" lon="117.24544658325612545013427734375">
        <ele>31.799999237060546875</ele>
        <time>2026-08-19T21:28:34.000Z</time>
        <extensions>
          <ns3:TrackPointExtension>
            <ns3:hr>125</ns3:hr>
            <ns3:cad>91</ns3:cad>
          </ns3:TrackPointExtension>
        </extensions>
      </trkpt>
      <trkpt lat="29.2893970571458339691162109375" lon="117.24547759629786014556884765625">
        <ele>31.799999237060546875</ele>
        <time>2026-08-19T21:28:35.000Z</time>
        <extensions>
          <ns3:TrackPointExtension>
            <ns3:hr>125</ns3:hr>
            <ns3:cad>91</ns3:cad>
          </ns3:TrackPointExtension>
        </extensions>
      </trkpt>
      <trkpt lat="29.28939848206937313079833984375" lon="117.2455041669309139251708984375">
        <ele>31.6000003814697265625</ele>
        <time>2026-08-19T21:28:36.000Z</time>
        <extensions>
          <ns3:TrackPointExtension>
            <ns3:hr>125</ns3:hr>
            <ns3:cad>91</ns3:cad>
          </ns3:TrackPointExtension>
        </extensions>
      </trkpt>
      <trkpt lat="29.28939211182296276092529296875" lon="117.245532162487506866455078125">
        <ele>31.6000003814697265625</ele>
        <time>2026-08-19T21:28:37.000Z</time>
        <extensions>
          <ns3:TrackPointExtension>
            <ns3:hr>125</ns3:hr>
            <ns3:cad>91</ns3:cad>
          </ns3:TrackPointExtension>
        </extensions>
      </trkpt>
      <trkpt lat="29.28939177654683589935302734375" lon="117.24555672146379947662353515625">
        <ele>31.6000003814697265625</ele>
        <time>2026-08-19T21:28:38.000Z</time>
        <extensions>
          <ns3:TrackPointExtension>
            <ns3:hr>125</ns3:hr>
            <ns3:cad>91</ns3:cad>
          </ns3:TrackPointExtension>
        </extensions>
      </trkpt>
      <trkpt lat="29.28938649594783782958984375" lon="117.24558438174426555633544921875">
        <ele>31.6000003814697265625</ele>
        <time>2026-08-19T21:28:39.000Z</time>
        <extensions>
          <ns3:TrackPointExtension>
            <ns3:hr>126</ns3:hr>
            <ns3:cad>91</ns3:cad>
          </ns3:TrackPointExtension>
        </extensions>
      </trkpt>
      <trkpt lat="29.2893886752426624298095703125" lon="117.24560952745378017425537109375">
        <ele>31.6000003814697265625</ele>
        <time>2026-08-19T21:28:40.000Z</time>
        <extensions>
          <ns3:TrackPointExtension>
            <ns3:hr>126</ns3:hr>
            <ns3:cad>91</ns3:cad>
          </ns3:TrackPointExtension>
        </extensions>
      </trkpt>
      <trkpt lat="29.28938490338623523712158203125" lon="117.245639450848102569580078125">
        <ele>31.799999237060546875</ele>
        <time>2026-08-19T21:28:41.000Z</time>
        <extensions>
          <ns3:TrackPointExtension>
            <ns3:hr>126</ns3:hr>
            <ns3:cad>91</ns3:cad>
          </ns3:TrackPointExtension>
        </extensions>
      </trkpt>
      <trkpt lat="29.28938515484333038330078125" lon="117.245668955147266387939453125">
        <ele>31.799999237060546875</ele>
        <time>2026-08-19T21:28:42.000Z</time>
        <extensions>
          <ns3:TrackPointExtension>
            <ns3:hr>126</ns3:hr>
            <ns3:cad>91</ns3:cad>
          </ns3:TrackPointExtension>
        </extensions>
      </trkpt>
      <trkpt lat="29.289383478462696075439453125" lon="117.24569552578032016754150390625">
        <ele>31.799999237060546875</ele>
        <time>2026-08-19T21:28:43.000Z</time>
        <extensions>
          <ns3:TrackPointExtension>
            <ns3:hr>126</ns3:hr>
            <ns3:cad>91</ns3:cad>
          </ns3:TrackPointExtension>
        </extensions>
      </trkpt>
      <trkpt lat="29.28938238881528377532958984375" lon="117.24572184495627880096435546875">
        <ele>31.6000003814697265625</ele>
        <time>2026-08-19T21:28:44.000Z</time>
        <extensions>
          <ns3:TrackPointExtension>
            <ns3:hr>126</ns3:hr>
            <ns3:cad>91</ns3:cad>
          </ns3:TrackPointExtension>
        </extensions>
      </trkpt>
      <trkpt lat="29.2893806286156177520751953125" lon="117.24574665538966655731201171875">
        <ele>31.6000003814697265625</ele>
        <time>2026-08-19T21:28:45.000Z</time>
        <extensions>
          <ns3:TrackPointExtension>
            <ns3:hr>126</ns3:hr>
            <ns3:cad>92</ns3:cad>
          </ns3:TrackPointExtension>
        </extensions>
      </trkpt>
      <trkpt lat="29.289380796253681182861328125" lon="117.2457767464220523834228515625">
        <ele>31.6000003814697265625</ele>
        <time>2026-08-19T21:28:46.000Z</time>
        <extensions>
          <ns3:TrackPointExtension>
            <ns3:hr>126</ns3:hr>
            <ns3:cad>92</ns3:cad>
          </ns3:TrackPointExtension>
        </extensions>
      </trkpt>
      <trkpt lat="29.2893829755485057830810546875" lon="117.24580432288348674774169921875">
        <ele>31.6000003814697265625</ele>
        <time>2026-08-19T21:28:47.000Z</time>
        <extensions>
          <ns3:TrackPointExtension>
            <ns3:hr>126</ns3:hr>
            <ns3:cad>92</ns3:cad>
          </ns3:TrackPointExtension>
        </extensions>
      </trkpt>
      <trkpt lat="29.28938272409141063690185546875" lon="117.245835922658443450927734375">
        <ele>31.799999237060546875</ele>
        <time>2026-08-19T21:28:48.000Z</time>
        <extensions>
          <ns3:TrackPointExtension>
            <ns3:hr>126</ns3:hr>
            <ns3:cad>91</ns3:cad>
          </ns3:TrackPointExtension>
        </extensions>
      </trkpt>
      <trkpt lat="29.289382137358188629150390625" lon="117.24586014635860919952392578125">
        <ele>31.799999237060546875</ele>
        <time>2026-08-19T21:28:49.000Z</time>
        <extensions>
          <ns3:TrackPointExtension>
            <ns3:hr>127</ns3:hr>
            <ns3:cad>91</ns3:cad>
          </ns3:TrackPointExtension>
        </extensions>
      </trkpt>
      <trkpt lat="29.28937987424433231353759765625" lon="117.2458927519619464874267578125">
        <ele>31.799999237060546875</ele>
        <time>2026-08-19T21:28:50.000Z</time>
        <extensions>
          <ns3:TrackPointExtension>
            <ns3:hr>127</ns3:hr>
            <ns3:cad>91</ns3:cad>
          </ns3:TrackPointExtension>
        </extensions>
      </trkpt>
      <trkpt lat="29.2893829755485057830810546875" lon="117.245919406414031982421875">
        <ele>31.799999237060546875</ele>
        <time>2026-08-19T21:28:51.000Z</time>
        <extensions>
          <ns3:TrackPointExtension>
            <ns3:hr>127</ns3:hr>
            <ns3:cad>90</ns3:cad>
          </ns3:TrackPointExtension>
        </extensions>
      </trkpt>
      <trkpt lat="29.289382137358188629150390625" lon="117.24594798870384693145751953125">
        <ele>31.799999237060546875</ele>
        <time>2026-08-19T21:28:52.000Z</time>
        <extensions>
          <ns3:TrackPointExtension>
            <ns3:hr>127</ns3:hr>
            <ns3:cad>90</ns3:cad>
          </ns3:TrackPointExtension>
        </extensions>
      </trkpt>
      <trkpt lat="29.28938372991979122161865234375" lon="117.24597028456628322601318359375">
        <ele>31.799999237060546875</ele>
        <time>2026-08-19T21:28:53.000Z</time>
        <extensions>
          <ns3:TrackPointExtension>
            <ns3:hr>127</ns3:hr>
            <ns3:cad>90</ns3:cad>
          </ns3:TrackPointExtension>
        </extensions>
      </trkpt>
      <trkpt lat="29.28938188590109348297119140625" lon="117.24600414745509624481201171875">
        <ele>31.799999237060546875</ele>
        <time>2026-08-19T21:28:54.000Z</time>
        <extensions>
          <ns3:TrackPointExtension>
            <ns3:hr>128</ns3:hr>
            <ns3:cad>90</ns3:cad>
          </ns3:TrackPointExtension>
        </extensions>
      </trkpt>
      <trkpt lat="29.28938507102429866790771484375" lon="117.2460258565843105316162109375">
        <ele>31.6000003814697265625</ele>
        <time>2026-08-19T21:28:55.000Z</time>
        <extensions>
          <ns3:TrackPointExtension>
            <ns3:hr>127</ns3:hr>
            <ns3:cad>90</ns3:cad>
          </ns3:TrackPointExtension>
        </extensions>
      </trkpt>
      <trkpt lat="29.28938255645334720611572265625" lon="117.24606064148247241973876953125">
        <ele>31.6000003814697265625</ele>
        <time>2026-08-19T21:28:56.000Z</time>
        <extensions>
          <ns3:TrackPointExtension>
            <ns3:hr>127</ns3:hr>
            <ns3:cad>90</ns3:cad>
          </ns3:TrackPointExtension>
        </extensions>
      </trkpt>
      <trkpt lat="29.289387501776218414306640625" lon="117.246085368096828460693359375">
        <ele>31.6000003814697265625</ele>
        <time>2026-08-19T21:28:57.000Z</time>
        <extensions>
          <ns3:TrackPointExtension>
            <ns3:hr>128</ns3:hr>
            <ns3:cad>90</ns3:cad>
          </ns3:TrackPointExtension>
        </extensions>
      </trkpt>
      <trkpt lat="29.28938523866236209869384765625" lon="117.2461200691759586334228515625">
        <ele>31.6000003814697265625</ele>
        <time>2026-08-19T21:28:58.000Z</time>
        <extensions>
          <ns3:TrackPointExtension>
            <ns3:hr>127</ns3:hr>
            <ns3:cad>90</ns3:cad>
          </ns3:TrackPointExtension>
        </extensions>
      </trkpt>
      <trkpt lat="29.28939160890877246856689453125" lon="117.2461432032287120819091796875">
        <ele>31.3999996185302734375</ele>
        <time>2026-08-19T21:28:59.000Z</time>
        <extensions>
          <ns3:TrackPointExtension>
            <ns3:hr>128</ns3:hr>
            <ns3:cad>90</ns3:cad>
          </ns3:TrackPointExtension>
        </extensions>
      </trkpt>
      <trkpt lat="29.289392530918121337890625" lon="117.246175892651081085205078125">
        <ele>31.3999996185302734375</ele>
        <time>2026-08-19T21:29:00.000Z</time>
        <extensions>
          <ns3:TrackPointExtension>
            <ns3:hr>128</ns3:hr>
            <ns3:cad>90</ns3:cad>
          </ns3:TrackPointExtension>
        </extensions>
      </trkpt>
      <trkpt lat="29.28939898498356342315673828125" lon="117.246200032532215118408203125">
        <ele>31.3999996185302734375</ele>
        <time>2026-08-19T21:29:01.000Z</time>
        <extensions>
          <ns3:TrackPointExtension>
            <ns3:hr>128</ns3:hr>
            <ns3:cad>90</ns3:cad>
          </ns3:TrackPointExtension>
        </extensions>
      </trkpt>
      <trkpt lat="29.28939881734549999237060546875" lon="117.24623247049748897552490234375">
        <ele>31.3999996185302734375</ele>
        <time>2026-08-19T21:29:02.000Z</time>
        <extensions>
          <ns3:TrackPointExtension>
            <ns3:hr>128</ns3:hr>
            <ns3:cad>91</ns3:cad>
          </ns3:TrackPointExtension>
        </extensions>
      </trkpt>
      <trkpt lat="29.28940736688673496246337890625" lon="117.24625610746443271636962890625">
        <ele>31.3999996185302734375</ele>
        <time>2026-08-19T21:29:03.000Z</time>
        <extensions>
          <ns3:TrackPointExtension>
            <ns3:hr>128</ns3:hr>
            <ns3:cad>92</ns3:cad>
          </ns3:TrackPointExtension>
        </extensions>
      </trkpt>
      <trkpt lat="29.28940929472446441650390625" lon="117.24628913216292858123779296875">
        <ele>31.3999996185302734375</ele>
        <time>2026-08-19T21:29:04.000Z</time>
        <extensions>
          <ns3:TrackPointExtension>
            <ns3:hr>127</ns3:hr>
            <ns3:cad>92</ns3:cad>
          </ns3:TrackPointExtension>
        </extensions>
      </trkpt>
      <trkpt lat="29.289419353008270263671875" lon="117.24631025455892086029052734375">
        <ele>31.3999996185302734375</ele>
        <time>2026-08-19T21:29:05.000Z</time>
        <extensions>
          <ns3:TrackPointExtension>
            <ns3:hr>128</ns3:hr>
            <ns3:cad>92</ns3:cad>
          </ns3:TrackPointExtension>
        </extensions>
      </trkpt>
      <trkpt lat="29.28942396305501461029052734375" lon="117.246343530714511871337890625">
        <ele>31.200000762939453125</ele>
        <time>2026-08-19T21:29:06.000Z</time>
        <extensions>
          <ns3:TrackPointExtension>
            <ns3:hr>127</ns3:hr>
            <ns3:cad>92</ns3:cad>
          </ns3:TrackPointExtension>
        </extensions>
      </trkpt>
      <trkpt lat="29.28943335078656673431396484375" lon="117.24636725150048732757568359375">
        <ele>31.3999996185302734375</ele>
        <time>2026-08-19T21:29:07.000Z</time>
        <extensions>
          <ns3:TrackPointExtension>
            <ns3:hr>127</ns3:hr>
            <ns3:cad>90</ns3:cad>
          </ns3:TrackPointExtension>
        </extensions>
      </trkpt>
      <trkpt lat="29.2894406430423259735107421875" lon="117.246400527656078338623046875">
        <ele>31.200000762939453125</ele>
        <time>2026-08-19T21:29:08.000Z</time>
        <extensions>
          <ns3:TrackPointExtension>
            <ns3:hr>127</ns3:hr>
            <ns3:cad>90</ns3:cad>
          </ns3:TrackPointExtension>
        </extensions>
      </trkpt>
      <trkpt lat="29.2894547246396541595458984375" lon="117.246421314775943756103515625">
        <ele>31.3999996185302734375</ele>
        <time>2026-08-19T21:29:09.000Z</time>
        <extensions>
          <ns3:TrackPointExtension>
            <ns3:hr>126</ns3:hr>
            <ns3:cad>90</ns3:cad>
          </ns3:TrackPointExtension>
        </extensions>
      </trkpt>
      <trkpt lat="29.289461933076381683349609375" lon="117.24645324982702732086181640625">
        <ele>31.3999996185302734375</ele>
        <time>2026-08-19T21:29:10.000Z</time>
        <extensions>
          <ns3:TrackPointExtension>
            <ns3:hr>126</ns3:hr>
            <ns3:cad>90</ns3:cad>
          </ns3:TrackPointExtension>
        </extensions>
      </trkpt>
      <trkpt lat="29.28947341628372669219970703125" lon="117.24647127091884613037109375">
        <ele>31.3999996185302734375</ele>
        <time>2026-08-19T21:29:11.000Z</time>
        <extensions>
          <ns3:TrackPointExtension>
            <ns3:hr>125</ns3:hr>
            <ns3:cad>90</ns3:cad>
          </ns3:TrackPointExtension>
        </extensions>
      </trkpt>
      <trkpt lat="29.28947911597788333892822265625" lon="117.24650789983570575714111328125">
        <ele>31.3999996185302734375</ele>
        <time>2026-08-19T21:29:12.000Z</time>
        <extensions>
          <ns3:TrackPointExtension>
            <ns3:hr>124</ns3:hr>
            <ns3:cad>89</ns3:cad>
          </ns3:TrackPointExtension>
        </extensions>
      </trkpt>
      <trkpt lat="29.2894932813942432403564453125" lon="117.24652835167944431304931640625">
        <ele>31.6000003814697265625</ele>
        <time>2026-08-19T21:29:13.000Z</time>
        <extensions>
          <ns3:TrackPointExtension>
            <ns3:hr>123</ns3:hr>
            <ns3:cad>89</ns3:cad>
          </ns3:TrackPointExtension>
        </extensions>
      </trkpt>
      <trkpt lat="29.2895019985735416412353515625" lon="117.24656607024371623992919921875">
        <ele>31.6000003814697265625</ele>
        <time>2026-08-19T21:29:14.000Z</time>
        <extensions>
          <ns3:TrackPointExtension>
            <ns3:hr>123</ns3:hr>
            <ns3:cad>89</ns3:cad>
          </ns3:TrackPointExtension>
        </extensions>
      </trkpt>
      <trkpt lat="29.289513565599918365478515625" lon="117.2465886175632476806640625">
        <ele>31.6000003814697265625</ele>
        <time>2026-08-19T21:29:15.000Z</time>
        <extensions>
          <ns3:TrackPointExtension>
            <ns3:hr>123</ns3:hr>
            <ns3:cad>90</ns3:cad>
          </ns3:TrackPointExtension>
        </extensions>
      </trkpt>
      <trkpt lat="29.28951515816152095794677734375" lon="117.2466208040714263916015625">
        <ele>31.6000003814697265625</ele>
        <time>2026-08-19T21:29:16.000Z</time>
        <extensions>
          <ns3:TrackPointExtension>
            <ns3:hr>123</ns3:hr>
            <ns3:cad>90</ns3:cad>
          </ns3:TrackPointExtension>
        </extensions>
      </trkpt>
      <trkpt lat="29.28952521644532680511474609375" lon="117.246643938124179840087890625">
        <ele>31.6000003814697265625</ele>
        <time>2026-08-19T21:29:17.000Z</time>
        <extensions>
          <ns3:TrackPointExtension>
            <ns3:hr>123</ns3:hr>
            <ns3:cad>90</ns3:cad>
          </ns3:TrackPointExtension>
        </extensions>
      </trkpt>
      <trkpt lat="29.28952823393046855926513671875" lon="117.24667847156524658203125">
        <ele>31.6000003814697265625</ele>
        <time>2026-08-19T21:29:18.000Z</time>
        <extensions>
          <ns3:TrackPointExtension>
            <ns3:hr>123</ns3:hr>
            <ns3:cad>90</ns3:cad>
          </ns3:TrackPointExtension>
        </extensions>
      </trkpt>
      <trkpt lat="29.28954013623297214508056640625" lon="117.24669833667576313018798828125">
        <ele>31.6000003814697265625</ele>
        <time>2026-08-19T21:29:19.000Z</time>
        <extensions>
          <ns3:TrackPointExtension>
            <ns3:hr>123</ns3:hr>
            <ns3:cad>90</ns3:cad>
          </ns3:TrackPointExtension>
        </extensions>
      </trkpt>
      <trkpt lat="29.2895449139177799224853515625" lon="117.24673002026975154876708984375">
        <ele>31.6000003814697265625</ele>
        <time>2026-08-19T21:29:20.000Z</time>
        <extensions>
          <ns3:TrackPointExtension>
            <ns3:hr>123</ns3:hr>
            <ns3:cad>90</ns3:cad>
          </ns3:TrackPointExtension>
        </extensions>
      </trkpt>
      <trkpt lat="29.28955606184899806976318359375" lon="117.246745526790618896484375">
        <ele>31.3999996185302734375</ele>
        <time>2026-08-19T21:29:21.000Z</time>
        <extensions>
          <ns3:TrackPointExtension>
            <ns3:hr>123</ns3:hr>
            <ns3:cad>90</ns3:cad>
          </ns3:TrackPointExtension>
        </extensions>
      </trkpt>
      <trkpt lat="29.2895667068660259246826171875" lon="117.246775366365909576416015625">
        <ele>31.3999996185302734375</ele>
        <time>2026-08-19T21:29:22.000Z</time>
        <extensions>
          <ns3:TrackPointExtension>
            <ns3:hr>123</ns3:hr>
            <ns3:cad>90</ns3:cad>
          </ns3:TrackPointExtension>
        </extensions>
      </trkpt>
      <trkpt lat="29.28958036936819553375244140625" lon="117.246793471276760101318359375">
        <ele>31.3999996185302734375</ele>
        <time>2026-08-19T21:29:23.000Z</time>
        <extensions>
          <ns3:TrackPointExtension>
            <ns3:hr>123</ns3:hr>
            <ns3:cad>90</ns3:cad>
          </ns3:TrackPointExtension>
        </extensions>
      </trkpt>
      <trkpt lat="29.2895861528813838958740234375" lon="117.24682867527008056640625">
        <ele>31.3999996185302734375</ele>
        <time>2026-08-19T21:29:24.000Z</time>
        <extensions>
          <ns3:TrackPointExtension>
            <ns3:hr>123</ns3:hr>
            <ns3:cad>90</ns3:cad>
          </ns3:TrackPointExtension>
        </extensions>
      </trkpt>
      <trkpt lat="29.28959730081260204315185546875" lon="117.24684837274253368377685546875">
        <ele>31.3999996185302734375</ele>
        <time>2026-08-19T21:29:25.000Z</time>
        <extensions>
          <ns3:TrackPointExtension>
            <ns3:hr>123</ns3:hr>
            <ns3:cad>90</ns3:cad>
          </ns3:TrackPointExtension>
        </extensions>
      </trkpt>
      <trkpt lat="29.28960082121193408966064453125" lon="117.246881313621997833251953125">
        <ele>31.6000003814697265625</ele>
        <time>2026-08-19T21:29:26.000Z</time>
        <extensions>
          <ns3:TrackPointExtension>
            <ns3:hr>123</ns3:hr>
            <ns3:cad>90</ns3:cad>
          </ns3:TrackPointExtension>
        </extensions>
      </trkpt>
      <trkpt lat="29.289614148437976837158203125" lon="117.24690453149378299713134765625">
        <ele>31.6000003814697265625</ele>
        <time>2026-08-19T21:29:27.000Z</time>
        <extensions>
          <ns3:TrackPointExtension>
            <ns3:hr>123</ns3:hr>
            <ns3:cad>90</ns3:cad>
          </ns3:TrackPointExtension>
        </extensions>
      </trkpt>
      <trkpt lat="29.28962462581694126129150390625" lon="117.24693420343101024627685546875">
        <ele>31.6000003814697265625</ele>
        <time>2026-08-19T21:29:28.000Z</time>
        <extensions>
          <ns3:TrackPointExtension>
            <ns3:hr>123</ns3:hr>
            <ns3:cad>90</ns3:cad>
          </ns3:TrackPointExtension>
        </extensions>
      </trkpt>
      <trkpt lat="29.2896404676139354705810546875" lon="117.24695398472249507904052734375">
        <ele>31.6000003814697265625</ele>
        <time>2026-08-19T21:29:29.000Z</time>
        <extensions>
          <ns3:TrackPointExtension>
            <ns3:hr>123</ns3:hr>
            <ns3:cad>90</ns3:cad>
          </ns3:TrackPointExtension>
        </extensions>
      </trkpt>
      <trkpt lat="29.28964876569807529449462890625" lon="117.246985249221324920654296875">
        <ele>31.799999237060546875</ele>
        <time>2026-08-19T21:29:30.000Z</time>
        <extensions>
          <ns3:TrackPointExtension>
            <ns3:hr>124</ns3:hr>
            <ns3:cad>90</ns3:cad>
          </ns3:TrackPointExtension>
        </extensions>
      </trkpt>
      <trkpt lat="29.2896636016666889190673828125" lon="117.24700494669377803802490234375">
        <ele>31.799999237060546875</ele>
        <time>2026-08-19T21:29:31.000Z</time>
        <extensions>
          <ns3:TrackPointExtension>
            <ns3:hr>124</ns3:hr>
            <ns3:cad>90</ns3:cad>
          </ns3:TrackPointExtension>
        </extensions>
      </trkpt>
      <trkpt lat="29.2896719835698604583740234375" lon="117.24703579209744930267333984375">
        <ele>31.799999237060546875</ele>
        <time>2026-08-19T21:29:32.000Z</time>
        <extensions>
          <ns3:TrackPointExtension>
            <ns3:hr>124</ns3:hr>
            <ns3:cad>90</ns3:cad>
          </ns3:TrackPointExtension>
        </extensions>
      </trkpt>
      <trkpt lat="29.289685226976871490478515625" lon="117.24705599248409271240234375">
        <ele>31.799999237060546875</ele>
        <time>2026-08-19T21:29:33.000Z</time>
        <extensions>
          <ns3:TrackPointExtension>
            <ns3:hr>124</ns3:hr>
            <ns3:cad>90</ns3:cad>
          </ns3:TrackPointExtension>
        </extensions>
      </trkpt>
      <trkpt lat="29.28969494998455047607421875" lon="117.24708843044936656951904296875">
        <ele>32</ele>
        <time>2026-08-19T21:29:34.000Z</time>
        <extensions>
          <ns3:TrackPointExtension>
            <ns3:hr>124</ns3:hr>
            <ns3:cad>90</ns3:cad>
          </ns3:TrackPointExtension>
        </extensions>
      </trkpt>
      <trkpt lat="29.28971213288605213165283203125" lon="117.24710829555988311767578125">
        <ele>32</ele>
        <time>2026-08-19T21:29:35.000Z</time>
        <extensions>
          <ns3:TrackPointExtension>
            <ns3:hr>125</ns3:hr>
            <ns3:cad>90</ns3:cad>
          </ns3:TrackPointExtension>
        </extensions>
      </trkpt>
      <trkpt lat="29.289720095694065093994140625" lon="117.24713754840195178985595703125">
        <ele>32</ele>
        <time>2026-08-19T21:29:36.000Z</time>
        <extensions>
          <ns3:TrackPointExtension>
            <ns3:hr>124</ns3:hr>
            <ns3:cad>90</ns3:cad>
          </ns3:TrackPointExtension>
        </extensions>
      </trkpt>
      <trkpt lat="29.28973275236785411834716796875" lon="117.24715917371213436126708984375">
        <ele>32</ele>
        <time>2026-08-19T21:29:37.000Z</time>
        <extensions>
          <ns3:TrackPointExtension>
            <ns3:hr>124</ns3:hr>
            <ns3:cad>90</ns3:cad>
          </ns3:TrackPointExtension>
        </extensions>
      </trkpt>
      <trkpt lat="29.28974046371877193450927734375" lon="117.24718968383967876434326171875">
        <ele>32.200000762939453125</ele>
        <time>2026-08-19T21:29:38.000Z</time>
        <extensions>
          <ns3:TrackPointExtension>
            <ns3:hr>125</ns3:hr>
            <ns3:cad>90</ns3:cad>
          </ns3:TrackPointExtension>
        </extensions>
      </trkpt>
      <trkpt lat="29.2897507734596729278564453125" lon="117.2472130693495273590087890625">
        <ele>32.200000762939453125</ele>
        <time>2026-08-19T21:29:39.000Z</time>
        <extensions>
          <ns3:TrackPointExtension>
            <ns3:hr>125</ns3:hr>
            <ns3:cad>90</ns3:cad>
          </ns3:TrackPointExtension>
        </extensions>
      </trkpt>
      <trkpt lat="29.28975203074514865875244140625" lon="117.24724567495286464691162109375">
        <ele>32.40000152587890625</ele>
        <time>2026-08-19T21:29:40.000Z</time>
        <extensions>
          <ns3:TrackPointExtension>
            <ns3:hr>125</ns3:hr>
            <ns3:cad>90</ns3:cad>
          </ns3:TrackPointExtension>
        </extensions>
      </trkpt>
      <trkpt lat="29.28976041264832019805908203125" lon="117.24726897664368152618408203125">
        <ele>32.40000152587890625</ele>
        <time>2026-08-19T21:29:41.000Z</time>
        <extensions>
          <ns3:TrackPointExtension>
            <ns3:hr>125</ns3:hr>
            <ns3:cad>90</ns3:cad>
          </ns3:TrackPointExtension>
        </extensions>
      </trkpt>
      <trkpt lat="29.2897678725421428680419921875" lon="117.2472999058663845062255859375">
        <ele>32.40000152587890625</ele>
        <time>2026-08-19T21:29:42.000Z</time>
        <extensions>
          <ns3:TrackPointExtension>
            <ns3:hr>126</ns3:hr>
            <ns3:cad>90</ns3:cad>
          </ns3:TrackPointExtension>
        </extensions>
      </trkpt>
      <trkpt lat="29.28978119976818561553955078125" lon="117.24731658585369586944580078125">
        <ele>32.59999847412109375</ele>
        <time>2026-08-19T21:29:43.000Z</time>
        <extensions>
          <ns3:TrackPointExtension>
            <ns3:hr>126</ns3:hr>
            <ns3:cad>90</ns3:cad>
          </ns3:TrackPointExtension>
        </extensions>
      </trkpt>
      <trkpt lat="29.28978689946234226226806640625" lon="117.24734625779092311859130859375">
        <ele>32.799999237060546875</ele>
        <time>2026-08-19T21:29:44.000Z</time>
        <extensions>
          <ns3:TrackPointExtension>
            <ns3:hr>126</ns3:hr>
            <ns3:cad>89</ns3:cad>
          </ns3:TrackPointExtension>
        </extensions>
      </trkpt>
      <trkpt lat="29.28980064578354358673095703125" lon="117.24736176431179046630859375">
        <ele>32.799999237060546875</ele>
        <time>2026-08-19T21:29:45.000Z</time>
        <extensions>
          <ns3:TrackPointExtension>
            <ns3:hr>127</ns3:hr>
            <ns3:cad>89</ns3:cad>
          </ns3:TrackPointExtension>
        </extensions>
      </trkpt>
      <trkpt lat="29.289813302457332611083984375" lon="117.247389592230319976806640625">
        <ele>32.799999237060546875</ele>
        <time>2026-08-19T21:29:46.000Z</time>
        <extensions>
          <ns3:TrackPointExtension>
            <ns3:hr>126</ns3:hr>
            <ns3:cad>89</ns3:cad>
          </ns3:TrackPointExtension>
        </extensions>
      </trkpt>
      <trkpt lat="29.28982545621693134307861328125" lon="117.24740333855152130126953125">
        <ele>33</ele>
        <time>2026-08-19T21:29:47.000Z</time>
        <extensions>
          <ns3:TrackPointExtension>
            <ns3:hr>126</ns3:hr>
            <ns3:cad>88</ns3:cad>
          </ns3:TrackPointExtension>
        </extensions>
      </trkpt>
      <trkpt lat="29.28983442485332489013671875" lon="117.247431166470050811767578125">
        <ele>32.799999237060546875</ele>
        <time>2026-08-19T21:29:48.000Z</time>
        <extensions>
          <ns3:TrackPointExtension>
            <ns3:hr>127</ns3:hr>
            <ns3:cad>88</ns3:cad>
          </ns3:TrackPointExtension>
        </extensions>
      </trkpt>
      <trkpt lat="29.28984892554581165313720703125" lon="117.24744650535285472869873046875">
        <ele>32.799999237060546875</ele>
        <time>2026-08-19T21:29:49.000Z</time>
        <extensions>
          <ns3:TrackPointExtension>
            <ns3:hr>127</ns3:hr>
            <ns3:cad>89</ns3:cad>
          </ns3:TrackPointExtension>
        </extensions>
      </trkpt>
      <trkpt lat="29.289862923324108123779296875" lon="117.24747416563332080841064453125">
        <ele>32.799999237060546875</ele>
        <time>2026-08-19T21:29:50.000Z</time>
        <extensions>
          <ns3:TrackPointExtension>
            <ns3:hr>128</ns3:hr>
            <ns3:cad>89</ns3:cad>
          </ns3:TrackPointExtension>
        </extensions>
      </trkpt>
      <trkpt lat="29.28987574763596057891845703125" lon="117.2474930249154567718505859375">
        <ele>32.799999237060546875</ele>
        <time>2026-08-19T21:29:51.000Z</time>
        <extensions>
          <ns3:TrackPointExtension>
            <ns3:hr>128</ns3:hr>
            <ns3:cad>89</ns3:cad>
          </ns3:TrackPointExtension>
        </extensions>
      </trkpt>
      <trkpt lat="29.28988697938621044158935546875" lon="117.24751674570143222808837890625">
        <ele>32.799999237060546875</ele>
        <time>2026-08-19T21:29:52.000Z</time>
        <extensions>
          <ns3:TrackPointExtension>
            <ns3:hr>128</ns3:hr>
            <ns3:cad>89</ns3:cad>
          </ns3:TrackPointExtension>
        </extensions>
      </trkpt>
      <trkpt lat="29.2898989655077457427978515625" lon="117.247537113726139068603515625">
        <ele>32.799999237060546875</ele>
        <time>2026-08-19T21:29:53.000Z</time>
        <extensions>
          <ns3:TrackPointExtension>
            <ns3:hr>128</ns3:hr>
            <ns3:cad>89</ns3:cad>
          </ns3:TrackPointExtension>
        </extensions>
      </trkpt>
      <trkpt lat="29.28991329856216907501220703125" lon="117.2475617565214633941650390625">
        <ele>32.799999237060546875</ele>
        <time>2026-08-19T21:29:54.000Z</time>
        <extensions>
          <ns3:TrackPointExtension>
            <ns3:hr>129</ns3:hr>
            <ns3:cad>89</ns3:cad>
          </ns3:TrackPointExtension>
        </extensions>
      </trkpt>
      <trkpt lat="29.28992402739822864532470703125" lon="117.24757768213748931884765625">
        <ele>33</ele>
        <time>2026-08-19T21:29:55.000Z</time>
        <extensions>
          <ns3:TrackPointExtension>
            <ns3:hr>129</ns3:hr>
            <ns3:cad>89</ns3:cad>
          </ns3:TrackPointExtension>
        </extensions>
      </trkpt>
      <trkpt lat="29.289941377937793731689453125" lon="117.24760073237121105194091796875">
        <ele>33</ele>
        <time>2026-08-19T21:29:56.000Z</time>
        <extensions>
          <ns3:TrackPointExtension>
            <ns3:hr>129</ns3:hr>
            <ns3:cad>89</ns3:cad>
          </ns3:TrackPointExtension>
        </extensions>
      </trkpt>
      <trkpt lat="29.28995319642126560211181640625" lon="117.247622273862361907958984375">
        <ele>33.200000762939453125</ele>
        <time>2026-08-19T21:29:57.000Z</time>
        <extensions>
          <ns3:TrackPointExtension>
            <ns3:hr>130</ns3:hr>
            <ns3:cad>91</ns3:cad>
          </ns3:TrackPointExtension>
        </extensions>
      </trkpt>
      <trkpt lat="29.2899673618376255035400390625" lon="117.24764398299157619476318359375">
        <ele>33.200000762939453125</ele>
        <time>2026-08-19T21:29:58.000Z</time>
        <extensions>
          <ns3:TrackPointExtension>
            <ns3:hr>130</ns3:hr>
            <ns3:cad>91</ns3:cad>
          </ns3:TrackPointExtension>
        </extensions>
      </trkpt>
      <trkpt lat="29.28998169489204883575439453125" lon="117.2476633451879024505615234375">
        <ele>33.200000762939453125</ele>
        <time>2026-08-19T21:29:59.000Z</time>
        <extensions>
          <ns3:TrackPointExtension>
            <ns3:hr>131</ns3:hr>
            <ns3:cad>91</ns3:cad>
          </ns3:TrackPointExtension>
        </extensions>
      </trkpt>
      <trkpt lat="29.28999108262360095977783203125" lon="117.24769108928740024566650390625">
        <ele>33.40000152587890625</ele>
        <time>2026-08-19T21:30:00.000Z</time>
        <extensions>
          <ns3:TrackPointExtension>
            <ns3:hr>131</ns3:hr>
            <ns3:cad>91</ns3:cad>
          </ns3:TrackPointExtension>
        </extensions>
      </trkpt>
      <trkpt lat="29.29000633768737316131591796875" lon="117.24771187640726566314697265625">
        <ele>33.40000152587890625</ele>
        <time>2026-08-19T21:30:01.000Z</time>
        <extensions>
          <ns3:TrackPointExtension>
            <ns3:hr>131</ns3:hr>
            <ns3:cad>91</ns3:cad>
          </ns3:TrackPointExtension>
        </extensions>
      </trkpt>
      <trkpt lat="29.29001790471374988555908203125" lon="117.24773584865033626556396484375">
        <ele>33.40000152587890625</ele>
        <time>2026-08-19T21:30:02.000Z</time>
        <extensions>
          <ns3:TrackPointExtension>
            <ns3:hr>132</ns3:hr>
            <ns3:cad>91</ns3:cad>
          </ns3:TrackPointExtension>
        </extensions>
      </trkpt>
      <trkpt lat="29.2900320701301097869873046875" lon="117.24775361828505992889404296875">
        <ele>33.40000152587890625</ele>
        <time>2026-08-19T21:30:03.000Z</time>
        <extensions>
          <ns3:TrackPointExtension>
            <ns3:hr>132</ns3:hr>
            <ns3:cad>90</ns3:cad>
          </ns3:TrackPointExtension>
        </extensions>
      </trkpt>
      <trkpt lat="29.2900461517274379730224609375" lon="117.2477800212800502777099609375">
        <ele>33.40000152587890625</ele>
        <time>2026-08-19T21:30:04.000Z</time>
        <extensions>
          <ns3:TrackPointExtension>
            <ns3:hr>132</ns3:hr>
            <ns3:cad>90</ns3:cad>
          </ns3:TrackPointExtension>
        </extensions>
      </trkpt>
      <trkpt lat="29.290062747895717620849609375" lon="117.2477967850863933563232421875">
        <ele>33.59999847412109375</ele>
        <time>2026-08-19T21:30:05.000Z</time>
        <extensions>
          <ns3:TrackPointExtension>
            <ns3:hr>132</ns3:hr>
            <ns3:cad>89</ns3:cad>
          </ns3:TrackPointExtension>
        </extensions>
      </trkpt>
      <trkpt lat="29.2900776676833629608154296875" lon="117.247822098433971405029296875">
        <ele>33.40000152587890625</ele>
        <time>2026-08-19T21:30:06.000Z</time>
        <extensions>
          <ns3:TrackPointExtension>
            <ns3:hr>132</ns3:hr>
            <ns3:cad>89</ns3:cad>
          </ns3:TrackPointExtension>
        </extensions>
      </trkpt>
      <trkpt lat="29.29009149782359600067138671875" lon="117.2478370182216167449951171875">
        <ele>33.59999847412109375</ele>
        <time>2026-08-19T21:30:07.000Z</time>
        <extensions>
          <ns3:TrackPointExtension>
            <ns3:hr>132</ns3:hr>
            <ns3:cad>89</ns3:cad>
          </ns3:TrackPointExtension>
        </extensions>
      </trkpt>
      <trkpt lat="29.29010624997317790985107421875" lon="117.24786526523530483245849609375">
        <ele>33.59999847412109375</ele>
        <time>2026-08-19T21:30:08.000Z</time>
        <extensions>
          <ns3:TrackPointExtension>
            <ns3:hr>132</ns3:hr>
            <ns3:cad>89</ns3:cad>
          </ns3:TrackPointExtension>
        </extensions>
      </trkpt>
      <trkpt lat="29.29012452252209186553955078125" lon="117.2478802688419818878173828125">
        <ele>33.59999847412109375</ele>
        <time>2026-08-19T21:30:09.000Z</time>
        <extensions>
          <ns3:TrackPointExtension>
            <ns3:hr>132</ns3:hr>
            <ns3:cad>88</ns3:cad>
          </ns3:TrackPointExtension>
        </extensions>
      </trkpt>
      <trkpt lat="29.29013759829103946685791015625" lon="117.24791069515049457550048828125">
        <ele>33.59999847412109375</ele>
        <time>2026-08-19T21:30:10.000Z</time>
        <extensions>
          <ns3:TrackPointExtension>
            <ns3:hr>132</ns3:hr>
            <ns3:cad>88</ns3:cad>
          </ns3:TrackPointExtension>
        </extensions>
      </trkpt>
      <trkpt lat="29.29015218280255794525146484375" lon="117.247925363481044769287109375">
        <ele>33.799999237060546875</ele>
        <time>2026-08-19T21:30:11.000Z</time>
        <extensions>
          <ns3:TrackPointExtension>
            <ns3:hr>132</ns3:hr>
            <ns3:cad>88</ns3:cad>
          </ns3:TrackPointExtension>
        </extensions>
      </trkpt>
      <trkpt lat="29.2901641689240932464599609375" lon="117.24795193411409854888916015625">
        <ele>33.799999237060546875</ele>
        <time>2026-08-19T21:30:12.000Z</time>
        <extensions>
          <ns3:TrackPointExtension>
            <ns3:hr>132</ns3:hr>
            <ns3:cad>89</ns3:cad>
          </ns3:TrackPointExtension>
        </extensions>
      </trkpt>
      <trkpt lat="29.29018051363527774810791015625" lon="117.24796794354915618896484375">
        <ele>33.799999237060546875</ele>
        <time>2026-08-19T21:30:13.000Z</time>
        <extensions>
          <ns3:TrackPointExtension>
            <ns3:hr>132</ns3:hr>
            <ns3:cad>90</ns3:cad>
          </ns3:TrackPointExtension>
        </extensions>
      </trkpt>
      <trkpt lat="29.29019425995647907257080078125" lon="117.24799434654414653778076171875">
        <ele>34</ele>
        <time>2026-08-19T21:30:14.000Z</time>
        <extensions>
          <ns3:TrackPointExtension>
            <ns3:hr>132</ns3:hr>
            <ns3:cad>90</ns3:cad>
          </ns3:TrackPointExtension>
        </extensions>
      </trkpt>
      <trkpt lat="29.29021001793444156646728515625" lon="117.24801295436918735504150390625">
        <ele>34</ele>
        <time>2026-08-19T21:30:15.000Z</time>
        <extensions>
          <ns3:TrackPointExtension>
            <ns3:hr>131</ns3:hr>
            <ns3:cad>90</ns3:cad>
          </ns3:TrackPointExtension>
        </extensions>
      </trkpt>
      <trkpt lat="29.29022376425564289093017578125" lon="117.24803893826901912689208984375">
        <ele>34</ele>
        <time>2026-08-19T21:30:16.000Z</time>
        <extensions>
          <ns3:TrackPointExtension>
            <ns3:hr>131</ns3:hr>
            <ns3:cad>90</ns3:cad>
          </ns3:TrackPointExtension>
        </extensions>
      </trkpt>
      <trkpt lat="29.29024019278585910797119140625" lon="117.2480566240847110748291015625">
        <ele>34.200000762939453125</ele>
        <time>2026-08-19T21:30:17.000Z</time>
        <extensions>
          <ns3:TrackPointExtension>
            <ns3:hr>131</ns3:hr>
            <ns3:cad>91</ns3:cad>
          </ns3:TrackPointExtension>
        </extensions>
      </trkpt>
      <trkpt lat="29.2902540229260921478271484375" lon="117.2480807639658451080322265625">
        <ele>34.200000762939453125</ele>
        <time>2026-08-19T21:30:18.000Z</time>
        <extensions>
          <ns3:TrackPointExtension>
            <ns3:hr>130</ns3:hr>
            <ns3:cad>91</ns3:cad>
          </ns3:TrackPointExtension>
        </extensions>
      </trkpt>
      <trkpt lat="29.290270619094371795654296875" lon="117.248099036514759063720703125">
        <ele>34.200000762939453125</ele>
        <time>2026-08-19T21:30:19.000Z</time>
        <extensions>
          <ns3:TrackPointExtension>
            <ns3:hr>130</ns3:hr>
            <ns3:cad>91</ns3:cad>
          </ns3:TrackPointExtension>
        </extensions>
      </trkpt>
      <trkpt lat="29.29028511978685855865478515625" lon="117.248121164739131927490234375">
        <ele>34.200000762939453125</ele>
        <time>2026-08-19T21:30:20.000Z</time>
        <extensions>
          <ns3:TrackPointExtension>
            <ns3:hr>129</ns3:hr>
            <ns3:cad>91</ns3:cad>
          </ns3:TrackPointExtension>
        </extensions>
      </trkpt>
      <trkpt lat="29.2903004586696624755859375" lon="117.24813784472644329071044921875">
        <ele>34.200000762939453125</ele>
        <time>2026-08-19T21:30:21.000Z</time>
        <extensions>
          <ns3:TrackPointExtension>
            <ns3:hr>129</ns3:hr>
            <ns3:cad>90</ns3:cad>
          </ns3:TrackPointExtension>
        </extensions>
      </trkpt>
      <trkpt lat="29.290309846401214599609375" lon="117.24816240370273590087890625">
        <ele>34.200000762939453125</ele>
        <time>2026-08-19T21:30:22.000Z</time>
        <extensions>
          <ns3:TrackPointExtension>
            <ns3:hr>129</ns3:hr>
            <ns3:cad>90</ns3:cad>
          </ns3:TrackPointExtension>
        </extensions>
      </trkpt>
      <trkpt lat="29.29032485000789165496826171875" lon="117.2481845319271087646484375">
        <ele>34.200000762939453125</ele>
        <time>2026-08-19T21:30:23.000Z</time>
        <extensions>
          <ns3:TrackPointExtension>
            <ns3:hr>129</ns3:hr>
            <ns3:cad>90</ns3:cad>
          </ns3:TrackPointExtension>
        </extensions>
      </trkpt>
      <trkpt lat="29.2903361655771732330322265625" lon="117.2482068277895450592041015625">
        <ele>34.200000762939453125</ele>
        <time>2026-08-19T21:30:24.000Z</time>
        <extensions>
          <ns3:TrackPointExtension>
            <ns3:hr>129</ns3:hr>
            <ns3:cad>90</ns3:cad>
          </ns3:TrackPointExtension>
        </extensions>
      </trkpt>
      <trkpt lat="29.2903512530028820037841796875" lon="117.24822702817618846893310546875">
        <ele>34.200000762939453125</ele>
        <time>2026-08-19T21:30:25.000Z</time>
        <extensions>
          <ns3:TrackPointExtension>
            <ns3:hr>128</ns3:hr>
            <ns3:cad>90</ns3:cad>
          </ns3:TrackPointExtension>
        </extensions>
      </trkpt>
      <trkpt lat="29.29036416113376617431640625" lon="117.24824848584830760955810546875">
        <ele>34.200000762939453125</ele>
        <time>2026-08-19T21:30:26.000Z</time>
        <extensions>
          <ns3:TrackPointExtension>
            <ns3:hr>128</ns3:hr>
            <ns3:cad>90</ns3:cad>
          </ns3:TrackPointExtension>
        </extensions>
      </trkpt>
      <trkpt lat="29.290379583835601806640625" lon="117.2482678480446338653564453125">
        <ele>34.200000762939453125</ele>
        <time>2026-08-19T21:30:27.000Z</time>
        <extensions>
          <ns3:TrackPointExtension>
            <ns3:hr>128</ns3:hr>
            <ns3:cad>90</ns3:cad>
          </ns3:TrackPointExtension>
        </extensions>
      </trkpt>
      <trkpt lat="29.29039341397583484649658203125" lon="117.248290479183197021484375">
        <ele>34.200000762939453125</ele>
        <time>2026-08-19T21:30:28.000Z</time>
        <extensions>
          <ns3:TrackPointExtension>
            <ns3:hr>127</ns3:hr>
            <ns3:cad>90</ns3:cad>
          </ns3:TrackPointExtension>
        </extensions>
      </trkpt>
      <trkpt lat="29.29040950722992420196533203125" lon="117.24831185303628444671630859375">
        <ele>34.200000762939453125</ele>
        <time>2026-08-19T21:30:29.000Z</time>
        <extensions>
          <ns3:TrackPointExtension>
            <ns3:hr>128</ns3:hr>
            <ns3:cad>90</ns3:cad>
          </ns3:TrackPointExtension>
        </extensions>
      </trkpt>
      <trkpt lat="29.29042140953242778778076171875" lon="117.2483347356319427490234375">
        <ele>34.200000762939453125</ele>
        <time>2026-08-19T21:30:30.000Z</time>
        <extensions>
          <ns3:TrackPointExtension>
            <ns3:hr>127</ns3:hr>
            <ns3:cad>90</ns3:cad>
          </ns3:TrackPointExtension>
        </extensions>
      </trkpt>
      <trkpt lat="29.2904370836913585662841796875" lon="117.24835426546633243560791015625">
        <ele>34.40000152587890625</ele>
        <time>2026-08-19T21:30:31.000Z</time>
        <extensions>
          <ns3:TrackPointExtension>
            <ns3:hr>127</ns3:hr>
            <ns3:cad>90</ns3:cad>
          </ns3:TrackPointExtension>
        </extensions>
      </trkpt>
      <trkpt lat="29.2904504947364330291748046875" lon="117.24837563931941986083984375">
        <ele>34.40000152587890625</ele>
        <time>2026-08-19T21:30:32.000Z</time>
        <extensions>
          <ns3:TrackPointExtension>
            <ns3:hr>128</ns3:hr>
            <ns3:cad>90</ns3:cad>
          </ns3:TrackPointExtension>
        </extensions>
      </trkpt>
      <trkpt lat="29.29046264849603176116943359375" lon="117.2483965940773487091064453125">
        <ele>34.40000152587890625</ele>
        <time>2026-08-19T21:30:33.000Z</time>
        <extensions>
          <ns3:TrackPointExtension>
            <ns3:hr>128</ns3:hr>
            <ns3:cad>90</ns3:cad>
          </ns3:TrackPointExtension>
        </extensions>
      </trkpt>
      <trkpt lat="29.29047304205596446990966796875" lon="117.248419560492038726806640625">
        <ele>34.40000152587890625</ele>
        <time>2026-08-19T21:30:34.000Z</time>
        <extensions>
          <ns3:TrackPointExtension>
            <ns3:hr>128</ns3:hr>
            <ns3:cad>90</ns3:cad>
          </ns3:TrackPointExtension>
        </extensions>
      </trkpt>
      <trkpt lat="29.290485195815563201904296875" lon="117.2484438680112361907958984375">
        <ele>34.40000152587890625</ele>
        <time>2026-08-19T21:30:35.000Z</time>
        <extensions>
          <ns3:TrackPointExtension>
            <ns3:hr>128</ns3:hr>
            <ns3:cad>90</ns3:cad>
          </ns3:TrackPointExtension>
        </extensions>
      </trkpt>
      <trkpt lat="29.290497936308383941650390625" lon="117.24846540950238704681396484375">
        <ele>34.40000152587890625</ele>
        <time>2026-08-19T21:30:36.000Z</time>
        <extensions>
          <ns3:TrackPointExtension>
            <ns3:hr>128</ns3:hr>
            <ns3:cad>90</ns3:cad>
          </ns3:TrackPointExtension>
        </extensions>
      </trkpt>
      <trkpt lat="29.29051226936280727386474609375" lon="117.24849206395447254180908203125">
        <ele>34.40000152587890625</ele>
        <time>2026-08-19T21:30:37.000Z</time>
        <extensions>
          <ns3:TrackPointExtension>
            <ns3:hr>127</ns3:hr>
            <ns3:cad>90</ns3:cad>
          </ns3:TrackPointExtension>
        </extensions>
      </trkpt>
      <trkpt lat="29.29052769206464290618896484375" lon="117.24850731901824474334716796875">
        <ele>34.40000152587890625</ele>
        <time>2026-08-19T21:30:38.000Z</time>
        <extensions>
          <ns3:TrackPointExtension>
            <ns3:hr>127</ns3:hr>
            <ns3:cad>90</ns3:cad>
          </ns3:TrackPointExtension>
        </extensions>
      </trkpt>
      <trkpt lat="29.29054345004260540008544921875" lon="117.2485330514609813690185546875">
        <ele>34.40000152587890625</ele>
        <time>2026-08-19T21:30:39.000Z</time>
        <extensions>
          <ns3:TrackPointExtension>
            <ns3:hr>127</ns3:hr>
            <ns3:cad>90</ns3:cad>
          </ns3:TrackPointExtension>
        </extensions>
      </trkpt>
      <trkpt lat="29.29055870510637760162353515625" lon="117.2485528327524662017822265625">
        <ele>34.40000152587890625</ele>
        <time>2026-08-19T21:30:40.000Z</time>
        <extensions>
          <ns3:TrackPointExtension>
            <ns3:hr>127</ns3:hr>
            <ns3:cad>90</ns3:cad>
          </ns3:TrackPointExtension>
        </extensions>
      </trkpt>
      <trkpt lat="29.2905725352466106414794921875" lon="117.24857873283326625823974609375">
        <ele>34.40000152587890625</ele>
        <time>2026-08-19T21:30:41.000Z</time>
        <extensions>
          <ns3:TrackPointExtension>
            <ns3:hr>128</ns3:hr>
            <ns3:cad>91</ns3:cad>
          </ns3:TrackPointExtension>
        </extensions>
      </trkpt>
      <trkpt lat="29.29058753885328769683837890625" lon="117.24859650246798992156982421875">
        <ele>34.59999847412109375</ele>
        <time>2026-08-19T21:30:42.000Z</time>
        <extensions>
          <ns3:TrackPointExtension>
            <ns3:hr>128</ns3:hr>
            <ns3:cad>91</ns3:cad>
          </ns3:TrackPointExtension>
        </extensions>
      </trkpt>
      <trkpt lat="29.29060178808867931365966796875" lon="117.24862240254878997802734375">
        <ele>34.59999847412109375</ele>
        <time>2026-08-19T21:30:43.000Z</time>
        <extensions>
          <ns3:TrackPointExtension>
            <ns3:hr>128</ns3:hr>
            <ns3:cad>91</ns3:cad>
          </ns3:TrackPointExtension>
        </extensions>
      </trkpt>
      <trkpt lat="29.290613941848278045654296875" lon="117.2486403398215770721435546875">
        <ele>34.59999847412109375</ele>
        <time>2026-08-19T21:30:44.000Z</time>
        <extensions>
          <ns3:TrackPointExtension>
            <ns3:hr>127</ns3:hr>
            <ns3:cad>92</ns3:cad>
          </ns3:TrackPointExtension>
        </extensions>
      </trkpt>
      <trkpt lat="29.290628693997859954833984375" lon="117.2486664913594722747802734375">
        <ele>34.59999847412109375</ele>
        <time>2026-08-19T21:30:45.000Z</time>
        <extensions>
          <ns3:TrackPointExtension>
            <ns3:hr>127</ns3:hr>
            <ns3:cad>92</ns3:cad>
          </ns3:TrackPointExtension>
        </extensions>
      </trkpt>
      <trkpt lat="29.29064352996647357940673828125" lon="117.24868250079452991485595703125">
        <ele>34.59999847412109375</ele>
        <time>2026-08-19T21:30:46.000Z</time>
        <extensions>
          <ns3:TrackPointExtension>
            <ns3:hr>127</ns3:hr>
            <ns3:cad>92</ns3:cad>
          </ns3:TrackPointExtension>
        </extensions>
      </trkpt>
      <trkpt lat="29.29065744392573833465576171875" lon="117.24871368147432804107666015625">
        <ele>34.59999847412109375</ele>
        <time>2026-08-19T21:30:47.000Z</time>
        <extensions>
          <ns3:TrackPointExtension>
            <ns3:hr>128</ns3:hr>
            <ns3:cad>92</ns3:cad>
          </ns3:TrackPointExtension>
        </extensions>
      </trkpt>
      <trkpt lat="29.29067202843725681304931640625" lon="117.24873379804193973541259765625">
        <ele>34.59999847412109375</ele>
        <time>2026-08-19T21:30:48.000Z</time>
        <extensions>
          <ns3:TrackPointExtension>
            <ns3:hr>128</ns3:hr>
            <ns3:cad>92</ns3:cad>
          </ns3:TrackPointExtension>
        </extensions>
      </trkpt>
      <trkpt lat="29.29068409837782382965087890625" lon="117.24876766093075275421142578125">
        <ele>34.59999847412109375</ele>
        <time>2026-08-19T21:30:49.000Z</time>
        <extensions>
          <ns3:TrackPointExtension>
            <ns3:hr>129</ns3:hr>
            <ns3:cad>92</ns3:cad>
          </ns3:TrackPointExtension>
        </extensions>
      </trkpt>
      <trkpt lat="29.29070086218416690826416015625" lon="117.24878358654677867889404296875">
        <ele>34.59999847412109375</ele>
        <time>2026-08-19T21:30:50.000Z</time>
        <extensions>
          <ns3:TrackPointExtension>
            <ns3:hr>129</ns3:hr>
            <ns3:cad>92</ns3:cad>
          </ns3:TrackPointExtension>
        </extensions>
      </trkpt>
      <trkpt lat="29.29071343503892421722412109375" lon="117.24881174974143505096435546875">
        <ele>34.40000152587890625</ele>
        <time>2026-08-19T21:30:51.000Z</time>
        <extensions>
          <ns3:TrackPointExtension>
            <ns3:hr>129</ns3:hr>
            <ns3:cad>92</ns3:cad>
          </ns3:TrackPointExtension>
        </extensions>
      </trkpt>
      <trkpt lat="29.29072952829301357269287109375" lon="117.24882700480520725250244140625">
        <ele>34.40000152587890625</ele>
        <time>2026-08-19T21:30:52.000Z</time>
        <extensions>
          <ns3:TrackPointExtension>
            <ns3:hr>129</ns3:hr>
            <ns3:cad>92</ns3:cad>
          </ns3:TrackPointExtension>
        </extensions>
      </trkpt>
      <trkpt lat="29.290740676224231719970703125" lon="117.2488569281995296478271484375">
        <ele>34.40000152587890625</ele>
        <time>2026-08-19T21:30:53.000Z</time>
        <extensions>
          <ns3:TrackPointExtension>
            <ns3:hr>129</ns3:hr>
            <ns3:cad>92</ns3:cad>
          </ns3:TrackPointExtension>
        </extensions>
      </trkpt>
      <trkpt lat="29.29075584746897220611572265625" lon="117.2488726861774921417236328125">
        <ele>34.40000152587890625</ele>
        <time>2026-08-19T21:30:54.000Z</time>
        <extensions>
          <ns3:TrackPointExtension>
            <ns3:hr>129</ns3:hr>
            <ns3:cad>92</ns3:cad>
          </ns3:TrackPointExtension>
        </extensions>
      </trkpt>
      <trkpt lat="29.29077026434242725372314453125" lon="117.24889959208667278289794921875">
        <ele>34.40000152587890625</ele>
        <time>2026-08-19T21:30:55.000Z</time>
        <extensions>
          <ns3:TrackPointExtension>
            <ns3:hr>129</ns3:hr>
            <ns3:cad>90</ns3:cad>
          </ns3:TrackPointExtension>
        </extensions>
      </trkpt>
      <trkpt lat="29.2907871119678020477294921875" lon="117.24891535006463527679443359375">
        <ele>34.40000152587890625</ele>
        <time>2026-08-19T21:30:56.000Z</time>
        <extensions>
          <ns3:TrackPointExtension>
            <ns3:hr>128</ns3:hr>
            <ns3:cad>90</ns3:cad>
          </ns3:TrackPointExtension>
        </extensions>
      </trkpt>
      <trkpt lat="29.29080002009868621826171875" lon="117.2489409148693084716796875">
        <ele>34.40000152587890625</ele>
        <time>2026-08-19T21:30:57.000Z</time>
        <extensions>
          <ns3:TrackPointExtension>
            <ns3:hr>129</ns3:hr>
            <ns3:cad>90</ns3:cad>
          </ns3:TrackPointExtension>
        </extensions>
      </trkpt>
      <trkpt lat="29.29081602953374385833740234375" lon="117.24895994178950786590576171875">
        <ele>34.40000152587890625</ele>
        <time>2026-08-19T21:30:58.000Z</time>
        <extensions>
          <ns3:TrackPointExtension>
            <ns3:hr>129</ns3:hr>
            <ns3:cad>90</ns3:cad>
          </ns3:TrackPointExtension>
        </extensions>
      </trkpt>
      <trkpt lat="29.2908296920359134674072265625" lon="117.24898693151772022247314453125">
        <ele>34.40000152587890625</ele>
        <time>2026-08-19T21:30:59.000Z</time>
        <extensions>
          <ns3:TrackPointExtension>
            <ns3:hr>129</ns3:hr>
            <ns3:cad>91</ns3:cad>
          </ns3:TrackPointExtension>
        </extensions>
      </trkpt>
      <trkpt lat="29.29084653966128826141357421875" lon="117.24900688044726848602294921875">
        <ele>34.40000152587890625</ele>
        <time>2026-08-19T21:31:00.000Z</time>
        <extensions>
          <ns3:TrackPointExtension>
            <ns3:hr>129</ns3:hr>
            <ns3:cad>91</ns3:cad>
          </ns3:TrackPointExtension>
        </extensions>
      </trkpt>
      <trkpt lat="29.2908588610589504241943359375" lon="117.249034456908702850341796875">
        <ele>34.40000152587890625</ele>
        <time>2026-08-19T21:31:01.000Z</time>
        <extensions>
          <ns3:TrackPointExtension>
            <ns3:hr>129</ns3:hr>
            <ns3:cad>91</ns3:cad>
          </ns3:TrackPointExtension>
        </extensions>
      </trkpt>
      <trkpt lat="29.29087235592305660247802734375" lon="117.24905331619083881378173828125">
        <ele>34.40000152587890625</ele>
        <time>2026-08-19T21:31:02.000Z</time>
        <extensions>
          <ns3:TrackPointExtension>
            <ns3:hr>129</ns3:hr>
            <ns3:cad>92</ns3:cad>
          </ns3:TrackPointExtension>
        </extensions>
      </trkpt>
      <trkpt lat="29.29087973199784755706787109375" lon="117.2490768693387508392333984375">
        <ele>34.40000152587890625</ele>
        <time>2026-08-19T21:31:03.000Z</time>
        <extensions>
          <ns3:TrackPointExtension>
            <ns3:hr>129</ns3:hr>
            <ns3:cad>92</ns3:cad>
          </ns3:TrackPointExtension>
        </extensions>
      </trkpt>
      <trkpt lat="29.2908944003283977508544921875" lon="117.24909908138215541839599609375">
        <ele>34.40000152587890625</ele>
        <time>2026-08-19T21:31:04.000Z</time>
        <extensions>
          <ns3:TrackPointExtension>
            <ns3:hr>129</ns3:hr>
            <ns3:cad>92</ns3:cad>
          </ns3:TrackPointExtension>
        </extensions>
      </trkpt>
      <trkpt lat="29.2909064702689647674560546875" lon="117.249125652015209197998046875">
        <ele>34.40000152587890625</ele>
        <time>2026-08-19T21:31:05.000Z</time>
        <extensions>
          <ns3:TrackPointExtension>
            <ns3:hr>129</ns3:hr>
            <ns3:cad>92</ns3:cad>
          </ns3:TrackPointExtension>
        </extensions>
      </trkpt>
      <trkpt lat="29.29092449136078357696533203125" lon="117.24915155209600925445556640625">
        <ele>34.40000152587890625</ele>
        <time>2026-08-19T21:31:06.000Z</time>
        <extensions>
          <ns3:TrackPointExtension>
            <ns3:hr>129</ns3:hr>
            <ns3:cad>92</ns3:cad>
          </ns3:TrackPointExtension>
        </extensions>
      </trkpt>
      <trkpt lat="29.290938489139080047607421875" lon="117.24916932173073291778564453125">
        <ele>34.40000152587890625</ele>
        <time>2026-08-19T21:31:07.000Z</time>
        <extensions>
          <ns3:TrackPointExtension>
            <ns3:hr>129</ns3:hr>
            <ns3:cad>92</ns3:cad>
          </ns3:TrackPointExtension>
        </extensions>
      </trkpt>
      <trkpt lat="29.290955923497676849365234375" lon="117.24919530563056468963623046875">
        <ele>34.40000152587890625</ele>
        <time>2026-08-19T21:31:08.000Z</time>
        <extensions>
          <ns3:TrackPointExtension>
            <ns3:hr>129</ns3:hr>
            <ns3:cad>92</ns3:cad>
          </ns3:TrackPointExtension>
        </extensions>
      </trkpt>
      <trkpt lat="29.29096874780952930450439453125" lon="117.2492176853120326995849609375">
        <ele>34.40000152587890625</ele>
        <time>2026-08-19T21:31:09.000Z</time>
        <extensions>
          <ns3:TrackPointExtension>
            <ns3:hr>129</ns3:hr>
            <ns3:cad>92</ns3:cad>
          </ns3:TrackPointExtension>
        </extensions>
      </trkpt>
      <trkpt lat="29.290981404483318328857421875" lon="117.24924727343022823333740234375">
        <ele>34.200000762939453125</ele>
        <time>2026-08-19T21:31:10.000Z</time>
        <extensions>
          <ns3:TrackPointExtension>
            <ns3:hr>129</ns3:hr>
            <ns3:cad>90</ns3:cad>
          </ns3:TrackPointExtension>
        </extensions>
      </trkpt>
      <trkpt lat="29.2909956537187099456787109375" lon="117.2492683120071887969970703125">
        <ele>34.200000762939453125</ele>
        <time>2026-08-19T21:31:11.000Z</time>
        <extensions>
          <ns3:TrackPointExtension>
            <ns3:hr>129</ns3:hr>
            <ns3:cad>90</ns3:cad>
          </ns3:TrackPointExtension>
        </extensions>
      </trkpt>
      <trkpt lat="29.2910097353160381317138671875" lon="117.2492981515824794769287109375">
        <ele>34.200000762939453125</ele>
        <time>2026-08-19T21:31:12.000Z</time>
        <extensions>
          <ns3:TrackPointExtension>
            <ns3:hr>129</ns3:hr>
            <ns3:cad>90</ns3:cad>
          </ns3:TrackPointExtension>
        </extensions>
      </trkpt>
      <trkpt lat="29.29101903922855854034423828125" lon="117.24931751377880573272705078125">
        <ele>34.200000762939453125</ele>
        <time>2026-08-19T21:31:13.000Z</time>
        <extensions>
          <ns3:TrackPointExtension>
            <ns3:hr>129</ns3:hr>
            <ns3:cad>90</ns3:cad>
          </ns3:TrackPointExtension>
        </extensions>
      </trkpt>
      <trkpt lat="29.29103110916912555694580078125" lon="117.24934567697346210479736328125">
        <ele>34.200000762939453125</ele>
        <time>2026-08-19T21:31:14.000Z</time>
        <extensions>
          <ns3:TrackPointExtension>
            <ns3:hr>129</ns3:hr>
            <ns3:cad>91</ns3:cad>
          </ns3:TrackPointExtension>
        </extensions>
      </trkpt>
      <trkpt lat="29.29104200564324855804443359375" lon="117.2493658773601055145263671875">
        <ele>34.200000762939453125</ele>
        <time>2026-08-19T21:31:15.000Z</time>
        <extensions>
          <ns3:TrackPointExtension>
            <ns3:hr>128</ns3:hr>
            <ns3:cad>91</ns3:cad>
          </ns3:TrackPointExtension>
        </extensions>
      </trkpt>
      <trkpt lat="29.29105591960251331329345703125" lon="117.24939286708831787109375">
        <ele>34.200000762939453125</ele>
        <time>2026-08-19T21:31:16.000Z</time>
        <extensions>
          <ns3:TrackPointExtension>
            <ns3:hr>128</ns3:hr>
            <ns3:cad>91</ns3:cad>
          </ns3:TrackPointExtension>
        </extensions>
      </trkpt>
      <trkpt lat="29.29106866009533405303955078125" lon="117.2494121454656124114990234375">
        <ele>34.200000762939453125</ele>
        <time>2026-08-19T21:31:17.000Z</time>
        <extensions>
          <ns3:TrackPointExtension>
            <ns3:hr>128</ns3:hr>
            <ns3:cad>90</ns3:cad>
          </ns3:TrackPointExtension>
        </extensions>
      </trkpt>
      <trkpt lat="29.2910804785788059234619140625" lon="117.249444834887981414794921875">
        <ele>34.200000762939453125</ele>
        <time>2026-08-19T21:31:18.000Z</time>
        <extensions>
          <ns3:TrackPointExtension>
            <ns3:hr>127</ns3:hr>
            <ns3:cad>91</ns3:cad>
          </ns3:TrackPointExtension>
        </extensions>
      </trkpt>
      <trkpt lat="29.29109414108097553253173828125" lon="117.24946838803589344024658203125">
        <ele>34.200000762939453125</ele>
        <time>2026-08-19T21:31:19.000Z</time>
        <extensions>
          <ns3:TrackPointExtension>
            <ns3:hr>127</ns3:hr>
            <ns3:cad>91</ns3:cad>
          </ns3:TrackPointExtension>
        </extensions>
      </trkpt>
      <trkpt lat="29.29110453464090824127197265625" lon="117.24949604831635951995849609375">
        <ele>34.200000762939453125</ele>
        <time>2026-08-19T21:31:20.000Z</time>
        <extensions>
          <ns3:TrackPointExtension>
            <ns3:hr>127</ns3:hr>
            <ns3:cad>91</ns3:cad>
          </ns3:TrackPointExtension>
        </extensions>
      </trkpt>
      <trkpt lat="29.29111543111503124237060546875" lon="117.24951415322721004486083984375">
        <ele>34.200000762939453125</ele>
        <time>2026-08-19T21:31:21.000Z</time>
        <extensions>
          <ns3:TrackPointExtension>
            <ns3:hr>127</ns3:hr>
            <ns3:cad>91</ns3:cad>
          </ns3:TrackPointExtension>
        </extensions>
      </trkpt>
      <trkpt lat="29.291124232113361358642578125" lon="117.24954667501151561737060546875">
        <ele>34.200000762939453125</ele>
        <time>2026-08-19T21:31:22.000Z</time>
        <extensions>
          <ns3:TrackPointExtension>
            <ns3:hr>128</ns3:hr>
            <ns3:cad>90</ns3:cad>
          </ns3:TrackPointExtension>
        </extensions>
      </trkpt>
      <trkpt lat="29.2911347933113574981689453125" lon="117.24957014434039592742919921875">
        <ele>34.200000762939453125</ele>
        <time>2026-08-19T21:31:23.000Z</time>
        <extensions>
          <ns3:TrackPointExtension>
            <ns3:hr>127</ns3:hr>
            <ns3:cad>90</ns3:cad>
          </ns3:TrackPointExtension>
        </extensions>
      </trkpt>
      <trkpt lat="29.29114401340484619140625" lon="117.2496059350669384002685546875">
        <ele>34.200000762939453125</ele>
        <time>2026-08-19T21:31:24.000Z</time>
        <extensions>
          <ns3:TrackPointExtension>
            <ns3:hr>127</ns3:hr>
            <ns3:cad>90</ns3:cad>
          </ns3:TrackPointExtension>
        </extensions>
      </trkpt>
      <trkpt lat="29.29115750826895236968994140625" lon="117.24962596781551837921142578125">
        <ele>34.200000762939453125</ele>
        <time>2026-08-19T21:31:25.000Z</time>
        <extensions>
          <ns3:TrackPointExtension>
            <ns3:hr>128</ns3:hr>
            <ns3:cad>90</ns3:cad>
          </ns3:TrackPointExtension>
        </extensions>
      </trkpt>
      <trkpt lat="29.29116790182888507843017578125" lon="117.249658070504665374755859375">
        <ele>34</ele>
        <time>2026-08-19T21:31:26.000Z</time>
        <extensions>
          <ns3:TrackPointExtension>
            <ns3:hr>127</ns3:hr>
            <ns3:cad>90</ns3:cad>
          </ns3:TrackPointExtension>
        </extensions>
      </trkpt>
      <trkpt lat="29.291181899607181549072265625" lon="117.2496813721954822540283203125">
        <ele>34</ele>
        <time>2026-08-19T21:31:27.000Z</time>
        <extensions>
          <ns3:TrackPointExtension>
            <ns3:hr>127</ns3:hr>
            <ns3:cad>90</ns3:cad>
          </ns3:TrackPointExtension>
        </extensions>
      </trkpt>
      <trkpt lat="29.2911904491484165191650390625" lon="117.24971347488462924957275390625">
        <ele>34</ele>
        <time>2026-08-19T21:31:28.000Z</time>
        <extensions>
          <ns3:TrackPointExtension>
            <ns3:hr>126</ns3:hr>
            <ns3:cad>90</ns3:cad>
          </ns3:TrackPointExtension>
        </extensions>
      </trkpt>
      <trkpt lat="29.29120193235576152801513671875" lon="117.24973157979547977447509765625">
        <ele>34</ele>
        <time>2026-08-19T21:31:29.000Z</time>
        <extensions>
          <ns3:TrackPointExtension>
            <ns3:hr>126</ns3:hr>
            <ns3:cad>90</ns3:cad>
          </ns3:TrackPointExtension>
        </extensions>
      </trkpt>
      <trkpt lat="29.29120930843055248260498046875" lon="117.24976074881851673126220703125">
        <ele>33.799999237060546875</ele>
        <time>2026-08-19T21:31:30.000Z</time>
        <extensions>
          <ns3:TrackPointExtension>
            <ns3:hr>126</ns3:hr>
            <ns3:cad>90</ns3:cad>
          </ns3:TrackPointExtension>
        </extensions>
      </trkpt>
      <trkpt lat="29.2912199534475803375244140625" lon="117.2497796081006526947021484375">
        <ele>33.799999237060546875</ele>
        <time>2026-08-19T21:31:31.000Z</time>
        <extensions>
          <ns3:TrackPointExtension>
            <ns3:hr>126</ns3:hr>
            <ns3:cad>90</ns3:cad>
          </ns3:TrackPointExtension>
        </extensions>
      </trkpt>
      <trkpt lat="29.2912269942462444305419921875" lon="117.24981062114238739013671875">
        <ele>33.799999237060546875</ele>
        <time>2026-08-19T21:31:32.000Z</time>
        <extensions>
          <ns3:TrackPointExtension>
            <ns3:hr>125</ns3:hr>
            <ns3:cad>90</ns3:cad>
          </ns3:TrackPointExtension>
        </extensions>
      </trkpt>
      <trkpt lat="29.2912410758435726165771484375" lon="117.2498340904712677001953125">
        <ele>33.799999237060546875</ele>
        <time>2026-08-19T21:31:33.000Z</time>
        <extensions>
          <ns3:TrackPointExtension>
            <ns3:hr>125</ns3:hr>
            <ns3:cad>90</ns3:cad>
          </ns3:TrackPointExtension>
        </extensions>
      </trkpt>
      <trkpt lat="29.29124669171869754791259765625" lon="117.24986518733203411102294921875">
        <ele>33.799999237060546875</ele>
        <time>2026-08-19T21:31:34.000Z</time>
        <extensions>
          <ns3:TrackPointExtension>
            <ns3:hr>126</ns3:hr>
            <ns3:cad>90</ns3:cad>
          </ns3:TrackPointExtension>
        </extensions>
      </trkpt>
      <trkpt lat="29.291259683668613433837890625" lon="117.249889075756072998046875">
        <ele>33.799999237060546875</ele>
        <time>2026-08-19T21:31:35.000Z</time>
        <extensions>
          <ns3:TrackPointExtension>
            <ns3:hr>126</ns3:hr>
            <ns3:cad>92</ns3:cad>
          </ns3:TrackPointExtension>
        </extensions>
      </trkpt>
      <trkpt lat="29.2912655510008335113525390625" lon="117.249919585883617401123046875">
        <ele>33.799999237060546875</ele>
        <time>2026-08-19T21:31:36.000Z</time>
        <extensions>
          <ns3:TrackPointExtension>
            <ns3:hr>126</ns3:hr>
            <ns3:cad>92</ns3:cad>
          </ns3:TrackPointExtension>
        </extensions>
      </trkpt>
      <trkpt lat="29.29127636365592479705810546875" lon="117.24994515068829059600830078125">
        <ele>33.799999237060546875</ele>
        <time>2026-08-19T21:31:37.000Z</time>
        <extensions>
          <ns3:TrackPointExtension>
            <ns3:hr>126</ns3:hr>
            <ns3:cad>92</ns3:cad>
          </ns3:TrackPointExtension>
        </extensions>
      </trkpt>
      <trkpt lat="29.29128407500684261322021484375" lon="117.249975912272930145263671875">
        <ele>33.799999237060546875</ele>
        <time>2026-08-19T21:31:38.000Z</time>
        <extensions>
          <ns3:TrackPointExtension>
            <ns3:hr>126</ns3:hr>
            <ns3:cad>92</ns3:cad>
          </ns3:TrackPointExtension>
        </extensions>
      </trkpt>
      <trkpt lat="29.291295222938060760498046875" lon="117.25000097416341304779052734375">
        <ele>33.799999237060546875</ele>
        <time>2026-08-19T21:31:39.000Z</time>
        <extensions>
          <ns3:TrackPointExtension>
            <ns3:hr>126</ns3:hr>
            <ns3:cad>91</ns3:cad>
          </ns3:TrackPointExtension>
        </extensions>
      </trkpt>
      <trkpt lat="29.29130083881318569183349609375" lon="117.25002863444387912750244140625">
        <ele>33.59999847412109375</ele>
        <time>2026-08-19T21:31:40.000Z</time>
        <extensions>
          <ns3:TrackPointExtension>
            <ns3:hr>126</ns3:hr>
            <ns3:cad>91</ns3:cad>
          </ns3:TrackPointExtension>
        </extensions>
      </trkpt>
      <trkpt lat="29.29130871780216693878173828125" lon="117.2500567138195037841796875">
        <ele>33.59999847412109375</ele>
        <time>2026-08-19T21:31:41.000Z</time>
        <extensions>
          <ns3:TrackPointExtension>
            <ns3:hr>126</ns3:hr>
            <ns3:cad>91</ns3:cad>
          </ns3:TrackPointExtension>
        </extensions>
      </trkpt>
      <trkpt lat="29.2913138307631015777587890625" lon="117.25008429028093814849853515625">
        <ele>33.59999847412109375</ele>
        <time>2026-08-19T21:31:42.000Z</time>
        <extensions>
          <ns3:TrackPointExtension>
            <ns3:hr>126</ns3:hr>
            <ns3:cad>91</ns3:cad>
          </ns3:TrackPointExtension>
        </extensions>
      </trkpt>
      <trkpt lat="29.29132246412336826324462890625" lon="117.2501135431230068206787109375">
        <ele>33.59999847412109375</ele>
        <time>2026-08-19T21:31:43.000Z</time>
        <extensions>
          <ns3:TrackPointExtension>
            <ns3:hr>125</ns3:hr>
            <ns3:cad>91</ns3:cad>
          </ns3:TrackPointExtension>
        </extensions>
      </trkpt>
      <trkpt lat="29.29132883436977863311767578125" lon="117.2501407004892826080322265625">
        <ele>33.59999847412109375</ele>
        <time>2026-08-19T21:31:44.000Z</time>
        <extensions>
          <ns3:TrackPointExtension>
            <ns3:hr>126</ns3:hr>
            <ns3:cad>91</ns3:cad>
          </ns3:TrackPointExtension>
        </extensions>
      </trkpt>
      <trkpt lat="29.2913369648158550262451171875" lon="117.25016869604587554931640625">
        <ele>33.59999847412109375</ele>
        <time>2026-08-19T21:31:45.000Z</time>
        <extensions>
          <ns3:TrackPointExtension>
            <ns3:hr>126</ns3:hr>
            <ns3:cad>91</ns3:cad>
          </ns3:TrackPointExtension>
        </extensions>
      </trkpt>
      <trkpt lat="29.29133989848196506500244140625" lon="117.2501933388411998748779296875">
        <ele>33.59999847412109375</ele>
        <time>2026-08-19T21:31:46.000Z</time>
        <extensions>
          <ns3:TrackPointExtension>
            <ns3:hr>126</ns3:hr>
            <ns3:cad>91</ns3:cad>
          </ns3:TrackPointExtension>
        </extensions>
      </trkpt>
      <trkpt lat="29.2913470230996608734130859375" lon="117.25021923892199993133544921875">
        <ele>33.59999847412109375</ele>
        <time>2026-08-19T21:31:47.000Z</time>
        <extensions>
          <ns3:TrackPointExtension>
            <ns3:hr>126</ns3:hr>
            <ns3:cad>90</ns3:cad>
          </ns3:TrackPointExtension>
        </extensions>
      </trkpt>
      <trkpt lat="29.29135163314640522003173828125" lon="117.25024589337408542633056640625">
        <ele>33.59999847412109375</ele>
        <time>2026-08-19T21:31:48.000Z</time>
        <extensions>
          <ns3:TrackPointExtension>
            <ns3:hr>126</ns3:hr>
            <ns3:cad>90</ns3:cad>
          </ns3:TrackPointExtension>
        </extensions>
      </trkpt>
      <trkpt lat="29.29135859012603759765625" lon="117.25027598440647125244140625">
        <ele>33.59999847412109375</ele>
        <time>2026-08-19T21:31:49.000Z</time>
        <extensions>
          <ns3:TrackPointExtension>
            <ns3:hr>126</ns3:hr>
            <ns3:cad>90</ns3:cad>
          </ns3:TrackPointExtension>
        </extensions>
      </trkpt>
      <trkpt lat="29.29136470891535282135009765625" lon="117.25030238740146160125732421875">
        <ele>33.59999847412109375</ele>
        <time>2026-08-19T21:31:50.000Z</time>
        <extensions>
          <ns3:TrackPointExtension>
            <ns3:hr>126</ns3:hr>
            <ns3:cad>90</ns3:cad>
          </ns3:TrackPointExtension>
        </extensions>
      </trkpt>
      <trkpt lat="29.2913701571524143218994140625" lon="117.25033231079578399658203125">
        <ele>33.59999847412109375</ele>
        <time>2026-08-19T21:31:51.000Z</time>
        <extensions>
          <ns3:TrackPointExtension>
            <ns3:hr>126</ns3:hr>
            <ns3:cad>91</ns3:cad>
          </ns3:TrackPointExtension>
        </extensions>
      </trkpt>
      <trkpt lat="29.2913760244846343994140625" lon="117.25035502575337886810302734375">
        <ele>33.59999847412109375</ele>
        <time>2026-08-19T21:31:52.000Z</time>
        <extensions>
          <ns3:TrackPointExtension>
            <ns3:hr>126</ns3:hr>
            <ns3:cad>92</ns3:cad>
          </ns3:TrackPointExtension>
        </extensions>
      </trkpt>
      <trkpt lat="29.29138130508363246917724609375" lon="117.25038520060479640960693359375">
        <ele>33.59999847412109375</ele>
        <time>2026-08-19T21:31:53.000Z</time>
        <extensions>
          <ns3:TrackPointExtension>
            <ns3:hr>126</ns3:hr>
            <ns3:cad>92</ns3:cad>
          </ns3:TrackPointExtension>
        </extensions>
      </trkpt>
      <trkpt lat="29.29139018990099430084228515625" lon="117.2504082508385181427001953125">
        <ele>33.40000152587890625</ele>
        <time>2026-08-19T21:31:54.000Z</time>
        <extensions>
          <ns3:TrackPointExtension>
            <ns3:hr>126</ns3:hr>
            <ns3:cad>92</ns3:cad>
          </ns3:TrackPointExtension>
        </extensions>
      </trkpt>
      <trkpt lat="29.2913953028619289398193359375" lon="117.25044270046055316925048828125">
        <ele>33.40000152587890625</ele>
        <time>2026-08-19T21:31:55.000Z</time>
        <extensions>
          <ns3:TrackPointExtension>
            <ns3:hr>126</ns3:hr>
            <ns3:cad>92</ns3:cad>
          </ns3:TrackPointExtension>
        </extensions>
      </trkpt>
      <trkpt lat="29.29140360094606876373291015625" lon="117.25046415813267230987548828125">
        <ele>33.40000152587890625</ele>
        <time>2026-08-19T21:31:56.000Z</time>
        <extensions>
          <ns3:TrackPointExtension>
            <ns3:hr>126</ns3:hr>
            <ns3:cad>91</ns3:cad>
          </ns3:TrackPointExtension>
        </extensions>
      </trkpt>
      <trkpt lat="29.29140628315508365631103515625" lon="117.25049835629761219024658203125">
        <ele>33.40000152587890625</ele>
        <time>2026-08-19T21:31:57.000Z</time>
        <extensions>
          <ns3:TrackPointExtension>
            <ns3:hr>126</ns3:hr>
            <ns3:cad>91</ns3:cad>
          </ns3:TrackPointExtension>
        </extensions>
      </trkpt>
      <trkpt lat="29.291414916515350341796875" lon="117.25052149035036563873291015625">
        <ele>33.40000152587890625</ele>
        <time>2026-08-19T21:31:58.000Z</time>
        <extensions>
          <ns3:TrackPointExtension>
            <ns3:hr>126</ns3:hr>
            <ns3:cad>91</ns3:cad>
          </ns3:TrackPointExtension>
        </extensions>
      </trkpt>
      <trkpt lat="29.2914164252579212188720703125" lon="117.25055300630629062652587890625">
        <ele>33.40000152587890625</ele>
        <time>2026-08-19T21:31:59.000Z</time>
        <extensions>
          <ns3:TrackPointExtension>
            <ns3:hr>126</ns3:hr>
            <ns3:cad>91</ns3:cad>
          </ns3:TrackPointExtension>
        </extensions>
      </trkpt>
      <trkpt lat="29.29142723791301250457763671875" lon="117.25057027302682399749755859375">
        <ele>33.40000152587890625</ele>
        <time>2026-08-19T21:32:00.000Z</time>
        <extensions>
          <ns3:TrackPointExtension>
            <ns3:hr>126</ns3:hr>
            <ns3:cad>91</ns3:cad>
          </ns3:TrackPointExtension>
        </extensions>
      </trkpt>
      <trkpt lat="29.29143193177878856658935546875" lon="117.25060095079243183135986328125">
        <ele>33.40000152587890625</ele>
        <time>2026-08-19T21:32:01.000Z</time>
        <extensions>
          <ns3:TrackPointExtension>
            <ns3:hr>126</ns3:hr>
            <ns3:cad>91</ns3:cad>
          </ns3:TrackPointExtension>
        </extensions>
      </trkpt>
      <trkpt lat="29.29144182242453098297119140625" lon="117.25062291137874126434326171875">
        <ele>33.40000152587890625</ele>
        <time>2026-08-19T21:32:02.000Z</time>
        <extensions>
          <ns3:TrackPointExtension>
            <ns3:hr>126</ns3:hr>
            <ns3:cad>91</ns3:cad>
          </ns3:TrackPointExtension>
        </extensions>
      </trkpt>
      <trkpt lat="29.29144534282386302947998046875" lon="117.25065685808658599853515625">
        <ele>33.40000152587890625</ele>
        <time>2026-08-19T21:32:03.000Z</time>
        <extensions>
          <ns3:TrackPointExtension>
            <ns3:hr>126</ns3:hr>
            <ns3:cad>90</ns3:cad>
          </ns3:TrackPointExtension>
        </extensions>
      </trkpt>
      <trkpt lat="29.29145640693604946136474609375" lon="117.25067907012999057769775390625">
        <ele>33.40000152587890625</ele>
        <time>2026-08-19T21:32:04.000Z</time>
        <extensions>
          <ns3:TrackPointExtension>
            <ns3:hr>126</ns3:hr>
            <ns3:cad>90</ns3:cad>
          </ns3:TrackPointExtension>
        </extensions>
      </trkpt>
      <trkpt lat="29.2914591729640960693359375" lon="117.25071226246654987335205078125">
        <ele>33.40000152587890625</ele>
        <time>2026-08-19T21:32:05.000Z</time>
        <extensions>
          <ns3:TrackPointExtension>
            <ns3:hr>127</ns3:hr>
            <ns3:cad>90</ns3:cad>
          </ns3:TrackPointExtension>
        </extensions>
      </trkpt>
      <trkpt lat="29.2914690636098384857177734375" lon="117.25073170848190784454345703125">
        <ele>33.200000762939453125</ele>
        <time>2026-08-19T21:32:06.000Z</time>
        <extensions>
          <ns3:TrackPointExtension>
            <ns3:hr>127</ns3:hr>
            <ns3:cad>90</ns3:cad>
          </ns3:TrackPointExtension>
        </extensions>
      </trkpt>
      <trkpt lat="29.29146981798112392425537109375" lon="117.2507648169994354248046875">
        <ele>33.200000762939453125</ele>
        <time>2026-08-19T21:32:07.000Z</time>
        <extensions>
          <ns3:TrackPointExtension>
            <ns3:hr>127</ns3:hr>
            <ns3:cad>90</ns3:cad>
          </ns3:TrackPointExtension>
        </extensions>
      </trkpt>
      <trkpt lat="29.2914797924458980560302734375" lon="117.25078694522380828857421875">
        <ele>33.200000762939453125</ele>
        <time>2026-08-19T21:32:08.000Z</time>
        <extensions>
          <ns3:TrackPointExtension>
            <ns3:hr>127</ns3:hr>
            <ns3:cad>90</ns3:cad>
          </ns3:TrackPointExtension>
        </extensions>
      </trkpt>
      <trkpt lat="29.2914831452071666717529296875" lon="117.25081779062747955322265625">
        <ele>33</ele>
        <time>2026-08-19T21:32:09.000Z</time>
        <extensions>
          <ns3:TrackPointExtension>
            <ns3:hr>127</ns3:hr>
            <ns3:cad>90</ns3:cad>
          </ns3:TrackPointExtension>
        </extensions>
      </trkpt>
      <trkpt lat="29.29149295203387737274169921875" lon="117.250839583575725555419921875">
        <ele>33</ele>
        <time>2026-08-19T21:32:10.000Z</time>
        <extensions>
          <ns3:TrackPointExtension>
            <ns3:hr>126</ns3:hr>
            <ns3:cad>90</ns3:cad>
          </ns3:TrackPointExtension>
        </extensions>
      </trkpt>
      <trkpt lat="29.29149563424289226531982421875" lon="117.250869758427143096923828125">
        <ele>33</ele>
        <time>2026-08-19T21:32:11.000Z</time>
        <extensions>
          <ns3:TrackPointExtension>
            <ns3:hr>126</ns3:hr>
            <ns3:cad>91</ns3:cad>
          </ns3:TrackPointExtension>
        </extensions>
      </trkpt>
      <trkpt lat="29.2915047705173492431640625" lon="117.2508954070508480072021484375">
        <ele>33.200000762939453125</ele>
        <time>2026-08-19T21:32:12.000Z</time>
        <extensions>
          <ns3:TrackPointExtension>
            <ns3:hr>126</ns3:hr>
            <ns3:cad>91</ns3:cad>
          </ns3:TrackPointExtension>
        </extensions>
      </trkpt>
      <trkpt lat="29.291508458554744720458984375" lon="117.250925414264202117919921875">
        <ele>33.200000762939453125</ele>
        <time>2026-08-19T21:32:13.000Z</time>
        <extensions>
          <ns3:TrackPointExtension>
            <ns3:hr>126</ns3:hr>
            <ns3:cad>91</ns3:cad>
          </ns3:TrackPointExtension>
        </extensions>
      </trkpt>
      <trkpt lat="29.2915166728198528289794921875" lon="117.25094997324049472808837890625">
        <ele>33</ele>
        <time>2026-08-19T21:32:14.000Z</time>
        <extensions>
          <ns3:TrackPointExtension>
            <ns3:hr>126</ns3:hr>
            <ns3:cad>91</ns3:cad>
          </ns3:TrackPointExtension>
        </extensions>
      </trkpt>
      <trkpt lat="29.291516505181789398193359375" lon="117.25098274648189544677734375">
        <ele>33</ele>
        <time>2026-08-19T21:32:15.000Z</time>
        <extensions>
          <ns3:TrackPointExtension>
            <ns3:hr>126</ns3:hr>
            <ns3:cad>90</ns3:cad>
          </ns3:TrackPointExtension>
        </extensions>
      </trkpt>
      <trkpt lat="29.2915233783423900604248046875" lon="117.25100713782012462615966796875">
        <ele>33</ele>
        <time>2026-08-19T21:32:16.000Z</time>
        <extensions>
          <ns3:TrackPointExtension>
            <ns3:hr>126</ns3:hr>
            <ns3:cad>90</ns3:cad>
          </ns3:TrackPointExtension>
        </extensions>
      </trkpt>
      <trkpt lat="29.29152580909430980682373046875" lon="117.25104033015668392181396484375">
        <ele>33</ele>
        <time>2026-08-19T21:32:17.000Z</time>
        <extensions>
          <ns3:TrackPointExtension>
            <ns3:hr>126</ns3:hr>
            <ns3:cad>90</ns3:cad>
          </ns3:TrackPointExtension>
        </extensions>
      </trkpt>
      <trkpt lat="29.29153502918779850006103515625" lon="117.2510652244091033935546875">
        <ele>33</ele>
        <time>2026-08-19T21:32:18.000Z</time>
        <extensions>
          <ns3:TrackPointExtension>
            <ns3:hr>126</ns3:hr>
            <ns3:cad>90</ns3:cad>
          </ns3:TrackPointExtension>
        </extensions>
      </trkpt>
      <trkpt lat="29.291535951197147369384765625" lon="117.25109405815601348876953125">
        <ele>33</ele>
        <time>2026-08-19T21:32:19.000Z</time>
        <extensions>
          <ns3:TrackPointExtension>
            <ns3:hr>126</ns3:hr>
            <ns3:cad>90</ns3:cad>
          </ns3:TrackPointExtension>
        </extensions>
      </trkpt>
      <trkpt lat="29.2915451712906360626220703125" lon="117.251118533313274383544921875">
        <ele>33</ele>
        <time>2026-08-19T21:32:20.000Z</time>
        <extensions>
          <ns3:TrackPointExtension>
            <ns3:hr>126</ns3:hr>
            <ns3:cad>90</ns3:cad>
          </ns3:TrackPointExtension>
        </extensions>
      </trkpt>
      <trkpt lat="29.29154994897544384002685546875" lon="117.2511475346982479095458984375">
        <ele>33</ele>
        <time>2026-08-19T21:32:21.000Z</time>
        <extensions>
          <ns3:TrackPointExtension>
            <ns3:hr>126</ns3:hr>
            <ns3:cad>90</ns3:cad>
          </ns3:TrackPointExtension>
        </extensions>
      </trkpt>
      <trkpt lat="29.291558079421520233154296875" lon="117.2511740215122699737548828125">
        <ele>33</ele>
        <time>2026-08-19T21:32:22.000Z</time>
        <extensions>
          <ns3:TrackPointExtension>
            <ns3:hr>126</ns3:hr>
            <ns3:cad>90</ns3:cad>
          </ns3:TrackPointExtension>
        </extensions>
      </trkpt>
      <trkpt lat="29.2915619350969791412353515625" lon="117.25120293907821178436279296875">
        <ele>33</ele>
        <time>2026-08-19T21:32:23.000Z</time>
        <extensions>
          <ns3:TrackPointExtension>
            <ns3:hr>126</ns3:hr>
            <ns3:cad>90</ns3:cad>
          </ns3:TrackPointExtension>
        </extensions>
      </trkpt>
      <trkpt lat="29.291568808257579803466796875" lon="117.2512280009686946868896484375">
        <ele>33</ele>
        <time>2026-08-19T21:32:24.000Z</time>
        <extensions>
          <ns3:TrackPointExtension>
            <ns3:hr>126</ns3:hr>
            <ns3:cad>90</ns3:cad>
          </ns3:TrackPointExtension>
        </extensions>
      </trkpt>
      <trkpt lat="29.291570819914340972900390625" lon="117.25125742144882678985595703125">
        <ele>33</ele>
        <time>2026-08-19T21:32:25.000Z</time>
        <extensions>
          <ns3:TrackPointExtension>
            <ns3:hr>126</ns3:hr>
            <ns3:cad>90</ns3:cad>
          </ns3:TrackPointExtension>
        </extensions>
      </trkpt>
      <trkpt lat="29.2915790341794490814208984375" lon="117.25128223188221454620361328125">
        <ele>33</ele>
        <time>2026-08-19T21:32:26.000Z</time>
        <extensions>
          <ns3:TrackPointExtension>
            <ns3:hr>125</ns3:hr>
            <ns3:cad>90</ns3:cad>
          </ns3:TrackPointExtension>
        </extensions>
      </trkpt>
      <trkpt lat="29.29158062674105167388916015625" lon="117.2513098083436489105224609375">
        <ele>32.799999237060546875</ele>
        <time>2026-08-19T21:32:27.000Z</time>
        <extensions>
          <ns3:TrackPointExtension>
            <ns3:hr>125</ns3:hr>
            <ns3:cad>90</ns3:cad>
          </ns3:TrackPointExtension>
        </extensions>
      </trkpt>
      <trkpt lat="29.29158724844455718994140625" lon="117.25133813917636871337890625">
        <ele>32.799999237060546875</ele>
        <time>2026-08-19T21:32:28.000Z</time>
        <extensions>
          <ns3:TrackPointExtension>
            <ns3:hr>124</ns3:hr>
            <ns3:cad>90</ns3:cad>
          </ns3:TrackPointExtension>
        </extensions>
      </trkpt>
      <trkpt lat="29.2915921099483966827392578125" lon="117.251365967094898223876953125">
        <ele>32.799999237060546875</ele>
        <time>2026-08-19T21:32:29.000Z</time>
        <extensions>
          <ns3:TrackPointExtension>
            <ns3:hr>124</ns3:hr>
            <ns3:cad>90</ns3:cad>
          </ns3:TrackPointExtension>
        </extensions>
      </trkpt>
      <trkpt lat="29.2915998212993144989013671875" lon="117.25139354355633258819580078125">
        <ele>32.799999237060546875</ele>
        <time>2026-08-19T21:32:30.000Z</time>
        <extensions>
          <ns3:TrackPointExtension>
            <ns3:hr>124</ns3:hr>
            <ns3:cad>90</ns3:cad>
          </ns3:TrackPointExtension>
        </extensions>
      </trkpt>
      <trkpt lat="29.291603676974773406982421875" lon="117.25141952745616436004638671875">
        <ele>32.799999237060546875</ele>
        <time>2026-08-19T21:32:31.000Z</time>
        <extensions>
          <ns3:TrackPointExtension>
            <ns3:hr>124</ns3:hr>
            <ns3:cad>90</ns3:cad>
          </ns3:TrackPointExtension>
        </extensions>
      </trkpt>
      <trkpt lat="29.29161130450665950775146484375" lon="117.25144903175532817840576171875">
        <ele>32.799999237060546875</ele>
        <time>2026-08-19T21:32:32.000Z</time>
        <extensions>
          <ns3:TrackPointExtension>
            <ns3:hr>123</ns3:hr>
            <ns3:cad>90</ns3:cad>
          </ns3:TrackPointExtension>
        </extensions>
      </trkpt>
      <trkpt lat="29.2916169203817844390869140625" lon="117.25147417746484279632568359375">
        <ele>32.799999237060546875</ele>
        <time>2026-08-19T21:32:33.000Z</time>
        <extensions>
          <ns3:TrackPointExtension>
            <ns3:hr>123</ns3:hr>
            <ns3:cad>90</ns3:cad>
          </ns3:TrackPointExtension>
        </extensions>
      </trkpt>
      <trkpt lat="29.29162370972335338592529296875" lon="117.2515012510120868682861328125">
        <ele>32.799999237060546875</ele>
        <time>2026-08-19T21:32:34.000Z</time>
        <extensions>
          <ns3:TrackPointExtension>
            <ns3:hr>122</ns3:hr>
            <ns3:cad>90</ns3:cad>
          </ns3:TrackPointExtension>
        </extensions>
      </trkpt>
      <trkpt lat="29.29162924177944660186767578125" lon="117.25152765400707721710205078125">
        <ele>32.799999237060546875</ele>
        <time>2026-08-19T21:32:35.000Z</time>
        <extensions>
          <ns3:TrackPointExtension>
            <ns3:hr>122</ns3:hr>
            <ns3:cad>90</ns3:cad>
          </ns3:TrackPointExtension>
        </extensions>
      </trkpt>
      <trkpt lat="29.2916356958448886871337890625" lon="117.25155447609722614288330078125">
        <ele>32.799999237060546875</ele>
        <time>2026-08-19T21:32:36.000Z</time>
        <extensions>
          <ns3:TrackPointExtension>
            <ns3:hr>121</ns3:hr>
            <ns3:cad>90</ns3:cad>
          </ns3:TrackPointExtension>
        </extensions>
      </trkpt>
      <trkpt lat="29.29164147935807704925537109375" lon="117.25157761014997959136962890625">
        <ele>32.799999237060546875</ele>
        <time>2026-08-19T21:32:37.000Z</time>
        <extensions>
          <ns3:TrackPointExtension>
            <ns3:hr>121</ns3:hr>
            <ns3:cad>90</ns3:cad>
          </ns3:TrackPointExtension>
        </extensions>
      </trkpt>
      <trkpt lat="29.29164801724255084991455078125" lon="117.251605354249477386474609375">
        <ele>32.799999237060546875</ele>
        <time>2026-08-19T21:32:38.000Z</time>
        <extensions>
          <ns3:TrackPointExtension>
            <ns3:hr>121</ns3:hr>
            <ns3:cad>90</ns3:cad>
          </ns3:TrackPointExtension>
        </extensions>
      </trkpt>
      <trkpt lat="29.29165296256542205810546875" lon="117.25162982940673828125">
        <ele>32.799999237060546875</ele>
        <time>2026-08-19T21:32:39.000Z</time>
        <extensions>
          <ns3:TrackPointExtension>
            <ns3:hr>121</ns3:hr>
            <ns3:cad>90</ns3:cad>
          </ns3:TrackPointExtension>
        </extensions>
      </trkpt>
      <trkpt lat="29.29165706969797611236572265625" lon="117.25166327320039272308349609375">
        <ele>32.799999237060546875</ele>
        <time>2026-08-19T21:32:40.000Z</time>
        <extensions>
          <ns3:TrackPointExtension>
            <ns3:hr>122</ns3:hr>
            <ns3:cad>90</ns3:cad>
          </ns3:TrackPointExtension>
        </extensions>
      </trkpt>
      <trkpt lat="29.2916648648679256439208984375" lon="117.25168674252927303314208984375">
        <ele>32.799999237060546875</ele>
        <time>2026-08-19T21:32:41.000Z</time>
        <extensions>
          <ns3:TrackPointExtension>
            <ns3:hr>122</ns3:hr>
            <ns3:cad>90</ns3:cad>
          </ns3:TrackPointExtension>
        </extensions>
      </trkpt>
      <trkpt lat="29.29167266003787517547607421875" lon="117.25171859376132488250732421875">
        <ele>32.799999237060546875</ele>
        <time>2026-08-19T21:32:42.000Z</time>
        <extensions>
          <ns3:TrackPointExtension>
            <ns3:hr>122</ns3:hr>
            <ns3:cad>90</ns3:cad>
          </ns3:TrackPointExtension>
        </extensions>
      </trkpt>
      <trkpt lat="29.29168037138879299163818359375" lon="117.25173938088119029998779296875">
        <ele>32.799999237060546875</ele>
        <time>2026-08-19T21:32:43.000Z</time>
        <extensions>
          <ns3:TrackPointExtension>
            <ns3:hr>122</ns3:hr>
            <ns3:cad>90</ns3:cad>
          </ns3:TrackPointExtension>
        </extensions>
      </trkpt>
      <trkpt lat="29.291688166558742523193359375" lon="117.25176997482776641845703125">
        <ele>32.799999237060546875</ele>
        <time>2026-08-19T21:32:44.000Z</time>
        <extensions>
          <ns3:TrackPointExtension>
            <ns3:hr>123</ns3:hr>
            <ns3:cad>90</ns3:cad>
          </ns3:TrackPointExtension>
        </extensions>
      </trkpt>
      <trkpt lat="29.2916990630328655242919921875" lon="117.25179453380405902862548828125">
        <ele>32.799999237060546875</ele>
        <time>2026-08-19T21:32:45.000Z</time>
        <extensions>
          <ns3:TrackPointExtension>
            <ns3:hr>123</ns3:hr>
            <ns3:cad>92</ns3:cad>
          </ns3:TrackPointExtension>
        </extensions>
      </trkpt>
      <trkpt lat="29.291703589260578155517578125" lon="117.2518269717693328857421875">
        <ele>32.799999237060546875</ele>
        <time>2026-08-19T21:32:46.000Z</time>
        <extensions>
          <ns3:TrackPointExtension>
            <ns3:hr>123</ns3:hr>
            <ns3:cad>92</ns3:cad>
          </ns3:TrackPointExtension>
        </extensions>
      </trkpt>
      <trkpt lat="29.2917151562869548797607421875" lon="117.251847088336944580078125">
        <ele>32.799999237060546875</ele>
        <time>2026-08-19T21:32:47.000Z</time>
        <extensions>
          <ns3:TrackPointExtension>
            <ns3:hr>124</ns3:hr>
            <ns3:cad>92</ns3:cad>
          </ns3:TrackPointExtension>
        </extensions>
      </trkpt>
      <trkpt lat="29.29171892814338207244873046875" lon="117.25187969394028186798095703125">
        <ele>32.799999237060546875</ele>
        <time>2026-08-19T21:32:48.000Z</time>
        <extensions>
          <ns3:TrackPointExtension>
            <ns3:hr>124</ns3:hr>
            <ns3:cad>92</ns3:cad>
          </ns3:TrackPointExtension>
        </extensions>
      </trkpt>
      <trkpt lat="29.2917299084365367889404296875" lon="117.25190098397433757781982421875">
        <ele>32.799999237060546875</ele>
        <time>2026-08-19T21:32:49.000Z</time>
        <extensions>
          <ns3:TrackPointExtension>
            <ns3:hr>124</ns3:hr>
            <ns3:cad>92</ns3:cad>
          </ns3:TrackPointExtension>
        </extensions>
      </trkpt>
      <trkpt lat="29.29173485375940799713134765625" lon="117.25193367339670658111572265625">
        <ele>32.799999237060546875</ele>
        <time>2026-08-19T21:32:50.000Z</time>
        <extensions>
          <ns3:TrackPointExtension>
            <ns3:hr>125</ns3:hr>
            <ns3:cad>92</ns3:cad>
          </ns3:TrackPointExtension>
        </extensions>
      </trkpt>
      <trkpt lat="29.2917434871196746826171875" lon="117.25195311941206455230712890625">
        <ele>32.799999237060546875</ele>
        <time>2026-08-19T21:32:51.000Z</time>
        <extensions>
          <ns3:TrackPointExtension>
            <ns3:hr>125</ns3:hr>
            <ns3:cad>92</ns3:cad>
          </ns3:TrackPointExtension>
        </extensions>
      </trkpt>
      <trkpt lat="29.29174340330064296722412109375" lon="117.25198513828217983245849609375">
        <ele>32.799999237060546875</ele>
        <time>2026-08-19T21:32:52.000Z</time>
        <extensions>
          <ns3:TrackPointExtension>
            <ns3:hr>125</ns3:hr>
            <ns3:cad>91</ns3:cad>
          </ns3:TrackPointExtension>
        </extensions>
      </trkpt>
      <trkpt lat="29.29175832308828830718994140625" lon="117.25200894288718700408935546875">
        <ele>32.799999237060546875</ele>
        <time>2026-08-19T21:32:53.000Z</time>
        <extensions>
          <ns3:TrackPointExtension>
            <ns3:hr>126</ns3:hr>
            <ns3:cad>90</ns3:cad>
          </ns3:TrackPointExtension>
        </extensions>
      </trkpt>
      <trkpt lat="29.29176301695406436920166015625" lon="117.252039872109889984130859375">
        <ele>32.799999237060546875</ele>
        <time>2026-08-19T21:32:54.000Z</time>
        <extensions>
          <ns3:TrackPointExtension>
            <ns3:hr>126</ns3:hr>
            <ns3:cad>90</ns3:cad>
          </ns3:TrackPointExtension>
        </extensions>
      </trkpt>
      <trkpt lat="29.2917728237807750701904296875" lon="117.25206292234361171722412109375">
        <ele>32.799999237060546875</ele>
        <time>2026-08-19T21:32:55.000Z</time>
        <extensions>
          <ns3:TrackPointExtension>
            <ns3:hr>126</ns3:hr>
            <ns3:cad>90</ns3:cad>
          </ns3:TrackPointExtension>
        </extensions>
      </trkpt>
      <trkpt lat="29.29177793674170970916748046875" lon="117.25209561176598072052001953125">
        <ele>33</ele>
        <time>2026-08-19T21:32:56.000Z</time>
        <extensions>
          <ns3:TrackPointExtension>
            <ns3:hr>126</ns3:hr>
            <ns3:cad>90</ns3:cad>
          </ns3:TrackPointExtension>
        </extensions>
      </trkpt>
      <trkpt lat="29.2917869053781032562255859375" lon="117.252114973962306976318359375">
        <ele>33</ele>
        <time>2026-08-19T21:32:57.000Z</time>
        <extensions>
          <ns3:TrackPointExtension>
            <ns3:hr>127</ns3:hr>
            <ns3:cad>89</ns3:cad>
          </ns3:TrackPointExtension>
        </extensions>
      </trkpt>
      <trkpt lat="29.29179067723453044891357421875" lon="117.25214623846113681793212890625">
        <ele>33</ele>
        <time>2026-08-19T21:32:58.000Z</time>
        <extensions>
          <ns3:TrackPointExtension>
            <ns3:hr>127</ns3:hr>
            <ns3:cad>89</ns3:cad>
          </ns3:TrackPointExtension>
        </extensions>
      </trkpt>
      <trkpt lat="29.29180182516574859619140625" lon="117.25216534920036792755126953125">
        <ele>33</ele>
        <time>2026-08-19T21:32:59.000Z</time>
        <extensions>
          <ns3:TrackPointExtension>
            <ns3:hr>127</ns3:hr>
            <ns3:cad>89</ns3:cad>
          </ns3:TrackPointExtension>
        </extensions>
      </trkpt>
      <trkpt lat="29.291806854307651519775390625" lon="117.25219602696597576141357421875">
        <ele>33</ele>
        <time>2026-08-19T21:33:00.000Z</time>
        <extensions>
          <ns3:TrackPointExtension>
            <ns3:hr>127</ns3:hr>
            <ns3:cad>90</ns3:cad>
          </ns3:TrackPointExtension>
        </extensions>
      </trkpt>
      <trkpt lat="29.29181582294404506683349609375" lon="117.25221312604844570159912109375">
        <ele>33</ele>
        <time>2026-08-19T21:33:01.000Z</time>
        <extensions>
          <ns3:TrackPointExtension>
            <ns3:hr>127</ns3:hr>
            <ns3:cad>90</ns3:cad>
          </ns3:TrackPointExtension>
        </extensions>
      </trkpt>
      <trkpt lat="29.29182219319045543670654296875" lon="117.25224430672824382781982421875">
        <ele>33</ele>
        <time>2026-08-19T21:33:02.000Z</time>
        <extensions>
          <ns3:TrackPointExtension>
            <ns3:hr>128</ns3:hr>
            <ns3:cad>90</ns3:cad>
          </ns3:TrackPointExtension>
        </extensions>
      </trkpt>
      <trkpt lat="29.291835688054561614990234375" lon="117.2522636689245700836181640625">
        <ele>33</ele>
        <time>2026-08-19T21:33:03.000Z</time>
        <extensions>
          <ns3:TrackPointExtension>
            <ns3:hr>127</ns3:hr>
            <ns3:cad>90</ns3:cad>
          </ns3:TrackPointExtension>
        </extensions>
      </trkpt>
      <trkpt lat="29.2918439023196697235107421875" lon="117.2522938437759876251220703125">
        <ele>33</ele>
        <time>2026-08-19T21:33:04.000Z</time>
        <extensions>
          <ns3:TrackPointExtension>
            <ns3:hr>127</ns3:hr>
            <ns3:cad>90</ns3:cad>
          </ns3:TrackPointExtension>
        </extensions>
      </trkpt>
      <trkpt lat="29.291856475174427032470703125" lon="117.25231421180069446563720703125">
        <ele>33</ele>
        <time>2026-08-19T21:33:05.000Z</time>
        <extensions>
          <ns3:TrackPointExtension>
            <ns3:hr>128</ns3:hr>
            <ns3:cad>90</ns3:cad>
          </ns3:TrackPointExtension>
        </extensions>
      </trkpt>
      <trkpt lat="29.29186192341148853302001953125" lon="117.25234874524176120758056640625">
        <ele>33</ele>
        <time>2026-08-19T21:33:06.000Z</time>
        <extensions>
          <ns3:TrackPointExtension>
            <ns3:hr>128</ns3:hr>
            <ns3:cad>90</ns3:cad>
          </ns3:TrackPointExtension>
        </extensions>
      </trkpt>
      <trkpt lat="29.29187550209462642669677734375" lon="117.2523699514567852020263671875">
        <ele>33</ele>
        <time>2026-08-19T21:33:07.000Z</time>
        <extensions>
          <ns3:TrackPointExtension>
            <ns3:hr>128</ns3:hr>
            <ns3:cad>90</ns3:cad>
          </ns3:TrackPointExtension>
        </extensions>
      </trkpt>
      <trkpt lat="29.29188187234103679656982421875" lon="117.252400629222393035888671875">
        <ele>33</ele>
        <time>2026-08-19T21:33:08.000Z</time>
        <extensions>
          <ns3:TrackPointExtension>
            <ns3:hr>128</ns3:hr>
            <ns3:cad>90</ns3:cad>
          </ns3:TrackPointExtension>
        </extensions>
      </trkpt>
      <trkpt lat="29.291892014443874359130859375" lon="117.2524215839803218841552734375">
        <ele>33</ele>
        <time>2026-08-19T21:33:09.000Z</time>
        <extensions>
          <ns3:TrackPointExtension>
            <ns3:hr>128</ns3:hr>
            <ns3:cad>90</ns3:cad>
          </ns3:TrackPointExtension>
        </extensions>
      </trkpt>
      <trkpt lat="29.29189645685255527496337890625" lon="117.25245519541203975677490234375">
        <ele>33</ele>
        <time>2026-08-19T21:33:10.000Z</time>
        <extensions>
          <ns3:TrackPointExtension>
            <ns3:hr>127</ns3:hr>
            <ns3:cad>90</ns3:cad>
          </ns3:TrackPointExtension>
        </extensions>
      </trkpt>
      <trkpt lat="29.291906766593456268310546875" lon="117.2524760663509368896484375">
        <ele>33</ele>
        <time>2026-08-19T21:33:11.000Z</time>
        <extensions>
          <ns3:TrackPointExtension>
            <ns3:hr>127</ns3:hr>
            <ns3:cad>90</ns3:cad>
          </ns3:TrackPointExtension>
        </extensions>
      </trkpt>
      <trkpt lat="29.29191045463085174560546875" lon="117.25250867195427417755126953125">
        <ele>33</ele>
        <time>2026-08-19T21:33:12.000Z</time>
        <extensions>
          <ns3:TrackPointExtension>
            <ns3:hr>127</ns3:hr>
            <ns3:cad>90</ns3:cad>
          </ns3:TrackPointExtension>
        </extensions>
      </trkpt>
      <trkpt lat="29.29192076437175273895263671875" lon="117.2525359131395816802978515625">
        <ele>33</ele>
        <time>2026-08-19T21:33:13.000Z</time>
        <extensions>
          <ns3:TrackPointExtension>
            <ns3:hr>128</ns3:hr>
            <ns3:cad>90</ns3:cad>
          </ns3:TrackPointExtension>
        </extensions>
      </trkpt>
      <trkpt lat="29.29192696698009967803955078125" lon="117.2525617294013500213623046875">
        <ele>33</ele>
        <time>2026-08-19T21:33:14.000Z</time>
        <extensions>
          <ns3:TrackPointExtension>
            <ns3:hr>127</ns3:hr>
            <ns3:cad>90</ns3:cad>
          </ns3:TrackPointExtension>
        </extensions>
      </trkpt>
      <trkpt lat="29.29193861782550811767578125" lon="117.252583019435405731201171875">
        <ele>33</ele>
        <time>2026-08-19T21:33:15.000Z</time>
        <extensions>
          <ns3:TrackPointExtension>
            <ns3:hr>127</ns3:hr>
            <ns3:cad>90</ns3:cad>
          </ns3:TrackPointExtension>
        </extensions>
      </trkpt>
      <trkpt lat="29.2919421382248401641845703125" lon="117.2526126913726329803466796875">
        <ele>33</ele>
        <time>2026-08-19T21:33:16.000Z</time>
        <extensions>
          <ns3:TrackPointExtension>
            <ns3:hr>127</ns3:hr>
            <ns3:cad>90</ns3:cad>
          </ns3:TrackPointExtension>
        </extensions>
      </trkpt>
      <trkpt lat="29.29195110686123371124267578125" lon="117.25263632833957672119140625">
        <ele>33</ele>
        <time>2026-08-19T21:33:17.000Z</time>
        <extensions>
          <ns3:TrackPointExtension>
            <ns3:hr>127</ns3:hr>
            <ns3:cad>90</ns3:cad>
          </ns3:TrackPointExtension>
        </extensions>
      </trkpt>
      <trkpt lat="29.2919552139937877655029296875" lon="117.25266440771520137786865234375">
        <ele>33</ele>
        <time>2026-08-19T21:33:18.000Z</time>
        <extensions>
          <ns3:TrackPointExtension>
            <ns3:hr>127</ns3:hr>
            <ns3:cad>91</ns3:cad>
          </ns3:TrackPointExtension>
        </extensions>
      </trkpt>
      <trkpt lat="29.2919666133821010589599609375" lon="117.25268821232020854949951171875">
        <ele>33</ele>
        <time>2026-08-19T21:33:19.000Z</time>
        <extensions>
          <ns3:TrackPointExtension>
            <ns3:hr>128</ns3:hr>
            <ns3:cad>91</ns3:cad>
          </ns3:TrackPointExtension>
        </extensions>
      </trkpt>
      <trkpt lat="29.291972815990447998046875" lon="117.25271604023873805999755859375">
        <ele>33.200000762939453125</ele>
        <time>2026-08-19T21:33:20.000Z</time>
        <extensions>
          <ns3:TrackPointExtension>
            <ns3:hr>127</ns3:hr>
            <ns3:cad>91</ns3:cad>
          </ns3:TrackPointExtension>
        </extensions>
      </trkpt>
      <trkpt lat="29.2919833771884441375732421875" lon="117.2527416050434112548828125">
        <ele>33.200000762939453125</ele>
        <time>2026-08-19T21:33:21.000Z</time>
        <extensions>
          <ns3:TrackPointExtension>
            <ns3:hr>127</ns3:hr>
            <ns3:cad>91</ns3:cad>
          </ns3:TrackPointExtension>
        </extensions>
      </trkpt>
      <trkpt lat="29.2919920943677425384521484375" lon="117.2527665831148624420166015625">
        <ele>33.200000762939453125</ele>
        <time>2026-08-19T21:33:22.000Z</time>
        <extensions>
          <ns3:TrackPointExtension>
            <ns3:hr>128</ns3:hr>
            <ns3:cad>92</ns3:cad>
          </ns3:TrackPointExtension>
        </extensions>
      </trkpt>
      <trkpt lat="29.29200257174670696258544921875" lon="117.25279466249048709869384765625">
        <ele>33.200000762939453125</ele>
        <time>2026-08-19T21:33:23.000Z</time>
        <extensions>
          <ns3:TrackPointExtension>
            <ns3:hr>127</ns3:hr>
            <ns3:cad>92</ns3:cad>
          </ns3:TrackPointExtension>
        </extensions>
      </trkpt>
      <trkpt lat="29.29201112128794193267822265625" lon="117.2528178803622722625732421875">
        <ele>33.40000152587890625</ele>
        <time>2026-08-19T21:33:24.000Z</time>
        <extensions>
          <ns3:TrackPointExtension>
            <ns3:hr>128</ns3:hr>
            <ns3:cad>92</ns3:cad>
          </ns3:TrackPointExtension>
        </extensions>
      </trkpt>
      <trkpt lat="29.29202185012400150299072265625" lon="117.252843193709850311279296875">
        <ele>33.200000762939453125</ele>
        <time>2026-08-19T21:33:25.000Z</time>
        <extensions>
          <ns3:TrackPointExtension>
            <ns3:hr>128</ns3:hr>
            <ns3:cad>91</ns3:cad>
          </ns3:TrackPointExtension>
        </extensions>
      </trkpt>
      <trkpt lat="29.292029477655887603759765625" lon="117.2528681717813014984130859375">
        <ele>33.200000762939453125</ele>
        <time>2026-08-19T21:33:26.000Z</time>
        <extensions>
          <ns3:TrackPointExtension>
            <ns3:hr>128</ns3:hr>
            <ns3:cad>90</ns3:cad>
          </ns3:TrackPointExtension>
        </extensions>
      </trkpt>
      <trkpt lat="29.29203920066356658935546875" lon="117.25289373658597469329833984375">
        <ele>33.200000762939453125</ele>
        <time>2026-08-19T21:33:27.000Z</time>
        <extensions>
          <ns3:TrackPointExtension>
            <ns3:hr>127</ns3:hr>
            <ns3:cad>90</ns3:cad>
          </ns3:TrackPointExtension>
        </extensions>
      </trkpt>
      <trkpt lat="29.29204590618610382080078125" lon="117.2529198043048381805419921875">
        <ele>33.40000152587890625</ele>
        <time>2026-08-19T21:33:28.000Z</time>
        <extensions>
          <ns3:TrackPointExtension>
            <ns3:hr>128</ns3:hr>
            <ns3:cad>90</ns3:cad>
          </ns3:TrackPointExtension>
        </extensions>
      </trkpt>
      <trkpt lat="29.2920581437647342681884765625" lon="117.2529427707195281982421875">
        <ele>33.40000152587890625</ele>
        <time>2026-08-19T21:33:29.000Z</time>
        <extensions>
          <ns3:TrackPointExtension>
            <ns3:hr>128</ns3:hr>
            <ns3:cad>89</ns3:cad>
          </ns3:TrackPointExtension>
        </extensions>
      </trkpt>
      <trkpt lat="29.2920653522014617919921875" lon="117.25296699441969394683837890625">
        <ele>33.40000152587890625</ele>
        <time>2026-08-19T21:33:30.000Z</time>
        <extensions>
          <ns3:TrackPointExtension>
            <ns3:hr>127</ns3:hr>
            <ns3:cad>89</ns3:cad>
          </ns3:TrackPointExtension>
        </extensions>
      </trkpt>
      <trkpt lat="29.292075745761394500732421875" lon="117.25298945792019367218017578125">
        <ele>33.40000152587890625</ele>
        <time>2026-08-19T21:33:31.000Z</time>
        <extensions>
          <ns3:TrackPointExtension>
            <ns3:hr>127</ns3:hr>
            <ns3:cad>89</ns3:cad>
          </ns3:TrackPointExtension>
        </extensions>
      </trkpt>
      <trkpt lat="29.2920841276645660400390625" lon="117.25301359780132770538330078125">
        <ele>33.40000152587890625</ele>
        <time>2026-08-19T21:33:32.000Z</time>
        <extensions>
          <ns3:TrackPointExtension>
            <ns3:hr>127</ns3:hr>
            <ns3:cad>89</ns3:cad>
          </ns3:TrackPointExtension>
        </extensions>
      </trkpt>
      <trkpt lat="29.29209711961448192596435546875" lon="117.253038994967937469482421875">
        <ele>33.40000152587890625</ele>
        <time>2026-08-19T21:33:33.000Z</time>
        <extensions>
          <ns3:TrackPointExtension>
            <ns3:hr>128</ns3:hr>
            <ns3:cad>89</ns3:cad>
          </ns3:TrackPointExtension>
        </extensions>
      </trkpt>
      <trkpt lat="29.2921080999076366424560546875" lon="117.2530636377632617950439453125">
        <ele>33.40000152587890625</ele>
        <time>2026-08-19T21:33:34.000Z</time>
        <extensions>
          <ns3:TrackPointExtension>
            <ns3:hr>127</ns3:hr>
            <ns3:cad>89</ns3:cad>
          </ns3:TrackPointExtension>
        </extensions>
      </trkpt>
      <trkpt lat="29.29211941547691822052001953125" lon="117.25309096276760101318359375">
        <ele>33.40000152587890625</ele>
        <time>2026-08-19T21:33:35.000Z</time>
        <extensions>
          <ns3:TrackPointExtension>
            <ns3:hr>127</ns3:hr>
            <ns3:cad>90</ns3:cad>
          </ns3:TrackPointExtension>
        </extensions>
      </trkpt>
      <trkpt lat="29.2921285517513751983642578125" lon="117.253114096820354461669921875">
        <ele>33.40000152587890625</ele>
        <time>2026-08-19T21:33:36.000Z</time>
        <extensions>
          <ns3:TrackPointExtension>
            <ns3:hr>128</ns3:hr>
            <ns3:cad>90</ns3:cad>
          </ns3:TrackPointExtension>
        </extensions>
      </trkpt>
      <trkpt lat="29.292140118777751922607421875" lon="117.25313563831150531768798828125">
        <ele>33.40000152587890625</ele>
        <time>2026-08-19T21:33:37.000Z</time>
        <extensions>
          <ns3:TrackPointExtension>
            <ns3:hr>127</ns3:hr>
            <ns3:cad>90</ns3:cad>
          </ns3:TrackPointExtension>
        </extensions>
      </trkpt>
      <trkpt lat="29.29214674048125743865966796875" lon="117.25316204130649566650390625">
        <ele>33.40000152587890625</ele>
        <time>2026-08-19T21:33:38.000Z</time>
        <extensions>
          <ns3:TrackPointExtension>
            <ns3:hr>127</ns3:hr>
            <ns3:cad>89</ns3:cad>
          </ns3:TrackPointExtension>
        </extensions>
      </trkpt>
      <trkpt lat="29.292158894240856170654296875" lon="117.253185175359249114990234375">
        <ele>33.40000152587890625</ele>
        <time>2026-08-19T21:33:39.000Z</time>
        <extensions>
          <ns3:TrackPointExtension>
            <ns3:hr>128</ns3:hr>
            <ns3:cad>89</ns3:cad>
          </ns3:TrackPointExtension>
        </extensions>
      </trkpt>
      <trkpt lat="29.2921691201627254486083984375" lon="117.25321208126842975616455078125">
        <ele>33.40000152587890625</ele>
        <time>2026-08-19T21:33:40.000Z</time>
        <extensions>
          <ns3:TrackPointExtension>
            <ns3:hr>127</ns3:hr>
            <ns3:cad>89</ns3:cad>
          </ns3:TrackPointExtension>
        </extensions>
      </trkpt>
      <trkpt lat="29.2921828664839267730712890625" lon="117.25323370657861232757568359375">
        <ele>33.59999847412109375</ele>
        <time>2026-08-19T21:33:41.000Z</time>
        <extensions>
          <ns3:TrackPointExtension>
            <ns3:hr>127</ns3:hr>
            <ns3:cad>89</ns3:cad>
          </ns3:TrackPointExtension>
        </extensions>
      </trkpt>
      <trkpt lat="29.29219233803451061248779296875" lon="117.25326153449714183807373046875">
        <ele>33.59999847412109375</ele>
        <time>2026-08-19T21:33:42.000Z</time>
        <extensions>
          <ns3:TrackPointExtension>
            <ns3:hr>128</ns3:hr>
            <ns3:cad>89</ns3:cad>
          </ns3:TrackPointExtension>
        </extensions>
      </trkpt>
      <trkpt lat="29.292203150689601898193359375" lon="117.25328483618795871734619140625">
        <ele>33.59999847412109375</ele>
        <time>2026-08-19T21:33:43.000Z</time>
        <extensions>
          <ns3:TrackPointExtension>
            <ns3:hr>127</ns3:hr>
            <ns3:cad>89</ns3:cad>
          </ns3:TrackPointExtension>
        </extensions>
      </trkpt>
      <trkpt lat="29.29221010766923427581787109375" lon="117.2533137537539005279541015625">
        <ele>33.59999847412109375</ele>
        <time>2026-08-19T21:33:44.000Z</time>
        <extensions>
          <ns3:TrackPointExtension>
            <ns3:hr>127</ns3:hr>
            <ns3:cad>89</ns3:cad>
          </ns3:TrackPointExtension>
        </extensions>
      </trkpt>
      <trkpt lat="29.292219914495944976806640625" lon="117.25334040820598602294921875">
        <ele>33.59999847412109375</ele>
        <time>2026-08-19T21:33:45.000Z</time>
        <extensions>
          <ns3:TrackPointExtension>
            <ns3:hr>127</ns3:hr>
            <ns3:cad>89</ns3:cad>
          </ns3:TrackPointExtension>
        </extensions>
      </trkpt>
      <trkpt lat="29.292227961122989654541015625" lon="117.25336731411516666412353515625">
        <ele>33.59999847412109375</ele>
        <time>2026-08-19T21:33:46.000Z</time>
        <extensions>
          <ns3:TrackPointExtension>
            <ns3:hr>127</ns3:hr>
            <ns3:cad>90</ns3:cad>
          </ns3:TrackPointExtension>
        </extensions>
      </trkpt>
      <trkpt lat="29.2922405339777469635009765625" lon="117.25339145399630069732666015625">
        <ele>33.59999847412109375</ele>
        <time>2026-08-19T21:33:47.000Z</time>
        <extensions>
          <ns3:TrackPointExtension>
            <ns3:hr>126</ns3:hr>
            <ns3:cad>90</ns3:cad>
          </ns3:TrackPointExtension>
        </extensions>
      </trkpt>
      <trkpt lat="29.29225067608058452606201171875" lon="117.2534176893532276153564453125">
        <ele>33.59999847412109375</ele>
        <time>2026-08-19T21:33:48.000Z</time>
        <extensions>
          <ns3:TrackPointExtension>
            <ns3:hr>126</ns3:hr>
            <ns3:cad>90</ns3:cad>
          </ns3:TrackPointExtension>
        </extensions>
      </trkpt>
      <trkpt lat="29.29226291365921497344970703125" lon="117.25344157777726650238037109375">
        <ele>33.59999847412109375</ele>
        <time>2026-08-19T21:33:49.000Z</time>
        <extensions>
          <ns3:TrackPointExtension>
            <ns3:hr>126</ns3:hr>
            <ns3:cad>90</ns3:cad>
          </ns3:TrackPointExtension>
        </extensions>
      </trkpt>
      <trkpt lat="29.2922723852097988128662109375" lon="117.25346873514354228973388671875">
        <ele>33.59999847412109375</ele>
        <time>2026-08-19T21:33:50.000Z</time>
        <extensions>
          <ns3:TrackPointExtension>
            <ns3:hr>126</ns3:hr>
            <ns3:cad>89</ns3:cad>
          </ns3:TrackPointExtension>
        </extensions>
      </trkpt>
      <trkpt lat="29.2922851257026195526123046875" lon="117.2534964792430400848388671875">
        <ele>33.59999847412109375</ele>
        <time>2026-08-19T21:33:51.000Z</time>
        <extensions>
          <ns3:TrackPointExtension>
            <ns3:hr>126</ns3:hr>
            <ns3:cad>89</ns3:cad>
          </ns3:TrackPointExtension>
        </extensions>
      </trkpt>
      <trkpt lat="29.29229862056672573089599609375" lon="117.25351299159228801727294921875">
        <ele>33.59999847412109375</ele>
        <time>2026-08-19T21:33:52.000Z</time>
        <extensions>
          <ns3:TrackPointExtension>
            <ns3:hr>126</ns3:hr>
            <ns3:cad>89</ns3:cad>
          </ns3:TrackPointExtension>
        </extensions>
      </trkpt>
      <trkpt lat="29.29231404326856136322021484375" lon="117.25353713147342205047607421875">
        <ele>33.59999847412109375</ele>
        <time>2026-08-19T21:33:53.000Z</time>
        <extensions>
          <ns3:TrackPointExtension>
            <ns3:hr>126</ns3:hr>
            <ns3:cad>90</ns3:cad>
          </ns3:TrackPointExtension>
        </extensions>
      </trkpt>
      <trkpt lat="29.292323850095272064208984375" lon="117.25356060080230236053466796875">
        <ele>33.799999237060546875</ele>
        <time>2026-08-19T21:33:54.000Z</time>
        <extensions>
          <ns3:TrackPointExtension>
            <ns3:hr>126</ns3:hr>
            <ns3:cad>90</ns3:cad>
          </ns3:TrackPointExtension>
        </extensions>
      </trkpt>
      <trkpt lat="29.2923354171216487884521484375" lon="117.25358256138861179351806640625">
        <ele>33.59999847412109375</ele>
        <time>2026-08-19T21:33:55.000Z</time>
        <extensions>
          <ns3:TrackPointExtension>
            <ns3:hr>126</ns3:hr>
            <ns3:cad>90</ns3:cad>
          </ns3:TrackPointExtension>
        </extensions>
      </trkpt>
      <trkpt lat="29.29234254173934459686279296875" lon="117.25360603071749210357666015625">
        <ele>33.59999847412109375</ele>
        <time>2026-08-19T21:33:56.000Z</time>
        <extensions>
          <ns3:TrackPointExtension>
            <ns3:hr>126</ns3:hr>
            <ns3:cad>90</ns3:cad>
          </ns3:TrackPointExtension>
        </extensions>
      </trkpt>
      <trkpt lat="29.29235159419476985931396484375" lon="117.2536289133131504058837890625">
        <ele>33.799999237060546875</ele>
        <time>2026-08-19T21:33:57.000Z</time>
        <extensions>
          <ns3:TrackPointExtension>
            <ns3:hr>126</ns3:hr>
            <ns3:cad>90</ns3:cad>
          </ns3:TrackPointExtension>
        </extensions>
      </trkpt>
      <trkpt lat="29.29235997609794139862060546875" lon="117.2536540590226650238037109375">
        <ele>33.799999237060546875</ele>
        <time>2026-08-19T21:33:58.000Z</time>
        <extensions>
          <ns3:TrackPointExtension>
            <ns3:hr>126</ns3:hr>
            <ns3:cad>90</ns3:cad>
          </ns3:TrackPointExtension>
        </extensions>
      </trkpt>
      <trkpt lat="29.29237187840044498443603515625" lon="117.253680042922496795654296875">
        <ele>33.799999237060546875</ele>
        <time>2026-08-19T21:33:59.000Z</time>
        <extensions>
          <ns3:TrackPointExtension>
            <ns3:hr>126</ns3:hr>
            <ns3:cad>90</ns3:cad>
          </ns3:TrackPointExtension>
        </extensions>
      </trkpt>
      <trkpt lat="29.29238143377006053924560546875" lon="117.25370745174586772918701171875">
        <ele>33.799999237060546875</ele>
        <time>2026-08-19T21:34:00.000Z</time>
        <extensions>
          <ns3:TrackPointExtension>
            <ns3:hr>126</ns3:hr>
            <ns3:cad>90</ns3:cad>
          </ns3:TrackPointExtension>
        </extensions>
      </trkpt>
      <trkpt lat="29.2923927493393421173095703125" lon="117.253729999065399169921875">
        <ele>33.799999237060546875</ele>
        <time>2026-08-19T21:34:01.000Z</time>
        <extensions>
          <ns3:TrackPointExtension>
            <ns3:hr>127</ns3:hr>
            <ns3:cad>90</ns3:cad>
          </ns3:TrackPointExtension>
        </extensions>
      </trkpt>
      <trkpt lat="29.29240138269960880279541015625" lon="117.2537546418607234954833984375">
        <ele>33.799999237060546875</ele>
        <time>2026-08-19T21:34:02.000Z</time>
        <extensions>
          <ns3:TrackPointExtension>
            <ns3:hr>127</ns3:hr>
            <ns3:cad>90</ns3:cad>
          </ns3:TrackPointExtension>
        </extensions>
      </trkpt>
      <trkpt lat="29.29241470992565155029296875" lon="117.25378054194152355194091796875">
        <ele>33.799999237060546875</ele>
        <time>2026-08-19T21:34:03.000Z</time>
        <extensions>
          <ns3:TrackPointExtension>
            <ns3:hr>127</ns3:hr>
            <ns3:cad>89</ns3:cad>
          </ns3:TrackPointExtension>
        </extensions>
      </trkpt>
      <trkpt lat="29.29242300800979137420654296875" lon="117.25380518473684787750244140625">
        <ele>33.799999237060546875</ele>
        <time>2026-08-19T21:34:04.000Z</time>
        <extensions>
          <ns3:TrackPointExtension>
            <ns3:hr>127</ns3:hr>
            <ns3:cad>89</ns3:cad>
          </ns3:TrackPointExtension>
        </extensions>
      </trkpt>
      <trkpt lat="29.2924368381500244140625" lon="117.2538287378847599029541015625">
        <ele>33.799999237060546875</ele>
        <time>2026-08-19T21:34:05.000Z</time>
        <extensions>
          <ns3:TrackPointExtension>
            <ns3:hr>127</ns3:hr>
            <ns3:cad>89</ns3:cad>
          </ns3:TrackPointExtension>
        </extensions>
      </trkpt>
      <trkpt lat="29.2924470640718936920166015625" lon="117.25385329686105251312255859375">
        <ele>33.799999237060546875</ele>
        <time>2026-08-19T21:34:06.000Z</time>
        <extensions>
          <ns3:TrackPointExtension>
            <ns3:hr>128</ns3:hr>
            <ns3:cad>89</ns3:cad>
          </ns3:TrackPointExtension>
        </extensions>
      </trkpt>
      <trkpt lat="29.29246139712631702423095703125" lon="117.25387861020863056182861328125">
        <ele>33.799999237060546875</ele>
        <time>2026-08-19T21:34:07.000Z</time>
        <extensions>
          <ns3:TrackPointExtension>
            <ns3:hr>127</ns3:hr>
            <ns3:cad>90</ns3:cad>
          </ns3:TrackPointExtension>
        </extensions>
      </trkpt>
      <trkpt lat="29.29247195832431316375732421875" lon="117.253901325166225433349609375">
        <ele>33.799999237060546875</ele>
        <time>2026-08-19T21:34:08.000Z</time>
        <extensions>
          <ns3:TrackPointExtension>
            <ns3:hr>127</ns3:hr>
            <ns3:cad>90</ns3:cad>
          </ns3:TrackPointExtension>
        </extensions>
      </trkpt>
      <trkpt lat="29.29248503409326076507568359375" lon="117.25392990745604038238525390625">
        <ele>33.799999237060546875</ele>
        <time>2026-08-19T21:34:09.000Z</time>
        <extensions>
          <ns3:TrackPointExtension>
            <ns3:hr>128</ns3:hr>
            <ns3:cad>90</ns3:cad>
          </ns3:TrackPointExtension>
        </extensions>
      </trkpt>
      <trkpt lat="29.29249458946287631988525390625" lon="117.2539531253278255462646484375">
        <ele>33.799999237060546875</ele>
        <time>2026-08-19T21:34:10.000Z</time>
        <extensions>
          <ns3:TrackPointExtension>
            <ns3:hr>127</ns3:hr>
            <ns3:cad>90</ns3:cad>
          </ns3:TrackPointExtension>
        </extensions>
      </trkpt>
      <trkpt lat="29.29250531829893589019775390625" lon="117.2539826296269893646240234375">
        <ele>33.799999237060546875</ele>
        <time>2026-08-19T21:34:11.000Z</time>
        <extensions>
          <ns3:TrackPointExtension>
            <ns3:hr>127</ns3:hr>
            <ns3:cad>90</ns3:cad>
          </ns3:TrackPointExtension>
        </extensions>
      </trkpt>
      <trkpt lat="29.2925147898495197296142578125" lon="117.25400467403233051300048828125">
        <ele>34</ele>
        <time>2026-08-19T21:34:12.000Z</time>
        <extensions>
          <ns3:TrackPointExtension>
            <ns3:hr>128</ns3:hr>
            <ns3:cad>90</ns3:cad>
          </ns3:TrackPointExtension>
        </extensions>
      </trkpt>
      <trkpt lat="29.2925268597900867462158203125" lon="117.25403065793216228485107421875">
        <ele>34</ele>
        <time>2026-08-19T21:34:13.000Z</time>
        <extensions>
          <ns3:TrackPointExtension>
            <ns3:hr>128</ns3:hr>
            <ns3:cad>90</ns3:cad>
          </ns3:TrackPointExtension>
        </extensions>
      </trkpt>
      <trkpt lat="29.29253876209259033203125" lon="117.25405387580394744873046875">
        <ele>34</ele>
        <time>2026-08-19T21:34:14.000Z</time>
        <extensions>
          <ns3:TrackPointExtension>
            <ns3:hr>128</ns3:hr>
            <ns3:cad>89</ns3:cad>
          </ns3:TrackPointExtension>
        </extensions>
      </trkpt>
      <trkpt lat="29.29255292750895023345947265625" lon="117.25408203899860382080078125">
        <ele>34</ele>
        <time>2026-08-19T21:34:15.000Z</time>
        <extensions>
          <ns3:TrackPointExtension>
            <ns3:hr>128</ns3:hr>
            <ns3:cad>89</ns3:cad>
          </ns3:TrackPointExtension>
        </extensions>
      </trkpt>
      <trkpt lat="29.292567260563373565673828125" lon="117.2541041672229766845703125">
        <ele>34.200000762939453125</ele>
        <time>2026-08-19T21:34:16.000Z</time>
        <extensions>
          <ns3:TrackPointExtension>
            <ns3:hr>129</ns3:hr>
            <ns3:cad>89</ns3:cad>
          </ns3:TrackPointExtension>
        </extensions>
      </trkpt>
      <trkpt lat="29.2925791628658771514892578125" lon="117.2541296482086181640625">
        <ele>34</ele>
        <time>2026-08-19T21:34:17.000Z</time>
        <extensions>
          <ns3:TrackPointExtension>
            <ns3:hr>129</ns3:hr>
            <ns3:cad>89</ns3:cad>
          </ns3:TrackPointExtension>
        </extensions>
      </trkpt>
      <trkpt lat="29.29258964024484157562255859375" lon="117.25415219552814960479736328125">
        <ele>34</ele>
        <time>2026-08-19T21:34:18.000Z</time>
        <extensions>
          <ns3:TrackPointExtension>
            <ns3:hr>129</ns3:hr>
            <ns3:cad>90</ns3:cad>
          </ns3:TrackPointExtension>
        </extensions>
      </trkpt>
      <trkpt lat="29.29260355420410633087158203125" lon="117.25418002344667911529541015625">
        <ele>34</ele>
        <time>2026-08-19T21:34:19.000Z</time>
        <extensions>
          <ns3:TrackPointExtension>
            <ns3:hr>129</ns3:hr>
            <ns3:cad>90</ns3:cad>
          </ns3:TrackPointExtension>
        </extensions>
      </trkpt>
      <trkpt lat="29.29261662997305393218994140625" lon="117.2541980445384979248046875">
        <ele>34</ele>
        <time>2026-08-19T21:34:20.000Z</time>
        <extensions>
          <ns3:TrackPointExtension>
            <ns3:hr>129</ns3:hr>
            <ns3:cad>91</ns3:cad>
          </ns3:TrackPointExtension>
        </extensions>
      </trkpt>
      <trkpt lat="29.29262786172330379486083984375" lon="117.25422629155218601226806640625">
        <ele>34</ele>
        <time>2026-08-19T21:34:21.000Z</time>
        <extensions>
          <ns3:TrackPointExtension>
            <ns3:hr>129</ns3:hr>
            <ns3:cad>91</ns3:cad>
          </ns3:TrackPointExtension>
        </extensions>
      </trkpt>
      <trkpt lat="29.29264211095869541168212890625" lon="117.25424590520560741424560546875">
        <ele>34</ele>
        <time>2026-08-19T21:34:22.000Z</time>
        <extensions>
          <ns3:TrackPointExtension>
            <ns3:hr>129</ns3:hr>
            <ns3:cad>92</ns3:cad>
          </ns3:TrackPointExtension>
        </extensions>
      </trkpt>
      <trkpt lat="29.292654432356357574462890625" lon="117.25427390076220035552978515625">
        <ele>34</ele>
        <time>2026-08-19T21:34:23.000Z</time>
        <extensions>
          <ns3:TrackPointExtension>
            <ns3:hr>129</ns3:hr>
            <ns3:cad>92</ns3:cad>
          </ns3:TrackPointExtension>
        </extensions>
      </trkpt>
      <trkpt lat="29.29266775958240032196044921875" lon="117.254294268786907196044921875">
        <ele>34</ele>
        <time>2026-08-19T21:34:24.000Z</time>
        <extensions>
          <ns3:TrackPointExtension>
            <ns3:hr>129</ns3:hr>
            <ns3:cad>91</ns3:cad>
          </ns3:TrackPointExtension>
        </extensions>
      </trkpt>
      <trkpt lat="29.2926770634949207305908203125" lon="117.2543214261531829833984375">
        <ele>34</ele>
        <time>2026-08-19T21:34:25.000Z</time>
        <extensions>
          <ns3:TrackPointExtension>
            <ns3:hr>129</ns3:hr>
            <ns3:cad>91</ns3:cad>
          </ns3:TrackPointExtension>
        </extensions>
      </trkpt>
      <trkpt lat="29.29268695414066314697265625" lon="117.25434430874884128570556640625">
        <ele>34</ele>
        <time>2026-08-19T21:34:26.000Z</time>
        <extensions>
          <ns3:TrackPointExtension>
            <ns3:hr>129</ns3:hr>
            <ns3:cad>91</ns3:cad>
          </ns3:TrackPointExtension>
        </extensions>
      </trkpt>
      <trkpt lat="29.29269843734800815582275390625" lon="117.25437180139124393463134765625">
        <ele>34</ele>
        <time>2026-08-19T21:34:27.000Z</time>
        <extensions>
          <ns3:TrackPointExtension>
            <ns3:hr>129</ns3:hr>
            <ns3:cad>90</ns3:cad>
          </ns3:TrackPointExtension>
        </extensions>
      </trkpt>
      <trkpt lat="29.29271033965051174163818359375" lon="117.25439309142529964447021484375">
        <ele>34</ele>
        <time>2026-08-19T21:34:28.000Z</time>
        <extensions>
          <ns3:TrackPointExtension>
            <ns3:hr>129</ns3:hr>
            <ns3:cad>90</ns3:cad>
          </ns3:TrackPointExtension>
        </extensions>
      </trkpt>
      <trkpt lat="29.2927199788391590118408203125" lon="117.25442058406770229339599609375">
        <ele>34</ele>
        <time>2026-08-19T21:34:29.000Z</time>
        <extensions>
          <ns3:TrackPointExtension>
            <ns3:hr>129</ns3:hr>
            <ns3:cad>90</ns3:cad>
          </ns3:TrackPointExtension>
        </extensions>
      </trkpt>
      <trkpt lat="29.29273330606520175933837890625" lon="117.25443634204566478729248046875">
        <ele>34</ele>
        <time>2026-08-19T21:34:30.000Z</time>
        <extensions>
          <ns3:TrackPointExtension>
            <ns3:hr>129</ns3:hr>
            <ns3:cad>90</ns3:cad>
          </ns3:TrackPointExtension>
        </extensions>
      </trkpt>
      <trkpt lat="29.29274386726319789886474609375" lon="117.25446760654449462890625">
        <ele>34</ele>
        <time>2026-08-19T21:34:31.000Z</time>
        <extensions>
          <ns3:TrackPointExtension>
            <ns3:hr>129</ns3:hr>
            <ns3:cad>90</ns3:cad>
          </ns3:TrackPointExtension>
        </extensions>
      </trkpt>
      <trkpt lat="29.29275727830827236175537109375" lon="117.254489399492740631103515625">
        <ele>34</ele>
        <time>2026-08-19T21:34:32.000Z</time>
        <extensions>
          <ns3:TrackPointExtension>
            <ns3:hr>129</ns3:hr>
            <ns3:cad>90</ns3:cad>
          </ns3:TrackPointExtension>
        </extensions>
      </trkpt>
      <trkpt lat="29.2927665822207927703857421875" lon="117.2545214183628559112548828125">
        <ele>34</ele>
        <time>2026-08-19T21:34:33.000Z</time>
        <extensions>
          <ns3:TrackPointExtension>
            <ns3:hr>128</ns3:hr>
            <ns3:cad>90</ns3:cad>
          </ns3:TrackPointExtension>
        </extensions>
      </trkpt>
      <trkpt lat="29.29278309457004070281982421875" lon="117.2545448876917362213134765625">
        <ele>34</ele>
        <time>2026-08-19T21:34:34.000Z</time>
        <extensions>
          <ns3:TrackPointExtension>
            <ns3:hr>129</ns3:hr>
            <ns3:cad>90</ns3:cad>
          </ns3:TrackPointExtension>
        </extensions>
      </trkpt>
      <trkpt lat="29.29279063828289508819580078125" lon="117.2545777447521686553955078125">
        <ele>34</ele>
        <time>2026-08-19T21:34:35.000Z</time>
        <extensions>
          <ns3:TrackPointExtension>
            <ns3:hr>129</ns3:hr>
            <ns3:cad>92</ns3:cad>
          </ns3:TrackPointExtension>
        </extensions>
      </trkpt>
      <trkpt lat="29.29280337877571582794189453125" lon="117.25459878332912921905517578125">
        <ele>34</ele>
        <time>2026-08-19T21:34:36.000Z</time>
        <extensions>
          <ns3:TrackPointExtension>
            <ns3:hr>128</ns3:hr>
            <ns3:cad>92</ns3:cad>
          </ns3:TrackPointExtension>
        </extensions>
      </trkpt>
      <trkpt lat="29.29281025193631649017333984375" lon="117.2546293772757053375244140625">
        <ele>34</ele>
        <time>2026-08-19T21:34:37.000Z</time>
        <extensions>
          <ns3:TrackPointExtension>
            <ns3:hr>128</ns3:hr>
            <ns3:cad>92</ns3:cad>
          </ns3:TrackPointExtension>
        </extensions>
      </trkpt>
      <trkpt lat="29.2928230762481689453125" lon="117.25465326569974422454833984375">
        <ele>34</ele>
        <time>2026-08-19T21:34:38.000Z</time>
        <extensions>
          <ns3:TrackPointExtension>
            <ns3:hr>128</ns3:hr>
            <ns3:cad>92</ns3:cad>
          </ns3:TrackPointExtension>
        </extensions>
      </trkpt>
      <trkpt lat="29.2928322963416576385498046875" lon="117.25468226708471775054931640625">
        <ele>34</ele>
        <time>2026-08-19T21:34:39.000Z</time>
        <extensions>
          <ns3:TrackPointExtension>
            <ns3:hr>128</ns3:hr>
            <ns3:cad>92</ns3:cad>
          </ns3:TrackPointExtension>
        </extensions>
      </trkpt>
      <trkpt lat="29.292846210300922393798828125" lon="117.25470657460391521453857421875">
        <ele>34</ele>
        <time>2026-08-19T21:34:40.000Z</time>
        <extensions>
          <ns3:TrackPointExtension>
            <ns3:hr>128</ns3:hr>
            <ns3:cad>92</ns3:cad>
          </ns3:TrackPointExtension>
        </extensions>
      </trkpt>
      <trkpt lat="29.29285719059407711029052734375" lon="117.25473222322762012481689453125">
        <ele>34</ele>
        <time>2026-08-19T21:34:41.000Z</time>
        <extensions>
          <ns3:TrackPointExtension>
            <ns3:hr>128</ns3:hr>
            <ns3:cad>92</ns3:cad>
          </ns3:TrackPointExtension>
        </extensions>
      </trkpt>
      <trkpt lat="29.2928701825439929962158203125" lon="117.25475904531776905059814453125">
        <ele>34.200000762939453125</ele>
        <time>2026-08-19T21:34:42.000Z</time>
        <extensions>
          <ns3:TrackPointExtension>
            <ns3:hr>128</ns3:hr>
            <ns3:cad>92</ns3:cad>
          </ns3:TrackPointExtension>
        </extensions>
      </trkpt>
      <trkpt lat="29.2928805761039257049560546875" lon="117.2547795809805393218994140625">
        <ele>34.200000762939453125</ele>
        <time>2026-08-19T21:34:43.000Z</time>
        <extensions>
          <ns3:TrackPointExtension>
            <ns3:hr>127</ns3:hr>
            <ns3:cad>92</ns3:cad>
          </ns3:TrackPointExtension>
        </extensions>
      </trkpt>
      <trkpt lat="29.29289625026285648345947265625" lon="117.25481017492711544036865234375">
        <ele>34</ele>
        <time>2026-08-19T21:34:44.000Z</time>
        <extensions>
          <ns3:TrackPointExtension>
            <ns3:hr>127</ns3:hr>
            <ns3:cad>92</ns3:cad>
          </ns3:TrackPointExtension>
        </extensions>
      </trkpt>
      <trkpt lat="29.2929067276418209075927734375" lon="117.25483465008437633514404296875">
        <ele>34</ele>
        <time>2026-08-19T21:34:45.000Z</time>
        <extensions>
          <ns3:TrackPointExtension>
            <ns3:hr>126</ns3:hr>
            <ns3:cad>92</ns3:cad>
          </ns3:TrackPointExtension>
        </extensions>
      </trkpt>
      <trkpt lat="29.29291737265884876251220703125" lon="117.2548607178032398223876953125">
        <ele>34</ele>
        <time>2026-08-19T21:34:46.000Z</time>
        <extensions>
          <ns3:TrackPointExtension>
            <ns3:hr>126</ns3:hr>
            <ns3:cad>92</ns3:cad>
          </ns3:TrackPointExtension>
        </extensions>
      </trkpt>
      <trkpt lat="29.29292810149490833282470703125" lon="117.2548788227140903472900390625">
        <ele>34</ele>
        <time>2026-08-19T21:34:47.000Z</time>
        <extensions>
          <ns3:TrackPointExtension>
            <ns3:hr>126</ns3:hr>
            <ns3:cad>91</ns3:cad>
          </ns3:TrackPointExtension>
        </extensions>
      </trkpt>
      <trkpt lat="29.292940087616443634033203125" lon="117.25490824319422245025634765625">
        <ele>34</ele>
        <time>2026-08-19T21:34:48.000Z</time>
        <extensions>
          <ns3:TrackPointExtension>
            <ns3:hr>125</ns3:hr>
            <ns3:cad>91</ns3:cad>
          </ns3:TrackPointExtension>
        </extensions>
      </trkpt>
      <trkpt lat="29.2929518222808837890625" lon="117.2549311257898807525634765625">
        <ele>34</ele>
        <time>2026-08-19T21:34:49.000Z</time>
        <extensions>
          <ns3:TrackPointExtension>
            <ns3:hr>126</ns3:hr>
            <ns3:cad>92</ns3:cad>
          </ns3:TrackPointExtension>
        </extensions>
      </trkpt>
      <trkpt lat="29.29296431131660938262939453125" lon="117.25496071390807628631591796875">
        <ele>34</ele>
        <time>2026-08-19T21:34:50.000Z</time>
        <extensions>
          <ns3:TrackPointExtension>
            <ns3:hr>126</ns3:hr>
            <ns3:cad>92</ns3:cad>
          </ns3:TrackPointExtension>
        </extensions>
      </trkpt>
      <trkpt lat="29.292978309094905853271484375" lon="117.25498192012310028076171875">
        <ele>34</ele>
        <time>2026-08-19T21:34:51.000Z</time>
        <extensions>
          <ns3:TrackPointExtension>
            <ns3:hr>126</ns3:hr>
            <ns3:cad>92</ns3:cad>
          </ns3:TrackPointExtension>
        </extensions>
      </trkpt>
      <trkpt lat="29.29298928938806056976318359375" lon="117.2550134360790252685546875">
        <ele>34</ele>
        <time>2026-08-19T21:34:52.000Z</time>
        <extensions>
          <ns3:TrackPointExtension>
            <ns3:hr>126</ns3:hr>
            <ns3:cad>92</ns3:cad>
          </ns3:TrackPointExtension>
        </extensions>
      </trkpt>
      <trkpt lat="29.293005466461181640625" lon="117.255035229027271270751953125">
        <ele>34</ele>
        <time>2026-08-19T21:34:53.000Z</time>
        <extensions>
          <ns3:TrackPointExtension>
            <ns3:hr>126</ns3:hr>
            <ns3:cad>91</ns3:cad>
          </ns3:TrackPointExtension>
        </extensions>
      </trkpt>
      <trkpt lat="29.29301879368722438812255859375" lon="117.25506347604095935821533203125">
        <ele>34</ele>
        <time>2026-08-19T21:34:54.000Z</time>
        <extensions>
          <ns3:TrackPointExtension>
            <ns3:hr>126</ns3:hr>
            <ns3:cad>91</ns3:cad>
          </ns3:TrackPointExtension>
        </extensions>
      </trkpt>
      <trkpt lat="29.2930311150848865509033203125" lon="117.2550853528082370758056640625">
        <ele>34</ele>
        <time>2026-08-19T21:34:55.000Z</time>
        <extensions>
          <ns3:TrackPointExtension>
            <ns3:hr>126</ns3:hr>
            <ns3:cad>91</ns3:cad>
          </ns3:TrackPointExtension>
        </extensions>
      </trkpt>
      <trkpt lat="29.29304511286318302154541015625" lon="117.2551125101745128631591796875">
        <ele>34</ele>
        <time>2026-08-19T21:34:56.000Z</time>
        <extensions>
          <ns3:TrackPointExtension>
            <ns3:hr>126</ns3:hr>
            <ns3:cad>90</ns3:cad>
          </ns3:TrackPointExtension>
        </extensions>
      </trkpt>
      <trkpt lat="29.29306137375533580780029296875" lon="117.25513254292309284210205078125">
        <ele>34</ele>
        <time>2026-08-19T21:34:57.000Z</time>
        <extensions>
          <ns3:TrackPointExtension>
            <ns3:hr>127</ns3:hr>
            <ns3:cad>90</ns3:cad>
          </ns3:TrackPointExtension>
        </extensions>
      </trkpt>
      <trkpt lat="29.293067492544651031494140625" lon="117.255167998373508453369140625">
        <ele>34</ele>
        <time>2026-08-19T21:34:58.000Z</time>
        <extensions>
          <ns3:TrackPointExtension>
            <ns3:hr>127</ns3:hr>
            <ns3:cad>90</ns3:cad>
          </ns3:TrackPointExtension>
        </extensions>
      </trkpt>
      <trkpt lat="29.29307746700942516326904296875" lon="117.255186773836612701416015625">
        <ele>34</ele>
        <time>2026-08-19T21:34:59.000Z</time>
        <extensions>
          <ns3:TrackPointExtension>
            <ns3:hr>127</ns3:hr>
            <ns3:cad>91</ns3:cad>
          </ns3:TrackPointExtension>
        </extensions>
      </trkpt>
      <trkpt lat="29.29308534599840641021728515625" lon="117.255215942859649658203125">
        <ele>33.799999237060546875</ele>
        <time>2026-08-19T21:35:00.000Z</time>
        <extensions>
          <ns3:TrackPointExtension>
            <ns3:hr>127</ns3:hr>
            <ns3:cad>91</ns3:cad>
          </ns3:TrackPointExtension>
        </extensions>
      </trkpt>
      <trkpt lat="29.293099679052829742431640625" lon="117.255236394703388214111328125">
        <ele>33.799999237060546875</ele>
        <time>2026-08-19T21:35:01.000Z</time>
        <extensions>
          <ns3:TrackPointExtension>
            <ns3:hr>127</ns3:hr>
            <ns3:cad>91</ns3:cad>
          </ns3:TrackPointExtension>
        </extensions>
      </trkpt>
      <trkpt lat="29.293107055127620697021484375" lon="117.25526782684028148651123046875">
        <ele>33.799999237060546875</ele>
        <time>2026-08-19T21:35:02.000Z</time>
        <extensions>
          <ns3:TrackPointExtension>
            <ns3:hr>128</ns3:hr>
            <ns3:cad>91</ns3:cad>
          </ns3:TrackPointExtension>
        </extensions>
      </trkpt>
      <trkpt lat="29.293120466172695159912109375" lon="117.25528643466532230377197265625">
        <ele>33.799999237060546875</ele>
        <time>2026-08-19T21:35:03.000Z</time>
        <extensions>
          <ns3:TrackPointExtension>
            <ns3:hr>127</ns3:hr>
            <ns3:cad>92</ns3:cad>
          </ns3:TrackPointExtension>
        </extensions>
      </trkpt>
      <trkpt lat="29.2931313626468181610107421875" lon="117.25531828589737415313720703125">
        <ele>33.799999237060546875</ele>
        <time>2026-08-19T21:35:04.000Z</time>
        <extensions>
          <ns3:TrackPointExtension>
            <ns3:hr>128</ns3:hr>
            <ns3:cad>92</ns3:cad>
          </ns3:TrackPointExtension>
        </extensions>
      </trkpt>
      <trkpt lat="29.2931437678635120391845703125" lon="117.255343683063983917236328125">
        <ele>33.799999237060546875</ele>
        <time>2026-08-19T21:35:05.000Z</time>
        <extensions>
          <ns3:TrackPointExtension>
            <ns3:hr>128</ns3:hr>
            <ns3:cad>92</ns3:cad>
          </ns3:TrackPointExtension>
        </extensions>
      </trkpt>
      <trkpt lat="29.2931534908711910247802734375" lon="117.2553679905831813812255859375">
        <ele>33.799999237060546875</ele>
        <time>2026-08-19T21:35:06.000Z</time>
        <extensions>
          <ns3:TrackPointExtension>
            <ns3:hr>128</ns3:hr>
            <ns3:cad>92</ns3:cad>
          </ns3:TrackPointExtension>
        </extensions>
      </trkpt>
      <trkpt lat="29.29316698573529720306396484375" lon="117.25539229810237884521484375">
        <ele>33.799999237060546875</ele>
        <time>2026-08-19T21:35:07.000Z</time>
        <extensions>
          <ns3:TrackPointExtension>
            <ns3:hr>128</ns3:hr>
            <ns3:cad>92</ns3:cad>
          </ns3:TrackPointExtension>
        </extensions>
      </trkpt>
      <trkpt lat="29.29317520000040531158447265625" lon="117.25541652180254459381103515625">
        <ele>33.799999237060546875</ele>
        <time>2026-08-19T21:35:08.000Z</time>
        <extensions>
          <ns3:TrackPointExtension>
            <ns3:hr>129</ns3:hr>
            <ns3:cad>91</ns3:cad>
          </ns3:TrackPointExtension>
        </extensions>
      </trkpt>
      <trkpt lat="29.29318810813128948211669921875" lon="117.25544057786464691162109375">
        <ele>33.799999237060546875</ele>
        <time>2026-08-19T21:35:09.000Z</time>
        <extensions>
          <ns3:TrackPointExtension>
            <ns3:hr>129</ns3:hr>
            <ns3:cad>91</ns3:cad>
          </ns3:TrackPointExtension>
        </extensions>
      </trkpt>
      <trkpt lat="29.29319833405315876007080078125" lon="117.255464382469654083251953125">
        <ele>33.799999237060546875</ele>
        <time>2026-08-19T21:35:10.000Z</time>
        <extensions>
          <ns3:TrackPointExtension>
            <ns3:hr>129</ns3:hr>
            <ns3:cad>91</ns3:cad>
          </ns3:TrackPointExtension>
        </extensions>
      </trkpt>
      <trkpt lat="29.29321140982210636138916015625" lon="117.25548977963626384735107421875">
        <ele>33.799999237060546875</ele>
        <time>2026-08-19T21:35:11.000Z</time>
        <extensions>
          <ns3:TrackPointExtension>
            <ns3:hr>129</ns3:hr>
            <ns3:cad>91</ns3:cad>
          </ns3:TrackPointExtension>
        </extensions>
      </trkpt>
      <trkpt lat="29.293222725391387939453125" lon="117.255513332784175872802734375">
        <ele>33.59999847412109375</ele>
        <time>2026-08-19T21:35:12.000Z</time>
        <extensions>
          <ns3:TrackPointExtension>
            <ns3:hr>129</ns3:hr>
            <ns3:cad>91</ns3:cad>
          </ns3:TrackPointExtension>
        </extensions>
      </trkpt>
      <trkpt lat="29.2932352982461452484130859375" lon="117.25553990341722965240478515625">
        <ele>33.59999847412109375</ele>
        <time>2026-08-19T21:35:13.000Z</time>
        <extensions>
          <ns3:TrackPointExtension>
            <ns3:hr>129</ns3:hr>
            <ns3:cad>91</ns3:cad>
          </ns3:TrackPointExtension>
        </extensions>
      </trkpt>
      <trkpt lat="29.2932463623583316802978515625" lon="117.25556203164160251617431640625">
        <ele>33.59999847412109375</ele>
        <time>2026-08-19T21:35:14.000Z</time>
        <extensions>
          <ns3:TrackPointExtension>
            <ns3:hr>129</ns3:hr>
            <ns3:cad>91</ns3:cad>
          </ns3:TrackPointExtension>
        </extensions>
      </trkpt>
      <trkpt lat="29.29325834847986698150634765625" lon="117.255588434636592864990234375">
        <ele>33.59999847412109375</ele>
        <time>2026-08-19T21:35:15.000Z</time>
        <extensions>
          <ns3:TrackPointExtension>
            <ns3:hr>129</ns3:hr>
            <ns3:cad>91</ns3:cad>
          </ns3:TrackPointExtension>
        </extensions>
      </trkpt>
      <trkpt lat="29.293269328773021697998046875" lon="117.25561014376580715179443359375">
        <ele>33.59999847412109375</ele>
        <time>2026-08-19T21:35:16.000Z</time>
        <extensions>
          <ns3:TrackPointExtension>
            <ns3:hr>129</ns3:hr>
            <ns3:cad>90</ns3:cad>
          </ns3:TrackPointExtension>
        </extensions>
      </trkpt>
      <trkpt lat="29.29327980615198612213134765625" lon="117.25563646294176578521728515625">
        <ele>33.59999847412109375</ele>
        <time>2026-08-19T21:35:17.000Z</time>
        <extensions>
          <ns3:TrackPointExtension>
            <ns3:hr>129</ns3:hr>
            <ns3:cad>91</ns3:cad>
          </ns3:TrackPointExtension>
        </extensions>
      </trkpt>
      <trkpt lat="29.2932909540832042694091796875" lon="117.2556569986045360565185546875">
        <ele>33.59999847412109375</ele>
        <time>2026-08-19T21:35:18.000Z</time>
        <extensions>
          <ns3:TrackPointExtension>
            <ns3:hr>129</ns3:hr>
            <ns3:cad>91</ns3:cad>
          </ns3:TrackPointExtension>
        </extensions>
      </trkpt>
      <trkpt lat="29.29330327548086643218994140625" lon="117.2556818090379238128662109375">
        <ele>33.59999847412109375</ele>
        <time>2026-08-19T21:35:19.000Z</time>
        <extensions>
          <ns3:TrackPointExtension>
            <ns3:hr>129</ns3:hr>
            <ns3:cad>91</ns3:cad>
          </ns3:TrackPointExtension>
        </extensions>
      </trkpt>
      <trkpt lat="29.2933117412030696868896484375" lon="117.25570368580520153045654296875">
        <ele>33.59999847412109375</ele>
        <time>2026-08-19T21:35:20.000Z</time>
        <extensions>
          <ns3:TrackPointExtension>
            <ns3:hr>128</ns3:hr>
            <ns3:cad>91</ns3:cad>
          </ns3:TrackPointExtension>
        </extensions>
      </trkpt>
      <trkpt lat="29.2933214642107486724853515625" lon="117.25573235191404819488525390625">
        <ele>33.59999847412109375</ele>
        <time>2026-08-19T21:35:21.000Z</time>
        <extensions>
          <ns3:TrackPointExtension>
            <ns3:hr>128</ns3:hr>
            <ns3:cad>91</ns3:cad>
          </ns3:TrackPointExtension>
        </extensions>
      </trkpt>
      <trkpt lat="29.29333470761775970458984375" lon="117.2557508759200572967529296875">
        <ele>33.59999847412109375</ele>
        <time>2026-08-19T21:35:22.000Z</time>
        <extensions>
          <ns3:TrackPointExtension>
            <ns3:hr>128</ns3:hr>
            <ns3:cad>91</ns3:cad>
          </ns3:TrackPointExtension>
        </extensions>
      </trkpt>
      <trkpt lat="29.29334920831024646759033203125" lon="117.25577996112406253814697265625">
        <ele>33.59999847412109375</ele>
        <time>2026-08-19T21:35:23.000Z</time>
        <extensions>
          <ns3:TrackPointExtension>
            <ns3:hr>128</ns3:hr>
            <ns3:cad>91</ns3:cad>
          </ns3:TrackPointExtension>
        </extensions>
      </trkpt>
      <trkpt lat="29.2933643795549869537353515625" lon="117.25580074824392795562744140625">
        <ele>33.40000152587890625</ele>
        <time>2026-08-19T21:35:24.000Z</time>
        <extensions>
          <ns3:TrackPointExtension>
            <ns3:hr>127</ns3:hr>
            <ns3:cad>91</ns3:cad>
          </ns3:TrackPointExtension>
        </extensions>
      </trkpt>
      <trkpt lat="29.29337401874363422393798828125" lon="117.2558341920375823974609375">
        <ele>33.40000152587890625</ele>
        <time>2026-08-19T21:35:25.000Z</time>
        <extensions>
          <ns3:TrackPointExtension>
            <ns3:hr>127</ns3:hr>
            <ns3:cad>90</ns3:cad>
          </ns3:TrackPointExtension>
        </extensions>
      </trkpt>
      <trkpt lat="29.29338390938937664031982421875" lon="117.25585556589066982269287109375">
        <ele>33.40000152587890625</ele>
        <time>2026-08-19T21:35:26.000Z</time>
        <extensions>
          <ns3:TrackPointExtension>
            <ns3:hr>127</ns3:hr>
            <ns3:cad>90</ns3:cad>
          </ns3:TrackPointExtension>
        </extensions>
      </trkpt>
      <trkpt lat="29.2933965660631656646728515625" lon="117.255886495113372802734375">
        <ele>33.40000152587890625</ele>
        <time>2026-08-19T21:35:27.000Z</time>
        <extensions>
          <ns3:TrackPointExtension>
            <ns3:hr>128</ns3:hr>
            <ns3:cad>90</ns3:cad>
          </ns3:TrackPointExtension>
        </extensions>
      </trkpt>
      <trkpt lat="29.2934093065559864044189453125" lon="117.25590887479484081268310546875">
        <ele>33.40000152587890625</ele>
        <time>2026-08-19T21:35:28.000Z</time>
        <extensions>
          <ns3:TrackPointExtension>
            <ns3:hr>128</ns3:hr>
            <ns3:cad>90</ns3:cad>
          </ns3:TrackPointExtension>
        </extensions>
      </trkpt>
      <trkpt lat="29.29341961629688739776611328125" lon="117.25593720562756061553955078125">
        <ele>33.40000152587890625</ele>
        <time>2026-08-19T21:35:29.000Z</time>
        <extensions>
          <ns3:TrackPointExtension>
            <ns3:hr>128</ns3:hr>
            <ns3:cad>89</ns3:cad>
          </ns3:TrackPointExtension>
        </extensions>
      </trkpt>
      <trkpt lat="29.29343101568520069122314453125" lon="117.25595849566161632537841796875">
        <ele>33.200000762939453125</ele>
        <time>2026-08-19T21:35:30.000Z</time>
        <extensions>
          <ns3:TrackPointExtension>
            <ns3:hr>128</ns3:hr>
            <ns3:cad>89</ns3:cad>
          </ns3:TrackPointExtension>
        </extensions>
      </trkpt>
      <trkpt lat="29.29344342090189456939697265625" lon="117.2559843957424163818359375">
        <ele>33.200000762939453125</ele>
        <time>2026-08-19T21:35:31.000Z</time>
        <extensions>
          <ns3:TrackPointExtension>
            <ns3:hr>127</ns3:hr>
            <ns3:cad>89</ns3:cad>
          </ns3:TrackPointExtension>
        </extensions>
      </trkpt>
      <trkpt lat="29.2934552393853664398193359375" lon="117.2560030035674571990966796875">
        <ele>33.200000762939453125</ele>
        <time>2026-08-19T21:35:32.000Z</time>
        <extensions>
          <ns3:TrackPointExtension>
            <ns3:hr>127</ns3:hr>
            <ns3:cad>89</ns3:cad>
          </ns3:TrackPointExtension>
        </extensions>
      </trkpt>
      <trkpt lat="29.29346705786883831024169921875" lon="117.25603175349533557891845703125">
        <ele>33.200000762939453125</ele>
        <time>2026-08-19T21:35:33.000Z</time>
        <extensions>
          <ns3:TrackPointExtension>
            <ns3:hr>127</ns3:hr>
            <ns3:cad>90</ns3:cad>
          </ns3:TrackPointExtension>
        </extensions>
      </trkpt>
      <trkpt lat="29.29348097182810306549072265625" lon="117.25605388171970844268798828125">
        <ele>33.200000762939453125</ele>
        <time>2026-08-19T21:35:34.000Z</time>
        <extensions>
          <ns3:TrackPointExtension>
            <ns3:hr>128</ns3:hr>
            <ns3:cad>90</ns3:cad>
          </ns3:TrackPointExtension>
        </extensions>
      </trkpt>
      <trkpt lat="29.2934907786548137664794921875" lon="117.25608372129499912261962890625">
        <ele>33.200000762939453125</ele>
        <time>2026-08-19T21:35:35.000Z</time>
        <extensions>
          <ns3:TrackPointExtension>
            <ns3:hr>127</ns3:hr>
            <ns3:cad>90</ns3:cad>
          </ns3:TrackPointExtension>
        </extensions>
      </trkpt>
      <trkpt lat="29.293501339852809906005859375" lon="117.2561059333384037017822265625">
        <ele>33.200000762939453125</ele>
        <time>2026-08-19T21:35:36.000Z</time>
        <extensions>
          <ns3:TrackPointExtension>
            <ns3:hr>127</ns3:hr>
            <ns3:cad>90</ns3:cad>
          </ns3:TrackPointExtension>
        </extensions>
      </trkpt>
      <trkpt lat="29.29351131431758403778076171875" lon="117.25613753311336040496826171875">
        <ele>33.200000762939453125</ele>
        <time>2026-08-19T21:35:37.000Z</time>
        <extensions>
          <ns3:TrackPointExtension>
            <ns3:hr>127</ns3:hr>
            <ns3:cad>90</ns3:cad>
          </ns3:TrackPointExtension>
        </extensions>
      </trkpt>
      <trkpt lat="29.293526820838451385498046875" lon="117.25615832023322582244873046875">
        <ele>33.200000762939453125</ele>
        <time>2026-08-19T21:35:38.000Z</time>
        <extensions>
          <ns3:TrackPointExtension>
            <ns3:hr>126</ns3:hr>
            <ns3:cad>90</ns3:cad>
          </ns3:TrackPointExtension>
        </extensions>
      </trkpt>
      <trkpt lat="29.2935373820364475250244140625" lon="117.2561909258365631103515625">
        <ele>33.200000762939453125</ele>
        <time>2026-08-19T21:35:39.000Z</time>
        <extensions>
          <ns3:TrackPointExtension>
            <ns3:hr>126</ns3:hr>
            <ns3:cad>90</ns3:cad>
          </ns3:TrackPointExtension>
        </extensions>
      </trkpt>
      <trkpt lat="29.29355020634829998016357421875" lon="117.256210036575794219970703125">
        <ele>33.200000762939453125</ele>
        <time>2026-08-19T21:35:40.000Z</time>
        <extensions>
          <ns3:TrackPointExtension>
            <ns3:hr>126</ns3:hr>
            <ns3:cad>90</ns3:cad>
          </ns3:TrackPointExtension>
        </extensions>
      </trkpt>
      <trkpt lat="29.2935588397085666656494140625" lon="117.25624012760818004608154296875">
        <ele>33.200000762939453125</ele>
        <time>2026-08-19T21:35:41.000Z</time>
        <extensions>
          <ns3:TrackPointExtension>
            <ns3:hr>126</ns3:hr>
            <ns3:cad>90</ns3:cad>
          </ns3:TrackPointExtension>
        </extensions>
      </trkpt>
      <trkpt lat="29.2935725860297679901123046875" lon="117.256259657442569732666015625">
        <ele>33.200000762939453125</ele>
        <time>2026-08-19T21:35:42.000Z</time>
        <extensions>
          <ns3:TrackPointExtension>
            <ns3:hr>126</ns3:hr>
            <ns3:cad>90</ns3:cad>
          </ns3:TrackPointExtension>
        </extensions>
      </trkpt>
      <trkpt lat="29.29358406923711299896240234375" lon="117.2562906704843044281005859375">
        <ele>33</ele>
        <time>2026-08-19T21:35:43.000Z</time>
        <extensions>
          <ns3:TrackPointExtension>
            <ns3:hr>125</ns3:hr>
            <ns3:cad>90</ns3:cad>
          </ns3:TrackPointExtension>
        </extensions>
      </trkpt>
      <trkpt lat="29.2935960553586483001708984375" lon="117.25631003268063068389892578125">
        <ele>33</ele>
        <time>2026-08-19T21:35:44.000Z</time>
        <extensions>
          <ns3:TrackPointExtension>
            <ns3:hr>125</ns3:hr>
            <ns3:cad>90</ns3:cad>
          </ns3:TrackPointExtension>
        </extensions>
      </trkpt>
      <trkpt lat="29.293603263795375823974609375" lon="117.25634087808430194854736328125">
        <ele>33</ele>
        <time>2026-08-19T21:35:45.000Z</time>
        <extensions>
          <ns3:TrackPointExtension>
            <ns3:hr>125</ns3:hr>
            <ns3:cad>90</ns3:cad>
          </ns3:TrackPointExtension>
        </extensions>
      </trkpt>
      <trkpt lat="29.2936171777546405792236328125" lon="117.2563597373664379119873046875">
        <ele>33</ele>
        <time>2026-08-19T21:35:46.000Z</time>
        <extensions>
          <ns3:TrackPointExtension>
            <ns3:hr>125</ns3:hr>
            <ns3:cad>90</ns3:cad>
          </ns3:TrackPointExtension>
        </extensions>
      </trkpt>
      <trkpt lat="29.29362597875297069549560546875" lon="117.25639334879815578460693359375">
        <ele>33</ele>
        <time>2026-08-19T21:35:47.000Z</time>
        <extensions>
          <ns3:TrackPointExtension>
            <ns3:hr>125</ns3:hr>
            <ns3:cad>90</ns3:cad>
          </ns3:TrackPointExtension>
        </extensions>
      </trkpt>
      <trkpt lat="29.2936389707028865814208984375" lon="117.25641530938446521759033203125">
        <ele>33</ele>
        <time>2026-08-19T21:35:48.000Z</time>
        <extensions>
          <ns3:TrackPointExtension>
            <ns3:hr>124</ns3:hr>
            <ns3:cad>90</ns3:cad>
          </ns3:TrackPointExtension>
        </extensions>
      </trkpt>
      <trkpt lat="29.293649196624755859375" lon="117.25644481368362903594970703125">
        <ele>33</ele>
        <time>2026-08-19T21:35:49.000Z</time>
        <extensions>
          <ns3:TrackPointExtension>
            <ns3:hr>125</ns3:hr>
            <ns3:cad>90</ns3:cad>
          </ns3:TrackPointExtension>
        </extensions>
      </trkpt>
      <trkpt lat="29.2936637811362743377685546875" lon="117.2564636729657649993896484375">
        <ele>33</ele>
        <time>2026-08-19T21:35:50.000Z</time>
        <extensions>
          <ns3:TrackPointExtension>
            <ns3:hr>125</ns3:hr>
            <ns3:cad>90</ns3:cad>
          </ns3:TrackPointExtension>
        </extensions>
      </trkpt>
      <trkpt lat="29.2936755158007144927978515625" lon="117.25649208761751651763916015625">
        <ele>33</ele>
        <time>2026-08-19T21:35:51.000Z</time>
        <extensions>
          <ns3:TrackPointExtension>
            <ns3:hr>124</ns3:hr>
            <ns3:cad>90</ns3:cad>
          </ns3:TrackPointExtension>
        </extensions>
      </trkpt>
      <trkpt lat="29.29369068704545497894287109375" lon="117.25651186890900135040283203125">
        <ele>33</ele>
        <time>2026-08-19T21:35:52.000Z</time>
        <extensions>
          <ns3:TrackPointExtension>
            <ns3:hr>125</ns3:hr>
            <ns3:cad>90</ns3:cad>
          </ns3:TrackPointExtension>
        </extensions>
      </trkpt>
      <trkpt lat="29.29369756020605564117431640625" lon="117.2565427981317043304443359375">
        <ele>33</ele>
        <time>2026-08-19T21:35:53.000Z</time>
        <extensions>
          <ns3:TrackPointExtension>
            <ns3:hr>125</ns3:hr>
            <ns3:cad>92</ns3:cad>
          </ns3:TrackPointExtension>
        </extensions>
      </trkpt>
      <trkpt lat="29.29371180944144725799560546875" lon="117.25656014867126941680908203125">
        <ele>33</ele>
        <time>2026-08-19T21:35:54.000Z</time>
        <extensions>
          <ns3:TrackPointExtension>
            <ns3:hr>126</ns3:hr>
            <ns3:cad>92</ns3:cad>
          </ns3:TrackPointExtension>
        </extensions>
      </trkpt>
      <trkpt lat="29.29372086189687252044677734375" lon="117.256589569151401519775390625">
        <ele>33</ele>
        <time>2026-08-19T21:35:55.000Z</time>
        <extensions>
          <ns3:TrackPointExtension>
            <ns3:hr>126</ns3:hr>
            <ns3:cad>92</ns3:cad>
          </ns3:TrackPointExtension>
        </extensions>
      </trkpt>
      <trkpt lat="29.2937321774661540985107421875" lon="117.25661077536642551422119140625">
        <ele>33</ele>
        <time>2026-08-19T21:35:56.000Z</time>
        <extensions>
          <ns3:TrackPointExtension>
            <ns3:hr>126</ns3:hr>
            <ns3:cad>92</ns3:cad>
          </ns3:TrackPointExtension>
        </extensions>
      </trkpt>
      <trkpt lat="29.2937392182648181915283203125" lon="117.25664162077009677886962890625">
        <ele>33</ele>
        <time>2026-08-19T21:35:57.000Z</time>
        <extensions>
          <ns3:TrackPointExtension>
            <ns3:hr>126</ns3:hr>
            <ns3:cad>92</ns3:cad>
          </ns3:TrackPointExtension>
        </extensions>
      </trkpt>
      <trkpt lat="29.2937532998621463775634765625" lon="117.25666374899446964263916015625">
        <ele>33</ele>
        <time>2026-08-19T21:35:58.000Z</time>
        <extensions>
          <ns3:TrackPointExtension>
            <ns3:hr>126</ns3:hr>
            <ns3:cad>90</ns3:cad>
          </ns3:TrackPointExtension>
        </extensions>
      </trkpt>
      <trkpt lat="29.2937620170414447784423828125" lon="117.25669182837009429931640625">
        <ele>33</ele>
        <time>2026-08-19T21:35:59.000Z</time>
        <extensions>
          <ns3:TrackPointExtension>
            <ns3:hr>126</ns3:hr>
            <ns3:cad>90</ns3:cad>
          </ns3:TrackPointExtension>
        </extensions>
      </trkpt>
      <trkpt lat="29.2937771044671535491943359375" lon="117.2567137889564037322998046875">
        <ele>33</ele>
        <time>2026-08-19T21:36:00.000Z</time>
        <extensions>
          <ns3:TrackPointExtension>
            <ns3:hr>126</ns3:hr>
            <ns3:cad>90</ns3:cad>
          </ns3:TrackPointExtension>
        </extensions>
      </trkpt>
      <trkpt lat="29.29378640837967395782470703125" lon="117.25674211978912353515625">
        <ele>33</ele>
        <time>2026-08-19T21:36:01.000Z</time>
        <extensions>
          <ns3:TrackPointExtension>
            <ns3:hr>126</ns3:hr>
            <ns3:cad>90</ns3:cad>
          </ns3:TrackPointExtension>
        </extensions>
      </trkpt>
      <trkpt lat="29.29380116052925586700439453125" lon="117.2567640803754329681396484375">
        <ele>33</ele>
        <time>2026-08-19T21:36:02.000Z</time>
        <extensions>
          <ns3:TrackPointExtension>
            <ns3:hr>127</ns3:hr>
            <ns3:cad>90</ns3:cad>
          </ns3:TrackPointExtension>
        </extensions>
      </trkpt>
      <trkpt lat="29.2938114702701568603515625" lon="117.25679014809429645538330078125">
        <ele>33</ele>
        <time>2026-08-19T21:36:03.000Z</time>
        <extensions>
          <ns3:TrackPointExtension>
            <ns3:hr>127</ns3:hr>
            <ns3:cad>90</ns3:cad>
          </ns3:TrackPointExtension>
        </extensions>
      </trkpt>
      <trkpt lat="29.2938250489532947540283203125" lon="117.25681395269930362701416015625">
        <ele>33</ele>
        <time>2026-08-19T21:36:04.000Z</time>
        <extensions>
          <ns3:TrackPointExtension>
            <ns3:hr>127</ns3:hr>
            <ns3:cad>90</ns3:cad>
          </ns3:TrackPointExtension>
        </extensions>
      </trkpt>
      <trkpt lat="29.29383485578000545501708984375" lon="117.25684094242751598358154296875">
        <ele>33</ele>
        <time>2026-08-19T21:36:05.000Z</time>
        <extensions>
          <ns3:TrackPointExtension>
            <ns3:hr>128</ns3:hr>
            <ns3:cad>91</ns3:cad>
          </ns3:TrackPointExtension>
        </extensions>
      </trkpt>
      <trkpt lat="29.293847344815731048583984375" lon="117.25686524994671344757080078125">
        <ele>33</ele>
        <time>2026-08-19T21:36:06.000Z</time>
        <extensions>
          <ns3:TrackPointExtension>
            <ns3:hr>128</ns3:hr>
            <ns3:cad>91</ns3:cad>
          </ns3:TrackPointExtension>
        </extensions>
      </trkpt>
      <trkpt lat="29.2938589118421077728271484375" lon="117.2568888030946254730224609375">
        <ele>33</ele>
        <time>2026-08-19T21:36:07.000Z</time>
        <extensions>
          <ns3:TrackPointExtension>
            <ns3:hr>128</ns3:hr>
            <ns3:cad>91</ns3:cad>
          </ns3:TrackPointExtension>
        </extensions>
      </trkpt>
      <trkpt lat="29.29387240670621395111083984375" lon="117.2569139488041400909423828125">
        <ele>33</ele>
        <time>2026-08-19T21:36:08.000Z</time>
        <extensions>
          <ns3:TrackPointExtension>
            <ns3:hr>129</ns3:hr>
            <ns3:cad>91</ns3:cad>
          </ns3:TrackPointExtension>
        </extensions>
      </trkpt>
      <trkpt lat="29.293885566294193267822265625" lon="117.256937921047210693359375">
        <ele>32.799999237060546875</ele>
        <time>2026-08-19T21:36:09.000Z</time>
        <extensions>
          <ns3:TrackPointExtension>
            <ns3:hr>129</ns3:hr>
            <ns3:cad>91</ns3:cad>
          </ns3:TrackPointExtension>
        </extensions>
      </trkpt>
      <trkpt lat="29.29389931261539459228515625" lon="117.25696164183318614959716796875">
        <ele>32.799999237060546875</ele>
        <time>2026-08-19T21:36:10.000Z</time>
        <extensions>
          <ns3:TrackPointExtension>
            <ns3:hr>129</ns3:hr>
            <ns3:cad>90</ns3:cad>
          </ns3:TrackPointExtension>
        </extensions>
      </trkpt>
      <trkpt lat="29.293908365070819854736328125" lon="117.25698553025722503662109375">
        <ele>32.799999237060546875</ele>
        <time>2026-08-19T21:36:11.000Z</time>
        <extensions>
          <ns3:TrackPointExtension>
            <ns3:hr>129</ns3:hr>
            <ns3:cad>90</ns3:cad>
          </ns3:TrackPointExtension>
        </extensions>
      </trkpt>
      <trkpt lat="29.293921105563640594482421875" lon="117.2570084966719150543212890625">
        <ele>32.799999237060546875</ele>
        <time>2026-08-19T21:36:12.000Z</time>
        <extensions>
          <ns3:TrackPointExtension>
            <ns3:hr>129</ns3:hr>
            <ns3:cad>90</ns3:cad>
          </ns3:TrackPointExtension>
        </extensions>
      </trkpt>
      <trkpt lat="29.293931834399700164794921875" lon="117.25703381001949310302734375">
        <ele>32.799999237060546875</ele>
        <time>2026-08-19T21:36:13.000Z</time>
        <extensions>
          <ns3:TrackPointExtension>
            <ns3:hr>129</ns3:hr>
            <ns3:cad>90</ns3:cad>
          </ns3:TrackPointExtension>
        </extensions>
      </trkpt>
      <trkpt lat="29.293943233788013458251953125" lon="117.25706021301448345184326171875">
        <ele>33</ele>
        <time>2026-08-19T21:36:14.000Z</time>
        <extensions>
          <ns3:TrackPointExtension>
            <ns3:hr>128</ns3:hr>
            <ns3:cad>90</ns3:cad>
          </ns3:TrackPointExtension>
        </extensions>
      </trkpt>
      <trkpt lat="29.2939536273479461669921875" lon="117.2570841014385223388671875">
        <ele>33</ele>
        <time>2026-08-19T21:36:15.000Z</time>
        <extensions>
          <ns3:TrackPointExtension>
            <ns3:hr>129</ns3:hr>
            <ns3:cad>90</ns3:cad>
          </ns3:TrackPointExtension>
        </extensions>
      </trkpt>
      <trkpt lat="29.2939675413072109222412109375" lon="117.25711167789995670318603515625">
        <ele>33</ele>
        <time>2026-08-19T21:36:16.000Z</time>
        <extensions>
          <ns3:TrackPointExtension>
            <ns3:hr>129</ns3:hr>
            <ns3:cad>90</ns3:cad>
          </ns3:TrackPointExtension>
        </extensions>
      </trkpt>
      <trkpt lat="29.29397952742874622344970703125" lon="117.25713481195271015167236328125">
        <ele>33</ele>
        <time>2026-08-19T21:36:17.000Z</time>
        <extensions>
          <ns3:TrackPointExtension>
            <ns3:hr>128</ns3:hr>
            <ns3:cad>90</ns3:cad>
          </ns3:TrackPointExtension>
        </extensions>
      </trkpt>
      <trkpt lat="29.2939911782741546630859375" lon="117.2571620531380176544189453125">
        <ele>33</ele>
        <time>2026-08-19T21:36:18.000Z</time>
        <extensions>
          <ns3:TrackPointExtension>
            <ns3:hr>128</ns3:hr>
            <ns3:cad>90</ns3:cad>
          </ns3:TrackPointExtension>
        </extensions>
      </trkpt>
      <trkpt lat="29.29400266148149967193603515625" lon="117.257182337343692779541015625">
        <ele>33</ele>
        <time>2026-08-19T21:36:19.000Z</time>
        <extensions>
          <ns3:TrackPointExtension>
            <ns3:hr>128</ns3:hr>
            <ns3:cad>90</ns3:cad>
          </ns3:TrackPointExtension>
        </extensions>
      </trkpt>
      <trkpt lat="29.29401339031755924224853515625" lon="117.25721351802349090576171875">
        <ele>33</ele>
        <time>2026-08-19T21:36:20.000Z</time>
        <extensions>
          <ns3:TrackPointExtension>
            <ns3:hr>128</ns3:hr>
            <ns3:cad>90</ns3:cad>
          </ns3:TrackPointExtension>
        </extensions>
      </trkpt>
      <trkpt lat="29.29402411915361881256103515625" lon="117.25723288021981716156005859375">
        <ele>32.799999237060546875</ele>
        <time>2026-08-19T21:36:21.000Z</time>
        <extensions>
          <ns3:TrackPointExtension>
            <ns3:hr>128</ns3:hr>
            <ns3:cad>90</ns3:cad>
          </ns3:TrackPointExtension>
        </extensions>
      </trkpt>
      <trkpt lat="29.29403602145612239837646484375" lon="117.25726020522415637969970703125">
        <ele>32.799999237060546875</ele>
        <time>2026-08-19T21:36:22.000Z</time>
        <extensions>
          <ns3:TrackPointExtension>
            <ns3:hr>127</ns3:hr>
            <ns3:cad>90</ns3:cad>
          </ns3:TrackPointExtension>
        </extensions>
      </trkpt>
      <trkpt lat="29.29404792375862598419189453125" lon="117.25728057324886322021484375">
        <ele>32.799999237060546875</ele>
        <time>2026-08-19T21:36:23.000Z</time>
        <extensions>
          <ns3:TrackPointExtension>
            <ns3:hr>127</ns3:hr>
            <ns3:cad>90</ns3:cad>
          </ns3:TrackPointExtension>
        </extensions>
      </trkpt>
      <trkpt lat="29.29405622184276580810546875" lon="117.25731083191931247711181640625">
        <ele>32.799999237060546875</ele>
        <time>2026-08-19T21:36:24.000Z</time>
        <extensions>
          <ns3:TrackPointExtension>
            <ns3:hr>127</ns3:hr>
            <ns3:cad>90</ns3:cad>
          </ns3:TrackPointExtension>
        </extensions>
      </trkpt>
      <trkpt lat="29.29406854324042797088623046875" lon="117.2573327086865901947021484375">
        <ele>32.799999237060546875</ele>
        <time>2026-08-19T21:36:25.000Z</time>
        <extensions>
          <ns3:TrackPointExtension>
            <ns3:hr>127</ns3:hr>
            <ns3:cad>90</ns3:cad>
          </ns3:TrackPointExtension>
        </extensions>
      </trkpt>
      <trkpt lat="29.29407709278166294097900390625" lon="117.2573662362992763519287109375">
        <ele>32.799999237060546875</ele>
        <time>2026-08-19T21:36:26.000Z</time>
        <extensions>
          <ns3:TrackPointExtension>
            <ns3:hr>128</ns3:hr>
            <ns3:cad>90</ns3:cad>
          </ns3:TrackPointExtension>
        </extensions>
      </trkpt>
      <trkpt lat="29.29409016855061054229736328125" lon="117.25738794542849063873291015625">
        <ele>32.799999237060546875</ele>
        <time>2026-08-19T21:36:27.000Z</time>
        <extensions>
          <ns3:TrackPointExtension>
            <ns3:hr>127</ns3:hr>
            <ns3:cad>90</ns3:cad>
          </ns3:TrackPointExtension>
        </extensions>
      </trkpt>
      <trkpt lat="29.29410173557698726654052734375" lon="117.2574185393750667572021484375">
        <ele>32.799999237060546875</ele>
        <time>2026-08-19T21:36:28.000Z</time>
        <extensions>
          <ns3:TrackPointExtension>
            <ns3:hr>127</ns3:hr>
            <ns3:cad>91</ns3:cad>
          </ns3:TrackPointExtension>
        </extensions>
      </trkpt>
      <trkpt lat="29.294112212955951690673828125" lon="117.25743806920945644378662109375">
        <ele>32.799999237060546875</ele>
        <time>2026-08-19T21:36:29.000Z</time>
        <extensions>
          <ns3:TrackPointExtension>
            <ns3:hr>127</ns3:hr>
            <ns3:cad>91</ns3:cad>
          </ns3:TrackPointExtension>
        </extensions>
      </trkpt>
      <trkpt lat="29.29411916993558406829833984375" lon="117.257471345365047454833984375">
        <ele>32.799999237060546875</ele>
        <time>2026-08-19T21:36:30.000Z</time>
        <extensions>
          <ns3:TrackPointExtension>
            <ns3:hr>128</ns3:hr>
            <ns3:cad>91</ns3:cad>
          </ns3:TrackPointExtension>
        </extensions>
      </trkpt>
      <trkpt lat="29.29413258098065853118896484375" lon="117.25749246776103973388671875">
        <ele>32.799999237060546875</ele>
        <time>2026-08-19T21:36:31.000Z</time>
        <extensions>
          <ns3:TrackPointExtension>
            <ns3:hr>127</ns3:hr>
            <ns3:cad>90</ns3:cad>
          </ns3:TrackPointExtension>
        </extensions>
      </trkpt>
      <trkpt lat="29.2941425554454326629638671875" lon="117.25751836784183979034423828125">
        <ele>32.799999237060546875</ele>
        <time>2026-08-19T21:36:32.000Z</time>
        <extensions>
          <ns3:TrackPointExtension>
            <ns3:hr>127</ns3:hr>
            <ns3:cad>90</ns3:cad>
          </ns3:TrackPointExtension>
        </extensions>
      </trkpt>
      <trkpt lat="29.29415487684309482574462890625" lon="117.2575392387807369232177734375">
        <ele>32.799999237060546875</ele>
        <time>2026-08-19T21:36:33.000Z</time>
        <extensions>
          <ns3:TrackPointExtension>
            <ns3:hr>127</ns3:hr>
            <ns3:cad>90</ns3:cad>
          </ns3:TrackPointExtension>
        </extensions>
      </trkpt>
      <trkpt lat="29.294163845479488372802734375" lon="117.25757184438407421112060546875">
        <ele>32.799999237060546875</ele>
        <time>2026-08-19T21:36:34.000Z</time>
        <extensions>
          <ns3:TrackPointExtension>
            <ns3:hr>126</ns3:hr>
            <ns3:cad>90</ns3:cad>
          </ns3:TrackPointExtension>
        </extensions>
      </trkpt>
      <trkpt lat="29.2941747419536113739013671875" lon="117.2575925476849079132080078125">
        <ele>32.799999237060546875</ele>
        <time>2026-08-19T21:36:35.000Z</time>
        <extensions>
          <ns3:TrackPointExtension>
            <ns3:hr>126</ns3:hr>
            <ns3:cad>90</ns3:cad>
          </ns3:TrackPointExtension>
        </extensions>
      </trkpt>
      <trkpt lat="29.29418438114225864410400390625" lon="117.2576254047453403472900390625">
        <ele>32.799999237060546875</ele>
        <time>2026-08-19T21:36:36.000Z</time>
        <extensions>
          <ns3:TrackPointExtension>
            <ns3:hr>126</ns3:hr>
            <ns3:cad>90</ns3:cad>
          </ns3:TrackPointExtension>
        </extensions>
      </trkpt>
      <trkpt lat="29.29420013912022113800048828125" lon="117.25764359347522258758544921875">
        <ele>32.799999237060546875</ele>
        <time>2026-08-19T21:36:37.000Z</time>
        <extensions>
          <ns3:TrackPointExtension>
            <ns3:hr>126</ns3:hr>
            <ns3:cad>90</ns3:cad>
          </ns3:TrackPointExtension>
        </extensions>
      </trkpt>
      <trkpt lat="29.2942079342901706695556640625" lon="117.25767158903181552886962890625">
        <ele>33</ele>
        <time>2026-08-19T21:36:38.000Z</time>
        <extensions>
          <ns3:TrackPointExtension>
            <ns3:hr>126</ns3:hr>
            <ns3:cad>90</ns3:cad>
          </ns3:TrackPointExtension>
        </extensions>
      </trkpt>
      <trkpt lat="29.2942206747829914093017578125" lon="117.2576897777616977691650390625">
        <ele>33</ele>
        <time>2026-08-19T21:36:39.000Z</time>
        <extensions>
          <ns3:TrackPointExtension>
            <ns3:hr>126</ns3:hr>
            <ns3:cad>90</ns3:cad>
          </ns3:TrackPointExtension>
        </extensions>
      </trkpt>
      <trkpt lat="29.2942263744771480560302734375" lon="117.25772305391728878021240234375">
        <ele>33</ele>
        <time>2026-08-19T21:36:40.000Z</time>
        <extensions>
          <ns3:TrackPointExtension>
            <ns3:hr>126</ns3:hr>
            <ns3:cad>90</ns3:cad>
          </ns3:TrackPointExtension>
        </extensions>
      </trkpt>
      <trkpt lat="29.2942394502460956573486328125" lon="117.25774317048490047454833984375">
        <ele>32.799999237060546875</ele>
        <time>2026-08-19T21:36:41.000Z</time>
        <extensions>
          <ns3:TrackPointExtension>
            <ns3:hr>126</ns3:hr>
            <ns3:cad>90</ns3:cad>
          </ns3:TrackPointExtension>
        </extensions>
      </trkpt>
      <trkpt lat="29.29424439556896686553955078125" lon="117.257779799401760101318359375">
        <ele>32.799999237060546875</ele>
        <time>2026-08-19T21:36:42.000Z</time>
        <extensions>
          <ns3:TrackPointExtension>
            <ns3:hr>126</ns3:hr>
            <ns3:cad>90</ns3:cad>
          </ns3:TrackPointExtension>
        </extensions>
      </trkpt>
      <trkpt lat="29.29425604641437530517578125" lon="117.25780033506453037261962890625">
        <ele>32.799999237060546875</ele>
        <time>2026-08-19T21:36:43.000Z</time>
        <extensions>
          <ns3:TrackPointExtension>
            <ns3:hr>126</ns3:hr>
            <ns3:cad>90</ns3:cad>
          </ns3:TrackPointExtension>
        </extensions>
      </trkpt>
      <trkpt lat="29.29426317103207111358642578125" lon="117.2578312642872333526611328125">
        <ele>32.799999237060546875</ele>
        <time>2026-08-19T21:36:44.000Z</time>
        <extensions>
          <ns3:TrackPointExtension>
            <ns3:hr>125</ns3:hr>
            <ns3:cad>90</ns3:cad>
          </ns3:TrackPointExtension>
        </extensions>
      </trkpt>
      <trkpt lat="29.2942780070006847381591796875" lon="117.257850877940654754638671875">
        <ele>32.799999237060546875</ele>
        <time>2026-08-19T21:36:45.000Z</time>
        <extensions>
          <ns3:TrackPointExtension>
            <ns3:hr>126</ns3:hr>
            <ns3:cad>90</ns3:cad>
          </ns3:TrackPointExtension>
        </extensions>
      </trkpt>
      <trkpt lat="29.2942837066948413848876953125" lon="117.25788231007754802703857421875">
        <ele>32.799999237060546875</ele>
        <time>2026-08-19T21:36:46.000Z</time>
        <extensions>
          <ns3:TrackPointExtension>
            <ns3:hr>126</ns3:hr>
            <ns3:cad>90</ns3:cad>
          </ns3:TrackPointExtension>
        </extensions>
      </trkpt>
      <trkpt lat="29.2942954413592815399169921875" lon="117.257905192673206329345703125">
        <ele>32.799999237060546875</ele>
        <time>2026-08-19T21:36:47.000Z</time>
        <extensions>
          <ns3:TrackPointExtension>
            <ns3:hr>126</ns3:hr>
            <ns3:cad>90</ns3:cad>
          </ns3:TrackPointExtension>
        </extensions>
      </trkpt>
      <trkpt lat="29.29430298507213592529296875" lon="117.257930673658847808837890625">
        <ele>32.799999237060546875</ele>
        <time>2026-08-19T21:36:48.000Z</time>
        <extensions>
          <ns3:TrackPointExtension>
            <ns3:hr>126</ns3:hr>
            <ns3:cad>90</ns3:cad>
          </ns3:TrackPointExtension>
        </extensions>
      </trkpt>
      <trkpt lat="29.29431480355560779571533203125" lon="117.25794869475066661834716796875">
        <ele>32.799999237060546875</ele>
        <time>2026-08-19T21:36:49.000Z</time>
        <extensions>
          <ns3:TrackPointExtension>
            <ns3:hr>126</ns3:hr>
            <ns3:cad>90</ns3:cad>
          </ns3:TrackPointExtension>
        </extensions>
      </trkpt>
      <trkpt lat="29.29432033561170101165771484375" lon="117.25797928869724273681640625">
        <ele>33</ele>
        <time>2026-08-19T21:36:50.000Z</time>
        <extensions>
          <ns3:TrackPointExtension>
            <ns3:hr>126</ns3:hr>
            <ns3:cad>90</ns3:cad>
          </ns3:TrackPointExtension>
        </extensions>
      </trkpt>
      <trkpt lat="29.2943326570093631744384765625" lon="117.25800099782645702362060546875">
        <ele>32.799999237060546875</ele>
        <time>2026-08-19T21:36:51.000Z</time>
        <extensions>
          <ns3:TrackPointExtension>
            <ns3:hr>126</ns3:hr>
            <ns3:cad>90</ns3:cad>
          </ns3:TrackPointExtension>
        </extensions>
      </trkpt>
      <trkpt lat="29.294338189065456390380859375" lon="117.258033938705921173095703125">
        <ele>33</ele>
        <time>2026-08-19T21:36:52.000Z</time>
        <extensions>
          <ns3:TrackPointExtension>
            <ns3:hr>126</ns3:hr>
            <ns3:cad>90</ns3:cad>
          </ns3:TrackPointExtension>
        </extensions>
      </trkpt>
      <trkpt lat="29.29434967227280139923095703125" lon="117.25805916823446750640869140625">
        <ele>32.799999237060546875</ele>
        <time>2026-08-19T21:36:53.000Z</time>
        <extensions>
          <ns3:TrackPointExtension>
            <ns3:hr>125</ns3:hr>
            <ns3:cad>90</ns3:cad>
          </ns3:TrackPointExtension>
        </extensions>
      </trkpt>
      <trkpt lat="29.29436073638498783111572265625" lon="117.25808749906718730926513671875">
        <ele>32.799999237060546875</ele>
        <time>2026-08-19T21:36:54.000Z</time>
        <extensions>
          <ns3:TrackPointExtension>
            <ns3:hr>125</ns3:hr>
            <ns3:cad>90</ns3:cad>
          </ns3:TrackPointExtension>
        </extensions>
      </trkpt>
      <trkpt lat="29.29436895065009593963623046875" lon="117.25811365060508251190185546875">
        <ele>32.799999237060546875</ele>
        <time>2026-08-19T21:36:55.000Z</time>
        <extensions>
          <ns3:TrackPointExtension>
            <ns3:hr>125</ns3:hr>
            <ns3:cad>90</ns3:cad>
          </ns3:TrackPointExtension>
        </extensions>
      </trkpt>
      <trkpt lat="29.29437682963907718658447265625" lon="117.258139550685882568359375">
        <ele>32.799999237060546875</ele>
        <time>2026-08-19T21:36:56.000Z</time>
        <extensions>
          <ns3:TrackPointExtension>
            <ns3:hr>125</ns3:hr>
            <ns3:cad>90</ns3:cad>
          </ns3:TrackPointExtension>
        </extensions>
      </trkpt>
      <trkpt lat="29.2943836189806461334228515625" lon="117.25816176272928714752197265625">
        <ele>32.799999237060546875</ele>
        <time>2026-08-19T21:36:57.000Z</time>
        <extensions>
          <ns3:TrackPointExtension>
            <ns3:hr>125</ns3:hr>
            <ns3:cad>91</ns3:cad>
          </ns3:TrackPointExtension>
        </extensions>
      </trkpt>
      <trkpt lat="29.29439107887446880340576171875" lon="117.2581849806010723114013671875">
        <ele>32.799999237060546875</ele>
        <time>2026-08-19T21:36:58.000Z</time>
        <extensions>
          <ns3:TrackPointExtension>
            <ns3:hr>124</ns3:hr>
            <ns3:cad>91</ns3:cad>
          </ns3:TrackPointExtension>
        </extensions>
      </trkpt>
      <trkpt lat="29.2944013886153697967529296875" lon="117.25820451043546199798583984375">
        <ele>32.799999237060546875</ele>
        <time>2026-08-19T21:36:59.000Z</time>
        <extensions>
          <ns3:TrackPointExtension>
            <ns3:hr>125</ns3:hr>
            <ns3:cad>91</ns3:cad>
          </ns3:TrackPointExtension>
        </extensions>
      </trkpt>
      <trkpt lat="29.29441421292722225189208984375" lon="117.25823275744915008544921875">
        <ele>32.799999237060546875</ele>
        <time>2026-08-19T21:37:00.000Z</time>
        <extensions>
          <ns3:TrackPointExtension>
            <ns3:hr>125</ns3:hr>
            <ns3:cad>91</ns3:cad>
          </ns3:TrackPointExtension>
        </extensions>
      </trkpt>
      <trkpt lat="29.29442510940134525299072265625" lon="117.2582597471773624420166015625">
        <ele>33</ele>
        <time>2026-08-19T21:37:01.000Z</time>
        <extensions>
          <ns3:TrackPointExtension>
            <ns3:hr>124</ns3:hr>
            <ns3:cad>90</ns3:cad>
          </ns3:TrackPointExtension>
        </extensions>
      </trkpt>
      <trkpt lat="29.2944406159222126007080078125" lon="117.2582848928868770599365234375">
        <ele>33</ele>
        <time>2026-08-19T21:37:02.000Z</time>
        <extensions>
          <ns3:TrackPointExtension>
            <ns3:hr>125</ns3:hr>
            <ns3:cad>90</ns3:cad>
          </ns3:TrackPointExtension>
        </extensions>
      </trkpt>
      <trkpt lat="29.29445209912955760955810546875" lon="117.25830961950123310089111328125">
        <ele>33</ele>
        <time>2026-08-19T21:37:03.000Z</time>
        <extensions>
          <ns3:TrackPointExtension>
            <ns3:hr>125</ns3:hr>
            <ns3:cad>90</ns3:cad>
          </ns3:TrackPointExtension>
        </extensions>
      </trkpt>
      <trkpt lat="29.29445981048047542572021484375" lon="117.25833660922944545745849609375">
        <ele>33</ele>
        <time>2026-08-19T21:37:04.000Z</time>
        <extensions>
          <ns3:TrackPointExtension>
            <ns3:hr>124</ns3:hr>
            <ns3:cad>90</ns3:cad>
          </ns3:TrackPointExtension>
        </extensions>
      </trkpt>
      <trkpt lat="29.29447171278297901153564453125" lon="117.25835991092026233673095703125">
        <ele>33</ele>
        <time>2026-08-19T21:37:05.000Z</time>
        <extensions>
          <ns3:TrackPointExtension>
            <ns3:hr>124</ns3:hr>
            <ns3:cad>90</ns3:cad>
          </ns3:TrackPointExtension>
        </extensions>
      </trkpt>
      <trkpt lat="29.29447607137262821197509765625" lon="117.258391343057155609130859375">
        <ele>33.200000762939453125</ele>
        <time>2026-08-19T21:37:06.000Z</time>
        <extensions>
          <ns3:TrackPointExtension>
            <ns3:hr>124</ns3:hr>
            <ns3:cad>90</ns3:cad>
          </ns3:TrackPointExtension>
        </extensions>
      </trkpt>
      <trkpt lat="29.29448864422738552093505859375" lon="117.25841623730957508087158203125">
        <ele>33.200000762939453125</ele>
        <time>2026-08-19T21:37:07.000Z</time>
        <extensions>
          <ns3:TrackPointExtension>
            <ns3:hr>125</ns3:hr>
            <ns3:cad>90</ns3:cad>
          </ns3:TrackPointExtension>
        </extensions>
      </trkpt>
      <trkpt lat="29.29449652321636676788330078125" lon="117.258446998894214630126953125">
        <ele>33.200000762939453125</ele>
        <time>2026-08-19T21:37:08.000Z</time>
        <extensions>
          <ns3:TrackPointExtension>
            <ns3:hr>124</ns3:hr>
            <ns3:cad>91</ns3:cad>
          </ns3:TrackPointExtension>
        </extensions>
      </trkpt>
      <trkpt lat="29.294508509337902069091796875" lon="117.2584709711372852325439453125">
        <ele>33.200000762939453125</ele>
        <time>2026-08-19T21:37:09.000Z</time>
        <extensions>
          <ns3:TrackPointExtension>
            <ns3:hr>125</ns3:hr>
            <ns3:cad>91</ns3:cad>
          </ns3:TrackPointExtension>
        </extensions>
      </trkpt>
      <trkpt lat="29.294517226517200469970703125" lon="117.25849963724613189697265625">
        <ele>33.200000762939453125</ele>
        <time>2026-08-19T21:37:10.000Z</time>
        <extensions>
          <ns3:TrackPointExtension>
            <ns3:hr>125</ns3:hr>
            <ns3:cad>91</ns3:cad>
          </ns3:TrackPointExtension>
        </extensions>
      </trkpt>
      <trkpt lat="29.29453055374324321746826171875" lon="117.25852386094629764556884765625">
        <ele>33.200000762939453125</ele>
        <time>2026-08-19T21:37:11.000Z</time>
        <extensions>
          <ns3:TrackPointExtension>
            <ns3:hr>125</ns3:hr>
            <ns3:cad>91</ns3:cad>
          </ns3:TrackPointExtension>
        </extensions>
      </trkpt>
      <trkpt lat="29.294542707502841949462890625" lon="117.25855772383511066436767578125">
        <ele>33.40000152587890625</ele>
        <time>2026-08-19T21:37:12.000Z</time>
        <extensions>
          <ns3:TrackPointExtension>
            <ns3:hr>124</ns3:hr>
            <ns3:cad>90</ns3:cad>
          </ns3:TrackPointExtension>
        </extensions>
      </trkpt>
      <trkpt lat="29.294554777443408966064453125" lon="117.2585806064307689666748046875">
        <ele>33.40000152587890625</ele>
        <time>2026-08-19T21:37:13.000Z</time>
        <extensions>
          <ns3:TrackPointExtension>
            <ns3:hr>125</ns3:hr>
            <ns3:cad>90</ns3:cad>
          </ns3:TrackPointExtension>
        </extensions>
      </trkpt>
      <trkpt lat="29.294562824070453643798828125" lon="117.25861203856766223907470703125">
        <ele>33.59999847412109375</ele>
        <time>2026-08-19T21:37:14.000Z</time>
        <extensions>
          <ns3:TrackPointExtension>
            <ns3:hr>126</ns3:hr>
            <ns3:cad>90</ns3:cad>
          </ns3:TrackPointExtension>
        </extensions>
      </trkpt>
      <trkpt lat="29.29457196034491062164306640625" lon="117.2586379386484622955322265625">
        <ele>33.59999847412109375</ele>
        <time>2026-08-19T21:37:15.000Z</time>
        <extensions>
          <ns3:TrackPointExtension>
            <ns3:hr>126</ns3:hr>
            <ns3:cad>90</ns3:cad>
          </ns3:TrackPointExtension>
        </extensions>
      </trkpt>
      <trkpt lat="29.294580928981304168701171875" lon="117.25866232998669147491455078125">
        <ele>33.59999847412109375</ele>
        <time>2026-08-19T21:37:16.000Z</time>
        <extensions>
          <ns3:TrackPointExtension>
            <ns3:hr>127</ns3:hr>
            <ns3:cad>91</ns3:cad>
          </ns3:TrackPointExtension>
        </extensions>
      </trkpt>
      <trkpt lat="29.29459132254123687744140625" lon="117.25869049318134784698486328125">
        <ele>33.40000152587890625</ele>
        <time>2026-08-19T21:37:17.000Z</time>
        <extensions>
          <ns3:TrackPointExtension>
            <ns3:hr>127</ns3:hr>
            <ns3:cad>91</ns3:cad>
          </ns3:TrackPointExtension>
        </extensions>
      </trkpt>
      <trkpt lat="29.29460196755826473236083984375" lon="117.25870943628251552581787109375">
        <ele>33.40000152587890625</ele>
        <time>2026-08-19T21:37:18.000Z</time>
        <extensions>
          <ns3:TrackPointExtension>
            <ns3:hr>127</ns3:hr>
            <ns3:cad>91</ns3:cad>
          </ns3:TrackPointExtension>
        </extensions>
      </trkpt>
      <trkpt lat="29.29460984654724597930908203125" lon="117.25873827002942562103271484375">
        <ele>33.40000152587890625</ele>
        <time>2026-08-19T21:37:19.000Z</time>
        <extensions>
          <ns3:TrackPointExtension>
            <ns3:hr>127</ns3:hr>
            <ns3:cad>91</ns3:cad>
          </ns3:TrackPointExtension>
        </extensions>
      </trkpt>
      <trkpt lat="29.2946213297545909881591796875" lon="117.25875570438802242279052734375">
        <ele>33.40000152587890625</ele>
        <time>2026-08-19T21:37:20.000Z</time>
        <extensions>
          <ns3:TrackPointExtension>
            <ns3:hr>128</ns3:hr>
            <ns3:cad>91</ns3:cad>
          </ns3:TrackPointExtension>
        </extensions>
      </trkpt>
      <trkpt lat="29.2946287058293819427490234375" lon="117.2587841190397739410400390625">
        <ele>33.40000152587890625</ele>
        <time>2026-08-19T21:37:21.000Z</time>
        <extensions>
          <ns3:TrackPointExtension>
            <ns3:hr>128</ns3:hr>
            <ns3:cad>91</ns3:cad>
          </ns3:TrackPointExtension>
        </extensions>
      </trkpt>
      <trkpt lat="29.2946402728557586669921875" lon="117.25880675017833709716796875">
        <ele>33.40000152587890625</ele>
        <time>2026-08-19T21:37:22.000Z</time>
        <extensions>
          <ns3:TrackPointExtension>
            <ns3:hr>129</ns3:hr>
            <ns3:cad>91</ns3:cad>
          </ns3:TrackPointExtension>
        </extensions>
      </trkpt>
      <trkpt lat="29.29464672692120075225830078125" lon="117.258837930858135223388671875">
        <ele>33.40000152587890625</ele>
        <time>2026-08-19T21:37:23.000Z</time>
        <extensions>
          <ns3:TrackPointExtension>
            <ns3:hr>129</ns3:hr>
            <ns3:cad>91</ns3:cad>
          </ns3:TrackPointExtension>
        </extensions>
      </trkpt>
      <trkpt lat="29.29465712048113346099853515625" lon="117.25886047817766666412353515625">
        <ele>33.40000152587890625</ele>
        <time>2026-08-19T21:37:24.000Z</time>
        <extensions>
          <ns3:TrackPointExtension>
            <ns3:hr>129</ns3:hr>
            <ns3:cad>90</ns3:cad>
          </ns3:TrackPointExtension>
        </extensions>
      </trkpt>
      <trkpt lat="29.2946652509272098541259765625" lon="117.25888646207749843597412109375">
        <ele>33.40000152587890625</ele>
        <time>2026-08-19T21:37:25.000Z</time>
        <extensions>
          <ns3:TrackPointExtension>
            <ns3:hr>129</ns3:hr>
            <ns3:cad>90</ns3:cad>
          </ns3:TrackPointExtension>
        </extensions>
      </trkpt>
      <trkpt lat="29.29467824287712574005126953125" lon="117.25890339352190494537353515625">
        <ele>33.40000152587890625</ele>
        <time>2026-08-19T21:37:26.000Z</time>
        <extensions>
          <ns3:TrackPointExtension>
            <ns3:hr>129</ns3:hr>
            <ns3:cad>90</ns3:cad>
          </ns3:TrackPointExtension>
        </extensions>
      </trkpt>
      <trkpt lat="29.29468561895191669464111328125" lon="117.2589348256587982177734375">
        <ele>33.40000152587890625</ele>
        <time>2026-08-19T21:37:27.000Z</time>
        <extensions>
          <ns3:TrackPointExtension>
            <ns3:hr>130</ns3:hr>
            <ns3:cad>90</ns3:cad>
          </ns3:TrackPointExtension>
        </extensions>
      </trkpt>
      <trkpt lat="29.294697940349578857421875" lon="117.25895251147449016571044921875">
        <ele>33.40000152587890625</ele>
        <time>2026-08-19T21:37:28.000Z</time>
        <extensions>
          <ns3:TrackPointExtension>
            <ns3:hr>130</ns3:hr>
            <ns3:cad>90</ns3:cad>
          </ns3:TrackPointExtension>
        </extensions>
      </trkpt>
      <trkpt lat="29.2947014607489109039306640625" lon="117.2589852847158908843994140625">
        <ele>33.40000152587890625</ele>
        <time>2026-08-19T21:37:29.000Z</time>
        <extensions>
          <ns3:TrackPointExtension>
            <ns3:hr>130</ns3:hr>
            <ns3:cad>91</ns3:cad>
          </ns3:TrackPointExtension>
        </extensions>
      </trkpt>
      <trkpt lat="29.29471470415592193603515625" lon="117.259002886712551116943359375">
        <ele>33.40000152587890625</ele>
        <time>2026-08-19T21:37:30.000Z</time>
        <extensions>
          <ns3:TrackPointExtension>
            <ns3:hr>131</ns3:hr>
            <ns3:cad>91</ns3:cad>
          </ns3:TrackPointExtension>
        </extensions>
      </trkpt>
      <trkpt lat="29.29472015239298343658447265625" lon="117.2590385936200618743896484375">
        <ele>33.59999847412109375</ele>
        <time>2026-08-19T21:37:31.000Z</time>
        <extensions>
          <ns3:TrackPointExtension>
            <ns3:hr>131</ns3:hr>
            <ns3:cad>91</ns3:cad>
          </ns3:TrackPointExtension>
        </extensions>
      </trkpt>
      <trkpt lat="29.29473255760967731475830078125" lon="117.25906021893024444580078125">
        <ele>33.59999847412109375</ele>
        <time>2026-08-19T21:37:32.000Z</time>
        <extensions>
          <ns3:TrackPointExtension>
            <ns3:hr>131</ns3:hr>
            <ns3:cad>91</ns3:cad>
          </ns3:TrackPointExtension>
        </extensions>
      </trkpt>
      <trkpt lat="29.29473876021802425384521484375" lon="117.25909533910453319549560546875">
        <ele>33.59999847412109375</ele>
        <time>2026-08-19T21:37:33.000Z</time>
        <extensions>
          <ns3:TrackPointExtension>
            <ns3:hr>132</ns3:hr>
            <ns3:cad>90</ns3:cad>
          </ns3:TrackPointExtension>
        </extensions>
      </trkpt>
      <trkpt lat="29.29475267417728900909423828125" lon="117.2591167129576206207275390625">
        <ele>33.59999847412109375</ele>
        <time>2026-08-19T21:37:34.000Z</time>
        <extensions>
          <ns3:TrackPointExtension>
            <ns3:hr>132</ns3:hr>
            <ns3:cad>90</ns3:cad>
          </ns3:TrackPointExtension>
        </extensions>
      </trkpt>
      <trkpt lat="29.29475988261401653289794921875" lon="117.25915183313190937042236328125">
        <ele>33.59999847412109375</ele>
        <time>2026-08-19T21:37:35.000Z</time>
        <extensions>
          <ns3:TrackPointExtension>
            <ns3:hr>132</ns3:hr>
            <ns3:cad>90</ns3:cad>
          </ns3:TrackPointExtension>
        </extensions>
      </trkpt>
      <trkpt lat="29.29477371275424957275390625" lon="117.25917262025177478790283203125">
        <ele>33.59999847412109375</ele>
        <time>2026-08-19T21:37:36.000Z</time>
        <extensions>
          <ns3:TrackPointExtension>
            <ns3:hr>133</ns3:hr>
            <ns3:cad>90</ns3:cad>
          </ns3:TrackPointExtension>
        </extensions>
      </trkpt>
      <trkpt lat="29.2947812564671039581298828125" lon="117.25920514203608036041259765625">
        <ele>33.59999847412109375</ele>
        <time>2026-08-19T21:37:37.000Z</time>
        <extensions>
          <ns3:TrackPointExtension>
            <ns3:hr>133</ns3:hr>
            <ns3:cad>90</ns3:cad>
          </ns3:TrackPointExtension>
        </extensions>
      </trkpt>
      <trkpt lat="29.294795505702495574951171875" lon="117.25922475568950176239013671875">
        <ele>33.59999847412109375</ele>
        <time>2026-08-19T21:37:38.000Z</time>
        <extensions>
          <ns3:TrackPointExtension>
            <ns3:hr>133</ns3:hr>
            <ns3:cad>90</ns3:cad>
          </ns3:TrackPointExtension>
        </extensions>
      </trkpt>
      <trkpt lat="29.2948040552437305450439453125" lon="117.25925342179834842681884765625">
        <ele>33.59999847412109375</ele>
        <time>2026-08-19T21:37:39.000Z</time>
        <extensions>
          <ns3:TrackPointExtension>
            <ns3:hr>134</ns3:hr>
            <ns3:cad>90</ns3:cad>
          </ns3:TrackPointExtension>
        </extensions>
      </trkpt>
      <trkpt lat="29.2948164604604244232177734375" lon="117.25927102379500865936279296875">
        <ele>33.799999237060546875</ele>
        <time>2026-08-19T21:37:40.000Z</time>
        <extensions>
          <ns3:TrackPointExtension>
            <ns3:hr>134</ns3:hr>
            <ns3:cad>90</ns3:cad>
          </ns3:TrackPointExtension>
        </extensions>
      </trkpt>
      <trkpt lat="29.29482274688780307769775390625" lon="117.2593014501035213470458984375">
        <ele>33.799999237060546875</ele>
        <time>2026-08-19T21:37:41.000Z</time>
        <extensions>
          <ns3:TrackPointExtension>
            <ns3:hr>134</ns3:hr>
            <ns3:cad>90</ns3:cad>
          </ns3:TrackPointExtension>
        </extensions>
      </trkpt>
      <trkpt lat="29.294835738837718963623046875" lon="117.2593205608427524566650390625">
        <ele>33.799999237060546875</ele>
        <time>2026-08-19T21:37:42.000Z</time>
        <extensions>
          <ns3:TrackPointExtension>
            <ns3:hr>135</ns3:hr>
            <ns3:cad>90</ns3:cad>
          </ns3:TrackPointExtension>
        </extensions>
      </trkpt>
      <trkpt lat="29.29484219290316104888916015625" lon="117.25934998132288455963134765625">
        <ele>33.799999237060546875</ele>
        <time>2026-08-19T21:37:43.000Z</time>
        <extensions>
          <ns3:TrackPointExtension>
            <ns3:hr>135</ns3:hr>
            <ns3:cad>90</ns3:cad>
          </ns3:TrackPointExtension>
        </extensions>
      </trkpt>
      <trkpt lat="29.2948533408343791961669921875" lon="117.2593693435192108154296875">
        <ele>33.799999237060546875</ele>
        <time>2026-08-19T21:37:44.000Z</time>
        <extensions>
          <ns3:TrackPointExtension>
            <ns3:hr>135</ns3:hr>
            <ns3:cad>90</ns3:cad>
          </ns3:TrackPointExtension>
        </extensions>
      </trkpt>
      <trkpt lat="29.2948563583195209503173828125" lon="117.25939926691353321075439453125">
        <ele>33.799999237060546875</ele>
        <time>2026-08-19T21:37:45.000Z</time>
        <extensions>
          <ns3:TrackPointExtension>
            <ns3:hr>135</ns3:hr>
            <ns3:cad>90</ns3:cad>
          </ns3:TrackPointExtension>
        </extensions>
      </trkpt>
      <trkpt lat="29.29487035609781742095947265625" lon="117.25942290388047695159912109375">
        <ele>33.799999237060546875</ele>
        <time>2026-08-19T21:37:46.000Z</time>
        <extensions>
          <ns3:TrackPointExtension>
            <ns3:hr>135</ns3:hr>
            <ns3:cad>90</ns3:cad>
          </ns3:TrackPointExtension>
        </extensions>
      </trkpt>
      <trkpt lat="29.294876642525196075439453125" lon="117.25944972597062587738037109375">
        <ele>33.799999237060546875</ele>
        <time>2026-08-19T21:37:47.000Z</time>
        <extensions>
          <ns3:TrackPointExtension>
            <ns3:hr>135</ns3:hr>
            <ns3:cad>90</ns3:cad>
          </ns3:TrackPointExtension>
        </extensions>
      </trkpt>
      <trkpt lat="29.29488812573254108428955078125" lon="117.2594677470624446868896484375">
        <ele>33.799999237060546875</ele>
        <time>2026-08-19T21:37:48.000Z</time>
        <extensions>
          <ns3:TrackPointExtension>
            <ns3:hr>135</ns3:hr>
            <ns3:cad>90</ns3:cad>
          </ns3:TrackPointExtension>
        </extensions>
      </trkpt>
      <trkpt lat="29.29489164613187313079833984375" lon="117.25949331186711788177490234375">
        <ele>34</ele>
        <time>2026-08-19T21:37:49.000Z</time>
        <extensions>
          <ns3:TrackPointExtension>
            <ns3:hr>135</ns3:hr>
            <ns3:cad>90</ns3:cad>
          </ns3:TrackPointExtension>
        </extensions>
      </trkpt>
      <trkpt lat="29.2949004471302032470703125" lon="117.25951560772955417633056640625">
        <ele>34</ele>
        <time>2026-08-19T21:37:50.000Z</time>
        <extensions>
          <ns3:TrackPointExtension>
            <ns3:hr>135</ns3:hr>
            <ns3:cad>90</ns3:cad>
          </ns3:TrackPointExtension>
        </extensions>
      </trkpt>
      <trkpt lat="29.29490522481501102447509765625" lon="117.259540669620037078857421875">
        <ele>34</ele>
        <time>2026-08-19T21:37:51.000Z</time>
        <extensions>
          <ns3:TrackPointExtension>
            <ns3:hr>135</ns3:hr>
            <ns3:cad>90</ns3:cad>
          </ns3:TrackPointExtension>
        </extensions>
      </trkpt>
      <trkpt lat="29.29491830058395862579345703125" lon="117.25956154055893421173095703125">
        <ele>34</ele>
        <time>2026-08-19T21:37:52.000Z</time>
        <extensions>
          <ns3:TrackPointExtension>
            <ns3:hr>135</ns3:hr>
            <ns3:cad>90</ns3:cad>
          </ns3:TrackPointExtension>
        </extensions>
      </trkpt>
      <trkpt lat="29.2949254252016544342041015625" lon="117.2595884464681148529052734375">
        <ele>34</ele>
        <time>2026-08-19T21:37:53.000Z</time>
        <extensions>
          <ns3:TrackPointExtension>
            <ns3:hr>135</ns3:hr>
            <ns3:cad>90</ns3:cad>
          </ns3:TrackPointExtension>
        </extensions>
      </trkpt>
      <trkpt lat="29.29493824951350688934326171875" lon="117.25960764102637767791748046875">
        <ele>34</ele>
        <time>2026-08-19T21:37:54.000Z</time>
        <extensions>
          <ns3:TrackPointExtension>
            <ns3:hr>135</ns3:hr>
            <ns3:cad>90</ns3:cad>
          </ns3:TrackPointExtension>
        </extensions>
      </trkpt>
      <trkpt lat="29.29494579322636127471923828125" lon="117.2596347145736217498779296875">
        <ele>34</ele>
        <time>2026-08-19T21:37:55.000Z</time>
        <extensions>
          <ns3:TrackPointExtension>
            <ns3:hr>134</ns3:hr>
            <ns3:cad>90</ns3:cad>
          </ns3:TrackPointExtension>
        </extensions>
      </trkpt>
      <trkpt lat="29.29495652206242084503173828125" lon="117.25965843535959720611572265625">
        <ele>34.200000762939453125</ele>
        <time>2026-08-19T21:37:56.000Z</time>
        <extensions>
          <ns3:TrackPointExtension>
            <ns3:hr>134</ns3:hr>
            <ns3:cad>90</ns3:cad>
          </ns3:TrackPointExtension>
        </extensions>
      </trkpt>
      <trkpt lat="29.2949612997472286224365234375" lon="117.2596870176494121551513671875">
        <ele>34.200000762939453125</ele>
        <time>2026-08-19T21:37:57.000Z</time>
        <extensions>
          <ns3:TrackPointExtension>
            <ns3:hr>134</ns3:hr>
            <ns3:cad>90</ns3:cad>
          </ns3:TrackPointExtension>
        </extensions>
      </trkpt>
      <trkpt lat="29.2949710227549076080322265625" lon="117.25971325300633907318115234375">
        <ele>34.200000762939453125</ele>
        <time>2026-08-19T21:37:58.000Z</time>
        <extensions>
          <ns3:TrackPointExtension>
            <ns3:hr>133</ns3:hr>
            <ns3:cad>90</ns3:cad>
          </ns3:TrackPointExtension>
        </extensions>
      </trkpt>
      <trkpt lat="29.29498116485774517059326171875" lon="117.25974057801067829132080078125">
        <ele>34.200000762939453125</ele>
        <time>2026-08-19T21:37:59.000Z</time>
        <extensions>
          <ns3:TrackPointExtension>
            <ns3:hr>133</ns3:hr>
            <ns3:cad>90</ns3:cad>
          </ns3:TrackPointExtension>
        </extensions>
      </trkpt>
      <trkpt lat="29.2949944920837879180908203125" lon="117.25976740010082721710205078125">
        <ele>34.200000762939453125</ele>
        <time>2026-08-19T21:38:00.000Z</time>
        <extensions>
          <ns3:TrackPointExtension>
            <ns3:hr>132</ns3:hr>
            <ns3:cad>90</ns3:cad>
          </ns3:TrackPointExtension>
        </extensions>
      </trkpt>
      <trkpt lat="29.29500547237694263458251953125" lon="117.2597922943532466888427734375">
        <ele>34.40000152587890625</ele>
        <time>2026-08-19T21:38:01.000Z</time>
        <extensions>
          <ns3:TrackPointExtension>
            <ns3:hr>132</ns3:hr>
            <ns3:cad>90</ns3:cad>
          </ns3:TrackPointExtension>
        </extensions>
      </trkpt>
      <trkpt lat="29.2950193025171756744384765625" lon="117.2598172724246978759765625">
        <ele>34.40000152587890625</ele>
        <time>2026-08-19T21:38:02.000Z</time>
        <extensions>
          <ns3:TrackPointExtension>
            <ns3:hr>132</ns3:hr>
            <ns3:cad>90</ns3:cad>
          </ns3:TrackPointExtension>
        </extensions>
      </trkpt>
      <trkpt lat="29.29502986371517181396484375" lon="117.25984367541968822479248046875">
        <ele>34.40000152587890625</ele>
        <time>2026-08-19T21:38:03.000Z</time>
        <extensions>
          <ns3:TrackPointExtension>
            <ns3:hr>132</ns3:hr>
            <ns3:cad>90</ns3:cad>
          </ns3:TrackPointExtension>
        </extensions>
      </trkpt>
      <trkpt lat="29.29504151456058025360107421875" lon="117.25987250916659832000732421875">
        <ele>34.40000152587890625</ele>
        <time>2026-08-19T21:38:04.000Z</time>
        <extensions>
          <ns3:TrackPointExtension>
            <ns3:hr>132</ns3:hr>
            <ns3:cad>90</ns3:cad>
          </ns3:TrackPointExtension>
        </extensions>
      </trkpt>
      <trkpt lat="29.29505324922502040863037109375" lon="117.25989296101033687591552734375">
        <ele>34.40000152587890625</ele>
        <time>2026-08-19T21:38:05.000Z</time>
        <extensions>
          <ns3:TrackPointExtension>
            <ns3:hr>132</ns3:hr>
            <ns3:cad>90</ns3:cad>
          </ns3:TrackPointExtension>
        </extensions>
      </trkpt>
      <trkpt lat="29.29506716318428516387939453125" lon="117.2599196992814540863037109375">
        <ele>34.40000152587890625</ele>
        <time>2026-08-19T21:38:06.000Z</time>
        <extensions>
          <ns3:TrackPointExtension>
            <ns3:hr>132</ns3:hr>
            <ns3:cad>90</ns3:cad>
          </ns3:TrackPointExtension>
        </extensions>
      </trkpt>
      <trkpt lat="29.29508107714354991912841796875" lon="117.25994040258228778839111328125">
        <ele>34.40000152587890625</ele>
        <time>2026-08-19T21:38:07.000Z</time>
        <extensions>
          <ns3:TrackPointExtension>
            <ns3:hr>132</ns3:hr>
            <ns3:cad>90</ns3:cad>
          </ns3:TrackPointExtension>
        </extensions>
      </trkpt>
      <trkpt lat="29.29509297944605350494384765625" lon="117.259965129196643829345703125">
        <ele>34.40000152587890625</ele>
        <time>2026-08-19T21:38:08.000Z</time>
        <extensions>
          <ns3:TrackPointExtension>
            <ns3:hr>133</ns3:hr>
            <ns3:cad>90</ns3:cad>
          </ns3:TrackPointExtension>
        </extensions>
      </trkpt>
      <trkpt lat="29.29510337300598621368408203125" lon="117.2599854134023189544677734375">
        <ele>34.40000152587890625</ele>
        <time>2026-08-19T21:38:09.000Z</time>
        <extensions>
          <ns3:TrackPointExtension>
            <ns3:hr>132</ns3:hr>
            <ns3:cad>90</ns3:cad>
          </ns3:TrackPointExtension>
        </extensions>
      </trkpt>
      <trkpt lat="29.2951148562133312225341796875" lon="117.26001374423503875732421875">
        <ele>34.40000152587890625</ele>
        <time>2026-08-19T21:38:10.000Z</time>
        <extensions>
          <ns3:TrackPointExtension>
            <ns3:hr>132</ns3:hr>
            <ns3:cad>90</ns3:cad>
          </ns3:TrackPointExtension>
        </extensions>
      </trkpt>
      <trkpt lat="29.29512499831616878509521484375" lon="117.2600336931645870208740234375">
        <ele>34.59999847412109375</ele>
        <time>2026-08-19T21:38:11.000Z</time>
        <extensions>
          <ns3:TrackPointExtension>
            <ns3:hr>132</ns3:hr>
            <ns3:cad>91</ns3:cad>
          </ns3:TrackPointExtension>
        </extensions>
      </trkpt>
      <trkpt lat="29.29513824172317981719970703125" lon="117.26006110198795795440673828125">
        <ele>34.59999847412109375</ele>
        <time>2026-08-19T21:38:12.000Z</time>
        <extensions>
          <ns3:TrackPointExtension>
            <ns3:hr>132</ns3:hr>
            <ns3:cad>91</ns3:cad>
          </ns3:TrackPointExtension>
        </extensions>
      </trkpt>
      <trkpt lat="29.29514980874955654144287109375" lon="117.2600846551358699798583984375">
        <ele>34.59999847412109375</ele>
        <time>2026-08-19T21:38:13.000Z</time>
        <extensions>
          <ns3:TrackPointExtension>
            <ns3:hr>132</ns3:hr>
            <ns3:cad>91</ns3:cad>
          </ns3:TrackPointExtension>
        </extensions>
      </trkpt>
      <trkpt lat="29.29516104049980640411376953125" lon="117.26011726073920726776123046875">
        <ele>34.59999847412109375</ele>
        <time>2026-08-19T21:38:14.000Z</time>
        <extensions>
          <ns3:TrackPointExtension>
            <ns3:hr>132</ns3:hr>
            <ns3:cad>90</ns3:cad>
          </ns3:TrackPointExtension>
        </extensions>
      </trkpt>
      <trkpt lat="29.2951728589832782745361328125" lon="117.260138131678104400634765625">
        <ele>34.59999847412109375</ele>
        <time>2026-08-19T21:38:15.000Z</time>
        <extensions>
          <ns3:TrackPointExtension>
            <ns3:hr>132</ns3:hr>
            <ns3:cad>90</ns3:cad>
          </ns3:TrackPointExtension>
        </extensions>
      </trkpt>
      <trkpt lat="29.29518484510481357574462890625" lon="117.26017341949045658111572265625">
        <ele>34.799999237060546875</ele>
        <time>2026-08-19T21:38:16.000Z</time>
        <extensions>
          <ns3:TrackPointExtension>
            <ns3:hr>131</ns3:hr>
            <ns3:cad>90</ns3:cad>
          </ns3:TrackPointExtension>
        </extensions>
      </trkpt>
      <trkpt lat="29.29519657976925373077392578125" lon="117.260194458067417144775390625">
        <ele>34.799999237060546875</ele>
        <time>2026-08-19T21:38:17.000Z</time>
        <extensions>
          <ns3:TrackPointExtension>
            <ns3:hr>130</ns3:hr>
            <ns3:cad>90</ns3:cad>
          </ns3:TrackPointExtension>
        </extensions>
      </trkpt>
      <trkpt lat="29.2952094040811061859130859375" lon="117.2602276504039764404296875">
        <ele>34.799999237060546875</ele>
        <time>2026-08-19T21:38:18.000Z</time>
        <extensions>
          <ns3:TrackPointExtension>
            <ns3:hr>128</ns3:hr>
            <ns3:cad>90</ns3:cad>
          </ns3:TrackPointExtension>
        </extensions>
      </trkpt>
      <trkpt lat="29.2952197976410388946533203125" lon="117.260250113904476165771484375">
        <ele>34.799999237060546875</ele>
        <time>2026-08-19T21:38:19.000Z</time>
        <extensions>
          <ns3:TrackPointExtension>
            <ns3:hr>126</ns3:hr>
            <ns3:cad>90</ns3:cad>
          </ns3:TrackPointExtension>
        </extensions>
      </trkpt>
      <trkpt lat="29.29523429833352565765380859375" lon="117.26027852855622768402099609375">
        <ele>34.799999237060546875</ele>
        <time>2026-08-19T21:38:20.000Z</time>
        <extensions>
          <ns3:TrackPointExtension>
            <ns3:hr>124</ns3:hr>
            <ns3:cad>90</ns3:cad>
          </ns3:TrackPointExtension>
        </extensions>
      </trkpt>
      <trkpt lat="29.2952477931976318359375" lon="117.260298393666744232177734375">
        <ele>34.799999237060546875</ele>
        <time>2026-08-19T21:38:21.000Z</time>
        <extensions>
          <ns3:TrackPointExtension>
            <ns3:hr>123</ns3:hr>
            <ns3:cad>90</ns3:cad>
          </ns3:TrackPointExtension>
        </extensions>
      </trkpt>
      <trkpt lat="29.2952556721866130828857421875" lon="117.26032781414687633514404296875">
        <ele>34.799999237060546875</ele>
        <time>2026-08-19T21:38:22.000Z</time>
        <extensions>
          <ns3:TrackPointExtension>
            <ns3:hr>122</ns3:hr>
            <ns3:cad>90</ns3:cad>
          </ns3:TrackPointExtension>
        </extensions>
      </trkpt>
      <trkpt lat="29.29526514373719692230224609375" lon="117.2603468410670757293701171875">
        <ele>34.799999237060546875</ele>
        <time>2026-08-19T21:38:23.000Z</time>
        <extensions>
          <ns3:TrackPointExtension>
            <ns3:hr>122</ns3:hr>
            <ns3:cad>89</ns3:cad>
          </ns3:TrackPointExtension>
        </extensions>
      </trkpt>
      <trkpt lat="29.29527671076357364654541015625" lon="117.260376848280429840087890625">
        <ele>34.799999237060546875</ele>
        <time>2026-08-19T21:38:24.000Z</time>
        <extensions>
          <ns3:TrackPointExtension>
            <ns3:hr>121</ns3:hr>
            <ns3:cad>89</ns3:cad>
          </ns3:TrackPointExtension>
        </extensions>
      </trkpt>
      <trkpt lat="29.29528894834220409393310546875" lon="117.26039621047675609588623046875">
        <ele>34.799999237060546875</ele>
        <time>2026-08-19T21:38:25.000Z</time>
        <extensions>
          <ns3:TrackPointExtension>
            <ns3:hr>121</ns3:hr>
            <ns3:cad>89</ns3:cad>
          </ns3:TrackPointExtension>
        </extensions>
      </trkpt>
      <trkpt lat="29.29530076682567596435546875" lon="117.26042680442333221435546875">
        <ele>35</ele>
        <time>2026-08-19T21:38:26.000Z</time>
        <extensions>
          <ns3:TrackPointExtension>
            <ns3:hr>121</ns3:hr>
            <ns3:cad>89</ns3:cad>
          </ns3:TrackPointExtension>
        </extensions>
      </trkpt>
      <trkpt lat="29.29531526751816272735595703125" lon="117.26044465787708759307861328125">
        <ele>35</ele>
        <time>2026-08-19T21:38:27.000Z</time>
        <extensions>
          <ns3:TrackPointExtension>
            <ns3:hr>122</ns3:hr>
            <ns3:cad>90</ns3:cad>
          </ns3:TrackPointExtension>
        </extensions>
      </trkpt>
      <trkpt lat="29.2953270860016345977783203125" lon="117.260476090013980865478515625">
        <ele>35</ele>
        <time>2026-08-19T21:38:28.000Z</time>
        <extensions>
          <ns3:TrackPointExtension>
            <ns3:hr>123</ns3:hr>
            <ns3:cad>90</ns3:cad>
          </ns3:TrackPointExtension>
        </extensions>
      </trkpt>
      <trkpt lat="29.29534024558961391448974609375" lon="117.26049897260963916778564453125">
        <ele>35</ele>
        <time>2026-08-19T21:38:29.000Z</time>
        <extensions>
          <ns3:TrackPointExtension>
            <ns3:hr>125</ns3:hr>
            <ns3:cad>90</ns3:cad>
          </ns3:TrackPointExtension>
        </extensions>
      </trkpt>
      <trkpt lat="29.29535164497792720794677734375" lon="117.26053082384169101715087890625">
        <ele>35</ele>
        <time>2026-08-19T21:38:30.000Z</time>
        <extensions>
          <ns3:TrackPointExtension>
            <ns3:hr>125</ns3:hr>
            <ns3:cad>90</ns3:cad>
          </ns3:TrackPointExtension>
        </extensions>
      </trkpt>
      <trkpt lat="29.29536706767976284027099609375" lon="117.2605495154857635498046875">
        <ele>35</ele>
        <time>2026-08-19T21:38:31.000Z</time>
        <extensions>
          <ns3:TrackPointExtension>
            <ns3:hr>125</ns3:hr>
            <ns3:cad>91</ns3:cad>
          </ns3:TrackPointExtension>
        </extensions>
      </trkpt>
      <trkpt lat="29.29538081400096416473388671875" lon="117.2605795226991176605224609375">
        <ele>35</ele>
        <time>2026-08-19T21:38:32.000Z</time>
        <extensions>
          <ns3:TrackPointExtension>
            <ns3:hr>126</ns3:hr>
            <ns3:cad>91</ns3:cad>
          </ns3:TrackPointExtension>
        </extensions>
      </trkpt>
      <trkpt lat="29.29539573378860950469970703125" lon="117.26059838198125362396240234375">
        <ele>35</ele>
        <time>2026-08-19T21:38:33.000Z</time>
        <extensions>
          <ns3:TrackPointExtension>
            <ns3:hr>126</ns3:hr>
            <ns3:cad>91</ns3:cad>
          </ns3:TrackPointExtension>
        </extensions>
      </trkpt>
      <trkpt lat="29.29540780372917652130126953125" lon="117.26063040085136890411376953125">
        <ele>35.200000762939453125</ele>
        <time>2026-08-19T21:38:34.000Z</time>
        <extensions>
          <ns3:TrackPointExtension>
            <ns3:hr>127</ns3:hr>
            <ns3:cad>90</ns3:cad>
          </ns3:TrackPointExtension>
        </extensions>
      </trkpt>
      <trkpt lat="29.29542507044970989227294921875" lon="117.26064540445804595947265625">
        <ele>35.200000762939453125</ele>
        <time>2026-08-19T21:38:35.000Z</time>
        <extensions>
          <ns3:TrackPointExtension>
            <ns3:hr>127</ns3:hr>
            <ns3:cad>90</ns3:cad>
          </ns3:TrackPointExtension>
        </extensions>
      </trkpt>
      <trkpt lat="29.2954353801906108856201171875" lon="117.2606755793094635009765625">
        <ele>35.200000762939453125</ele>
        <time>2026-08-19T21:38:36.000Z</time>
        <extensions>
          <ns3:TrackPointExtension>
            <ns3:hr>127</ns3:hr>
            <ns3:cad>91</ns3:cad>
          </ns3:TrackPointExtension>
        </extensions>
      </trkpt>
      <trkpt lat="29.29544803686439990997314453125" lon="117.260692678391933441162109375">
        <ele>35.200000762939453125</ele>
        <time>2026-08-19T21:38:37.000Z</time>
        <extensions>
          <ns3:TrackPointExtension>
            <ns3:hr>128</ns3:hr>
            <ns3:cad>91</ns3:cad>
          </ns3:TrackPointExtension>
        </extensions>
      </trkpt>
      <trkpt lat="29.29545323364436626434326171875" lon="117.260722853243350982666015625">
        <ele>35.200000762939453125</ele>
        <time>2026-08-19T21:38:38.000Z</time>
        <extensions>
          <ns3:TrackPointExtension>
            <ns3:hr>128</ns3:hr>
            <ns3:cad>91</ns3:cad>
          </ns3:TrackPointExtension>
        </extensions>
      </trkpt>
      <trkpt lat="29.2954663932323455810546875" lon="117.260744981467723846435546875">
        <ele>35.200000762939453125</ele>
        <time>2026-08-19T21:38:39.000Z</time>
        <extensions>
          <ns3:TrackPointExtension>
            <ns3:hr>128</ns3:hr>
            <ns3:cad>92</ns3:cad>
          </ns3:TrackPointExtension>
        </extensions>
      </trkpt>
      <trkpt lat="29.29547485895454883575439453125" lon="117.26077641360461711883544921875">
        <ele>35.200000762939453125</ele>
        <time>2026-08-19T21:38:40.000Z</time>
        <extensions>
          <ns3:TrackPointExtension>
            <ns3:hr>128</ns3:hr>
            <ns3:cad>92</ns3:cad>
          </ns3:TrackPointExtension>
        </extensions>
      </trkpt>
      <trkpt lat="29.29548759944736957550048828125" lon="117.26079854182898998260498046875">
        <ele>35.200000762939453125</ele>
        <time>2026-08-19T21:38:41.000Z</time>
        <extensions>
          <ns3:TrackPointExtension>
            <ns3:hr>128</ns3:hr>
            <ns3:cad>92</ns3:cad>
          </ns3:TrackPointExtension>
        </extensions>
      </trkpt>
      <trkpt lat="29.29549799300730228424072265625" lon="117.2608286328613758087158203125">
        <ele>35.200000762939453125</ele>
        <time>2026-08-19T21:38:42.000Z</time>
        <extensions>
          <ns3:TrackPointExtension>
            <ns3:hr>129</ns3:hr>
            <ns3:cad>91</ns3:cad>
          </ns3:TrackPointExtension>
        </extensions>
      </trkpt>
      <trkpt lat="29.29551173932850360870361328125" lon="117.26084933616220951080322265625">
        <ele>35.200000762939453125</ele>
        <time>2026-08-19T21:38:43.000Z</time>
        <extensions>
          <ns3:TrackPointExtension>
            <ns3:hr>129</ns3:hr>
            <ns3:cad>91</ns3:cad>
          </ns3:TrackPointExtension>
        </extensions>
      </trkpt>
      <trkpt lat="29.29552313871681690216064453125" lon="117.26087716408073902130126953125">
        <ele>35.200000762939453125</ele>
        <time>2026-08-19T21:38:44.000Z</time>
        <extensions>
          <ns3:TrackPointExtension>
            <ns3:hr>129</ns3:hr>
            <ns3:cad>90</ns3:cad>
          </ns3:TrackPointExtension>
        </extensions>
      </trkpt>
      <trkpt lat="29.2955399863421916961669921875" lon="117.26089577190577983856201171875">
        <ele>35.200000762939453125</ele>
        <time>2026-08-19T21:38:45.000Z</time>
        <extensions>
          <ns3:TrackPointExtension>
            <ns3:hr>129</ns3:hr>
            <ns3:cad>90</ns3:cad>
          </ns3:TrackPointExtension>
        </extensions>
      </trkpt>
      <trkpt lat="29.29555146954953670501708984375" lon="117.26092343218624591827392578125">
        <ele>35.200000762939453125</ele>
        <time>2026-08-19T21:38:46.000Z</time>
        <extensions>
          <ns3:TrackPointExtension>
            <ns3:hr>130</ns3:hr>
            <ns3:cad>90</ns3:cad>
          </ns3:TrackPointExtension>
        </extensions>
      </trkpt>
      <trkpt lat="29.29556806571781635284423828125" lon="117.26094581186771392822265625">
        <ele>35.40000152587890625</ele>
        <time>2026-08-19T21:38:47.000Z</time>
        <extensions>
          <ns3:TrackPointExtension>
            <ns3:hr>130</ns3:hr>
            <ns3:cad>91</ns3:cad>
          </ns3:TrackPointExtension>
        </extensions>
      </trkpt>
      <trkpt lat="29.29558063857257366180419921875" lon="117.26097322069108486175537109375">
        <ele>35.40000152587890625</ele>
        <time>2026-08-19T21:38:48.000Z</time>
        <extensions>
          <ns3:TrackPointExtension>
            <ns3:hr>130</ns3:hr>
            <ns3:cad>91</ns3:cad>
          </ns3:TrackPointExtension>
        </extensions>
      </trkpt>
      <trkpt lat="29.2955976538360118865966796875" lon="117.26099702529609203338623046875">
        <ele>35.40000152587890625</ele>
        <time>2026-08-19T21:38:49.000Z</time>
        <extensions>
          <ns3:TrackPointExtension>
            <ns3:hr>130</ns3:hr>
            <ns3:cad>91</ns3:cad>
          </ns3:TrackPointExtension>
        </extensions>
      </trkpt>
      <trkpt lat="29.295611567795276641845703125" lon="117.261016555130481719970703125">
        <ele>35.40000152587890625</ele>
        <time>2026-08-19T21:38:50.000Z</time>
        <extensions>
          <ns3:TrackPointExtension>
            <ns3:hr>131</ns3:hr>
            <ns3:cad>91</ns3:cad>
          </ns3:TrackPointExtension>
        </extensions>
      </trkpt>
      <trkpt lat="29.29562724195420742034912109375" lon="117.26104111410677433013916015625">
        <ele>35.200000762939453125</ele>
        <time>2026-08-19T21:38:51.000Z</time>
        <extensions>
          <ns3:TrackPointExtension>
            <ns3:hr>130</ns3:hr>
            <ns3:cad>91</ns3:cad>
          </ns3:TrackPointExtension>
        </extensions>
      </trkpt>
      <trkpt lat="29.295639060437679290771484375" lon="117.2610619850456714630126953125">
        <ele>35.200000762939453125</ele>
        <time>2026-08-19T21:38:52.000Z</time>
        <extensions>
          <ns3:TrackPointExtension>
            <ns3:hr>130</ns3:hr>
            <ns3:cad>91</ns3:cad>
          </ns3:TrackPointExtension>
        </extensions>
      </trkpt>
      <trkpt lat="29.2956533096730709075927734375" lon="117.2610847838222980499267578125">
        <ele>35.200000762939453125</ele>
        <time>2026-08-19T21:38:53.000Z</time>
        <extensions>
          <ns3:TrackPointExtension>
            <ns3:hr>130</ns3:hr>
            <ns3:cad>91</ns3:cad>
          </ns3:TrackPointExtension>
        </extensions>
      </trkpt>
      <trkpt lat="29.29566563107073307037353515625" lon="117.2611047327518463134765625">
        <ele>35.200000762939453125</ele>
        <time>2026-08-19T21:38:54.000Z</time>
        <extensions>
          <ns3:TrackPointExtension>
            <ns3:hr>131</ns3:hr>
            <ns3:cad>91</ns3:cad>
          </ns3:TrackPointExtension>
        </extensions>
      </trkpt>
      <trkpt lat="29.29568071849644184112548828125" lon="117.2611263580620288848876953125">
        <ele>35.200000762939453125</ele>
        <time>2026-08-19T21:38:55.000Z</time>
        <extensions>
          <ns3:TrackPointExtension>
            <ns3:hr>131</ns3:hr>
            <ns3:cad>91</ns3:cad>
          </ns3:TrackPointExtension>
        </extensions>
      </trkpt>
      <trkpt lat="29.29569211788475513458251953125" lon="117.2611476480960845947265625">
        <ele>35.200000762939453125</ele>
        <time>2026-08-19T21:38:56.000Z</time>
        <extensions>
          <ns3:TrackPointExtension>
            <ns3:hr>131</ns3:hr>
            <ns3:cad>90</ns3:cad>
          </ns3:TrackPointExtension>
        </extensions>
      </trkpt>
      <trkpt lat="29.29570536129176616668701171875" lon="117.261170111596584320068359375">
        <ele>35.200000762939453125</ele>
        <time>2026-08-19T21:38:57.000Z</time>
        <extensions>
          <ns3:TrackPointExtension>
            <ns3:hr>131</ns3:hr>
            <ns3:cad>90</ns3:cad>
          </ns3:TrackPointExtension>
        </extensions>
      </trkpt>
      <trkpt lat="29.29571927525103092193603515625" lon="117.26119182072579860687255859375">
        <ele>35.200000762939453125</ele>
        <time>2026-08-19T21:38:58.000Z</time>
        <extensions>
          <ns3:TrackPointExtension>
            <ns3:hr>131</ns3:hr>
            <ns3:cad>90</ns3:cad>
          </ns3:TrackPointExtension>
        </extensions>
      </trkpt>
      <trkpt lat="29.2957354523241519927978515625" lon="117.2612158767879009246826171875">
        <ele>35.200000762939453125</ele>
        <time>2026-08-19T21:38:59.000Z</time>
        <extensions>
          <ns3:TrackPointExtension>
            <ns3:hr>131</ns3:hr>
            <ns3:cad>90</ns3:cad>
          </ns3:TrackPointExtension>
        </extensions>
      </trkpt>
      <trkpt lat="29.2957522161304950714111328125" lon="117.26124261505901813507080078125">
        <ele>35.200000762939453125</ele>
        <time>2026-08-19T21:39:00.000Z</time>
        <extensions>
          <ns3:TrackPointExtension>
            <ns3:hr>132</ns3:hr>
            <ns3:cad>90</ns3:cad>
          </ns3:TrackPointExtension>
        </extensions>
      </trkpt>
      <trkpt lat="29.2957666330039501190185546875" lon="117.26127010770142078399658203125">
        <ele>35.40000152587890625</ele>
        <time>2026-08-19T21:39:01.000Z</time>
        <extensions>
          <ns3:TrackPointExtension>
            <ns3:hr>131</ns3:hr>
            <ns3:cad>90</ns3:cad>
          </ns3:TrackPointExtension>
        </extensions>
      </trkpt>
      <trkpt lat="29.2957790382206439971923828125" lon="117.26128988899290561676025390625">
        <ele>35.40000152587890625</ele>
        <time>2026-08-19T21:39:02.000Z</time>
        <extensions>
          <ns3:TrackPointExtension>
            <ns3:hr>131</ns3:hr>
            <ns3:cad>90</ns3:cad>
          </ns3:TrackPointExtension>
        </extensions>
      </trkpt>
      <trkpt lat="29.29579831659793853759765625" lon="117.26131855510175228118896484375">
        <ele>35.40000152587890625</ele>
        <time>2026-08-19T21:39:03.000Z</time>
        <extensions>
          <ns3:TrackPointExtension>
            <ns3:hr>131</ns3:hr>
            <ns3:cad>90</ns3:cad>
          </ns3:TrackPointExtension>
        </extensions>
      </trkpt>
      <trkpt lat="29.2958108894526958465576171875" lon="117.261342108249664306640625">
        <ele>35.40000152587890625</ele>
        <time>2026-08-19T21:39:04.000Z</time>
        <extensions>
          <ns3:TrackPointExtension>
            <ns3:hr>131</ns3:hr>
            <ns3:cad>91</ns3:cad>
          </ns3:TrackPointExtension>
        </extensions>
      </trkpt>
      <trkpt lat="29.295824132859706878662109375" lon="117.26137186400592327117919921875">
        <ele>35.200000762939453125</ele>
        <time>2026-08-19T21:39:05.000Z</time>
        <extensions>
          <ns3:TrackPointExtension>
            <ns3:hr>131</ns3:hr>
            <ns3:cad>91</ns3:cad>
          </ns3:TrackPointExtension>
        </extensions>
      </trkpt>
      <trkpt lat="29.29583930410444736480712890625" lon="117.261390052735805511474609375">
        <ele>35.200000762939453125</ele>
        <time>2026-08-19T21:39:06.000Z</time>
        <extensions>
          <ns3:TrackPointExtension>
            <ns3:hr>131</ns3:hr>
            <ns3:cad>91</ns3:cad>
          </ns3:TrackPointExtension>
        </extensions>
      </trkpt>
      <trkpt lat="29.29585640318691730499267578125" lon="117.2614200599491596221923828125">
        <ele>35.200000762939453125</ele>
        <time>2026-08-19T21:39:07.000Z</time>
        <extensions>
          <ns3:TrackPointExtension>
            <ns3:hr>130</ns3:hr>
            <ns3:cad>92</ns3:cad>
          </ns3:TrackPointExtension>
        </extensions>
      </trkpt>
      <trkpt lat="29.29587266407907009124755859375" lon="117.26143523119390010833740234375">
        <ele>35.200000762939453125</ele>
        <time>2026-08-19T21:39:08.000Z</time>
        <extensions>
          <ns3:TrackPointExtension>
            <ns3:hr>130</ns3:hr>
            <ns3:cad>92</ns3:cad>
          </ns3:TrackPointExtension>
        </extensions>
      </trkpt>
      <trkpt lat="29.29588548839092254638671875" lon="117.2614643163979053497314453125">
        <ele>35.200000762939453125</ele>
        <time>2026-08-19T21:39:09.000Z</time>
        <extensions>
          <ns3:TrackPointExtension>
            <ns3:hr>130</ns3:hr>
            <ns3:cad>92</ns3:cad>
          </ns3:TrackPointExtension>
        </extensions>
      </trkpt>
      <trkpt lat="29.29590099491178989410400390625" lon="117.26147957146167755126953125">
        <ele>35.200000762939453125</ele>
        <time>2026-08-19T21:39:10.000Z</time>
        <extensions>
          <ns3:TrackPointExtension>
            <ns3:hr>130</ns3:hr>
            <ns3:cad>92</ns3:cad>
          </ns3:TrackPointExtension>
        </extensions>
      </trkpt>
      <trkpt lat="29.29591608233749866485595703125" lon="117.2615072317421436309814453125">
        <ele>35.200000762939453125</ele>
        <time>2026-08-19T21:39:11.000Z</time>
        <extensions>
          <ns3:TrackPointExtension>
            <ns3:hr>130</ns3:hr>
            <ns3:cad>92</ns3:cad>
          </ns3:TrackPointExtension>
        </extensions>
      </trkpt>
      <trkpt lat="29.29593217559158802032470703125" lon="117.2615243308246135711669921875">
        <ele>35.200000762939453125</ele>
        <time>2026-08-19T21:39:12.000Z</time>
        <extensions>
          <ns3:TrackPointExtension>
            <ns3:hr>129</ns3:hr>
            <ns3:cad>92</ns3:cad>
          </ns3:TrackPointExtension>
        </extensions>
      </trkpt>
      <trkpt lat="29.29594491608440876007080078125" lon="117.26155308075249195098876953125">
        <ele>35.200000762939453125</ele>
        <time>2026-08-19T21:39:13.000Z</time>
        <extensions>
          <ns3:TrackPointExtension>
            <ns3:hr>129</ns3:hr>
            <ns3:cad>91</ns3:cad>
          </ns3:TrackPointExtension>
        </extensions>
      </trkpt>
      <trkpt lat="29.29596201516687870025634765625" lon="117.261570431292057037353515625">
        <ele>35.200000762939453125</ele>
        <time>2026-08-19T21:39:14.000Z</time>
        <extensions>
          <ns3:TrackPointExtension>
            <ns3:hr>129</ns3:hr>
            <ns3:cad>91</ns3:cad>
          </ns3:TrackPointExtension>
        </extensions>
      </trkpt>
      <trkpt lat="29.29597609676420688629150390625" lon="117.26159767247736454010009765625">
        <ele>35</ele>
        <time>2026-08-19T21:39:15.000Z</time>
        <extensions>
          <ns3:TrackPointExtension>
            <ns3:hr>129</ns3:hr>
            <ns3:cad>91</ns3:cad>
          </ns3:TrackPointExtension>
        </extensions>
      </trkpt>
      <trkpt lat="29.29599235765635967254638671875" lon="117.26161493919789791107177734375">
        <ele>35</ele>
        <time>2026-08-19T21:39:16.000Z</time>
        <extensions>
          <ns3:TrackPointExtension>
            <ns3:hr>128</ns3:hr>
            <ns3:cad>91</ns3:cad>
          </ns3:TrackPointExtension>
        </extensions>
      </trkpt>
      <trkpt lat="29.29600543342530727386474609375" lon="117.26164360530674457550048828125">
        <ele>35</ele>
        <time>2026-08-19T21:39:17.000Z</time>
        <extensions>
          <ns3:TrackPointExtension>
            <ns3:hr>128</ns3:hr>
            <ns3:cad>91</ns3:cad>
          </ns3:TrackPointExtension>
        </extensions>
      </trkpt>
      <trkpt lat="29.2960242927074432373046875" lon="117.26165986619889736175537109375">
        <ele>35</ele>
        <time>2026-08-19T21:39:18.000Z</time>
        <extensions>
          <ns3:TrackPointExtension>
            <ns3:hr>128</ns3:hr>
            <ns3:cad>91</ns3:cad>
          </ns3:TrackPointExtension>
        </extensions>
      </trkpt>
      <trkpt lat="29.296033680438995361328125" lon="117.2616899572312831878662109375">
        <ele>35</ele>
        <time>2026-08-19T21:39:19.000Z</time>
        <extensions>
          <ns3:TrackPointExtension>
            <ns3:hr>128</ns3:hr>
            <ns3:cad>92</ns3:cad>
          </ns3:TrackPointExtension>
        </extensions>
      </trkpt>
      <trkpt lat="29.29605170153081417083740234375" lon="117.261709235608577728271484375">
        <ele>35</ele>
        <time>2026-08-19T21:39:20.000Z</time>
        <extensions>
          <ns3:TrackPointExtension>
            <ns3:hr>127</ns3:hr>
            <ns3:cad>91</ns3:cad>
          </ns3:TrackPointExtension>
        </extensions>
      </trkpt>
      <trkpt lat="29.29606561549007892608642578125" lon="117.26173706352710723876953125">
        <ele>35</ele>
        <time>2026-08-19T21:39:21.000Z</time>
        <extensions>
          <ns3:TrackPointExtension>
            <ns3:hr>127</ns3:hr>
            <ns3:cad>91</ns3:cad>
          </ns3:TrackPointExtension>
        </extensions>
      </trkpt>
      <trkpt lat="29.29607986472547054290771484375" lon="117.26175709627568721771240234375">
        <ele>35</ele>
        <time>2026-08-19T21:39:22.000Z</time>
        <extensions>
          <ns3:TrackPointExtension>
            <ns3:hr>127</ns3:hr>
            <ns3:cad>91</ns3:cad>
          </ns3:TrackPointExtension>
        </extensions>
      </trkpt>
      <trkpt lat="29.29609025828540325164794921875" lon="117.26178308017551898956298828125">
        <ele>35</ele>
        <time>2026-08-19T21:39:23.000Z</time>
        <extensions>
          <ns3:TrackPointExtension>
            <ns3:hr>126</ns3:hr>
            <ns3:cad>91</ns3:cad>
          </ns3:TrackPointExtension>
        </extensions>
      </trkpt>
      <trkpt lat="29.296105094254016876220703125" lon="117.26180369965732097625732421875">
        <ele>35</ele>
        <time>2026-08-19T21:39:24.000Z</time>
        <extensions>
          <ns3:TrackPointExtension>
            <ns3:hr>126</ns3:hr>
            <ns3:cad>91</ns3:cad>
          </ns3:TrackPointExtension>
        </extensions>
      </trkpt>
      <trkpt lat="29.2961176671087741851806640625" lon="117.26182817481458187103271484375">
        <ele>35</ele>
        <time>2026-08-19T21:39:25.000Z</time>
        <extensions>
          <ns3:TrackPointExtension>
            <ns3:hr>126</ns3:hr>
            <ns3:cad>91</ns3:cad>
          </ns3:TrackPointExtension>
        </extensions>
      </trkpt>
      <trkpt lat="29.29613401181995868682861328125" lon="117.2618478722870349884033203125">
        <ele>35</ele>
        <time>2026-08-19T21:39:26.000Z</time>
        <extensions>
          <ns3:TrackPointExtension>
            <ns3:hr>125</ns3:hr>
            <ns3:cad>91</ns3:cad>
          </ns3:TrackPointExtension>
        </extensions>
      </trkpt>
      <trkpt lat="29.29614700376987457275390625" lon="117.26186924614012241363525390625">
        <ele>35</ele>
        <time>2026-08-19T21:39:27.000Z</time>
        <extensions>
          <ns3:TrackPointExtension>
            <ns3:hr>125</ns3:hr>
            <ns3:cad>91</ns3:cad>
          </ns3:TrackPointExtension>
        </extensions>
      </trkpt>
      <trkpt lat="29.29616309702396392822265625" lon="117.26188986562192440032958984375">
        <ele>35</ele>
        <time>2026-08-19T21:39:28.000Z</time>
        <extensions>
          <ns3:TrackPointExtension>
            <ns3:hr>125</ns3:hr>
            <ns3:cad>91</ns3:cad>
          </ns3:TrackPointExtension>
        </extensions>
      </trkpt>
      <trkpt lat="29.296175502240657806396484375" lon="117.2619125805795192718505859375">
        <ele>35</ele>
        <time>2026-08-19T21:39:29.000Z</time>
        <extensions>
          <ns3:TrackPointExtension>
            <ns3:hr>124</ns3:hr>
            <ns3:cad>91</ns3:cad>
          </ns3:TrackPointExtension>
        </extensions>
      </trkpt>
      <trkpt lat="29.29618991911411285400390625" lon="117.261935882270336151123046875">
        <ele>35.200000762939453125</ele>
        <time>2026-08-19T21:39:30.000Z</time>
        <extensions>
          <ns3:TrackPointExtension>
            <ns3:hr>125</ns3:hr>
            <ns3:cad>91</ns3:cad>
          </ns3:TrackPointExtension>
        </extensions>
      </trkpt>
      <trkpt lat="29.29620240814983844757080078125" lon="117.261960692703723907470703125">
        <ele>35.200000762939453125</ele>
        <time>2026-08-19T21:39:31.000Z</time>
        <extensions>
          <ns3:TrackPointExtension>
            <ns3:hr>125</ns3:hr>
            <ns3:cad>91</ns3:cad>
          </ns3:TrackPointExtension>
        </extensions>
      </trkpt>
      <trkpt lat="29.29621665738523006439208984375" lon="117.26198106072843074798583984375">
        <ele>35.200000762939453125</ele>
        <time>2026-08-19T21:39:32.000Z</time>
        <extensions>
          <ns3:TrackPointExtension>
            <ns3:hr>124</ns3:hr>
            <ns3:cad>91</ns3:cad>
          </ns3:TrackPointExtension>
        </extensions>
      </trkpt>
      <trkpt lat="29.29623006843030452728271484375" lon="117.262003608047962188720703125">
        <ele>35.200000762939453125</ele>
        <time>2026-08-19T21:39:33.000Z</time>
        <extensions>
          <ns3:TrackPointExtension>
            <ns3:hr>125</ns3:hr>
            <ns3:cad>91</ns3:cad>
          </ns3:TrackPointExtension>
        </extensions>
      </trkpt>
      <trkpt lat="29.29624465294182300567626953125" lon="117.262027747929096221923828125">
        <ele>35.40000152587890625</ele>
        <time>2026-08-19T21:39:34.000Z</time>
        <extensions>
          <ns3:TrackPointExtension>
            <ns3:hr>124</ns3:hr>
            <ns3:cad>90</ns3:cad>
          </ns3:TrackPointExtension>
        </extensions>
      </trkpt>
      <trkpt lat="29.296257309615612030029296875" lon="117.26204761303961277008056640625">
        <ele>35.200000762939453125</ele>
        <time>2026-08-19T21:39:35.000Z</time>
        <extensions>
          <ns3:TrackPointExtension>
            <ns3:hr>124</ns3:hr>
            <ns3:cad>90</ns3:cad>
          </ns3:TrackPointExtension>
        </extensions>
      </trkpt>
      <trkpt lat="29.296275079250335693359375" lon="117.2620711661875247955322265625">
        <ele>35.200000762939453125</ele>
        <time>2026-08-19T21:39:36.000Z</time>
        <extensions>
          <ns3:TrackPointExtension>
            <ns3:hr>124</ns3:hr>
            <ns3:cad>90</ns3:cad>
          </ns3:TrackPointExtension>
        </extensions>
      </trkpt>
      <trkpt lat="29.29629175923764705657958984375" lon="117.26208969019353389739990234375">
        <ele>35.200000762939453125</ele>
        <time>2026-08-19T21:39:37.000Z</time>
        <extensions>
          <ns3:TrackPointExtension>
            <ns3:hr>125</ns3:hr>
            <ns3:cad>90</ns3:cad>
          </ns3:TrackPointExtension>
        </extensions>
      </trkpt>
      <trkpt lat="29.296306930482387542724609375" lon="117.26211433298885822296142578125">
        <ele>35.200000762939453125</ele>
        <time>2026-08-19T21:39:38.000Z</time>
        <extensions>
          <ns3:TrackPointExtension>
            <ns3:hr>125</ns3:hr>
            <ns3:cad>90</ns3:cad>
          </ns3:TrackPointExtension>
        </extensions>
      </trkpt>
      <trkpt lat="29.29632226936519145965576171875" lon="117.26213495247066020965576171875">
        <ele>35.200000762939453125</ele>
        <time>2026-08-19T21:39:39.000Z</time>
        <extensions>
          <ns3:TrackPointExtension>
            <ns3:hr>125</ns3:hr>
            <ns3:cad>90</ns3:cad>
          </ns3:TrackPointExtension>
        </extensions>
      </trkpt>
      <trkpt lat="29.29634087719023227691650390625" lon="117.26216127164661884307861328125">
        <ele>35.40000152587890625</ele>
        <time>2026-08-19T21:39:40.000Z</time>
        <extensions>
          <ns3:TrackPointExtension>
            <ns3:hr>125</ns3:hr>
            <ns3:cad>90</ns3:cad>
          </ns3:TrackPointExtension>
        </extensions>
      </trkpt>
      <trkpt lat="29.29635579697787761688232421875" lon="117.26218222640454769134521484375">
        <ele>35.40000152587890625</ele>
        <time>2026-08-19T21:39:41.000Z</time>
        <extensions>
          <ns3:TrackPointExtension>
            <ns3:hr>126</ns3:hr>
            <ns3:cad>91</ns3:cad>
          </ns3:TrackPointExtension>
        </extensions>
      </trkpt>
      <trkpt lat="29.2963729798793792724609375" lon="117.26220854558050632476806640625">
        <ele>35.40000152587890625</ele>
        <time>2026-08-19T21:39:42.000Z</time>
        <extensions>
          <ns3:TrackPointExtension>
            <ns3:hr>126</ns3:hr>
            <ns3:cad>91</ns3:cad>
          </ns3:TrackPointExtension>
        </extensions>
      </trkpt>
      <trkpt lat="29.29639066569507122039794921875" lon="117.26222530938684940338134765625">
        <ele>35.40000152587890625</ele>
        <time>2026-08-19T21:39:43.000Z</time>
        <extensions>
          <ns3:TrackPointExtension>
            <ns3:hr>126</ns3:hr>
            <ns3:cad>91</ns3:cad>
          </ns3:TrackPointExtension>
        </extensions>
      </trkpt>
      <trkpt lat="29.2964046634733676910400390625" lon="117.26225447840988636016845703125">
        <ele>35.40000152587890625</ele>
        <time>2026-08-19T21:39:44.000Z</time>
        <extensions>
          <ns3:TrackPointExtension>
            <ns3:hr>125</ns3:hr>
            <ns3:cad>91</ns3:cad>
          </ns3:TrackPointExtension>
        </extensions>
      </trkpt>
      <trkpt lat="29.296418242156505584716796875" lon="117.26227593608200550079345703125">
        <ele>35.40000152587890625</ele>
        <time>2026-08-19T21:39:45.000Z</time>
        <extensions>
          <ns3:TrackPointExtension>
            <ns3:hr>125</ns3:hr>
            <ns3:cad>90</ns3:cad>
          </ns3:TrackPointExtension>
        </extensions>
      </trkpt>
      <trkpt lat="29.29643123410642147064208984375" lon="117.2623061947524547576904296875">
        <ele>35.40000152587890625</ele>
        <time>2026-08-19T21:39:46.000Z</time>
        <extensions>
          <ns3:TrackPointExtension>
            <ns3:hr>125</ns3:hr>
            <ns3:cad>90</ns3:cad>
          </ns3:TrackPointExtension>
        </extensions>
      </trkpt>
      <trkpt lat="29.2964485846459865570068359375" lon="117.2623239643871784210205078125">
        <ele>35.200000762939453125</ele>
        <time>2026-08-19T21:39:47.000Z</time>
        <extensions>
          <ns3:TrackPointExtension>
            <ns3:hr>125</ns3:hr>
            <ns3:cad>90</ns3:cad>
          </ns3:TrackPointExtension>
        </extensions>
      </trkpt>
      <trkpt lat="29.2964666895568370819091796875" lon="117.26235070265829563140869140625">
        <ele>35.200000762939453125</ele>
        <time>2026-08-19T21:39:48.000Z</time>
        <extensions>
          <ns3:TrackPointExtension>
            <ns3:hr>124</ns3:hr>
            <ns3:cad>90</ns3:cad>
          </ns3:TrackPointExtension>
        </extensions>
      </trkpt>
      <trkpt lat="29.296480603516101837158203125" lon="117.26236738264560699462890625">
        <ele>35.200000762939453125</ele>
        <time>2026-08-19T21:39:49.000Z</time>
        <extensions>
          <ns3:TrackPointExtension>
            <ns3:hr>124</ns3:hr>
            <ns3:cad>91</ns3:cad>
          </ns3:TrackPointExtension>
        </extensions>
      </trkpt>
      <trkpt lat="29.29649661295115947723388671875" lon="117.26239562965929508209228515625">
        <ele>35.200000762939453125</ele>
        <time>2026-08-19T21:39:50.000Z</time>
        <extensions>
          <ns3:TrackPointExtension>
            <ns3:hr>124</ns3:hr>
            <ns3:cad>91</ns3:cad>
          </ns3:TrackPointExtension>
        </extensions>
      </trkpt>
      <trkpt lat="29.29651119746267795562744140625" lon="117.26241205818951129913330078125">
        <ele>35.200000762939453125</ele>
        <time>2026-08-19T21:39:51.000Z</time>
        <extensions>
          <ns3:TrackPointExtension>
            <ns3:hr>124</ns3:hr>
            <ns3:cad>91</ns3:cad>
          </ns3:TrackPointExtension>
        </extensions>
      </trkpt>
      <trkpt lat="29.2965223453938961029052734375" lon="117.26243904791772365570068359375">
        <ele>35.40000152587890625</ele>
        <time>2026-08-19T21:39:52.000Z</time>
        <extensions>
          <ns3:TrackPointExtension>
            <ns3:hr>123</ns3:hr>
            <ns3:cad>91</ns3:cad>
          </ns3:TrackPointExtension>
        </extensions>
      </trkpt>
      <trkpt lat="29.29653718136250972747802734375" lon="117.26245321333408355712890625">
        <ele>35.40000152587890625</ele>
        <time>2026-08-19T21:39:53.000Z</time>
        <extensions>
          <ns3:TrackPointExtension>
            <ns3:hr>123</ns3:hr>
            <ns3:cad>90</ns3:cad>
          </ns3:TrackPointExtension>
        </extensions>
      </trkpt>
      <trkpt lat="29.2965528555214405059814453125" lon="117.2624818794429302215576171875">
        <ele>35.40000152587890625</ele>
        <time>2026-08-19T21:39:54.000Z</time>
        <extensions>
          <ns3:TrackPointExtension>
            <ns3:hr>123</ns3:hr>
            <ns3:cad>90</ns3:cad>
          </ns3:TrackPointExtension>
        </extensions>
      </trkpt>
      <trkpt lat="29.29656987078487873077392578125" lon="117.26250090636312961578369140625">
        <ele>35.40000152587890625</ele>
        <time>2026-08-19T21:39:55.000Z</time>
        <extensions>
          <ns3:TrackPointExtension>
            <ns3:hr>123</ns3:hr>
            <ns3:cad>90</ns3:cad>
          </ns3:TrackPointExtension>
        </extensions>
      </trkpt>
      <trkpt lat="29.2965848743915557861328125" lon="117.262529991567134857177734375">
        <ele>35.40000152587890625</ele>
        <time>2026-08-19T21:39:56.000Z</time>
        <extensions>
          <ns3:TrackPointExtension>
            <ns3:hr>123</ns3:hr>
            <ns3:cad>90</ns3:cad>
          </ns3:TrackPointExtension>
        </extensions>
      </trkpt>
      <trkpt lat="29.29660205729305744171142578125" lon="117.262546084821224212646484375">
        <ele>35.40000152587890625</ele>
        <time>2026-08-19T21:39:57.000Z</time>
        <extensions>
          <ns3:TrackPointExtension>
            <ns3:hr>123</ns3:hr>
            <ns3:cad>90</ns3:cad>
          </ns3:TrackPointExtension>
        </extensions>
      </trkpt>
      <trkpt lat="29.29661773145198822021484375" lon="117.2625732421875">
        <ele>35.40000152587890625</ele>
        <time>2026-08-19T21:39:58.000Z</time>
        <extensions>
          <ns3:TrackPointExtension>
            <ns3:hr>123</ns3:hr>
            <ns3:cad>90</ns3:cad>
          </ns3:TrackPointExtension>
        </extensions>
      </trkpt>
      <trkpt lat="29.29663206450641155242919921875" lon="117.26259042508900165557861328125">
        <ele>35.40000152587890625</ele>
        <time>2026-08-19T21:39:59.000Z</time>
        <extensions>
          <ns3:TrackPointExtension>
            <ns3:hr>123</ns3:hr>
            <ns3:cad>90</ns3:cad>
          </ns3:TrackPointExtension>
        </extensions>
      </trkpt>
      <trkpt lat="29.29664463736116886138916015625" lon="117.2626169957220554351806640625">
        <ele>35.40000152587890625</ele>
        <time>2026-08-19T21:40:00.000Z</time>
        <extensions>
          <ns3:TrackPointExtension>
            <ns3:hr>123</ns3:hr>
            <ns3:cad>90</ns3:cad>
          </ns3:TrackPointExtension>
        </extensions>
      </trkpt>
      <trkpt lat="29.2966599762439727783203125" lon="117.26263292133808135986328125">
        <ele>35.40000152587890625</ele>
        <time>2026-08-19T21:40:01.000Z</time>
        <extensions>
          <ns3:TrackPointExtension>
            <ns3:hr>123</ns3:hr>
            <ns3:cad>90</ns3:cad>
          </ns3:TrackPointExtension>
        </extensions>
      </trkpt>
      <trkpt lat="29.29667531512677669525146484375" lon="117.2626630961894989013671875">
        <ele>35.40000152587890625</ele>
        <time>2026-08-19T21:40:02.000Z</time>
        <extensions>
          <ns3:TrackPointExtension>
            <ns3:hr>123</ns3:hr>
            <ns3:cad>89</ns3:cad>
          </ns3:TrackPointExtension>
        </extensions>
      </trkpt>
      <trkpt lat="29.29669057019054889678955078125" lon="117.2626830451190471649169921875">
        <ele>35.40000152587890625</ele>
        <time>2026-08-19T21:40:03.000Z</time>
        <extensions>
          <ns3:TrackPointExtension>
            <ns3:hr>123</ns3:hr>
            <ns3:cad>89</ns3:cad>
          </ns3:TrackPointExtension>
        </extensions>
      </trkpt>
      <trkpt lat="29.2967054061591625213623046875" lon="117.26270735263824462890625">
        <ele>35.40000152587890625</ele>
        <time>2026-08-19T21:40:04.000Z</time>
        <extensions>
          <ns3:TrackPointExtension>
            <ns3:hr>123</ns3:hr>
            <ns3:cad>89</ns3:cad>
          </ns3:TrackPointExtension>
        </extensions>
      </trkpt>
      <trkpt lat="29.29671672172844409942626953125" lon="117.26272285915911197662353515625">
        <ele>35.59999847412109375</ele>
        <time>2026-08-19T21:40:05.000Z</time>
        <extensions>
          <ns3:TrackPointExtension>
            <ns3:hr>123</ns3:hr>
            <ns3:cad>89</ns3:cad>
          </ns3:TrackPointExtension>
        </extensions>
      </trkpt>
      <trkpt lat="29.29672560654580593109130859375" lon="117.26274683140218257904052734375">
        <ele>35.59999847412109375</ele>
        <time>2026-08-19T21:40:06.000Z</time>
        <extensions>
          <ns3:TrackPointExtension>
            <ns3:hr>123</ns3:hr>
            <ns3:cad>90</ns3:cad>
          </ns3:TrackPointExtension>
        </extensions>
      </trkpt>
      <trkpt lat="29.29673952050507068634033203125" lon="117.26276359520852565765380859375">
        <ele>35.59999847412109375</ele>
        <time>2026-08-19T21:40:07.000Z</time>
        <extensions>
          <ns3:TrackPointExtension>
            <ns3:hr>123</ns3:hr>
            <ns3:cad>90</ns3:cad>
          </ns3:TrackPointExtension>
        </extensions>
      </trkpt>
      <trkpt lat="29.2967516742646694183349609375" lon="117.26279846392571926116943359375">
        <ele>35.59999847412109375</ele>
        <time>2026-08-19T21:40:08.000Z</time>
        <extensions>
          <ns3:TrackPointExtension>
            <ns3:hr>123</ns3:hr>
            <ns3:cad>90</ns3:cad>
          </ns3:TrackPointExtension>
        </extensions>
      </trkpt>
      <trkpt lat="29.29676617495715618133544921875" lon="117.2628159821033477783203125">
        <ele>35.40000152587890625</ele>
        <time>2026-08-19T21:40:09.000Z</time>
        <extensions>
          <ns3:TrackPointExtension>
            <ns3:hr>123</ns3:hr>
            <ns3:cad>90</ns3:cad>
          </ns3:TrackPointExtension>
        </extensions>
      </trkpt>
      <trkpt lat="29.2967771552503108978271484375" lon="117.26284288801252841949462890625">
        <ele>35.40000152587890625</ele>
        <time>2026-08-19T21:40:10.000Z</time>
        <extensions>
          <ns3:TrackPointExtension>
            <ns3:hr>123</ns3:hr>
            <ns3:cad>90</ns3:cad>
          </ns3:TrackPointExtension>
        </extensions>
      </trkpt>
      <trkpt lat="29.29679249413311481475830078125" lon="117.26286116056144237518310546875">
        <ele>35.40000152587890625</ele>
        <time>2026-08-19T21:40:11.000Z</time>
        <extensions>
          <ns3:TrackPointExtension>
            <ns3:hr>123</ns3:hr>
            <ns3:cad>90</ns3:cad>
          </ns3:TrackPointExtension>
        </extensions>
      </trkpt>
      <trkpt lat="29.29680682718753814697265625" lon="117.2628912515938282012939453125">
        <ele>35.40000152587890625</ele>
        <time>2026-08-19T21:40:12.000Z</time>
        <extensions>
          <ns3:TrackPointExtension>
            <ns3:hr>123</ns3:hr>
            <ns3:cad>90</ns3:cad>
          </ns3:TrackPointExtension>
        </extensions>
      </trkpt>
      <trkpt lat="29.29682568646967411041259765625" lon="117.2629073448479175567626953125">
        <ele>35.59999847412109375</ele>
        <time>2026-08-19T21:40:13.000Z</time>
        <extensions>
          <ns3:TrackPointExtension>
            <ns3:hr>123</ns3:hr>
            <ns3:cad>91</ns3:cad>
          </ns3:TrackPointExtension>
        </extensions>
      </trkpt>
      <trkpt lat="29.2968411929905414581298828125" lon="117.26293793879449367523193359375">
        <ele>35.59999847412109375</ele>
        <time>2026-08-19T21:40:14.000Z</time>
        <extensions>
          <ns3:TrackPointExtension>
            <ns3:hr>123</ns3:hr>
            <ns3:cad>90</ns3:cad>
          </ns3:TrackPointExtension>
        </extensions>
      </trkpt>
      <trkpt lat="29.2968579567968845367431640625" lon="117.26295704953372478485107421875">
        <ele>35.59999847412109375</ele>
        <time>2026-08-19T21:40:15.000Z</time>
        <extensions>
          <ns3:TrackPointExtension>
            <ns3:hr>123</ns3:hr>
            <ns3:cad>90</ns3:cad>
          </ns3:TrackPointExtension>
        </extensions>
      </trkpt>
      <trkpt lat="29.2968693561851978302001953125" lon="117.26298487745225429534912109375">
        <ele>35.59999847412109375</ele>
        <time>2026-08-19T21:40:16.000Z</time>
        <extensions>
          <ns3:TrackPointExtension>
            <ns3:hr>123</ns3:hr>
            <ns3:cad>90</ns3:cad>
          </ns3:TrackPointExtension>
        </extensions>
      </trkpt>
      <trkpt lat="29.29688603617250919342041015625" lon="117.2630002163350582122802734375">
        <ele>35.799999237060546875</ele>
        <time>2026-08-19T21:40:17.000Z</time>
        <extensions>
          <ns3:TrackPointExtension>
            <ns3:hr>123</ns3:hr>
            <ns3:cad>90</ns3:cad>
          </ns3:TrackPointExtension>
        </extensions>
      </trkpt>
      <trkpt lat="29.2968975193798542022705078125" lon="117.2630283795297145843505859375">
        <ele>35.799999237060546875</ele>
        <time>2026-08-19T21:40:18.000Z</time>
        <extensions>
          <ns3:TrackPointExtension>
            <ns3:hr>123</ns3:hr>
            <ns3:cad>90</ns3:cad>
          </ns3:TrackPointExtension>
        </extensions>
      </trkpt>
      <trkpt lat="29.29691319353878498077392578125" lon="117.26304589770734310150146484375">
        <ele>35.799999237060546875</ele>
        <time>2026-08-19T21:40:19.000Z</time>
        <extensions>
          <ns3:TrackPointExtension>
            <ns3:hr>123</ns3:hr>
            <ns3:cad>90</ns3:cad>
          </ns3:TrackPointExtension>
        </extensions>
      </trkpt>
      <trkpt lat="29.296924509108066558837890625" lon="117.26307280361652374267578125">
        <ele>35.799999237060546875</ele>
        <time>2026-08-19T21:40:20.000Z</time>
        <extensions>
          <ns3:TrackPointExtension>
            <ns3:hr>124</ns3:hr>
            <ns3:cad>90</ns3:cad>
          </ns3:TrackPointExtension>
        </extensions>
      </trkpt>
      <trkpt lat="29.29693833924829959869384765625" lon="117.26308898068964481353759765625">
        <ele>35.799999237060546875</ele>
        <time>2026-08-19T21:40:21.000Z</time>
        <extensions>
          <ns3:TrackPointExtension>
            <ns3:hr>124</ns3:hr>
            <ns3:cad>90</ns3:cad>
          </ns3:TrackPointExtension>
        </extensions>
      </trkpt>
      <trkpt lat="29.29694822989404201507568359375" lon="117.2631165571510791778564453125">
        <ele>35.799999237060546875</ele>
        <time>2026-08-19T21:40:22.000Z</time>
        <extensions>
          <ns3:TrackPointExtension>
            <ns3:hr>124</ns3:hr>
            <ns3:cad>90</ns3:cad>
          </ns3:TrackPointExtension>
        </extensions>
      </trkpt>
      <trkpt lat="29.29696373641490936279296875" lon="117.26313642226159572601318359375">
        <ele>36</ele>
        <time>2026-08-19T21:40:23.000Z</time>
        <extensions>
          <ns3:TrackPointExtension>
            <ns3:hr>124</ns3:hr>
            <ns3:cad>90</ns3:cad>
          </ns3:TrackPointExtension>
        </extensions>
      </trkpt>
      <trkpt lat="29.29697488434612751007080078125" lon="117.26316441781818866729736328125">
        <ele>36</ele>
        <time>2026-08-19T21:40:24.000Z</time>
        <extensions>
          <ns3:TrackPointExtension>
            <ns3:hr>125</ns3:hr>
            <ns3:cad>90</ns3:cad>
          </ns3:TrackPointExtension>
        </extensions>
      </trkpt>
      <trkpt lat="29.29699282161891460418701171875" lon="117.263179086148738861083984375">
        <ele>36</ele>
        <time>2026-08-19T21:40:25.000Z</time>
        <extensions>
          <ns3:TrackPointExtension>
            <ns3:hr>124</ns3:hr>
            <ns3:cad>90</ns3:cad>
          </ns3:TrackPointExtension>
        </extensions>
      </trkpt>
      <trkpt lat="29.2970068193972110748291015625" lon="117.26320817135274410247802734375">
        <ele>36</ele>
        <time>2026-08-19T21:40:26.000Z</time>
        <extensions>
          <ns3:TrackPointExtension>
            <ns3:hr>124</ns3:hr>
            <ns3:cad>90</ns3:cad>
          </ns3:TrackPointExtension>
        </extensions>
      </trkpt>
      <trkpt lat="29.297021739184856414794921875" lon="117.263226695358753204345703125">
        <ele>36.200000762939453125</ele>
        <time>2026-08-19T21:40:27.000Z</time>
        <extensions>
          <ns3:TrackPointExtension>
            <ns3:hr>125</ns3:hr>
            <ns3:cad>90</ns3:cad>
          </ns3:TrackPointExtension>
        </extensions>
      </trkpt>
      <trkpt lat="29.297033138573169708251953125" lon="117.26325309835374355316162109375">
        <ele>36.200000762939453125</ele>
        <time>2026-08-19T21:40:28.000Z</time>
        <extensions>
          <ns3:TrackPointExtension>
            <ns3:hr>125</ns3:hr>
            <ns3:cad>90</ns3:cad>
          </ns3:TrackPointExtension>
        </extensions>
      </trkpt>
      <trkpt lat="29.297047890722751617431640625" lon="117.2632731311023235321044921875">
        <ele>36.200000762939453125</ele>
        <time>2026-08-19T21:40:29.000Z</time>
        <extensions>
          <ns3:TrackPointExtension>
            <ns3:hr>126</ns3:hr>
            <ns3:cad>90</ns3:cad>
          </ns3:TrackPointExtension>
        </extensions>
      </trkpt>
      <trkpt lat="29.29706004448235034942626953125" lon="117.26330003701150417327880859375">
        <ele>36.200000762939453125</ele>
        <time>2026-08-19T21:40:30.000Z</time>
        <extensions>
          <ns3:TrackPointExtension>
            <ns3:hr>126</ns3:hr>
            <ns3:cad>90</ns3:cad>
          </ns3:TrackPointExtension>
        </extensions>
      </trkpt>
      <trkpt lat="29.297075383365154266357421875" lon="117.26331763900816440582275390625">
        <ele>36.40000152587890625</ele>
        <time>2026-08-19T21:40:31.000Z</time>
        <extensions>
          <ns3:TrackPointExtension>
            <ns3:hr>127</ns3:hr>
            <ns3:cad>90</ns3:cad>
          </ns3:TrackPointExtension>
        </extensions>
      </trkpt>
      <trkpt lat="29.29708552546799182891845703125" lon="117.26334244944155216217041015625">
        <ele>36.40000152587890625</ele>
        <time>2026-08-19T21:40:32.000Z</time>
        <extensions>
          <ns3:TrackPointExtension>
            <ns3:hr>128</ns3:hr>
            <ns3:cad>90</ns3:cad>
          </ns3:TrackPointExtension>
        </extensions>
      </trkpt>
      <trkpt lat="29.29710128344595432281494140625" lon="117.26335854269564151763916015625">
        <ele>36.40000152587890625</ele>
        <time>2026-08-19T21:40:33.000Z</time>
        <extensions>
          <ns3:TrackPointExtension>
            <ns3:hr>128</ns3:hr>
            <ns3:cad>89</ns3:cad>
          </ns3:TrackPointExtension>
        </extensions>
      </trkpt>
      <trkpt lat="29.29711502976715564727783203125" lon="117.26338519714772701263427734375">
        <ele>36.40000152587890625</ele>
        <time>2026-08-19T21:40:34.000Z</time>
        <extensions>
          <ns3:TrackPointExtension>
            <ns3:hr>128</ns3:hr>
            <ns3:cad>89</ns3:cad>
          </ns3:TrackPointExtension>
        </extensions>
      </trkpt>
      <trkpt lat="29.29712944664061069488525390625" lon="117.26340430788695812225341796875">
        <ele>36.40000152587890625</ele>
        <time>2026-08-19T21:40:35.000Z</time>
        <extensions>
          <ns3:TrackPointExtension>
            <ns3:hr>129</ns3:hr>
            <ns3:cad>90</ns3:cad>
          </ns3:TrackPointExtension>
        </extensions>
      </trkpt>
      <trkpt lat="29.297141097486019134521484375" lon="117.263430543243885040283203125">
        <ele>36.40000152587890625</ele>
        <time>2026-08-19T21:40:36.000Z</time>
        <extensions>
          <ns3:TrackPointExtension>
            <ns3:hr>129</ns3:hr>
            <ns3:cad>90</ns3:cad>
          </ns3:TrackPointExtension>
        </extensions>
      </trkpt>
      <trkpt lat="29.29715551435947418212890625" lon="117.26344822905957698822021484375">
        <ele>36.59999847412109375</ele>
        <time>2026-08-19T21:40:37.000Z</time>
        <extensions>
          <ns3:TrackPointExtension>
            <ns3:hr>129</ns3:hr>
            <ns3:cad>90</ns3:cad>
          </ns3:TrackPointExtension>
        </extensions>
      </trkpt>
      <trkpt lat="29.2971670813858509063720703125" lon="117.2634756378829479217529296875">
        <ele>36.59999847412109375</ele>
        <time>2026-08-19T21:40:38.000Z</time>
        <extensions>
          <ns3:TrackPointExtension>
            <ns3:hr>129</ns3:hr>
            <ns3:cad>90</ns3:cad>
          </ns3:TrackPointExtension>
        </extensions>
      </trkpt>
      <trkpt lat="29.29718091152608394622802734375" lon="117.2634974308311939239501953125">
        <ele>36.59999847412109375</ele>
        <time>2026-08-19T21:40:39.000Z</time>
        <extensions>
          <ns3:TrackPointExtension>
            <ns3:hr>129</ns3:hr>
            <ns3:cad>90</ns3:cad>
          </ns3:TrackPointExtension>
        </extensions>
      </trkpt>
      <trkpt lat="29.297192730009555816650390625" lon="117.2635242529213428497314453125">
        <ele>36.59999847412109375</ele>
        <time>2026-08-19T21:40:40.000Z</time>
        <extensions>
          <ns3:TrackPointExtension>
            <ns3:hr>129</ns3:hr>
            <ns3:cad>90</ns3:cad>
          </ns3:TrackPointExtension>
        </extensions>
      </trkpt>
      <trkpt lat="29.2972099967300891876220703125" lon="117.26354227401316165924072265625">
        <ele>36.59999847412109375</ele>
        <time>2026-08-19T21:40:41.000Z</time>
        <extensions>
          <ns3:TrackPointExtension>
            <ns3:hr>130</ns3:hr>
            <ns3:cad>90</ns3:cad>
          </ns3:TrackPointExtension>
        </extensions>
      </trkpt>
      <trkpt lat="29.29722164757549762725830078125" lon="117.26357177831232547760009765625">
        <ele>36.799999237060546875</ele>
        <time>2026-08-19T21:40:42.000Z</time>
        <extensions>
          <ns3:TrackPointExtension>
            <ns3:hr>130</ns3:hr>
            <ns3:cad>90</ns3:cad>
          </ns3:TrackPointExtension>
        </extensions>
      </trkpt>
      <trkpt lat="29.29723606444895267486572265625" lon="117.26359189487993717193603515625">
        <ele>36.799999237060546875</ele>
        <time>2026-08-19T21:40:43.000Z</time>
        <extensions>
          <ns3:TrackPointExtension>
            <ns3:hr>130</ns3:hr>
            <ns3:cad>90</ns3:cad>
          </ns3:TrackPointExtension>
        </extensions>
      </trkpt>
      <trkpt lat="29.297246374189853668212890625" lon="117.263618968427181243896484375">
        <ele>36.799999237060546875</ele>
        <time>2026-08-19T21:40:44.000Z</time>
        <extensions>
          <ns3:TrackPointExtension>
            <ns3:hr>131</ns3:hr>
            <ns3:cad>90</ns3:cad>
          </ns3:TrackPointExtension>
        </extensions>
      </trkpt>
      <trkpt lat="29.2972629703581333160400390625" lon="117.2636426053941249847412109375">
        <ele>36.799999237060546875</ele>
        <time>2026-08-19T21:40:45.000Z</time>
        <extensions>
          <ns3:TrackPointExtension>
            <ns3:hr>131</ns3:hr>
            <ns3:cad>90</ns3:cad>
          </ns3:TrackPointExtension>
        </extensions>
      </trkpt>
      <trkpt lat="29.2972720228135585784912109375" lon="117.2636700980365276336669921875">
        <ele>36.799999237060546875</ele>
        <time>2026-08-19T21:40:46.000Z</time>
        <extensions>
          <ns3:TrackPointExtension>
            <ns3:hr>131</ns3:hr>
            <ns3:cad>90</ns3:cad>
          </ns3:TrackPointExtension>
        </extensions>
      </trkpt>
      <trkpt lat="29.2972862720489501953125" lon="117.26369197480380535125732421875">
        <ele>36.799999237060546875</ele>
        <time>2026-08-19T21:40:47.000Z</time>
        <extensions>
          <ns3:TrackPointExtension>
            <ns3:hr>130</ns3:hr>
            <ns3:cad>90</ns3:cad>
          </ns3:TrackPointExtension>
        </extensions>
      </trkpt>
      <trkpt lat="29.29729825817048549652099609375" lon="117.26371678523719310760498046875">
        <ele>37</ele>
        <time>2026-08-19T21:40:48.000Z</time>
        <extensions>
          <ns3:TrackPointExtension>
            <ns3:hr>131</ns3:hr>
            <ns3:cad>90</ns3:cad>
          </ns3:TrackPointExtension>
        </extensions>
      </trkpt>
      <trkpt lat="29.2973135970532894134521484375" lon="117.263736315071582794189453125">
        <ele>37</ele>
        <time>2026-08-19T21:40:49.000Z</time>
        <extensions>
          <ns3:TrackPointExtension>
            <ns3:hr>131</ns3:hr>
            <ns3:cad>90</ns3:cad>
          </ns3:TrackPointExtension>
        </extensions>
      </trkpt>
      <trkpt lat="29.29732390679419040679931640625" lon="117.2637609578669071197509765625">
        <ele>37.200000762939453125</ele>
        <time>2026-08-19T21:40:50.000Z</time>
        <extensions>
          <ns3:TrackPointExtension>
            <ns3:hr>130</ns3:hr>
            <ns3:cad>90</ns3:cad>
          </ns3:TrackPointExtension>
        </extensions>
      </trkpt>
      <trkpt lat="29.29733832366764545440673828125" lon="117.26378534920513629913330078125">
        <ele>37.200000762939453125</ele>
        <time>2026-08-19T21:40:51.000Z</time>
        <extensions>
          <ns3:TrackPointExtension>
            <ns3:hr>131</ns3:hr>
            <ns3:cad>90</ns3:cad>
          </ns3:TrackPointExtension>
        </extensions>
      </trkpt>
      <trkpt lat="29.29734871722757816314697265625" lon="117.2638122551143169403076171875">
        <ele>37.200000762939453125</ele>
        <time>2026-08-19T21:40:52.000Z</time>
        <extensions>
          <ns3:TrackPointExtension>
            <ns3:hr>131</ns3:hr>
            <ns3:cad>90</ns3:cad>
          </ns3:TrackPointExtension>
        </extensions>
      </trkpt>
      <trkpt lat="29.2973622120916843414306640625" lon="117.26383589208126068115234375">
        <ele>37.200000762939453125</ele>
        <time>2026-08-19T21:40:53.000Z</time>
        <extensions>
          <ns3:TrackPointExtension>
            <ns3:hr>130</ns3:hr>
            <ns3:cad>90</ns3:cad>
          </ns3:TrackPointExtension>
        </extensions>
      </trkpt>
      <trkpt lat="29.2973709292709827423095703125" lon="117.26386330090463161468505859375">
        <ele>37.40000152587890625</ele>
        <time>2026-08-19T21:40:54.000Z</time>
        <extensions>
          <ns3:TrackPointExtension>
            <ns3:hr>130</ns3:hr>
            <ns3:cad>90</ns3:cad>
          </ns3:TrackPointExtension>
        </extensions>
      </trkpt>
      <trkpt lat="29.29738408885896205902099609375" lon="117.26388693787157535552978515625">
        <ele>37.40000152587890625</ele>
        <time>2026-08-19T21:40:55.000Z</time>
        <extensions>
          <ns3:TrackPointExtension>
            <ns3:hr>130</ns3:hr>
            <ns3:cad>90</ns3:cad>
          </ns3:TrackPointExtension>
        </extensions>
      </trkpt>
      <trkpt lat="29.29739431478083133697509765625" lon="117.2639111615717411041259765625">
        <ele>37.40000152587890625</ele>
        <time>2026-08-19T21:40:56.000Z</time>
        <extensions>
          <ns3:TrackPointExtension>
            <ns3:hr>129</ns3:hr>
            <ns3:cad>90</ns3:cad>
          </ns3:TrackPointExtension>
        </extensions>
      </trkpt>
      <trkpt lat="29.29740705527365207672119140625" lon="117.26393538527190685272216796875">
        <ele>37.40000152587890625</ele>
        <time>2026-08-19T21:40:57.000Z</time>
        <extensions>
          <ns3:TrackPointExtension>
            <ns3:hr>129</ns3:hr>
            <ns3:cad>90</ns3:cad>
          </ns3:TrackPointExtension>
        </extensions>
      </trkpt>
      <trkpt lat="29.2974185384809970855712890625" lon="117.26395918987691402435302734375">
        <ele>37.40000152587890625</ele>
        <time>2026-08-19T21:40:58.000Z</time>
        <extensions>
          <ns3:TrackPointExtension>
            <ns3:hr>129</ns3:hr>
            <ns3:cad>90</ns3:cad>
          </ns3:TrackPointExtension>
        </extensions>
      </trkpt>
      <trkpt lat="29.29743044078350067138671875" lon="117.263985089957714080810546875">
        <ele>37.40000152587890625</ele>
        <time>2026-08-19T21:40:59.000Z</time>
        <extensions>
          <ns3:TrackPointExtension>
            <ns3:hr>129</ns3:hr>
            <ns3:cad>90</ns3:cad>
          </ns3:TrackPointExtension>
        </extensions>
      </trkpt>
      <trkpt lat="29.29744292981922626495361328125" lon="117.2640057094395160675048828125">
        <ele>37.59999847412109375</ele>
        <time>2026-08-19T21:41:00.000Z</time>
        <extensions>
          <ns3:TrackPointExtension>
            <ns3:hr>129</ns3:hr>
            <ns3:cad>90</ns3:cad>
          </ns3:TrackPointExtension>
        </extensions>
      </trkpt>
      <trkpt lat="29.29745466448366641998291015625" lon="117.26402926258742809295654296875">
        <ele>37.59999847412109375</ele>
        <time>2026-08-19T21:41:01.000Z</time>
        <extensions>
          <ns3:TrackPointExtension>
            <ns3:hr>129</ns3:hr>
            <ns3:cad>90</ns3:cad>
          </ns3:TrackPointExtension>
        </extensions>
      </trkpt>
      <trkpt lat="29.29746623151004314422607421875" lon="117.264052145183086395263671875">
        <ele>37.59999847412109375</ele>
        <time>2026-08-19T21:41:02.000Z</time>
        <extensions>
          <ns3:TrackPointExtension>
            <ns3:hr>129</ns3:hr>
            <ns3:cad>90</ns3:cad>
          </ns3:TrackPointExtension>
        </extensions>
      </trkpt>
      <trkpt lat="29.29747696034610271453857421875" lon="117.26407838054001331329345703125">
        <ele>37.59999847412109375</ele>
        <time>2026-08-19T21:41:03.000Z</time>
        <extensions>
          <ns3:TrackPointExtension>
            <ns3:hr>129</ns3:hr>
            <ns3:cad>90</ns3:cad>
          </ns3:TrackPointExtension>
        </extensions>
      </trkpt>
      <trkpt lat="29.29748517461121082305908203125" lon="117.2641086392104625701904296875">
        <ele>37.59999847412109375</ele>
        <time>2026-08-19T21:41:04.000Z</time>
        <extensions>
          <ns3:TrackPointExtension>
            <ns3:hr>129</ns3:hr>
            <ns3:cad>89</ns3:cad>
          </ns3:TrackPointExtension>
        </extensions>
      </trkpt>
      <trkpt lat="29.2974943108856678009033203125" lon="117.264132611453533172607421875">
        <ele>37.799999237060546875</ele>
        <time>2026-08-19T21:41:05.000Z</time>
        <extensions>
          <ns3:TrackPointExtension>
            <ns3:hr>129</ns3:hr>
            <ns3:cad>89</ns3:cad>
          </ns3:TrackPointExtension>
        </extensions>
      </trkpt>
      <trkpt lat="29.297505207359790802001953125" lon="117.26415482349693775177001953125">
        <ele>37.59999847412109375</ele>
        <time>2026-08-19T21:41:06.000Z</time>
        <extensions>
          <ns3:TrackPointExtension>
            <ns3:hr>129</ns3:hr>
            <ns3:cad>89</ns3:cad>
          </ns3:TrackPointExtension>
        </extensions>
      </trkpt>
      <trkpt lat="29.29751417599618434906005859375" lon="117.2641844116151332855224609375">
        <ele>37.799999237060546875</ele>
        <time>2026-08-19T21:41:07.000Z</time>
        <extensions>
          <ns3:TrackPointExtension>
            <ns3:hr>129</ns3:hr>
            <ns3:cad>89</ns3:cad>
          </ns3:TrackPointExtension>
        </extensions>
      </trkpt>
      <trkpt lat="29.2975236475467681884765625" lon="117.26420871913433074951171875">
        <ele>37.799999237060546875</ele>
        <time>2026-08-19T21:41:08.000Z</time>
        <extensions>
          <ns3:TrackPointExtension>
            <ns3:hr>129</ns3:hr>
            <ns3:cad>90</ns3:cad>
          </ns3:TrackPointExtension>
        </extensions>
      </trkpt>
      <trkpt lat="29.297535717487335205078125" lon="117.26423596031963825225830078125">
        <ele>37.799999237060546875</ele>
        <time>2026-08-19T21:41:09.000Z</time>
        <extensions>
          <ns3:TrackPointExtension>
            <ns3:hr>129</ns3:hr>
            <ns3:cad>90</ns3:cad>
          </ns3:TrackPointExtension>
        </extensions>
      </trkpt>
      <trkpt lat="29.29754753597080707550048828125" lon="117.26425775326788425445556640625">
        <ele>37.799999237060546875</ele>
        <time>2026-08-19T21:41:10.000Z</time>
        <extensions>
          <ns3:TrackPointExtension>
            <ns3:hr>129</ns3:hr>
            <ns3:cad>90</ns3:cad>
          </ns3:TrackPointExtension>
        </extensions>
      </trkpt>
      <trkpt lat="29.29755910299718379974365234375" lon="117.26428574882447719573974609375">
        <ele>37.799999237060546875</ele>
        <time>2026-08-19T21:41:11.000Z</time>
        <extensions>
          <ns3:TrackPointExtension>
            <ns3:hr>129</ns3:hr>
            <ns3:cad>91</ns3:cad>
          </ns3:TrackPointExtension>
        </extensions>
      </trkpt>
      <trkpt lat="29.29757184349000453948974609375" lon="117.2643072903156280517578125">
        <ele>37.799999237060546875</ele>
        <time>2026-08-19T21:41:12.000Z</time>
        <extensions>
          <ns3:TrackPointExtension>
            <ns3:hr>129</ns3:hr>
            <ns3:cad>91</ns3:cad>
          </ns3:TrackPointExtension>
        </extensions>
      </trkpt>
      <trkpt lat="29.29758005775511264801025390625" lon="117.26433721370995044708251953125">
        <ele>38</ele>
        <time>2026-08-19T21:41:13.000Z</time>
        <extensions>
          <ns3:TrackPointExtension>
            <ns3:hr>129</ns3:hr>
            <ns3:cad>91</ns3:cad>
          </ns3:TrackPointExtension>
        </extensions>
      </trkpt>
      <trkpt lat="29.29758894257247447967529296875" lon="117.26436018012464046478271484375">
        <ele>38</ele>
        <time>2026-08-19T21:41:14.000Z</time>
        <extensions>
          <ns3:TrackPointExtension>
            <ns3:hr>129</ns3:hr>
            <ns3:cad>91</ns3:cad>
          </ns3:TrackPointExtension>
        </extensions>
      </trkpt>
      <trkpt lat="29.2975987493991851806640625" lon="117.26439421065151691436767578125">
        <ele>38</ele>
        <time>2026-08-19T21:41:15.000Z</time>
        <extensions>
          <ns3:TrackPointExtension>
            <ns3:hr>129</ns3:hr>
            <ns3:cad>91</ns3:cad>
          </ns3:TrackPointExtension>
        </extensions>
      </trkpt>
      <trkpt lat="29.2976123280823230743408203125" lon="117.26441566832363605499267578125">
        <ele>38</ele>
        <time>2026-08-19T21:41:16.000Z</time>
        <extensions>
          <ns3:TrackPointExtension>
            <ns3:hr>129</ns3:hr>
            <ns3:cad>91</ns3:cad>
          </ns3:TrackPointExtension>
        </extensions>
      </trkpt>
      <trkpt lat="29.2976230569183826446533203125" lon="117.264442406594753265380859375">
        <ele>38.200000762939453125</ele>
        <time>2026-08-19T21:41:17.000Z</time>
        <extensions>
          <ns3:TrackPointExtension>
            <ns3:hr>129</ns3:hr>
            <ns3:cad>91</ns3:cad>
          </ns3:TrackPointExtension>
        </extensions>
      </trkpt>
      <trkpt lat="29.2976337857544422149658203125" lon="117.2644616849720478057861328125">
        <ele>38.200000762939453125</ele>
        <time>2026-08-19T21:41:18.000Z</time>
        <extensions>
          <ns3:TrackPointExtension>
            <ns3:hr>129</ns3:hr>
            <ns3:cad>91</ns3:cad>
          </ns3:TrackPointExtension>
        </extensions>
      </trkpt>
      <trkpt lat="29.29764510132372379302978515625" lon="117.26449244655668735504150390625">
        <ele>38.200000762939453125</ele>
        <time>2026-08-19T21:41:19.000Z</time>
        <extensions>
          <ns3:TrackPointExtension>
            <ns3:hr>129</ns3:hr>
            <ns3:cad>91</ns3:cad>
          </ns3:TrackPointExtension>
        </extensions>
      </trkpt>
      <trkpt lat="29.29765918292105197906494140625" lon="117.264510132372379302978515625">
        <ele>38.200000762939453125</ele>
        <time>2026-08-19T21:41:20.000Z</time>
        <extensions>
          <ns3:TrackPointExtension>
            <ns3:hr>129</ns3:hr>
            <ns3:cad>90</ns3:cad>
          </ns3:TrackPointExtension>
        </extensions>
      </trkpt>
      <trkpt lat="29.29766873829066753387451171875" lon="117.26454022340476512908935546875">
        <ele>38.200000762939453125</ele>
        <time>2026-08-19T21:41:21.000Z</time>
        <extensions>
          <ns3:TrackPointExtension>
            <ns3:hr>129</ns3:hr>
            <ns3:cad>90</ns3:cad>
          </ns3:TrackPointExtension>
        </extensions>
      </trkpt>
      <trkpt lat="29.2976810596883296966552734375" lon="117.26456033997237682342529296875">
        <ele>38.200000762939453125</ele>
        <time>2026-08-19T21:41:22.000Z</time>
        <extensions>
          <ns3:TrackPointExtension>
            <ns3:hr>129</ns3:hr>
            <ns3:cad>90</ns3:cad>
          </ns3:TrackPointExtension>
        </extensions>
      </trkpt>
      <trkpt lat="29.29769304580986499786376953125" lon="117.26459227502346038818359375">
        <ele>38.200000762939453125</ele>
        <time>2026-08-19T21:41:23.000Z</time>
        <extensions>
          <ns3:TrackPointExtension>
            <ns3:hr>129</ns3:hr>
            <ns3:cad>90</ns3:cad>
          </ns3:TrackPointExtension>
        </extensions>
      </trkpt>
      <trkpt lat="29.2977062053978443145751953125" lon="117.2646139003336429595947265625">
        <ele>38.200000762939453125</ele>
        <time>2026-08-19T21:41:24.000Z</time>
        <extensions>
          <ns3:TrackPointExtension>
            <ns3:hr>129</ns3:hr>
            <ns3:cad>90</ns3:cad>
          </ns3:TrackPointExtension>
        </extensions>
      </trkpt>
      <trkpt lat="29.29771416820585727691650390625" lon="117.26464935578405857086181640625">
        <ele>38.200000762939453125</ele>
        <time>2026-08-19T21:41:25.000Z</time>
        <extensions>
          <ns3:TrackPointExtension>
            <ns3:hr>129</ns3:hr>
            <ns3:cad>90</ns3:cad>
          </ns3:TrackPointExtension>
        </extensions>
      </trkpt>
      <trkpt lat="29.297728501260280609130859375" lon="117.26467248983681201934814453125">
        <ele>38.200000762939453125</ele>
        <time>2026-08-19T21:41:26.000Z</time>
        <extensions>
          <ns3:TrackPointExtension>
            <ns3:hr>129</ns3:hr>
            <ns3:cad>90</ns3:cad>
          </ns3:TrackPointExtension>
        </extensions>
      </trkpt>
      <trkpt lat="29.29773596115410327911376953125" lon="117.26470652036368846893310546875">
        <ele>38.200000762939453125</ele>
        <time>2026-08-19T21:41:27.000Z</time>
        <extensions>
          <ns3:TrackPointExtension>
            <ns3:hr>129</ns3:hr>
            <ns3:cad>90</ns3:cad>
          </ns3:TrackPointExtension>
        </extensions>
      </trkpt>
      <trkpt lat="29.2977511323988437652587890625" lon="117.26472630165517330169677734375">
        <ele>38.40000152587890625</ele>
        <time>2026-08-19T21:41:28.000Z</time>
        <extensions>
          <ns3:TrackPointExtension>
            <ns3:hr>129</ns3:hr>
            <ns3:cad>89</ns3:cad>
          </ns3:TrackPointExtension>
        </extensions>
      </trkpt>
      <trkpt lat="29.29775775410234928131103515625" lon="117.2647584043443202972412109375">
        <ele>38.40000152587890625</ele>
        <time>2026-08-19T21:41:29.000Z</time>
        <extensions>
          <ns3:TrackPointExtension>
            <ns3:hr>129</ns3:hr>
            <ns3:cad>89</ns3:cad>
          </ns3:TrackPointExtension>
        </extensions>
      </trkpt>
      <trkpt lat="29.29776814766228199005126953125" lon="117.2647766768932342529296875">
        <ele>38.40000152587890625</ele>
        <time>2026-08-19T21:41:30.000Z</time>
        <extensions>
          <ns3:TrackPointExtension>
            <ns3:hr>129</ns3:hr>
            <ns3:cad>89</ns3:cad>
          </ns3:TrackPointExtension>
        </extensions>
      </trkpt>
      <trkpt lat="29.2977796308696269989013671875" lon="117.264804840087890625">
        <ele>38.40000152587890625</ele>
        <time>2026-08-19T21:41:31.000Z</time>
        <extensions>
          <ns3:TrackPointExtension>
            <ns3:hr>129</ns3:hr>
            <ns3:cad>90</ns3:cad>
          </ns3:TrackPointExtension>
        </extensions>
      </trkpt>
      <trkpt lat="29.2977933771908283233642578125" lon="117.264824621379375457763671875">
        <ele>38.40000152587890625</ele>
        <time>2026-08-19T21:41:32.000Z</time>
        <extensions>
          <ns3:TrackPointExtension>
            <ns3:hr>130</ns3:hr>
            <ns3:cad>89</ns3:cad>
          </ns3:TrackPointExtension>
        </extensions>
      </trkpt>
      <trkpt lat="29.2978007532656192779541015625" lon="117.26485873572528362274169921875">
        <ele>38.59999847412109375</ele>
        <time>2026-08-19T21:41:33.000Z</time>
        <extensions>
          <ns3:TrackPointExtension>
            <ns3:hr>130</ns3:hr>
            <ns3:cad>89</ns3:cad>
          </ns3:TrackPointExtension>
        </extensions>
      </trkpt>
      <trkpt lat="29.297814667224884033203125" lon="117.2648794390261173248291015625">
        <ele>38.59999847412109375</ele>
        <time>2026-08-19T21:41:34.000Z</time>
        <extensions>
          <ns3:TrackPointExtension>
            <ns3:hr>130</ns3:hr>
            <ns3:cad>89</ns3:cad>
          </ns3:TrackPointExtension>
        </extensions>
      </trkpt>
      <trkpt lat="29.29782397113740444183349609375" lon="117.26491657085716724395751953125">
        <ele>38.59999847412109375</ele>
        <time>2026-08-19T21:41:35.000Z</time>
        <extensions>
          <ns3:TrackPointExtension>
            <ns3:hr>130</ns3:hr>
            <ns3:cad>89</ns3:cad>
          </ns3:TrackPointExtension>
        </extensions>
      </trkpt>
      <trkpt lat="29.297836460173130035400390625" lon="117.2649394534528255462646484375">
        <ele>38.799999237060546875</ele>
        <time>2026-08-19T21:41:36.000Z</time>
        <extensions>
          <ns3:TrackPointExtension>
            <ns3:hr>130</ns3:hr>
            <ns3:cad>89</ns3:cad>
          </ns3:TrackPointExtension>
        </extensions>
      </trkpt>
      <trkpt lat="29.29784752428531646728515625" lon="117.26495437324047088623046875">
        <ele>39</ele>
        <time>2026-08-19T21:41:37.000Z</time>
        <extensions>
          <ns3:TrackPointExtension>
            <ns3:hr>130</ns3:hr>
            <ns3:cad>89</ns3:cad>
          </ns3:TrackPointExtension>
        </extensions>
      </trkpt>
      <trkpt lat="29.29785154759883880615234375" lon="117.26494976319372653961181640625">
        <ele>39</ele>
        <time>2026-08-19T21:41:38.000Z</time>
        <extensions>
          <ns3:TrackPointExtension>
            <ns3:hr>131</ns3:hr>
            <ns3:cad>89</ns3:cad>
          </ns3:TrackPointExtension>
        </extensions>
      </trkpt>
      <trkpt lat="29.297841824591159820556640625" lon="117.26493786089122295379638671875">
        <ele>39</ele>
        <time>2026-08-19T21:41:39.000Z</time>
        <extensions>
          <ns3:TrackPointExtension>
            <ns3:hr>131</ns3:hr>
            <ns3:cad>89</ns3:cad>
          </ns3:TrackPointExtension>
        </extensions>
      </trkpt>
      <trkpt lat="29.297830425202846527099609375" lon="117.26491388864815235137939453125">
        <ele>39</ele>
        <time>2026-08-19T21:41:40.000Z</time>
        <extensions>
          <ns3:TrackPointExtension>
            <ns3:hr>131</ns3:hr>
            <ns3:cad>88</ns3:cad>
          </ns3:TrackPointExtension>
        </extensions>
      </trkpt>
      <trkpt lat="29.29781843908131122589111328125" lon="117.26489293389022350311279296875">
        <ele>38.799999237060546875</ele>
        <time>2026-08-19T21:41:41.000Z</time>
        <extensions>
          <ns3:TrackPointExtension>
            <ns3:hr>131</ns3:hr>
            <ns3:cad>88</ns3:cad>
          </ns3:TrackPointExtension>
        </extensions>
      </trkpt>
      <trkpt lat="29.2978047765791416168212890625" lon="117.26486426778137683868408203125">
        <ele>38.799999237060546875</ele>
        <time>2026-08-19T21:41:42.000Z</time>
        <extensions>
          <ns3:TrackPointExtension>
            <ns3:hr>132</ns3:hr>
            <ns3:cad>88</ns3:cad>
          </ns3:TrackPointExtension>
        </extensions>
      </trkpt>
      <trkpt lat="29.29778960533440113067626953125" lon="117.26483861915767192840576171875">
        <ele>38.59999847412109375</ele>
        <time>2026-08-19T21:41:43.000Z</time>
        <extensions>
          <ns3:TrackPointExtension>
            <ns3:hr>132</ns3:hr>
            <ns3:cad>88</ns3:cad>
          </ns3:TrackPointExtension>
        </extensions>
      </trkpt>
      <trkpt lat="29.29777912795543670654296875" lon="117.264803163707256317138671875">
        <ele>38.59999847412109375</ele>
        <time>2026-08-19T21:41:44.000Z</time>
        <extensions>
          <ns3:TrackPointExtension>
            <ns3:hr>132</ns3:hr>
            <ns3:cad>89</ns3:cad>
          </ns3:TrackPointExtension>
        </extensions>
      </trkpt>
      <trkpt lat="29.29776714183390140533447265625" lon="117.26477944292128086090087890625">
        <ele>38.40000152587890625</ele>
        <time>2026-08-19T21:41:45.000Z</time>
        <extensions>
          <ns3:TrackPointExtension>
            <ns3:hr>133</ns3:hr>
            <ns3:cad>89</ns3:cad>
          </ns3:TrackPointExtension>
        </extensions>
      </trkpt>
      <trkpt lat="29.2977598495781421661376953125" lon="117.26474742405116558074951171875">
        <ele>38.40000152587890625</ele>
        <time>2026-08-19T21:41:46.000Z</time>
        <extensions>
          <ns3:TrackPointExtension>
            <ns3:hr>133</ns3:hr>
            <ns3:cad>89</ns3:cad>
          </ns3:TrackPointExtension>
        </extensions>
      </trkpt>
      <trkpt lat="29.29775088094174861907958984375" lon="117.264723367989063262939453125">
        <ele>38.40000152587890625</ele>
        <time>2026-08-19T21:41:47.000Z</time>
        <extensions>
          <ns3:TrackPointExtension>
            <ns3:hr>133</ns3:hr>
            <ns3:cad>90</ns3:cad>
          </ns3:TrackPointExtension>
        </extensions>
      </trkpt>
      <trkpt lat="29.29773964919149875640869140625" lon="117.26468858309090137481689453125">
        <ele>38.200000762939453125</ele>
        <time>2026-08-19T21:41:48.000Z</time>
        <extensions>
          <ns3:TrackPointExtension>
            <ns3:hr>134</ns3:hr>
            <ns3:cad>91</ns3:cad>
          </ns3:TrackPointExtension>
        </extensions>
      </trkpt>
      <trkpt lat="29.2977276630699634552001953125" lon="117.264668047428131103515625">
        <ele>38.200000762939453125</ele>
        <time>2026-08-19T21:41:49.000Z</time>
        <extensions>
          <ns3:TrackPointExtension>
            <ns3:hr>134</ns3:hr>
            <ns3:cad>91</ns3:cad>
          </ns3:TrackPointExtension>
        </extensions>
      </trkpt>
      <trkpt lat="29.29770997725427150726318359375" lon="117.26464130915701389312744140625">
        <ele>38.200000762939453125</ele>
        <time>2026-08-19T21:41:50.000Z</time>
        <extensions>
          <ns3:TrackPointExtension>
            <ns3:hr>134</ns3:hr>
            <ns3:cad>91</ns3:cad>
          </ns3:TrackPointExtension>
        </extensions>
      </trkpt>
      <trkpt lat="29.297694303095340728759765625" lon="117.2646252997219562530517578125">
        <ele>38</ele>
        <time>2026-08-19T21:41:51.000Z</time>
        <extensions>
          <ns3:TrackPointExtension>
            <ns3:hr>134</ns3:hr>
            <ns3:cad>91</ns3:cad>
          </ns3:TrackPointExtension>
        </extensions>
      </trkpt>
      <trkpt lat="29.29768097586929798126220703125" lon="117.26459923200309276580810546875">
        <ele>38</ele>
        <time>2026-08-19T21:41:52.000Z</time>
        <extensions>
          <ns3:TrackPointExtension>
            <ns3:hr>133</ns3:hr>
            <ns3:cad>90</ns3:cad>
          </ns3:TrackPointExtension>
        </extensions>
      </trkpt>
      <trkpt lat="29.29766857065260410308837890625" lon="117.26458422839641571044921875">
        <ele>38</ele>
        <time>2026-08-19T21:41:53.000Z</time>
        <extensions>
          <ns3:TrackPointExtension>
            <ns3:hr>134</ns3:hr>
            <ns3:cad>90</ns3:cad>
          </ns3:TrackPointExtension>
        </extensions>
      </trkpt>
      <trkpt lat="29.29766035638749599456787109375" lon="117.2645545564591884613037109375">
        <ele>38</ele>
        <time>2026-08-19T21:41:54.000Z</time>
        <extensions>
          <ns3:TrackPointExtension>
            <ns3:hr>134</ns3:hr>
            <ns3:cad>90</ns3:cad>
          </ns3:TrackPointExtension>
        </extensions>
      </trkpt>
      <trkpt lat="29.29764904081821441650390625" lon="117.26453368552029132843017578125">
        <ele>38</ele>
        <time>2026-08-19T21:41:55.000Z</time>
        <extensions>
          <ns3:TrackPointExtension>
            <ns3:hr>133</ns3:hr>
            <ns3:cad>90</ns3:cad>
          </ns3:TrackPointExtension>
        </extensions>
      </trkpt>
      <trkpt lat="29.2976394854485988616943359375" lon="117.26450166665017604827880859375">
        <ele>37.799999237060546875</ele>
        <time>2026-08-19T21:41:56.000Z</time>
        <extensions>
          <ns3:TrackPointExtension>
            <ns3:hr>133</ns3:hr>
            <ns3:cad>90</ns3:cad>
          </ns3:TrackPointExtension>
        </extensions>
      </trkpt>
      <trkpt lat="29.29762565530836582183837890625" lon="117.26448096334934234619140625">
        <ele>37.799999237060546875</ele>
        <time>2026-08-19T21:41:57.000Z</time>
        <extensions>
          <ns3:TrackPointExtension>
            <ns3:hr>133</ns3:hr>
            <ns3:cad>90</ns3:cad>
          </ns3:TrackPointExtension>
        </extensions>
      </trkpt>
      <trkpt lat="29.2976150102913379669189453125" lon="117.2644496150314807891845703125">
        <ele>37.799999237060546875</ele>
        <time>2026-08-19T21:41:58.000Z</time>
        <extensions>
          <ns3:TrackPointExtension>
            <ns3:hr>134</ns3:hr>
            <ns3:cad>90</ns3:cad>
          </ns3:TrackPointExtension>
        </extensions>
      </trkpt>
      <trkpt lat="29.2976002581417560577392578125" lon="117.26442907936871051788330078125">
        <ele>37.799999237060546875</ele>
        <time>2026-08-19T21:41:59.000Z</time>
        <extensions>
          <ns3:TrackPointExtension>
            <ns3:hr>133</ns3:hr>
            <ns3:cad>90</ns3:cad>
          </ns3:TrackPointExtension>
        </extensions>
      </trkpt>
      <trkpt lat="29.29759296588599681854248046875" lon="117.26439706049859523773193359375">
        <ele>37.799999237060546875</ele>
        <time>2026-08-19T21:42:00.000Z</time>
        <extensions>
          <ns3:TrackPointExtension>
            <ns3:hr>133</ns3:hr>
            <ns3:cad>90</ns3:cad>
          </ns3:TrackPointExtension>
        </extensions>
      </trkpt>
      <trkpt lat="29.29758223704993724822998046875" lon="117.2643731720745563507080078125">
        <ele>37.799999237060546875</ele>
        <time>2026-08-19T21:42:01.000Z</time>
        <extensions>
          <ns3:TrackPointExtension>
            <ns3:hr>133</ns3:hr>
            <ns3:cad>90</ns3:cad>
          </ns3:TrackPointExtension>
        </extensions>
      </trkpt>
      <trkpt lat="29.29757771082222461700439453125" lon="117.26434626616537570953369140625">
        <ele>37.799999237060546875</ele>
        <time>2026-08-19T21:42:02.000Z</time>
        <extensions>
          <ns3:TrackPointExtension>
            <ns3:hr>132</ns3:hr>
            <ns3:cad>90</ns3:cad>
          </ns3:TrackPointExtension>
        </extensions>
      </trkpt>
      <trkpt lat="29.2975627072155475616455078125" lon="117.2643248923122882843017578125">
        <ele>37.59999847412109375</ele>
        <time>2026-08-19T21:42:03.000Z</time>
        <extensions>
          <ns3:TrackPointExtension>
            <ns3:hr>132</ns3:hr>
            <ns3:cad>90</ns3:cad>
          </ns3:TrackPointExtension>
        </extensions>
      </trkpt>
      <trkpt lat="29.2975573427975177764892578125" lon="117.264296226203441619873046875">
        <ele>37.59999847412109375</ele>
        <time>2026-08-19T21:42:04.000Z</time>
        <extensions>
          <ns3:TrackPointExtension>
            <ns3:hr>132</ns3:hr>
            <ns3:cad>91</ns3:cad>
          </ns3:TrackPointExtension>
        </extensions>
      </trkpt>
      <trkpt lat="29.29754401557147502899169921875" lon="117.2642752714455127716064453125">
        <ele>37.59999847412109375</ele>
        <time>2026-08-19T21:42:05.000Z</time>
        <extensions>
          <ns3:TrackPointExtension>
            <ns3:hr>132</ns3:hr>
            <ns3:cad>91</ns3:cad>
          </ns3:TrackPointExtension>
        </extensions>
      </trkpt>
      <trkpt lat="29.297535382211208343505859375" lon="117.26424786262214183807373046875">
        <ele>37.40000152587890625</ele>
        <time>2026-08-19T21:42:06.000Z</time>
        <extensions>
          <ns3:TrackPointExtension>
            <ns3:hr>132</ns3:hr>
            <ns3:cad>91</ns3:cad>
          </ns3:TrackPointExtension>
        </extensions>
      </trkpt>
      <trkpt lat="29.29752222262322902679443359375" lon="117.26422606967389583587646484375">
        <ele>37.40000152587890625</ele>
        <time>2026-08-19T21:42:07.000Z</time>
        <extensions>
          <ns3:TrackPointExtension>
            <ns3:hr>132</ns3:hr>
            <ns3:cad>91</ns3:cad>
          </ns3:TrackPointExtension>
        </extensions>
      </trkpt>
      <trkpt lat="29.29751384072005748748779296875" lon="117.2641991637647151947021484375">
        <ele>37.40000152587890625</ele>
        <time>2026-08-19T21:42:08.000Z</time>
        <extensions>
          <ns3:TrackPointExtension>
            <ns3:hr>132</ns3:hr>
            <ns3:cad>91</ns3:cad>
          </ns3:TrackPointExtension>
        </extensions>
      </trkpt>
      <trkpt lat="29.29750143550336360931396484375" lon="117.2641767002642154693603515625">
        <ele>37.40000152587890625</ele>
        <time>2026-08-19T21:42:09.000Z</time>
        <extensions>
          <ns3:TrackPointExtension>
            <ns3:hr>132</ns3:hr>
            <ns3:cad>91</ns3:cad>
          </ns3:TrackPointExtension>
        </extensions>
      </trkpt>
      <trkpt lat="29.29749338887631893157958984375" lon="117.2641508840024471282958984375">
        <ele>37.40000152587890625</ele>
        <time>2026-08-19T21:42:10.000Z</time>
        <extensions>
          <ns3:TrackPointExtension>
            <ns3:hr>132</ns3:hr>
            <ns3:cad>91</ns3:cad>
          </ns3:TrackPointExtension>
        </extensions>
      </trkpt>
      <trkpt lat="29.297481738030910491943359375" lon="117.2641250677406787872314453125">
        <ele>37.40000152587890625</ele>
        <time>2026-08-19T21:42:11.000Z</time>
        <extensions>
          <ns3:TrackPointExtension>
            <ns3:hr>132</ns3:hr>
            <ns3:cad>91</ns3:cad>
          </ns3:TrackPointExtension>
        </extensions>
      </trkpt>
      <trkpt lat="29.29747444577515125274658203125" lon="117.264095731079578399658203125">
        <ele>37.59999847412109375</ele>
        <time>2026-08-19T21:42:12.000Z</time>
        <extensions>
          <ns3:TrackPointExtension>
            <ns3:hr>132</ns3:hr>
            <ns3:cad>90</ns3:cad>
          </ns3:TrackPointExtension>
        </extensions>
      </trkpt>
      <trkpt lat="29.29746137000620365142822265625" lon="117.26407326757907867431640625">
        <ele>37.40000152587890625</ele>
        <time>2026-08-19T21:42:13.000Z</time>
        <extensions>
          <ns3:TrackPointExtension>
            <ns3:hr>132</ns3:hr>
            <ns3:cad>90</ns3:cad>
          </ns3:TrackPointExtension>
        </extensions>
      </trkpt>
      <trkpt lat="29.29745164699852466583251953125" lon="117.264048792421817779541015625">
        <ele>37.40000152587890625</ele>
        <time>2026-08-19T21:42:14.000Z</time>
        <extensions>
          <ns3:TrackPointExtension>
            <ns3:hr>132</ns3:hr>
            <ns3:cad>90</ns3:cad>
          </ns3:TrackPointExtension>
        </extensions>
      </trkpt>
      <trkpt lat="29.2974393256008625030517578125" lon="117.2640261612832546234130859375">
        <ele>37.40000152587890625</ele>
        <time>2026-08-19T21:42:15.000Z</time>
        <extensions>
          <ns3:TrackPointExtension>
            <ns3:hr>132</ns3:hr>
            <ns3:cad>90</ns3:cad>
          </ns3:TrackPointExtension>
        </extensions>
      </trkpt>
      <trkpt lat="29.2974306084215641021728515625" lon="117.2639983333647251129150390625">
        <ele>37.200000762939453125</ele>
        <time>2026-08-19T21:42:16.000Z</time>
        <extensions>
          <ns3:TrackPointExtension>
            <ns3:hr>131</ns3:hr>
            <ns3:cad>90</ns3:cad>
          </ns3:TrackPointExtension>
        </extensions>
      </trkpt>
      <trkpt lat="29.29741644300520420074462890625" lon="117.2639718465507030487060546875">
        <ele>37</ele>
        <time>2026-08-19T21:42:17.000Z</time>
        <extensions>
          <ns3:TrackPointExtension>
            <ns3:hr>131</ns3:hr>
            <ns3:cad>90</ns3:cad>
          </ns3:TrackPointExtension>
        </extensions>
      </trkpt>
      <trkpt lat="29.29740772582590579986572265625" lon="117.26394544355571269989013671875">
        <ele>37</ele>
        <time>2026-08-19T21:42:18.000Z</time>
        <extensions>
          <ns3:TrackPointExtension>
            <ns3:hr>131</ns3:hr>
            <ns3:cad>90</ns3:cad>
          </ns3:TrackPointExtension>
        </extensions>
      </trkpt>
      <trkpt lat="29.29739825427532196044921875" lon="117.263918705284595489501953125">
        <ele>37</ele>
        <time>2026-08-19T21:42:19.000Z</time>
        <extensions>
          <ns3:TrackPointExtension>
            <ns3:hr>131</ns3:hr>
            <ns3:cad>90</ns3:cad>
          </ns3:TrackPointExtension>
        </extensions>
      </trkpt>
      <trkpt lat="29.29738610051572322845458984375" lon="117.26389490067958831787109375">
        <ele>37</ele>
        <time>2026-08-19T21:42:20.000Z</time>
        <extensions>
          <ns3:TrackPointExtension>
            <ns3:hr>130</ns3:hr>
            <ns3:cad>90</ns3:cad>
          </ns3:TrackPointExtension>
        </extensions>
      </trkpt>
      <trkpt lat="29.29737302474677562713623046875" lon="117.2638685815036296844482421875">
        <ele>37</ele>
        <time>2026-08-19T21:42:21.000Z</time>
        <extensions>
          <ns3:TrackPointExtension>
            <ns3:hr>130</ns3:hr>
            <ns3:cad>90</ns3:cad>
          </ns3:TrackPointExtension>
        </extensions>
      </trkpt>
      <trkpt lat="29.29736095480620861053466796875" lon="117.26384301669895648956298828125">
        <ele>37</ele>
        <time>2026-08-19T21:42:22.000Z</time>
        <extensions>
          <ns3:TrackPointExtension>
            <ns3:hr>130</ns3:hr>
            <ns3:cad>90</ns3:cad>
          </ns3:TrackPointExtension>
        </extensions>
      </trkpt>
      <trkpt lat="29.297350309789180755615234375" lon="117.26381803862750530242919921875">
        <ele>37</ele>
        <time>2026-08-19T21:42:23.000Z</time>
        <extensions>
          <ns3:TrackPointExtension>
            <ns3:hr>129</ns3:hr>
            <ns3:cad>90</ns3:cad>
          </ns3:TrackPointExtension>
        </extensions>
      </trkpt>
      <trkpt lat="29.29733899421989917755126953125" lon="117.26379565894603729248046875">
        <ele>37</ele>
        <time>2026-08-19T21:42:24.000Z</time>
        <extensions>
          <ns3:TrackPointExtension>
            <ns3:hr>129</ns3:hr>
            <ns3:cad>90</ns3:cad>
          </ns3:TrackPointExtension>
        </extensions>
      </trkpt>
      <trkpt lat="29.2973249964416027069091796875" lon="117.26377076469361782073974609375">
        <ele>36.799999237060546875</ele>
        <time>2026-08-19T21:42:25.000Z</time>
        <extensions>
          <ns3:TrackPointExtension>
            <ns3:hr>128</ns3:hr>
            <ns3:cad>90</ns3:cad>
          </ns3:TrackPointExtension>
        </extensions>
      </trkpt>
      <trkpt lat="29.2973112501204013824462890625" lon="117.26374813355505466461181640625">
        <ele>36.799999237060546875</ele>
        <time>2026-08-19T21:42:26.000Z</time>
        <extensions>
          <ns3:TrackPointExtension>
            <ns3:hr>127</ns3:hr>
            <ns3:cad>90</ns3:cad>
          </ns3:TrackPointExtension>
        </extensions>
      </trkpt>
      <trkpt lat="29.297295324504375457763671875" lon="117.263723909854888916015625">
        <ele>36.59999847412109375</ele>
        <time>2026-08-19T21:42:27.000Z</time>
        <extensions>
          <ns3:TrackPointExtension>
            <ns3:hr>127</ns3:hr>
            <ns3:cad>90</ns3:cad>
          </ns3:TrackPointExtension>
        </extensions>
      </trkpt>
      <trkpt lat="29.29728400893509387969970703125" lon="117.263696752488613128662109375">
        <ele>36.59999847412109375</ele>
        <time>2026-08-19T21:42:28.000Z</time>
        <extensions>
          <ns3:TrackPointExtension>
            <ns3:hr>127</ns3:hr>
            <ns3:cad>90</ns3:cad>
          </ns3:TrackPointExtension>
        </extensions>
      </trkpt>
      <trkpt lat="29.2972713522613048553466796875" lon="117.2636680863797664642333984375">
        <ele>36.59999847412109375</ele>
        <time>2026-08-19T21:42:29.000Z</time>
        <extensions>
          <ns3:TrackPointExtension>
            <ns3:hr>126</ns3:hr>
            <ns3:cad>90</ns3:cad>
          </ns3:TrackPointExtension>
        </extensions>
      </trkpt>
      <trkpt lat="29.2972569353878498077392578125" lon="117.2636529989540576934814453125">
        <ele>36.59999847412109375</ele>
        <time>2026-08-19T21:42:30.000Z</time>
        <extensions>
          <ns3:TrackPointExtension>
            <ns3:hr>125</ns3:hr>
            <ns3:cad>90</ns3:cad>
          </ns3:TrackPointExtension>
        </extensions>
      </trkpt>
      <trkpt lat="29.2972448654472827911376953125" lon="117.2636248357594013214111328125">
        <ele>36.40000152587890625</ele>
        <time>2026-08-19T21:42:31.000Z</time>
        <extensions>
          <ns3:TrackPointExtension>
            <ns3:hr>125</ns3:hr>
            <ns3:cad>90</ns3:cad>
          </ns3:TrackPointExtension>
        </extensions>
      </trkpt>
      <trkpt lat="29.2972331307828426361083984375" lon="117.2636090777814388275146484375">
        <ele>36.40000152587890625</ele>
        <time>2026-08-19T21:42:32.000Z</time>
        <extensions>
          <ns3:TrackPointExtension>
            <ns3:hr>125</ns3:hr>
            <ns3:cad>90</ns3:cad>
          </ns3:TrackPointExtension>
        </extensions>
      </trkpt>
      <trkpt lat="29.29722181521356105804443359375" lon="117.26358376443386077880859375">
        <ele>36.40000152587890625</ele>
        <time>2026-08-19T21:42:33.000Z</time>
        <extensions>
          <ns3:TrackPointExtension>
            <ns3:hr>125</ns3:hr>
            <ns3:cad>91</ns3:cad>
          </ns3:TrackPointExtension>
        </extensions>
      </trkpt>
      <trkpt lat="29.29721041582524776458740234375" lon="117.2635607980191707611083984375">
        <ele>36.200000762939453125</ele>
        <time>2026-08-19T21:42:34.000Z</time>
        <extensions>
          <ns3:TrackPointExtension>
            <ns3:hr>124</ns3:hr>
            <ns3:cad>91</ns3:cad>
          </ns3:TrackPointExtension>
        </extensions>
      </trkpt>
      <trkpt lat="29.29719750769436359405517578125" lon="117.263530455529689788818359375">
        <ele>36.200000762939453125</ele>
        <time>2026-08-19T21:42:35.000Z</time>
        <extensions>
          <ns3:TrackPointExtension>
            <ns3:hr>124</ns3:hr>
            <ns3:cad>91</ns3:cad>
          </ns3:TrackPointExtension>
        </extensions>
      </trkpt>
      <trkpt lat="29.29718225263059139251708984375" lon="117.263512350618839263916015625">
        <ele>36.200000762939453125</ele>
        <time>2026-08-19T21:42:36.000Z</time>
        <extensions>
          <ns3:TrackPointExtension>
            <ns3:hr>124</ns3:hr>
            <ns3:cad>91</ns3:cad>
          </ns3:TrackPointExtension>
        </extensions>
      </trkpt>
      <trkpt lat="29.29716884158551692962646484375" lon="117.26348318159580230712890625">
        <ele>36.200000762939453125</ele>
        <time>2026-08-19T21:42:37.000Z</time>
        <extensions>
          <ns3:TrackPointExtension>
            <ns3:hr>125</ns3:hr>
            <ns3:cad>90</ns3:cad>
          </ns3:TrackPointExtension>
        </extensions>
      </trkpt>
      <trkpt lat="29.297154508531093597412109375" lon="117.26346574723720550537109375">
        <ele>36</ele>
        <time>2026-08-19T21:42:38.000Z</time>
        <extensions>
          <ns3:TrackPointExtension>
            <ns3:hr>126</ns3:hr>
            <ns3:cad>90</ns3:cad>
          </ns3:TrackPointExtension>
        </extensions>
      </trkpt>
      <trkpt lat="29.2971409298479557037353515625" lon="117.26343900896608829498291015625">
        <ele>36</ele>
        <time>2026-08-19T21:42:39.000Z</time>
        <extensions>
          <ns3:TrackPointExtension>
            <ns3:hr>126</ns3:hr>
            <ns3:cad>90</ns3:cad>
          </ns3:TrackPointExtension>
        </extensions>
      </trkpt>
      <trkpt lat="29.29712676443159580230712890625" lon="117.2634223289787769317626953125">
        <ele>36</ele>
        <time>2026-08-19T21:42:40.000Z</time>
        <extensions>
          <ns3:TrackPointExtension>
            <ns3:hr>126</ns3:hr>
            <ns3:cad>91</ns3:cad>
          </ns3:TrackPointExtension>
        </extensions>
      </trkpt>
      <trkpt lat="29.2971127666532993316650390625" lon="117.263394333422183990478515625">
        <ele>35.799999237060546875</ele>
        <time>2026-08-19T21:42:41.000Z</time>
        <extensions>
          <ns3:TrackPointExtension>
            <ns3:hr>126</ns3:hr>
            <ns3:cad>92</ns3:cad>
          </ns3:TrackPointExtension>
        </extensions>
      </trkpt>
      <trkpt lat="29.29709860123693943023681640625" lon="117.26337832398712635040283203125">
        <ele>35.799999237060546875</ele>
        <time>2026-08-19T21:42:42.000Z</time>
        <extensions>
          <ns3:TrackPointExtension>
            <ns3:hr>126</ns3:hr>
            <ns3:cad>91</ns3:cad>
          </ns3:TrackPointExtension>
        </extensions>
      </trkpt>
      <trkpt lat="29.2970837652683258056640625" lon="117.26334898732602596282958984375">
        <ele>35.799999237060546875</ele>
        <time>2026-08-19T21:42:43.000Z</time>
        <extensions>
          <ns3:TrackPointExtension>
            <ns3:hr>126</ns3:hr>
            <ns3:cad>91</ns3:cad>
          </ns3:TrackPointExtension>
        </extensions>
      </trkpt>
      <trkpt lat="29.29706834256649017333984375" lon="117.26332920603454113006591796875">
        <ele>35.799999237060546875</ele>
        <time>2026-08-19T21:42:44.000Z</time>
        <extensions>
          <ns3:TrackPointExtension>
            <ns3:hr>126</ns3:hr>
            <ns3:cad>91</ns3:cad>
          </ns3:TrackPointExtension>
        </extensions>
      </trkpt>
      <trkpt lat="29.29705484770238399505615234375" lon="117.2632986120879650115966796875">
        <ele>35.59999847412109375</ele>
        <time>2026-08-19T21:42:45.000Z</time>
        <extensions>
          <ns3:TrackPointExtension>
            <ns3:hr>125</ns3:hr>
            <ns3:cad>90</ns3:cad>
          </ns3:TrackPointExtension>
        </extensions>
      </trkpt>
      <trkpt lat="29.29704017937183380126953125" lon="117.2632798366248607635498046875">
        <ele>35.59999847412109375</ele>
        <time>2026-08-19T21:42:46.000Z</time>
        <extensions>
          <ns3:TrackPointExtension>
            <ns3:hr>126</ns3:hr>
            <ns3:cad>90</ns3:cad>
          </ns3:TrackPointExtension>
        </extensions>
      </trkpt>
      <trkpt lat="29.29702701978385448455810546875" lon="117.2632499970495700836181640625">
        <ele>35.59999847412109375</ele>
        <time>2026-08-19T21:42:47.000Z</time>
        <extensions>
          <ns3:TrackPointExtension>
            <ns3:hr>126</ns3:hr>
            <ns3:cad>90</ns3:cad>
          </ns3:TrackPointExtension>
        </extensions>
      </trkpt>
      <trkpt lat="29.2970108427107334136962890625" lon="117.26322996430099010467529296875">
        <ele>35.59999847412109375</ele>
        <time>2026-08-19T21:42:48.000Z</time>
        <extensions>
          <ns3:TrackPointExtension>
            <ns3:hr>126</ns3:hr>
            <ns3:cad>90</ns3:cad>
          </ns3:TrackPointExtension>
        </extensions>
      </trkpt>
      <trkpt lat="29.2969960905611515045166015625" lon="117.26320029236376285552978515625">
        <ele>35.40000152587890625</ele>
        <time>2026-08-19T21:42:49.000Z</time>
        <extensions>
          <ns3:TrackPointExtension>
            <ns3:hr>126</ns3:hr>
            <ns3:cad>91</ns3:cad>
          </ns3:TrackPointExtension>
        </extensions>
      </trkpt>
      <trkpt lat="29.29697941057384014129638671875" lon="117.26318269036710262298583984375">
        <ele>35.40000152587890625</ele>
        <time>2026-08-19T21:42:50.000Z</time>
        <extensions>
          <ns3:TrackPointExtension>
            <ns3:hr>126</ns3:hr>
            <ns3:cad>90</ns3:cad>
          </ns3:TrackPointExtension>
        </extensions>
      </trkpt>
      <trkpt lat="29.296966753900051116943359375" lon="117.26315620355308055877685546875">
        <ele>35.40000152587890625</ele>
        <time>2026-08-19T21:42:51.000Z</time>
        <extensions>
          <ns3:TrackPointExtension>
            <ns3:hr>126</ns3:hr>
            <ns3:cad>90</ns3:cad>
          </ns3:TrackPointExtension>
        </extensions>
      </trkpt>
      <trkpt lat="29.2969508282840251922607421875" lon="117.26313860155642032623291015625">
        <ele>35.40000152587890625</ele>
        <time>2026-08-19T21:42:52.000Z</time>
        <extensions>
          <ns3:TrackPointExtension>
            <ns3:hr>126</ns3:hr>
            <ns3:cad>90</ns3:cad>
          </ns3:TrackPointExtension>
        </extensions>
      </trkpt>
      <trkpt lat="29.29693817161023616790771484375" lon="117.26310876198112964630126953125">
        <ele>35.200000762939453125</ele>
        <time>2026-08-19T21:42:53.000Z</time>
        <extensions>
          <ns3:TrackPointExtension>
            <ns3:hr>126</ns3:hr>
            <ns3:cad>90</ns3:cad>
          </ns3:TrackPointExtension>
        </extensions>
      </trkpt>
      <trkpt lat="29.29691956378519535064697265625" lon="117.263090573251247406005859375">
        <ele>35.200000762939453125</ele>
        <time>2026-08-19T21:42:54.000Z</time>
        <extensions>
          <ns3:TrackPointExtension>
            <ns3:hr>125</ns3:hr>
            <ns3:cad>90</ns3:cad>
          </ns3:TrackPointExtension>
        </extensions>
      </trkpt>
      <trkpt lat="29.29690648801624774932861328125" lon="117.26306140422821044921875">
        <ele>35.200000762939453125</ele>
        <time>2026-08-19T21:42:55.000Z</time>
        <extensions>
          <ns3:TrackPointExtension>
            <ns3:hr>125</ns3:hr>
            <ns3:cad>90</ns3:cad>
          </ns3:TrackPointExtension>
        </extensions>
      </trkpt>
      <trkpt lat="29.29689106531441211700439453125" lon="117.26304321549832820892333984375">
        <ele>35.200000762939453125</ele>
        <time>2026-08-19T21:42:56.000Z</time>
        <extensions>
          <ns3:TrackPointExtension>
            <ns3:hr>125</ns3:hr>
            <ns3:cad>90</ns3:cad>
          </ns3:TrackPointExtension>
        </extensions>
      </trkpt>
      <trkpt lat="29.2968772351741790771484375" lon="117.26301656104624271392822265625">
        <ele>35.200000762939453125</ele>
        <time>2026-08-19T21:42:57.000Z</time>
        <extensions>
          <ns3:TrackPointExtension>
            <ns3:hr>125</ns3:hr>
            <ns3:cad>90</ns3:cad>
          </ns3:TrackPointExtension>
        </extensions>
      </trkpt>
      <trkpt lat="29.29686072282493114471435546875" lon="117.26299996487796306610107421875">
        <ele>35.200000762939453125</ele>
        <time>2026-08-19T21:42:58.000Z</time>
        <extensions>
          <ns3:TrackPointExtension>
            <ns3:hr>124</ns3:hr>
            <ns3:cad>90</ns3:cad>
          </ns3:TrackPointExtension>
        </extensions>
      </trkpt>
      <trkpt lat="29.29684848524630069732666015625" lon="117.26297632791101932525634765625">
        <ele>35</ele>
        <time>2026-08-19T21:42:59.000Z</time>
        <extensions>
          <ns3:TrackPointExtension>
            <ns3:hr>124</ns3:hr>
            <ns3:cad>91</ns3:cad>
          </ns3:TrackPointExtension>
        </extensions>
      </trkpt>
      <trkpt lat="29.29683239199221134185791015625" lon="117.2629583068192005157470703125">
        <ele>35</ele>
        <time>2026-08-19T21:43:00.000Z</time>
        <extensions>
          <ns3:TrackPointExtension>
            <ns3:hr>124</ns3:hr>
            <ns3:cad>91</ns3:cad>
          </ns3:TrackPointExtension>
        </extensions>
      </trkpt>
      <trkpt lat="29.29682023823261260986328125" lon="117.26293173618614673614501953125">
        <ele>35</ele>
        <time>2026-08-19T21:43:01.000Z</time>
        <extensions>
          <ns3:TrackPointExtension>
            <ns3:hr>125</ns3:hr>
            <ns3:cad>91</ns3:cad>
          </ns3:TrackPointExtension>
        </extensions>
      </trkpt>
      <trkpt lat="29.2968053184449672698974609375" lon="117.2629106976091861724853515625">
        <ele>34.799999237060546875</ele>
        <time>2026-08-19T21:43:02.000Z</time>
        <extensions>
          <ns3:TrackPointExtension>
            <ns3:hr>124</ns3:hr>
            <ns3:cad>91</ns3:cad>
          </ns3:TrackPointExtension>
        </extensions>
      </trkpt>
      <trkpt lat="29.29679182358086109161376953125" lon="117.26288513280451297760009765625">
        <ele>34.799999237060546875</ele>
        <time>2026-08-19T21:43:03.000Z</time>
        <extensions>
          <ns3:TrackPointExtension>
            <ns3:hr>124</ns3:hr>
            <ns3:cad>91</ns3:cad>
          </ns3:TrackPointExtension>
        </extensions>
      </trkpt>
      <trkpt lat="29.2967741377651691436767578125" lon="117.2628654353320598602294921875">
        <ele>34.799999237060546875</ele>
        <time>2026-08-19T21:43:04.000Z</time>
        <extensions>
          <ns3:TrackPointExtension>
            <ns3:hr>125</ns3:hr>
            <ns3:cad>91</ns3:cad>
          </ns3:TrackPointExtension>
        </extensions>
      </trkpt>
      <trkpt lat="29.2967610619962215423583984375" lon="117.2628412954509258270263671875">
        <ele>34.799999237060546875</ele>
        <time>2026-08-19T21:43:05.000Z</time>
        <extensions>
          <ns3:TrackPointExtension>
            <ns3:hr>124</ns3:hr>
            <ns3:cad>90</ns3:cad>
          </ns3:TrackPointExtension>
        </extensions>
      </trkpt>
      <trkpt lat="29.29674446582794189453125" lon="117.26281858049333095550537109375">
        <ele>34.799999237060546875</ele>
        <time>2026-08-19T21:43:06.000Z</time>
        <extensions>
          <ns3:TrackPointExtension>
            <ns3:hr>124</ns3:hr>
            <ns3:cad>90</ns3:cad>
          </ns3:TrackPointExtension>
        </extensions>
      </trkpt>
      <trkpt lat="29.29673373699188232421875" lon="117.26279519498348236083984375">
        <ele>34.799999237060546875</ele>
        <time>2026-08-19T21:43:07.000Z</time>
        <extensions>
          <ns3:TrackPointExtension>
            <ns3:hr>125</ns3:hr>
            <ns3:cad>90</ns3:cad>
          </ns3:TrackPointExtension>
        </extensions>
      </trkpt>
      <trkpt lat="29.29671655409038066864013671875" lon="117.26277147419750690460205078125">
        <ele>34.799999237060546875</ele>
        <time>2026-08-19T21:43:08.000Z</time>
        <extensions>
          <ns3:TrackPointExtension>
            <ns3:hr>125</ns3:hr>
            <ns3:cad>90</ns3:cad>
          </ns3:TrackPointExtension>
        </extensions>
      </trkpt>
      <trkpt lat="29.29670381359755992889404296875" lon="117.2627516090869903564453125">
        <ele>34.59999847412109375</ele>
        <time>2026-08-19T21:43:09.000Z</time>
        <extensions>
          <ns3:TrackPointExtension>
            <ns3:hr>125</ns3:hr>
            <ns3:cad>90</ns3:cad>
          </ns3:TrackPointExtension>
        </extensions>
      </trkpt>
      <trkpt lat="29.29668688215315341949462890625" lon="117.26273224689066410064697265625">
        <ele>34.59999847412109375</ele>
        <time>2026-08-19T21:43:10.000Z</time>
        <extensions>
          <ns3:TrackPointExtension>
            <ns3:hr>126</ns3:hr>
            <ns3:cad>90</ns3:cad>
          </ns3:TrackPointExtension>
        </extensions>
      </trkpt>
      <trkpt lat="29.2966738902032375335693359375" lon="117.2627102024853229522705078125">
        <ele>34.59999847412109375</ele>
        <time>2026-08-19T21:43:11.000Z</time>
        <extensions>
          <ns3:TrackPointExtension>
            <ns3:hr>126</ns3:hr>
            <ns3:cad>90</ns3:cad>
          </ns3:TrackPointExtension>
        </extensions>
      </trkpt>
      <trkpt lat="29.2966572940349578857421875" lon="117.2626847214996814727783203125">
        <ele>34.59999847412109375</ele>
        <time>2026-08-19T21:43:12.000Z</time>
        <extensions>
          <ns3:TrackPointExtension>
            <ns3:hr>126</ns3:hr>
            <ns3:cad>90</ns3:cad>
          </ns3:TrackPointExtension>
        </extensions>
      </trkpt>
      <trkpt lat="29.2966430447995662689208984375" lon="117.26266116835176944732666015625">
        <ele>34.59999847412109375</ele>
        <time>2026-08-19T21:43:13.000Z</time>
        <extensions>
          <ns3:TrackPointExtension>
            <ns3:hr>126</ns3:hr>
            <ns3:cad>90</ns3:cad>
          </ns3:TrackPointExtension>
        </extensions>
      </trkpt>
      <trkpt lat="29.29662602953612804412841796875" lon="117.26263686083257198333740234375">
        <ele>34.59999847412109375</ele>
        <time>2026-08-19T21:43:14.000Z</time>
        <extensions>
          <ns3:TrackPointExtension>
            <ns3:hr>127</ns3:hr>
            <ns3:cad>90</ns3:cad>
          </ns3:TrackPointExtension>
        </extensions>
      </trkpt>
      <trkpt lat="29.29661412723362445831298828125" lon="117.2626156546175479888916015625">
        <ele>34.59999847412109375</ele>
        <time>2026-08-19T21:43:15.000Z</time>
        <extensions>
          <ns3:TrackPointExtension>
            <ns3:hr>127</ns3:hr>
            <ns3:cad>90</ns3:cad>
          </ns3:TrackPointExtension>
        </extensions>
      </trkpt>
      <trkpt lat="29.2965977825224399566650390625" lon="117.26259025745093822479248046875">
        <ele>34.59999847412109375</ele>
        <time>2026-08-19T21:43:16.000Z</time>
        <extensions>
          <ns3:TrackPointExtension>
            <ns3:hr>127</ns3:hr>
            <ns3:cad>90</ns3:cad>
          </ns3:TrackPointExtension>
        </extensions>
      </trkpt>
      <trkpt lat="29.29658412002027034759521484375" lon="117.2625693865120410919189453125">
        <ele>34.59999847412109375</ele>
        <time>2026-08-19T21:43:17.000Z</time>
        <extensions>
          <ns3:TrackPointExtension>
            <ns3:hr>127</ns3:hr>
            <ns3:cad>90</ns3:cad>
          </ns3:TrackPointExtension>
        </extensions>
      </trkpt>
      <trkpt lat="29.296566434204578399658203125" lon="117.26254482753574848175048828125">
        <ele>34.59999847412109375</ele>
        <time>2026-08-19T21:43:18.000Z</time>
        <extensions>
          <ns3:TrackPointExtension>
            <ns3:hr>127</ns3:hr>
            <ns3:cad>90</ns3:cad>
          </ns3:TrackPointExtension>
        </extensions>
      </trkpt>
      <trkpt lat="29.2965518496930599212646484375" lon="117.26252186112105846405029296875">
        <ele>34.59999847412109375</ele>
        <time>2026-08-19T21:43:19.000Z</time>
        <extensions>
          <ns3:TrackPointExtension>
            <ns3:hr>128</ns3:hr>
            <ns3:cad>89</ns3:cad>
          </ns3:TrackPointExtension>
        </extensions>
      </trkpt>
      <trkpt lat="29.29653592407703399658203125" lon="117.26249503903090953826904296875">
        <ele>34.59999847412109375</ele>
        <time>2026-08-19T21:43:20.000Z</time>
        <extensions>
          <ns3:TrackPointExtension>
            <ns3:hr>127</ns3:hr>
            <ns3:cad>89</ns3:cad>
          </ns3:TrackPointExtension>
        </extensions>
      </trkpt>
      <trkpt lat="29.29652192629873752593994140625" lon="117.26247106678783893585205078125">
        <ele>34.59999847412109375</ele>
        <time>2026-08-19T21:43:21.000Z</time>
        <extensions>
          <ns3:TrackPointExtension>
            <ns3:hr>127</ns3:hr>
            <ns3:cad>89</ns3:cad>
          </ns3:TrackPointExtension>
        </extensions>
      </trkpt>
      <trkpt lat="29.2965059168636798858642578125" lon="117.26244960911571979522705078125">
        <ele>34.59999847412109375</ele>
        <time>2026-08-19T21:43:22.000Z</time>
        <extensions>
          <ns3:TrackPointExtension>
            <ns3:hr>128</ns3:hr>
            <ns3:cad>90</ns3:cad>
          </ns3:TrackPointExtension>
        </extensions>
      </trkpt>
      <trkpt lat="29.2964936792850494384765625" lon="117.2624282352626323699951171875">
        <ele>34.59999847412109375</ele>
        <time>2026-08-19T21:43:23.000Z</time>
        <extensions>
          <ns3:TrackPointExtension>
            <ns3:hr>127</ns3:hr>
            <ns3:cad>90</ns3:cad>
          </ns3:TrackPointExtension>
        </extensions>
      </trkpt>
      <trkpt lat="29.29647783748805522918701171875" lon="117.26240468211472034454345703125">
        <ele>34.59999847412109375</ele>
        <time>2026-08-19T21:43:24.000Z</time>
        <extensions>
          <ns3:TrackPointExtension>
            <ns3:hr>127</ns3:hr>
            <ns3:cad>90</ns3:cad>
          </ns3:TrackPointExtension>
        </extensions>
      </trkpt>
      <trkpt lat="29.2964673601090908050537109375" lon="117.26238355971872806549072265625">
        <ele>34.59999847412109375</ele>
        <time>2026-08-19T21:43:25.000Z</time>
        <extensions>
          <ns3:TrackPointExtension>
            <ns3:hr>128</ns3:hr>
            <ns3:cad>89</ns3:cad>
          </ns3:TrackPointExtension>
        </extensions>
      </trkpt>
      <trkpt lat="29.29645202122628688812255859375" lon="117.26236511953175067901611328125">
        <ele>34.59999847412109375</ele>
        <time>2026-08-19T21:43:26.000Z</time>
        <extensions>
          <ns3:TrackPointExtension>
            <ns3:hr>127</ns3:hr>
            <ns3:cad>89</ns3:cad>
          </ns3:TrackPointExtension>
        </extensions>
      </trkpt>
      <trkpt lat="29.296439029276371002197265625" lon="117.2623397223651409149169921875">
        <ele>34.59999847412109375</ele>
        <time>2026-08-19T21:43:27.000Z</time>
        <extensions>
          <ns3:TrackPointExtension>
            <ns3:hr>127</ns3:hr>
            <ns3:cad>90</ns3:cad>
          </ns3:TrackPointExtension>
        </extensions>
      </trkpt>
      <trkpt lat="29.29642335511744022369384765625" lon="117.26231751032173633575439453125">
        <ele>34.799999237060546875</ele>
        <time>2026-08-19T21:43:28.000Z</time>
        <extensions>
          <ns3:TrackPointExtension>
            <ns3:hr>128</ns3:hr>
            <ns3:cad>90</ns3:cad>
          </ns3:TrackPointExtension>
        </extensions>
      </trkpt>
      <trkpt lat="29.29640877060592174530029296875" lon="117.26229923777282238006591796875">
        <ele>34.799999237060546875</ele>
        <time>2026-08-19T21:43:29.000Z</time>
        <extensions>
          <ns3:TrackPointExtension>
            <ns3:hr>127</ns3:hr>
            <ns3:cad>90</ns3:cad>
          </ns3:TrackPointExtension>
        </extensions>
      </trkpt>
      <trkpt lat="29.29639250971376895904541015625" lon="117.26227752864360809326171875">
        <ele>34.59999847412109375</ele>
        <time>2026-08-19T21:43:30.000Z</time>
        <extensions>
          <ns3:TrackPointExtension>
            <ns3:hr>127</ns3:hr>
            <ns3:cad>89</ns3:cad>
          </ns3:TrackPointExtension>
        </extensions>
      </trkpt>
      <trkpt lat="29.29638144560158252716064453125" lon="117.2622545622289180755615234375">
        <ele>34.59999847412109375</ele>
        <time>2026-08-19T21:43:31.000Z</time>
        <extensions>
          <ns3:TrackPointExtension>
            <ns3:hr>127</ns3:hr>
            <ns3:cad>90</ns3:cad>
          </ns3:TrackPointExtension>
        </extensions>
      </trkpt>
      <trkpt lat="29.29636560380458831787109375" lon="117.26223268546164035797119140625">
        <ele>34.59999847412109375</ele>
        <time>2026-08-19T21:43:32.000Z</time>
        <extensions>
          <ns3:TrackPointExtension>
            <ns3:hr>128</ns3:hr>
            <ns3:cad>90</ns3:cad>
          </ns3:TrackPointExtension>
        </extensions>
      </trkpt>
      <trkpt lat="29.2963530309498310089111328125" lon="117.262206114828586578369140625">
        <ele>34.59999847412109375</ele>
        <time>2026-08-19T21:43:33.000Z</time>
        <extensions>
          <ns3:TrackPointExtension>
            <ns3:hr>127</ns3:hr>
            <ns3:cad>90</ns3:cad>
          </ns3:TrackPointExtension>
        </extensions>
      </trkpt>
      <trkpt lat="29.29633467458188533782958984375" lon="117.2621818073093891143798828125">
        <ele>34.59999847412109375</ele>
        <time>2026-08-19T21:43:34.000Z</time>
        <extensions>
          <ns3:TrackPointExtension>
            <ns3:hr>127</ns3:hr>
            <ns3:cad>90</ns3:cad>
          </ns3:TrackPointExtension>
        </extensions>
      </trkpt>
      <trkpt lat="29.29632092826068401336669921875" lon="117.262155823409557342529296875">
        <ele>34.59999847412109375</ele>
        <time>2026-08-19T21:43:35.000Z</time>
        <extensions>
          <ns3:TrackPointExtension>
            <ns3:hr>128</ns3:hr>
            <ns3:cad>89</ns3:cad>
          </ns3:TrackPointExtension>
        </extensions>
      </trkpt>
      <trkpt lat="29.296301901340484619140625" lon="117.26213512010872364044189453125">
        <ele>34.59999847412109375</ele>
        <time>2026-08-19T21:43:36.000Z</time>
        <extensions>
          <ns3:TrackPointExtension>
            <ns3:hr>127</ns3:hr>
            <ns3:cad>89</ns3:cad>
          </ns3:TrackPointExtension>
        </extensions>
      </trkpt>
      <trkpt lat="29.29628756828606128692626953125" lon="117.26211165077984333038330078125">
        <ele>34.59999847412109375</ele>
        <time>2026-08-19T21:43:37.000Z</time>
        <extensions>
          <ns3:TrackPointExtension>
            <ns3:hr>127</ns3:hr>
            <ns3:cad>89</ns3:cad>
          </ns3:TrackPointExtension>
        </extensions>
      </trkpt>
      <trkpt lat="29.29627197794616222381591796875" lon="117.26209245622158050537109375">
        <ele>34.59999847412109375</ele>
        <time>2026-08-19T21:43:38.000Z</time>
        <extensions>
          <ns3:TrackPointExtension>
            <ns3:hr>128</ns3:hr>
            <ns3:cad>89</ns3:cad>
          </ns3:TrackPointExtension>
        </extensions>
      </trkpt>
      <trkpt lat="29.29626259021461009979248046875" lon="117.26206705905497074127197265625">
        <ele>34.799999237060546875</ele>
        <time>2026-08-19T21:43:39.000Z</time>
        <extensions>
          <ns3:TrackPointExtension>
            <ns3:hr>127</ns3:hr>
            <ns3:cad>89</ns3:cad>
          </ns3:TrackPointExtension>
        </extensions>
      </trkpt>
      <trkpt lat="29.296247251331806182861328125" lon="117.2620480321347713470458984375">
        <ele>34.59999847412109375</ele>
        <time>2026-08-19T21:43:40.000Z</time>
        <extensions>
          <ns3:TrackPointExtension>
            <ns3:hr>127</ns3:hr>
            <ns3:cad>88</ns3:cad>
          </ns3:TrackPointExtension>
        </extensions>
      </trkpt>
      <trkpt lat="29.2962350137531757354736328125" lon="117.2620228864252567291259765625">
        <ele>34.799999237060546875</ele>
        <time>2026-08-19T21:43:41.000Z</time>
        <extensions>
          <ns3:TrackPointExtension>
            <ns3:hr>128</ns3:hr>
            <ns3:cad>88</ns3:cad>
          </ns3:TrackPointExtension>
        </extensions>
      </trkpt>
      <trkpt lat="29.29622017778456211090087890625" lon="117.2620031051337718963623046875">
        <ele>34.799999237060546875</ele>
        <time>2026-08-19T21:43:42.000Z</time>
        <extensions>
          <ns3:TrackPointExtension>
            <ns3:hr>128</ns3:hr>
            <ns3:cad>88</ns3:cad>
          </ns3:TrackPointExtension>
        </extensions>
      </trkpt>
      <trkpt lat="29.296209029853343963623046875" lon="117.26197980344295501708984375">
        <ele>34.799999237060546875</ele>
        <time>2026-08-19T21:43:43.000Z</time>
        <extensions>
          <ns3:TrackPointExtension>
            <ns3:hr>128</ns3:hr>
            <ns3:cad>89</ns3:cad>
          </ns3:TrackPointExtension>
        </extensions>
      </trkpt>
      <trkpt lat="29.29619394242763519287109375" lon="117.26196044124662876129150390625">
        <ele>34.799999237060546875</ele>
        <time>2026-08-19T21:43:44.000Z</time>
        <extensions>
          <ns3:TrackPointExtension>
            <ns3:hr>128</ns3:hr>
            <ns3:cad>89</ns3:cad>
          </ns3:TrackPointExtension>
        </extensions>
      </trkpt>
      <trkpt lat="29.296182878315448760986328125" lon="117.261935882270336151123046875">
        <ele>34.799999237060546875</ele>
        <time>2026-08-19T21:43:45.000Z</time>
        <extensions>
          <ns3:TrackPointExtension>
            <ns3:hr>129</ns3:hr>
            <ns3:cad>89</ns3:cad>
          </ns3:TrackPointExtension>
        </extensions>
      </trkpt>
      <trkpt lat="29.29616569541394710540771484375" lon="117.26191501133143901824951171875">
        <ele>34.799999237060546875</ele>
        <time>2026-08-19T21:43:46.000Z</time>
        <extensions>
          <ns3:TrackPointExtension>
            <ns3:hr>129</ns3:hr>
            <ns3:cad>90</ns3:cad>
          </ns3:TrackPointExtension>
        </extensions>
      </trkpt>
      <trkpt lat="29.29615236818790435791015625" lon="117.26188835687935352325439453125">
        <ele>34.799999237060546875</ele>
        <time>2026-08-19T21:43:47.000Z</time>
        <extensions>
          <ns3:TrackPointExtension>
            <ns3:hr>129</ns3:hr>
            <ns3:cad>89</ns3:cad>
          </ns3:TrackPointExtension>
        </extensions>
      </trkpt>
      <trkpt lat="29.29613518528640270233154296875" lon="117.2618700005114078521728515625">
        <ele>34.799999237060546875</ele>
        <time>2026-08-19T21:43:48.000Z</time>
        <extensions>
          <ns3:TrackPointExtension>
            <ns3:hr>129</ns3:hr>
            <ns3:cad>89</ns3:cad>
          </ns3:TrackPointExtension>
        </extensions>
      </trkpt>
      <trkpt lat="29.29612286388874053955078125" lon="117.261846363544464111328125">
        <ele>34.799999237060546875</ele>
        <time>2026-08-19T21:43:49.000Z</time>
        <extensions>
          <ns3:TrackPointExtension>
            <ns3:hr>129</ns3:hr>
            <ns3:cad>89</ns3:cad>
          </ns3:TrackPointExtension>
        </extensions>
      </trkpt>
      <trkpt lat="29.29610920138657093048095703125" lon="117.261826582252979278564453125">
        <ele>34.799999237060546875</ele>
        <time>2026-08-19T21:43:50.000Z</time>
        <extensions>
          <ns3:TrackPointExtension>
            <ns3:hr>129</ns3:hr>
            <ns3:cad>89</ns3:cad>
          </ns3:TrackPointExtension>
        </extensions>
      </trkpt>
      <trkpt lat="29.2960988916456699371337890625" lon="117.26179900579154491424560546875">
        <ele>34.799999237060546875</ele>
        <time>2026-08-19T21:43:51.000Z</time>
        <extensions>
          <ns3:TrackPointExtension>
            <ns3:hr>129</ns3:hr>
            <ns3:cad>90</ns3:cad>
          </ns3:TrackPointExtension>
        </extensions>
      </trkpt>
      <trkpt lat="29.2960821278393268585205078125" lon="117.26178266108036041259765625">
        <ele>34.799999237060546875</ele>
        <time>2026-08-19T21:43:52.000Z</time>
        <extensions>
          <ns3:TrackPointExtension>
            <ns3:hr>129</ns3:hr>
            <ns3:cad>90</ns3:cad>
          </ns3:TrackPointExtension>
        </extensions>
      </trkpt>
      <trkpt lat="29.29606947116553783416748046875" lon="117.26175743155181407928466796875">
        <ele>34.799999237060546875</ele>
        <time>2026-08-19T21:43:53.000Z</time>
        <extensions>
          <ns3:TrackPointExtension>
            <ns3:hr>129</ns3:hr>
            <ns3:cad>90</ns3:cad>
          </ns3:TrackPointExtension>
        </extensions>
      </trkpt>
      <trkpt lat="29.2960522882640361785888671875" lon="117.26174050010740756988525390625">
        <ele>34.799999237060546875</ele>
        <time>2026-08-19T21:43:54.000Z</time>
        <extensions>
          <ns3:TrackPointExtension>
            <ns3:hr>129</ns3:hr>
            <ns3:cad>89</ns3:cad>
          </ns3:TrackPointExtension>
        </extensions>
      </trkpt>
      <trkpt lat="29.29604080505669116973876953125" lon="117.26171585731208324432373046875">
        <ele>34.799999237060546875</ele>
        <time>2026-08-19T21:43:55.000Z</time>
        <extensions>
          <ns3:TrackPointExtension>
            <ns3:hr>129</ns3:hr>
            <ns3:cad>89</ns3:cad>
          </ns3:TrackPointExtension>
        </extensions>
      </trkpt>
      <trkpt lat="29.2960247956216335296630859375" lon="117.2616983391344547271728515625">
        <ele>34.799999237060546875</ele>
        <time>2026-08-19T21:43:56.000Z</time>
        <extensions>
          <ns3:TrackPointExtension>
            <ns3:hr>129</ns3:hr>
            <ns3:cad>89</ns3:cad>
          </ns3:TrackPointExtension>
        </extensions>
      </trkpt>
      <trkpt lat="29.29601113311946392059326171875" lon="117.2616718523204326629638671875">
        <ele>34.799999237060546875</ele>
        <time>2026-08-19T21:43:57.000Z</time>
        <extensions>
          <ns3:TrackPointExtension>
            <ns3:hr>129</ns3:hr>
            <ns3:cad>89</ns3:cad>
          </ns3:TrackPointExtension>
        </extensions>
      </trkpt>
      <trkpt lat="29.29599369876086711883544921875" lon="117.2616545855998992919921875">
        <ele>35</ele>
        <time>2026-08-19T21:43:58.000Z</time>
        <extensions>
          <ns3:TrackPointExtension>
            <ns3:hr>129</ns3:hr>
            <ns3:cad>89</ns3:cad>
          </ns3:TrackPointExtension>
        </extensions>
      </trkpt>
      <trkpt lat="29.29598012007772922515869140625" lon="117.26162843406200408935546875">
        <ele>35</ele>
        <time>2026-08-19T21:43:59.000Z</time>
        <extensions>
          <ns3:TrackPointExtension>
            <ns3:hr>129</ns3:hr>
            <ns3:cad>89</ns3:cad>
          </ns3:TrackPointExtension>
        </extensions>
      </trkpt>
      <trkpt lat="29.29596369154751300811767578125" lon="117.261609993875026702880859375">
        <ele>35</ele>
        <time>2026-08-19T21:44:00.000Z</time>
        <extensions>
          <ns3:TrackPointExtension>
            <ns3:hr>129</ns3:hr>
            <ns3:cad>89</ns3:cad>
          </ns3:TrackPointExtension>
        </extensions>
      </trkpt>
      <trkpt lat="29.2959493584930896759033203125" lon="117.26157939992845058441162109375">
        <ele>35</ele>
        <time>2026-08-19T21:44:01.000Z</time>
        <extensions>
          <ns3:TrackPointExtension>
            <ns3:hr>129</ns3:hr>
            <ns3:cad>89</ns3:cad>
          </ns3:TrackPointExtension>
        </extensions>
      </trkpt>
      <trkpt lat="29.29593251086771488189697265625" lon="117.26156137883663177490234375">
        <ele>35</ele>
        <time>2026-08-19T21:44:02.000Z</time>
        <extensions>
          <ns3:TrackPointExtension>
            <ns3:hr>129</ns3:hr>
            <ns3:cad>89</ns3:cad>
          </ns3:TrackPointExtension>
        </extensions>
      </trkpt>
      <trkpt lat="29.2959195189177989959716796875" lon="117.261532880365848541259765625">
        <ele>35.200000762939453125</ele>
        <time>2026-08-19T21:44:03.000Z</time>
        <extensions>
          <ns3:TrackPointExtension>
            <ns3:hr>129</ns3:hr>
            <ns3:cad>89</ns3:cad>
          </ns3:TrackPointExtension>
        </extensions>
      </trkpt>
      <trkpt lat="29.2959034256637096405029296875" lon="117.261514104902744293212890625">
        <ele>35.200000762939453125</ele>
        <time>2026-08-19T21:44:04.000Z</time>
        <extensions>
          <ns3:TrackPointExtension>
            <ns3:hr>129</ns3:hr>
            <ns3:cad>89</ns3:cad>
          </ns3:TrackPointExtension>
        </extensions>
      </trkpt>
      <trkpt lat="29.29589143954217433929443359375" lon="117.261485941708087921142578125">
        <ele>35.200000762939453125</ele>
        <time>2026-08-19T21:44:05.000Z</time>
        <extensions>
          <ns3:TrackPointExtension>
            <ns3:hr>129</ns3:hr>
            <ns3:cad>89</ns3:cad>
          </ns3:TrackPointExtension>
        </extensions>
      </trkpt>
      <trkpt lat="29.29587383754551410675048828125" lon="117.2614666633307933807373046875">
        <ele>35.200000762939453125</ele>
        <time>2026-08-19T21:44:06.000Z</time>
        <extensions>
          <ns3:TrackPointExtension>
            <ns3:hr>129</ns3:hr>
            <ns3:cad>89</ns3:cad>
          </ns3:TrackPointExtension>
        </extensions>
      </trkpt>
      <trkpt lat="29.29586059413850307464599609375" lon="117.26143925450742244720458984375">
        <ele>35.200000762939453125</ele>
        <time>2026-08-19T21:44:07.000Z</time>
        <extensions>
          <ns3:TrackPointExtension>
            <ns3:hr>129</ns3:hr>
            <ns3:cad>91</ns3:cad>
          </ns3:TrackPointExtension>
        </extensions>
      </trkpt>
      <trkpt lat="29.29584324359893798828125" lon="117.261418215930461883544921875">
        <ele>35</ele>
        <time>2026-08-19T21:44:08.000Z</time>
        <extensions>
          <ns3:TrackPointExtension>
            <ns3:hr>129</ns3:hr>
            <ns3:cad>90</ns3:cad>
          </ns3:TrackPointExtension>
        </extensions>
      </trkpt>
      <trkpt lat="29.29583251476287841796875" lon="117.2613922320306301116943359375">
        <ele>35</ele>
        <time>2026-08-19T21:44:09.000Z</time>
        <extensions>
          <ns3:TrackPointExtension>
            <ns3:hr>129</ns3:hr>
            <ns3:cad>90</ns3:cad>
          </ns3:TrackPointExtension>
        </extensions>
      </trkpt>
      <trkpt lat="29.29581633768975734710693359375" lon="117.2613737918436527252197265625">
        <ele>35.200000762939453125</ele>
        <time>2026-08-19T21:44:10.000Z</time>
        <extensions>
          <ns3:TrackPointExtension>
            <ns3:hr>129</ns3:hr>
            <ns3:cad>90</ns3:cad>
          </ns3:TrackPointExtension>
        </extensions>
      </trkpt>
      <trkpt lat="29.29580443538725376129150390625" lon="117.26134923286736011505126953125">
        <ele>35.200000762939453125</ele>
        <time>2026-08-19T21:44:11.000Z</time>
        <extensions>
          <ns3:TrackPointExtension>
            <ns3:hr>130</ns3:hr>
            <ns3:cad>90</ns3:cad>
          </ns3:TrackPointExtension>
        </extensions>
      </trkpt>
      <trkpt lat="29.29578892886638641357421875" lon="117.26133012212812900543212890625">
        <ele>35.200000762939453125</ele>
        <time>2026-08-19T21:44:12.000Z</time>
        <extensions>
          <ns3:TrackPointExtension>
            <ns3:hr>130</ns3:hr>
            <ns3:cad>90</ns3:cad>
          </ns3:TrackPointExtension>
        </extensions>
      </trkpt>
      <trkpt lat="29.29577660746872425079345703125" lon="117.26130522787570953369140625">
        <ele>35.200000762939453125</ele>
        <time>2026-08-19T21:44:13.000Z</time>
        <extensions>
          <ns3:TrackPointExtension>
            <ns3:hr>130</ns3:hr>
            <ns3:cad>90</ns3:cad>
          </ns3:TrackPointExtension>
        </extensions>
      </trkpt>
      <trkpt lat="29.29575942456722259521484375" lon="117.2612849436700344085693359375">
        <ele>35.200000762939453125</ele>
        <time>2026-08-19T21:44:14.000Z</time>
        <extensions>
          <ns3:TrackPointExtension>
            <ns3:hr>130</ns3:hr>
            <ns3:cad>90</ns3:cad>
          </ns3:TrackPointExtension>
        </extensions>
      </trkpt>
      <trkpt lat="29.2957480251789093017578125" lon="117.26126289926469326019287109375">
        <ele>35.200000762939453125</ele>
        <time>2026-08-19T21:44:15.000Z</time>
        <extensions>
          <ns3:TrackPointExtension>
            <ns3:hr>131</ns3:hr>
            <ns3:cad>90</ns3:cad>
          </ns3:TrackPointExtension>
        </extensions>
      </trkpt>
      <trkpt lat="29.2957310937345027923583984375" lon="117.26124345324933528900146484375">
        <ele>35.200000762939453125</ele>
        <time>2026-08-19T21:44:16.000Z</time>
        <extensions>
          <ns3:TrackPointExtension>
            <ns3:hr>131</ns3:hr>
            <ns3:cad>90</ns3:cad>
          </ns3:TrackPointExtension>
        </extensions>
      </trkpt>
      <trkpt lat="29.2957203648984432220458984375" lon="117.261217720806598663330078125">
        <ele>35.200000762939453125</ele>
        <time>2026-08-19T21:44:17.000Z</time>
        <extensions>
          <ns3:TrackPointExtension>
            <ns3:hr>132</ns3:hr>
            <ns3:cad>90</ns3:cad>
          </ns3:TrackPointExtension>
        </extensions>
      </trkpt>
      <trkpt lat="29.2957022599875926971435546875" lon="117.2611964307725429534912109375">
        <ele>35.200000762939453125</ele>
        <time>2026-08-19T21:44:18.000Z</time>
        <extensions>
          <ns3:TrackPointExtension>
            <ns3:hr>132</ns3:hr>
            <ns3:cad>90</ns3:cad>
          </ns3:TrackPointExtension>
        </extensions>
      </trkpt>
      <trkpt lat="29.29569161497056484222412109375" lon="117.261170111596584320068359375">
        <ele>35.200000762939453125</ele>
        <time>2026-08-19T21:44:19.000Z</time>
        <extensions>
          <ns3:TrackPointExtension>
            <ns3:hr>132</ns3:hr>
            <ns3:cad>89</ns3:cad>
          </ns3:TrackPointExtension>
        </extensions>
      </trkpt>
      <trkpt lat="29.29567468352615833282470703125" lon="117.261149995028972625732421875">
        <ele>35.200000762939453125</ele>
        <time>2026-08-19T21:44:20.000Z</time>
        <extensions>
          <ns3:TrackPointExtension>
            <ns3:hr>133</ns3:hr>
            <ns3:cad>89</ns3:cad>
          </ns3:TrackPointExtension>
        </extensions>
      </trkpt>
      <trkpt lat="29.295662529766559600830078125" lon="117.2611235082149505615234375">
        <ele>35.200000762939453125</ele>
        <time>2026-08-19T21:44:21.000Z</time>
        <extensions>
          <ns3:TrackPointExtension>
            <ns3:hr>133</ns3:hr>
            <ns3:cad>90</ns3:cad>
          </ns3:TrackPointExtension>
        </extensions>
      </trkpt>
      <trkpt lat="29.295645095407962799072265625" lon="117.26109995506703853607177734375">
        <ele>35.200000762939453125</ele>
        <time>2026-08-19T21:44:22.000Z</time>
        <extensions>
          <ns3:TrackPointExtension>
            <ns3:hr>133</ns3:hr>
            <ns3:cad>90</ns3:cad>
          </ns3:TrackPointExtension>
        </extensions>
      </trkpt>
      <trkpt lat="29.29563495330512523651123046875" lon="117.26107112132012844085693359375">
        <ele>35.200000762939453125</ele>
        <time>2026-08-19T21:44:23.000Z</time>
        <extensions>
          <ns3:TrackPointExtension>
            <ns3:hr>134</ns3:hr>
            <ns3:cad>90</ns3:cad>
          </ns3:TrackPointExtension>
        </extensions>
      </trkpt>
      <trkpt lat="29.29561835713684558868408203125" lon="117.26104664616286754608154296875">
        <ele>35.200000762939453125</ele>
        <time>2026-08-19T21:44:24.000Z</time>
        <extensions>
          <ns3:TrackPointExtension>
            <ns3:hr>134</ns3:hr>
            <ns3:cad>90</ns3:cad>
          </ns3:TrackPointExtension>
        </extensions>
      </trkpt>
      <trkpt lat="29.29560611955821514129638671875" lon="117.261021919548511505126953125">
        <ele>35.200000762939453125</ele>
        <time>2026-08-19T21:44:25.000Z</time>
        <extensions>
          <ns3:TrackPointExtension>
            <ns3:hr>134</ns3:hr>
            <ns3:cad>90</ns3:cad>
          </ns3:TrackPointExtension>
        </extensions>
      </trkpt>
      <trkpt lat="29.295590780675411224365234375" lon="117.26099920459091663360595703125">
        <ele>35.200000762939453125</ele>
        <time>2026-08-19T21:44:26.000Z</time>
        <extensions>
          <ns3:TrackPointExtension>
            <ns3:hr>133</ns3:hr>
            <ns3:cad>90</ns3:cad>
          </ns3:TrackPointExtension>
        </extensions>
      </trkpt>
      <trkpt lat="29.29558181203901767730712890625" lon="117.260972969233989715576171875">
        <ele>35.200000762939453125</ele>
        <time>2026-08-19T21:44:27.000Z</time>
        <extensions>
          <ns3:TrackPointExtension>
            <ns3:hr>133</ns3:hr>
            <ns3:cad>90</ns3:cad>
          </ns3:TrackPointExtension>
        </extensions>
      </trkpt>
      <trkpt lat="29.2955664731562137603759765625" lon="117.26094983518123626708984375">
        <ele>35.200000762939453125</ele>
        <time>2026-08-19T21:44:28.000Z</time>
        <extensions>
          <ns3:TrackPointExtension>
            <ns3:hr>133</ns3:hr>
            <ns3:cad>90</ns3:cad>
          </ns3:TrackPointExtension>
        </extensions>
      </trkpt>
      <trkpt lat="29.29555364884436130523681640625" lon="117.26092703640460968017578125">
        <ele>35.200000762939453125</ele>
        <time>2026-08-19T21:44:29.000Z</time>
        <extensions>
          <ns3:TrackPointExtension>
            <ns3:hr>133</ns3:hr>
            <ns3:cad>90</ns3:cad>
          </ns3:TrackPointExtension>
        </extensions>
      </trkpt>
      <trkpt lat="29.29554074071347713470458984375" lon="117.2609060816466808319091796875">
        <ele>35.200000762939453125</ele>
        <time>2026-08-19T21:44:30.000Z</time>
        <extensions>
          <ns3:TrackPointExtension>
            <ns3:hr>133</ns3:hr>
            <ns3:cad>90</ns3:cad>
          </ns3:TrackPointExtension>
        </extensions>
      </trkpt>
      <trkpt lat="29.29553009569644927978515625" lon="117.2608819417655467987060546875">
        <ele>35.200000762939453125</ele>
        <time>2026-08-19T21:44:31.000Z</time>
        <extensions>
          <ns3:TrackPointExtension>
            <ns3:hr>133</ns3:hr>
            <ns3:cad>90</ns3:cad>
          </ns3:TrackPointExtension>
        </extensions>
      </trkpt>
      <trkpt lat="29.2955138348042964935302734375" lon="117.260859645903110504150390625">
        <ele>35.200000762939453125</ele>
        <time>2026-08-19T21:44:32.000Z</time>
        <extensions>
          <ns3:TrackPointExtension>
            <ns3:hr>133</ns3:hr>
            <ns3:cad>89</ns3:cad>
          </ns3:TrackPointExtension>
        </extensions>
      </trkpt>
      <trkpt lat="29.29550461471080780029296875" lon="117.2608333267271518707275390625">
        <ele>35.200000762939453125</ele>
        <time>2026-08-19T21:44:33.000Z</time>
        <extensions>
          <ns3:TrackPointExtension>
            <ns3:hr>132</ns3:hr>
            <ns3:cad>89</ns3:cad>
          </ns3:TrackPointExtension>
        </extensions>
      </trkpt>
      <trkpt lat="29.29549111984670162200927734375" lon="117.26081036031246185302734375">
        <ele>35.200000762939453125</ele>
        <time>2026-08-19T21:44:34.000Z</time>
        <extensions>
          <ns3:TrackPointExtension>
            <ns3:hr>131</ns3:hr>
            <ns3:cad>89</ns3:cad>
          </ns3:TrackPointExtension>
        </extensions>
      </trkpt>
      <trkpt lat="29.2954799719154834747314453125" lon="117.26078513078391551971435546875">
        <ele>35.200000762939453125</ele>
        <time>2026-08-19T21:44:35.000Z</time>
        <extensions>
          <ns3:TrackPointExtension>
            <ns3:hr>131</ns3:hr>
            <ns3:cad>89</ns3:cad>
          </ns3:TrackPointExtension>
        </extensions>
      </trkpt>
      <trkpt lat="29.29546345956623554229736328125" lon="117.26076149381697177886962890625">
        <ele>35.200000762939453125</ele>
        <time>2026-08-19T21:44:36.000Z</time>
        <extensions>
          <ns3:TrackPointExtension>
            <ns3:hr>130</ns3:hr>
            <ns3:cad>89</ns3:cad>
          </ns3:TrackPointExtension>
        </extensions>
      </trkpt>
      <trkpt lat="29.29545122198760509490966796875" lon="117.260735593736171722412109375">
        <ele>35.200000762939453125</ele>
        <time>2026-08-19T21:44:37.000Z</time>
        <extensions>
          <ns3:TrackPointExtension>
            <ns3:hr>130</ns3:hr>
            <ns3:cad>89</ns3:cad>
          </ns3:TrackPointExtension>
        </extensions>
      </trkpt>
      <trkpt lat="29.29543445818126201629638671875" lon="117.2607119567692279815673828125">
        <ele>35.200000762939453125</ele>
        <time>2026-08-19T21:44:38.000Z</time>
        <extensions>
          <ns3:TrackPointExtension>
            <ns3:hr>129</ns3:hr>
            <ns3:cad>89</ns3:cad>
          </ns3:TrackPointExtension>
        </extensions>
      </trkpt>
      <trkpt lat="29.2954246513545513153076171875" lon="117.2606868110597133636474609375">
        <ele>35.200000762939453125</ele>
        <time>2026-08-19T21:44:39.000Z</time>
        <extensions>
          <ns3:TrackPointExtension>
            <ns3:hr>129</ns3:hr>
            <ns3:cad>89</ns3:cad>
          </ns3:TrackPointExtension>
        </extensions>
      </trkpt>
      <trkpt lat="29.295410402119159698486328125" lon="117.26066552102565765380859375">
        <ele>35.200000762939453125</ele>
        <time>2026-08-19T21:44:40.000Z</time>
        <extensions>
          <ns3:TrackPointExtension>
            <ns3:hr>129</ns3:hr>
            <ns3:cad>90</ns3:cad>
          </ns3:TrackPointExtension>
        </extensions>
      </trkpt>
      <trkpt lat="29.2953984998166561126708984375" lon="117.2606435604393482208251953125">
        <ele>35.40000152587890625</ele>
        <time>2026-08-19T21:44:41.000Z</time>
        <extensions>
          <ns3:TrackPointExtension>
            <ns3:hr>128</ns3:hr>
            <ns3:cad>90</ns3:cad>
          </ns3:TrackPointExtension>
        </extensions>
      </trkpt>
      <trkpt lat="29.29538768716156482696533203125" lon="117.26062151603400707244873046875">
        <ele>35.40000152587890625</ele>
        <time>2026-08-19T21:44:42.000Z</time>
        <extensions>
          <ns3:TrackPointExtension>
            <ns3:hr>128</ns3:hr>
            <ns3:cad>90</ns3:cad>
          </ns3:TrackPointExtension>
        </extensions>
      </trkpt>
      <trkpt lat="29.29537896998226642608642578125" lon="117.2605925984680652618408203125">
        <ele>35.40000152587890625</ele>
        <time>2026-08-19T21:44:43.000Z</time>
        <extensions>
          <ns3:TrackPointExtension>
            <ns3:hr>128</ns3:hr>
            <ns3:cad>90</ns3:cad>
          </ns3:TrackPointExtension>
        </extensions>
      </trkpt>
      <trkpt lat="29.29536740295588970184326171875" lon="117.26056954823434352874755859375">
        <ele>35.40000152587890625</ele>
        <time>2026-08-19T21:44:44.000Z</time>
        <extensions>
          <ns3:TrackPointExtension>
            <ns3:hr>128</ns3:hr>
            <ns3:cad>90</ns3:cad>
          </ns3:TrackPointExtension>
        </extensions>
      </trkpt>
      <trkpt lat="29.29535650648176670074462890625" lon="117.26054658181965351104736328125">
        <ele>35.40000152587890625</ele>
        <time>2026-08-19T21:44:45.000Z</time>
        <extensions>
          <ns3:TrackPointExtension>
            <ns3:hr>128</ns3:hr>
            <ns3:cad>90</ns3:cad>
          </ns3:TrackPointExtension>
        </extensions>
      </trkpt>
      <trkpt lat="29.2953430116176605224609375" lon="117.26052462123334407806396484375">
        <ele>35.200000762939453125</ele>
        <time>2026-08-19T21:44:46.000Z</time>
        <extensions>
          <ns3:TrackPointExtension>
            <ns3:hr>127</ns3:hr>
            <ns3:cad>89</ns3:cad>
          </ns3:TrackPointExtension>
        </extensions>
      </trkpt>
      <trkpt lat="29.29533454589545726776123046875" lon="117.260498218238353729248046875">
        <ele>35.200000762939453125</ele>
        <time>2026-08-19T21:44:47.000Z</time>
        <extensions>
          <ns3:TrackPointExtension>
            <ns3:hr>128</ns3:hr>
            <ns3:cad>89</ns3:cad>
          </ns3:TrackPointExtension>
        </extensions>
      </trkpt>
      <trkpt lat="29.29531929083168506622314453125" lon="117.2604745812714099884033203125">
        <ele>35.200000762939453125</ele>
        <time>2026-08-19T21:44:48.000Z</time>
        <extensions>
          <ns3:TrackPointExtension>
            <ns3:hr>128</ns3:hr>
            <ns3:cad>89</ns3:cad>
          </ns3:TrackPointExtension>
        </extensions>
      </trkpt>
      <trkpt lat="29.29530889727175235748291015625" lon="117.26045086048543453216552734375">
        <ele>35.200000762939453125</ele>
        <time>2026-08-19T21:44:49.000Z</time>
        <extensions>
          <ns3:TrackPointExtension>
            <ns3:hr>127</ns3:hr>
            <ns3:cad>89</ns3:cad>
          </ns3:TrackPointExtension>
        </extensions>
      </trkpt>
      <trkpt lat="29.29529431276023387908935546875" lon="117.26042680442333221435546875">
        <ele>35.200000762939453125</ele>
        <time>2026-08-19T21:44:50.000Z</time>
        <extensions>
          <ns3:TrackPointExtension>
            <ns3:hr>127</ns3:hr>
            <ns3:cad>89</ns3:cad>
          </ns3:TrackPointExtension>
        </extensions>
      </trkpt>
      <trkpt lat="29.29528324864804744720458984375" lon="117.260398976504802703857421875">
        <ele>35.200000762939453125</ele>
        <time>2026-08-19T21:44:51.000Z</time>
        <extensions>
          <ns3:TrackPointExtension>
            <ns3:hr>127</ns3:hr>
            <ns3:cad>89</ns3:cad>
          </ns3:TrackPointExtension>
        </extensions>
      </trkpt>
      <trkpt lat="29.29526883177459239959716796875" lon="117.26037441752851009368896484375">
        <ele>35.200000762939453125</ele>
        <time>2026-08-19T21:44:52.000Z</time>
        <extensions>
          <ns3:TrackPointExtension>
            <ns3:hr>128</ns3:hr>
            <ns3:cad>89</ns3:cad>
          </ns3:TrackPointExtension>
        </extensions>
      </trkpt>
      <trkpt lat="29.29525659419596195220947265625" lon="117.26034826599061489105224609375">
        <ele>35.40000152587890625</ele>
        <time>2026-08-19T21:44:53.000Z</time>
        <extensions>
          <ns3:TrackPointExtension>
            <ns3:hr>128</ns3:hr>
            <ns3:cad>90</ns3:cad>
          </ns3:TrackPointExtension>
        </extensions>
      </trkpt>
      <trkpt lat="29.2952409200370311737060546875" lon="117.2603260539472103118896484375">
        <ele>35.40000152587890625</ele>
        <time>2026-08-19T21:44:54.000Z</time>
        <extensions>
          <ns3:TrackPointExtension>
            <ns3:hr>128</ns3:hr>
            <ns3:cad>90</ns3:cad>
          </ns3:TrackPointExtension>
        </extensions>
      </trkpt>
      <trkpt lat="29.2952298559248447418212890625" lon="117.26030300371348857879638671875">
        <ele>35.40000152587890625</ele>
        <time>2026-08-19T21:44:55.000Z</time>
        <extensions>
          <ns3:TrackPointExtension>
            <ns3:hr>128</ns3:hr>
            <ns3:cad>90</ns3:cad>
          </ns3:TrackPointExtension>
        </extensions>
      </trkpt>
      <trkpt lat="29.29521736688911914825439453125" lon="117.26027785800397396087646484375">
        <ele>35.40000152587890625</ele>
        <time>2026-08-19T21:44:56.000Z</time>
        <extensions>
          <ns3:TrackPointExtension>
            <ns3:hr>128</ns3:hr>
            <ns3:cad>90</ns3:cad>
          </ns3:TrackPointExtension>
        </extensions>
      </trkpt>
      <trkpt lat="29.295207895338535308837890625" lon="117.26025405339896678924560546875">
        <ele>35.40000152587890625</ele>
        <time>2026-08-19T21:44:57.000Z</time>
        <extensions>
          <ns3:TrackPointExtension>
            <ns3:hr>128</ns3:hr>
            <ns3:cad>90</ns3:cad>
          </ns3:TrackPointExtension>
        </extensions>
      </trkpt>
      <trkpt lat="29.29519750177860260009765625" lon="117.26022874005138874053955078125">
        <ele>35.200000762939453125</ele>
        <time>2026-08-19T21:44:58.000Z</time>
        <extensions>
          <ns3:TrackPointExtension>
            <ns3:hr>128</ns3:hr>
            <ns3:cad>90</ns3:cad>
          </ns3:TrackPointExtension>
        </extensions>
      </trkpt>
      <trkpt lat="29.29518735967576503753662109375" lon="117.26020309142768383026123046875">
        <ele>35.200000762939453125</ele>
        <time>2026-08-19T21:44:59.000Z</time>
        <extensions>
          <ns3:TrackPointExtension>
            <ns3:hr>128</ns3:hr>
            <ns3:cad>90</ns3:cad>
          </ns3:TrackPointExtension>
        </extensions>
      </trkpt>
      <trkpt lat="29.29517428390681743621826171875" lon="117.26017735898494720458984375">
        <ele>35.200000762939453125</ele>
        <time>2026-08-19T21:45:00.000Z</time>
        <extensions>
          <ns3:TrackPointExtension>
            <ns3:hr>128</ns3:hr>
            <ns3:cad>90</ns3:cad>
          </ns3:TrackPointExtension>
        </extensions>
      </trkpt>
      <trkpt lat="29.29516355507075786590576171875" lon="117.26015263237059116363525390625">
        <ele>35.200000762939453125</ele>
        <time>2026-08-19T21:45:01.000Z</time>
        <extensions>
          <ns3:TrackPointExtension>
            <ns3:hr>129</ns3:hr>
            <ns3:cad>90</ns3:cad>
          </ns3:TrackPointExtension>
        </extensions>
      </trkpt>
      <trkpt lat="29.295150227844715118408203125" lon="117.26012597791850566864013671875">
        <ele>35.200000762939453125</ele>
        <time>2026-08-19T21:45:02.000Z</time>
        <extensions>
          <ns3:TrackPointExtension>
            <ns3:hr>129</ns3:hr>
            <ns3:cad>90</ns3:cad>
          </ns3:TrackPointExtension>
        </extensions>
      </trkpt>
      <trkpt lat="29.295140169560909271240234375" lon="117.2601015865802764892578125">
        <ele>35.40000152587890625</ele>
        <time>2026-08-19T21:45:03.000Z</time>
        <extensions>
          <ns3:TrackPointExtension>
            <ns3:hr>128</ns3:hr>
            <ns3:cad>90</ns3:cad>
          </ns3:TrackPointExtension>
        </extensions>
      </trkpt>
      <trkpt lat="29.2951282672584056854248046875" lon="117.260077781975269317626953125">
        <ele>35.40000152587890625</ele>
        <time>2026-08-19T21:45:04.000Z</time>
        <extensions>
          <ns3:TrackPointExtension>
            <ns3:hr>129</ns3:hr>
            <ns3:cad>89</ns3:cad>
          </ns3:TrackPointExtension>
        </extensions>
      </trkpt>
      <trkpt lat="29.29511778987944126129150390625" lon="117.260056324303150177001953125">
        <ele>35.40000152587890625</ele>
        <time>2026-08-19T21:45:05.000Z</time>
        <extensions>
          <ns3:TrackPointExtension>
            <ns3:hr>129</ns3:hr>
            <ns3:cad>89</ns3:cad>
          </ns3:TrackPointExtension>
        </extensions>
      </trkpt>
      <trkpt lat="29.29510739631950855255126953125" lon="117.26002858020365238189697265625">
        <ele>35.40000152587890625</ele>
        <time>2026-08-19T21:45:06.000Z</time>
        <extensions>
          <ns3:TrackPointExtension>
            <ns3:hr>129</ns3:hr>
            <ns3:cad>89</ns3:cad>
          </ns3:TrackPointExtension>
        </extensions>
      </trkpt>
      <trkpt lat="29.2950947396457195281982421875" lon="117.26000309921801090240478515625">
        <ele>35.200000762939453125</ele>
        <time>2026-08-19T21:45:07.000Z</time>
        <extensions>
          <ns3:TrackPointExtension>
            <ns3:hr>129</ns3:hr>
            <ns3:cad>89</ns3:cad>
          </ns3:TrackPointExtension>
        </extensions>
      </trkpt>
      <trkpt lat="29.2950826697051525115966796875" lon="117.259975187480449676513671875">
        <ele>35.200000762939453125</ele>
        <time>2026-08-19T21:45:08.000Z</time>
        <extensions>
          <ns3:TrackPointExtension>
            <ns3:hr>129</ns3:hr>
            <ns3:cad>89</ns3:cad>
          </ns3:TrackPointExtension>
        </extensions>
      </trkpt>
      <trkpt lat="29.2950752936303615570068359375" lon="117.2599487006664276123046875">
        <ele>35.200000762939453125</ele>
        <time>2026-08-19T21:45:09.000Z</time>
        <extensions>
          <ns3:TrackPointExtension>
            <ns3:hr>129</ns3:hr>
            <ns3:cad>89</ns3:cad>
          </ns3:TrackPointExtension>
        </extensions>
      </trkpt>
      <trkpt lat="29.29506163112819194793701171875" lon="117.25992313586175441741943359375">
        <ele>35.200000762939453125</ele>
        <time>2026-08-19T21:45:10.000Z</time>
        <extensions>
          <ns3:TrackPointExtension>
            <ns3:hr>129</ns3:hr>
            <ns3:cad>89</ns3:cad>
          </ns3:TrackPointExtension>
        </extensions>
      </trkpt>
      <trkpt lat="29.29505157284438610076904296875" lon="117.2598982416093349456787109375">
        <ele>35.200000762939453125</ele>
        <time>2026-08-19T21:45:11.000Z</time>
        <extensions>
          <ns3:TrackPointExtension>
            <ns3:hr>129</ns3:hr>
            <ns3:cad>89</ns3:cad>
          </ns3:TrackPointExtension>
        </extensions>
      </trkpt>
      <trkpt lat="29.2950367368757724761962890625" lon="117.2598724253475666046142578125">
        <ele>35.200000762939453125</ele>
        <time>2026-08-19T21:45:12.000Z</time>
        <extensions>
          <ns3:TrackPointExtension>
            <ns3:hr>129</ns3:hr>
            <ns3:cad>89</ns3:cad>
          </ns3:TrackPointExtension>
        </extensions>
      </trkpt>
      <trkpt lat="29.295028187334537506103515625" lon="117.2598469443619251251220703125">
        <ele>35.200000762939453125</ele>
        <time>2026-08-19T21:45:13.000Z</time>
        <extensions>
          <ns3:TrackPointExtension>
            <ns3:hr>130</ns3:hr>
            <ns3:cad>89</ns3:cad>
          </ns3:TrackPointExtension>
        </extensions>
      </trkpt>
      <trkpt lat="29.29501670412719249725341796875" lon="117.25982272066175937652587890625">
        <ele>35.200000762939453125</ele>
        <time>2026-08-19T21:45:14.000Z</time>
        <extensions>
          <ns3:TrackPointExtension>
            <ns3:hr>130</ns3:hr>
            <ns3:cad>89</ns3:cad>
          </ns3:TrackPointExtension>
        </extensions>
      </trkpt>
      <trkpt lat="29.2950079031288623809814453125" lon="117.2597966529428958892822265625">
        <ele>35.200000762939453125</ele>
        <time>2026-08-19T21:45:15.000Z</time>
        <extensions>
          <ns3:TrackPointExtension>
            <ns3:hr>130</ns3:hr>
            <ns3:cad>89</ns3:cad>
          </ns3:TrackPointExtension>
        </extensions>
      </trkpt>
      <trkpt lat="29.29499709047377109527587890625" lon="117.2597731836140155792236328125">
        <ele>35.200000762939453125</ele>
        <time>2026-08-19T21:45:16.000Z</time>
        <extensions>
          <ns3:TrackPointExtension>
            <ns3:hr>130</ns3:hr>
            <ns3:cad>89</ns3:cad>
          </ns3:TrackPointExtension>
        </extensions>
      </trkpt>
      <trkpt lat="29.29498988203704357147216796875" lon="117.2597450204193592071533203125">
        <ele>35.200000762939453125</ele>
        <time>2026-08-19T21:45:17.000Z</time>
        <extensions>
          <ns3:TrackPointExtension>
            <ns3:hr>130</ns3:hr>
            <ns3:cad>89</ns3:cad>
          </ns3:TrackPointExtension>
        </extensions>
      </trkpt>
      <trkpt lat="29.29497613571584224700927734375" lon="117.25972138345241546630859375">
        <ele>35.200000762939453125</ele>
        <time>2026-08-19T21:45:18.000Z</time>
        <extensions>
          <ns3:TrackPointExtension>
            <ns3:hr>130</ns3:hr>
            <ns3:cad>89</ns3:cad>
          </ns3:TrackPointExtension>
        </extensions>
      </trkpt>
      <trkpt lat="29.2949675023555755615234375" lon="117.25969263352453708648681640625">
        <ele>35.200000762939453125</ele>
        <time>2026-08-19T21:45:19.000Z</time>
        <extensions>
          <ns3:TrackPointExtension>
            <ns3:hr>131</ns3:hr>
            <ns3:cad>89</ns3:cad>
          </ns3:TrackPointExtension>
        </extensions>
      </trkpt>
      <trkpt lat="29.29495476186275482177734375" lon="117.25966514088213443756103515625">
        <ele>35.200000762939453125</ele>
        <time>2026-08-19T21:45:20.000Z</time>
        <extensions>
          <ns3:TrackPointExtension>
            <ns3:hr>130</ns3:hr>
            <ns3:cad>89</ns3:cad>
          </ns3:TrackPointExtension>
        </extensions>
      </trkpt>
      <trkpt lat="29.29494814015924930572509765625" lon="117.2596380673348903656005859375">
        <ele>35.200000762939453125</ele>
        <time>2026-08-19T21:45:21.000Z</time>
        <extensions>
          <ns3:TrackPointExtension>
            <ns3:hr>130</ns3:hr>
            <ns3:cad>89</ns3:cad>
          </ns3:TrackPointExtension>
        </extensions>
      </trkpt>
      <trkpt lat="29.29493657313287258148193359375" lon="117.25961149670183658599853515625">
        <ele>35.200000762939453125</ele>
        <time>2026-08-19T21:45:22.000Z</time>
        <extensions>
          <ns3:TrackPointExtension>
            <ns3:hr>131</ns3:hr>
            <ns3:cad>89</ns3:cad>
          </ns3:TrackPointExtension>
        </extensions>
      </trkpt>
      <trkpt lat="29.29492886178195476531982421875" lon="117.25958216004073619842529296875">
        <ele>35.200000762939453125</ele>
        <time>2026-08-19T21:45:23.000Z</time>
        <extensions>
          <ns3:TrackPointExtension>
            <ns3:hr>130</ns3:hr>
            <ns3:cad>89</ns3:cad>
          </ns3:TrackPointExtension>
        </extensions>
      </trkpt>
      <trkpt lat="29.29491721093654632568359375" lon="117.259555757045745849609375">
        <ele>35.200000762939453125</ele>
        <time>2026-08-19T21:45:24.000Z</time>
        <extensions>
          <ns3:TrackPointExtension>
            <ns3:hr>130</ns3:hr>
            <ns3:cad>89</ns3:cad>
          </ns3:TrackPointExtension>
        </extensions>
      </trkpt>
      <trkpt lat="29.29490840993821620941162109375" lon="117.25952935405075550079345703125">
        <ele>35.200000762939453125</ele>
        <time>2026-08-19T21:45:25.000Z</time>
        <extensions>
          <ns3:TrackPointExtension>
            <ns3:hr>131</ns3:hr>
            <ns3:cad>90</ns3:cad>
          </ns3:TrackPointExtension>
        </extensions>
      </trkpt>
      <trkpt lat="29.29489416070282459259033203125" lon="117.25950286723673343658447265625">
        <ele>35.200000762939453125</ele>
        <time>2026-08-19T21:45:26.000Z</time>
        <extensions>
          <ns3:TrackPointExtension>
            <ns3:hr>130</ns3:hr>
            <ns3:cad>89</ns3:cad>
          </ns3:TrackPointExtension>
        </extensions>
      </trkpt>
      <trkpt lat="29.2948851920664310455322265625" lon="117.25947671569883823394775390625">
        <ele>35.200000762939453125</ele>
        <time>2026-08-19T21:45:27.000Z</time>
        <extensions>
          <ns3:TrackPointExtension>
            <ns3:hr>130</ns3:hr>
            <ns3:cad>89</ns3:cad>
          </ns3:TrackPointExtension>
        </extensions>
      </trkpt>
      <trkpt lat="29.2948721162974834442138671875" lon="117.2594513185322284698486328125">
        <ele>35.200000762939453125</ele>
        <time>2026-08-19T21:45:28.000Z</time>
        <extensions>
          <ns3:TrackPointExtension>
            <ns3:hr>131</ns3:hr>
            <ns3:cad>89</ns3:cad>
          </ns3:TrackPointExtension>
        </extensions>
      </trkpt>
      <trkpt lat="29.29486348293721675872802734375" lon="117.25942541845142841339111328125">
        <ele>35.200000762939453125</ele>
        <time>2026-08-19T21:45:29.000Z</time>
        <extensions>
          <ns3:TrackPointExtension>
            <ns3:hr>130</ns3:hr>
            <ns3:cad>89</ns3:cad>
          </ns3:TrackPointExtension>
        </extensions>
      </trkpt>
      <trkpt lat="29.29485258646309375762939453125" lon="117.2594006918370723724365234375">
        <ele>35.200000762939453125</ele>
        <time>2026-08-19T21:45:30.000Z</time>
        <extensions>
          <ns3:TrackPointExtension>
            <ns3:hr>130</ns3:hr>
            <ns3:cad>89</ns3:cad>
          </ns3:TrackPointExtension>
        </extensions>
      </trkpt>
      <trkpt lat="29.2948446236550807952880859375" lon="117.2593738697469234466552734375">
        <ele>35.200000762939453125</ele>
        <time>2026-08-19T21:45:31.000Z</time>
        <extensions>
          <ns3:TrackPointExtension>
            <ns3:hr>131</ns3:hr>
            <ns3:cad>89</ns3:cad>
          </ns3:TrackPointExtension>
        </extensions>
      </trkpt>
      <trkpt lat="29.2948333919048309326171875" lon="117.25934914313256740570068359375">
        <ele>35.200000762939453125</ele>
        <time>2026-08-19T21:45:32.000Z</time>
        <extensions>
          <ns3:TrackPointExtension>
            <ns3:hr>130</ns3:hr>
            <ns3:cad>89</ns3:cad>
          </ns3:TrackPointExtension>
        </extensions>
      </trkpt>
      <trkpt lat="29.2948253452777862548828125" lon="117.259323410689830780029296875">
        <ele>35.200000762939453125</ele>
        <time>2026-08-19T21:45:33.000Z</time>
        <extensions>
          <ns3:TrackPointExtension>
            <ns3:hr>130</ns3:hr>
            <ns3:cad>89</ns3:cad>
          </ns3:TrackPointExtension>
        </extensions>
      </trkpt>
      <trkpt lat="29.2948137782514095306396484375" lon="117.259299270808696746826171875">
        <ele>35</ele>
        <time>2026-08-19T21:45:34.000Z</time>
        <extensions>
          <ns3:TrackPointExtension>
            <ns3:hr>131</ns3:hr>
            <ns3:cad>89</ns3:cad>
          </ns3:TrackPointExtension>
        </extensions>
      </trkpt>
      <trkpt lat="29.294804893434047698974609375" lon="117.2592699341475963592529296875">
        <ele>35</ele>
        <time>2026-08-19T21:45:35.000Z</time>
        <extensions>
          <ns3:TrackPointExtension>
            <ns3:hr>131</ns3:hr>
            <ns3:cad>89</ns3:cad>
          </ns3:TrackPointExtension>
        </extensions>
      </trkpt>
      <trkpt lat="29.29479089565575122833251953125" lon="117.25924395024776458740234375">
        <ele>35</ele>
        <time>2026-08-19T21:45:36.000Z</time>
        <extensions>
          <ns3:TrackPointExtension>
            <ns3:hr>131</ns3:hr>
            <ns3:cad>89</ns3:cad>
          </ns3:TrackPointExtension>
        </extensions>
      </trkpt>
      <trkpt lat="29.2947824299335479736328125" lon="117.25921771489083766937255859375">
        <ele>35</ele>
        <time>2026-08-19T21:45:37.000Z</time>
        <extensions>
          <ns3:TrackPointExtension>
            <ns3:hr>131</ns3:hr>
            <ns3:cad>90</ns3:cad>
          </ns3:TrackPointExtension>
        </extensions>
      </trkpt>
      <trkpt lat="29.2947705276310443878173828125" lon="117.25919164717197418212890625">
        <ele>35</ele>
        <time>2026-08-19T21:45:38.000Z</time>
        <extensions>
          <ns3:TrackPointExtension>
            <ns3:hr>131</ns3:hr>
            <ns3:cad>90</ns3:cad>
          </ns3:TrackPointExtension>
        </extensions>
      </trkpt>
      <trkpt lat="29.29475896060466766357421875" lon="117.2591649927198886871337890625">
        <ele>35</ele>
        <time>2026-08-19T21:45:39.000Z</time>
        <extensions>
          <ns3:TrackPointExtension>
            <ns3:hr>131</ns3:hr>
            <ns3:cad>90</ns3:cad>
          </ns3:TrackPointExtension>
        </extensions>
      </trkpt>
      <trkpt lat="29.294748567044734954833984375" lon="117.259137332439422607421875">
        <ele>35</ele>
        <time>2026-08-19T21:45:40.000Z</time>
        <extensions>
          <ns3:TrackPointExtension>
            <ns3:hr>131</ns3:hr>
            <ns3:cad>90</ns3:cad>
          </ns3:TrackPointExtension>
        </extensions>
      </trkpt>
      <trkpt lat="29.29473943077027797698974609375" lon="117.25911025889217853546142578125">
        <ele>35.200000762939453125</ele>
        <time>2026-08-19T21:45:41.000Z</time>
        <extensions>
          <ns3:TrackPointExtension>
            <ns3:hr>131</ns3:hr>
            <ns3:cad>90</ns3:cad>
          </ns3:TrackPointExtension>
        </extensions>
      </trkpt>
      <trkpt lat="29.29472853429615497589111328125" lon="117.25908435881137847900390625">
        <ele>35.200000762939453125</ele>
        <time>2026-08-19T21:45:42.000Z</time>
        <extensions>
          <ns3:TrackPointExtension>
            <ns3:hr>131</ns3:hr>
            <ns3:cad>90</ns3:cad>
          </ns3:TrackPointExtension>
        </extensions>
      </trkpt>
      <trkpt lat="29.29472006857395172119140625" lon="117.2590640746057033538818359375">
        <ele>35</ele>
        <time>2026-08-19T21:45:43.000Z</time>
        <extensions>
          <ns3:TrackPointExtension>
            <ns3:hr>131</ns3:hr>
            <ns3:cad>90</ns3:cad>
          </ns3:TrackPointExtension>
        </extensions>
      </trkpt>
      <trkpt lat="29.294709675014019012451171875" lon="117.25903666578233242034912109375">
        <ele>35</ele>
        <time>2026-08-19T21:45:44.000Z</time>
        <extensions>
          <ns3:TrackPointExtension>
            <ns3:hr>131</ns3:hr>
            <ns3:cad>90</ns3:cad>
          </ns3:TrackPointExtension>
        </extensions>
      </trkpt>
      <trkpt lat="29.2947031371295452117919921875" lon="117.25901453755795955657958984375">
        <ele>35</ele>
        <time>2026-08-19T21:45:45.000Z</time>
        <extensions>
          <ns3:TrackPointExtension>
            <ns3:hr>131</ns3:hr>
            <ns3:cad>90</ns3:cad>
          </ns3:TrackPointExtension>
        </extensions>
      </trkpt>
      <trkpt lat="29.29469249211251735687255859375" lon="117.2589876316487789154052734375">
        <ele>35</ele>
        <time>2026-08-19T21:45:46.000Z</time>
        <extensions>
          <ns3:TrackPointExtension>
            <ns3:hr>131</ns3:hr>
            <ns3:cad>91</ns3:cad>
          </ns3:TrackPointExtension>
        </extensions>
      </trkpt>
      <trkpt lat="29.29468360729515552520751953125" lon="117.2589661739766597747802734375">
        <ele>35</ele>
        <time>2026-08-19T21:45:47.000Z</time>
        <extensions>
          <ns3:TrackPointExtension>
            <ns3:hr>131</ns3:hr>
            <ns3:cad>91</ns3:cad>
          </ns3:TrackPointExtension>
        </extensions>
      </trkpt>
      <trkpt lat="29.29467447102069854736328125" lon="117.25893658585846424102783203125">
        <ele>35</ele>
        <time>2026-08-19T21:45:48.000Z</time>
        <extensions>
          <ns3:TrackPointExtension>
            <ns3:hr>131</ns3:hr>
            <ns3:cad>91</ns3:cad>
          </ns3:TrackPointExtension>
        </extensions>
      </trkpt>
      <trkpt lat="29.29466642439365386962890625" lon="117.25891428999602794647216796875">
        <ele>34.799999237060546875</ele>
        <time>2026-08-19T21:45:49.000Z</time>
        <extensions>
          <ns3:TrackPointExtension>
            <ns3:hr>130</ns3:hr>
            <ns3:cad>91</ns3:cad>
          </ns3:TrackPointExtension>
        </extensions>
      </trkpt>
      <trkpt lat="29.29465829394757747650146484375" lon="117.25888411514461040496826171875">
        <ele>34.799999237060546875</ele>
        <time>2026-08-19T21:45:50.000Z</time>
        <extensions>
          <ns3:TrackPointExtension>
            <ns3:hr>131</ns3:hr>
            <ns3:cad>90</ns3:cad>
          </ns3:TrackPointExtension>
        </extensions>
      </trkpt>
      <trkpt lat="29.29464773274958133697509765625" lon="117.25886047817766666412353515625">
        <ele>34.799999237060546875</ele>
        <time>2026-08-19T21:45:51.000Z</time>
        <extensions>
          <ns3:TrackPointExtension>
            <ns3:hr>131</ns3:hr>
            <ns3:cad>90</ns3:cad>
          </ns3:TrackPointExtension>
        </extensions>
      </trkpt>
      <trkpt lat="29.29463834501802921295166015625" lon="117.25883231498301029205322265625">
        <ele>34.799999237060546875</ele>
        <time>2026-08-19T21:45:52.000Z</time>
        <extensions>
          <ns3:TrackPointExtension>
            <ns3:hr>130</ns3:hr>
            <ns3:cad>90</ns3:cad>
          </ns3:TrackPointExtension>
        </extensions>
      </trkpt>
      <trkpt lat="29.29462728090584278106689453125" lon="117.258810102939605712890625">
        <ele>34.799999237060546875</ele>
        <time>2026-08-19T21:45:53.000Z</time>
        <extensions>
          <ns3:TrackPointExtension>
            <ns3:hr>131</ns3:hr>
            <ns3:cad>90</ns3:cad>
          </ns3:TrackPointExtension>
        </extensions>
      </trkpt>
      <trkpt lat="29.29461680352687835693359375" lon="117.25877967663109302520751953125">
        <ele>34.799999237060546875</ele>
        <time>2026-08-19T21:45:54.000Z</time>
        <extensions>
          <ns3:TrackPointExtension>
            <ns3:hr>131</ns3:hr>
            <ns3:cad>90</ns3:cad>
          </ns3:TrackPointExtension>
        </extensions>
      </trkpt>
      <trkpt lat="29.2946079187095165252685546875" lon="117.2587546147406101226806640625">
        <ele>34.799999237060546875</ele>
        <time>2026-08-19T21:45:55.000Z</time>
        <extensions>
          <ns3:TrackPointExtension>
            <ns3:hr>130</ns3:hr>
            <ns3:cad>90</ns3:cad>
          </ns3:TrackPointExtension>
        </extensions>
      </trkpt>
      <trkpt lat="29.294597022235393524169921875" lon="117.25872402079403400421142578125">
        <ele>34.799999237060546875</ele>
        <time>2026-08-19T21:45:56.000Z</time>
        <extensions>
          <ns3:TrackPointExtension>
            <ns3:hr>130</ns3:hr>
            <ns3:cad>90</ns3:cad>
          </ns3:TrackPointExtension>
        </extensions>
      </trkpt>
      <trkpt lat="29.2945867963135242462158203125" lon="117.258702814579010009765625">
        <ele>34.799999237060546875</ele>
        <time>2026-08-19T21:45:57.000Z</time>
        <extensions>
          <ns3:TrackPointExtension>
            <ns3:hr>130</ns3:hr>
            <ns3:cad>90</ns3:cad>
          </ns3:TrackPointExtension>
        </extensions>
      </trkpt>
      <trkpt lat="29.29457816295325756072998046875" lon="117.25867691449820995330810546875">
        <ele>34.799999237060546875</ele>
        <time>2026-08-19T21:45:58.000Z</time>
        <extensions>
          <ns3:TrackPointExtension>
            <ns3:hr>130</ns3:hr>
            <ns3:cad>90</ns3:cad>
          </ns3:TrackPointExtension>
        </extensions>
      </trkpt>
      <trkpt lat="29.29456877522170543670654296875" lon="117.25865445099771022796630859375">
        <ele>34.799999237060546875</ele>
        <time>2026-08-19T21:45:59.000Z</time>
        <extensions>
          <ns3:TrackPointExtension>
            <ns3:hr>131</ns3:hr>
            <ns3:cad>90</ns3:cad>
          </ns3:TrackPointExtension>
        </extensions>
      </trkpt>
      <trkpt lat="29.29456072859466075897216796875" lon="117.258625365793704986572265625">
        <ele>34.799999237060546875</ele>
        <time>2026-08-19T21:46:00.000Z</time>
        <extensions>
          <ns3:TrackPointExtension>
            <ns3:hr>130</ns3:hr>
            <ns3:cad>90</ns3:cad>
          </ns3:TrackPointExtension>
        </extensions>
      </trkpt>
      <trkpt lat="29.2945515923202037811279296875" lon="117.25860231555998325347900390625">
        <ele>34.799999237060546875</ele>
        <time>2026-08-19T21:46:01.000Z</time>
        <extensions>
          <ns3:TrackPointExtension>
            <ns3:hr>130</ns3:hr>
            <ns3:cad>90</ns3:cad>
          </ns3:TrackPointExtension>
        </extensions>
      </trkpt>
      <trkpt lat="29.294542036950588226318359375" lon="117.25856677629053592681884765625">
        <ele>34.799999237060546875</ele>
        <time>2026-08-19T21:46:02.000Z</time>
        <extensions>
          <ns3:TrackPointExtension>
            <ns3:hr>131</ns3:hr>
            <ns3:cad>90</ns3:cad>
          </ns3:TrackPointExtension>
        </extensions>
      </trkpt>
      <trkpt lat="29.29453055374324321746826171875" lon="117.25854112766683101654052734375">
        <ele>34.799999237060546875</ele>
        <time>2026-08-19T21:46:03.000Z</time>
        <extensions>
          <ns3:TrackPointExtension>
            <ns3:hr>130</ns3:hr>
            <ns3:cad>90</ns3:cad>
          </ns3:TrackPointExtension>
        </extensions>
      </trkpt>
      <trkpt lat="29.29452099837362766265869140625" lon="117.25850894115865230560302734375">
        <ele>34.59999847412109375</ele>
        <time>2026-08-19T21:46:04.000Z</time>
        <extensions>
          <ns3:TrackPointExtension>
            <ns3:hr>130</ns3:hr>
            <ns3:cad>90</ns3:cad>
          </ns3:TrackPointExtension>
        </extensions>
      </trkpt>
      <trkpt lat="29.294511191546916961669921875" lon="117.2584873996675014495849609375">
        <ele>34.59999847412109375</ele>
        <time>2026-08-19T21:46:05.000Z</time>
        <extensions>
          <ns3:TrackPointExtension>
            <ns3:hr>131</ns3:hr>
            <ns3:cad>90</ns3:cad>
          </ns3:TrackPointExtension>
        </extensions>
      </trkpt>
      <trkpt lat="29.2944989539682865142822265625" lon="117.25845781154930591583251953125">
        <ele>34.59999847412109375</ele>
        <time>2026-08-19T21:46:06.000Z</time>
        <extensions>
          <ns3:TrackPointExtension>
            <ns3:hr>130</ns3:hr>
            <ns3:cad>90</ns3:cad>
          </ns3:TrackPointExtension>
        </extensions>
      </trkpt>
      <trkpt lat="29.29448939859867095947265625" lon="117.2584377788007259368896484375">
        <ele>34.59999847412109375</ele>
        <time>2026-08-19T21:46:07.000Z</time>
        <extensions>
          <ns3:TrackPointExtension>
            <ns3:hr>130</ns3:hr>
            <ns3:cad>90</ns3:cad>
          </ns3:TrackPointExtension>
        </extensions>
      </trkpt>
      <trkpt lat="29.2944805137813091278076171875" lon="117.25840844213962554931640625">
        <ele>34.59999847412109375</ele>
        <time>2026-08-19T21:46:08.000Z</time>
        <extensions>
          <ns3:TrackPointExtension>
            <ns3:hr>131</ns3:hr>
            <ns3:cad>89</ns3:cad>
          </ns3:TrackPointExtension>
        </extensions>
      </trkpt>
      <trkpt lat="29.294470958411693572998046875" lon="117.258387319743633270263671875">
        <ele>34.59999847412109375</ele>
        <time>2026-08-19T21:46:09.000Z</time>
        <extensions>
          <ns3:TrackPointExtension>
            <ns3:hr>130</ns3:hr>
            <ns3:cad>89</ns3:cad>
          </ns3:TrackPointExtension>
        </extensions>
      </trkpt>
      <trkpt lat="29.2944614030420780181884765625" lon="117.2583569772541522979736328125">
        <ele>34.59999847412109375</ele>
        <time>2026-08-19T21:46:10.000Z</time>
        <extensions>
          <ns3:TrackPointExtension>
            <ns3:hr>130</ns3:hr>
            <ns3:cad>89</ns3:cad>
          </ns3:TrackPointExtension>
        </extensions>
      </trkpt>
      <trkpt lat="29.29445025511085987091064453125" lon="117.25833577103912830352783203125">
        <ele>34.59999847412109375</ele>
        <time>2026-08-19T21:46:11.000Z</time>
        <extensions>
          <ns3:TrackPointExtension>
            <ns3:hr>131</ns3:hr>
            <ns3:cad>89</ns3:cad>
          </ns3:TrackPointExtension>
        </extensions>
      </trkpt>
      <trkpt lat="29.29443818517029285430908203125" lon="117.2582993097603321075439453125">
        <ele>34.59999847412109375</ele>
        <time>2026-08-19T21:46:12.000Z</time>
        <extensions>
          <ns3:TrackPointExtension>
            <ns3:hr>130</ns3:hr>
            <ns3:cad>89</ns3:cad>
          </ns3:TrackPointExtension>
        </extensions>
      </trkpt>
      <trkpt lat="29.29442502558231353759765625" lon="117.2582803666591644287109375">
        <ele>34.59999847412109375</ele>
        <time>2026-08-19T21:46:13.000Z</time>
        <extensions>
          <ns3:TrackPointExtension>
            <ns3:hr>129</ns3:hr>
            <ns3:cad>89</ns3:cad>
          </ns3:TrackPointExtension>
        </extensions>
      </trkpt>
      <trkpt lat="29.294413961470127105712890625" lon="117.25824977271258831024169921875">
        <ele>34.40000152587890625</ele>
        <time>2026-08-19T21:46:14.000Z</time>
        <extensions>
          <ns3:TrackPointExtension>
            <ns3:hr>129</ns3:hr>
            <ns3:cad>89</ns3:cad>
          </ns3:TrackPointExtension>
        </extensions>
      </trkpt>
      <trkpt lat="29.2944040708243846893310546875" lon="117.2582289017736911773681640625">
        <ele>34.59999847412109375</ele>
        <time>2026-08-19T21:46:15.000Z</time>
        <extensions>
          <ns3:TrackPointExtension>
            <ns3:hr>128</ns3:hr>
            <ns3:cad>90</ns3:cad>
          </ns3:TrackPointExtension>
        </extensions>
      </trkpt>
      <trkpt lat="29.29439543746411800384521484375" lon="117.2581957094371318817138671875">
        <ele>34.59999847412109375</ele>
        <time>2026-08-19T21:46:16.000Z</time>
        <extensions>
          <ns3:TrackPointExtension>
            <ns3:hr>128</ns3:hr>
            <ns3:cad>90</ns3:cad>
          </ns3:TrackPointExtension>
        </extensions>
      </trkpt>
      <trkpt lat="29.2943856306374073028564453125" lon="117.25817718543112277984619140625">
        <ele>34.59999847412109375</ele>
        <time>2026-08-19T21:46:17.000Z</time>
        <extensions>
          <ns3:TrackPointExtension>
            <ns3:hr>127</ns3:hr>
            <ns3:cad>90</ns3:cad>
          </ns3:TrackPointExtension>
        </extensions>
      </trkpt>
      <trkpt lat="29.29437951184809207916259765625" lon="117.2581484355032444000244140625">
        <ele>34.59999847412109375</ele>
        <time>2026-08-19T21:46:18.000Z</time>
        <extensions>
          <ns3:TrackPointExtension>
            <ns3:hr>127</ns3:hr>
            <ns3:cad>90</ns3:cad>
          </ns3:TrackPointExtension>
        </extensions>
      </trkpt>
      <trkpt lat="29.29436844773590564727783203125" lon="117.25812873803079128265380859375">
        <ele>34.40000152587890625</ele>
        <time>2026-08-19T21:46:19.000Z</time>
        <extensions>
          <ns3:TrackPointExtension>
            <ns3:hr>126</ns3:hr>
            <ns3:cad>90</ns3:cad>
          </ns3:TrackPointExtension>
        </extensions>
      </trkpt>
      <trkpt lat="29.2943534441292285919189453125" lon="117.2581001557409763336181640625">
        <ele>34.40000152587890625</ele>
        <time>2026-08-19T21:46:20.000Z</time>
        <extensions>
          <ns3:TrackPointExtension>
            <ns3:hr>126</ns3:hr>
            <ns3:cad>89</ns3:cad>
          </ns3:TrackPointExtension>
        </extensions>
      </trkpt>
      <trkpt lat="29.2943427152931690216064453125" lon="117.25807643495500087738037109375">
        <ele>34.40000152587890625</ele>
        <time>2026-08-19T21:46:21.000Z</time>
        <extensions>
          <ns3:TrackPointExtension>
            <ns3:hr>126</ns3:hr>
            <ns3:cad>89</ns3:cad>
          </ns3:TrackPointExtension>
        </extensions>
      </trkpt>
      <trkpt lat="29.29433257319033145904541015625" lon="117.2580443322658538818359375">
        <ele>34.40000152587890625</ele>
        <time>2026-08-19T21:46:22.000Z</time>
        <extensions>
          <ns3:TrackPointExtension>
            <ns3:hr>126</ns3:hr>
            <ns3:cad>89</ns3:cad>
          </ns3:TrackPointExtension>
        </extensions>
      </trkpt>
      <trkpt lat="29.29432285018265247344970703125" lon="117.258018516004085540771484375">
        <ele>34.59999847412109375</ele>
        <time>2026-08-19T21:46:23.000Z</time>
        <extensions>
          <ns3:TrackPointExtension>
            <ns3:hr>126</ns3:hr>
            <ns3:cad>89</ns3:cad>
          </ns3:TrackPointExtension>
        </extensions>
      </trkpt>
      <trkpt lat="29.2943138815462589263916015625" lon="117.25798976607620716094970703125">
        <ele>34.59999847412109375</ele>
        <time>2026-08-19T21:46:24.000Z</time>
        <extensions>
          <ns3:TrackPointExtension>
            <ns3:hr>126</ns3:hr>
            <ns3:cad>89</ns3:cad>
          </ns3:TrackPointExtension>
        </extensions>
      </trkpt>
      <trkpt lat="29.29430658929049968719482421875" lon="117.2579667158424854278564453125">
        <ele>34.59999847412109375</ele>
        <time>2026-08-19T21:46:25.000Z</time>
        <extensions>
          <ns3:TrackPointExtension>
            <ns3:hr>126</ns3:hr>
            <ns3:cad>89</ns3:cad>
          </ns3:TrackPointExtension>
        </extensions>
      </trkpt>
      <trkpt lat="29.29429896175861358642578125" lon="117.2579365409910678863525390625">
        <ele>34.59999847412109375</ele>
        <time>2026-08-19T21:46:26.000Z</time>
        <extensions>
          <ns3:TrackPointExtension>
            <ns3:hr>126</ns3:hr>
            <ns3:cad>89</ns3:cad>
          </ns3:TrackPointExtension>
        </extensions>
      </trkpt>
      <trkpt lat="29.294286556541919708251953125" lon="117.257916592061519622802734375">
        <ele>34.59999847412109375</ele>
        <time>2026-08-19T21:46:27.000Z</time>
        <extensions>
          <ns3:TrackPointExtension>
            <ns3:hr>126</ns3:hr>
            <ns3:cad>89</ns3:cad>
          </ns3:TrackPointExtension>
        </extensions>
      </trkpt>
      <trkpt lat="29.29427976720035076141357421875" lon="117.2578872554004192352294921875">
        <ele>34.40000152587890625</ele>
        <time>2026-08-19T21:46:28.000Z</time>
        <extensions>
          <ns3:TrackPointExtension>
            <ns3:hr>126</ns3:hr>
            <ns3:cad>89</ns3:cad>
          </ns3:TrackPointExtension>
        </extensions>
      </trkpt>
      <trkpt lat="29.29426853545010089874267578125" lon="117.2578668035566806793212890625">
        <ele>34.40000152587890625</ele>
        <time>2026-08-19T21:46:29.000Z</time>
        <extensions>
          <ns3:TrackPointExtension>
            <ns3:hr>126</ns3:hr>
            <ns3:cad>89</ns3:cad>
          </ns3:TrackPointExtension>
        </extensions>
      </trkpt>
      <trkpt lat="29.29426115937530994415283203125" lon="117.257837466895580291748046875">
        <ele>34.40000152587890625</ele>
        <time>2026-08-19T21:46:30.000Z</time>
        <extensions>
          <ns3:TrackPointExtension>
            <ns3:hr>126</ns3:hr>
            <ns3:cad>89</ns3:cad>
          </ns3:TrackPointExtension>
        </extensions>
      </trkpt>
      <trkpt lat="29.29425068199634552001953125" lon="117.257818020880222320556640625">
        <ele>34.200000762939453125</ele>
        <time>2026-08-19T21:46:31.000Z</time>
        <extensions>
          <ns3:TrackPointExtension>
            <ns3:hr>126</ns3:hr>
            <ns3:cad>89</ns3:cad>
          </ns3:TrackPointExtension>
        </extensions>
      </trkpt>
      <trkpt lat="29.2942397855222225189208984375" lon="117.2577866725623607635498046875">
        <ele>34.40000152587890625</ele>
        <time>2026-08-19T21:46:32.000Z</time>
        <extensions>
          <ns3:TrackPointExtension>
            <ns3:hr>126</ns3:hr>
            <ns3:cad>89</ns3:cad>
          </ns3:TrackPointExtension>
        </extensions>
      </trkpt>
      <trkpt lat="29.29422662593424320220947265625" lon="117.2577665559947490692138671875">
        <ele>34.40000152587890625</ele>
        <time>2026-08-19T21:46:33.000Z</time>
        <extensions>
          <ns3:TrackPointExtension>
            <ns3:hr>126</ns3:hr>
            <ns3:cad>89</ns3:cad>
          </ns3:TrackPointExtension>
        </extensions>
      </trkpt>
      <trkpt lat="29.29421983659267425537109375" lon="117.25773579441010951995849609375">
        <ele>34.40000152587890625</ele>
        <time>2026-08-19T21:46:34.000Z</time>
        <extensions>
          <ns3:TrackPointExtension>
            <ns3:hr>127</ns3:hr>
            <ns3:cad>89</ns3:cad>
          </ns3:TrackPointExtension>
        </extensions>
      </trkpt>
      <trkpt lat="29.2942082695662975311279296875" lon="117.25771467201411724090576171875">
        <ele>34.40000152587890625</ele>
        <time>2026-08-19T21:46:35.000Z</time>
        <extensions>
          <ns3:TrackPointExtension>
            <ns3:hr>127</ns3:hr>
            <ns3:cad>90</ns3:cad>
          </ns3:TrackPointExtension>
        </extensions>
      </trkpt>
      <trkpt lat="29.2942018993198871612548828125" lon="117.25768282078206539154052734375">
        <ele>34.40000152587890625</ele>
        <time>2026-08-19T21:46:36.000Z</time>
        <extensions>
          <ns3:TrackPointExtension>
            <ns3:hr>128</ns3:hr>
            <ns3:cad>90</ns3:cad>
          </ns3:TrackPointExtension>
        </extensions>
      </trkpt>
      <trkpt lat="29.29418806917965412139892578125" lon="117.25766287185251712799072265625">
        <ele>34.40000152587890625</ele>
        <time>2026-08-19T21:46:37.000Z</time>
        <extensions>
          <ns3:TrackPointExtension>
            <ns3:hr>128</ns3:hr>
            <ns3:cad>90</ns3:cad>
          </ns3:TrackPointExtension>
        </extensions>
      </trkpt>
      <trkpt lat="29.2941821180284023284912109375" lon="117.2576307691633701324462890625">
        <ele>34.40000152587890625</ele>
        <time>2026-08-19T21:46:38.000Z</time>
        <extensions>
          <ns3:TrackPointExtension>
            <ns3:hr>129</ns3:hr>
            <ns3:cad>90</ns3:cad>
          </ns3:TrackPointExtension>
        </extensions>
      </trkpt>
      <trkpt lat="29.29416979663074016571044921875" lon="117.25760973058640956878662109375">
        <ele>34.40000152587890625</ele>
        <time>2026-08-19T21:46:39.000Z</time>
        <extensions>
          <ns3:TrackPointExtension>
            <ns3:hr>129</ns3:hr>
            <ns3:cad>91</ns3:cad>
          </ns3:TrackPointExtension>
        </extensions>
      </trkpt>
      <trkpt lat="29.294163174927234649658203125" lon="117.25757972337305545806884765625">
        <ele>34.40000152587890625</ele>
        <time>2026-08-19T21:46:40.000Z</time>
        <extensions>
          <ns3:TrackPointExtension>
            <ns3:hr>129</ns3:hr>
            <ns3:cad>90</ns3:cad>
          </ns3:TrackPointExtension>
        </extensions>
      </trkpt>
      <trkpt lat="29.29414968006312847137451171875" lon="117.2575590200722217559814453125">
        <ele>34.40000152587890625</ele>
        <time>2026-08-19T21:46:41.000Z</time>
        <extensions>
          <ns3:TrackPointExtension>
            <ns3:hr>129</ns3:hr>
            <ns3:cad>90</ns3:cad>
          </ns3:TrackPointExtension>
        </extensions>
      </trkpt>
      <trkpt lat="29.29414096288383007049560546875" lon="117.25752792321145534515380859375">
        <ele>34.200000762939453125</ele>
        <time>2026-08-19T21:46:42.000Z</time>
        <extensions>
          <ns3:TrackPointExtension>
            <ns3:hr>130</ns3:hr>
            <ns3:cad>90</ns3:cad>
          </ns3:TrackPointExtension>
        </extensions>
      </trkpt>
      <trkpt lat="29.29412662982940673828125" lon="117.2575047053396701812744140625">
        <ele>34.200000762939453125</ele>
        <time>2026-08-19T21:46:43.000Z</time>
        <extensions>
          <ns3:TrackPointExtension>
            <ns3:hr>130</ns3:hr>
            <ns3:cad>91</ns3:cad>
          </ns3:TrackPointExtension>
        </extensions>
      </trkpt>
      <trkpt lat="29.2941194213926792144775390625" lon="117.25747494958341121673583984375">
        <ele>34.200000762939453125</ele>
        <time>2026-08-19T21:46:44.000Z</time>
        <extensions>
          <ns3:TrackPointExtension>
            <ns3:hr>130</ns3:hr>
            <ns3:cad>91</ns3:cad>
          </ns3:TrackPointExtension>
        </extensions>
      </trkpt>
      <trkpt lat="29.29410492070019245147705078125" lon="117.257449217140674591064453125">
        <ele>34.200000762939453125</ele>
        <time>2026-08-19T21:46:45.000Z</time>
        <extensions>
          <ns3:TrackPointExtension>
            <ns3:hr>130</ns3:hr>
            <ns3:cad>91</ns3:cad>
          </ns3:TrackPointExtension>
        </extensions>
      </trkpt>
      <trkpt lat="29.2940909229218959808349609375" lon="117.25742398761212825775146484375">
        <ele>34.200000762939453125</ele>
        <time>2026-08-19T21:46:46.000Z</time>
        <extensions>
          <ns3:TrackPointExtension>
            <ns3:hr>130</ns3:hr>
            <ns3:cad>91</ns3:cad>
          </ns3:TrackPointExtension>
        </extensions>
      </trkpt>
      <trkpt lat="29.29407642222940921783447265625" lon="117.2573987580835819244384765625">
        <ele>34.40000152587890625</ele>
        <time>2026-08-19T21:46:47.000Z</time>
        <extensions>
          <ns3:TrackPointExtension>
            <ns3:hr>130</ns3:hr>
            <ns3:cad>91</ns3:cad>
          </ns3:TrackPointExtension>
        </extensions>
      </trkpt>
      <trkpt lat="29.2940667830407619476318359375" lon="117.25736908614635467529296875">
        <ele>34.40000152587890625</ele>
        <time>2026-08-19T21:46:48.000Z</time>
        <extensions>
          <ns3:TrackPointExtension>
            <ns3:hr>131</ns3:hr>
            <ns3:cad>91</ns3:cad>
          </ns3:TrackPointExtension>
        </extensions>
      </trkpt>
      <trkpt lat="29.29405161179602146148681640625" lon="117.257344610989093780517578125">
        <ele>34.200000762939453125</ele>
        <time>2026-08-19T21:46:49.000Z</time>
        <extensions>
          <ns3:TrackPointExtension>
            <ns3:hr>130</ns3:hr>
            <ns3:cad>91</ns3:cad>
          </ns3:TrackPointExtension>
        </extensions>
      </trkpt>
      <trkpt lat="29.2940419726073741912841796875" lon="117.25731753744184970855712890625">
        <ele>34.40000152587890625</ele>
        <time>2026-08-19T21:46:50.000Z</time>
        <extensions>
          <ns3:TrackPointExtension>
            <ns3:hr>130</ns3:hr>
            <ns3:cad>91</ns3:cad>
          </ns3:TrackPointExtension>
        </extensions>
      </trkpt>
      <trkpt lat="29.2940272204577922821044921875" lon="117.25729130208492279052734375">
        <ele>34.200000762939453125</ele>
        <time>2026-08-19T21:46:51.000Z</time>
        <extensions>
          <ns3:TrackPointExtension>
            <ns3:hr>131</ns3:hr>
            <ns3:cad>90</ns3:cad>
          </ns3:TrackPointExtension>
        </extensions>
      </trkpt>
      <trkpt lat="29.29401674307882785797119140625" lon="117.2572646476328372955322265625">
        <ele>34.200000762939453125</ele>
        <time>2026-08-19T21:46:52.000Z</time>
        <extensions>
          <ns3:TrackPointExtension>
            <ns3:hr>130</ns3:hr>
            <ns3:cad>90</ns3:cad>
          </ns3:TrackPointExtension>
        </extensions>
      </trkpt>
      <trkpt lat="29.29400618188083171844482421875" lon="117.25724159739911556243896484375">
        <ele>34.200000762939453125</ele>
        <time>2026-08-19T21:46:53.000Z</time>
        <extensions>
          <ns3:TrackPointExtension>
            <ns3:hr>131</ns3:hr>
            <ns3:cad>90</ns3:cad>
          </ns3:TrackPointExtension>
        </extensions>
      </trkpt>
      <trkpt lat="29.29399511776864528656005859375" lon="117.25721712224185466766357421875">
        <ele>34.200000762939453125</ele>
        <time>2026-08-19T21:46:54.000Z</time>
        <extensions>
          <ns3:TrackPointExtension>
            <ns3:hr>131</ns3:hr>
            <ns3:cad>90</ns3:cad>
          </ns3:TrackPointExtension>
        </extensions>
      </trkpt>
      <trkpt lat="29.2939832992851734161376953125" lon="117.25719180889427661895751953125">
        <ele>34.200000762939453125</ele>
        <time>2026-08-19T21:46:55.000Z</time>
        <extensions>
          <ns3:TrackPointExtension>
            <ns3:hr>131</ns3:hr>
            <ns3:cad>90</ns3:cad>
          </ns3:TrackPointExtension>
        </extensions>
      </trkpt>
      <trkpt lat="29.29397516883909702301025390625" lon="117.25716398097574710845947265625">
        <ele>34.200000762939453125</ele>
        <time>2026-08-19T21:46:56.000Z</time>
        <extensions>
          <ns3:TrackPointExtension>
            <ns3:hr>131</ns3:hr>
            <ns3:cad>89</ns3:cad>
          </ns3:TrackPointExtension>
        </extensions>
      </trkpt>
      <trkpt lat="29.29396293126046657562255859375" lon="117.25713908672332763671875">
        <ele>34.200000762939453125</ele>
        <time>2026-08-19T21:46:57.000Z</time>
        <extensions>
          <ns3:TrackPointExtension>
            <ns3:hr>131</ns3:hr>
            <ns3:cad>89</ns3:cad>
          </ns3:TrackPointExtension>
        </extensions>
      </trkpt>
      <trkpt lat="29.29395387880504131317138671875" lon="117.25711293518543243408203125">
        <ele>34.200000762939453125</ele>
        <time>2026-08-19T21:46:58.000Z</time>
        <extensions>
          <ns3:TrackPointExtension>
            <ns3:hr>131</ns3:hr>
            <ns3:cad>90</ns3:cad>
          </ns3:TrackPointExtension>
        </extensions>
      </trkpt>
      <trkpt lat="29.2939430661499500274658203125" lon="117.25708569400012493133544921875">
        <ele>34.200000762939453125</ele>
        <time>2026-08-19T21:46:59.000Z</time>
        <extensions>
          <ns3:TrackPointExtension>
            <ns3:hr>132</ns3:hr>
            <ns3:cad>90</ns3:cad>
          </ns3:TrackPointExtension>
        </extensions>
      </trkpt>
      <trkpt lat="29.29393325932323932647705078125" lon="117.25705786608159542083740234375">
        <ele>34.40000152587890625</ele>
        <time>2026-08-19T21:47:00.000Z</time>
        <extensions>
          <ns3:TrackPointExtension>
            <ns3:hr>132</ns3:hr>
            <ns3:cad>90</ns3:cad>
          </ns3:TrackPointExtension>
        </extensions>
      </trkpt>
      <trkpt lat="29.2939206026494503021240234375" lon="117.2570333071053028106689453125">
        <ele>34.40000152587890625</ele>
        <time>2026-08-19T21:47:01.000Z</time>
        <extensions>
          <ns3:TrackPointExtension>
            <ns3:hr>132</ns3:hr>
            <ns3:cad>89</ns3:cad>
          </ns3:TrackPointExtension>
        </extensions>
      </trkpt>
      <trkpt lat="29.29391113109886646270751953125" lon="117.25700832903385162353515625">
        <ele>34.40000152587890625</ele>
        <time>2026-08-19T21:47:02.000Z</time>
        <extensions>
          <ns3:TrackPointExtension>
            <ns3:hr>132</ns3:hr>
            <ns3:cad>89</ns3:cad>
          </ns3:TrackPointExtension>
        </extensions>
      </trkpt>
      <trkpt lat="29.2938984744250774383544921875" lon="117.25698418915271759033203125">
        <ele>34.40000152587890625</ele>
        <time>2026-08-19T21:47:03.000Z</time>
        <extensions>
          <ns3:TrackPointExtension>
            <ns3:hr>133</ns3:hr>
            <ns3:cad>89</ns3:cad>
          </ns3:TrackPointExtension>
        </extensions>
      </trkpt>
      <trkpt lat="29.2938897572457790374755859375" lon="117.256956361234188079833984375">
        <ele>34.40000152587890625</ele>
        <time>2026-08-19T21:47:04.000Z</time>
        <extensions>
          <ns3:TrackPointExtension>
            <ns3:hr>133</ns3:hr>
            <ns3:cad>89</ns3:cad>
          </ns3:TrackPointExtension>
        </extensions>
      </trkpt>
      <trkpt lat="29.2938745021820068359375" lon="117.25693062879145145416259765625">
        <ele>34.200000762939453125</ele>
        <time>2026-08-19T21:47:05.000Z</time>
        <extensions>
          <ns3:TrackPointExtension>
            <ns3:hr>133</ns3:hr>
            <ns3:cad>89</ns3:cad>
          </ns3:TrackPointExtension>
        </extensions>
      </trkpt>
      <trkpt lat="29.293864779174327850341796875" lon="117.2569042257964611053466796875">
        <ele>34.200000762939453125</ele>
        <time>2026-08-19T21:47:06.000Z</time>
        <extensions>
          <ns3:TrackPointExtension>
            <ns3:hr>133</ns3:hr>
            <ns3:cad>89</ns3:cad>
          </ns3:TrackPointExtension>
        </extensions>
      </trkpt>
      <trkpt lat="29.29385161958634853363037109375" lon="117.256878577172756195068359375">
        <ele>34.200000762939453125</ele>
        <time>2026-08-19T21:47:07.000Z</time>
        <extensions>
          <ns3:TrackPointExtension>
            <ns3:hr>133</ns3:hr>
            <ns3:cad>89</ns3:cad>
          </ns3:TrackPointExtension>
        </extensions>
      </trkpt>
      <trkpt lat="29.2938418127596378326416015625" lon="117.256852090358734130859375">
        <ele>34.40000152587890625</ele>
        <time>2026-08-19T21:47:08.000Z</time>
        <extensions>
          <ns3:TrackPointExtension>
            <ns3:hr>133</ns3:hr>
            <ns3:cad>89</ns3:cad>
          </ns3:TrackPointExtension>
        </extensions>
      </trkpt>
      <trkpt lat="29.2938275635242462158203125" lon="117.25682971067726612091064453125">
        <ele>34.40000152587890625</ele>
        <time>2026-08-19T21:47:09.000Z</time>
        <extensions>
          <ns3:TrackPointExtension>
            <ns3:hr>134</ns3:hr>
            <ns3:cad>89</ns3:cad>
          </ns3:TrackPointExtension>
        </extensions>
      </trkpt>
      <trkpt lat="29.29381641559302806854248046875" lon="117.256803810596466064453125">
        <ele>34.40000152587890625</ele>
        <time>2026-08-19T21:47:10.000Z</time>
        <extensions>
          <ns3:TrackPointExtension>
            <ns3:hr>133</ns3:hr>
            <ns3:cad>89</ns3:cad>
          </ns3:TrackPointExtension>
        </extensions>
      </trkpt>
      <trkpt lat="29.2938019149005413055419921875" lon="117.2567788325250148773193359375">
        <ele>34.40000152587890625</ele>
        <time>2026-08-19T21:47:11.000Z</time>
        <extensions>
          <ns3:TrackPointExtension>
            <ns3:hr>133</ns3:hr>
            <ns3:cad>89</ns3:cad>
          </ns3:TrackPointExtension>
        </extensions>
      </trkpt>
      <trkpt lat="29.29379202425479888916015625" lon="117.2567541897296905517578125">
        <ele>34.40000152587890625</ele>
        <time>2026-08-19T21:47:12.000Z</time>
        <extensions>
          <ns3:TrackPointExtension>
            <ns3:hr>134</ns3:hr>
            <ns3:cad>89</ns3:cad>
          </ns3:TrackPointExtension>
        </extensions>
      </trkpt>
      <trkpt lat="29.293778277933597564697265625" lon="117.2567328996956348419189453125">
        <ele>34.40000152587890625</ele>
        <time>2026-08-19T21:47:13.000Z</time>
        <extensions>
          <ns3:TrackPointExtension>
            <ns3:hr>134</ns3:hr>
            <ns3:cad>89</ns3:cad>
          </ns3:TrackPointExtension>
        </extensions>
      </trkpt>
      <trkpt lat="29.29376914165914058685302734375" lon="117.2567067481577396392822265625">
        <ele>34.40000152587890625</ele>
        <time>2026-08-19T21:47:14.000Z</time>
        <extensions>
          <ns3:TrackPointExtension>
            <ns3:hr>134</ns3:hr>
            <ns3:cad>89</ns3:cad>
          </ns3:TrackPointExtension>
        </extensions>
      </trkpt>
      <trkpt lat="29.2937539704144001007080078125" lon="117.2566866315901279449462890625">
        <ele>34.40000152587890625</ele>
        <time>2026-08-19T21:47:15.000Z</time>
        <extensions>
          <ns3:TrackPointExtension>
            <ns3:hr>133</ns3:hr>
            <ns3:cad>89</ns3:cad>
          </ns3:TrackPointExtension>
        </extensions>
      </trkpt>
      <trkpt lat="29.2937445826828479766845703125" lon="117.256661318242549896240234375">
        <ele>34.59999847412109375</ele>
        <time>2026-08-19T21:47:16.000Z</time>
        <extensions>
          <ns3:TrackPointExtension>
            <ns3:hr>133</ns3:hr>
            <ns3:cad>89</ns3:cad>
          </ns3:TrackPointExtension>
        </extensions>
      </trkpt>
      <trkpt lat="29.293730668723583221435546875" lon="117.25663843564689159393310546875">
        <ele>34.59999847412109375</ele>
        <time>2026-08-19T21:47:17.000Z</time>
        <extensions>
          <ns3:TrackPointExtension>
            <ns3:hr>133</ns3:hr>
            <ns3:cad>89</ns3:cad>
          </ns3:TrackPointExtension>
        </extensions>
      </trkpt>
      <trkpt lat="29.2937191016972064971923828125" lon="117.2566122002899646759033203125">
        <ele>34.59999847412109375</ele>
        <time>2026-08-19T21:47:18.000Z</time>
        <extensions>
          <ns3:TrackPointExtension>
            <ns3:hr>133</ns3:hr>
            <ns3:cad>89</ns3:cad>
          </ns3:TrackPointExtension>
        </extensions>
      </trkpt>
      <trkpt lat="29.2937068641185760498046875" lon="117.2565890662372112274169921875">
        <ele>34.59999847412109375</ele>
        <time>2026-08-19T21:47:19.000Z</time>
        <extensions>
          <ns3:TrackPointExtension>
            <ns3:hr>134</ns3:hr>
            <ns3:cad>89</ns3:cad>
          </ns3:TrackPointExtension>
        </extensions>
      </trkpt>
      <trkpt lat="29.29369739256799221038818359375" lon="117.25656668655574321746826171875">
        <ele>34.59999847412109375</ele>
        <time>2026-08-19T21:47:20.000Z</time>
        <extensions>
          <ns3:TrackPointExtension>
            <ns3:hr>133</ns3:hr>
            <ns3:cad>89</ns3:cad>
          </ns3:TrackPointExtension>
        </extensions>
      </trkpt>
      <trkpt lat="29.29368549026548862457275390625" lon="117.256541959941387176513671875">
        <ele>34.40000152587890625</ele>
        <time>2026-08-19T21:47:21.000Z</time>
        <extensions>
          <ns3:TrackPointExtension>
            <ns3:hr>133</ns3:hr>
            <ns3:cad>89</ns3:cad>
          </ns3:TrackPointExtension>
        </extensions>
      </trkpt>
      <trkpt lat="29.29367643781006336212158203125" lon="117.25651773624122142791748046875">
        <ele>34.59999847412109375</ele>
        <time>2026-08-19T21:47:22.000Z</time>
        <extensions>
          <ns3:TrackPointExtension>
            <ns3:hr>133</ns3:hr>
            <ns3:cad>89</ns3:cad>
          </ns3:TrackPointExtension>
        </extensions>
      </trkpt>
      <trkpt lat="29.29366269148886203765869140625" lon="117.25649535655975341796875">
        <ele>34.40000152587890625</ele>
        <time>2026-08-19T21:47:23.000Z</time>
        <extensions>
          <ns3:TrackPointExtension>
            <ns3:hr>132</ns3:hr>
            <ns3:cad>89</ns3:cad>
          </ns3:TrackPointExtension>
        </extensions>
      </trkpt>
      <trkpt lat="29.29365045391023159027099609375" lon="117.25647347979247570037841796875">
        <ele>34.59999847412109375</ele>
        <time>2026-08-19T21:47:24.000Z</time>
        <extensions>
          <ns3:TrackPointExtension>
            <ns3:hr>132</ns3:hr>
            <ns3:cad>89</ns3:cad>
          </ns3:TrackPointExtension>
        </extensions>
      </trkpt>
      <trkpt lat="29.293637461960315704345703125" lon="117.2564511001110076904296875">
        <ele>34.59999847412109375</ele>
        <time>2026-08-19T21:47:25.000Z</time>
        <extensions>
          <ns3:TrackPointExtension>
            <ns3:hr>132</ns3:hr>
            <ns3:cad>89</ns3:cad>
          </ns3:TrackPointExtension>
        </extensions>
      </trkpt>
      <trkpt lat="29.29362899623811244964599609375" lon="117.2564227692782878875732421875">
        <ele>34.59999847412109375</ele>
        <time>2026-08-19T21:47:26.000Z</time>
        <extensions>
          <ns3:TrackPointExtension>
            <ns3:hr>131</ns3:hr>
            <ns3:cad>90</ns3:cad>
          </ns3:TrackPointExtension>
        </extensions>
      </trkpt>
      <trkpt lat="29.29361424408853054046630859375" lon="117.25639837794005870819091796875">
        <ele>34.59999847412109375</ele>
        <time>2026-08-19T21:47:27.000Z</time>
        <extensions>
          <ns3:TrackPointExtension>
            <ns3:hr>132</ns3:hr>
            <ns3:cad>89</ns3:cad>
          </ns3:TrackPointExtension>
        </extensions>
      </trkpt>
      <trkpt lat="29.29360401816666126251220703125" lon="117.25637021474540233612060546875">
        <ele>34.59999847412109375</ele>
        <time>2026-08-19T21:47:28.000Z</time>
        <extensions>
          <ns3:TrackPointExtension>
            <ns3:hr>132</ns3:hr>
            <ns3:cad>89</ns3:cad>
          </ns3:TrackPointExtension>
        </extensions>
      </trkpt>
      <trkpt lat="29.29358909837901592254638671875" lon="117.25634842179715633392333984375">
        <ele>34.59999847412109375</ele>
        <time>2026-08-19T21:47:29.000Z</time>
        <extensions>
          <ns3:TrackPointExtension>
            <ns3:hr>132</ns3:hr>
            <ns3:cad>89</ns3:cad>
          </ns3:TrackPointExtension>
        </extensions>
      </trkpt>
      <trkpt lat="29.29357937537133693695068359375" lon="117.2563205100595951080322265625">
        <ele>34.59999847412109375</ele>
        <time>2026-08-19T21:47:30.000Z</time>
        <extensions>
          <ns3:TrackPointExtension>
            <ns3:hr>131</ns3:hr>
            <ns3:cad>89</ns3:cad>
          </ns3:TrackPointExtension>
        </extensions>
      </trkpt>
      <trkpt lat="29.29356671869754791259765625" lon="117.256298549473285675048828125">
        <ele>34.59999847412109375</ele>
        <time>2026-08-19T21:47:31.000Z</time>
        <extensions>
          <ns3:TrackPointExtension>
            <ns3:hr>131</ns3:hr>
            <ns3:cad>89</ns3:cad>
          </ns3:TrackPointExtension>
        </extensions>
      </trkpt>
      <trkpt lat="29.2935585044324398040771484375" lon="117.25626912899315357208251953125">
        <ele>34.59999847412109375</ele>
        <time>2026-08-19T21:47:32.000Z</time>
        <extensions>
          <ns3:TrackPointExtension>
            <ns3:hr>130</ns3:hr>
            <ns3:cad>89</ns3:cad>
          </ns3:TrackPointExtension>
        </extensions>
      </trkpt>
      <trkpt lat="29.29354450665414333343505859375" lon="117.2562494315207004547119140625">
        <ele>34.59999847412109375</ele>
        <time>2026-08-19T21:47:33.000Z</time>
        <extensions>
          <ns3:TrackPointExtension>
            <ns3:hr>130</ns3:hr>
            <ns3:cad>89</ns3:cad>
          </ns3:TrackPointExtension>
        </extensions>
      </trkpt>
      <trkpt lat="29.29353713057935237884521484375" lon="117.25622235797345638275146484375">
        <ele>34.59999847412109375</ele>
        <time>2026-08-19T21:47:34.000Z</time>
        <extensions>
          <ns3:TrackPointExtension>
            <ns3:hr>130</ns3:hr>
            <ns3:cad>88</ns3:cad>
          </ns3:TrackPointExtension>
        </extensions>
      </trkpt>
      <trkpt lat="29.293524138629436492919921875" lon="117.25620442070066928863525390625">
        <ele>34.59999847412109375</ele>
        <time>2026-08-19T21:47:35.000Z</time>
        <extensions>
          <ns3:TrackPointExtension>
            <ns3:hr>130</ns3:hr>
            <ns3:cad>88</ns3:cad>
          </ns3:TrackPointExtension>
        </extensions>
      </trkpt>
      <trkpt lat="29.2935162596404552459716796875" lon="117.2561780177056789398193359375">
        <ele>34.59999847412109375</ele>
        <time>2026-08-19T21:47:36.000Z</time>
        <extensions>
          <ns3:TrackPointExtension>
            <ns3:hr>130</ns3:hr>
            <ns3:cad>88</ns3:cad>
          </ns3:TrackPointExtension>
        </extensions>
      </trkpt>
      <trkpt lat="29.293501675128936767578125" lon="117.25616066716611385345458984375">
        <ele>34.59999847412109375</ele>
        <time>2026-08-19T21:47:37.000Z</time>
        <extensions>
          <ns3:TrackPointExtension>
            <ns3:hr>130</ns3:hr>
            <ns3:cad>88</ns3:cad>
          </ns3:TrackPointExtension>
        </extensions>
      </trkpt>
      <trkpt lat="29.2934948019683361053466796875" lon="117.25613200105726718902587890625">
        <ele>34.59999847412109375</ele>
        <time>2026-08-19T21:47:38.000Z</time>
        <extensions>
          <ns3:TrackPointExtension>
            <ns3:hr>129</ns3:hr>
            <ns3:cad>89</ns3:cad>
          </ns3:TrackPointExtension>
        </extensions>
      </trkpt>
      <trkpt lat="29.2934840731322765350341796875" lon="117.256108783185482025146484375">
        <ele>34.799999237060546875</ele>
        <time>2026-08-19T21:47:39.000Z</time>
        <extensions>
          <ns3:TrackPointExtension>
            <ns3:hr>129</ns3:hr>
            <ns3:cad>89</ns3:cad>
          </ns3:TrackPointExtension>
        </extensions>
      </trkpt>
      <trkpt lat="29.29347577504813671112060546875" lon="117.2560784406960010528564453125">
        <ele>34.799999237060546875</ele>
        <time>2026-08-19T21:47:40.000Z</time>
        <extensions>
          <ns3:TrackPointExtension>
            <ns3:hr>129</ns3:hr>
            <ns3:cad>89</ns3:cad>
          </ns3:TrackPointExtension>
        </extensions>
      </trkpt>
      <trkpt lat="29.293461106717586517333984375" lon="117.25605857558548450469970703125">
        <ele>34.799999237060546875</ele>
        <time>2026-08-19T21:47:41.000Z</time>
        <extensions>
          <ns3:TrackPointExtension>
            <ns3:hr>129</ns3:hr>
            <ns3:cad>89</ns3:cad>
          </ns3:TrackPointExtension>
        </extensions>
      </trkpt>
      <trkpt lat="29.29345129989087581634521484375" lon="117.25602773018181324005126953125">
        <ele>34.799999237060546875</ele>
        <time>2026-08-19T21:47:42.000Z</time>
        <extensions>
          <ns3:TrackPointExtension>
            <ns3:hr>129</ns3:hr>
            <ns3:cad>89</ns3:cad>
          </ns3:TrackPointExtension>
        </extensions>
      </trkpt>
      <trkpt lat="29.2934388108551502227783203125" lon="117.2560056857764720916748046875">
        <ele>34.799999237060546875</ele>
        <time>2026-08-19T21:47:43.000Z</time>
        <extensions>
          <ns3:TrackPointExtension>
            <ns3:hr>128</ns3:hr>
            <ns3:cad>89</ns3:cad>
          </ns3:TrackPointExtension>
        </extensions>
      </trkpt>
      <trkpt lat="29.29343168623745441436767578125" lon="117.25597609765827655792236328125">
        <ele>34.799999237060546875</ele>
        <time>2026-08-19T21:47:44.000Z</time>
        <extensions>
          <ns3:TrackPointExtension>
            <ns3:hr>128</ns3:hr>
            <ns3:cad>89</ns3:cad>
          </ns3:TrackPointExtension>
        </extensions>
      </trkpt>
      <trkpt lat="29.29341894574463367462158203125" lon="117.25595665164291858673095703125">
        <ele>34.799999237060546875</ele>
        <time>2026-08-19T21:47:45.000Z</time>
        <extensions>
          <ns3:TrackPointExtension>
            <ns3:hr>128</ns3:hr>
            <ns3:cad>89</ns3:cad>
          </ns3:TrackPointExtension>
        </extensions>
      </trkpt>
      <trkpt lat="29.29341089911758899688720703125" lon="117.255929410457611083984375">
        <ele>34.799999237060546875</ele>
        <time>2026-08-19T21:47:46.000Z</time>
        <extensions>
          <ns3:TrackPointExtension>
            <ns3:hr>128</ns3:hr>
            <ns3:cad>89</ns3:cad>
          </ns3:TrackPointExtension>
        </extensions>
      </trkpt>
      <trkpt lat="29.2933952249586582183837890625" lon="117.25591021589934825897216796875">
        <ele>34.799999237060546875</ele>
        <time>2026-08-19T21:47:47.000Z</time>
        <extensions>
          <ns3:TrackPointExtension>
            <ns3:hr>128</ns3:hr>
            <ns3:cad>89</ns3:cad>
          </ns3:TrackPointExtension>
        </extensions>
      </trkpt>
      <trkpt lat="29.29338508285582065582275390625" lon="117.255882807075977325439453125">
        <ele>34.799999237060546875</ele>
        <time>2026-08-19T21:47:48.000Z</time>
        <extensions>
          <ns3:TrackPointExtension>
            <ns3:hr>128</ns3:hr>
            <ns3:cad>89</ns3:cad>
          </ns3:TrackPointExtension>
        </extensions>
      </trkpt>
      <trkpt lat="29.2933704145252704620361328125" lon="117.25586612708866596221923828125">
        <ele>34.799999237060546875</ele>
        <time>2026-08-19T21:47:49.000Z</time>
        <extensions>
          <ns3:TrackPointExtension>
            <ns3:hr>128</ns3:hr>
            <ns3:cad>89</ns3:cad>
          </ns3:TrackPointExtension>
        </extensions>
      </trkpt>
      <trkpt lat="29.2933608591556549072265625" lon="117.25583620369434356689453125">
        <ele>35</ele>
        <time>2026-08-19T21:47:50.000Z</time>
        <extensions>
          <ns3:TrackPointExtension>
            <ns3:hr>127</ns3:hr>
            <ns3:cad>89</ns3:cad>
          </ns3:TrackPointExtension>
        </extensions>
      </trkpt>
      <trkpt lat="29.293347112834453582763671875" lon="117.25581667385995388031005859375">
        <ele>35</ele>
        <time>2026-08-19T21:47:51.000Z</time>
        <extensions>
          <ns3:TrackPointExtension>
            <ns3:hr>128</ns3:hr>
            <ns3:cad>89</ns3:cad>
          </ns3:TrackPointExtension>
        </extensions>
      </trkpt>
      <trkpt lat="29.293336383998394012451171875" lon="117.255789600312709808349609375">
        <ele>35</ele>
        <time>2026-08-19T21:47:52.000Z</time>
        <extensions>
          <ns3:TrackPointExtension>
            <ns3:hr>128</ns3:hr>
            <ns3:cad>89</ns3:cad>
          </ns3:TrackPointExtension>
        </extensions>
      </trkpt>
      <trkpt lat="29.2933231405913829803466796875" lon="117.25577090866863727569580078125">
        <ele>35</ele>
        <time>2026-08-19T21:47:53.000Z</time>
        <extensions>
          <ns3:TrackPointExtension>
            <ns3:hr>127</ns3:hr>
            <ns3:cad>89</ns3:cad>
          </ns3:TrackPointExtension>
        </extensions>
      </trkpt>
      <trkpt lat="29.293310903012752532958984375" lon="117.255743332207202911376953125">
        <ele>34.799999237060546875</ele>
        <time>2026-08-19T21:47:54.000Z</time>
        <extensions>
          <ns3:TrackPointExtension>
            <ns3:hr>128</ns3:hr>
            <ns3:cad>90</ns3:cad>
          </ns3:TrackPointExtension>
        </extensions>
      </trkpt>
      <trkpt lat="29.2932990007102489471435546875" lon="117.2557250596582889556884765625">
        <ele>34.799999237060546875</ele>
        <time>2026-08-19T21:47:55.000Z</time>
        <extensions>
          <ns3:TrackPointExtension>
            <ns3:hr>128</ns3:hr>
            <ns3:cad>88</ns3:cad>
          </ns3:TrackPointExtension>
        </extensions>
      </trkpt>
      <trkpt lat="29.2932884395122528076171875" lon="117.2556989081203937530517578125">
        <ele>34.799999237060546875</ele>
        <time>2026-08-19T21:47:56.000Z</time>
        <extensions>
          <ns3:TrackPointExtension>
            <ns3:hr>127</ns3:hr>
            <ns3:cad>88</ns3:cad>
          </ns3:TrackPointExtension>
        </extensions>
      </trkpt>
      <trkpt lat="29.2932778783142566680908203125" lon="117.25567770190536975860595703125">
        <ele>34.799999237060546875</ele>
        <time>2026-08-19T21:47:57.000Z</time>
        <extensions>
          <ns3:TrackPointExtension>
            <ns3:hr>128</ns3:hr>
            <ns3:cad>88</ns3:cad>
          </ns3:TrackPointExtension>
        </extensions>
      </trkpt>
      <trkpt lat="29.29327058605849742889404296875" lon="117.25565238855779170989990234375">
        <ele>34.799999237060546875</ele>
        <time>2026-08-19T21:47:58.000Z</time>
        <extensions>
          <ns3:TrackPointExtension>
            <ns3:hr>128</ns3:hr>
            <ns3:cad>89</ns3:cad>
          </ns3:TrackPointExtension>
        </extensions>
      </trkpt>
      <trkpt lat="29.29326136596500873565673828125" lon="117.255630008876323699951171875">
        <ele>34.799999237060546875</ele>
        <time>2026-08-19T21:47:59.000Z</time>
        <extensions>
          <ns3:TrackPointExtension>
            <ns3:hr>127</ns3:hr>
            <ns3:cad>89</ns3:cad>
          </ns3:TrackPointExtension>
        </extensions>
      </trkpt>
      <trkpt lat="29.29325398989021778106689453125" lon="117.25560159422457218170166015625">
        <ele>34.799999237060546875</ele>
        <time>2026-08-19T21:48:00.000Z</time>
        <extensions>
          <ns3:TrackPointExtension>
            <ns3:hr>127</ns3:hr>
            <ns3:cad>89</ns3:cad>
          </ns3:TrackPointExtension>
        </extensions>
      </trkpt>
      <trkpt lat="29.29324259050190448760986328125" lon="117.2555775381624698638916015625">
        <ele>34.799999237060546875</ele>
        <time>2026-08-19T21:48:01.000Z</time>
        <extensions>
          <ns3:TrackPointExtension>
            <ns3:hr>127</ns3:hr>
            <ns3:cad>89</ns3:cad>
          </ns3:TrackPointExtension>
        </extensions>
      </trkpt>
      <trkpt lat="29.2932307720184326171875" lon="117.2555490396916866302490234375">
        <ele>34.799999237060546875</ele>
        <time>2026-08-19T21:48:02.000Z</time>
        <extensions>
          <ns3:TrackPointExtension>
            <ns3:hr>127</ns3:hr>
            <ns3:cad>89</ns3:cad>
          </ns3:TrackPointExtension>
        </extensions>
      </trkpt>
      <trkpt lat="29.293218366801738739013671875" lon="117.2555272467434406280517578125">
        <ele>34.799999237060546875</ele>
        <time>2026-08-19T21:48:03.000Z</time>
        <extensions>
          <ns3:TrackPointExtension>
            <ns3:hr>128</ns3:hr>
            <ns3:cad>91</ns3:cad>
          </ns3:TrackPointExtension>
        </extensions>
      </trkpt>
      <trkpt lat="29.29320596158504486083984375" lon="117.25550117902457714080810546875">
        <ele>34.799999237060546875</ele>
        <time>2026-08-19T21:48:04.000Z</time>
        <extensions>
          <ns3:TrackPointExtension>
            <ns3:hr>127</ns3:hr>
            <ns3:cad>91</ns3:cad>
          </ns3:TrackPointExtension>
        </extensions>
      </trkpt>
      <trkpt lat="29.29319380782544612884521484375" lon="117.25547678768634796142578125">
        <ele>34.799999237060546875</ele>
        <time>2026-08-19T21:48:05.000Z</time>
        <extensions>
          <ns3:TrackPointExtension>
            <ns3:hr>128</ns3:hr>
            <ns3:cad>91</ns3:cad>
          </ns3:TrackPointExtension>
        </extensions>
      </trkpt>
      <trkpt lat="29.29318056441843509674072265625" lon="117.2554501332342624664306640625">
        <ele>35</ele>
        <time>2026-08-19T21:48:06.000Z</time>
        <extensions>
          <ns3:TrackPointExtension>
            <ns3:hr>128</ns3:hr>
            <ns3:cad>92</ns3:cad>
          </ns3:TrackPointExtension>
        </extensions>
      </trkpt>
      <trkpt lat="29.29317084141075611114501953125" lon="117.25542557425796985626220703125">
        <ele>35</ele>
        <time>2026-08-19T21:48:07.000Z</time>
        <extensions>
          <ns3:TrackPointExtension>
            <ns3:hr>128</ns3:hr>
            <ns3:cad>91</ns3:cad>
          </ns3:TrackPointExtension>
        </extensions>
      </trkpt>
      <trkpt lat="29.29315893910825252532958984375" lon="117.25539632141590118408203125">
        <ele>35</ele>
        <time>2026-08-19T21:48:08.000Z</time>
        <extensions>
          <ns3:TrackPointExtension>
            <ns3:hr>127</ns3:hr>
            <ns3:cad>91</ns3:cad>
          </ns3:TrackPointExtension>
        </extensions>
      </trkpt>
      <trkpt lat="29.29314569570124149322509765625" lon="117.2553755342960357666015625">
        <ele>35.200000762939453125</ele>
        <time>2026-08-19T21:48:09.000Z</time>
        <extensions>
          <ns3:TrackPointExtension>
            <ns3:hr>127</ns3:hr>
            <ns3:cad>91</ns3:cad>
          </ns3:TrackPointExtension>
        </extensions>
      </trkpt>
      <trkpt lat="29.29313815198838710784912109375" lon="117.255347706377506256103515625">
        <ele>35.200000762939453125</ele>
        <time>2026-08-19T21:48:10.000Z</time>
        <extensions>
          <ns3:TrackPointExtension>
            <ns3:hr>127</ns3:hr>
            <ns3:cad>91</ns3:cad>
          </ns3:TrackPointExtension>
        </extensions>
      </trkpt>
      <trkpt lat="29.29312415421009063720703125" lon="117.25532750599086284637451171875">
        <ele>35.200000762939453125</ele>
        <time>2026-08-19T21:48:11.000Z</time>
        <extensions>
          <ns3:TrackPointExtension>
            <ns3:hr>127</ns3:hr>
            <ns3:cad>90</ns3:cad>
          </ns3:TrackPointExtension>
        </extensions>
      </trkpt>
      <trkpt lat="29.2931145988404750823974609375" lon="117.255304120481014251708984375">
        <ele>35.200000762939453125</ele>
        <time>2026-08-19T21:48:12.000Z</time>
        <extensions>
          <ns3:TrackPointExtension>
            <ns3:hr>127</ns3:hr>
            <ns3:cad>90</ns3:cad>
          </ns3:TrackPointExtension>
        </extensions>
      </trkpt>
      <trkpt lat="29.29310001432895660400390625" lon="117.25528123788535594940185546875">
        <ele>35.200000762939453125</ele>
        <time>2026-08-19T21:48:13.000Z</time>
        <extensions>
          <ns3:TrackPointExtension>
            <ns3:hr>126</ns3:hr>
            <ns3:cad>90</ns3:cad>
          </ns3:TrackPointExtension>
        </extensions>
      </trkpt>
      <trkpt lat="29.29309154860675334930419921875" lon="117.25525273941457271575927734375">
        <ele>35.200000762939453125</ele>
        <time>2026-08-19T21:48:14.000Z</time>
        <extensions>
          <ns3:TrackPointExtension>
            <ns3:hr>127</ns3:hr>
            <ns3:cad>90</ns3:cad>
          </ns3:TrackPointExtension>
        </extensions>
      </trkpt>
      <trkpt lat="29.29307721555233001708984375" lon="117.25523077882826328277587890625">
        <ele>35.200000762939453125</ele>
        <time>2026-08-19T21:48:15.000Z</time>
        <extensions>
          <ns3:TrackPointExtension>
            <ns3:hr>127</ns3:hr>
            <ns3:cad>89</ns3:cad>
          </ns3:TrackPointExtension>
        </extensions>
      </trkpt>
      <trkpt lat="29.293068163096904754638671875" lon="117.25520328618586063385009765625">
        <ele>35.200000762939453125</ele>
        <time>2026-08-19T21:48:16.000Z</time>
        <extensions>
          <ns3:TrackPointExtension>
            <ns3:hr>127</ns3:hr>
            <ns3:cad>89</ns3:cad>
          </ns3:TrackPointExtension>
        </extensions>
      </trkpt>
      <trkpt lat="29.29305709898471832275390625" lon="117.25517914630472660064697265625">
        <ele>35.200000762939453125</ele>
        <time>2026-08-19T21:48:17.000Z</time>
        <extensions>
          <ns3:TrackPointExtension>
            <ns3:hr>127</ns3:hr>
            <ns3:cad>89</ns3:cad>
          </ns3:TrackPointExtension>
        </extensions>
      </trkpt>
      <trkpt lat="29.293047375977039337158203125" lon="117.2551514022052288055419921875">
        <ele>35.40000152587890625</ele>
        <time>2026-08-19T21:48:18.000Z</time>
        <extensions>
          <ns3:TrackPointExtension>
            <ns3:hr>127</ns3:hr>
            <ns3:cad>89</ns3:cad>
          </ns3:TrackPointExtension>
        </extensions>
      </trkpt>
      <trkpt lat="29.2930394969880580902099609375" lon="117.25512684322893619537353515625">
        <ele>35.40000152587890625</ele>
        <time>2026-08-19T21:48:19.000Z</time>
        <extensions>
          <ns3:TrackPointExtension>
            <ns3:hr>127</ns3:hr>
            <ns3:cad>89</ns3:cad>
          </ns3:TrackPointExtension>
        </extensions>
      </trkpt>
      <trkpt lat="29.29303119890391826629638671875" lon="117.25510018877685070037841796875">
        <ele>35.40000152587890625</ele>
        <time>2026-08-19T21:48:20.000Z</time>
        <extensions>
          <ns3:TrackPointExtension>
            <ns3:hr>127</ns3:hr>
            <ns3:cad>89</ns3:cad>
          </ns3:TrackPointExtension>
        </extensions>
      </trkpt>
      <trkpt lat="29.29301686584949493408203125" lon="117.25508116185665130615234375">
        <ele>35.200000762939453125</ele>
        <time>2026-08-19T21:48:21.000Z</time>
        <extensions>
          <ns3:TrackPointExtension>
            <ns3:hr>127</ns3:hr>
            <ns3:cad>89</ns3:cad>
          </ns3:TrackPointExtension>
        </extensions>
      </trkpt>
      <trkpt lat="29.293006472289562225341796875" lon="117.25505308248102664947509765625">
        <ele>35.200000762939453125</ele>
        <time>2026-08-19T21:48:22.000Z</time>
        <extensions>
          <ns3:TrackPointExtension>
            <ns3:hr>127</ns3:hr>
            <ns3:cad>89</ns3:cad>
          </ns3:TrackPointExtension>
        </extensions>
      </trkpt>
      <trkpt lat="29.29299230687320232391357421875" lon="117.25502911023795604705810546875">
        <ele>35.200000762939453125</ele>
        <time>2026-08-19T21:48:23.000Z</time>
        <extensions>
          <ns3:TrackPointExtension>
            <ns3:hr>126</ns3:hr>
            <ns3:cad>90</ns3:cad>
          </ns3:TrackPointExtension>
        </extensions>
      </trkpt>
      <trkpt lat="29.29298392497003078460693359375" lon="117.25499843247234821319580078125">
        <ele>35.200000762939453125</ele>
        <time>2026-08-19T21:48:24.000Z</time>
        <extensions>
          <ns3:TrackPointExtension>
            <ns3:hr>126</ns3:hr>
            <ns3:cad>90</ns3:cad>
          </ns3:TrackPointExtension>
        </extensions>
      </trkpt>
      <trkpt lat="29.29297017864882946014404296875" lon="117.25497848354279994964599609375">
        <ele>35.200000762939453125</ele>
        <time>2026-08-19T21:48:25.000Z</time>
        <extensions>
          <ns3:TrackPointExtension>
            <ns3:hr>126</ns3:hr>
            <ns3:cad>90</ns3:cad>
          </ns3:TrackPointExtension>
        </extensions>
      </trkpt>
      <trkpt lat="29.29296129383146762847900390625" lon="117.2549515776336193084716796875">
        <ele>35.200000762939453125</ele>
        <time>2026-08-19T21:48:26.000Z</time>
        <extensions>
          <ns3:TrackPointExtension>
            <ns3:hr>126</ns3:hr>
            <ns3:cad>90</ns3:cad>
          </ns3:TrackPointExtension>
        </extensions>
      </trkpt>
      <trkpt lat="29.2929469607770442962646484375" lon="117.2549287788569927215576171875">
        <ele>35.200000762939453125</ele>
        <time>2026-08-19T21:48:27.000Z</time>
        <extensions>
          <ns3:TrackPointExtension>
            <ns3:hr>126</ns3:hr>
            <ns3:cad>90</ns3:cad>
          </ns3:TrackPointExtension>
        </extensions>
      </trkpt>
      <trkpt lat="29.29293782450258731842041015625" lon="117.25489852018654346466064453125">
        <ele>35.200000762939453125</ele>
        <time>2026-08-19T21:48:28.000Z</time>
        <extensions>
          <ns3:TrackPointExtension>
            <ns3:hr>126</ns3:hr>
            <ns3:cad>90</ns3:cad>
          </ns3:TrackPointExtension>
        </extensions>
      </trkpt>
      <trkpt lat="29.2929224856197834014892578125" lon="117.2548764757812023162841796875">
        <ele>35.200000762939453125</ele>
        <time>2026-08-19T21:48:29.000Z</time>
        <extensions>
          <ns3:TrackPointExtension>
            <ns3:hr>126</ns3:hr>
            <ns3:cad>90</ns3:cad>
          </ns3:TrackPointExtension>
        </extensions>
      </trkpt>
      <trkpt lat="29.2929124273359775543212890625" lon="117.25484722293913364410400390625">
        <ele>35.40000152587890625</ele>
        <time>2026-08-19T21:48:30.000Z</time>
        <extensions>
          <ns3:TrackPointExtension>
            <ns3:hr>126</ns3:hr>
            <ns3:cad>90</ns3:cad>
          </ns3:TrackPointExtension>
        </extensions>
      </trkpt>
      <trkpt lat="29.29290194995701313018798828125" lon="117.25482794456183910369873046875">
        <ele>35.40000152587890625</ele>
        <time>2026-08-19T21:48:31.000Z</time>
        <extensions>
          <ns3:TrackPointExtension>
            <ns3:hr>126</ns3:hr>
            <ns3:cad>90</ns3:cad>
          </ns3:TrackPointExtension>
        </extensions>
      </trkpt>
      <trkpt lat="29.29289281368255615234375" lon="117.25479944609105587005615234375">
        <ele>35.40000152587890625</ele>
        <time>2026-08-19T21:48:32.000Z</time>
        <extensions>
          <ns3:TrackPointExtension>
            <ns3:hr>126</ns3:hr>
            <ns3:cad>89</ns3:cad>
          </ns3:TrackPointExtension>
        </extensions>
      </trkpt>
      <trkpt lat="29.29287982173264026641845703125" lon="117.25477941334247589111328125">
        <ele>35.40000152587890625</ele>
        <time>2026-08-19T21:48:33.000Z</time>
        <extensions>
          <ns3:TrackPointExtension>
            <ns3:hr>127</ns3:hr>
            <ns3:cad>89</ns3:cad>
          </ns3:TrackPointExtension>
        </extensions>
      </trkpt>
      <trkpt lat="29.29287060163915157318115234375" lon="117.254751585423946380615234375">
        <ele>35.40000152587890625</ele>
        <time>2026-08-19T21:48:34.000Z</time>
        <extensions>
          <ns3:TrackPointExtension>
            <ns3:hr>127</ns3:hr>
            <ns3:cad>89</ns3:cad>
          </ns3:TrackPointExtension>
        </extensions>
      </trkpt>
      <trkpt lat="29.29285584948956966400146484375" lon="117.25472903810441493988037109375">
        <ele>35.40000152587890625</ele>
        <time>2026-08-19T21:48:35.000Z</time>
        <extensions>
          <ns3:TrackPointExtension>
            <ns3:hr>127</ns3:hr>
            <ns3:cad>89</ns3:cad>
          </ns3:TrackPointExtension>
        </extensions>
      </trkpt>
      <trkpt lat="29.29284654557704925537109375" lon="117.2547021321952342987060546875">
        <ele>35.40000152587890625</ele>
        <time>2026-08-19T21:48:36.000Z</time>
        <extensions>
          <ns3:TrackPointExtension>
            <ns3:hr>128</ns3:hr>
            <ns3:cad>89</ns3:cad>
          </ns3:TrackPointExtension>
        </extensions>
      </trkpt>
      <trkpt lat="29.29283221252262592315673828125" lon="117.25467774085700511932373046875">
        <ele>35.40000152587890625</ele>
        <time>2026-08-19T21:48:37.000Z</time>
        <extensions>
          <ns3:TrackPointExtension>
            <ns3:hr>128</ns3:hr>
            <ns3:cad>90</ns3:cad>
          </ns3:TrackPointExtension>
        </extensions>
      </trkpt>
      <trkpt lat="29.29282349534332752227783203125" lon="117.254648320376873016357421875">
        <ele>35.40000152587890625</ele>
        <time>2026-08-19T21:48:38.000Z</time>
        <extensions>
          <ns3:TrackPointExtension>
            <ns3:hr>128</ns3:hr>
            <ns3:cad>90</ns3:cad>
          </ns3:TrackPointExtension>
        </extensions>
      </trkpt>
      <trkpt lat="29.292807318270206451416015625" lon="117.2546307183802127838134765625">
        <ele>35.40000152587890625</ele>
        <time>2026-08-19T21:48:39.000Z</time>
        <extensions>
          <ns3:TrackPointExtension>
            <ns3:hr>129</ns3:hr>
            <ns3:cad>90</ns3:cad>
          </ns3:TrackPointExtension>
        </extensions>
      </trkpt>
      <trkpt lat="29.29279399104416370391845703125" lon="117.25460498593747615814208984375">
        <ele>35.40000152587890625</ele>
        <time>2026-08-19T21:48:40.000Z</time>
        <extensions>
          <ns3:TrackPointExtension>
            <ns3:hr>129</ns3:hr>
            <ns3:cad>89</ns3:cad>
          </ns3:TrackPointExtension>
        </extensions>
      </trkpt>
      <trkpt lat="29.29278217256069183349609375" lon="117.2545814327895641326904296875">
        <ele>35.40000152587890625</ele>
        <time>2026-08-19T21:48:41.000Z</time>
        <extensions>
          <ns3:TrackPointExtension>
            <ns3:hr>129</ns3:hr>
            <ns3:cad>89</ns3:cad>
          </ns3:TrackPointExtension>
        </extensions>
      </trkpt>
      <trkpt lat="29.29277270101010799407958984375" lon="117.2545556165277957916259765625">
        <ele>35.40000152587890625</ele>
        <time>2026-08-19T21:48:42.000Z</time>
        <extensions>
          <ns3:TrackPointExtension>
            <ns3:hr>130</ns3:hr>
            <ns3:cad>89</ns3:cad>
          </ns3:TrackPointExtension>
        </extensions>
      </trkpt>
      <trkpt lat="29.29275711067020893096923828125" lon="117.25453508086502552032470703125">
        <ele>35.40000152587890625</ele>
        <time>2026-08-19T21:48:43.000Z</time>
        <extensions>
          <ns3:TrackPointExtension>
            <ns3:hr>130</ns3:hr>
            <ns3:cad>89</ns3:cad>
          </ns3:TrackPointExtension>
        </extensions>
      </trkpt>
      <trkpt lat="29.29275040514767169952392578125" lon="117.2545046545565128326416015625">
        <ele>35.40000152587890625</ele>
        <time>2026-08-19T21:48:44.000Z</time>
        <extensions>
          <ns3:TrackPointExtension>
            <ns3:hr>130</ns3:hr>
            <ns3:cad>89</ns3:cad>
          </ns3:TrackPointExtension>
        </extensions>
      </trkpt>
      <trkpt lat="29.29273649118840694427490234375" lon="117.25448428653180599212646484375">
        <ele>35.40000152587890625</ele>
        <time>2026-08-19T21:48:45.000Z</time>
        <extensions>
          <ns3:TrackPointExtension>
            <ns3:hr>130</ns3:hr>
            <ns3:cad>89</ns3:cad>
          </ns3:TrackPointExtension>
        </extensions>
      </trkpt>
      <trkpt lat="29.29272693581879138946533203125" lon="117.2544536925852298736572265625">
        <ele>35.40000152587890625</ele>
        <time>2026-08-19T21:48:46.000Z</time>
        <extensions>
          <ns3:TrackPointExtension>
            <ns3:hr>131</ns3:hr>
            <ns3:cad>89</ns3:cad>
          </ns3:TrackPointExtension>
        </extensions>
      </trkpt>
      <trkpt lat="29.292712770402431488037109375" lon="117.254431061446666717529296875">
        <ele>35.40000152587890625</ele>
        <time>2026-08-19T21:48:47.000Z</time>
        <extensions>
          <ns3:TrackPointExtension>
            <ns3:hr>130</ns3:hr>
            <ns3:cad>89</ns3:cad>
          </ns3:TrackPointExtension>
        </extensions>
      </trkpt>
      <trkpt lat="29.2927035503089427947998046875" lon="117.25440097041428089141845703125">
        <ele>35.40000152587890625</ele>
        <time>2026-08-19T21:48:48.000Z</time>
        <extensions>
          <ns3:TrackPointExtension>
            <ns3:hr>130</ns3:hr>
            <ns3:cad>89</ns3:cad>
          </ns3:TrackPointExtension>
        </extensions>
      </trkpt>
      <trkpt lat="29.29268619976937770843505859375" lon="117.25438110530376434326171875">
        <ele>35.40000152587890625</ele>
        <time>2026-08-19T21:48:49.000Z</time>
        <extensions>
          <ns3:TrackPointExtension>
            <ns3:hr>131</ns3:hr>
            <ns3:cad>89</ns3:cad>
          </ns3:TrackPointExtension>
        </extensions>
      </trkpt>
      <trkpt lat="29.2926763929426670074462890625" lon="117.25435160100460052490234375">
        <ele>35.40000152587890625</ele>
        <time>2026-08-19T21:48:50.000Z</time>
        <extensions>
          <ns3:TrackPointExtension>
            <ns3:hr>131</ns3:hr>
            <ns3:cad>89</ns3:cad>
          </ns3:TrackPointExtension>
        </extensions>
      </trkpt>
      <trkpt lat="29.29266323335468769073486328125" lon="117.25433240644633769989013671875">
        <ele>35.40000152587890625</ele>
        <time>2026-08-19T21:48:51.000Z</time>
        <extensions>
          <ns3:TrackPointExtension>
            <ns3:hr>131</ns3:hr>
            <ns3:cad>89</ns3:cad>
          </ns3:TrackPointExtension>
        </extensions>
      </trkpt>
      <trkpt lat="29.29265267215669155120849609375" lon="117.25430625490844249725341796875">
        <ele>35.40000152587890625</ele>
        <time>2026-08-19T21:48:52.000Z</time>
        <extensions>
          <ns3:TrackPointExtension>
            <ns3:hr>132</ns3:hr>
            <ns3:cad>89</ns3:cad>
          </ns3:TrackPointExtension>
        </extensions>
      </trkpt>
      <trkpt lat="29.29264194332063198089599609375" lon="117.2542857192456722259521484375">
        <ele>35.40000152587890625</ele>
        <time>2026-08-19T21:48:53.000Z</time>
        <extensions>
          <ns3:TrackPointExtension>
            <ns3:hr>132</ns3:hr>
            <ns3:cad>89</ns3:cad>
          </ns3:TrackPointExtension>
        </extensions>
      </trkpt>
      <trkpt lat="29.2926331423223018646240234375" lon="117.2542592324316501617431640625">
        <ele>35.40000152587890625</ele>
        <time>2026-08-19T21:48:54.000Z</time>
        <extensions>
          <ns3:TrackPointExtension>
            <ns3:hr>132</ns3:hr>
            <ns3:cad>89</ns3:cad>
          </ns3:TrackPointExtension>
        </extensions>
      </trkpt>
      <trkpt lat="29.29261763580143451690673828125" lon="117.25423987023532390594482421875">
        <ele>35.59999847412109375</ele>
        <time>2026-08-19T21:48:55.000Z</time>
        <extensions>
          <ns3:TrackPointExtension>
            <ns3:hr>131</ns3:hr>
            <ns3:cad>89</ns3:cad>
          </ns3:TrackPointExtension>
        </extensions>
      </trkpt>
      <trkpt lat="29.29260724224150180816650390625" lon="117.2542087733745574951171875">
        <ele>35.59999847412109375</ele>
        <time>2026-08-19T21:48:56.000Z</time>
        <extensions>
          <ns3:TrackPointExtension>
            <ns3:hr>131</ns3:hr>
            <ns3:cad>90</ns3:cad>
          </ns3:TrackPointExtension>
        </extensions>
      </trkpt>
      <trkpt lat="29.292591400444507598876953125" lon="117.25418530404567718505859375">
        <ele>35.59999847412109375</ele>
        <time>2026-08-19T21:48:57.000Z</time>
        <extensions>
          <ns3:TrackPointExtension>
            <ns3:hr>132</ns3:hr>
            <ns3:cad>90</ns3:cad>
          </ns3:TrackPointExtension>
        </extensions>
      </trkpt>
      <trkpt lat="29.2925788275897502899169921875" lon="117.2541552968323230743408203125">
        <ele>35.59999847412109375</ele>
        <time>2026-08-19T21:48:58.000Z</time>
        <extensions>
          <ns3:TrackPointExtension>
            <ns3:hr>132</ns3:hr>
            <ns3:cad>90</ns3:cad>
          </ns3:TrackPointExtension>
        </extensions>
      </trkpt>
      <trkpt lat="29.2925657518208026885986328125" lon="117.25412822328507900238037109375">
        <ele>35.59999847412109375</ele>
        <time>2026-08-19T21:48:59.000Z</time>
        <extensions>
          <ns3:TrackPointExtension>
            <ns3:hr>132</ns3:hr>
            <ns3:cad>90</ns3:cad>
          </ns3:TrackPointExtension>
        </extensions>
      </trkpt>
      <trkpt lat="29.29255343042314052581787109375" lon="117.254103161394596099853515625">
        <ele>35.59999847412109375</ele>
        <time>2026-08-19T21:49:00.000Z</time>
        <extensions>
          <ns3:TrackPointExtension>
            <ns3:hr>132</ns3:hr>
            <ns3:cad>90</ns3:cad>
          </ns3:TrackPointExtension>
        </extensions>
      </trkpt>
      <trkpt lat="29.29253599606454372406005859375" lon="117.254074327647686004638671875">
        <ele>35.59999847412109375</ele>
        <time>2026-08-19T21:49:01.000Z</time>
        <extensions>
          <ns3:TrackPointExtension>
            <ns3:hr>132</ns3:hr>
            <ns3:cad>90</ns3:cad>
          </ns3:TrackPointExtension>
        </extensions>
      </trkpt>
      <trkpt lat="29.29252476431429386138916015625" lon="117.25404423661530017852783203125">
        <ele>35.59999847412109375</ele>
        <time>2026-08-19T21:49:02.000Z</time>
        <extensions>
          <ns3:TrackPointExtension>
            <ns3:hr>132</ns3:hr>
            <ns3:cad>90</ns3:cad>
          </ns3:TrackPointExtension>
        </extensions>
      </trkpt>
      <trkpt lat="29.292509593069553375244140625" lon="117.2540121339261531829833984375">
        <ele>35.40000152587890625</ele>
        <time>2026-08-19T21:49:03.000Z</time>
        <extensions>
          <ns3:TrackPointExtension>
            <ns3:hr>133</ns3:hr>
            <ns3:cad>90</ns3:cad>
          </ns3:TrackPointExtension>
        </extensions>
      </trkpt>
      <trkpt lat="29.29249676875770092010498046875" lon="117.25398472510278224945068359375">
        <ele>35.40000152587890625</ele>
        <time>2026-08-19T21:49:04.000Z</time>
        <extensions>
          <ns3:TrackPointExtension>
            <ns3:hr>133</ns3:hr>
            <ns3:cad>90</ns3:cad>
          </ns3:TrackPointExtension>
        </extensions>
      </trkpt>
      <trkpt lat="29.29248084314167499542236328125" lon="117.25395253859460353851318359375">
        <ele>35.40000152587890625</ele>
        <time>2026-08-19T21:49:05.000Z</time>
        <extensions>
          <ns3:TrackPointExtension>
            <ns3:hr>134</ns3:hr>
            <ns3:cad>91</ns3:cad>
          </ns3:TrackPointExtension>
        </extensions>
      </trkpt>
      <trkpt lat="29.292468689382076263427734375" lon="117.2539252974092960357666015625">
        <ele>35.40000152587890625</ele>
        <time>2026-08-19T21:49:06.000Z</time>
        <extensions>
          <ns3:TrackPointExtension>
            <ns3:hr>134</ns3:hr>
            <ns3:cad>92</ns3:cad>
          </ns3:TrackPointExtension>
        </extensions>
      </trkpt>
      <trkpt lat="29.2924551106989383697509765625" lon="117.2538931109011173248291015625">
        <ele>35.40000152587890625</ele>
        <time>2026-08-19T21:49:07.000Z</time>
        <extensions>
          <ns3:TrackPointExtension>
            <ns3:hr>134</ns3:hr>
            <ns3:cad>92</ns3:cad>
          </ns3:TrackPointExtension>
        </extensions>
      </trkpt>
      <trkpt lat="29.2924433760344982147216796875" lon="117.253866456449031829833984375">
        <ele>35.40000152587890625</ele>
        <time>2026-08-19T21:49:08.000Z</time>
        <extensions>
          <ns3:TrackPointExtension>
            <ns3:hr>135</ns3:hr>
            <ns3:cad>91</ns3:cad>
          </ns3:TrackPointExtension>
        </extensions>
      </trkpt>
      <trkpt lat="29.2924306355416774749755859375" lon="117.2538320906460285186767578125">
        <ele>35.40000152587890625</ele>
        <time>2026-08-19T21:49:09.000Z</time>
        <extensions>
          <ns3:TrackPointExtension>
            <ns3:hr>135</ns3:hr>
            <ns3:cad>90</ns3:cad>
          </ns3:TrackPointExtension>
        </extensions>
      </trkpt>
      <trkpt lat="29.2924195714294910430908203125" lon="117.25380652584135532379150390625">
        <ele>35.40000152587890625</ele>
        <time>2026-08-19T21:49:10.000Z</time>
        <extensions>
          <ns3:TrackPointExtension>
            <ns3:hr>136</ns3:hr>
            <ns3:cad>90</ns3:cad>
          </ns3:TrackPointExtension>
        </extensions>
      </trkpt>
      <trkpt lat="29.29240875877439975738525390625" lon="117.25377232767641544342041015625">
        <ele>35.40000152587890625</ele>
        <time>2026-08-19T21:49:11.000Z</time>
        <extensions>
          <ns3:TrackPointExtension>
            <ns3:hr>136</ns3:hr>
            <ns3:cad>90</ns3:cad>
          </ns3:TrackPointExtension>
        </extensions>
      </trkpt>
      <trkpt lat="29.29239668883383274078369140625" lon="117.2537486068904399871826171875">
        <ele>35.40000152587890625</ele>
        <time>2026-08-19T21:49:12.000Z</time>
        <extensions>
          <ns3:TrackPointExtension>
            <ns3:hr>136</ns3:hr>
            <ns3:cad>90</ns3:cad>
          </ns3:TrackPointExtension>
        </extensions>
      </trkpt>
      <trkpt lat="29.292384199798107147216796875" lon="117.25371516309678554534912109375">
        <ele>35.40000152587890625</ele>
        <time>2026-08-19T21:49:13.000Z</time>
        <extensions>
          <ns3:TrackPointExtension>
            <ns3:hr>137</ns3:hr>
            <ns3:cad>90</ns3:cad>
          </ns3:TrackPointExtension>
        </extensions>
      </trkpt>
      <trkpt lat="29.2923686094582080841064453125" lon="117.25369202904403209686279296875">
        <ele>35.40000152587890625</ele>
        <time>2026-08-19T21:49:14.000Z</time>
        <extensions>
          <ns3:TrackPointExtension>
            <ns3:hr>137</ns3:hr>
            <ns3:cad>90</ns3:cad>
          </ns3:TrackPointExtension>
        </extensions>
      </trkpt>
      <trkpt lat="29.29235712625086307525634765625" lon="117.2536617703735828399658203125">
        <ele>35.40000152587890625</ele>
        <time>2026-08-19T21:49:15.000Z</time>
        <extensions>
          <ns3:TrackPointExtension>
            <ns3:hr>137</ns3:hr>
            <ns3:cad>90</ns3:cad>
          </ns3:TrackPointExtension>
        </extensions>
      </trkpt>
      <trkpt lat="29.292343296110630035400390625" lon="117.253636457026004791259765625">
        <ele>35.40000152587890625</ele>
        <time>2026-08-19T21:49:16.000Z</time>
        <extensions>
          <ns3:TrackPointExtension>
            <ns3:hr>137</ns3:hr>
            <ns3:cad>90</ns3:cad>
          </ns3:TrackPointExtension>
        </extensions>
      </trkpt>
      <trkpt lat="29.292332567274570465087890625" lon="117.25360167212784290313720703125">
        <ele>35.40000152587890625</ele>
        <time>2026-08-19T21:49:17.000Z</time>
        <extensions>
          <ns3:TrackPointExtension>
            <ns3:hr>136</ns3:hr>
            <ns3:cad>91</ns3:cad>
          </ns3:TrackPointExtension>
        </extensions>
      </trkpt>
      <trkpt lat="29.29231856949627399444580078125" lon="117.2535786218941211700439453125">
        <ele>35.40000152587890625</ele>
        <time>2026-08-19T21:49:18.000Z</time>
        <extensions>
          <ns3:TrackPointExtension>
            <ns3:hr>136</ns3:hr>
            <ns3:cad>91</ns3:cad>
          </ns3:TrackPointExtension>
        </extensions>
      </trkpt>
      <trkpt lat="29.29230473935604095458984375" lon="117.25354584865272045135498046875">
        <ele>35.40000152587890625</ele>
        <time>2026-08-19T21:49:19.000Z</time>
        <extensions>
          <ns3:TrackPointExtension>
            <ns3:hr>136</ns3:hr>
            <ns3:cad>91</ns3:cad>
          </ns3:TrackPointExtension>
        </extensions>
      </trkpt>
      <trkpt lat="29.2922879755496978759765625" lon="117.2535219602286815643310546875">
        <ele>35.40000152587890625</ele>
        <time>2026-08-19T21:49:20.000Z</time>
        <extensions>
          <ns3:TrackPointExtension>
            <ns3:hr>136</ns3:hr>
            <ns3:cad>91</ns3:cad>
          </ns3:TrackPointExtension>
        </extensions>
      </trkpt>
      <trkpt lat="29.29227481596171855926513671875" lon="117.25348818115890026092529296875">
        <ele>35.40000152587890625</ele>
        <time>2026-08-19T21:49:21.000Z</time>
        <extensions>
          <ns3:TrackPointExtension>
            <ns3:hr>136</ns3:hr>
            <ns3:cad>91</ns3:cad>
          </ns3:TrackPointExtension>
        </extensions>
      </trkpt>
      <trkpt lat="29.2922616563737392425537109375" lon="117.25346035324037075042724609375">
        <ele>35.40000152587890625</ele>
        <time>2026-08-19T21:49:22.000Z</time>
        <extensions>
          <ns3:TrackPointExtension>
            <ns3:hr>137</ns3:hr>
            <ns3:cad>91</ns3:cad>
          </ns3:TrackPointExtension>
        </extensions>
      </trkpt>
      <trkpt lat="29.29225101135671138763427734375" lon="117.253425233066082000732421875">
        <ele>35.40000152587890625</ele>
        <time>2026-08-19T21:49:23.000Z</time>
        <extensions>
          <ns3:TrackPointExtension>
            <ns3:hr>136</ns3:hr>
            <ns3:cad>91</ns3:cad>
          </ns3:TrackPointExtension>
        </extensions>
      </trkpt>
      <trkpt lat="29.29223575629293918609619140625" lon="117.25340235047042369842529296875">
        <ele>35.200000762939453125</ele>
        <time>2026-08-19T21:49:24.000Z</time>
        <extensions>
          <ns3:TrackPointExtension>
            <ns3:hr>136</ns3:hr>
            <ns3:cad>91</ns3:cad>
          </ns3:TrackPointExtension>
        </extensions>
      </trkpt>
      <trkpt lat="29.29222561419010162353515625" lon="117.2533714212477207183837890625">
        <ele>35.200000762939453125</ele>
        <time>2026-08-19T21:49:25.000Z</time>
        <extensions>
          <ns3:TrackPointExtension>
            <ns3:hr>136</ns3:hr>
            <ns3:cad>91</ns3:cad>
          </ns3:TrackPointExtension>
        </extensions>
      </trkpt>
      <trkpt lat="29.29221027530729770660400390625" lon="117.25334837101399898529052734375">
        <ele>35.200000762939453125</ele>
        <time>2026-08-19T21:49:26.000Z</time>
        <extensions>
          <ns3:TrackPointExtension>
            <ns3:hr>136</ns3:hr>
            <ns3:cad>91</ns3:cad>
          </ns3:TrackPointExtension>
        </extensions>
      </trkpt>
      <trkpt lat="29.29219854064285755157470703125" lon="117.2533161006867885589599609375">
        <ele>35.200000762939453125</ele>
        <time>2026-08-19T21:49:27.000Z</time>
        <extensions>
          <ns3:TrackPointExtension>
            <ns3:hr>136</ns3:hr>
            <ns3:cad>91</ns3:cad>
          </ns3:TrackPointExtension>
        </extensions>
      </trkpt>
      <trkpt lat="29.292186386883258819580078125" lon="117.25328953005373477935791015625">
        <ele>35.200000762939453125</ele>
        <time>2026-08-19T21:49:28.000Z</time>
        <extensions>
          <ns3:TrackPointExtension>
            <ns3:hr>136</ns3:hr>
            <ns3:cad>91</ns3:cad>
          </ns3:TrackPointExtension>
        </extensions>
      </trkpt>
      <trkpt lat="29.29217691533267498016357421875" lon="117.2532592713832855224609375">
        <ele>35.200000762939453125</ele>
        <time>2026-08-19T21:49:29.000Z</time>
        <extensions>
          <ns3:TrackPointExtension>
            <ns3:hr>137</ns3:hr>
            <ns3:cad>91</ns3:cad>
          </ns3:TrackPointExtension>
        </extensions>
      </trkpt>
      <trkpt lat="29.29216283373534679412841796875" lon="117.25323521532118320465087890625">
        <ele>35.200000762939453125</ele>
        <time>2026-08-19T21:49:30.000Z</time>
        <extensions>
          <ns3:TrackPointExtension>
            <ns3:hr>137</ns3:hr>
            <ns3:cad>91</ns3:cad>
          </ns3:TrackPointExtension>
        </extensions>
      </trkpt>
      <trkpt lat="29.29215478710830211639404296875" lon="117.25320160388946533203125">
        <ele>35.200000762939453125</ele>
        <time>2026-08-19T21:49:31.000Z</time>
        <extensions>
          <ns3:TrackPointExtension>
            <ns3:hr>137</ns3:hr>
            <ns3:cad>91</ns3:cad>
          </ns3:TrackPointExtension>
        </extensions>
      </trkpt>
      <trkpt lat="29.29213785566389560699462890625" lon="117.253177464008331298828125">
        <ele>35.200000762939453125</ele>
        <time>2026-08-19T21:49:32.000Z</time>
        <extensions>
          <ns3:TrackPointExtension>
            <ns3:hr>137</ns3:hr>
            <ns3:cad>90</ns3:cad>
          </ns3:TrackPointExtension>
        </extensions>
      </trkpt>
      <trkpt lat="29.29212813265621662139892578125" lon="117.25314536131918430328369140625">
        <ele>35.200000762939453125</ele>
        <time>2026-08-19T21:49:33.000Z</time>
        <extensions>
          <ns3:TrackPointExtension>
            <ns3:hr>137</ns3:hr>
            <ns3:cad>90</ns3:cad>
          </ns3:TrackPointExtension>
        </extensions>
      </trkpt>
      <trkpt lat="29.2921121232211589813232421875" lon="117.25311912596225738525390625">
        <ele>35.200000762939453125</ele>
        <time>2026-08-19T21:49:34.000Z</time>
        <extensions>
          <ns3:TrackPointExtension>
            <ns3:hr>136</ns3:hr>
            <ns3:cad>90</ns3:cad>
          </ns3:TrackPointExtension>
        </extensions>
      </trkpt>
      <trkpt lat="29.29210223257541656494140625" lon="117.2530854307115077972412109375">
        <ele>35.200000762939453125</ele>
        <time>2026-08-19T21:49:35.000Z</time>
        <extensions>
          <ns3:TrackPointExtension>
            <ns3:hr>137</ns3:hr>
            <ns3:cad>90</ns3:cad>
          </ns3:TrackPointExtension>
        </extensions>
      </trkpt>
      <trkpt lat="29.2920879833400249481201171875" lon="117.253056429326534271240234375">
        <ele>35.200000762939453125</ele>
        <time>2026-08-19T21:49:36.000Z</time>
        <extensions>
          <ns3:TrackPointExtension>
            <ns3:hr>137</ns3:hr>
            <ns3:cad>90</ns3:cad>
          </ns3:TrackPointExtension>
        </extensions>
      </trkpt>
      <trkpt lat="29.292079098522663116455078125" lon="117.2530257515609264373779296875">
        <ele>35.200000762939453125</ele>
        <time>2026-08-19T21:49:37.000Z</time>
        <extensions>
          <ns3:TrackPointExtension>
            <ns3:hr>137</ns3:hr>
            <ns3:cad>92</ns3:cad>
          </ns3:TrackPointExtension>
        </extensions>
      </trkpt>
      <trkpt lat="29.29206476546823978424072265625" lon="117.2530006058514118194580078125">
        <ele>35.200000762939453125</ele>
        <time>2026-08-19T21:49:38.000Z</time>
        <extensions>
          <ns3:TrackPointExtension>
            <ns3:hr>138</ns3:hr>
            <ns3:cad>91</ns3:cad>
          </ns3:TrackPointExtension>
        </extensions>
      </trkpt>
      <trkpt lat="29.2920561321079730987548828125" lon="117.25297168828547000885009765625">
        <ele>35.200000762939453125</ele>
        <time>2026-08-19T21:49:39.000Z</time>
        <extensions>
          <ns3:TrackPointExtension>
            <ns3:hr>138</ns3:hr>
            <ns3:cad>90</ns3:cad>
          </ns3:TrackPointExtension>
        </extensions>
      </trkpt>
      <trkpt lat="29.2920430563390254974365234375" lon="117.25294486619532108306884765625">
        <ele>35</ele>
        <time>2026-08-19T21:49:40.000Z</time>
        <extensions>
          <ns3:TrackPointExtension>
            <ns3:hr>138</ns3:hr>
            <ns3:cad>90</ns3:cad>
          </ns3:TrackPointExtension>
        </extensions>
      </trkpt>
      <trkpt lat="29.29203609935939311981201171875" lon="117.25291603244841098785400390625">
        <ele>35</ele>
        <time>2026-08-19T21:49:41.000Z</time>
        <extensions>
          <ns3:TrackPointExtension>
            <ns3:hr>139</ns3:hr>
            <ns3:cad>90</ns3:cad>
          </ns3:TrackPointExtension>
        </extensions>
      </trkpt>
      <trkpt lat="29.2920229397714138031005859375" lon="117.25288719870150089263916015625">
        <ele>35</ele>
        <time>2026-08-19T21:49:42.000Z</time>
        <extensions>
          <ns3:TrackPointExtension>
            <ns3:hr>139</ns3:hr>
            <ns3:cad>90</ns3:cad>
          </ns3:TrackPointExtension>
        </extensions>
      </trkpt>
      <trkpt lat="29.29201237857341766357421875" lon="117.25285903550684452056884765625">
        <ele>35</ele>
        <time>2026-08-19T21:49:43.000Z</time>
        <extensions>
          <ns3:TrackPointExtension>
            <ns3:hr>139</ns3:hr>
            <ns3:cad>90</ns3:cad>
          </ns3:TrackPointExtension>
        </extensions>
      </trkpt>
      <trkpt lat="29.2920008115470409393310546875" lon="117.25283103995025157928466796875">
        <ele>35</ele>
        <time>2026-08-19T21:49:44.000Z</time>
        <extensions>
          <ns3:TrackPointExtension>
            <ns3:hr>139</ns3:hr>
            <ns3:cad>90</ns3:cad>
          </ns3:TrackPointExtension>
        </extensions>
      </trkpt>
      <trkpt lat="29.29199284873902797698974609375" lon="117.25280036218464374542236328125">
        <ele>35</ele>
        <time>2026-08-19T21:49:45.000Z</time>
        <extensions>
          <ns3:TrackPointExtension>
            <ns3:hr>138</ns3:hr>
            <ns3:cad>91</ns3:cad>
          </ns3:TrackPointExtension>
        </extensions>
      </trkpt>
      <trkpt lat="29.291981197893619537353515625" lon="117.2527665831148624420166015625">
        <ele>35</ele>
        <time>2026-08-19T21:49:46.000Z</time>
        <extensions>
          <ns3:TrackPointExtension>
            <ns3:hr>138</ns3:hr>
            <ns3:cad>91</ns3:cad>
          </ns3:TrackPointExtension>
        </extensions>
      </trkpt>
      <trkpt lat="29.29197172634303569793701171875" lon="117.25274152122437953948974609375">
        <ele>35</ele>
        <time>2026-08-19T21:49:47.000Z</time>
        <extensions>
          <ns3:TrackPointExtension>
            <ns3:hr>138</ns3:hr>
            <ns3:cad>91</ns3:cad>
          </ns3:TrackPointExtension>
        </extensions>
      </trkpt>
      <trkpt lat="29.29196150042116641998291015625" lon="117.25270732305943965911865234375">
        <ele>35</ele>
        <time>2026-08-19T21:49:48.000Z</time>
        <extensions>
          <ns3:TrackPointExtension>
            <ns3:hr>138</ns3:hr>
            <ns3:cad>91</ns3:cad>
          </ns3:TrackPointExtension>
        </extensions>
      </trkpt>
      <trkpt lat="29.2919528670608997344970703125" lon="117.25268167443573474884033203125">
        <ele>35</ele>
        <time>2026-08-19T21:49:49.000Z</time>
        <extensions>
          <ns3:TrackPointExtension>
            <ns3:hr>138</ns3:hr>
            <ns3:cad>91</ns3:cad>
          </ns3:TrackPointExtension>
        </extensions>
      </trkpt>
      <trkpt lat="29.291943646967411041259765625" lon="117.2526468895375728607177734375">
        <ele>35</ele>
        <time>2026-08-19T21:49:50.000Z</time>
        <extensions>
          <ns3:TrackPointExtension>
            <ns3:hr>138</ns3:hr>
            <ns3:cad>91</ns3:cad>
          </ns3:TrackPointExtension>
        </extensions>
      </trkpt>
      <trkpt lat="29.29193417541682720184326171875" lon="117.252621911466121673583984375">
        <ele>35</ele>
        <time>2026-08-19T21:49:51.000Z</time>
        <extensions>
          <ns3:TrackPointExtension>
            <ns3:hr>139</ns3:hr>
            <ns3:cad>91</ns3:cad>
          </ns3:TrackPointExtension>
        </extensions>
      </trkpt>
      <trkpt lat="29.2919263802468776702880859375" lon="117.2525895573198795318603515625">
        <ele>35</ele>
        <time>2026-08-19T21:49:52.000Z</time>
        <extensions>
          <ns3:TrackPointExtension>
            <ns3:hr>138</ns3:hr>
            <ns3:cad>91</ns3:cad>
          </ns3:TrackPointExtension>
        </extensions>
      </trkpt>
      <trkpt lat="29.29191154427826404571533203125" lon="117.25256667472422122955322265625">
        <ele>35</ele>
        <time>2026-08-19T21:49:53.000Z</time>
        <extensions>
          <ns3:TrackPointExtension>
            <ns3:hr>138</ns3:hr>
            <ns3:cad>91</ns3:cad>
          </ns3:TrackPointExtension>
        </extensions>
      </trkpt>
      <trkpt lat="29.2919015698134899139404296875" lon="117.25253415293991565704345703125">
        <ele>35</ele>
        <time>2026-08-19T21:49:54.000Z</time>
        <extensions>
          <ns3:TrackPointExtension>
            <ns3:hr>138</ns3:hr>
            <ns3:cad>91</ns3:cad>
          </ns3:TrackPointExtension>
        </extensions>
      </trkpt>
      <trkpt lat="29.291891343891620635986328125" lon="117.25251018069684505462646484375">
        <ele>35</ele>
        <time>2026-08-19T21:49:55.000Z</time>
        <extensions>
          <ns3:TrackPointExtension>
            <ns3:hr>138</ns3:hr>
            <ns3:cad>91</ns3:cad>
          </ns3:TrackPointExtension>
        </extensions>
      </trkpt>
      <trkpt lat="29.29188388399779796600341796875" lon="117.25247514434158802032470703125">
        <ele>35</ele>
        <time>2026-08-19T21:49:56.000Z</time>
        <extensions>
          <ns3:TrackPointExtension>
            <ns3:hr>137</ns3:hr>
            <ns3:cad>91</ns3:cad>
          </ns3:TrackPointExtension>
        </extensions>
      </trkpt>
      <trkpt lat="29.29187483154237270355224609375" lon="117.2524492442607879638671875">
        <ele>34.799999237060546875</ele>
        <time>2026-08-19T21:49:57.000Z</time>
        <extensions>
          <ns3:TrackPointExtension>
            <ns3:hr>137</ns3:hr>
            <ns3:cad>90</ns3:cad>
          </ns3:TrackPointExtension>
        </extensions>
      </trkpt>
      <trkpt lat="29.29186611436307430267333984375" lon="117.25241504609584808349609375">
        <ele>34.799999237060546875</ele>
        <time>2026-08-19T21:49:58.000Z</time>
        <extensions>
          <ns3:TrackPointExtension>
            <ns3:hr>137</ns3:hr>
            <ns3:cad>90</ns3:cad>
          </ns3:TrackPointExtension>
        </extensions>
      </trkpt>
      <trkpt lat="29.291854463517665863037109375" lon="117.25239090621471405029296875">
        <ele>34.799999237060546875</ele>
        <time>2026-08-19T21:49:59.000Z</time>
        <extensions>
          <ns3:TrackPointExtension>
            <ns3:hr>137</ns3:hr>
            <ns3:cad>90</ns3:cad>
          </ns3:TrackPointExtension>
        </extensions>
      </trkpt>
      <trkpt lat="29.2918469198048114776611328125" lon="117.25235444493591785430908203125">
        <ele>35</ele>
        <time>2026-08-19T21:50:00.000Z</time>
        <extensions>
          <ns3:TrackPointExtension>
            <ns3:hr>136</ns3:hr>
            <ns3:cad>90</ns3:cad>
          </ns3:TrackPointExtension>
        </extensions>
      </trkpt>
      <trkpt lat="29.29183409549295902252197265625" lon="117.252326868474483489990234375">
        <ele>35</ele>
        <time>2026-08-19T21:50:01.000Z</time>
        <extensions>
          <ns3:TrackPointExtension>
            <ns3:hr>137</ns3:hr>
            <ns3:cad>90</ns3:cad>
          </ns3:TrackPointExtension>
        </extensions>
      </trkpt>
      <trkpt lat="29.2918271385133266448974609375" lon="117.25229107774794101715087890625">
        <ele>34.799999237060546875</ele>
        <time>2026-08-19T21:50:02.000Z</time>
        <extensions>
          <ns3:TrackPointExtension>
            <ns3:hr>137</ns3:hr>
            <ns3:cad>90</ns3:cad>
          </ns3:TrackPointExtension>
        </extensions>
      </trkpt>
      <trkpt lat="29.29181515239179134368896484375" lon="117.25226693786680698394775390625">
        <ele>34.799999237060546875</ele>
        <time>2026-08-19T21:50:03.000Z</time>
        <extensions>
          <ns3:TrackPointExtension>
            <ns3:hr>137</ns3:hr>
            <ns3:cad>90</ns3:cad>
          </ns3:TrackPointExtension>
        </extensions>
      </trkpt>
      <trkpt lat="29.29180844686925411224365234375" lon="117.25223106332123279571533203125">
        <ele>34.799999237060546875</ele>
        <time>2026-08-19T21:50:04.000Z</time>
        <extensions>
          <ns3:TrackPointExtension>
            <ns3:hr>137</ns3:hr>
            <ns3:cad>90</ns3:cad>
          </ns3:TrackPointExtension>
        </extensions>
      </trkpt>
      <trkpt lat="29.29179780185222625732421875" lon="117.25220583379268646240234375">
        <ele>34.799999237060546875</ele>
        <time>2026-08-19T21:50:05.000Z</time>
        <extensions>
          <ns3:TrackPointExtension>
            <ns3:hr>136</ns3:hr>
            <ns3:cad>90</ns3:cad>
          </ns3:TrackPointExtension>
        </extensions>
      </trkpt>
      <trkpt lat="29.29179134778678417205810546875" lon="117.2521729767322540283203125">
        <ele>34.799999237060546875</ele>
        <time>2026-08-19T21:50:06.000Z</time>
        <extensions>
          <ns3:TrackPointExtension>
            <ns3:hr>137</ns3:hr>
            <ns3:cad>90</ns3:cad>
          </ns3:TrackPointExtension>
        </extensions>
      </trkpt>
      <trkpt lat="29.29178078658878803253173828125" lon="117.2521486692130565643310546875">
        <ele>34.799999237060546875</ele>
        <time>2026-08-19T21:50:07.000Z</time>
        <extensions>
          <ns3:TrackPointExtension>
            <ns3:hr>137</ns3:hr>
            <ns3:cad>90</ns3:cad>
          </ns3:TrackPointExtension>
        </extensions>
      </trkpt>
      <trkpt lat="29.29177475161850452423095703125" lon="117.25211463868618011474609375">
        <ele>34.799999237060546875</ele>
        <time>2026-08-19T21:50:08.000Z</time>
        <extensions>
          <ns3:TrackPointExtension>
            <ns3:hr>136</ns3:hr>
            <ns3:cad>90</ns3:cad>
          </ns3:TrackPointExtension>
        </extensions>
      </trkpt>
      <trkpt lat="29.29176502861082553863525390625" lon="117.252087481319904327392578125">
        <ele>34.799999237060546875</ele>
        <time>2026-08-19T21:50:09.000Z</time>
        <extensions>
          <ns3:TrackPointExtension>
            <ns3:hr>137</ns3:hr>
            <ns3:cad>90</ns3:cad>
          </ns3:TrackPointExtension>
        </extensions>
      </trkpt>
      <trkpt lat="29.29176050238311290740966796875" lon="117.2520551271736621856689453125">
        <ele>34.799999237060546875</ele>
        <time>2026-08-19T21:50:10.000Z</time>
        <extensions>
          <ns3:TrackPointExtension>
            <ns3:hr>137</ns3:hr>
            <ns3:cad>90</ns3:cad>
          </ns3:TrackPointExtension>
        </extensions>
      </trkpt>
      <trkpt lat="29.29175094701349735260009765625" lon="117.25203073583543300628662109375">
        <ele>34.799999237060546875</ele>
        <time>2026-08-19T21:50:11.000Z</time>
        <extensions>
          <ns3:TrackPointExtension>
            <ns3:hr>136</ns3:hr>
            <ns3:cad>90</ns3:cad>
          </ns3:TrackPointExtension>
        </extensions>
      </trkpt>
      <trkpt lat="29.29174549877643585205078125" lon="117.2519974596798419952392578125">
        <ele>34.799999237060546875</ele>
        <time>2026-08-19T21:50:12.000Z</time>
        <extensions>
          <ns3:TrackPointExtension>
            <ns3:hr>136</ns3:hr>
            <ns3:cad>90</ns3:cad>
          </ns3:TrackPointExtension>
        </extensions>
      </trkpt>
      <trkpt lat="29.2917329259216785430908203125" lon="117.25197105668485164642333984375">
        <ele>34.799999237060546875</ele>
        <time>2026-08-19T21:50:13.000Z</time>
        <extensions>
          <ns3:TrackPointExtension>
            <ns3:hr>136</ns3:hr>
            <ns3:cad>90</ns3:cad>
          </ns3:TrackPointExtension>
        </extensions>
      </trkpt>
      <trkpt lat="29.29172580130398273468017578125" lon="117.2519357688724994659423828125">
        <ele>34.799999237060546875</ele>
        <time>2026-08-19T21:50:14.000Z</time>
        <extensions>
          <ns3:TrackPointExtension>
            <ns3:hr>136</ns3:hr>
            <ns3:cad>90</ns3:cad>
          </ns3:TrackPointExtension>
        </extensions>
      </trkpt>
      <trkpt lat="29.29171473719179630279541015625" lon="117.2519136406481266021728515625">
        <ele>34.799999237060546875</ele>
        <time>2026-08-19T21:50:15.000Z</time>
        <extensions>
          <ns3:TrackPointExtension>
            <ns3:hr>136</ns3:hr>
            <ns3:cad>90</ns3:cad>
          </ns3:TrackPointExtension>
        </extensions>
      </trkpt>
      <trkpt lat="29.291712976992130279541015625" lon="117.25187902338802814483642578125">
        <ele>34.799999237060546875</ele>
        <time>2026-08-19T21:50:16.000Z</time>
        <extensions>
          <ns3:TrackPointExtension>
            <ns3:hr>136</ns3:hr>
            <ns3:cad>90</ns3:cad>
          </ns3:TrackPointExtension>
        </extensions>
      </trkpt>
      <trkpt lat="29.29170216433703899383544921875" lon="117.25185438059270381927490234375">
        <ele>34.799999237060546875</ele>
        <time>2026-08-19T21:50:17.000Z</time>
        <extensions>
          <ns3:TrackPointExtension>
            <ns3:hr>135</ns3:hr>
            <ns3:cad>90</ns3:cad>
          </ns3:TrackPointExtension>
        </extensions>
      </trkpt>
      <trkpt lat="29.29169747047126293182373046875" lon="117.251818589866161346435546875">
        <ele>34.799999237060546875</ele>
        <time>2026-08-19T21:50:18.000Z</time>
        <extensions>
          <ns3:TrackPointExtension>
            <ns3:hr>135</ns3:hr>
            <ns3:cad>90</ns3:cad>
          </ns3:TrackPointExtension>
        </extensions>
      </trkpt>
      <trkpt lat="29.29168674163520336151123046875" lon="117.25179101340472698211669921875">
        <ele>34.59999847412109375</ele>
        <time>2026-08-19T21:50:19.000Z</time>
        <extensions>
          <ns3:TrackPointExtension>
            <ns3:hr>135</ns3:hr>
            <ns3:cad>90</ns3:cad>
          </ns3:TrackPointExtension>
        </extensions>
      </trkpt>
      <trkpt lat="29.2916826345026493072509765625" lon="117.2517533786594867706298828125">
        <ele>34.59999847412109375</ele>
        <time>2026-08-19T21:50:20.000Z</time>
        <extensions>
          <ns3:TrackPointExtension>
            <ns3:hr>135</ns3:hr>
            <ns3:cad>90</ns3:cad>
          </ns3:TrackPointExtension>
        </extensions>
      </trkpt>
      <trkpt lat="29.29166905581951141357421875" lon="117.2517285682260990142822265625">
        <ele>34.799999237060546875</ele>
        <time>2026-08-19T21:50:21.000Z</time>
        <extensions>
          <ns3:TrackPointExtension>
            <ns3:hr>135</ns3:hr>
            <ns3:cad>90</ns3:cad>
          </ns3:TrackPointExtension>
        </extensions>
      </trkpt>
      <trkpt lat="29.291666708886623382568359375" lon="117.25169428624212741851806640625">
        <ele>34.799999237060546875</ele>
        <time>2026-08-19T21:50:22.000Z</time>
        <extensions>
          <ns3:TrackPointExtension>
            <ns3:hr>136</ns3:hr>
            <ns3:cad>90</ns3:cad>
          </ns3:TrackPointExtension>
        </extensions>
      </trkpt>
      <trkpt lat="29.29165790788829326629638671875" lon="117.2516685537993907928466796875">
        <ele>34.59999847412109375</ele>
        <time>2026-08-19T21:50:23.000Z</time>
        <extensions>
          <ns3:TrackPointExtension>
            <ns3:hr>136</ns3:hr>
            <ns3:cad>90</ns3:cad>
          </ns3:TrackPointExtension>
        </extensions>
      </trkpt>
      <trkpt lat="29.291654638946056365966796875" lon="117.25163393653929233551025390625">
        <ele>34.59999847412109375</ele>
        <time>2026-08-19T21:50:24.000Z</time>
        <extensions>
          <ns3:TrackPointExtension>
            <ns3:hr>136</ns3:hr>
            <ns3:cad>90</ns3:cad>
          </ns3:TrackPointExtension>
        </extensions>
      </trkpt>
      <trkpt lat="29.2916444130241870880126953125" lon="117.25160711444914340972900390625">
        <ele>34.59999847412109375</ele>
        <time>2026-08-19T21:50:25.000Z</time>
        <extensions>
          <ns3:TrackPointExtension>
            <ns3:hr>136</ns3:hr>
            <ns3:cad>90</ns3:cad>
          </ns3:TrackPointExtension>
        </extensions>
      </trkpt>
      <trkpt lat="29.291641227900981903076171875" lon="117.251573838293552398681640625">
        <ele>34.59999847412109375</ele>
        <time>2026-08-19T21:50:26.000Z</time>
        <extensions>
          <ns3:TrackPointExtension>
            <ns3:hr>137</ns3:hr>
            <ns3:cad>89</ns3:cad>
          </ns3:TrackPointExtension>
        </extensions>
      </trkpt>
      <trkpt lat="29.2916316725313663482666015625" lon="117.25154601037502288818359375">
        <ele>34.59999847412109375</ele>
        <time>2026-08-19T21:50:27.000Z</time>
        <extensions>
          <ns3:TrackPointExtension>
            <ns3:hr>137</ns3:hr>
            <ns3:cad>90</ns3:cad>
          </ns3:TrackPointExtension>
        </extensions>
      </trkpt>
      <trkpt lat="29.2916283197700977325439453125" lon="117.25151156075298786163330078125">
        <ele>34.59999847412109375</ele>
        <time>2026-08-19T21:50:28.000Z</time>
        <extensions>
          <ns3:TrackPointExtension>
            <ns3:hr>137</ns3:hr>
            <ns3:cad>90</ns3:cad>
          </ns3:TrackPointExtension>
        </extensions>
      </trkpt>
      <trkpt lat="29.29161868058145046234130859375" lon="117.25148524157702922821044921875">
        <ele>34.59999847412109375</ele>
        <time>2026-08-19T21:50:29.000Z</time>
        <extensions>
          <ns3:TrackPointExtension>
            <ns3:hr>137</ns3:hr>
            <ns3:cad>90</ns3:cad>
          </ns3:TrackPointExtension>
        </extensions>
      </trkpt>
      <trkpt lat="29.2916155792772769927978515625" lon="117.2514533065259456634521484375">
        <ele>34.59999847412109375</ele>
        <time>2026-08-19T21:50:30.000Z</time>
        <extensions>
          <ns3:TrackPointExtension>
            <ns3:hr>137</ns3:hr>
            <ns3:cad>90</ns3:cad>
          </ns3:TrackPointExtension>
        </extensions>
      </trkpt>
      <trkpt lat="29.29160711355507373809814453125" lon="117.251425646245479583740234375">
        <ele>34.59999847412109375</ele>
        <time>2026-08-19T21:50:31.000Z</time>
        <extensions>
          <ns3:TrackPointExtension>
            <ns3:hr>137</ns3:hr>
            <ns3:cad>91</ns3:cad>
          </ns3:TrackPointExtension>
        </extensions>
      </trkpt>
      <trkpt lat="29.291604347527027130126953125" lon="117.25139471702277660369873046875">
        <ele>34.799999237060546875</ele>
        <time>2026-08-19T21:50:32.000Z</time>
        <extensions>
          <ns3:TrackPointExtension>
            <ns3:hr>138</ns3:hr>
            <ns3:cad>91</ns3:cad>
          </ns3:TrackPointExtension>
        </extensions>
      </trkpt>
      <trkpt lat="29.29159252904355525970458984375" lon="117.25136672146618366241455078125">
        <ele>34.59999847412109375</ele>
        <time>2026-08-19T21:50:33.000Z</time>
        <extensions>
          <ns3:TrackPointExtension>
            <ns3:hr>138</ns3:hr>
            <ns3:cad>91</ns3:cad>
          </ns3:TrackPointExtension>
        </extensions>
      </trkpt>
      <trkpt lat="29.291587583720684051513671875" lon="117.2513369657099246978759765625">
        <ele>34.59999847412109375</ele>
        <time>2026-08-19T21:50:34.000Z</time>
        <extensions>
          <ns3:TrackPointExtension>
            <ns3:hr>138</ns3:hr>
            <ns3:cad>91</ns3:cad>
          </ns3:TrackPointExtension>
        </extensions>
      </trkpt>
      <trkpt lat="29.2915793694555759429931640625" lon="117.25130821578204631805419921875">
        <ele>34.59999847412109375</ele>
        <time>2026-08-19T21:50:35.000Z</time>
        <extensions>
          <ns3:TrackPointExtension>
            <ns3:hr>138</ns3:hr>
            <ns3:cad>90</ns3:cad>
          </ns3:TrackPointExtension>
        </extensions>
      </trkpt>
      <trkpt lat="29.2915743403136730194091796875" lon="117.251278460025787353515625">
        <ele>34.59999847412109375</ele>
        <time>2026-08-19T21:50:36.000Z</time>
        <extensions>
          <ns3:TrackPointExtension>
            <ns3:hr>139</ns3:hr>
            <ns3:cad>90</ns3:cad>
          </ns3:TrackPointExtension>
        </extensions>
      </trkpt>
      <trkpt lat="29.291564114391803741455078125" lon="117.251248620450496673583984375">
        <ele>34.59999847412109375</ele>
        <time>2026-08-19T21:50:37.000Z</time>
        <extensions>
          <ns3:TrackPointExtension>
            <ns3:hr>139</ns3:hr>
            <ns3:cad>90</ns3:cad>
          </ns3:TrackPointExtension>
        </extensions>
      </trkpt>
      <trkpt lat="29.29155698977410793304443359375" lon="117.25121987052261829376220703125">
        <ele>34.59999847412109375</ele>
        <time>2026-08-19T21:50:38.000Z</time>
        <extensions>
          <ns3:TrackPointExtension>
            <ns3:hr>139</ns3:hr>
            <ns3:cad>90</ns3:cad>
          </ns3:TrackPointExtension>
        </extensions>
      </trkpt>
      <trkpt lat="29.2915498651564121246337890625" lon="117.25118718110024929046630859375">
        <ele>34.59999847412109375</ele>
        <time>2026-08-19T21:50:39.000Z</time>
        <extensions>
          <ns3:TrackPointExtension>
            <ns3:hr>139</ns3:hr>
            <ns3:cad>91</ns3:cad>
          </ns3:TrackPointExtension>
        </extensions>
      </trkpt>
      <trkpt lat="29.29154525510966777801513671875" lon="117.2511602751910686492919921875">
        <ele>34.59999847412109375</ele>
        <time>2026-08-19T21:50:40.000Z</time>
        <extensions>
          <ns3:TrackPointExtension>
            <ns3:hr>139</ns3:hr>
            <ns3:cad>91</ns3:cad>
          </ns3:TrackPointExtension>
        </extensions>
      </trkpt>
      <trkpt lat="29.291538298130035400390625" lon="117.25112683139741420745849609375">
        <ele>34.59999847412109375</ele>
        <time>2026-08-19T21:50:41.000Z</time>
        <extensions>
          <ns3:TrackPointExtension>
            <ns3:hr>139</ns3:hr>
            <ns3:cad>91</ns3:cad>
          </ns3:TrackPointExtension>
        </extensions>
      </trkpt>
      <trkpt lat="29.29153033532202243804931640625" lon="117.25110000930726528167724609375">
        <ele>34.59999847412109375</ele>
        <time>2026-08-19T21:50:42.000Z</time>
        <extensions>
          <ns3:TrackPointExtension>
            <ns3:hr>139</ns3:hr>
            <ns3:cad>91</ns3:cad>
          </ns3:TrackPointExtension>
        </extensions>
      </trkpt>
      <trkpt lat="29.29152421653270721435546875" lon="117.2510653920471668243408203125">
        <ele>34.59999847412109375</ele>
        <time>2026-08-19T21:50:43.000Z</time>
        <extensions>
          <ns3:TrackPointExtension>
            <ns3:hr>140</ns3:hr>
            <ns3:cad>91</ns3:cad>
          </ns3:TrackPointExtension>
        </extensions>
      </trkpt>
      <trkpt lat="29.29151608608663082122802734375" lon="117.2510410845279693603515625">
        <ele>34.59999847412109375</ele>
        <time>2026-08-19T21:50:44.000Z</time>
        <extensions>
          <ns3:TrackPointExtension>
            <ns3:hr>139</ns3:hr>
            <ns3:cad>91</ns3:cad>
          </ns3:TrackPointExtension>
        </extensions>
      </trkpt>
      <trkpt lat="29.29150904528796672821044921875" lon="117.25100529380142688751220703125">
        <ele>34.59999847412109375</ele>
        <time>2026-08-19T21:50:45.000Z</time>
        <extensions>
          <ns3:TrackPointExtension>
            <ns3:hr>139</ns3:hr>
            <ns3:cad>91</ns3:cad>
          </ns3:TrackPointExtension>
        </extensions>
      </trkpt>
      <trkpt lat="29.29150183685123920440673828125" lon="117.25097746588289737701416015625">
        <ele>34.799999237060546875</ele>
        <time>2026-08-19T21:50:46.000Z</time>
        <extensions>
          <ns3:TrackPointExtension>
            <ns3:hr>140</ns3:hr>
            <ns3:cad>91</ns3:cad>
          </ns3:TrackPointExtension>
        </extensions>
      </trkpt>
      <trkpt lat="29.291498400270938873291015625" lon="117.25094653666019439697265625">
        <ele>34.799999237060546875</ele>
        <time>2026-08-19T21:50:47.000Z</time>
        <extensions>
          <ns3:TrackPointExtension>
            <ns3:hr>140</ns3:hr>
            <ns3:cad>92</ns3:cad>
          </ns3:TrackPointExtension>
        </extensions>
      </trkpt>
      <trkpt lat="29.29148775525391101837158203125" lon="117.25092030130326747894287109375">
        <ele>34.799999237060546875</ele>
        <time>2026-08-19T21:50:48.000Z</time>
        <extensions>
          <ns3:TrackPointExtension>
            <ns3:hr>139</ns3:hr>
            <ns3:cad>90</ns3:cad>
          </ns3:TrackPointExtension>
        </extensions>
      </trkpt>
      <trkpt lat="29.29148356430232524871826171875" lon="117.2508840076625347137451171875">
        <ele>34.799999237060546875</ele>
        <time>2026-08-19T21:50:49.000Z</time>
        <extensions>
          <ns3:TrackPointExtension>
            <ns3:hr>139</ns3:hr>
            <ns3:cad>90</ns3:cad>
          </ns3:TrackPointExtension>
        </extensions>
      </trkpt>
      <trkpt lat="29.2914747633039951324462890625" lon="117.250859029591083526611328125">
        <ele>34.799999237060546875</ele>
        <time>2026-08-19T21:50:50.000Z</time>
        <extensions>
          <ns3:TrackPointExtension>
            <ns3:hr>139</ns3:hr>
            <ns3:cad>90</ns3:cad>
          </ns3:TrackPointExtension>
        </extensions>
      </trkpt>
      <trkpt lat="29.29146864451467990875244140625" lon="117.2508199699223041534423828125">
        <ele>34.799999237060546875</ele>
        <time>2026-08-19T21:50:51.000Z</time>
        <extensions>
          <ns3:TrackPointExtension>
            <ns3:hr>139</ns3:hr>
            <ns3:cad>90</ns3:cad>
          </ns3:TrackPointExtension>
        </extensions>
      </trkpt>
      <trkpt lat="29.2914591729640960693359375" lon="117.2507970035076141357421875">
        <ele>34.799999237060546875</ele>
        <time>2026-08-19T21:50:52.000Z</time>
        <extensions>
          <ns3:TrackPointExtension>
            <ns3:hr>138</ns3:hr>
            <ns3:cad>90</ns3:cad>
          </ns3:TrackPointExtension>
        </extensions>
      </trkpt>
      <trkpt lat="29.2914566583931446075439453125" lon="117.25076070986688137054443359375">
        <ele>34.799999237060546875</ele>
        <time>2026-08-19T21:50:53.000Z</time>
        <extensions>
          <ns3:TrackPointExtension>
            <ns3:hr>138</ns3:hr>
            <ns3:cad>90</ns3:cad>
          </ns3:TrackPointExtension>
        </extensions>
      </trkpt>
      <trkpt lat="29.291446767747402191162109375" lon="117.250733636319637298583984375">
        <ele>34.799999237060546875</ele>
        <time>2026-08-19T21:50:54.000Z</time>
        <extensions>
          <ns3:TrackPointExtension>
            <ns3:hr>138</ns3:hr>
            <ns3:cad>90</ns3:cad>
          </ns3:TrackPointExtension>
        </extensions>
      </trkpt>
      <trkpt lat="29.29144450463354587554931640625" lon="117.25069650448858737945556640625">
        <ele>34.799999237060546875</ele>
        <time>2026-08-19T21:50:55.000Z</time>
        <extensions>
          <ns3:TrackPointExtension>
            <ns3:hr>137</ns3:hr>
            <ns3:cad>91</ns3:cad>
          </ns3:TrackPointExtension>
        </extensions>
      </trkpt>
      <trkpt lat="29.29143444634974002838134765625" lon="117.25067001767456531524658203125">
        <ele>34.799999237060546875</ele>
        <time>2026-08-19T21:50:56.000Z</time>
        <extensions>
          <ns3:TrackPointExtension>
            <ns3:hr>137</ns3:hr>
            <ns3:cad>91</ns3:cad>
          </ns3:TrackPointExtension>
        </extensions>
      </trkpt>
      <trkpt lat="29.29142774082720279693603515625" lon="117.25063716061413288116455078125">
        <ele>34.799999237060546875</ele>
        <time>2026-08-19T21:50:57.000Z</time>
        <extensions>
          <ns3:TrackPointExtension>
            <ns3:hr>137</ns3:hr>
            <ns3:cad>91</ns3:cad>
          </ns3:TrackPointExtension>
        </extensions>
      </trkpt>
      <trkpt lat="29.29141734726727008819580078125" lon="117.250616289675235748291015625">
        <ele>34.799999237060546875</ele>
        <time>2026-08-19T21:50:58.000Z</time>
        <extensions>
          <ns3:TrackPointExtension>
            <ns3:hr>137</ns3:hr>
            <ns3:cad>91</ns3:cad>
          </ns3:TrackPointExtension>
        </extensions>
      </trkpt>
      <trkpt lat="29.29141215048730373382568359375" lon="117.25058385170996189117431640625">
        <ele>35</ele>
        <time>2026-08-19T21:50:59.000Z</time>
        <extensions>
          <ns3:TrackPointExtension>
            <ns3:hr>136</ns3:hr>
            <ns3:cad>92</ns3:cad>
          </ns3:TrackPointExtension>
        </extensions>
      </trkpt>
      <trkpt lat="29.2914006672799587249755859375" lon="117.25055887363851070404052734375">
        <ele>35</ele>
        <time>2026-08-19T21:51:00.000Z</time>
        <extensions>
          <ns3:TrackPointExtension>
            <ns3:hr>136</ns3:hr>
            <ns3:cad>91</ns3:cad>
          </ns3:TrackPointExtension>
        </extensions>
      </trkpt>
      <trkpt lat="29.29139614105224609375" lon="117.25052568130195140838623046875">
        <ele>34.799999237060546875</ele>
        <time>2026-08-19T21:51:01.000Z</time>
        <extensions>
          <ns3:TrackPointExtension>
            <ns3:hr>136</ns3:hr>
            <ns3:cad>91</ns3:cad>
          </ns3:TrackPointExtension>
        </extensions>
      </trkpt>
      <trkpt lat="29.291386418044567108154296875" lon="117.25049793720245361328125">
        <ele>34.799999237060546875</ele>
        <time>2026-08-19T21:51:02.000Z</time>
        <extensions>
          <ns3:TrackPointExtension>
            <ns3:hr>136</ns3:hr>
            <ns3:cad>91</ns3:cad>
          </ns3:TrackPointExtension>
        </extensions>
      </trkpt>
      <trkpt lat="29.29138474166393280029296875" lon="117.25046432577073574066162109375">
        <ele>34.799999237060546875</ele>
        <time>2026-08-19T21:51:03.000Z</time>
        <extensions>
          <ns3:TrackPointExtension>
            <ns3:hr>136</ns3:hr>
            <ns3:cad>92</ns3:cad>
          </ns3:TrackPointExtension>
        </extensions>
      </trkpt>
      <trkpt lat="29.2913735099136829376220703125" lon="117.25043700076639652252197265625">
        <ele>35</ele>
        <time>2026-08-19T21:51:04.000Z</time>
        <extensions>
          <ns3:TrackPointExtension>
            <ns3:hr>135</ns3:hr>
            <ns3:cad>91</ns3:cad>
          </ns3:TrackPointExtension>
        </extensions>
      </trkpt>
      <trkpt lat="29.29137133061885833740234375" lon="117.25040364079177379608154296875">
        <ele>35</ele>
        <time>2026-08-19T21:51:05.000Z</time>
        <extensions>
          <ns3:TrackPointExtension>
            <ns3:hr>136</ns3:hr>
            <ns3:cad>91</ns3:cad>
          </ns3:TrackPointExtension>
        </extensions>
      </trkpt>
      <trkpt lat="29.29136169143021106719970703125" lon="117.25037514232099056243896484375">
        <ele>35</ele>
        <time>2026-08-19T21:51:06.000Z</time>
        <extensions>
          <ns3:TrackPointExtension>
            <ns3:hr>136</ns3:hr>
            <ns3:cad>91</ns3:cad>
          </ns3:TrackPointExtension>
        </extensions>
      </trkpt>
      <trkpt lat="29.29135884158313274383544921875" lon="117.2503432072699069976806640625">
        <ele>35</ele>
        <time>2026-08-19T21:51:07.000Z</time>
        <extensions>
          <ns3:TrackPointExtension>
            <ns3:hr>136</ns3:hr>
            <ns3:cad>91</ns3:cad>
          </ns3:TrackPointExtension>
        </extensions>
      </trkpt>
      <trkpt lat="29.2913493700325489044189453125" lon="117.25031596608459949493408203125">
        <ele>35</ele>
        <time>2026-08-19T21:51:08.000Z</time>
        <extensions>
          <ns3:TrackPointExtension>
            <ns3:hr>136</ns3:hr>
            <ns3:cad>90</ns3:cad>
          </ns3:TrackPointExtension>
        </extensions>
      </trkpt>
      <trkpt lat="29.2913429997861385345458984375" lon="117.2502862103283405303955078125">
        <ele>35</ele>
        <time>2026-08-19T21:51:09.000Z</time>
        <extensions>
          <ns3:TrackPointExtension>
            <ns3:hr>135</ns3:hr>
            <ns3:cad>90</ns3:cad>
          </ns3:TrackPointExtension>
        </extensions>
      </trkpt>
      <trkpt lat="29.29133520461618900299072265625" lon="117.2502587176859378814697265625">
        <ele>35</ele>
        <time>2026-08-19T21:51:10.000Z</time>
        <extensions>
          <ns3:TrackPointExtension>
            <ns3:hr>135</ns3:hr>
            <ns3:cad>90</ns3:cad>
          </ns3:TrackPointExtension>
        </extensions>
      </trkpt>
      <trkpt lat="29.2913326062262058258056640625" lon="117.2502315603196620941162109375">
        <ele>35</ele>
        <time>2026-08-19T21:51:11.000Z</time>
        <extensions>
          <ns3:TrackPointExtension>
            <ns3:hr>135</ns3:hr>
            <ns3:cad>90</ns3:cad>
          </ns3:TrackPointExtension>
        </extensions>
      </trkpt>
      <trkpt lat="29.29132648743689060211181640625" lon="117.25020532496273517608642578125">
        <ele>35</ele>
        <time>2026-08-19T21:51:12.000Z</time>
        <extensions>
          <ns3:TrackPointExtension>
            <ns3:hr>135</ns3:hr>
            <ns3:cad>90</ns3:cad>
          </ns3:TrackPointExtension>
        </extensions>
      </trkpt>
      <trkpt lat="29.2913210391998291015625" lon="117.25017783232033252716064453125">
        <ele>35.200000762939453125</ele>
        <time>2026-08-19T21:51:13.000Z</time>
        <extensions>
          <ns3:TrackPointExtension>
            <ns3:hr>135</ns3:hr>
            <ns3:cad>91</ns3:cad>
          </ns3:TrackPointExtension>
        </extensions>
      </trkpt>
      <trkpt lat="29.291312657296657562255859375" lon="117.2501437179744243621826171875">
        <ele>35.200000762939453125</ele>
        <time>2026-08-19T21:51:14.000Z</time>
        <extensions>
          <ns3:TrackPointExtension>
            <ns3:hr>135</ns3:hr>
            <ns3:cad>91</ns3:cad>
          </ns3:TrackPointExtension>
        </extensions>
      </trkpt>
      <trkpt lat="29.291305951774120330810546875" lon="117.2501152195036411285400390625">
        <ele>35.200000762939453125</ele>
        <time>2026-08-19T21:51:15.000Z</time>
        <extensions>
          <ns3:TrackPointExtension>
            <ns3:hr>135</ns3:hr>
            <ns3:cad>91</ns3:cad>
          </ns3:TrackPointExtension>
        </extensions>
      </trkpt>
      <trkpt lat="29.2912980727851390838623046875" lon="117.2500835359096527099609375">
        <ele>35.200000762939453125</ele>
        <time>2026-08-19T21:51:16.000Z</time>
        <extensions>
          <ns3:TrackPointExtension>
            <ns3:hr>135</ns3:hr>
            <ns3:cad>92</ns3:cad>
          </ns3:TrackPointExtension>
        </extensions>
      </trkpt>
      <trkpt lat="29.29128809832036495208740234375" lon="117.250058390200138092041015625">
        <ele>35.200000762939453125</ele>
        <time>2026-08-19T21:51:17.000Z</time>
        <extensions>
          <ns3:TrackPointExtension>
            <ns3:hr>134</ns3:hr>
            <ns3:cad>91</ns3:cad>
          </ns3:TrackPointExtension>
        </extensions>
      </trkpt>
      <trkpt lat="29.29128147661685943603515625" lon="117.2500230185687541961669921875">
        <ele>35.200000762939453125</ele>
        <time>2026-08-19T21:51:18.000Z</time>
        <extensions>
          <ns3:TrackPointExtension>
            <ns3:hr>135</ns3:hr>
            <ns3:cad>91</ns3:cad>
          </ns3:TrackPointExtension>
        </extensions>
      </trkpt>
      <trkpt lat="29.29127418436110019683837890625" lon="117.24999762140214443206787109375">
        <ele>35.200000762939453125</ele>
        <time>2026-08-19T21:51:19.000Z</time>
        <extensions>
          <ns3:TrackPointExtension>
            <ns3:hr>135</ns3:hr>
            <ns3:cad>91</ns3:cad>
          </ns3:TrackPointExtension>
        </extensions>
      </trkpt>
      <trkpt lat="29.29126664064824581146240234375" lon="117.24996141158044338226318359375">
        <ele>35.200000762939453125</ele>
        <time>2026-08-19T21:51:20.000Z</time>
        <extensions>
          <ns3:TrackPointExtension>
            <ns3:hr>134</ns3:hr>
            <ns3:cad>91</ns3:cad>
          </ns3:TrackPointExtension>
        </extensions>
      </trkpt>
      <trkpt lat="29.291257001459598541259765625" lon="117.2499345056712627410888671875">
        <ele>35.200000762939453125</ele>
        <time>2026-08-19T21:51:21.000Z</time>
        <extensions>
          <ns3:TrackPointExtension>
            <ns3:hr>135</ns3:hr>
            <ns3:cad>91</ns3:cad>
          </ns3:TrackPointExtension>
        </extensions>
      </trkpt>
      <trkpt lat="29.2912501282989978790283203125" lon="117.2498976252973079681396484375">
        <ele>35.200000762939453125</ele>
        <time>2026-08-19T21:51:22.000Z</time>
        <extensions>
          <ns3:TrackPointExtension>
            <ns3:hr>135</ns3:hr>
            <ns3:cad>90</ns3:cad>
          </ns3:TrackPointExtension>
        </extensions>
      </trkpt>
      <trkpt lat="29.29123830981552600860595703125" lon="117.249875329434871673583984375">
        <ele>35.200000762939453125</ele>
        <time>2026-08-19T21:51:23.000Z</time>
        <extensions>
          <ns3:TrackPointExtension>
            <ns3:hr>135</ns3:hr>
            <ns3:cad>90</ns3:cad>
          </ns3:TrackPointExtension>
        </extensions>
      </trkpt>
      <trkpt lat="29.2912293411791324615478515625" lon="117.24984389729797840118408203125">
        <ele>35.200000762939453125</ele>
        <time>2026-08-19T21:51:24.000Z</time>
        <extensions>
          <ns3:TrackPointExtension>
            <ns3:hr>134</ns3:hr>
            <ns3:cad>90</ns3:cad>
          </ns3:TrackPointExtension>
        </extensions>
      </trkpt>
      <trkpt lat="29.291216768324375152587890625" lon="117.24981958977878093719482421875">
        <ele>35.200000762939453125</ele>
        <time>2026-08-19T21:51:25.000Z</time>
        <extensions>
          <ns3:TrackPointExtension>
            <ns3:hr>135</ns3:hr>
            <ns3:cad>90</ns3:cad>
          </ns3:TrackPointExtension>
        </extensions>
      </trkpt>
      <trkpt lat="29.2912112362682819366455078125" lon="117.249786145985126495361328125">
        <ele>35.200000762939453125</ele>
        <time>2026-08-19T21:51:26.000Z</time>
        <extensions>
          <ns3:TrackPointExtension>
            <ns3:hr>135</ns3:hr>
            <ns3:cad>90</ns3:cad>
          </ns3:TrackPointExtension>
        </extensions>
      </trkpt>
      <trkpt lat="29.29119966924190521240234375" lon="117.24976477213203907012939453125">
        <ele>35.200000762939453125</ele>
        <time>2026-08-19T21:51:27.000Z</time>
        <extensions>
          <ns3:TrackPointExtension>
            <ns3:hr>134</ns3:hr>
            <ns3:cad>90</ns3:cad>
          </ns3:TrackPointExtension>
        </extensions>
      </trkpt>
      <trkpt lat="29.29119070060551166534423828125" lon="117.24973375909030437469482421875">
        <ele>35.200000762939453125</ele>
        <time>2026-08-19T21:51:28.000Z</time>
        <extensions>
          <ns3:TrackPointExtension>
            <ns3:hr>134</ns3:hr>
            <ns3:cad>90</ns3:cad>
          </ns3:TrackPointExtension>
        </extensions>
      </trkpt>
      <trkpt lat="29.29117762483656406402587890625" lon="117.24970827810466289520263671875">
        <ele>35.40000152587890625</ele>
        <time>2026-08-19T21:51:29.000Z</time>
        <extensions>
          <ns3:TrackPointExtension>
            <ns3:hr>135</ns3:hr>
            <ns3:cad>90</ns3:cad>
          </ns3:TrackPointExtension>
        </extensions>
      </trkpt>
      <trkpt lat="29.291167147457599639892578125" lon="117.2496731579303741455078125">
        <ele>35.40000152587890625</ele>
        <time>2026-08-19T21:51:30.000Z</time>
        <extensions>
          <ns3:TrackPointExtension>
            <ns3:hr>135</ns3:hr>
            <ns3:cad>90</ns3:cad>
          </ns3:TrackPointExtension>
        </extensions>
      </trkpt>
      <trkpt lat="29.29115197621285915374755859375" lon="117.24965111352503299713134765625">
        <ele>35.40000152587890625</ele>
        <time>2026-08-19T21:51:31.000Z</time>
        <extensions>
          <ns3:TrackPointExtension>
            <ns3:hr>135</ns3:hr>
            <ns3:cad>90</ns3:cad>
          </ns3:TrackPointExtension>
        </extensions>
      </trkpt>
      <trkpt lat="29.2911408282816410064697265625" lon="117.24961658008396625518798828125">
        <ele>35.40000152587890625</ele>
        <time>2026-08-19T21:51:32.000Z</time>
        <extensions>
          <ns3:TrackPointExtension>
            <ns3:hr>135</ns3:hr>
            <ns3:cad>90</ns3:cad>
          </ns3:TrackPointExtension>
        </extensions>
      </trkpt>
      <trkpt lat="29.29112683050334453582763671875" lon="117.24959294311702251434326171875">
        <ele>35.40000152587890625</ele>
        <time>2026-08-19T21:51:33.000Z</time>
        <extensions>
          <ns3:TrackPointExtension>
            <ns3:hr>135</ns3:hr>
            <ns3:cad>91</ns3:cad>
          </ns3:TrackPointExtension>
        </extensions>
      </trkpt>
      <trkpt lat="29.29111693985760211944580078125" lon="117.249556817114353179931640625">
        <ele>35.40000152587890625</ele>
        <time>2026-08-19T21:51:34.000Z</time>
        <extensions>
          <ns3:TrackPointExtension>
            <ns3:hr>135</ns3:hr>
            <ns3:cad>92</ns3:cad>
          </ns3:TrackPointExtension>
        </extensions>
      </trkpt>
      <trkpt lat="29.291100762784481048583984375" lon="117.24953569471836090087890625">
        <ele>35.40000152587890625</ele>
        <time>2026-08-19T21:51:35.000Z</time>
        <extensions>
          <ns3:TrackPointExtension>
            <ns3:hr>135</ns3:hr>
            <ns3:cad>92</ns3:cad>
          </ns3:TrackPointExtension>
        </extensions>
      </trkpt>
      <trkpt lat="29.29109062068164348602294921875" lon="117.24950392730534076690673828125">
        <ele>35.40000152587890625</ele>
        <time>2026-08-19T21:51:36.000Z</time>
        <extensions>
          <ns3:TrackPointExtension>
            <ns3:hr>136</ns3:hr>
            <ns3:cad>92</ns3:cad>
          </ns3:TrackPointExtension>
        </extensions>
      </trkpt>
      <trkpt lat="29.291076958179473876953125" lon="117.24947928451001644134521484375">
        <ele>35.40000152587890625</ele>
        <time>2026-08-19T21:51:37.000Z</time>
        <extensions>
          <ns3:TrackPointExtension>
            <ns3:hr>137</ns3:hr>
            <ns3:cad>91</ns3:cad>
          </ns3:TrackPointExtension>
        </extensions>
      </trkpt>
      <trkpt lat="29.29106715135276317596435546875" lon="117.24944760091602802276611328125">
        <ele>35.40000152587890625</ele>
        <time>2026-08-19T21:51:38.000Z</time>
        <extensions>
          <ns3:TrackPointExtension>
            <ns3:hr>137</ns3:hr>
            <ns3:cad>91</ns3:cad>
          </ns3:TrackPointExtension>
        </extensions>
      </trkpt>
      <trkpt lat="29.2910523153841495513916015625" lon="117.2494282387197017669677734375">
        <ele>35.40000152587890625</ele>
        <time>2026-08-19T21:51:39.000Z</time>
        <extensions>
          <ns3:TrackPointExtension>
            <ns3:hr>138</ns3:hr>
            <ns3:cad>91</ns3:cad>
          </ns3:TrackPointExtension>
        </extensions>
      </trkpt>
      <trkpt lat="29.29104544222354888916015625" lon="117.24939529784023761749267578125">
        <ele>35.40000152587890625</ele>
        <time>2026-08-19T21:51:40.000Z</time>
        <extensions>
          <ns3:TrackPointExtension>
            <ns3:hr>138</ns3:hr>
            <ns3:cad>91</ns3:cad>
          </ns3:TrackPointExtension>
        </extensions>
      </trkpt>
      <trkpt lat="29.29102926515042781829833984375" lon="117.24937551654875278472900390625">
        <ele>35.59999847412109375</ele>
        <time>2026-08-19T21:51:41.000Z</time>
        <extensions>
          <ns3:TrackPointExtension>
            <ns3:hr>139</ns3:hr>
            <ns3:cad>90</ns3:cad>
          </ns3:TrackPointExtension>
        </extensions>
      </trkpt>
      <trkpt lat="29.2910181172192096710205078125" lon="117.249344922602176666259765625">
        <ele>35.59999847412109375</ele>
        <time>2026-08-19T21:51:42.000Z</time>
        <extensions>
          <ns3:TrackPointExtension>
            <ns3:hr>139</ns3:hr>
            <ns3:cad>90</ns3:cad>
          </ns3:TrackPointExtension>
        </extensions>
      </trkpt>
      <trkpt lat="29.2910058796405792236328125" lon="117.24932120181620121002197265625">
        <ele>35.59999847412109375</ele>
        <time>2026-08-19T21:51:43.000Z</time>
        <extensions>
          <ns3:TrackPointExtension>
            <ns3:hr>139</ns3:hr>
            <ns3:cad>90</ns3:cad>
          </ns3:TrackPointExtension>
        </extensions>
      </trkpt>
      <trkpt lat="29.290994815528392791748046875" lon="117.24929337389767169952392578125">
        <ele>35.59999847412109375</ele>
        <time>2026-08-19T21:51:44.000Z</time>
        <extensions>
          <ns3:TrackPointExtension>
            <ns3:hr>140</ns3:hr>
            <ns3:cad>90</ns3:cad>
          </ns3:TrackPointExtension>
        </extensions>
      </trkpt>
      <trkpt lat="29.29098282940685749053955078125" lon="117.24927510134875774383544921875">
        <ele>35.59999847412109375</ele>
        <time>2026-08-19T21:51:45.000Z</time>
        <extensions>
          <ns3:TrackPointExtension>
            <ns3:hr>140</ns3:hr>
            <ns3:cad>90</ns3:cad>
          </ns3:TrackPointExtension>
        </extensions>
      </trkpt>
      <trkpt lat="29.2909731902182102203369140625" lon="117.2492471896111965179443359375">
        <ele>35.59999847412109375</ele>
        <time>2026-08-19T21:51:46.000Z</time>
        <extensions>
          <ns3:TrackPointExtension>
            <ns3:hr>141</ns3:hr>
            <ns3:cad>90</ns3:cad>
          </ns3:TrackPointExtension>
        </extensions>
      </trkpt>
      <trkpt lat="29.290955923497676849365234375" lon="117.2492225468158721923828125">
        <ele>35.40000152587890625</ele>
        <time>2026-08-19T21:51:47.000Z</time>
        <extensions>
          <ns3:TrackPointExtension>
            <ns3:hr>141</ns3:hr>
            <ns3:cad>91</ns3:cad>
          </ns3:TrackPointExtension>
        </extensions>
      </trkpt>
      <trkpt lat="29.290944524109363555908203125" lon="117.24919228814542293548583984375">
        <ele>35.40000152587890625</ele>
        <time>2026-08-19T21:51:48.000Z</time>
        <extensions>
          <ns3:TrackPointExtension>
            <ns3:hr>141</ns3:hr>
            <ns3:cad>91</ns3:cad>
          </ns3:TrackPointExtension>
        </extensions>
      </trkpt>
      <trkpt lat="29.29092683829367160797119140625" lon="117.2491662204265594482421875">
        <ele>35.40000152587890625</ele>
        <time>2026-08-19T21:51:49.000Z</time>
        <extensions>
          <ns3:TrackPointExtension>
            <ns3:hr>141</ns3:hr>
            <ns3:cad>91</ns3:cad>
          </ns3:TrackPointExtension>
        </extensions>
      </trkpt>
      <trkpt lat="29.29091661237180233001708984375" lon="117.249138392508029937744140625">
        <ele>35.59999847412109375</ele>
        <time>2026-08-19T21:51:50.000Z</time>
        <extensions>
          <ns3:TrackPointExtension>
            <ns3:hr>141</ns3:hr>
            <ns3:cad>91</ns3:cad>
          </ns3:TrackPointExtension>
        </extensions>
      </trkpt>
      <trkpt lat="29.29089951328933238983154296875" lon="117.2491140849888324737548828125">
        <ele>35.40000152587890625</ele>
        <time>2026-08-19T21:51:51.000Z</time>
        <extensions>
          <ns3:TrackPointExtension>
            <ns3:hr>141</ns3:hr>
            <ns3:cad>91</ns3:cad>
          </ns3:TrackPointExtension>
        </extensions>
      </trkpt>
      <trkpt lat="29.29088509641587734222412109375" lon="117.24908986128866672515869140625">
        <ele>35.59999847412109375</ele>
        <time>2026-08-19T21:51:52.000Z</time>
        <extensions>
          <ns3:TrackPointExtension>
            <ns3:hr>141</ns3:hr>
            <ns3:cad>91</ns3:cad>
          </ns3:TrackPointExtension>
        </extensions>
      </trkpt>
      <trkpt lat="29.29086715914309024810791015625" lon="117.24906404502689838409423828125">
        <ele>35.59999847412109375</ele>
        <time>2026-08-19T21:51:53.000Z</time>
        <extensions>
          <ns3:TrackPointExtension>
            <ns3:hr>142</ns3:hr>
            <ns3:cad>91</ns3:cad>
          </ns3:TrackPointExtension>
        </extensions>
      </trkpt>
      <trkpt lat="29.29085307754576206207275390625" lon="117.2490373067557811737060546875">
        <ele>35.59999847412109375</ele>
        <time>2026-08-19T21:51:54.000Z</time>
        <extensions>
          <ns3:TrackPointExtension>
            <ns3:hr>142</ns3:hr>
            <ns3:cad>90</ns3:cad>
          </ns3:TrackPointExtension>
        </extensions>
      </trkpt>
      <trkpt lat="29.2908333800733089447021484375" lon="117.2490078024566173553466796875">
        <ele>35.40000152587890625</ele>
        <time>2026-08-19T21:51:55.000Z</time>
        <extensions>
          <ns3:TrackPointExtension>
            <ns3:hr>142</ns3:hr>
            <ns3:cad>90</ns3:cad>
          </ns3:TrackPointExtension>
        </extensions>
      </trkpt>
      <trkpt lat="29.29082013666629791259765625" lon="117.24898257292807102203369140625">
        <ele>35.59999847412109375</ele>
        <time>2026-08-19T21:51:56.000Z</time>
        <extensions>
          <ns3:TrackPointExtension>
            <ns3:hr>142</ns3:hr>
            <ns3:cad>90</ns3:cad>
          </ns3:TrackPointExtension>
        </extensions>
      </trkpt>
      <trkpt lat="29.290803708136081695556640625" lon="117.2489558346569538116455078125">
        <ele>35.59999847412109375</ele>
        <time>2026-08-19T21:51:57.000Z</time>
        <extensions>
          <ns3:TrackPointExtension>
            <ns3:hr>142</ns3:hr>
            <ns3:cad>90</ns3:cad>
          </ns3:TrackPointExtension>
        </extensions>
      </trkpt>
      <trkpt lat="29.29079004563391208648681640625" lon="117.2489328682422637939453125">
        <ele>35.59999847412109375</ele>
        <time>2026-08-19T21:51:58.000Z</time>
        <extensions>
          <ns3:TrackPointExtension>
            <ns3:hr>142</ns3:hr>
            <ns3:cad>90</ns3:cad>
          </ns3:TrackPointExtension>
        </extensions>
      </trkpt>
      <trkpt lat="29.29077277891337871551513671875" lon="117.248906381428241729736328125">
        <ele>35.59999847412109375</ele>
        <time>2026-08-19T21:51:59.000Z</time>
        <extensions>
          <ns3:TrackPointExtension>
            <ns3:hr>142</ns3:hr>
            <ns3:cad>90</ns3:cad>
          </ns3:TrackPointExtension>
        </extensions>
      </trkpt>
      <trkpt lat="29.2907589487731456756591796875" lon="117.24888215772807598114013671875">
        <ele>35.59999847412109375</ele>
        <time>2026-08-19T21:52:00.000Z</time>
        <extensions>
          <ns3:TrackPointExtension>
            <ns3:hr>141</ns3:hr>
            <ns3:cad>90</ns3:cad>
          </ns3:TrackPointExtension>
        </extensions>
      </trkpt>
      <trkpt lat="29.29073858074843883514404296875" lon="117.2488529048860073089599609375">
        <ele>35.59999847412109375</ele>
        <time>2026-08-19T21:52:01.000Z</time>
        <extensions>
          <ns3:TrackPointExtension>
            <ns3:hr>141</ns3:hr>
            <ns3:cad>90</ns3:cad>
          </ns3:TrackPointExtension>
        </extensions>
      </trkpt>
      <trkpt lat="29.29072332568466663360595703125" lon="117.248827926814556121826171875">
        <ele>35.59999847412109375</ele>
        <time>2026-08-19T21:52:02.000Z</time>
        <extensions>
          <ns3:TrackPointExtension>
            <ns3:hr>140</ns3:hr>
            <ns3:cad>90</ns3:cad>
          </ns3:TrackPointExtension>
        </extensions>
      </trkpt>
      <trkpt lat="29.29070438258349895477294921875" lon="117.24879951216280460357666015625">
        <ele>35.59999847412109375</ele>
        <time>2026-08-19T21:52:03.000Z</time>
        <extensions>
          <ns3:TrackPointExtension>
            <ns3:hr>140</ns3:hr>
            <ns3:cad>90</ns3:cad>
          </ns3:TrackPointExtension>
        </extensions>
      </trkpt>
      <trkpt lat="29.29068828932940959930419921875" lon="117.24877755157649517059326171875">
        <ele>35.59999847412109375</ele>
        <time>2026-08-19T21:52:04.000Z</time>
        <extensions>
          <ns3:TrackPointExtension>
            <ns3:hr>139</ns3:hr>
            <ns3:cad>90</ns3:cad>
          </ns3:TrackPointExtension>
        </extensions>
      </trkpt>
      <trkpt lat="29.290670268237590789794921875" lon="117.24874871782958507537841796875">
        <ele>35.799999237060546875</ele>
        <time>2026-08-19T21:52:05.000Z</time>
        <extensions>
          <ns3:TrackPointExtension>
            <ns3:hr>138</ns3:hr>
            <ns3:cad>90</ns3:cad>
          </ns3:TrackPointExtension>
        </extensions>
      </trkpt>
      <trkpt lat="29.2906558513641357421875" lon="117.248730026185512542724609375">
        <ele>35.799999237060546875</ele>
        <time>2026-08-19T21:52:06.000Z</time>
        <extensions>
          <ns3:TrackPointExtension>
            <ns3:hr>138</ns3:hr>
            <ns3:cad>90</ns3:cad>
          </ns3:TrackPointExtension>
        </extensions>
      </trkpt>
      <trkpt lat="29.29063917137682437896728515625" lon="117.2487021982669830322265625">
        <ele>35.799999237060546875</ele>
        <time>2026-08-19T21:52:07.000Z</time>
        <extensions>
          <ns3:TrackPointExtension>
            <ns3:hr>137</ns3:hr>
            <ns3:cad>90</ns3:cad>
          </ns3:TrackPointExtension>
        </extensions>
      </trkpt>
      <trkpt lat="29.2906251735985279083251953125" lon="117.2486829198896884918212890625">
        <ele>35.799999237060546875</ele>
        <time>2026-08-19T21:52:08.000Z</time>
        <extensions>
          <ns3:TrackPointExtension>
            <ns3:hr>137</ns3:hr>
            <ns3:cad>90</ns3:cad>
          </ns3:TrackPointExtension>
        </extensions>
      </trkpt>
      <trkpt lat="29.29060664959251880645751953125" lon="117.24865517579019069671630859375">
        <ele>35.799999237060546875</ele>
        <time>2026-08-19T21:52:09.000Z</time>
        <extensions>
          <ns3:TrackPointExtension>
            <ns3:hr>136</ns3:hr>
            <ns3:cad>90</ns3:cad>
          </ns3:TrackPointExtension>
        </extensions>
      </trkpt>
      <trkpt lat="29.290592484176158905029296875" lon="117.248634807765483856201171875">
        <ele>35.799999237060546875</ele>
        <time>2026-08-19T21:52:10.000Z</time>
        <extensions>
          <ns3:TrackPointExtension>
            <ns3:hr>136</ns3:hr>
            <ns3:cad>90</ns3:cad>
          </ns3:TrackPointExtension>
        </extensions>
      </trkpt>
      <trkpt lat="29.2905762232840061187744140625" lon="117.24860404618084430694580078125">
        <ele>35.799999237060546875</ele>
        <time>2026-08-19T21:52:11.000Z</time>
        <extensions>
          <ns3:TrackPointExtension>
            <ns3:hr>136</ns3:hr>
            <ns3:cad>90</ns3:cad>
          </ns3:TrackPointExtension>
        </extensions>
      </trkpt>
      <trkpt lat="29.290560968220233917236328125" lon="117.2485826723277568817138671875">
        <ele>35.799999237060546875</ele>
        <time>2026-08-19T21:52:12.000Z</time>
        <extensions>
          <ns3:TrackPointExtension>
            <ns3:hr>135</ns3:hr>
            <ns3:cad>90</ns3:cad>
          </ns3:TrackPointExtension>
        </extensions>
      </trkpt>
      <trkpt lat="29.29054210893809795379638671875" lon="117.24855056963860988616943359375">
        <ele>35.799999237060546875</ele>
        <time>2026-08-19T21:52:13.000Z</time>
        <extensions>
          <ns3:TrackPointExtension>
            <ns3:hr>135</ns3:hr>
            <ns3:cad>90</ns3:cad>
          </ns3:TrackPointExtension>
        </extensions>
      </trkpt>
      <trkpt lat="29.29052769206464290618896484375" lon="117.2485323809087276458740234375">
        <ele>35.799999237060546875</ele>
        <time>2026-08-19T21:52:14.000Z</time>
        <extensions>
          <ns3:TrackPointExtension>
            <ns3:hr>135</ns3:hr>
            <ns3:cad>90</ns3:cad>
          </ns3:TrackPointExtension>
        </extensions>
      </trkpt>
      <trkpt lat="29.290510676801204681396484375" lon="117.2485005296766757965087890625">
        <ele>35.799999237060546875</ele>
        <time>2026-08-19T21:52:15.000Z</time>
        <extensions>
          <ns3:TrackPointExtension>
            <ns3:hr>135</ns3:hr>
            <ns3:cad>90</ns3:cad>
          </ns3:TrackPointExtension>
        </extensions>
      </trkpt>
      <trkpt lat="29.290494583547115325927734375" lon="117.24848401732742786407470703125">
        <ele>35.799999237060546875</ele>
        <time>2026-08-19T21:52:16.000Z</time>
        <extensions>
          <ns3:TrackPointExtension>
            <ns3:hr>136</ns3:hr>
            <ns3:cad>90</ns3:cad>
          </ns3:TrackPointExtension>
        </extensions>
      </trkpt>
      <trkpt lat="29.29047605954110622406005859375" lon="117.2484509088099002838134765625">
        <ele>35.799999237060546875</ele>
        <time>2026-08-19T21:52:17.000Z</time>
        <extensions>
          <ns3:TrackPointExtension>
            <ns3:hr>135</ns3:hr>
            <ns3:cad>90</ns3:cad>
          </ns3:TrackPointExtension>
        </extensions>
      </trkpt>
      <trkpt lat="29.29045661352574825286865234375" lon="117.24843389354646205902099609375">
        <ele>35.799999237060546875</ele>
        <time>2026-08-19T21:52:18.000Z</time>
        <extensions>
          <ns3:TrackPointExtension>
            <ns3:hr>135</ns3:hr>
            <ns3:cad>90</ns3:cad>
          </ns3:TrackPointExtension>
        </extensions>
      </trkpt>
      <trkpt lat="29.2904407717287540435791015625" lon="117.24840304814279079437255859375">
        <ele>35.799999237060546875</ele>
        <time>2026-08-19T21:52:19.000Z</time>
        <extensions>
          <ns3:TrackPointExtension>
            <ns3:hr>135</ns3:hr>
            <ns3:cad>90</ns3:cad>
          </ns3:TrackPointExtension>
        </extensions>
      </trkpt>
      <trkpt lat="29.29042224772274494171142578125" lon="117.248387373983860015869140625">
        <ele>35.799999237060546875</ele>
        <time>2026-08-19T21:52:20.000Z</time>
        <extensions>
          <ns3:TrackPointExtension>
            <ns3:hr>135</ns3:hr>
            <ns3:cad>90</ns3:cad>
          </ns3:TrackPointExtension>
        </extensions>
      </trkpt>
      <trkpt lat="29.29040347225964069366455078125" lon="117.248356528580188751220703125">
        <ele>35.799999237060546875</ele>
        <time>2026-08-19T21:52:21.000Z</time>
        <extensions>
          <ns3:TrackPointExtension>
            <ns3:hr>135</ns3:hr>
            <ns3:cad>90</ns3:cad>
          </ns3:TrackPointExtension>
        </extensions>
      </trkpt>
      <trkpt lat="29.29038695991039276123046875" lon="117.24833347834646701812744140625">
        <ele>35.59999847412109375</ele>
        <time>2026-08-19T21:52:22.000Z</time>
        <extensions>
          <ns3:TrackPointExtension>
            <ns3:hr>135</ns3:hr>
            <ns3:cad>90</ns3:cad>
          </ns3:TrackPointExtension>
        </extensions>
      </trkpt>
      <trkpt lat="29.2903693579137325286865234375" lon="117.24829810671508312225341796875">
        <ele>35.59999847412109375</ele>
        <time>2026-08-19T21:52:23.000Z</time>
        <extensions>
          <ns3:TrackPointExtension>
            <ns3:hr>135</ns3:hr>
            <ns3:cad>91</ns3:cad>
          </ns3:TrackPointExtension>
        </extensions>
      </trkpt>
      <trkpt lat="29.29035100154578685760498046875" lon="117.2482758946716785430908203125">
        <ele>35.59999847412109375</ele>
        <time>2026-08-19T21:52:24.000Z</time>
        <extensions>
          <ns3:TrackPointExtension>
            <ns3:hr>135</ns3:hr>
            <ns3:cad>91</ns3:cad>
          </ns3:TrackPointExtension>
        </extensions>
      </trkpt>
      <trkpt lat="29.290337003767490386962890625" lon="117.24823884665966033935546875">
        <ele>35.59999847412109375</ele>
        <time>2026-08-19T21:52:25.000Z</time>
        <extensions>
          <ns3:TrackPointExtension>
            <ns3:hr>136</ns3:hr>
            <ns3:cad>91</ns3:cad>
          </ns3:TrackPointExtension>
        </extensions>
      </trkpt>
      <trkpt lat="29.2903192341327667236328125" lon="117.24821629934012889862060546875">
        <ele>35.59999847412109375</ele>
        <time>2026-08-19T21:52:26.000Z</time>
        <extensions>
          <ns3:TrackPointExtension>
            <ns3:hr>136</ns3:hr>
            <ns3:cad>91</ns3:cad>
          </ns3:TrackPointExtension>
        </extensions>
      </trkpt>
      <trkpt lat="29.290308170020580291748046875" lon="117.2481820173561573028564453125">
        <ele>35.59999847412109375</ele>
        <time>2026-08-19T21:52:27.000Z</time>
        <extensions>
          <ns3:TrackPointExtension>
            <ns3:hr>136</ns3:hr>
            <ns3:cad>92</ns3:cad>
          </ns3:TrackPointExtension>
        </extensions>
      </trkpt>
      <trkpt lat="29.2902898974716663360595703125" lon="117.24815905094146728515625">
        <ele>35.40000152587890625</ele>
        <time>2026-08-19T21:52:28.000Z</time>
        <extensions>
          <ns3:TrackPointExtension>
            <ns3:hr>136</ns3:hr>
            <ns3:cad>92</ns3:cad>
          </ns3:TrackPointExtension>
        </extensions>
      </trkpt>
      <trkpt lat="29.29027187637984752655029296875" lon="117.2481287084519863128662109375">
        <ele>35.40000152587890625</ele>
        <time>2026-08-19T21:52:29.000Z</time>
        <extensions>
          <ns3:TrackPointExtension>
            <ns3:hr>136</ns3:hr>
            <ns3:cad>92</ns3:cad>
          </ns3:TrackPointExtension>
        </extensions>
      </trkpt>
      <trkpt lat="29.290250502526760101318359375" lon="117.248110435903072357177734375">
        <ele>35.40000152587890625</ele>
        <time>2026-08-19T21:52:30.000Z</time>
        <extensions>
          <ns3:TrackPointExtension>
            <ns3:hr>137</ns3:hr>
            <ns3:cad>92</ns3:cad>
          </ns3:TrackPointExtension>
        </extensions>
      </trkpt>
      <trkpt lat="29.29023315198719501495361328125" lon="117.2480844520032405853271484375">
        <ele>35.40000152587890625</ele>
        <time>2026-08-19T21:52:31.000Z</time>
        <extensions>
          <ns3:TrackPointExtension>
            <ns3:hr>137</ns3:hr>
            <ns3:cad>92</ns3:cad>
          </ns3:TrackPointExtension>
        </extensions>
      </trkpt>
      <trkpt lat="29.2902141250669956207275390625" lon="117.2480603121221065521240234375">
        <ele>35.40000152587890625</ele>
        <time>2026-08-19T21:52:32.000Z</time>
        <extensions>
          <ns3:TrackPointExtension>
            <ns3:hr>137</ns3:hr>
            <ns3:cad>92</ns3:cad>
          </ns3:TrackPointExtension>
        </extensions>
      </trkpt>
      <trkpt lat="29.29019962437450885772705078125" lon="117.248031981289386749267578125">
        <ele>35.40000152587890625</ele>
        <time>2026-08-19T21:52:33.000Z</time>
        <extensions>
          <ns3:TrackPointExtension>
            <ns3:hr>138</ns3:hr>
            <ns3:cad>92</ns3:cad>
          </ns3:TrackPointExtension>
        </extensions>
      </trkpt>
      <trkpt lat="29.290180765092372894287109375" lon="117.2480076737701892852783203125">
        <ele>35.200000762939453125</ele>
        <time>2026-08-19T21:52:34.000Z</time>
        <extensions>
          <ns3:TrackPointExtension>
            <ns3:hr>138</ns3:hr>
            <ns3:cad>92</ns3:cad>
          </ns3:TrackPointExtension>
        </extensions>
      </trkpt>
      <trkpt lat="29.29016592912375926971435546875" lon="117.24798076786100864410400390625">
        <ele>35.200000762939453125</ele>
        <time>2026-08-19T21:52:35.000Z</time>
        <extensions>
          <ns3:TrackPointExtension>
            <ns3:hr>138</ns3:hr>
            <ns3:cad>92</ns3:cad>
          </ns3:TrackPointExtension>
        </extensions>
      </trkpt>
      <trkpt lat="29.2901450581848621368408203125" lon="117.24795587360858917236328125">
        <ele>35.200000762939453125</ele>
        <time>2026-08-19T21:52:36.000Z</time>
        <extensions>
          <ns3:TrackPointExtension>
            <ns3:hr>138</ns3:hr>
            <ns3:cad>92</ns3:cad>
          </ns3:TrackPointExtension>
        </extensions>
      </trkpt>
      <trkpt lat="29.29013089276850223541259765625" lon="117.24793131463229656219482421875">
        <ele>35.200000762939453125</ele>
        <time>2026-08-19T21:52:37.000Z</time>
        <extensions>
          <ns3:TrackPointExtension>
            <ns3:hr>138</ns3:hr>
            <ns3:cad>92</ns3:cad>
          </ns3:TrackPointExtension>
        </extensions>
      </trkpt>
      <trkpt lat="29.29011412896215915679931640625" lon="117.2479030676186084747314453125">
        <ele>35.200000762939453125</ele>
        <time>2026-08-19T21:52:38.000Z</time>
        <extensions>
          <ns3:TrackPointExtension>
            <ns3:hr>138</ns3:hr>
            <ns3:cad>92</ns3:cad>
          </ns3:TrackPointExtension>
        </extensions>
      </trkpt>
      <trkpt lat="29.29010331630706787109375" lon="117.247877754271030426025390625">
        <ele>35</ele>
        <time>2026-08-19T21:52:39.000Z</time>
        <extensions>
          <ns3:TrackPointExtension>
            <ns3:hr>138</ns3:hr>
            <ns3:cad>92</ns3:cad>
          </ns3:TrackPointExtension>
        </extensions>
      </trkpt>
      <trkpt lat="29.29008680395781993865966796875" lon="117.2478484176099300384521484375">
        <ele>35</ele>
        <time>2026-08-19T21:52:40.000Z</time>
        <extensions>
          <ns3:TrackPointExtension>
            <ns3:hr>139</ns3:hr>
            <ns3:cad>92</ns3:cad>
          </ns3:TrackPointExtension>
        </extensions>
      </trkpt>
      <trkpt lat="29.290072135627269744873046875" lon="117.24782042205333709716796875">
        <ele>35</ele>
        <time>2026-08-19T21:52:41.000Z</time>
        <extensions>
          <ns3:TrackPointExtension>
            <ns3:hr>139</ns3:hr>
            <ns3:cad>92</ns3:cad>
          </ns3:TrackPointExtension>
        </extensions>
      </trkpt>
      <trkpt lat="29.29005436599254608154296875" lon="117.2477848827838897705078125">
        <ele>35</ele>
        <time>2026-08-19T21:52:42.000Z</time>
        <extensions>
          <ns3:TrackPointExtension>
            <ns3:hr>139</ns3:hr>
            <ns3:cad>92</ns3:cad>
          </ns3:TrackPointExtension>
        </extensions>
      </trkpt>
      <trkpt lat="29.2900364287197589874267578125" lon="117.247764766216278076171875">
        <ele>34.799999237060546875</ele>
        <time>2026-08-19T21:52:43.000Z</time>
        <extensions>
          <ns3:TrackPointExtension>
            <ns3:hr>140</ns3:hr>
            <ns3:cad>92</ns3:cad>
          </ns3:TrackPointExtension>
        </extensions>
      </trkpt>
      <trkpt lat="29.2900156415998935699462890625" lon="117.24773299880325794219970703125">
        <ele>34.799999237060546875</ele>
        <time>2026-08-19T21:52:44.000Z</time>
        <extensions>
          <ns3:TrackPointExtension>
            <ns3:hr>140</ns3:hr>
            <ns3:cad>92</ns3:cad>
          </ns3:TrackPointExtension>
        </extensions>
      </trkpt>
      <trkpt lat="29.28999577648937702178955078125" lon="117.24771841429173946380615234375">
        <ele>34.799999237060546875</ele>
        <time>2026-08-19T21:52:45.000Z</time>
        <extensions>
          <ns3:TrackPointExtension>
            <ns3:hr>140</ns3:hr>
            <ns3:cad>92</ns3:cad>
          </ns3:TrackPointExtension>
        </extensions>
      </trkpt>
      <trkpt lat="29.28997582755982875823974609375" lon="117.2476884908974170684814453125">
        <ele>34.799999237060546875</ele>
        <time>2026-08-19T21:52:46.000Z</time>
        <extensions>
          <ns3:TrackPointExtension>
            <ns3:hr>141</ns3:hr>
            <ns3:cad>92</ns3:cad>
          </ns3:TrackPointExtension>
        </extensions>
      </trkpt>
      <trkpt lat="29.28996006958186626434326171875" lon="117.24766745232045650482177734375">
        <ele>34.799999237060546875</ele>
        <time>2026-08-19T21:52:47.000Z</time>
        <extensions>
          <ns3:TrackPointExtension>
            <ns3:hr>141</ns3:hr>
            <ns3:cad>92</ns3:cad>
          </ns3:TrackPointExtension>
        </extensions>
      </trkpt>
      <trkpt lat="29.2899459041655063629150390625" lon="117.24763526581227779388427734375">
        <ele>34.59999847412109375</ele>
        <time>2026-08-19T21:52:48.000Z</time>
        <extensions>
          <ns3:TrackPointExtension>
            <ns3:hr>141</ns3:hr>
            <ns3:cad>91</ns3:cad>
          </ns3:TrackPointExtension>
        </extensions>
      </trkpt>
      <trkpt lat="29.2899288050830364227294921875" lon="117.24761229939758777618408203125">
        <ele>34.59999847412109375</ele>
        <time>2026-08-19T21:52:49.000Z</time>
        <extensions>
          <ns3:TrackPointExtension>
            <ns3:hr>141</ns3:hr>
            <ns3:cad>91</ns3:cad>
          </ns3:TrackPointExtension>
        </extensions>
      </trkpt>
      <trkpt lat="29.2899127118289470672607421875" lon="117.24758111871778964996337890625">
        <ele>34.59999847412109375</ele>
        <time>2026-08-19T21:52:50.000Z</time>
        <extensions>
          <ns3:TrackPointExtension>
            <ns3:hr>141</ns3:hr>
            <ns3:cad>91</ns3:cad>
          </ns3:TrackPointExtension>
        </extensions>
      </trkpt>
      <trkpt lat="29.2898952774703502655029296875" lon="117.24756234325468540191650390625">
        <ele>34.40000152587890625</ele>
        <time>2026-08-19T21:52:51.000Z</time>
        <extensions>
          <ns3:TrackPointExtension>
            <ns3:hr>140</ns3:hr>
            <ns3:cad>90</ns3:cad>
          </ns3:TrackPointExtension>
        </extensions>
      </trkpt>
      <trkpt lat="29.28988127969205379486083984375" lon="117.2475292347371578216552734375">
        <ele>34.40000152587890625</ele>
        <time>2026-08-19T21:52:52.000Z</time>
        <extensions>
          <ns3:TrackPointExtension>
            <ns3:hr>141</ns3:hr>
            <ns3:cad>90</ns3:cad>
          </ns3:TrackPointExtension>
        </extensions>
      </trkpt>
      <trkpt lat="29.2898632586002349853515625" lon="117.2475118003785610198974609375">
        <ele>34.40000152587890625</ele>
        <time>2026-08-19T21:52:53.000Z</time>
        <extensions>
          <ns3:TrackPointExtension>
            <ns3:hr>141</ns3:hr>
            <ns3:cad>90</ns3:cad>
          </ns3:TrackPointExtension>
        </extensions>
      </trkpt>
      <trkpt lat="29.289844147861003875732421875" lon="117.24747785367071628570556640625">
        <ele>34.200000762939453125</ele>
        <time>2026-08-19T21:52:54.000Z</time>
        <extensions>
          <ns3:TrackPointExtension>
            <ns3:hr>141</ns3:hr>
            <ns3:cad>90</ns3:cad>
          </ns3:TrackPointExtension>
        </extensions>
      </trkpt>
      <trkpt lat="29.28982646204531192779541015625" lon="117.24745622836053371429443359375">
        <ele>34.200000762939453125</ele>
        <time>2026-08-19T21:52:55.000Z</time>
        <extensions>
          <ns3:TrackPointExtension>
            <ns3:hr>141</ns3:hr>
            <ns3:cad>90</ns3:cad>
          </ns3:TrackPointExtension>
        </extensions>
      </trkpt>
      <trkpt lat="29.2898111231625080108642578125" lon="117.247422449290752410888671875">
        <ele>34.200000762939453125</ele>
        <time>2026-08-19T21:52:56.000Z</time>
        <extensions>
          <ns3:TrackPointExtension>
            <ns3:hr>141</ns3:hr>
            <ns3:cad>90</ns3:cad>
          </ns3:TrackPointExtension>
        </extensions>
      </trkpt>
      <trkpt lat="29.289793856441974639892578125" lon="117.24739654920995235443115234375">
        <ele>34</ele>
        <time>2026-08-19T21:52:57.000Z</time>
        <extensions>
          <ns3:TrackPointExtension>
            <ns3:hr>141</ns3:hr>
            <ns3:cad>90</ns3:cad>
          </ns3:TrackPointExtension>
        </extensions>
      </trkpt>
      <trkpt lat="29.28978237323462963104248046875" lon="117.2473639436066150665283203125">
        <ele>34</ele>
        <time>2026-08-19T21:52:58.000Z</time>
        <extensions>
          <ns3:TrackPointExtension>
            <ns3:hr>141</ns3:hr>
            <ns3:cad>90</ns3:cad>
          </ns3:TrackPointExtension>
        </extensions>
      </trkpt>
      <trkpt lat="29.2897658608853816986083984375" lon="117.24734072573482990264892578125">
        <ele>34</ele>
        <time>2026-08-19T21:52:59.000Z</time>
        <extensions>
          <ns3:TrackPointExtension>
            <ns3:hr>141</ns3:hr>
            <ns3:cad>90</ns3:cad>
          </ns3:TrackPointExtension>
        </extensions>
      </trkpt>
      <trkpt lat="29.28975806571543216705322265625" lon="117.247307114303112030029296875">
        <ele>33.799999237060546875</ele>
        <time>2026-08-19T21:53:00.000Z</time>
        <extensions>
          <ns3:TrackPointExtension>
            <ns3:hr>140</ns3:hr>
            <ns3:cad>91</ns3:cad>
          </ns3:TrackPointExtension>
        </extensions>
      </trkpt>
      <trkpt lat="29.28974649868905544281005859375" lon="117.247278951108455657958984375">
        <ele>33.799999237060546875</ele>
        <time>2026-08-19T21:53:01.000Z</time>
        <extensions>
          <ns3:TrackPointExtension>
            <ns3:hr>140</ns3:hr>
            <ns3:cad>92</ns3:cad>
          </ns3:TrackPointExtension>
        </extensions>
      </trkpt>
      <trkpt lat="29.2897393740713596343994140625" lon="117.2472412325441837310791015625">
        <ele>33.799999237060546875</ele>
        <time>2026-08-19T21:53:02.000Z</time>
        <extensions>
          <ns3:TrackPointExtension>
            <ns3:hr>140</ns3:hr>
            <ns3:cad>92</ns3:cad>
          </ns3:TrackPointExtension>
        </extensions>
      </trkpt>
      <trkpt lat="29.2897279746830463409423828125" lon="117.2472135722637176513671875">
        <ele>33.59999847412109375</ele>
        <time>2026-08-19T21:53:03.000Z</time>
        <extensions>
          <ns3:TrackPointExtension>
            <ns3:hr>140</ns3:hr>
            <ns3:cad>92</ns3:cad>
          </ns3:TrackPointExtension>
        </extensions>
      </trkpt>
      <trkpt lat="29.289718084037303924560546875" lon="117.24718197248876094818115234375">
        <ele>33.59999847412109375</ele>
        <time>2026-08-19T21:53:04.000Z</time>
        <extensions>
          <ns3:TrackPointExtension>
            <ns3:hr>139</ns3:hr>
            <ns3:cad>92</ns3:cad>
          </ns3:TrackPointExtension>
        </extensions>
      </trkpt>
      <trkpt lat="29.2897034995257854461669921875" lon="117.2471554018557071685791015625">
        <ele>33.40000152587890625</ele>
        <time>2026-08-19T21:53:05.000Z</time>
        <extensions>
          <ns3:TrackPointExtension>
            <ns3:hr>139</ns3:hr>
            <ns3:cad>92</ns3:cad>
          </ns3:TrackPointExtension>
        </extensions>
      </trkpt>
      <trkpt lat="29.289691932499408721923828125" lon="117.24712480790913105010986328125">
        <ele>33.40000152587890625</ele>
        <time>2026-08-19T21:53:06.000Z</time>
        <extensions>
          <ns3:TrackPointExtension>
            <ns3:hr>139</ns3:hr>
            <ns3:cad>92</ns3:cad>
          </ns3:TrackPointExtension>
        </extensions>
      </trkpt>
      <trkpt lat="29.2896746657788753509521484375" lon="117.2470982372760772705078125">
        <ele>33.200000762939453125</ele>
        <time>2026-08-19T21:53:07.000Z</time>
        <extensions>
          <ns3:TrackPointExtension>
            <ns3:hr>140</ns3:hr>
            <ns3:cad>92</ns3:cad>
          </ns3:TrackPointExtension>
        </extensions>
      </trkpt>
      <trkpt lat="29.28966117091476917266845703125" lon="117.24706999026238918304443359375">
        <ele>33.200000762939453125</ele>
        <time>2026-08-19T21:53:08.000Z</time>
        <extensions>
          <ns3:TrackPointExtension>
            <ns3:hr>139</ns3:hr>
            <ns3:cad>91</ns3:cad>
          </ns3:TrackPointExtension>
        </extensions>
      </trkpt>
      <trkpt lat="29.28964667022228240966796875" lon="117.2470392286777496337890625">
        <ele>33</ele>
        <time>2026-08-19T21:53:09.000Z</time>
        <extensions>
          <ns3:TrackPointExtension>
            <ns3:hr>139</ns3:hr>
            <ns3:cad>91</ns3:cad>
          </ns3:TrackPointExtension>
        </extensions>
      </trkpt>
      <trkpt lat="29.2896371148526668548583984375" lon="117.24701106548309326171875">
        <ele>33</ele>
        <time>2026-08-19T21:53:10.000Z</time>
        <extensions>
          <ns3:TrackPointExtension>
            <ns3:hr>140</ns3:hr>
            <ns3:cad>91</ns3:cad>
          </ns3:TrackPointExtension>
        </extensions>
      </trkpt>
      <trkpt lat="29.2896226979792118072509765625" lon="117.24698013626039028167724609375">
        <ele>33</ele>
        <time>2026-08-19T21:53:11.000Z</time>
        <extensions>
          <ns3:TrackPointExtension>
            <ns3:hr>139</ns3:hr>
            <ns3:cad>91</ns3:cad>
          </ns3:TrackPointExtension>
        </extensions>
      </trkpt>
      <trkpt lat="29.28961423225700855255126953125" lon="117.24695197306573390960693359375">
        <ele>33</ele>
        <time>2026-08-19T21:53:12.000Z</time>
        <extensions>
          <ns3:TrackPointExtension>
            <ns3:hr>139</ns3:hr>
            <ns3:cad>92</ns3:cad>
          </ns3:TrackPointExtension>
        </extensions>
      </trkpt>
      <trkpt lat="29.28960400633513927459716796875" lon="117.24691760726273059844970703125">
        <ele>33</ele>
        <time>2026-08-19T21:53:13.000Z</time>
        <extensions>
          <ns3:TrackPointExtension>
            <ns3:hr>140</ns3:hr>
            <ns3:cad>92</ns3:cad>
          </ns3:TrackPointExtension>
        </extensions>
      </trkpt>
      <trkpt lat="29.28959595970809459686279296875" lon="117.24689078517258167266845703125">
        <ele>33</ele>
        <time>2026-08-19T21:53:14.000Z</time>
        <extensions>
          <ns3:TrackPointExtension>
            <ns3:hr>139</ns3:hr>
            <ns3:cad>92</ns3:cad>
          </ns3:TrackPointExtension>
        </extensions>
      </trkpt>
      <trkpt lat="29.289582632482051849365234375" lon="117.24685708992183208465576171875">
        <ele>32.799999237060546875</ele>
        <time>2026-08-19T21:53:15.000Z</time>
        <extensions>
          <ns3:TrackPointExtension>
            <ns3:hr>139</ns3:hr>
            <ns3:cad>92</ns3:cad>
          </ns3:TrackPointExtension>
        </extensions>
      </trkpt>
      <trkpt lat="29.28957349620759487152099609375" lon="117.24683144129812717437744140625">
        <ele>32.799999237060546875</ele>
        <time>2026-08-19T21:53:16.000Z</time>
        <extensions>
          <ns3:TrackPointExtension>
            <ns3:hr>140</ns3:hr>
            <ns3:cad>91</ns3:cad>
          </ns3:TrackPointExtension>
        </extensions>
      </trkpt>
      <trkpt lat="29.289559163153171539306640625" lon="117.24679808132350444793701171875">
        <ele>32.799999237060546875</ele>
        <time>2026-08-19T21:53:17.000Z</time>
        <extensions>
          <ns3:TrackPointExtension>
            <ns3:hr>139</ns3:hr>
            <ns3:cad>91</ns3:cad>
          </ns3:TrackPointExtension>
        </extensions>
      </trkpt>
      <trkpt lat="29.289547093212604522705078125" lon="117.24677226506173610687255859375">
        <ele>32.59999847412109375</ele>
        <time>2026-08-19T21:53:18.000Z</time>
        <extensions>
          <ns3:TrackPointExtension>
            <ns3:hr>139</ns3:hr>
            <ns3:cad>91</ns3:cad>
          </ns3:TrackPointExtension>
        </extensions>
      </trkpt>
      <trkpt lat="29.2895333468914031982421875" lon="117.24673404358327388763427734375">
        <ele>32.40000152587890625</ele>
        <time>2026-08-19T21:53:19.000Z</time>
        <extensions>
          <ns3:TrackPointExtension>
            <ns3:hr>140</ns3:hr>
            <ns3:cad>91</ns3:cad>
          </ns3:TrackPointExtension>
        </extensions>
      </trkpt>
      <trkpt lat="29.28952236659824848175048828125" lon="117.2467091493308544158935546875">
        <ele>32.40000152587890625</ele>
        <time>2026-08-19T21:53:20.000Z</time>
        <extensions>
          <ns3:TrackPointExtension>
            <ns3:hr>139</ns3:hr>
            <ns3:cad>90</ns3:cad>
          </ns3:TrackPointExtension>
        </extensions>
      </trkpt>
      <trkpt lat="29.28950761444866657257080078125" lon="117.24667780101299285888671875">
        <ele>32.40000152587890625</ele>
        <time>2026-08-19T21:53:21.000Z</time>
        <extensions>
          <ns3:TrackPointExtension>
            <ns3:hr>139</ns3:hr>
            <ns3:cad>90</ns3:cad>
          </ns3:TrackPointExtension>
        </extensions>
      </trkpt>
      <trkpt lat="29.28949587978422641754150390625" lon="117.24665123037993907928466796875">
        <ele>32.40000152587890625</ele>
        <time>2026-08-19T21:53:22.000Z</time>
        <extensions>
          <ns3:TrackPointExtension>
            <ns3:hr>140</ns3:hr>
            <ns3:cad>90</ns3:cad>
          </ns3:TrackPointExtension>
        </extensions>
      </trkpt>
      <trkpt lat="29.2894828878343105316162109375" lon="117.2466139309108257293701171875">
        <ele>32.40000152587890625</ele>
        <time>2026-08-19T21:53:23.000Z</time>
        <extensions>
          <ns3:TrackPointExtension>
            <ns3:hr>139</ns3:hr>
            <ns3:cad>90</ns3:cad>
          </ns3:TrackPointExtension>
        </extensions>
      </trkpt>
      <trkpt lat="29.289470650255680084228515625" lon="117.24658526480197906494140625">
        <ele>32.40000152587890625</ele>
        <time>2026-08-19T21:53:24.000Z</time>
        <extensions>
          <ns3:TrackPointExtension>
            <ns3:hr>139</ns3:hr>
            <ns3:cad>90</ns3:cad>
          </ns3:TrackPointExtension>
        </extensions>
      </trkpt>
      <trkpt lat="29.28944927640259265899658203125" lon="117.24655467085540294647216796875">
        <ele>32.40000152587890625</ele>
        <time>2026-08-19T21:53:25.000Z</time>
        <extensions>
          <ns3:TrackPointExtension>
            <ns3:hr>140</ns3:hr>
            <ns3:cad>90</ns3:cad>
          </ns3:TrackPointExtension>
        </extensions>
      </trkpt>
      <trkpt lat="29.2894292436540126800537109375" lon="117.24654209800064563751220703125">
        <ele>32.40000152587890625</ele>
        <time>2026-08-19T21:53:26.000Z</time>
        <extensions>
          <ns3:TrackPointExtension>
            <ns3:hr>139</ns3:hr>
            <ns3:cad>90</ns3:cad>
          </ns3:TrackPointExtension>
        </extensions>
      </trkpt>
      <trkpt lat="29.2894007451832294464111328125" lon="117.24652466364204883575439453125">
        <ele>32.40000152587890625</ele>
        <time>2026-08-19T21:53:27.000Z</time>
        <extensions>
          <ns3:TrackPointExtension>
            <ns3:hr>140</ns3:hr>
            <ns3:cad>90</ns3:cad>
          </ns3:TrackPointExtension>
        </extensions>
      </trkpt>
      <trkpt lat="29.28938020952045917510986328125" lon="117.2465277649462223052978515625">
        <ele>32.40000152587890625</ele>
        <time>2026-08-19T21:53:28.000Z</time>
        <extensions>
          <ns3:TrackPointExtension>
            <ns3:hr>140</ns3:hr>
            <ns3:cad>90</ns3:cad>
          </ns3:TrackPointExtension>
        </extensions>
      </trkpt>
      <trkpt lat="29.28934701718389987945556640625" lon="117.246528603136539459228515625">
        <ele>32.40000152587890625</ele>
        <time>2026-08-19T21:53:29.000Z</time>
        <extensions>
          <ns3:TrackPointExtension>
            <ns3:hr>139</ns3:hr>
            <ns3:cad>90</ns3:cad>
          </ns3:TrackPointExtension>
        </extensions>
      </trkpt>
      <trkpt lat="29.28932790644466876983642578125" lon="117.2465374879539012908935546875">
        <ele>32.59999847412109375</ele>
        <time>2026-08-19T21:53:30.000Z</time>
        <extensions>
          <ns3:TrackPointExtension>
            <ns3:hr>139</ns3:hr>
            <ns3:cad>90</ns3:cad>
          </ns3:TrackPointExtension>
        </extensions>
      </trkpt>
      <trkpt lat="29.2892968095839023590087890625" lon="117.24655165337026119232177734375">
        <ele>32.59999847412109375</ele>
        <time>2026-08-19T21:53:31.000Z</time>
        <extensions>
          <ns3:TrackPointExtension>
            <ns3:hr>138</ns3:hr>
            <ns3:cad>90</ns3:cad>
          </ns3:TrackPointExtension>
        </extensions>
      </trkpt>
      <trkpt lat="29.28927660919725894927978515625" lon="117.246564142405986785888671875">
        <ele>32.59999847412109375</ele>
        <time>2026-08-19T21:53:32.000Z</time>
        <extensions>
          <ns3:TrackPointExtension>
            <ns3:hr>138</ns3:hr>
            <ns3:cad>90</ns3:cad>
          </ns3:TrackPointExtension>
        </extensions>
      </trkpt>
      <trkpt lat="29.2892401479184627532958984375" lon="117.24657277576625347137451171875">
        <ele>32.59999847412109375</ele>
        <time>2026-08-19T21:53:33.000Z</time>
        <extensions>
          <ns3:TrackPointExtension>
            <ns3:hr>138</ns3:hr>
            <ns3:cad>89</ns3:cad>
          </ns3:TrackPointExtension>
        </extensions>
      </trkpt>
      <trkpt lat="29.2892183549702167510986328125" lon="117.24658233113586902618408203125">
        <ele>32.59999847412109375</ele>
        <time>2026-08-19T21:53:34.000Z</time>
        <extensions>
          <ns3:TrackPointExtension>
            <ns3:hr>138</ns3:hr>
            <ns3:cad>89</ns3:cad>
          </ns3:TrackPointExtension>
        </extensions>
      </trkpt>
      <trkpt lat="29.28918675519526004791259765625" lon="117.246588952839374542236328125">
        <ele>32.40000152587890625</ele>
        <time>2026-08-19T21:53:35.000Z</time>
        <extensions>
          <ns3:TrackPointExtension>
            <ns3:hr>138</ns3:hr>
            <ns3:cad>89</ns3:cad>
          </ns3:TrackPointExtension>
        </extensions>
      </trkpt>
      <trkpt lat="29.289167560636997222900390625" lon="117.2466008551418781280517578125">
        <ele>32.40000152587890625</ele>
        <time>2026-08-19T21:53:36.000Z</time>
        <extensions>
          <ns3:TrackPointExtension>
            <ns3:hr>138</ns3:hr>
            <ns3:cad>89</ns3:cad>
          </ns3:TrackPointExtension>
        </extensions>
      </trkpt>
      <trkpt lat="29.2891358770430088043212890625" lon="117.24660965614020824432373046875">
        <ele>32.59999847412109375</ele>
        <time>2026-08-19T21:53:37.000Z</time>
        <extensions>
          <ns3:TrackPointExtension>
            <ns3:hr>138</ns3:hr>
            <ns3:cad>89</ns3:cad>
          </ns3:TrackPointExtension>
        </extensions>
      </trkpt>
      <trkpt lat="29.28911483846604824066162109375" lon="117.24661954678595066070556640625">
        <ele>32.59999847412109375</ele>
        <time>2026-08-19T21:53:38.000Z</time>
        <extensions>
          <ns3:TrackPointExtension>
            <ns3:hr>138</ns3:hr>
            <ns3:cad>89</ns3:cad>
          </ns3:TrackPointExtension>
        </extensions>
      </trkpt>
      <trkpt lat="29.28908935748040676116943359375" lon="117.24662859924137592315673828125">
        <ele>32.59999847412109375</ele>
        <time>2026-08-19T21:53:39.000Z</time>
        <extensions>
          <ns3:TrackPointExtension>
            <ns3:hr>138</ns3:hr>
            <ns3:cad>89</ns3:cad>
          </ns3:TrackPointExtension>
        </extensions>
      </trkpt>
      <trkpt lat="29.289069660007953643798828125" lon="117.24663983099162578582763671875">
        <ele>32.59999847412109375</ele>
        <time>2026-08-19T21:53:40.000Z</time>
        <extensions>
          <ns3:TrackPointExtension>
            <ns3:hr>138</ns3:hr>
            <ns3:cad>89</ns3:cad>
          </ns3:TrackPointExtension>
        </extensions>
      </trkpt>
      <trkpt lat="29.28904124535620212554931640625" lon="117.24664569832384586334228515625">
        <ele>32.59999847412109375</ele>
        <time>2026-08-19T21:53:41.000Z</time>
        <extensions>
          <ns3:TrackPointExtension>
            <ns3:hr>138</ns3:hr>
            <ns3:cad>89</ns3:cad>
          </ns3:TrackPointExtension>
        </extensions>
      </trkpt>
      <trkpt lat="29.28902163170278072357177734375" lon="117.246655337512493133544921875">
        <ele>32.40000152587890625</ele>
        <time>2026-08-19T21:53:42.000Z</time>
        <extensions>
          <ns3:TrackPointExtension>
            <ns3:hr>138</ns3:hr>
            <ns3:cad>89</ns3:cad>
          </ns3:TrackPointExtension>
        </extensions>
      </trkpt>
      <trkpt lat="29.2889930494129657745361328125" lon="117.2466637194156646728515625">
        <ele>32.40000152587890625</ele>
        <time>2026-08-19T21:53:43.000Z</time>
        <extensions>
          <ns3:TrackPointExtension>
            <ns3:hr>138</ns3:hr>
            <ns3:cad>89</ns3:cad>
          </ns3:TrackPointExtension>
        </extensions>
      </trkpt>
      <trkpt lat="29.2889736033976078033447265625" lon="117.24667587317526340484619140625">
        <ele>32.40000152587890625</ele>
        <time>2026-08-19T21:53:44.000Z</time>
        <extensions>
          <ns3:TrackPointExtension>
            <ns3:hr>138</ns3:hr>
            <ns3:cad>89</ns3:cad>
          </ns3:TrackPointExtension>
        </extensions>
      </trkpt>
      <trkpt lat="29.28894368000328540802001953125" lon="117.24668492563068866729736328125">
        <ele>32.40000152587890625</ele>
        <time>2026-08-19T21:53:45.000Z</time>
        <extensions>
          <ns3:TrackPointExtension>
            <ns3:hr>138</ns3:hr>
            <ns3:cad>90</ns3:cad>
          </ns3:TrackPointExtension>
        </extensions>
      </trkpt>
      <trkpt lat="29.28892456926405429840087890625" lon="117.24669749848544597625732421875">
        <ele>32.40000152587890625</ele>
        <time>2026-08-19T21:53:46.000Z</time>
        <extensions>
          <ns3:TrackPointExtension>
            <ns3:hr>138</ns3:hr>
            <ns3:cad>90</ns3:cad>
          </ns3:TrackPointExtension>
        </extensions>
      </trkpt>
      <trkpt lat="29.28889540024101734161376953125" lon="117.24670688621699810028076171875">
        <ele>32.40000152587890625</ele>
        <time>2026-08-19T21:53:47.000Z</time>
        <extensions>
          <ns3:TrackPointExtension>
            <ns3:hr>138</ns3:hr>
            <ns3:cad>90</ns3:cad>
          </ns3:TrackPointExtension>
        </extensions>
      </trkpt>
      <trkpt lat="29.2888716794550418853759765625" lon="117.24671560339629650115966796875">
        <ele>32.40000152587890625</ele>
        <time>2026-08-19T21:53:48.000Z</time>
        <extensions>
          <ns3:TrackPointExtension>
            <ns3:hr>138</ns3:hr>
            <ns3:cad>90</ns3:cad>
          </ns3:TrackPointExtension>
        </extensions>
      </trkpt>
      <trkpt lat="29.2888458631932735443115234375" lon="117.24672205746173858642578125">
        <ele>32.40000152587890625</ele>
        <time>2026-08-19T21:53:49.000Z</time>
        <extensions>
          <ns3:TrackPointExtension>
            <ns3:hr>138</ns3:hr>
            <ns3:cad>90</ns3:cad>
          </ns3:TrackPointExtension>
        </extensions>
      </trkpt>
      <trkpt lat="29.2888250760734081268310546875" lon="117.2467353008687496185302734375">
        <ele>32.40000152587890625</ele>
        <time>2026-08-19T21:53:50.000Z</time>
        <extensions>
          <ns3:TrackPointExtension>
            <ns3:hr>138</ns3:hr>
            <ns3:cad>90</ns3:cad>
          </ns3:TrackPointExtension>
        </extensions>
      </trkpt>
      <trkpt lat="29.28879615850746631622314453125" lon="117.2467436827719211578369140625">
        <ele>32.40000152587890625</ele>
        <time>2026-08-19T21:53:51.000Z</time>
        <extensions>
          <ns3:TrackPointExtension>
            <ns3:hr>138</ns3:hr>
            <ns3:cad>90</ns3:cad>
          </ns3:TrackPointExtension>
        </extensions>
      </trkpt>
      <trkpt lat="29.28877470083534717559814453125" lon="117.2467560879886150360107421875">
        <ele>32.40000152587890625</ele>
        <time>2026-08-19T21:53:52.000Z</time>
        <extensions>
          <ns3:TrackPointExtension>
            <ns3:hr>138</ns3:hr>
            <ns3:cad>90</ns3:cad>
          </ns3:TrackPointExtension>
        </extensions>
      </trkpt>
      <trkpt lat="29.28874234668910503387451171875" lon="117.246764637529850006103515625">
        <ele>32.40000152587890625</ele>
        <time>2026-08-19T21:53:53.000Z</time>
        <extensions>
          <ns3:TrackPointExtension>
            <ns3:hr>137</ns3:hr>
            <ns3:cad>90</ns3:cad>
          </ns3:TrackPointExtension>
        </extensions>
      </trkpt>
      <trkpt lat="29.2887211404740810394287109375" lon="117.24677830003201961517333984375">
        <ele>32.40000152587890625</ele>
        <time>2026-08-19T21:53:54.000Z</time>
        <extensions>
          <ns3:TrackPointExtension>
            <ns3:hr>137</ns3:hr>
            <ns3:cad>90</ns3:cad>
          </ns3:TrackPointExtension>
        </extensions>
      </trkpt>
      <trkpt lat="29.28868669085204601287841796875" lon="117.246785424649715423583984375">
        <ele>32.40000152587890625</ele>
        <time>2026-08-19T21:53:55.000Z</time>
        <extensions>
          <ns3:TrackPointExtension>
            <ns3:hr>137</ns3:hr>
            <ns3:cad>90</ns3:cad>
          </ns3:TrackPointExtension>
        </extensions>
      </trkpt>
      <trkpt lat="29.288662634789943695068359375" lon="117.2467996738851070404052734375">
        <ele>32.40000152587890625</ele>
        <time>2026-08-19T21:53:56.000Z</time>
        <extensions>
          <ns3:TrackPointExtension>
            <ns3:hr>138</ns3:hr>
            <ns3:cad>90</ns3:cad>
          </ns3:TrackPointExtension>
        </extensions>
      </trkpt>
      <trkpt lat="29.288631118834018707275390625" lon="117.24680612795054912567138671875">
        <ele>32.40000152587890625</ele>
        <time>2026-08-19T21:53:57.000Z</time>
        <extensions>
          <ns3:TrackPointExtension>
            <ns3:hr>138</ns3:hr>
            <ns3:cad>91</ns3:cad>
          </ns3:TrackPointExtension>
        </extensions>
      </trkpt>
      <trkpt lat="29.28861091844737529754638671875" lon="117.24682054482400417327880859375">
        <ele>32.40000152587890625</ele>
        <time>2026-08-19T21:53:58.000Z</time>
        <extensions>
          <ns3:TrackPointExtension>
            <ns3:hr>138</ns3:hr>
            <ns3:cad>90</ns3:cad>
          </ns3:TrackPointExtension>
        </extensions>
      </trkpt>
      <trkpt lat="29.288579486310482025146484375" lon="117.24682892672717571258544921875">
        <ele>32.40000152587890625</ele>
        <time>2026-08-19T21:53:59.000Z</time>
        <extensions>
          <ns3:TrackPointExtension>
            <ns3:hr>138</ns3:hr>
            <ns3:cad>90</ns3:cad>
          </ns3:TrackPointExtension>
        </extensions>
      </trkpt>
      <trkpt lat="29.28856012411415576934814453125" lon="117.24684518761932849884033203125">
        <ele>32.40000152587890625</ele>
        <time>2026-08-19T21:54:00.000Z</time>
        <extensions>
          <ns3:TrackPointExtension>
            <ns3:hr>138</ns3:hr>
            <ns3:cad>90</ns3:cad>
          </ns3:TrackPointExtension>
        </extensions>
      </trkpt>
      <trkpt lat="29.2885275185108184814453125" lon="117.2468546591699123382568359375">
        <ele>32.40000152587890625</ele>
        <time>2026-08-19T21:54:01.000Z</time>
        <extensions>
          <ns3:TrackPointExtension>
            <ns3:hr>138</ns3:hr>
            <ns3:cad>90</ns3:cad>
          </ns3:TrackPointExtension>
        </extensions>
      </trkpt>
      <trkpt lat="29.28850664757192134857177734375" lon="117.24686957895755767822265625">
        <ele>32.40000152587890625</ele>
        <time>2026-08-19T21:54:02.000Z</time>
        <extensions>
          <ns3:TrackPointExtension>
            <ns3:hr>138</ns3:hr>
            <ns3:cad>90</ns3:cad>
          </ns3:TrackPointExtension>
        </extensions>
      </trkpt>
      <trkpt lat="29.28847513161599636077880859375" lon="117.24687569774687290191650390625">
        <ele>32.40000152587890625</ele>
        <time>2026-08-19T21:54:03.000Z</time>
        <extensions>
          <ns3:TrackPointExtension>
            <ns3:hr>138</ns3:hr>
            <ns3:cad>90</ns3:cad>
          </ns3:TrackPointExtension>
        </extensions>
      </trkpt>
      <trkpt lat="29.2884562723338603973388671875" lon="117.2468938864767551422119140625">
        <ele>32.40000152587890625</ele>
        <time>2026-08-19T21:54:04.000Z</time>
        <extensions>
          <ns3:TrackPointExtension>
            <ns3:hr>138</ns3:hr>
            <ns3:cad>90</ns3:cad>
          </ns3:TrackPointExtension>
        </extensions>
      </trkpt>
      <trkpt lat="29.2884250916540622711181640625" lon="117.2469029389321804046630859375">
        <ele>32.40000152587890625</ele>
        <time>2026-08-19T21:54:05.000Z</time>
        <extensions>
          <ns3:TrackPointExtension>
            <ns3:hr>138</ns3:hr>
            <ns3:cad>91</ns3:cad>
          </ns3:TrackPointExtension>
        </extensions>
      </trkpt>
      <trkpt lat="29.28840707056224346160888671875" lon="117.246913500130176544189453125">
        <ele>32.40000152587890625</ele>
        <time>2026-08-19T21:54:06.000Z</time>
        <extensions>
          <ns3:TrackPointExtension>
            <ns3:hr>138</ns3:hr>
            <ns3:cad>90</ns3:cad>
          </ns3:TrackPointExtension>
        </extensions>
      </trkpt>
      <trkpt lat="29.2883761413395404815673828125" lon="117.24692230112850666046142578125">
        <ele>32.40000152587890625</ele>
        <time>2026-08-19T21:54:07.000Z</time>
        <extensions>
          <ns3:TrackPointExtension>
            <ns3:hr>139</ns3:hr>
            <ns3:cad>90</ns3:cad>
          </ns3:TrackPointExtension>
        </extensions>
      </trkpt>
      <trkpt lat="29.2883563600480556488037109375" lon="117.24693839438259601593017578125">
        <ele>32.40000152587890625</ele>
        <time>2026-08-19T21:54:08.000Z</time>
        <extensions>
          <ns3:TrackPointExtension>
            <ns3:hr>139</ns3:hr>
            <ns3:cad>90</ns3:cad>
          </ns3:TrackPointExtension>
        </extensions>
      </trkpt>
      <trkpt lat="29.2883238382637500762939453125" lon="117.2469468601047992706298828125">
        <ele>32.200000762939453125</ele>
        <time>2026-08-19T21:54:09.000Z</time>
        <extensions>
          <ns3:TrackPointExtension>
            <ns3:hr>139</ns3:hr>
            <ns3:cad>89</ns3:cad>
          </ns3:TrackPointExtension>
        </extensions>
      </trkpt>
      <trkpt lat="29.28830078803002834320068359375" lon="117.2469641268253326416015625">
        <ele>32.200000762939453125</ele>
        <time>2026-08-19T21:54:10.000Z</time>
        <extensions>
          <ns3:TrackPointExtension>
            <ns3:hr>139</ns3:hr>
            <ns3:cad>89</ns3:cad>
          </ns3:TrackPointExtension>
        </extensions>
      </trkpt>
      <trkpt lat="29.28827044554054737091064453125" lon="117.2469663061201572418212890625">
        <ele>32.200000762939453125</ele>
        <time>2026-08-19T21:54:11.000Z</time>
        <extensions>
          <ns3:TrackPointExtension>
            <ns3:hr>140</ns3:hr>
            <ns3:cad>89</ns3:cad>
          </ns3:TrackPointExtension>
        </extensions>
      </trkpt>
      <trkpt lat="29.28824831731617450714111328125" lon="117.2469823993742465972900390625">
        <ele>32.200000762939453125</ele>
        <time>2026-08-19T21:54:12.000Z</time>
        <extensions>
          <ns3:TrackPointExtension>
            <ns3:hr>139</ns3:hr>
            <ns3:cad>89</ns3:cad>
          </ns3:TrackPointExtension>
        </extensions>
      </trkpt>
      <trkpt lat="29.28821814246475696563720703125" lon="117.24698684178292751312255859375">
        <ele>32</ele>
        <time>2026-08-19T21:54:13.000Z</time>
        <extensions>
          <ns3:TrackPointExtension>
            <ns3:hr>139</ns3:hr>
            <ns3:cad>90</ns3:cad>
          </ns3:TrackPointExtension>
        </extensions>
      </trkpt>
      <trkpt lat="29.288198612630367279052734375" lon="117.24699991755187511444091796875">
        <ele>32</ele>
        <time>2026-08-19T21:54:14.000Z</time>
        <extensions>
          <ns3:TrackPointExtension>
            <ns3:hr>140</ns3:hr>
            <ns3:cad>92</ns3:cad>
          </ns3:TrackPointExtension>
        </extensions>
      </trkpt>
      <trkpt lat="29.2881722934544086456298828125" lon="117.2469994984567165374755859375">
        <ele>32</ele>
        <time>2026-08-19T21:54:15.000Z</time>
        <extensions>
          <ns3:TrackPointExtension>
            <ns3:hr>140</ns3:hr>
            <ns3:cad>92</ns3:cad>
          </ns3:TrackPointExtension>
        </extensions>
      </trkpt>
      <trkpt lat="29.28815159015357494354248046875" lon="117.24701081402599811553955078125">
        <ele>32</ele>
        <time>2026-08-19T21:54:16.000Z</time>
        <extensions>
          <ns3:TrackPointExtension>
            <ns3:hr>140</ns3:hr>
            <ns3:cad>92</ns3:cad>
          </ns3:TrackPointExtension>
        </extensions>
      </trkpt>
      <trkpt lat="29.28812460042536258697509765625" lon="117.24701307713985443115234375">
        <ele>32</ele>
        <time>2026-08-19T21:54:17.000Z</time>
        <extensions>
          <ns3:TrackPointExtension>
            <ns3:hr>140</ns3:hr>
            <ns3:cad>90</ns3:cad>
          </ns3:TrackPointExtension>
        </extensions>
      </trkpt>
      <trkpt lat="29.28810046054422855377197265625" lon="117.2470283322036266326904296875">
        <ele>32</ele>
        <time>2026-08-19T21:54:18.000Z</time>
        <extensions>
          <ns3:TrackPointExtension>
            <ns3:hr>139</ns3:hr>
            <ns3:cad>90</ns3:cad>
          </ns3:TrackPointExtension>
        </extensions>
      </trkpt>
      <trkpt lat="29.28807087242603302001953125" lon="117.24703109823167324066162109375">
        <ele>31.799999237060546875</ele>
        <time>2026-08-19T21:54:19.000Z</time>
        <extensions>
          <ns3:TrackPointExtension>
            <ns3:hr>139</ns3:hr>
            <ns3:cad>90</ns3:cad>
          </ns3:TrackPointExtension>
        </extensions>
      </trkpt>
      <trkpt lat="29.2880448885262012481689453125" lon="117.247044928371906280517578125">
        <ele>31.799999237060546875</ele>
        <time>2026-08-19T21:54:20.000Z</time>
        <extensions>
          <ns3:TrackPointExtension>
            <ns3:hr>139</ns3:hr>
            <ns3:cad>90</ns3:cad>
          </ns3:TrackPointExtension>
        </extensions>
      </trkpt>
      <trkpt lat="29.28801496513187885284423828125" lon="117.24704937078058719635009765625">
        <ele>31.799999237060546875</ele>
        <time>2026-08-19T21:54:21.000Z</time>
        <extensions>
          <ns3:TrackPointExtension>
            <ns3:hr>139</ns3:hr>
            <ns3:cad>90</ns3:cad>
          </ns3:TrackPointExtension>
        </extensions>
      </trkpt>
      <trkpt lat="29.2879878915846347808837890625" lon="117.2470648773014545440673828125">
        <ele>31.799999237060546875</ele>
        <time>2026-08-19T21:54:22.000Z</time>
        <extensions>
          <ns3:TrackPointExtension>
            <ns3:hr>140</ns3:hr>
            <ns3:cad>90</ns3:cad>
          </ns3:TrackPointExtension>
        </extensions>
      </trkpt>
      <trkpt lat="29.287960231304168701171875" lon="117.24706898443400859832763671875">
        <ele>31.799999237060546875</ele>
        <time>2026-08-19T21:54:23.000Z</time>
        <extensions>
          <ns3:TrackPointExtension>
            <ns3:hr>139</ns3:hr>
            <ns3:cad>90</ns3:cad>
          </ns3:TrackPointExtension>
        </extensions>
      </trkpt>
      <trkpt lat="29.2879325710237026214599609375" lon="117.2470829822123050689697265625">
        <ele>31.799999237060546875</ele>
        <time>2026-08-19T21:54:24.000Z</time>
        <extensions>
          <ns3:TrackPointExtension>
            <ns3:hr>139</ns3:hr>
            <ns3:cad>90</ns3:cad>
          </ns3:TrackPointExtension>
        </extensions>
      </trkpt>
      <trkpt lat="29.2879067547619342803955078125" lon="117.24708608351647853851318359375">
        <ele>31.799999237060546875</ele>
        <time>2026-08-19T21:54:25.000Z</time>
        <extensions>
          <ns3:TrackPointExtension>
            <ns3:hr>139</ns3:hr>
            <ns3:cad>90</ns3:cad>
          </ns3:TrackPointExtension>
        </extensions>
      </trkpt>
      <trkpt lat="29.2878819443285465240478515625" lon="117.24709580652415752410888671875">
        <ele>31.799999237060546875</ele>
        <time>2026-08-19T21:54:26.000Z</time>
        <extensions>
          <ns3:TrackPointExtension>
            <ns3:hr>138</ns3:hr>
            <ns3:cad>90</ns3:cad>
          </ns3:TrackPointExtension>
        </extensions>
      </trkpt>
      <trkpt lat="29.2878542840480804443359375" lon="117.24709966219961643218994140625">
        <ele>31.799999237060546875</ele>
        <time>2026-08-19T21:54:27.000Z</time>
        <extensions>
          <ns3:TrackPointExtension>
            <ns3:hr>138</ns3:hr>
            <ns3:cad>90</ns3:cad>
          </ns3:TrackPointExtension>
        </extensions>
      </trkpt>
      <trkpt lat="29.28782721050083637237548828125" lon="117.2471111454069614410400390625">
        <ele>31.799999237060546875</ele>
        <time>2026-08-19T21:54:28.000Z</time>
        <extensions>
          <ns3:TrackPointExtension>
            <ns3:hr>138</ns3:hr>
            <ns3:cad>90</ns3:cad>
          </ns3:TrackPointExtension>
        </extensions>
      </trkpt>
      <trkpt lat="29.28779619745910167694091796875" lon="117.24711407907307147979736328125">
        <ele>32</ele>
        <time>2026-08-19T21:54:29.000Z</time>
        <extensions>
          <ns3:TrackPointExtension>
            <ns3:hr>137</ns3:hr>
            <ns3:cad>90</ns3:cad>
          </ns3:TrackPointExtension>
        </extensions>
      </trkpt>
      <trkpt lat="29.28776937536895275115966796875" lon="117.24713134579360485076904296875">
        <ele>32</ele>
        <time>2026-08-19T21:54:30.000Z</time>
        <extensions>
          <ns3:TrackPointExtension>
            <ns3:hr>136</ns3:hr>
            <ns3:cad>90</ns3:cad>
          </ns3:TrackPointExtension>
        </extensions>
      </trkpt>
      <trkpt lat="29.28773970343172550201416015625" lon="117.247140817344188690185546875">
        <ele>32</ele>
        <time>2026-08-19T21:54:31.000Z</time>
        <extensions>
          <ns3:TrackPointExtension>
            <ns3:hr>136</ns3:hr>
            <ns3:cad>89</ns3:cad>
          </ns3:TrackPointExtension>
        </extensions>
      </trkpt>
      <trkpt lat="29.287713132798671722412109375" lon="117.24715800024569034576416015625">
        <ele>32</ele>
        <time>2026-08-19T21:54:32.000Z</time>
        <extensions>
          <ns3:TrackPointExtension>
            <ns3:hr>136</ns3:hr>
            <ns3:cad>90</ns3:cad>
          </ns3:TrackPointExtension>
        </extensions>
      </trkpt>
      <trkpt lat="29.28768823854625225067138671875" lon="117.2471688129007816314697265625">
        <ele>32</ele>
        <time>2026-08-19T21:54:33.000Z</time>
        <extensions>
          <ns3:TrackPointExtension>
            <ns3:hr>136</ns3:hr>
            <ns3:cad>90</ns3:cad>
          </ns3:TrackPointExtension>
        </extensions>
      </trkpt>
      <trkpt lat="29.28766183555126190185546875" lon="117.24718348123133182525634765625">
        <ele>32</ele>
        <time>2026-08-19T21:54:34.000Z</time>
        <extensions>
          <ns3:TrackPointExtension>
            <ns3:hr>135</ns3:hr>
            <ns3:cad>90</ns3:cad>
          </ns3:TrackPointExtension>
        </extensions>
      </trkpt>
      <trkpt lat="29.28763845004141330718994140625" lon="117.24719345569610595703125">
        <ele>32</ele>
        <time>2026-08-19T21:54:35.000Z</time>
        <extensions>
          <ns3:TrackPointExtension>
            <ns3:hr>135</ns3:hr>
            <ns3:cad>90</ns3:cad>
          </ns3:TrackPointExtension>
        </extensions>
      </trkpt>
      <trkpt lat="29.2876143939793109893798828125" lon="117.247207202017307281494140625">
        <ele>32</ele>
        <time>2026-08-19T21:54:36.000Z</time>
        <extensions>
          <ns3:TrackPointExtension>
            <ns3:hr>135</ns3:hr>
            <ns3:cad>92</ns3:cad>
          </ns3:TrackPointExtension>
        </extensions>
      </trkpt>
      <trkpt lat="29.2875929363071918487548828125" lon="117.24721834994852542877197265625">
        <ele>32</ele>
        <time>2026-08-19T21:54:37.000Z</time>
        <extensions>
          <ns3:TrackPointExtension>
            <ns3:hr>135</ns3:hr>
            <ns3:cad>92</ns3:cad>
          </ns3:TrackPointExtension>
        </extensions>
      </trkpt>
      <trkpt lat="29.287563599646091461181640625" lon="117.2472328506410121917724609375">
        <ele>32</ele>
        <time>2026-08-19T21:54:38.000Z</time>
        <extensions>
          <ns3:TrackPointExtension>
            <ns3:hr>135</ns3:hr>
            <ns3:cad>92</ns3:cad>
          </ns3:TrackPointExtension>
        </extensions>
      </trkpt>
      <trkpt lat="29.28754440508782863616943359375" lon="117.2472439147531986236572265625">
        <ele>32</ele>
        <time>2026-08-19T21:54:39.000Z</time>
        <extensions>
          <ns3:TrackPointExtension>
            <ns3:hr>135</ns3:hr>
            <ns3:cad>92</ns3:cad>
          </ns3:TrackPointExtension>
        </extensions>
      </trkpt>
      <trkpt lat="29.2875164933502674102783203125" lon="117.24726059474050998687744140625">
        <ele>32</ele>
        <time>2026-08-19T21:54:40.000Z</time>
        <extensions>
          <ns3:TrackPointExtension>
            <ns3:hr>135</ns3:hr>
            <ns3:cad>92</ns3:cad>
          </ns3:TrackPointExtension>
        </extensions>
      </trkpt>
      <trkpt lat="29.28749553859233856201171875" lon="117.24727249704301357269287109375">
        <ele>32</ele>
        <time>2026-08-19T21:54:41.000Z</time>
        <extensions>
          <ns3:TrackPointExtension>
            <ns3:hr>135</ns3:hr>
            <ns3:cad>92</ns3:cad>
          </ns3:TrackPointExtension>
        </extensions>
      </trkpt>
      <trkpt lat="29.28746326826512813568115234375" lon="117.2472881712019443511962890625">
        <ele>32</ele>
        <time>2026-08-19T21:54:42.000Z</time>
        <extensions>
          <ns3:TrackPointExtension>
            <ns3:hr>136</ns3:hr>
            <ns3:cad>91</ns3:cad>
          </ns3:TrackPointExtension>
        </extensions>
      </trkpt>
      <trkpt lat="29.28744030185043811798095703125" lon="117.24730082787573337554931640625">
        <ele>31.799999237060546875</ele>
        <time>2026-08-19T21:54:43.000Z</time>
        <extensions>
          <ns3:TrackPointExtension>
            <ns3:hr>135</ns3:hr>
            <ns3:cad>91</ns3:cad>
          </ns3:TrackPointExtension>
        </extensions>
      </trkpt>
      <trkpt lat="29.28740928880870342254638671875" lon="117.24730468355119228363037109375">
        <ele>32</ele>
        <time>2026-08-19T21:54:44.000Z</time>
        <extensions>
          <ns3:TrackPointExtension>
            <ns3:hr>135</ns3:hr>
            <ns3:cad>91</ns3:cad>
          </ns3:TrackPointExtension>
        </extensions>
      </trkpt>
      <trkpt lat="29.28738690912723541259765625" lon="117.24731155671179294586181640625">
        <ele>32</ele>
        <time>2026-08-19T21:54:45.000Z</time>
        <extensions>
          <ns3:TrackPointExtension>
            <ns3:hr>136</ns3:hr>
            <ns3:cad>91</ns3:cad>
          </ns3:TrackPointExtension>
        </extensions>
      </trkpt>
      <trkpt lat="29.28735338151454925537109375" lon="117.24731155671179294586181640625">
        <ele>32</ele>
        <time>2026-08-19T21:54:46.000Z</time>
        <extensions>
          <ns3:TrackPointExtension>
            <ns3:hr>135</ns3:hr>
            <ns3:cad>90</ns3:cad>
          </ns3:TrackPointExtension>
        </extensions>
      </trkpt>
      <trkpt lat="29.2873299121856689453125" lon="117.24730543792247772216796875">
        <ele>32</ele>
        <time>2026-08-19T21:54:47.000Z</time>
        <extensions>
          <ns3:TrackPointExtension>
            <ns3:hr>136</ns3:hr>
            <ns3:cad>90</ns3:cad>
          </ns3:TrackPointExtension>
        </extensions>
      </trkpt>
      <trkpt lat="29.287305437028408050537109375" lon="117.24727953784167766571044921875">
        <ele>32</ele>
        <time>2026-08-19T21:54:48.000Z</time>
        <extensions>
          <ns3:TrackPointExtension>
            <ns3:hr>136</ns3:hr>
            <ns3:cad>90</ns3:cad>
          </ns3:TrackPointExtension>
        </extensions>
      </trkpt>
      <trkpt lat="29.28728825412690639495849609375" lon="117.2472623549401760101318359375">
        <ele>31.799999237060546875</ele>
        <time>2026-08-19T21:54:49.000Z</time>
        <extensions>
          <ns3:TrackPointExtension>
            <ns3:hr>137</ns3:hr>
            <ns3:cad>90</ns3:cad>
          </ns3:TrackPointExtension>
        </extensions>
      </trkpt>
      <trkpt lat="29.28726528771221637725830078125" lon="117.2472355328500270843505859375">
        <ele>31.799999237060546875</ele>
        <time>2026-08-19T21:54:50.000Z</time>
        <extensions>
          <ns3:TrackPointExtension>
            <ns3:hr>137</ns3:hr>
            <ns3:cad>90</ns3:cad>
          </ns3:TrackPointExtension>
        </extensions>
      </trkpt>
      <trkpt lat="29.28724517114460468292236328125" lon="117.247218601405620574951171875">
        <ele>31.799999237060546875</ele>
        <time>2026-08-19T21:54:51.000Z</time>
        <extensions>
          <ns3:TrackPointExtension>
            <ns3:hr>137</ns3:hr>
            <ns3:cad>90</ns3:cad>
          </ns3:TrackPointExtension>
        </extensions>
      </trkpt>
      <trkpt lat="29.28722488693892955780029296875" lon="117.24718800745904445648193359375">
        <ele>31.799999237060546875</ele>
        <time>2026-08-19T21:54:52.000Z</time>
        <extensions>
          <ns3:TrackPointExtension>
            <ns3:hr>137</ns3:hr>
            <ns3:cad>90</ns3:cad>
          </ns3:TrackPointExtension>
        </extensions>
      </trkpt>
      <trkpt lat="29.28720393218100070953369140625" lon="117.2471741773188114166259765625">
        <ele>31.799999237060546875</ele>
        <time>2026-08-19T21:54:53.000Z</time>
        <extensions>
          <ns3:TrackPointExtension>
            <ns3:hr>138</ns3:hr>
            <ns3:cad>90</ns3:cad>
          </ns3:TrackPointExtension>
        </extensions>
      </trkpt>
      <trkpt lat="29.2871798761188983917236328125" lon="117.24714559502899646759033203125">
        <ele>32</ele>
        <time>2026-08-19T21:54:54.000Z</time>
        <extensions>
          <ns3:TrackPointExtension>
            <ns3:hr>138</ns3:hr>
            <ns3:cad>90</ns3:cad>
          </ns3:TrackPointExtension>
        </extensions>
      </trkpt>
      <trkpt lat="29.287159256637096405029296875" lon="117.2471329383552074432373046875">
        <ele>32</ele>
        <time>2026-08-19T21:54:55.000Z</time>
        <extensions>
          <ns3:TrackPointExtension>
            <ns3:hr>137</ns3:hr>
            <ns3:cad>90</ns3:cad>
          </ns3:TrackPointExtension>
        </extensions>
      </trkpt>
      <trkpt lat="29.28713637404143810272216796875" lon="117.24710293114185333251953125">
        <ele>32.200000762939453125</ele>
        <time>2026-08-19T21:54:56.000Z</time>
        <extensions>
          <ns3:TrackPointExtension>
            <ns3:hr>137</ns3:hr>
            <ns3:cad>90</ns3:cad>
          </ns3:TrackPointExtension>
        </extensions>
      </trkpt>
      <trkpt lat="29.28711793385446071624755859375" lon="117.24708281457424163818359375">
        <ele>32.200000762939453125</ele>
        <time>2026-08-19T21:54:57.000Z</time>
        <extensions>
          <ns3:TrackPointExtension>
            <ns3:hr>137</ns3:hr>
            <ns3:cad>90</ns3:cad>
          </ns3:TrackPointExtension>
        </extensions>
      </trkpt>
      <trkpt lat="29.28709848783910274505615234375" lon="117.2470541484653949737548828125">
        <ele>32.40000152587890625</ele>
        <time>2026-08-19T21:54:58.000Z</time>
        <extensions>
          <ns3:TrackPointExtension>
            <ns3:hr>138</ns3:hr>
            <ns3:cad>91</ns3:cad>
          </ns3:TrackPointExtension>
        </extensions>
      </trkpt>
      <trkpt lat="29.287078790366649627685546875" lon="117.2470397315919399261474609375">
        <ele>32.40000152587890625</ele>
        <time>2026-08-19T21:54:59.000Z</time>
        <extensions>
          <ns3:TrackPointExtension>
            <ns3:hr>138</ns3:hr>
            <ns3:cad>91</ns3:cad>
          </ns3:TrackPointExtension>
        </extensions>
      </trkpt>
      <trkpt lat="29.28705574013292789459228515625" lon="117.24700796417891979217529296875">
        <ele>32.40000152587890625</ele>
        <time>2026-08-19T21:55:00.000Z</time>
        <extensions>
          <ns3:TrackPointExtension>
            <ns3:hr>138</ns3:hr>
            <ns3:cad>91</ns3:cad>
          </ns3:TrackPointExtension>
        </extensions>
      </trkpt>
      <trkpt lat="29.28703377954661846160888671875" lon="117.24699421785771846771240234375">
        <ele>32.40000152587890625</ele>
        <time>2026-08-19T21:55:01.000Z</time>
        <extensions>
          <ns3:TrackPointExtension>
            <ns3:hr>138</ns3:hr>
            <ns3:cad>91</ns3:cad>
          </ns3:TrackPointExtension>
        </extensions>
      </trkpt>
      <trkpt lat="29.2870139144361019134521484375" lon="117.24697024561464786529541015625">
        <ele>32.59999847412109375</ele>
        <time>2026-08-19T21:55:02.000Z</time>
        <extensions>
          <ns3:TrackPointExtension>
            <ns3:hr>138</ns3:hr>
            <ns3:cad>91</ns3:cad>
          </ns3:TrackPointExtension>
        </extensions>
      </trkpt>
      <trkpt lat="29.2869978211820125579833984375" lon="117.24695616401731967926025390625">
        <ele>32.40000152587890625</ele>
        <time>2026-08-19T21:55:03.000Z</time>
        <extensions>
          <ns3:TrackPointExtension>
            <ns3:hr>139</ns3:hr>
            <ns3:cad>91</ns3:cad>
          </ns3:TrackPointExtension>
        </extensions>
      </trkpt>
      <trkpt lat="29.28697762079536914825439453125" lon="117.2469292581081390380859375">
        <ele>32.40000152587890625</ele>
        <time>2026-08-19T21:55:04.000Z</time>
        <extensions>
          <ns3:TrackPointExtension>
            <ns3:hr>139</ns3:hr>
            <ns3:cad>91</ns3:cad>
          </ns3:TrackPointExtension>
        </extensions>
      </trkpt>
      <trkpt lat="29.28695641458034515380859375" lon="117.246913500130176544189453125">
        <ele>32.40000152587890625</ele>
        <time>2026-08-19T21:55:05.000Z</time>
        <extensions>
          <ns3:TrackPointExtension>
            <ns3:hr>139</ns3:hr>
            <ns3:cad>89</ns3:cad>
          </ns3:TrackPointExtension>
        </extensions>
      </trkpt>
      <trkpt lat="29.28693495690822601318359375" lon="117.2468885220587253570556640625">
        <ele>32.200000762939453125</ele>
        <time>2026-08-19T21:55:06.000Z</time>
        <extensions>
          <ns3:TrackPointExtension>
            <ns3:hr>139</ns3:hr>
            <ns3:cad>89</ns3:cad>
          </ns3:TrackPointExtension>
        </extensions>
      </trkpt>
      <trkpt lat="29.28691442124545574188232421875" lon="117.2468727640807628631591796875">
        <ele>32.200000762939453125</ele>
        <time>2026-08-19T21:55:07.000Z</time>
        <extensions>
          <ns3:TrackPointExtension>
            <ns3:hr>139</ns3:hr>
            <ns3:cad>89</ns3:cad>
          </ns3:TrackPointExtension>
        </extensions>
      </trkpt>
      <trkpt lat="29.28689547814428806304931640625" lon="117.24684552289545536041259765625">
        <ele>32.40000152587890625</ele>
        <time>2026-08-19T21:55:08.000Z</time>
        <extensions>
          <ns3:TrackPointExtension>
            <ns3:hr>140</ns3:hr>
            <ns3:cad>89</ns3:cad>
          </ns3:TrackPointExtension>
        </extensions>
      </trkpt>
      <trkpt lat="29.28687552921473979949951171875" lon="117.246831022202968597412109375">
        <ele>32.40000152587890625</ele>
        <time>2026-08-19T21:55:09.000Z</time>
        <extensions>
          <ns3:TrackPointExtension>
            <ns3:hr>140</ns3:hr>
            <ns3:cad>90</ns3:cad>
          </ns3:TrackPointExtension>
        </extensions>
      </trkpt>
      <trkpt lat="29.2868570052087306976318359375" lon="117.24680193699896335601806640625">
        <ele>32.40000152587890625</ele>
        <time>2026-08-19T21:55:10.000Z</time>
        <extensions>
          <ns3:TrackPointExtension>
            <ns3:hr>140</ns3:hr>
            <ns3:cad>90</ns3:cad>
          </ns3:TrackPointExtension>
        </extensions>
      </trkpt>
      <trkpt lat="29.28683797828853130340576171875" lon="117.2467852570116519927978515625">
        <ele>32.59999847412109375</ele>
        <time>2026-08-19T21:55:11.000Z</time>
        <extensions>
          <ns3:TrackPointExtension>
            <ns3:hr>140</ns3:hr>
            <ns3:cad>90</ns3:cad>
          </ns3:TrackPointExtension>
        </extensions>
      </trkpt>
      <trkpt lat="29.28681693971157073974609375" lon="117.2467601113021373748779296875">
        <ele>32.59999847412109375</ele>
        <time>2026-08-19T21:55:12.000Z</time>
        <extensions>
          <ns3:TrackPointExtension>
            <ns3:hr>141</ns3:hr>
            <ns3:cad>90</ns3:cad>
          </ns3:TrackPointExtension>
        </extensions>
      </trkpt>
      <trkpt lat="29.28679171018302440643310546875" lon="117.2467483766376972198486328125">
        <ele>32.59999847412109375</ele>
        <time>2026-08-19T21:55:13.000Z</time>
        <extensions>
          <ns3:TrackPointExtension>
            <ns3:hr>141</ns3:hr>
            <ns3:cad>90</ns3:cad>
          </ns3:TrackPointExtension>
        </extensions>
      </trkpt>
      <trkpt lat="29.28677125833928585052490234375" lon="117.24672046490013599395751953125">
        <ele>32.59999847412109375</ele>
        <time>2026-08-19T21:55:14.000Z</time>
        <extensions>
          <ns3:TrackPointExtension>
            <ns3:hr>141</ns3:hr>
            <ns3:cad>90</ns3:cad>
          </ns3:TrackPointExtension>
        </extensions>
      </trkpt>
      <trkpt lat="29.28674745373427867889404296875" lon="117.246706299483776092529296875">
        <ele>32.799999237060546875</ele>
        <time>2026-08-19T21:55:15.000Z</time>
        <extensions>
          <ns3:TrackPointExtension>
            <ns3:hr>141</ns3:hr>
            <ns3:cad>90</ns3:cad>
          </ns3:TrackPointExtension>
        </extensions>
      </trkpt>
      <trkpt lat="29.28672532550990581512451171875" lon="117.246679477393627166748046875">
        <ele>32.799999237060546875</ele>
        <time>2026-08-19T21:55:16.000Z</time>
        <extensions>
          <ns3:TrackPointExtension>
            <ns3:hr>141</ns3:hr>
            <ns3:cad>89</ns3:cad>
          </ns3:TrackPointExtension>
        </extensions>
      </trkpt>
      <trkpt lat="29.2867076396942138671875" lon="117.24666531197726726531982421875">
        <ele>32.799999237060546875</ele>
        <time>2026-08-19T21:55:17.000Z</time>
        <extensions>
          <ns3:TrackPointExtension>
            <ns3:hr>141</ns3:hr>
            <ns3:cad>89</ns3:cad>
          </ns3:TrackPointExtension>
        </extensions>
      </trkpt>
      <trkpt lat="29.28668844513595104217529296875" lon="117.24664050154387950897216796875">
        <ele>33</ele>
        <time>2026-08-19T21:55:18.000Z</time>
        <extensions>
          <ns3:TrackPointExtension>
            <ns3:hr>140</ns3:hr>
            <ns3:cad>89</ns3:cad>
          </ns3:TrackPointExtension>
        </extensions>
      </trkpt>
      <trkpt lat="29.286664389073848724365234375" lon="117.24662407301366329193115234375">
        <ele>33</ele>
        <time>2026-08-19T21:55:19.000Z</time>
        <extensions>
          <ns3:TrackPointExtension>
            <ns3:hr>140</ns3:hr>
            <ns3:cad>89</ns3:cad>
          </ns3:TrackPointExtension>
        </extensions>
      </trkpt>
      <trkpt lat="29.286648295819759368896484375" lon="117.24659440107643604278564453125">
        <ele>33</ele>
        <time>2026-08-19T21:55:20.000Z</time>
        <extensions>
          <ns3:TrackPointExtension>
            <ns3:hr>140</ns3:hr>
            <ns3:cad>90</ns3:cad>
          </ns3:TrackPointExtension>
        </extensions>
      </trkpt>
      <trkpt lat="29.28662784397602081298828125" lon="117.24657093174755573272705078125">
        <ele>33</ele>
        <time>2026-08-19T21:55:21.000Z</time>
        <extensions>
          <ns3:TrackPointExtension>
            <ns3:hr>140</ns3:hr>
            <ns3:cad>90</ns3:cad>
          </ns3:TrackPointExtension>
        </extensions>
      </trkpt>
      <trkpt lat="29.28661267273128032684326171875" lon="117.246541343629360198974609375">
        <ele>33</ele>
        <time>2026-08-19T21:55:22.000Z</time>
        <extensions>
          <ns3:TrackPointExtension>
            <ns3:hr>140</ns3:hr>
            <ns3:cad>90</ns3:cad>
          </ns3:TrackPointExtension>
        </extensions>
      </trkpt>
      <trkpt lat="29.28659171797335147857666015625" lon="117.24652147851884365081787109375">
        <ele>33</ele>
        <time>2026-08-19T21:55:23.000Z</time>
        <extensions>
          <ns3:TrackPointExtension>
            <ns3:hr>139</ns3:hr>
            <ns3:cad>91</ns3:cad>
          </ns3:TrackPointExtension>
        </extensions>
      </trkpt>
      <trkpt lat="29.28657880984246730804443359375" lon="117.2464885376393795013427734375">
        <ele>33</ele>
        <time>2026-08-19T21:55:24.000Z</time>
        <extensions>
          <ns3:TrackPointExtension>
            <ns3:hr>140</ns3:hr>
            <ns3:cad>90</ns3:cad>
          </ns3:TrackPointExtension>
        </extensions>
      </trkpt>
      <trkpt lat="29.28656070493161678314208984375" lon="117.2464679181575775146484375">
        <ele>33</ele>
        <time>2026-08-19T21:55:25.000Z</time>
        <extensions>
          <ns3:TrackPointExtension>
            <ns3:hr>140</ns3:hr>
            <ns3:cad>90</ns3:cad>
          </ns3:TrackPointExtension>
        </extensions>
      </trkpt>
      <trkpt lat="29.28655265830457210540771484375" lon="117.246434055268764495849609375">
        <ele>33</ele>
        <time>2026-08-19T21:55:26.000Z</time>
        <extensions>
          <ns3:TrackPointExtension>
            <ns3:hr>140</ns3:hr>
            <ns3:cad>90</ns3:cad>
          </ns3:TrackPointExtension>
        </extensions>
      </trkpt>
      <trkpt lat="29.28653798997402191162109375" lon="117.2464090771973133087158203125">
        <ele>33</ele>
        <time>2026-08-19T21:55:27.000Z</time>
        <extensions>
          <ns3:TrackPointExtension>
            <ns3:hr>139</ns3:hr>
            <ns3:cad>90</ns3:cad>
          </ns3:TrackPointExtension>
        </extensions>
      </trkpt>
      <trkpt lat="29.2865294404327869415283203125" lon="117.24637764506042003631591796875">
        <ele>33</ele>
        <time>2026-08-19T21:55:28.000Z</time>
        <extensions>
          <ns3:TrackPointExtension>
            <ns3:hr>140</ns3:hr>
            <ns3:cad>90</ns3:cad>
          </ns3:TrackPointExtension>
        </extensions>
      </trkpt>
      <trkpt lat="29.2865183763206005096435546875" lon="117.24634998477995395660400390625">
        <ele>33</ele>
        <time>2026-08-19T21:55:29.000Z</time>
        <extensions>
          <ns3:TrackPointExtension>
            <ns3:hr>140</ns3:hr>
            <ns3:cad>90</ns3:cad>
          </ns3:TrackPointExtension>
        </extensions>
      </trkpt>
      <trkpt lat="29.286516197025775909423828125" lon="117.24631427787244319915771484375">
        <ele>33</ele>
        <time>2026-08-19T21:55:30.000Z</time>
        <extensions>
          <ns3:TrackPointExtension>
            <ns3:hr>139</ns3:hr>
            <ns3:cad>90</ns3:cad>
          </ns3:TrackPointExtension>
        </extensions>
      </trkpt>
      <trkpt lat="29.2865069769322872161865234375" lon="117.24628351628780364990234375">
        <ele>33</ele>
        <time>2026-08-19T21:55:31.000Z</time>
        <extensions>
          <ns3:TrackPointExtension>
            <ns3:hr>140</ns3:hr>
            <ns3:cad>90</ns3:cad>
          </ns3:TrackPointExtension>
        </extensions>
      </trkpt>
      <trkpt lat="29.28650253452360630035400390625" lon="117.24624940194189548492431640625">
        <ele>33</ele>
        <time>2026-08-19T21:55:32.000Z</time>
        <extensions>
          <ns3:TrackPointExtension>
            <ns3:hr>140</ns3:hr>
            <ns3:cad>90</ns3:cad>
          </ns3:TrackPointExtension>
        </extensions>
      </trkpt>
      <trkpt lat="29.28649239242076873779296875" lon="117.24621939472854137420654296875">
        <ele>33</ele>
        <time>2026-08-19T21:55:33.000Z</time>
        <extensions>
          <ns3:TrackPointExtension>
            <ns3:hr>140</ns3:hr>
            <ns3:cad>90</ns3:cad>
          </ns3:TrackPointExtension>
        </extensions>
      </trkpt>
      <trkpt lat="29.28648996166884899139404296875" lon="117.246185950934886932373046875">
        <ele>33</ele>
        <time>2026-08-19T21:55:34.000Z</time>
        <extensions>
          <ns3:TrackPointExtension>
            <ns3:hr>140</ns3:hr>
            <ns3:cad>91</ns3:cad>
          </ns3:TrackPointExtension>
        </extensions>
      </trkpt>
      <trkpt lat="29.28648225031793117523193359375" lon="117.24615342915058135986328125">
        <ele>33.200000762939453125</ele>
        <time>2026-08-19T21:55:35.000Z</time>
        <extensions>
          <ns3:TrackPointExtension>
            <ns3:hr>140</ns3:hr>
            <ns3:cad>91</ns3:cad>
          </ns3:TrackPointExtension>
        </extensions>
      </trkpt>
      <trkpt lat="29.28647571243345737457275390625" lon="117.2461214102804660797119140625">
        <ele>33.200000762939453125</ele>
        <time>2026-08-19T21:55:36.000Z</time>
        <extensions>
          <ns3:TrackPointExtension>
            <ns3:hr>139</ns3:hr>
            <ns3:cad>91</ns3:cad>
          </ns3:TrackPointExtension>
        </extensions>
      </trkpt>
      <trkpt lat="29.28646883927285671234130859375" lon="117.246088050305843353271484375">
        <ele>33.200000762939453125</ele>
        <time>2026-08-19T21:55:37.000Z</time>
        <extensions>
          <ns3:TrackPointExtension>
            <ns3:hr>140</ns3:hr>
            <ns3:cad>90</ns3:cad>
          </ns3:TrackPointExtension>
        </extensions>
      </trkpt>
      <trkpt lat="29.2864650674164295196533203125" lon="117.24605686962604522705078125">
        <ele>33.40000152587890625</ele>
        <time>2026-08-19T21:55:38.000Z</time>
        <extensions>
          <ns3:TrackPointExtension>
            <ns3:hr>140</ns3:hr>
            <ns3:cad>90</ns3:cad>
          </ns3:TrackPointExtension>
        </extensions>
      </trkpt>
      <trkpt lat="29.28645576350390911102294921875" lon="117.2460265271365642547607421875">
        <ele>33.40000152587890625</ele>
        <time>2026-08-19T21:55:39.000Z</time>
        <extensions>
          <ns3:TrackPointExtension>
            <ns3:hr>139</ns3:hr>
            <ns3:cad>90</ns3:cad>
          </ns3:TrackPointExtension>
        </extensions>
      </trkpt>
      <trkpt lat="29.28645023144781589508056640625" lon="117.2459970228374004364013671875">
        <ele>33.40000152587890625</ele>
        <time>2026-08-19T21:55:40.000Z</time>
        <extensions>
          <ns3:TrackPointExtension>
            <ns3:hr>140</ns3:hr>
            <ns3:cad>90</ns3:cad>
          </ns3:TrackPointExtension>
        </extensions>
      </trkpt>
      <trkpt lat="29.28644302301108837127685546875" lon="117.24596542306244373321533203125">
        <ele>33.40000152587890625</ele>
        <time>2026-08-19T21:55:41.000Z</time>
        <extensions>
          <ns3:TrackPointExtension>
            <ns3:hr>140</ns3:hr>
            <ns3:cad>90</ns3:cad>
          </ns3:TrackPointExtension>
        </extensions>
      </trkpt>
      <trkpt lat="29.286438412964344024658203125" lon="117.24593591876327991485595703125">
        <ele>33.40000152587890625</ele>
        <time>2026-08-19T21:55:42.000Z</time>
        <extensions>
          <ns3:TrackPointExtension>
            <ns3:hr>139</ns3:hr>
            <ns3:cad>90</ns3:cad>
          </ns3:TrackPointExtension>
        </extensions>
      </trkpt>
      <trkpt lat="29.286432377994060516357421875" lon="117.24590172059834003448486328125">
        <ele>33.40000152587890625</ele>
        <time>2026-08-19T21:55:43.000Z</time>
        <extensions>
          <ns3:TrackPointExtension>
            <ns3:hr>140</ns3:hr>
            <ns3:cad>90</ns3:cad>
          </ns3:TrackPointExtension>
        </extensions>
      </trkpt>
      <trkpt lat="29.28642843849956989288330078125" lon="117.24587238393723964691162109375">
        <ele>33.59999847412109375</ele>
        <time>2026-08-19T21:55:44.000Z</time>
        <extensions>
          <ns3:TrackPointExtension>
            <ns3:hr>140</ns3:hr>
            <ns3:cad>91</ns3:cad>
          </ns3:TrackPointExtension>
        </extensions>
      </trkpt>
      <trkpt lat="29.2864214815199375152587890625" lon="117.2458370961248874664306640625">
        <ele>33.59999847412109375</ele>
        <time>2026-08-19T21:55:45.000Z</time>
        <extensions>
          <ns3:TrackPointExtension>
            <ns3:hr>140</ns3:hr>
            <ns3:cad>90</ns3:cad>
          </ns3:TrackPointExtension>
        </extensions>
      </trkpt>
      <trkpt lat="29.28641485981643199920654296875" lon="117.24580717273056507110595703125">
        <ele>33.59999847412109375</ele>
        <time>2026-08-19T21:55:46.000Z</time>
        <extensions>
          <ns3:TrackPointExtension>
            <ns3:hr>140</ns3:hr>
            <ns3:cad>90</ns3:cad>
          </ns3:TrackPointExtension>
        </extensions>
      </trkpt>
      <trkpt lat="29.2864072322845458984375" lon="117.24577180109918117523193359375">
        <ele>33.59999847412109375</ele>
        <time>2026-08-19T21:55:47.000Z</time>
        <extensions>
          <ns3:TrackPointExtension>
            <ns3:hr>140</ns3:hr>
            <ns3:cad>90</ns3:cad>
          </ns3:TrackPointExtension>
        </extensions>
      </trkpt>
      <trkpt lat="29.28640161640942096710205078125" lon="117.24574313499033451080322265625">
        <ele>33.59999847412109375</ele>
        <time>2026-08-19T21:55:48.000Z</time>
        <extensions>
          <ns3:TrackPointExtension>
            <ns3:hr>141</ns3:hr>
            <ns3:cad>90</ns3:cad>
          </ns3:TrackPointExtension>
        </extensions>
      </trkpt>
      <trkpt lat="29.2863933183252811431884765625" lon="117.245709188282489776611328125">
        <ele>33.40000152587890625</ele>
        <time>2026-08-19T21:55:49.000Z</time>
        <extensions>
          <ns3:TrackPointExtension>
            <ns3:hr>141</ns3:hr>
            <ns3:cad>90</ns3:cad>
          </ns3:TrackPointExtension>
        </extensions>
      </trkpt>
      <trkpt lat="29.28638317622244358062744140625" lon="117.2456828691065311431884765625">
        <ele>33.40000152587890625</ele>
        <time>2026-08-19T21:55:50.000Z</time>
        <extensions>
          <ns3:TrackPointExtension>
            <ns3:hr>141</ns3:hr>
            <ns3:cad>90</ns3:cad>
          </ns3:TrackPointExtension>
        </extensions>
      </trkpt>
      <trkpt lat="29.2863785661756992340087890625" lon="117.2456486709415912628173828125">
        <ele>33.40000152587890625</ele>
        <time>2026-08-19T21:55:51.000Z</time>
        <extensions>
          <ns3:TrackPointExtension>
            <ns3:hr>141</ns3:hr>
            <ns3:cad>90</ns3:cad>
          </ns3:TrackPointExtension>
        </extensions>
      </trkpt>
      <trkpt lat="29.28637043572962284088134765625" lon="117.24562226794660091400146484375">
        <ele>33.40000152587890625</ele>
        <time>2026-08-19T21:55:52.000Z</time>
        <extensions>
          <ns3:TrackPointExtension>
            <ns3:hr>141</ns3:hr>
            <ns3:cad>91</ns3:cad>
          </ns3:TrackPointExtension>
        </extensions>
      </trkpt>
      <trkpt lat="29.2863611318171024322509765625" lon="117.245588488876819610595703125">
        <ele>33.59999847412109375</ele>
        <time>2026-08-19T21:55:53.000Z</time>
        <extensions>
          <ns3:TrackPointExtension>
            <ns3:hr>141</ns3:hr>
            <ns3:cad>90</ns3:cad>
          </ns3:TrackPointExtension>
        </extensions>
      </trkpt>
      <trkpt lat="29.286357276141643524169921875" lon="117.24555839784443378448486328125">
        <ele>33.59999847412109375</ele>
        <time>2026-08-19T21:55:54.000Z</time>
        <extensions>
          <ns3:TrackPointExtension>
            <ns3:hr>142</ns3:hr>
            <ns3:cad>90</ns3:cad>
          </ns3:TrackPointExtension>
        </extensions>
      </trkpt>
      <trkpt lat="29.28635383956134319305419921875" lon="117.24552218802273273468017578125">
        <ele>33.59999847412109375</ele>
        <time>2026-08-19T21:55:55.000Z</time>
        <extensions>
          <ns3:TrackPointExtension>
            <ns3:hr>142</ns3:hr>
            <ns3:cad>90</ns3:cad>
          </ns3:TrackPointExtension>
        </extensions>
      </trkpt>
      <trkpt lat="29.286346547305583953857421875" lon="117.2454969584941864013671875">
        <ele>33.799999237060546875</ele>
        <time>2026-08-19T21:55:56.000Z</time>
        <extensions>
          <ns3:TrackPointExtension>
            <ns3:hr>142</ns3:hr>
            <ns3:cad>90</ns3:cad>
          </ns3:TrackPointExtension>
        </extensions>
      </trkpt>
      <trkpt lat="29.28634428419172763824462890625" lon="117.245459072291851043701171875">
        <ele>33.799999237060546875</ele>
        <time>2026-08-19T21:55:57.000Z</time>
        <extensions>
          <ns3:TrackPointExtension>
            <ns3:hr>143</ns3:hr>
            <ns3:cad>90</ns3:cad>
          </ns3:TrackPointExtension>
        </extensions>
      </trkpt>
      <trkpt lat="29.28633590228855609893798828125" lon="117.24543384276330471038818359375">
        <ele>33.799999237060546875</ele>
        <time>2026-08-19T21:55:58.000Z</time>
        <extensions>
          <ns3:TrackPointExtension>
            <ns3:hr>143</ns3:hr>
            <ns3:cad>90</ns3:cad>
          </ns3:TrackPointExtension>
        </extensions>
      </trkpt>
      <trkpt lat="29.2863329686224460601806640625" lon="117.2454019077122211456298828125">
        <ele>33.799999237060546875</ele>
        <time>2026-08-19T21:55:59.000Z</time>
        <extensions>
          <ns3:TrackPointExtension>
            <ns3:hr>144</ns3:hr>
            <ns3:cad>90</ns3:cad>
          </ns3:TrackPointExtension>
        </extensions>
      </trkpt>
      <trkpt lat="29.28632182069122791290283203125" lon="117.24537516944110393524169921875">
        <ele>33.799999237060546875</ele>
        <time>2026-08-19T21:56:00.000Z</time>
        <extensions>
          <ns3:TrackPointExtension>
            <ns3:hr>144</ns3:hr>
            <ns3:cad>90</ns3:cad>
          </ns3:TrackPointExtension>
        </extensions>
      </trkpt>
      <trkpt lat="29.28631712682545185089111328125" lon="117.245339043438434600830078125">
        <ele>33.59999847412109375</ele>
        <time>2026-08-19T21:56:01.000Z</time>
        <extensions>
          <ns3:TrackPointExtension>
            <ns3:hr>144</ns3:hr>
            <ns3:cad>90</ns3:cad>
          </ns3:TrackPointExtension>
        </extensions>
      </trkpt>
      <trkpt lat="29.286308325827121734619140625" lon="117.2453120537102222442626953125">
        <ele>33.799999237060546875</ele>
        <time>2026-08-19T21:56:02.000Z</time>
        <extensions>
          <ns3:TrackPointExtension>
            <ns3:hr>145</ns3:hr>
            <ns3:cad>90</ns3:cad>
          </ns3:TrackPointExtension>
        </extensions>
      </trkpt>
      <trkpt lat="29.28630405105650424957275390625" lon="117.24528112448751926422119140625">
        <ele>33.799999237060546875</ele>
        <time>2026-08-19T21:56:03.000Z</time>
        <extensions>
          <ns3:TrackPointExtension>
            <ns3:hr>144</ns3:hr>
            <ns3:cad>90</ns3:cad>
          </ns3:TrackPointExtension>
        </extensions>
      </trkpt>
      <trkpt lat="29.28629667498171329498291015625" lon="117.2452496923506259918212890625">
        <ele>33.799999237060546875</ele>
        <time>2026-08-19T21:56:04.000Z</time>
        <extensions>
          <ns3:TrackPointExtension>
            <ns3:hr>144</ns3:hr>
            <ns3:cad>90</ns3:cad>
          </ns3:TrackPointExtension>
        </extensions>
      </trkpt>
      <trkpt lat="29.28629030473530292510986328125" lon="117.24521641619503498077392578125">
        <ele>33.799999237060546875</ele>
        <time>2026-08-19T21:56:05.000Z</time>
        <extensions>
          <ns3:TrackPointExtension>
            <ns3:hr>144</ns3:hr>
            <ns3:cad>90</ns3:cad>
          </ns3:TrackPointExtension>
        </extensions>
      </trkpt>
      <trkpt lat="29.286282844841480255126953125" lon="117.24519261159002780914306640625">
        <ele>33.799999237060546875</ele>
        <time>2026-08-19T21:56:06.000Z</time>
        <extensions>
          <ns3:TrackPointExtension>
            <ns3:hr>144</ns3:hr>
            <ns3:cad>90</ns3:cad>
          </ns3:TrackPointExtension>
        </extensions>
      </trkpt>
      <trkpt lat="29.2862796597182750701904296875" lon="117.245157994329929351806640625">
        <ele>33.799999237060546875</ele>
        <time>2026-08-19T21:56:07.000Z</time>
        <extensions>
          <ns3:TrackPointExtension>
            <ns3:hr>144</ns3:hr>
            <ns3:cad>90</ns3:cad>
          </ns3:TrackPointExtension>
        </extensions>
      </trkpt>
      <trkpt lat="29.2862732894718647003173828125" lon="117.24512991495430469512939453125">
        <ele>34</ele>
        <time>2026-08-19T21:56:08.000Z</time>
        <extensions>
          <ns3:TrackPointExtension>
            <ns3:hr>144</ns3:hr>
            <ns3:cad>90</ns3:cad>
          </ns3:TrackPointExtension>
        </extensions>
      </trkpt>
      <trkpt lat="29.2862692661583423614501953125" lon="117.245094291865825653076171875">
        <ele>34</ele>
        <time>2026-08-19T21:56:09.000Z</time>
        <extensions>
          <ns3:TrackPointExtension>
            <ns3:hr>144</ns3:hr>
            <ns3:cad>90</ns3:cad>
          </ns3:TrackPointExtension>
        </extensions>
      </trkpt>
      <trkpt lat="29.28626708686351776123046875" lon="117.245070151984691619873046875">
        <ele>34</ele>
        <time>2026-08-19T21:56:10.000Z</time>
        <extensions>
          <ns3:TrackPointExtension>
            <ns3:hr>144</ns3:hr>
            <ns3:cad>89</ns3:cad>
          </ns3:TrackPointExtension>
        </extensions>
      </trkpt>
      <trkpt lat="29.2862692661583423614501953125" lon="117.24503519944846630096435546875">
        <ele>34</ele>
        <time>2026-08-19T21:56:11.000Z</time>
        <extensions>
          <ns3:TrackPointExtension>
            <ns3:hr>144</ns3:hr>
            <ns3:cad>89</ns3:cad>
          </ns3:TrackPointExtension>
        </extensions>
      </trkpt>
      <trkpt lat="29.28626297973096370697021484375" lon="117.24501038901507854461669921875">
        <ele>34.200000762939453125</ele>
        <time>2026-08-19T21:56:12.000Z</time>
        <extensions>
          <ns3:TrackPointExtension>
            <ns3:hr>144</ns3:hr>
            <ns3:cad>89</ns3:cad>
          </ns3:TrackPointExtension>
        </extensions>
      </trkpt>
      <trkpt lat="29.286261387169361114501953125" lon="117.24497593939304351806640625">
        <ele>34</ele>
        <time>2026-08-19T21:56:13.000Z</time>
        <extensions>
          <ns3:TrackPointExtension>
            <ns3:hr>144</ns3:hr>
            <ns3:cad>90</ns3:cad>
          </ns3:TrackPointExtension>
        </extensions>
      </trkpt>
      <trkpt lat="29.28625526838004589080810546875" lon="117.24495473317801952362060546875">
        <ele>34.200000762939453125</ele>
        <time>2026-08-19T21:56:14.000Z</time>
        <extensions>
          <ns3:TrackPointExtension>
            <ns3:hr>144</ns3:hr>
            <ns3:cad>90</ns3:cad>
          </ns3:TrackPointExtension>
        </extensions>
      </trkpt>
      <trkpt lat="29.28625174798071384429931640625" lon="117.24492271430790424346923828125">
        <ele>34.200000762939453125</ele>
        <time>2026-08-19T21:56:15.000Z</time>
        <extensions>
          <ns3:TrackPointExtension>
            <ns3:hr>144</ns3:hr>
            <ns3:cad>90</ns3:cad>
          </ns3:TrackPointExtension>
        </extensions>
      </trkpt>
      <trkpt lat="29.28624655120074748992919921875" lon="117.24489522166550159454345703125">
        <ele>34.200000762939453125</ele>
        <time>2026-08-19T21:56:16.000Z</time>
        <extensions>
          <ns3:TrackPointExtension>
            <ns3:hr>143</ns3:hr>
            <ns3:cad>90</ns3:cad>
          </ns3:TrackPointExtension>
        </extensions>
      </trkpt>
      <trkpt lat="29.28624294698238372802734375" lon="117.244869656860828399658203125">
        <ele>34.40000152587890625</ele>
        <time>2026-08-19T21:56:17.000Z</time>
        <extensions>
          <ns3:TrackPointExtension>
            <ns3:hr>143</ns3:hr>
            <ns3:cad>90</ns3:cad>
          </ns3:TrackPointExtension>
        </extensions>
      </trkpt>
      <trkpt lat="29.286235235631465911865234375" lon="117.24484945647418498992919921875">
        <ele>34.59999847412109375</ele>
        <time>2026-08-19T21:56:18.000Z</time>
        <extensions>
          <ns3:TrackPointExtension>
            <ns3:hr>143</ns3:hr>
            <ns3:cad>89</ns3:cad>
          </ns3:TrackPointExtension>
        </extensions>
      </trkpt>
      <trkpt lat="29.286231882870197296142578125" lon="117.24481961689889430999755859375">
        <ele>34.59999847412109375</ele>
        <time>2026-08-19T21:56:19.000Z</time>
        <extensions>
          <ns3:TrackPointExtension>
            <ns3:hr>142</ns3:hr>
            <ns3:cad>89</ns3:cad>
          </ns3:TrackPointExtension>
        </extensions>
      </trkpt>
      <trkpt lat="29.2862266860902309417724609375" lon="117.24479882977902889251708984375">
        <ele>34.59999847412109375</ele>
        <time>2026-08-19T21:56:20.000Z</time>
        <extensions>
          <ns3:TrackPointExtension>
            <ns3:hr>141</ns3:hr>
            <ns3:cad>89</ns3:cad>
          </ns3:TrackPointExtension>
        </extensions>
      </trkpt>
      <trkpt lat="29.28622442297637462615966796875" lon="117.24476932547986507415771484375">
        <ele>34.59999847412109375</ele>
        <time>2026-08-19T21:56:21.000Z</time>
        <extensions>
          <ns3:TrackPointExtension>
            <ns3:hr>141</ns3:hr>
            <ns3:cad>89</ns3:cad>
          </ns3:TrackPointExtension>
        </extensions>
      </trkpt>
      <trkpt lat="29.28621855564415454864501953125" lon="117.2447424195706844329833984375">
        <ele>34.59999847412109375</ele>
        <time>2026-08-19T21:56:22.000Z</time>
        <extensions>
          <ns3:TrackPointExtension>
            <ns3:hr>141</ns3:hr>
            <ns3:cad>89</ns3:cad>
          </ns3:TrackPointExtension>
        </extensions>
      </trkpt>
      <trkpt lat="29.28621034137904644012451171875" lon="117.24470637738704681396484375">
        <ele>34.59999847412109375</ele>
        <time>2026-08-19T21:56:23.000Z</time>
        <extensions>
          <ns3:TrackPointExtension>
            <ns3:hr>141</ns3:hr>
            <ns3:cad>90</ns3:cad>
          </ns3:TrackPointExtension>
        </extensions>
      </trkpt>
      <trkpt lat="29.2862048931419849395751953125" lon="117.24468215368688106536865234375">
        <ele>34.59999847412109375</ele>
        <time>2026-08-19T21:56:24.000Z</time>
        <extensions>
          <ns3:TrackPointExtension>
            <ns3:hr>141</ns3:hr>
            <ns3:cad>90</ns3:cad>
          </ns3:TrackPointExtension>
        </extensions>
      </trkpt>
      <trkpt lat="29.286203049123287200927734375" lon="117.244647704064846038818359375">
        <ele>34.799999237060546875</ele>
        <time>2026-08-19T21:56:25.000Z</time>
        <extensions>
          <ns3:TrackPointExtension>
            <ns3:hr>140</ns3:hr>
            <ns3:cad>90</ns3:cad>
          </ns3:TrackPointExtension>
        </extensions>
      </trkpt>
      <trkpt lat="29.2861985228955745697021484375" lon="117.2446183674037456512451171875">
        <ele>34.799999237060546875</ele>
        <time>2026-08-19T21:56:26.000Z</time>
        <extensions>
          <ns3:TrackPointExtension>
            <ns3:hr>140</ns3:hr>
            <ns3:cad>90</ns3:cad>
          </ns3:TrackPointExtension>
        </extensions>
      </trkpt>
      <trkpt lat="29.2861965112388134002685546875" lon="117.244583666324615478515625">
        <ele>34.799999237060546875</ele>
        <time>2026-08-19T21:56:27.000Z</time>
        <extensions>
          <ns3:TrackPointExtension>
            <ns3:hr>140</ns3:hr>
            <ns3:cad>90</ns3:cad>
          </ns3:TrackPointExtension>
        </extensions>
      </trkpt>
      <trkpt lat="29.28618821315467357635498046875" lon="117.244556844234466552734375">
        <ele>35</ele>
        <time>2026-08-19T21:56:28.000Z</time>
        <extensions>
          <ns3:TrackPointExtension>
            <ns3:hr>140</ns3:hr>
            <ns3:cad>90</ns3:cad>
          </ns3:TrackPointExtension>
        </extensions>
      </trkpt>
      <trkpt lat="29.28618519566953182220458984375" lon="117.24452289752662181854248046875">
        <ele>34.799999237060546875</ele>
        <time>2026-08-19T21:56:29.000Z</time>
        <extensions>
          <ns3:TrackPointExtension>
            <ns3:hr>140</ns3:hr>
            <ns3:cad>90</ns3:cad>
          </ns3:TrackPointExtension>
        </extensions>
      </trkpt>
      <trkpt lat="29.2861800827085971832275390625" lon="117.2444959916174411773681640625">
        <ele>35</ele>
        <time>2026-08-19T21:56:30.000Z</time>
        <extensions>
          <ns3:TrackPointExtension>
            <ns3:hr>140</ns3:hr>
            <ns3:cad>90</ns3:cad>
          </ns3:TrackPointExtension>
        </extensions>
      </trkpt>
      <trkpt lat="29.2861794121563434600830078125" lon="117.244465649127960205078125">
        <ele>35</ele>
        <time>2026-08-19T21:56:31.000Z</time>
        <extensions>
          <ns3:TrackPointExtension>
            <ns3:hr>140</ns3:hr>
            <ns3:cad>90</ns3:cad>
          </ns3:TrackPointExtension>
        </extensions>
      </trkpt>
      <trkpt lat="29.2861733771860599517822265625" lon="117.24444025196135044097900390625">
        <ele>35</ele>
        <time>2026-08-19T21:56:32.000Z</time>
        <extensions>
          <ns3:TrackPointExtension>
            <ns3:hr>140</ns3:hr>
            <ns3:cad>89</ns3:cad>
          </ns3:TrackPointExtension>
        </extensions>
      </trkpt>
      <trkpt lat="29.28616843186318874359130859375" lon="117.2444068081676959991455078125">
        <ele>35</ele>
        <time>2026-08-19T21:56:33.000Z</time>
        <extensions>
          <ns3:TrackPointExtension>
            <ns3:hr>140</ns3:hr>
            <ns3:cad>89</ns3:cad>
          </ns3:TrackPointExtension>
        </extensions>
      </trkpt>
      <trkpt lat="29.2861613072454929351806640625" lon="117.244379818439483642578125">
        <ele>35.200000762939453125</ele>
        <time>2026-08-19T21:56:34.000Z</time>
        <extensions>
          <ns3:TrackPointExtension>
            <ns3:hr>141</ns3:hr>
            <ns3:cad>89</ns3:cad>
          </ns3:TrackPointExtension>
        </extensions>
      </trkpt>
      <trkpt lat="29.2861599661409854888916015625" lon="117.2443462908267974853515625">
        <ele>35.200000762939453125</ele>
        <time>2026-08-19T21:56:35.000Z</time>
        <extensions>
          <ns3:TrackPointExtension>
            <ns3:hr>141</ns3:hr>
            <ns3:cad>90</ns3:cad>
          </ns3:TrackPointExtension>
        </extensions>
      </trkpt>
      <trkpt lat="29.2861510813236236572265625" lon="117.24431787617504596710205078125">
        <ele>35.200000762939453125</ele>
        <time>2026-08-19T21:56:36.000Z</time>
        <extensions>
          <ns3:TrackPointExtension>
            <ns3:hr>140</ns3:hr>
            <ns3:cad>90</ns3:cad>
          </ns3:TrackPointExtension>
        </extensions>
      </trkpt>
      <trkpt lat="29.28614764474332332611083984375" lon="117.244282253086566925048828125">
        <ele>35.200000762939453125</ele>
        <time>2026-08-19T21:56:37.000Z</time>
        <extensions>
          <ns3:TrackPointExtension>
            <ns3:hr>140</ns3:hr>
            <ns3:cad>90</ns3:cad>
          </ns3:TrackPointExtension>
        </extensions>
      </trkpt>
      <trkpt lat="29.28614110685884952545166015625" lon="117.244251072406768798828125">
        <ele>35.40000152587890625</ele>
        <time>2026-08-19T21:56:38.000Z</time>
        <extensions>
          <ns3:TrackPointExtension>
            <ns3:hr>140</ns3:hr>
            <ns3:cad>90</ns3:cad>
          </ns3:TrackPointExtension>
        </extensions>
      </trkpt>
      <trkpt lat="29.28613792173564434051513671875" lon="117.24421427585184574127197265625">
        <ele>35.40000152587890625</ele>
        <time>2026-08-19T21:56:39.000Z</time>
        <extensions>
          <ns3:TrackPointExtension>
            <ns3:hr>139</ns3:hr>
            <ns3:cad>90</ns3:cad>
          </ns3:TrackPointExtension>
        </extensions>
      </trkpt>
      <trkpt lat="29.2861287854611873626708984375" lon="117.24418510682880878448486328125">
        <ele>35.40000152587890625</ele>
        <time>2026-08-19T21:56:40.000Z</time>
        <extensions>
          <ns3:TrackPointExtension>
            <ns3:hr>138</ns3:hr>
            <ns3:cad>90</ns3:cad>
          </ns3:TrackPointExtension>
        </extensions>
      </trkpt>
      <trkpt lat="29.2861244268715381622314453125" lon="117.24415157921612262725830078125">
        <ele>35.40000152587890625</ele>
        <time>2026-08-19T21:56:41.000Z</time>
        <extensions>
          <ns3:TrackPointExtension>
            <ns3:hr>136</ns3:hr>
            <ns3:cad>90</ns3:cad>
          </ns3:TrackPointExtension>
        </extensions>
      </trkpt>
      <trkpt lat="29.28611956536769866943359375" lon="117.2441234998404979705810546875">
        <ele>35.59999847412109375</ele>
        <time>2026-08-19T21:56:42.000Z</time>
        <extensions>
          <ns3:TrackPointExtension>
            <ns3:hr>135</ns3:hr>
            <ns3:cad>90</ns3:cad>
          </ns3:TrackPointExtension>
        </extensions>
      </trkpt>
      <trkpt lat="29.2861150391399860382080078125" lon="117.24409173242747783660888671875">
        <ele>35.59999847412109375</ele>
        <time>2026-08-19T21:56:43.000Z</time>
        <extensions>
          <ns3:TrackPointExtension>
            <ns3:hr>135</ns3:hr>
            <ns3:cad>90</ns3:cad>
          </ns3:TrackPointExtension>
        </extensions>
      </trkpt>
      <trkpt lat="29.28611042909324169158935546875" lon="117.24406658671796321868896484375">
        <ele>35.59999847412109375</ele>
        <time>2026-08-19T21:56:44.000Z</time>
        <extensions>
          <ns3:TrackPointExtension>
            <ns3:hr>135</ns3:hr>
            <ns3:cad>90</ns3:cad>
          </ns3:TrackPointExtension>
        </extensions>
      </trkpt>
      <trkpt lat="29.28610757924616336822509765625" lon="117.24403372965753078460693359375">
        <ele>35.59999847412109375</ele>
        <time>2026-08-19T21:56:45.000Z</time>
        <extensions>
          <ns3:TrackPointExtension>
            <ns3:hr>135</ns3:hr>
            <ns3:cad>90</ns3:cad>
          </ns3:TrackPointExtension>
        </extensions>
      </trkpt>
      <trkpt lat="29.2861019633710384368896484375" lon="117.2440088354051113128662109375">
        <ele>35.799999237060546875</ele>
        <time>2026-08-19T21:56:46.000Z</time>
        <extensions>
          <ns3:TrackPointExtension>
            <ns3:hr>134</ns3:hr>
            <ns3:cad>90</ns3:cad>
          </ns3:TrackPointExtension>
        </extensions>
      </trkpt>
      <trkpt lat="29.28609634749591350555419921875" lon="117.243979163467884063720703125">
        <ele>35.799999237060546875</ele>
        <time>2026-08-19T21:56:47.000Z</time>
        <extensions>
          <ns3:TrackPointExtension>
            <ns3:hr>135</ns3:hr>
            <ns3:cad>90</ns3:cad>
          </ns3:TrackPointExtension>
        </extensions>
      </trkpt>
      <trkpt lat="29.28608737885951995849609375" lon="117.24395125173032283782958984375">
        <ele>35.59999847412109375</ele>
        <time>2026-08-19T21:56:48.000Z</time>
        <extensions>
          <ns3:TrackPointExtension>
            <ns3:hr>136</ns3:hr>
            <ns3:cad>90</ns3:cad>
          </ns3:TrackPointExtension>
        </extensions>
      </trkpt>
      <trkpt lat="29.28607857786118984222412109375" lon="117.24391688592731952667236328125">
        <ele>35.59999847412109375</ele>
        <time>2026-08-19T21:56:49.000Z</time>
        <extensions>
          <ns3:TrackPointExtension>
            <ns3:hr>137</ns3:hr>
            <ns3:cad>90</ns3:cad>
          </ns3:TrackPointExtension>
        </extensions>
      </trkpt>
      <trkpt lat="29.28607086651027202606201171875" lon="117.2438903152942657470703125">
        <ele>35.59999847412109375</ele>
        <time>2026-08-19T21:56:50.000Z</time>
        <extensions>
          <ns3:TrackPointExtension>
            <ns3:hr>137</ns3:hr>
            <ns3:cad>90</ns3:cad>
          </ns3:TrackPointExtension>
        </extensions>
      </trkpt>
      <trkpt lat="29.2860681004822254180908203125" lon="117.2438549436628818511962890625">
        <ele>35.59999847412109375</ele>
        <time>2026-08-19T21:56:51.000Z</time>
        <extensions>
          <ns3:TrackPointExtension>
            <ns3:hr>137</ns3:hr>
            <ns3:cad>90</ns3:cad>
          </ns3:TrackPointExtension>
        </extensions>
      </trkpt>
      <trkpt lat="29.28605913184583187103271484375" lon="117.2438247688114643096923828125">
        <ele>35.59999847412109375</ele>
        <time>2026-08-19T21:56:52.000Z</time>
        <extensions>
          <ns3:TrackPointExtension>
            <ns3:hr>137</ns3:hr>
            <ns3:cad>90</ns3:cad>
          </ns3:TrackPointExtension>
        </extensions>
      </trkpt>
      <trkpt lat="29.28605024702847003936767578125" lon="117.243787385523319244384765625">
        <ele>35.799999237060546875</ele>
        <time>2026-08-19T21:56:53.000Z</time>
        <extensions>
          <ns3:TrackPointExtension>
            <ns3:hr>138</ns3:hr>
            <ns3:cad>90</ns3:cad>
          </ns3:TrackPointExtension>
        </extensions>
      </trkpt>
      <trkpt lat="29.286041446030139923095703125" lon="117.24376131780445575714111328125">
        <ele>35.799999237060546875</ele>
        <time>2026-08-19T21:56:54.000Z</time>
        <extensions>
          <ns3:TrackPointExtension>
            <ns3:hr>138</ns3:hr>
            <ns3:cad>90</ns3:cad>
          </ns3:TrackPointExtension>
        </extensions>
      </trkpt>
      <trkpt lat="29.2860359139740467071533203125" lon="117.24372728727757930755615234375">
        <ele>35.799999237060546875</ele>
        <time>2026-08-19T21:56:55.000Z</time>
        <extensions>
          <ns3:TrackPointExtension>
            <ns3:hr>138</ns3:hr>
            <ns3:cad>90</ns3:cad>
          </ns3:TrackPointExtension>
        </extensions>
      </trkpt>
      <trkpt lat="29.2860292084515094757080078125" lon="117.24370725452899932861328125">
        <ele>35.799999237060546875</ele>
        <time>2026-08-19T21:56:56.000Z</time>
        <extensions>
          <ns3:TrackPointExtension>
            <ns3:hr>139</ns3:hr>
            <ns3:cad>90</ns3:cad>
          </ns3:TrackPointExtension>
        </extensions>
      </trkpt>
      <trkpt lat="29.286022670567035675048828125" lon="117.24367917515337467193603515625">
        <ele>35.59999847412109375</ele>
        <time>2026-08-19T21:56:57.000Z</time>
        <extensions>
          <ns3:TrackPointExtension>
            <ns3:hr>139</ns3:hr>
            <ns3:cad>90</ns3:cad>
          </ns3:TrackPointExtension>
        </extensions>
      </trkpt>
      <trkpt lat="29.2860127799212932586669921875" lon="117.24365553818643093109130859375">
        <ele>35.59999847412109375</ele>
        <time>2026-08-19T21:56:58.000Z</time>
        <extensions>
          <ns3:TrackPointExtension>
            <ns3:hr>139</ns3:hr>
            <ns3:cad>90</ns3:cad>
          </ns3:TrackPointExtension>
        </extensions>
      </trkpt>
      <trkpt lat="29.286002218723297119140625" lon="117.24362351931631565093994140625">
        <ele>35.799999237060546875</ele>
        <time>2026-08-19T21:56:59.000Z</time>
        <extensions>
          <ns3:TrackPointExtension>
            <ns3:hr>140</ns3:hr>
            <ns3:cad>90</ns3:cad>
          </ns3:TrackPointExtension>
        </extensions>
      </trkpt>
      <trkpt lat="29.285992495715618133544921875" lon="117.2435934282839298248291015625">
        <ele>35.799999237060546875</ele>
        <time>2026-08-19T21:57:00.000Z</time>
        <extensions>
          <ns3:TrackPointExtension>
            <ns3:hr>140</ns3:hr>
            <ns3:cad>90</ns3:cad>
          </ns3:TrackPointExtension>
        </extensions>
      </trkpt>
      <trkpt lat="29.2859859578311443328857421875" lon="117.24356048740446567535400390625">
        <ele>35.799999237060546875</ele>
        <time>2026-08-19T21:57:01.000Z</time>
        <extensions>
          <ns3:TrackPointExtension>
            <ns3:hr>139</ns3:hr>
            <ns3:cad>90</ns3:cad>
          </ns3:TrackPointExtension>
        </extensions>
      </trkpt>
      <trkpt lat="29.28597548045217990875244140625" lon="117.2435340844094753265380859375">
        <ele>35.799999237060546875</ele>
        <time>2026-08-19T21:57:02.000Z</time>
        <extensions>
          <ns3:TrackPointExtension>
            <ns3:hr>139</ns3:hr>
            <ns3:cad>90</ns3:cad>
          </ns3:TrackPointExtension>
        </extensions>
      </trkpt>
      <trkpt lat="29.2859688587486743927001953125" lon="117.24350332282483577728271484375">
        <ele>35.59999847412109375</ele>
        <time>2026-08-19T21:57:03.000Z</time>
        <extensions>
          <ns3:TrackPointExtension>
            <ns3:hr>139</ns3:hr>
            <ns3:cad>91</ns3:cad>
          </ns3:TrackPointExtension>
        </extensions>
      </trkpt>
      <trkpt lat="29.285959303379058837890625" lon="117.24347264505922794342041015625">
        <ele>35.59999847412109375</ele>
        <time>2026-08-19T21:57:04.000Z</time>
        <extensions>
          <ns3:TrackPointExtension>
            <ns3:hr>139</ns3:hr>
            <ns3:cad>91</ns3:cad>
          </ns3:TrackPointExtension>
        </extensions>
      </trkpt>
      <trkpt lat="29.28595100529491901397705078125" lon="117.24344079382717609405517578125">
        <ele>35.59999847412109375</ele>
        <time>2026-08-19T21:57:05.000Z</time>
        <extensions>
          <ns3:TrackPointExtension>
            <ns3:hr>140</ns3:hr>
            <ns3:cad>91</ns3:cad>
          </ns3:TrackPointExtension>
        </extensions>
      </trkpt>
      <trkpt lat="29.28593994118273258209228515625" lon="117.24341179244220256805419921875">
        <ele>35.59999847412109375</ele>
        <time>2026-08-19T21:57:06.000Z</time>
        <extensions>
          <ns3:TrackPointExtension>
            <ns3:hr>140</ns3:hr>
            <ns3:cad>91</ns3:cad>
          </ns3:TrackPointExtension>
        </extensions>
      </trkpt>
      <trkpt lat="29.28593206219375133514404296875" lon="117.24338329397141933441162109375">
        <ele>35.59999847412109375</ele>
        <time>2026-08-19T21:57:07.000Z</time>
        <extensions>
          <ns3:TrackPointExtension>
            <ns3:hr>139</ns3:hr>
            <ns3:cad>91</ns3:cad>
          </ns3:TrackPointExtension>
        </extensions>
      </trkpt>
      <trkpt lat="29.285921752452850341796875" lon="117.24335077218711376190185546875">
        <ele>35.59999847412109375</ele>
        <time>2026-08-19T21:57:08.000Z</time>
        <extensions>
          <ns3:TrackPointExtension>
            <ns3:hr>139</ns3:hr>
            <ns3:cad>90</ns3:cad>
          </ns3:TrackPointExtension>
        </extensions>
      </trkpt>
      <trkpt lat="29.2859177291393280029296875" lon="117.2433231957256793975830078125">
        <ele>35.59999847412109375</ele>
        <time>2026-08-19T21:57:09.000Z</time>
        <extensions>
          <ns3:TrackPointExtension>
            <ns3:hr>139</ns3:hr>
            <ns3:cad>90</ns3:cad>
          </ns3:TrackPointExtension>
        </extensions>
      </trkpt>
      <trkpt lat="29.28590792231261730194091796875" lon="117.243296205997467041015625">
        <ele>35.59999847412109375</ele>
        <time>2026-08-19T21:57:10.000Z</time>
        <extensions>
          <ns3:TrackPointExtension>
            <ns3:hr>140</ns3:hr>
            <ns3:cad>90</ns3:cad>
          </ns3:TrackPointExtension>
        </extensions>
      </trkpt>
      <trkpt lat="29.2859001271426677703857421875" lon="117.24326577968895435333251953125">
        <ele>35.59999847412109375</ele>
        <time>2026-08-19T21:57:11.000Z</time>
        <extensions>
          <ns3:TrackPointExtension>
            <ns3:hr>139</ns3:hr>
            <ns3:cad>91</ns3:cad>
          </ns3:TrackPointExtension>
        </extensions>
      </trkpt>
      <trkpt lat="29.28589015267789363861083984375" lon="117.24323661066591739654541015625">
        <ele>35.59999847412109375</ele>
        <time>2026-08-19T21:57:12.000Z</time>
        <extensions>
          <ns3:TrackPointExtension>
            <ns3:hr>139</ns3:hr>
            <ns3:cad>92</ns3:cad>
          </ns3:TrackPointExtension>
        </extensions>
      </trkpt>
      <trkpt lat="29.28588110022246837615966796875" lon="117.2432102076709270477294921875">
        <ele>35.59999847412109375</ele>
        <time>2026-08-19T21:57:13.000Z</time>
        <extensions>
          <ns3:TrackPointExtension>
            <ns3:hr>140</ns3:hr>
            <ns3:cad>92</ns3:cad>
          </ns3:TrackPointExtension>
        </extensions>
      </trkpt>
      <trkpt lat="29.28586819209158420562744140625" lon="117.24317525513470172882080078125">
        <ele>35.799999237060546875</ele>
        <time>2026-08-19T21:57:14.000Z</time>
        <extensions>
          <ns3:TrackPointExtension>
            <ns3:hr>140</ns3:hr>
            <ns3:cad>92</ns3:cad>
          </ns3:TrackPointExtension>
        </extensions>
      </trkpt>
      <trkpt lat="29.2858598940074443817138671875" lon="117.2431495226919651031494140625">
        <ele>35.799999237060546875</ele>
        <time>2026-08-19T21:57:15.000Z</time>
        <extensions>
          <ns3:TrackPointExtension>
            <ns3:hr>140</ns3:hr>
            <ns3:cad>92</ns3:cad>
          </ns3:TrackPointExtension>
        </extensions>
      </trkpt>
      <trkpt lat="29.2858521826565265655517578125" lon="117.24311658181250095367431640625">
        <ele>35.799999237060546875</ele>
        <time>2026-08-19T21:57:16.000Z</time>
        <extensions>
          <ns3:TrackPointExtension>
            <ns3:hr>140</ns3:hr>
            <ns3:cad>92</ns3:cad>
          </ns3:TrackPointExtension>
        </extensions>
      </trkpt>
      <trkpt lat="29.28584371693432331085205078125" lon="117.24309378303587436676025390625">
        <ele>35.799999237060546875</ele>
        <time>2026-08-19T21:57:17.000Z</time>
        <extensions>
          <ns3:TrackPointExtension>
            <ns3:hr>141</ns3:hr>
            <ns3:cad>92</ns3:cad>
          </ns3:TrackPointExtension>
        </extensions>
      </trkpt>
      <trkpt lat="29.2858347482979297637939453125" lon="117.24306344054639339447021484375">
        <ele>35.799999237060546875</ele>
        <time>2026-08-19T21:57:18.000Z</time>
        <extensions>
          <ns3:TrackPointExtension>
            <ns3:hr>141</ns3:hr>
            <ns3:cad>92</ns3:cad>
          </ns3:TrackPointExtension>
        </extensions>
      </trkpt>
      <trkpt lat="29.28582510910928249359130859375" lon="117.24303938448429107666015625">
        <ele>35.799999237060546875</ele>
        <time>2026-08-19T21:57:19.000Z</time>
        <extensions>
          <ns3:TrackPointExtension>
            <ns3:hr>141</ns3:hr>
            <ns3:cad>92</ns3:cad>
          </ns3:TrackPointExtension>
        </extensions>
      </trkpt>
      <trkpt lat="29.28581354208290576934814453125" lon="117.24300644360482692718505859375">
        <ele>35.799999237060546875</ele>
        <time>2026-08-19T21:57:20.000Z</time>
        <extensions>
          <ns3:TrackPointExtension>
            <ns3:hr>141</ns3:hr>
            <ns3:cad>92</ns3:cad>
          </ns3:TrackPointExtension>
        </extensions>
      </trkpt>
      <trkpt lat="29.28580147214233875274658203125" lon="117.24297643639147281646728515625">
        <ele>35.59999847412109375</ele>
        <time>2026-08-19T21:57:21.000Z</time>
        <extensions>
          <ns3:TrackPointExtension>
            <ns3:hr>141</ns3:hr>
            <ns3:cad>92</ns3:cad>
          </ns3:TrackPointExtension>
        </extensions>
      </trkpt>
      <trkpt lat="29.28578940220177173614501953125" lon="117.24294416606426239013671875">
        <ele>35.799999237060546875</ele>
        <time>2026-08-19T21:57:22.000Z</time>
        <extensions>
          <ns3:TrackPointExtension>
            <ns3:hr>141</ns3:hr>
            <ns3:cad>92</ns3:cad>
          </ns3:TrackPointExtension>
        </extensions>
      </trkpt>
      <trkpt lat="29.28577079437673091888427734375" lon="117.24291591905057430267333984375">
        <ele>35.799999237060546875</ele>
        <time>2026-08-19T21:57:23.000Z</time>
        <extensions>
          <ns3:TrackPointExtension>
            <ns3:hr>141</ns3:hr>
            <ns3:cad>92</ns3:cad>
          </ns3:TrackPointExtension>
        </extensions>
      </trkpt>
      <trkpt lat="29.2857619933784008026123046875" lon="117.24288121797144412994384765625">
        <ele>35.799999237060546875</ele>
        <time>2026-08-19T21:57:24.000Z</time>
        <extensions>
          <ns3:TrackPointExtension>
            <ns3:hr>142</ns3:hr>
            <ns3:cad>92</ns3:cad>
          </ns3:TrackPointExtension>
        </extensions>
      </trkpt>
      <trkpt lat="29.285745061933994293212890625" lon="117.2428541444242000579833984375">
        <ele>35.799999237060546875</ele>
        <time>2026-08-19T21:57:25.000Z</time>
        <extensions>
          <ns3:TrackPointExtension>
            <ns3:hr>142</ns3:hr>
            <ns3:cad>92</ns3:cad>
          </ns3:TrackPointExtension>
        </extensions>
      </trkpt>
      <trkpt lat="29.2857361771166324615478515625" lon="117.24281952716410160064697265625">
        <ele>35.799999237060546875</ele>
        <time>2026-08-19T21:57:26.000Z</time>
        <extensions>
          <ns3:TrackPointExtension>
            <ns3:hr>142</ns3:hr>
            <ns3:cad>92</ns3:cad>
          </ns3:TrackPointExtension>
        </extensions>
      </trkpt>
      <trkpt lat="29.28572603501379489898681640625" lon="117.24278968758881092071533203125">
        <ele>35.799999237060546875</ele>
        <time>2026-08-19T21:57:27.000Z</time>
        <extensions>
          <ns3:TrackPointExtension>
            <ns3:hr>142</ns3:hr>
            <ns3:cad>91</ns3:cad>
          </ns3:TrackPointExtension>
        </extensions>
      </trkpt>
      <trkpt lat="29.285717569291591644287109375" lon="117.2427582554519176483154296875">
        <ele>35.59999847412109375</ele>
        <time>2026-08-19T21:57:28.000Z</time>
        <extensions>
          <ns3:TrackPointExtension>
            <ns3:hr>142</ns3:hr>
            <ns3:cad>91</ns3:cad>
          </ns3:TrackPointExtension>
        </extensions>
      </trkpt>
      <trkpt lat="29.28570449352264404296875" lon="117.24273202009499073028564453125">
        <ele>35.59999847412109375</ele>
        <time>2026-08-19T21:57:29.000Z</time>
        <extensions>
          <ns3:TrackPointExtension>
            <ns3:hr>142</ns3:hr>
            <ns3:cad>91</ns3:cad>
          </ns3:TrackPointExtension>
        </extensions>
      </trkpt>
      <trkpt lat="29.28569376468658447265625" lon="117.24270352162420749664306640625">
        <ele>35.59999847412109375</ele>
        <time>2026-08-19T21:57:30.000Z</time>
        <extensions>
          <ns3:TrackPointExtension>
            <ns3:hr>142</ns3:hr>
            <ns3:cad>91</ns3:cad>
          </ns3:TrackPointExtension>
        </extensions>
      </trkpt>
      <trkpt lat="29.2856821976602077484130859375" lon="117.24267837591469287872314453125">
        <ele>35.799999237060546875</ele>
        <time>2026-08-19T21:57:31.000Z</time>
        <extensions>
          <ns3:TrackPointExtension>
            <ns3:hr>141</ns3:hr>
            <ns3:cad>91</ns3:cad>
          </ns3:TrackPointExtension>
        </extensions>
      </trkpt>
      <trkpt lat="29.2856775037944316864013671875" lon="117.24264644086360931396484375">
        <ele>35.59999847412109375</ele>
        <time>2026-08-19T21:57:32.000Z</time>
        <extensions>
          <ns3:TrackPointExtension>
            <ns3:hr>141</ns3:hr>
            <ns3:cad>91</ns3:cad>
          </ns3:TrackPointExtension>
        </extensions>
      </trkpt>
      <trkpt lat="29.28566434420645236968994140625" lon="117.2426214627921581268310546875">
        <ele>35.59999847412109375</ele>
        <time>2026-08-19T21:57:33.000Z</time>
        <extensions>
          <ns3:TrackPointExtension>
            <ns3:hr>141</ns3:hr>
            <ns3:cad>90</ns3:cad>
          </ns3:TrackPointExtension>
        </extensions>
      </trkpt>
      <trkpt lat="29.28565428592264652252197265625" lon="117.24259036593139171600341796875">
        <ele>35.799999237060546875</ele>
        <time>2026-08-19T21:57:34.000Z</time>
        <extensions>
          <ns3:TrackPointExtension>
            <ns3:hr>141</ns3:hr>
            <ns3:cad>90</ns3:cad>
          </ns3:TrackPointExtension>
        </extensions>
      </trkpt>
      <trkpt lat="29.28564070723950862884521484375" lon="117.24256421439349651336669921875">
        <ele>35.799999237060546875</ele>
        <time>2026-08-19T21:57:35.000Z</time>
        <extensions>
          <ns3:TrackPointExtension>
            <ns3:hr>141</ns3:hr>
            <ns3:cad>90</ns3:cad>
          </ns3:TrackPointExtension>
        </extensions>
      </trkpt>
      <trkpt lat="29.28563064895570278167724609375" lon="117.24253068678081035614013671875">
        <ele>35.799999237060546875</ele>
        <time>2026-08-19T21:57:36.000Z</time>
        <extensions>
          <ns3:TrackPointExtension>
            <ns3:hr>141</ns3:hr>
            <ns3:cad>90</ns3:cad>
          </ns3:TrackPointExtension>
        </extensions>
      </trkpt>
      <trkpt lat="29.2856168188154697418212890625" lon="117.242502607405185699462890625">
        <ele>35.799999237060546875</ele>
        <time>2026-08-19T21:57:37.000Z</time>
        <extensions>
          <ns3:TrackPointExtension>
            <ns3:hr>140</ns3:hr>
            <ns3:cad>90</ns3:cad>
          </ns3:TrackPointExtension>
        </extensions>
      </trkpt>
      <trkpt lat="29.2856097780168056488037109375" lon="117.24246799014508724212646484375">
        <ele>35.799999237060546875</ele>
        <time>2026-08-19T21:57:38.000Z</time>
        <extensions>
          <ns3:TrackPointExtension>
            <ns3:hr>140</ns3:hr>
            <ns3:cad>90</ns3:cad>
          </ns3:TrackPointExtension>
        </extensions>
      </trkpt>
      <trkpt lat="29.2855973728001117706298828125" lon="117.2424394078552722930908203125">
        <ele>35.799999237060546875</ele>
        <time>2026-08-19T21:57:39.000Z</time>
        <extensions>
          <ns3:TrackPointExtension>
            <ns3:hr>140</ns3:hr>
            <ns3:cad>90</ns3:cad>
          </ns3:TrackPointExtension>
        </extensions>
      </trkpt>
      <trkpt lat="29.2855893261730670928955078125" lon="117.2424065507948398590087890625">
        <ele>35.799999237060546875</ele>
        <time>2026-08-19T21:57:40.000Z</time>
        <extensions>
          <ns3:TrackPointExtension>
            <ns3:hr>139</ns3:hr>
            <ns3:cad>90</ns3:cad>
          </ns3:TrackPointExtension>
        </extensions>
      </trkpt>
      <trkpt lat="29.28557599894702434539794921875" lon="117.24237821996212005615234375">
        <ele>35.799999237060546875</ele>
        <time>2026-08-19T21:57:41.000Z</time>
        <extensions>
          <ns3:TrackPointExtension>
            <ns3:hr>140</ns3:hr>
            <ns3:cad>90</ns3:cad>
          </ns3:TrackPointExtension>
        </extensions>
      </trkpt>
      <trkpt lat="29.2855708859860897064208984375" lon="117.2423468716442584991455078125">
        <ele>35.799999237060546875</ele>
        <time>2026-08-19T21:57:42.000Z</time>
        <extensions>
          <ns3:TrackPointExtension>
            <ns3:hr>140</ns3:hr>
            <ns3:cad>90</ns3:cad>
          </ns3:TrackPointExtension>
        </extensions>
      </trkpt>
      <trkpt lat="29.2855591513216495513916015625" lon="117.24231644533574581146240234375">
        <ele>35.799999237060546875</ele>
        <time>2026-08-19T21:57:43.000Z</time>
        <extensions>
          <ns3:TrackPointExtension>
            <ns3:hr>140</ns3:hr>
            <ns3:cad>90</ns3:cad>
          </ns3:TrackPointExtension>
        </extensions>
      </trkpt>
      <trkpt lat="29.2855504341423511505126953125" lon="117.2422841750085353851318359375">
        <ele>35.799999237060546875</ele>
        <time>2026-08-19T21:57:44.000Z</time>
        <extensions>
          <ns3:TrackPointExtension>
            <ns3:hr>140</ns3:hr>
            <ns3:cad>90</ns3:cad>
          </ns3:TrackPointExtension>
        </extensions>
      </trkpt>
      <trkpt lat="29.28554196842014789581298828125" lon="117.24225760437548160552978515625">
        <ele>35.799999237060546875</ele>
        <time>2026-08-19T21:57:45.000Z</time>
        <extensions>
          <ns3:TrackPointExtension>
            <ns3:hr>140</ns3:hr>
            <ns3:cad>90</ns3:cad>
          </ns3:TrackPointExtension>
        </extensions>
      </trkpt>
      <trkpt lat="29.28553341887891292572021484375" lon="117.24223346449434757232666015625">
        <ele>35.799999237060546875</ele>
        <time>2026-08-19T21:57:46.000Z</time>
        <extensions>
          <ns3:TrackPointExtension>
            <ns3:hr>139</ns3:hr>
            <ns3:cad>90</ns3:cad>
          </ns3:TrackPointExtension>
        </extensions>
      </trkpt>
      <trkpt lat="29.2855249531567096710205078125" lon="117.24220379255712032318115234375">
        <ele>35.799999237060546875</ele>
        <time>2026-08-19T21:57:47.000Z</time>
        <extensions>
          <ns3:TrackPointExtension>
            <ns3:hr>139</ns3:hr>
            <ns3:cad>90</ns3:cad>
          </ns3:TrackPointExtension>
        </extensions>
      </trkpt>
      <trkpt lat="29.2855179123580455780029296875" lon="117.242175377905368804931640625">
        <ele>35.799999237060546875</ele>
        <time>2026-08-19T21:57:48.000Z</time>
        <extensions>
          <ns3:TrackPointExtension>
            <ns3:hr>139</ns3:hr>
            <ns3:cad>90</ns3:cad>
          </ns3:TrackPointExtension>
        </extensions>
      </trkpt>
      <trkpt lat="29.28550307638943195343017578125" lon="117.24214545451104640960693359375">
        <ele>35.799999237060546875</ele>
        <time>2026-08-19T21:57:49.000Z</time>
        <extensions>
          <ns3:TrackPointExtension>
            <ns3:hr>139</ns3:hr>
            <ns3:cad>90</ns3:cad>
          </ns3:TrackPointExtension>
        </extensions>
      </trkpt>
      <trkpt lat="29.28549150936305522918701171875" lon="117.24211880005896091461181640625">
        <ele>35.59999847412109375</ele>
        <time>2026-08-19T21:57:50.000Z</time>
        <extensions>
          <ns3:TrackPointExtension>
            <ns3:hr>140</ns3:hr>
            <ns3:cad>91</ns3:cad>
          </ns3:TrackPointExtension>
        </extensions>
      </trkpt>
      <trkpt lat="29.28547591902315616607666015625" lon="117.24208979867398738861083984375">
        <ele>35.59999847412109375</ele>
        <time>2026-08-19T21:57:51.000Z</time>
        <extensions>
          <ns3:TrackPointExtension>
            <ns3:hr>139</ns3:hr>
            <ns3:cad>91</ns3:cad>
          </ns3:TrackPointExtension>
        </extensions>
      </trkpt>
      <trkpt lat="29.28546644747257232666015625" lon="117.24205962382256984710693359375">
        <ele>35.799999237060546875</ele>
        <time>2026-08-19T21:57:52.000Z</time>
        <extensions>
          <ns3:TrackPointExtension>
            <ns3:hr>139</ns3:hr>
            <ns3:cad>92</ns3:cad>
          </ns3:TrackPointExtension>
        </extensions>
      </trkpt>
      <trkpt lat="29.285449683666229248046875" lon="117.2420330531895160675048828125">
        <ele>35.799999237060546875</ele>
        <time>2026-08-19T21:57:53.000Z</time>
        <extensions>
          <ns3:TrackPointExtension>
            <ns3:hr>140</ns3:hr>
            <ns3:cad>92</ns3:cad>
          </ns3:TrackPointExtension>
        </extensions>
      </trkpt>
      <trkpt lat="29.28543333895504474639892578125" lon="117.24201553501188755035400390625">
        <ele>35.799999237060546875</ele>
        <time>2026-08-19T21:57:54.000Z</time>
        <extensions>
          <ns3:TrackPointExtension>
            <ns3:hr>140</ns3:hr>
            <ns3:cad>91</ns3:cad>
          </ns3:TrackPointExtension>
        </extensions>
      </trkpt>
      <trkpt lat="29.28541389293968677520751953125" lon="117.2419886291027069091796875">
        <ele>35.799999237060546875</ele>
        <time>2026-08-19T21:57:55.000Z</time>
        <extensions>
          <ns3:TrackPointExtension>
            <ns3:hr>140</ns3:hr>
            <ns3:cad>91</ns3:cad>
          </ns3:TrackPointExtension>
        </extensions>
      </trkpt>
      <trkpt lat="29.28539545275270938873291015625" lon="117.24197211675345897674560546875">
        <ele>35.799999237060546875</ele>
        <time>2026-08-19T21:57:56.000Z</time>
        <extensions>
          <ns3:TrackPointExtension>
            <ns3:hr>141</ns3:hr>
            <ns3:cad>91</ns3:cad>
          </ns3:TrackPointExtension>
        </extensions>
      </trkpt>
      <trkpt lat="29.28537131287157535552978515625" lon="117.24195166490972042083740234375">
        <ele>35.799999237060546875</ele>
        <time>2026-08-19T21:57:57.000Z</time>
        <extensions>
          <ns3:TrackPointExtension>
            <ns3:hr>142</ns3:hr>
            <ns3:cad>91</ns3:cad>
          </ns3:TrackPointExtension>
        </extensions>
      </trkpt>
      <trkpt lat="29.28534977138042449951171875" lon="117.2419391758739948272705078125">
        <ele>35.59999847412109375</ele>
        <time>2026-08-19T21:57:58.000Z</time>
        <extensions>
          <ns3:TrackPointExtension>
            <ns3:hr>143</ns3:hr>
            <ns3:cad>91</ns3:cad>
          </ns3:TrackPointExtension>
        </extensions>
      </trkpt>
      <trkpt lat="29.28532554768025875091552734375" lon="117.2419113479554653167724609375">
        <ele>35.59999847412109375</ele>
        <time>2026-08-19T21:57:59.000Z</time>
        <extensions>
          <ns3:TrackPointExtension>
            <ns3:hr>143</ns3:hr>
            <ns3:cad>91</ns3:cad>
          </ns3:TrackPointExtension>
        </extensions>
      </trkpt>
      <trkpt lat="29.285304844379425048828125" lon="117.2418996132910251617431640625">
        <ele>35.799999237060546875</ele>
        <time>2026-08-19T21:58:00.000Z</time>
        <extensions>
          <ns3:TrackPointExtension>
            <ns3:hr>144</ns3:hr>
            <ns3:cad>91</ns3:cad>
          </ns3:TrackPointExtension>
        </extensions>
      </trkpt>
      <trkpt lat="29.2852785252034664154052734375" lon="117.24187438376247882843017578125">
        <ele>35.799999237060546875</ele>
        <time>2026-08-19T21:58:01.000Z</time>
        <extensions>
          <ns3:TrackPointExtension>
            <ns3:hr>145</ns3:hr>
            <ns3:cad>90</ns3:cad>
          </ns3:TrackPointExtension>
        </extensions>
      </trkpt>
      <trkpt lat="29.2852560617029666900634765625" lon="117.24186197854578495025634765625">
        <ele>36</ele>
        <time>2026-08-19T21:58:02.000Z</time>
        <extensions>
          <ns3:TrackPointExtension>
            <ns3:hr>146</ns3:hr>
            <ns3:cad>90</ns3:cad>
          </ns3:TrackPointExtension>
        </extensions>
      </trkpt>
      <trkpt lat="29.2852282337844371795654296875" lon="117.24183649756014347076416015625">
        <ele>36</ele>
        <time>2026-08-19T21:58:03.000Z</time>
        <extensions>
          <ns3:TrackPointExtension>
            <ns3:hr>146</ns3:hr>
            <ns3:cad>90</ns3:cad>
          </ns3:TrackPointExtension>
        </extensions>
      </trkpt>
      <trkpt lat="29.28520685993134975433349609375" lon="117.24182643927633762359619140625">
        <ele>36.200000762939453125</ele>
        <time>2026-08-19T21:58:04.000Z</time>
        <extensions>
          <ns3:TrackPointExtension>
            <ns3:hr>147</ns3:hr>
            <ns3:cad>90</ns3:cad>
          </ns3:TrackPointExtension>
        </extensions>
      </trkpt>
      <trkpt lat="29.2851823009550571441650390625" lon="117.24180850200355052947998046875">
        <ele>36.200000762939453125</ele>
        <time>2026-08-19T21:58:05.000Z</time>
        <extensions>
          <ns3:TrackPointExtension>
            <ns3:hr>147</ns3:hr>
            <ns3:cad>90</ns3:cad>
          </ns3:TrackPointExtension>
        </extensions>
      </trkpt>
      <trkpt lat="29.28516143001616001129150390625" lon="117.24180045537650585174560546875">
        <ele>36.200000762939453125</ele>
        <time>2026-08-19T21:58:06.000Z</time>
        <extensions>
          <ns3:TrackPointExtension>
            <ns3:hr>147</ns3:hr>
            <ns3:cad>90</ns3:cad>
          </ns3:TrackPointExtension>
        </extensions>
      </trkpt>
      <trkpt lat="29.285133183002471923828125" lon="117.24178402684628963470458984375">
        <ele>36.200000762939453125</ele>
        <time>2026-08-19T21:58:07.000Z</time>
        <extensions>
          <ns3:TrackPointExtension>
            <ns3:hr>147</ns3:hr>
            <ns3:cad>90</ns3:cad>
          </ns3:TrackPointExtension>
        </extensions>
      </trkpt>
      <trkpt lat="29.28511180914938449859619140625" lon="117.2417765669524669647216796875">
        <ele>36.200000762939453125</ele>
        <time>2026-08-19T21:58:08.000Z</time>
        <extensions>
          <ns3:TrackPointExtension>
            <ns3:hr>147</ns3:hr>
            <ns3:cad>90</ns3:cad>
          </ns3:TrackPointExtension>
        </extensions>
      </trkpt>
      <trkpt lat="29.2850837297737598419189453125" lon="117.24176340736448764801025390625">
        <ele>36.40000152587890625</ele>
        <time>2026-08-19T21:58:09.000Z</time>
        <extensions>
          <ns3:TrackPointExtension>
            <ns3:hr>147</ns3:hr>
            <ns3:cad>90</ns3:cad>
          </ns3:TrackPointExtension>
        </extensions>
      </trkpt>
      <trkpt lat="29.28506017662584781646728515625" lon="117.2417633235454559326171875">
        <ele>36.40000152587890625</ele>
        <time>2026-08-19T21:58:10.000Z</time>
        <extensions>
          <ns3:TrackPointExtension>
            <ns3:hr>147</ns3:hr>
            <ns3:cad>90</ns3:cad>
          </ns3:TrackPointExtension>
        </extensions>
      </trkpt>
      <trkpt lat="29.28502782247960567474365234375" lon="117.24175418727099895477294921875">
        <ele>36.40000152587890625</ele>
        <time>2026-08-19T21:58:11.000Z</time>
        <extensions>
          <ns3:TrackPointExtension>
            <ns3:hr>148</ns3:hr>
            <ns3:cad>90</ns3:cad>
          </ns3:TrackPointExtension>
        </extensions>
      </trkpt>
      <trkpt lat="29.28500183857977390289306640625" lon="117.241753600537776947021484375">
        <ele>36.59999847412109375</ele>
        <time>2026-08-19T21:58:12.000Z</time>
        <extensions>
          <ns3:TrackPointExtension>
            <ns3:hr>147</ns3:hr>
            <ns3:cad>90</ns3:cad>
          </ns3:TrackPointExtension>
        </extensions>
      </trkpt>
      <trkpt lat="29.28497233428061008453369140625" lon="117.241740524768829345703125">
        <ele>36.59999847412109375</ele>
        <time>2026-08-19T21:58:13.000Z</time>
        <extensions>
          <ns3:TrackPointExtension>
            <ns3:hr>147</ns3:hr>
            <ns3:cad>90</ns3:cad>
          </ns3:TrackPointExtension>
        </extensions>
      </trkpt>
      <trkpt lat="29.28495037369430065155029296875" lon="117.24173759110271930694580078125">
        <ele>36.59999847412109375</ele>
        <time>2026-08-19T21:58:14.000Z</time>
        <extensions>
          <ns3:TrackPointExtension>
            <ns3:hr>147</ns3:hr>
            <ns3:cad>90</ns3:cad>
          </ns3:TrackPointExtension>
        </extensions>
      </trkpt>
      <trkpt lat="29.2849201150238513946533203125" lon="117.24172937683761119842529296875">
        <ele>36.59999847412109375</ele>
        <time>2026-08-19T21:58:15.000Z</time>
        <extensions>
          <ns3:TrackPointExtension>
            <ns3:hr>147</ns3:hr>
            <ns3:cad>90</ns3:cad>
          </ns3:TrackPointExtension>
        </extensions>
      </trkpt>
      <trkpt lat="29.28489807061851024627685546875" lon="117.24172669462859630584716796875">
        <ele>36.799999237060546875</ele>
        <time>2026-08-19T21:58:16.000Z</time>
        <extensions>
          <ns3:TrackPointExtension>
            <ns3:hr>147</ns3:hr>
            <ns3:cad>90</ns3:cad>
          </ns3:TrackPointExtension>
        </extensions>
      </trkpt>
      <trkpt lat="29.28487124852836132049560546875" lon="117.2417155466973781585693359375">
        <ele>36.799999237060546875</ele>
        <time>2026-08-19T21:58:17.000Z</time>
        <extensions>
          <ns3:TrackPointExtension>
            <ns3:hr>147</ns3:hr>
            <ns3:cad>90</ns3:cad>
          </ns3:TrackPointExtension>
        </extensions>
      </trkpt>
      <trkpt lat="29.28485029377043247222900390625" lon="117.24171294830739498138427734375">
        <ele>37</ele>
        <time>2026-08-19T21:58:18.000Z</time>
        <extensions>
          <ns3:TrackPointExtension>
            <ns3:hr>147</ns3:hr>
            <ns3:cad>90</ns3:cad>
          </ns3:TrackPointExtension>
        </extensions>
      </trkpt>
      <trkpt lat="29.28482011891901493072509765625" lon="117.24170498549938201904296875">
        <ele>37</ele>
        <time>2026-08-19T21:58:19.000Z</time>
        <extensions>
          <ns3:TrackPointExtension>
            <ns3:hr>147</ns3:hr>
            <ns3:cad>90</ns3:cad>
          </ns3:TrackPointExtension>
        </extensions>
      </trkpt>
      <trkpt lat="29.2847953923046588897705078125" lon="117.2417021356523036956787109375">
        <ele>37</ele>
        <time>2026-08-19T21:58:20.000Z</time>
        <extensions>
          <ns3:TrackPointExtension>
            <ns3:hr>147</ns3:hr>
            <ns3:cad>90</ns3:cad>
          </ns3:TrackPointExtension>
        </extensions>
      </trkpt>
      <trkpt lat="29.28477083332836627960205078125" lon="117.2416934184730052947998046875">
        <ele>37.200000762939453125</ele>
        <time>2026-08-19T21:58:21.000Z</time>
        <extensions>
          <ns3:TrackPointExtension>
            <ns3:hr>147</ns3:hr>
            <ns3:cad>90</ns3:cad>
          </ns3:TrackPointExtension>
        </extensions>
      </trkpt>
      <trkpt lat="29.284747950732707977294921875" lon="117.24169400520622730255126953125">
        <ele>37.200000762939453125</ele>
        <time>2026-08-19T21:58:22.000Z</time>
        <extensions>
          <ns3:TrackPointExtension>
            <ns3:hr>147</ns3:hr>
            <ns3:cad>90</ns3:cad>
          </ns3:TrackPointExtension>
        </extensions>
      </trkpt>
      <trkpt lat="29.28471869789063930511474609375" lon="117.24168595857918262481689453125">
        <ele>37.40000152587890625</ele>
        <time>2026-08-19T21:58:23.000Z</time>
        <extensions>
          <ns3:TrackPointExtension>
            <ns3:hr>146</ns3:hr>
            <ns3:cad>90</ns3:cad>
          </ns3:TrackPointExtension>
        </extensions>
      </trkpt>
      <trkpt lat="29.2846958152949810028076171875" lon="117.24167791195213794708251953125">
        <ele>37.40000152587890625</ele>
        <time>2026-08-19T21:58:24.000Z</time>
        <extensions>
          <ns3:TrackPointExtension>
            <ns3:hr>147</ns3:hr>
            <ns3:cad>90</ns3:cad>
          </ns3:TrackPointExtension>
        </extensions>
      </trkpt>
      <trkpt lat="29.28466907702386379241943359375" lon="117.2416679374873638153076171875">
        <ele>37.40000152587890625</ele>
        <time>2026-08-19T21:58:25.000Z</time>
        <extensions>
          <ns3:TrackPointExtension>
            <ns3:hr>147</ns3:hr>
            <ns3:cad>90</ns3:cad>
          </ns3:TrackPointExtension>
        </extensions>
      </trkpt>
      <trkpt lat="29.28464426659047603607177734375" lon="117.241669781506061553955078125">
        <ele>37.59999847412109375</ele>
        <time>2026-08-19T21:58:26.000Z</time>
        <extensions>
          <ns3:TrackPointExtension>
            <ns3:hr>147</ns3:hr>
            <ns3:cad>90</ns3:cad>
          </ns3:TrackPointExtension>
        </extensions>
      </trkpt>
      <trkpt lat="29.28461526520550251007080078125" lon="117.24165813066065311431884765625">
        <ele>37.59999847412109375</ele>
        <time>2026-08-19T21:58:27.000Z</time>
        <extensions>
          <ns3:TrackPointExtension>
            <ns3:hr>147</ns3:hr>
            <ns3:cad>90</ns3:cad>
          </ns3:TrackPointExtension>
        </extensions>
      </trkpt>
      <trkpt lat="29.284589029848575592041015625" lon="117.2416598908603191375732421875">
        <ele>37.799999237060546875</ele>
        <time>2026-08-19T21:58:28.000Z</time>
        <extensions>
          <ns3:TrackPointExtension>
            <ns3:hr>146</ns3:hr>
            <ns3:cad>90</ns3:cad>
          </ns3:TrackPointExtension>
        </extensions>
      </trkpt>
      <trkpt lat="29.28456195630133152008056640625" lon="117.24164958111941814422607421875">
        <ele>37.799999237060546875</ele>
        <time>2026-08-19T21:58:29.000Z</time>
        <extensions>
          <ns3:TrackPointExtension>
            <ns3:hr>146</ns3:hr>
            <ns3:cad>90</ns3:cad>
          </ns3:TrackPointExtension>
        </extensions>
      </trkpt>
      <trkpt lat="29.28453664295375347137451171875" lon="117.24164170213043689727783203125">
        <ele>38</ele>
        <time>2026-08-19T21:58:30.000Z</time>
        <extensions>
          <ns3:TrackPointExtension>
            <ns3:hr>146</ns3:hr>
            <ns3:cad>90</ns3:cad>
          </ns3:TrackPointExtension>
        </extensions>
      </trkpt>
      <trkpt lat="29.284506551921367645263671875" lon="117.2416292130947113037109375">
        <ele>38.200000762939453125</ele>
        <time>2026-08-19T21:58:31.000Z</time>
        <extensions>
          <ns3:TrackPointExtension>
            <ns3:hr>146</ns3:hr>
            <ns3:cad>90</ns3:cad>
          </ns3:TrackPointExtension>
        </extensions>
      </trkpt>
      <trkpt lat="29.2844802327454090118408203125" lon="117.24162829108536243438720703125">
        <ele>38.200000762939453125</ele>
        <time>2026-08-19T21:58:32.000Z</time>
        <extensions>
          <ns3:TrackPointExtension>
            <ns3:hr>146</ns3:hr>
            <ns3:cad>90</ns3:cad>
          </ns3:TrackPointExtension>
        </extensions>
      </trkpt>
      <trkpt lat="29.284453578293323516845703125" lon="117.24162024445831775665283203125">
        <ele>38.200000762939453125</ele>
        <time>2026-08-19T21:58:33.000Z</time>
        <extensions>
          <ns3:TrackPointExtension>
            <ns3:hr>146</ns3:hr>
            <ns3:cad>90</ns3:cad>
          </ns3:TrackPointExtension>
        </extensions>
      </trkpt>
      <trkpt lat="29.28442885167896747589111328125" lon="117.24161672405898571014404296875">
        <ele>38.40000152587890625</ele>
        <time>2026-08-19T21:58:34.000Z</time>
        <extensions>
          <ns3:TrackPointExtension>
            <ns3:hr>145</ns3:hr>
            <ns3:cad>90</ns3:cad>
          </ns3:TrackPointExtension>
        </extensions>
      </trkpt>
      <trkpt lat="29.2844021134078502655029296875" lon="117.2416065819561481475830078125">
        <ele>38.59999847412109375</ele>
        <time>2026-08-19T21:58:35.000Z</time>
        <extensions>
          <ns3:TrackPointExtension>
            <ns3:hr>146</ns3:hr>
            <ns3:cad>90</ns3:cad>
          </ns3:TrackPointExtension>
        </extensions>
      </trkpt>
      <trkpt lat="29.2843793146312236785888671875" lon="117.2416072525084018707275390625">
        <ele>38.59999847412109375</ele>
        <time>2026-08-19T21:58:36.000Z</time>
        <extensions>
          <ns3:TrackPointExtension>
            <ns3:hr>146</ns3:hr>
            <ns3:cad>90</ns3:cad>
          </ns3:TrackPointExtension>
        </extensions>
      </trkpt>
      <trkpt lat="29.28435408510267734527587890625" lon="117.2415931709110736846923828125">
        <ele>38.799999237060546875</ele>
        <time>2026-08-19T21:58:37.000Z</time>
        <extensions>
          <ns3:TrackPointExtension>
            <ns3:hr>146</ns3:hr>
            <ns3:cad>90</ns3:cad>
          </ns3:TrackPointExtension>
        </extensions>
      </trkpt>
      <trkpt lat="29.284330867230892181396484375" lon="117.241590656340122222900390625">
        <ele>38.799999237060546875</ele>
        <time>2026-08-19T21:58:38.000Z</time>
        <extensions>
          <ns3:TrackPointExtension>
            <ns3:hr>146</ns3:hr>
            <ns3:cad>90</ns3:cad>
          </ns3:TrackPointExtension>
        </extensions>
      </trkpt>
      <trkpt lat="29.28430697880685329437255859375" lon="117.2415757365524768829345703125">
        <ele>39</ele>
        <time>2026-08-19T21:58:39.000Z</time>
        <extensions>
          <ns3:TrackPointExtension>
            <ns3:hr>146</ns3:hr>
            <ns3:cad>90</ns3:cad>
          </ns3:TrackPointExtension>
        </extensions>
      </trkpt>
      <trkpt lat="29.2842790670692920684814453125" lon="117.2415733896195888519287109375">
        <ele>39</ele>
        <time>2026-08-19T21:58:40.000Z</time>
        <extensions>
          <ns3:TrackPointExtension>
            <ns3:hr>146</ns3:hr>
            <ns3:cad>90</ns3:cad>
          </ns3:TrackPointExtension>
        </extensions>
      </trkpt>
      <trkpt lat="29.28425232879817485809326171875" lon="117.24156207405030727386474609375">
        <ele>39</ele>
        <time>2026-08-19T21:58:41.000Z</time>
        <extensions>
          <ns3:TrackPointExtension>
            <ns3:hr>146</ns3:hr>
            <ns3:cad>90</ns3:cad>
          </ns3:TrackPointExtension>
        </extensions>
      </trkpt>
      <trkpt lat="29.2842264287173748016357421875" lon="117.24156157113611698150634765625">
        <ele>39.200000762939453125</ele>
        <time>2026-08-19T21:58:42.000Z</time>
        <extensions>
          <ns3:TrackPointExtension>
            <ns3:hr>146</ns3:hr>
            <ns3:cad>90</ns3:cad>
          </ns3:TrackPointExtension>
        </extensions>
      </trkpt>
      <trkpt lat="29.28419952280819416046142578125" lon="117.24154883064329624176025390625">
        <ele>39.200000762939453125</ele>
        <time>2026-08-19T21:58:43.000Z</time>
        <extensions>
          <ns3:TrackPointExtension>
            <ns3:hr>146</ns3:hr>
            <ns3:cad>90</ns3:cad>
          </ns3:TrackPointExtension>
        </extensions>
      </trkpt>
      <trkpt lat="29.28417253307998180389404296875" lon="117.24154380150139331817626953125">
        <ele>39.40000152587890625</ele>
        <time>2026-08-19T21:58:44.000Z</time>
        <extensions>
          <ns3:TrackPointExtension>
            <ns3:hr>146</ns3:hr>
            <ns3:cad>90</ns3:cad>
          </ns3:TrackPointExtension>
        </extensions>
      </trkpt>
      <trkpt lat="29.2841473035514354705810546875" lon="117.24153458140790462493896484375">
        <ele>39.40000152587890625</ele>
        <time>2026-08-19T21:58:45.000Z</time>
        <extensions>
          <ns3:TrackPointExtension>
            <ns3:hr>146</ns3:hr>
            <ns3:cad>90</ns3:cad>
          </ns3:TrackPointExtension>
        </extensions>
      </trkpt>
      <trkpt lat="29.28411972709000110626220703125" lon="117.2415361739695072174072265625">
        <ele>39.40000152587890625</ele>
        <time>2026-08-19T21:58:46.000Z</time>
        <extensions>
          <ns3:TrackPointExtension>
            <ns3:hr>146</ns3:hr>
            <ns3:cad>90</ns3:cad>
          </ns3:TrackPointExtension>
        </extensions>
      </trkpt>
      <trkpt lat="29.284094162285327911376953125" lon="117.24153374321758747100830078125">
        <ele>39.40000152587890625</ele>
        <time>2026-08-19T21:58:47.000Z</time>
        <extensions>
          <ns3:TrackPointExtension>
            <ns3:hr>146</ns3:hr>
            <ns3:cad>91</ns3:cad>
          </ns3:TrackPointExtension>
        </extensions>
      </trkpt>
      <trkpt lat="29.2840668372809886932373046875" lon="117.2415291331708431243896484375">
        <ele>39.40000152587890625</ele>
        <time>2026-08-19T21:58:48.000Z</time>
        <extensions>
          <ns3:TrackPointExtension>
            <ns3:hr>145</ns3:hr>
            <ns3:cad>92</ns3:cad>
          </ns3:TrackPointExtension>
        </extensions>
      </trkpt>
      <trkpt lat="29.284043870866298675537109375" lon="117.24152267910540103912353515625">
        <ele>39.40000152587890625</ele>
        <time>2026-08-19T21:58:49.000Z</time>
        <extensions>
          <ns3:TrackPointExtension>
            <ns3:hr>146</ns3:hr>
            <ns3:cad>92</ns3:cad>
          </ns3:TrackPointExtension>
        </extensions>
      </trkpt>
      <trkpt lat="29.284017384052276611328125" lon="117.24151857197284698486328125">
        <ele>39.40000152587890625</ele>
        <time>2026-08-19T21:58:50.000Z</time>
        <extensions>
          <ns3:TrackPointExtension>
            <ns3:hr>146</ns3:hr>
            <ns3:cad>92</ns3:cad>
          </ns3:TrackPointExtension>
        </extensions>
      </trkpt>
      <trkpt lat="29.28399232216179370880126953125" lon="117.24151211790740489959716796875">
        <ele>39.40000152587890625</ele>
        <time>2026-08-19T21:58:51.000Z</time>
        <extensions>
          <ns3:TrackPointExtension>
            <ns3:hr>145</ns3:hr>
            <ns3:cad>91</ns3:cad>
          </ns3:TrackPointExtension>
        </extensions>
      </trkpt>
      <trkpt lat="29.2839659191668033599853515625" lon="117.24150524474680423736572265625">
        <ele>39.40000152587890625</ele>
        <time>2026-08-19T21:58:52.000Z</time>
        <extensions>
          <ns3:TrackPointExtension>
            <ns3:hr>146</ns3:hr>
            <ns3:cad>90</ns3:cad>
          </ns3:TrackPointExtension>
        </extensions>
      </trkpt>
      <trkpt lat="29.28394068963825702667236328125" lon="117.24149485118687152862548828125">
        <ele>39.40000152587890625</ele>
        <time>2026-08-19T21:58:53.000Z</time>
        <extensions>
          <ns3:TrackPointExtension>
            <ns3:hr>145</ns3:hr>
            <ns3:cad>90</ns3:cad>
          </ns3:TrackPointExtension>
        </extensions>
      </trkpt>
      <trkpt lat="29.28391537629067897796630859375" lon="117.241486050188541412353515625">
        <ele>39.40000152587890625</ele>
        <time>2026-08-19T21:58:54.000Z</time>
        <extensions>
          <ns3:TrackPointExtension>
            <ns3:hr>145</ns3:hr>
            <ns3:cad>90</ns3:cad>
          </ns3:TrackPointExtension>
        </extensions>
      </trkpt>
      <trkpt lat="29.28389240987598896026611328125" lon="117.2414709627628326416015625">
        <ele>39.40000152587890625</ele>
        <time>2026-08-19T21:58:55.000Z</time>
        <extensions>
          <ns3:TrackPointExtension>
            <ns3:hr>145</ns3:hr>
            <ns3:cad>91</ns3:cad>
          </ns3:TrackPointExtension>
        </extensions>
      </trkpt>
      <trkpt lat="29.28386625833809375762939453125" lon="117.2414583899080753326416015625">
        <ele>39.40000152587890625</ele>
        <time>2026-08-19T21:58:56.000Z</time>
        <extensions>
          <ns3:TrackPointExtension>
            <ns3:hr>146</ns3:hr>
            <ns3:cad>92</ns3:cad>
          </ns3:TrackPointExtension>
        </extensions>
      </trkpt>
      <trkpt lat="29.283842705190181732177734375" lon="117.24144271574914455413818359375">
        <ele>39.40000152587890625</ele>
        <time>2026-08-19T21:58:57.000Z</time>
        <extensions>
          <ns3:TrackPointExtension>
            <ns3:hr>145</ns3:hr>
            <ns3:cad>92</ns3:cad>
          </ns3:TrackPointExtension>
        </extensions>
      </trkpt>
      <trkpt lat="29.28381630219519138336181640625" lon="117.24143131636083126068115234375">
        <ele>39.40000152587890625</ele>
        <time>2026-08-19T21:58:58.000Z</time>
        <extensions>
          <ns3:TrackPointExtension>
            <ns3:hr>145</ns3:hr>
            <ns3:cad>92</ns3:cad>
          </ns3:TrackPointExtension>
        </extensions>
      </trkpt>
      <trkpt lat="29.28379082120954990386962890625" lon="117.2414253652095794677734375">
        <ele>39.40000152587890625</ele>
        <time>2026-08-19T21:58:59.000Z</time>
        <extensions>
          <ns3:TrackPointExtension>
            <ns3:hr>145</ns3:hr>
            <ns3:cad>91</ns3:cad>
          </ns3:TrackPointExtension>
        </extensions>
      </trkpt>
      <trkpt lat="29.28376466967165470123291015625" lon="117.241413295269012451171875">
        <ele>39.40000152587890625</ele>
        <time>2026-08-19T21:59:00.000Z</time>
        <extensions>
          <ns3:TrackPointExtension>
            <ns3:hr>145</ns3:hr>
            <ns3:cad>91</ns3:cad>
          </ns3:TrackPointExtension>
        </extensions>
      </trkpt>
      <trkpt lat="29.28373902104794979095458984375" lon="117.24140591919422149658203125">
        <ele>39.200000762939453125</ele>
        <time>2026-08-19T21:59:01.000Z</time>
        <extensions>
          <ns3:TrackPointExtension>
            <ns3:hr>145</ns3:hr>
            <ns3:cad>90</ns3:cad>
          </ns3:TrackPointExtension>
        </extensions>
      </trkpt>
      <trkpt lat="29.28371354006230831146240234375" lon="117.24139527417719364166259765625">
        <ele>39.200000762939453125</ele>
        <time>2026-08-19T21:59:02.000Z</time>
        <extensions>
          <ns3:TrackPointExtension>
            <ns3:hr>146</ns3:hr>
            <ns3:cad>90</ns3:cad>
          </ns3:TrackPointExtension>
        </extensions>
      </trkpt>
      <trkpt lat="29.28369375877082347869873046875" lon="117.24138739518821239471435546875">
        <ele>39.40000152587890625</ele>
        <time>2026-08-19T21:59:03.000Z</time>
        <extensions>
          <ns3:TrackPointExtension>
            <ns3:hr>145</ns3:hr>
            <ns3:cad>90</ns3:cad>
          </ns3:TrackPointExtension>
        </extensions>
      </trkpt>
      <trkpt lat="29.2836648412048816680908203125" lon="117.2413730621337890625">
        <ele>39.40000152587890625</ele>
        <time>2026-08-19T21:59:04.000Z</time>
        <extensions>
          <ns3:TrackPointExtension>
            <ns3:hr>145</ns3:hr>
            <ns3:cad>89</ns3:cad>
          </ns3:TrackPointExtension>
        </extensions>
      </trkpt>
      <trkpt lat="29.2836443893611431121826171875" lon="117.241369374096393585205078125">
        <ele>39.40000152587890625</ele>
        <time>2026-08-19T21:59:05.000Z</time>
        <extensions>
          <ns3:TrackPointExtension>
            <ns3:hr>145</ns3:hr>
            <ns3:cad>89</ns3:cad>
          </ns3:TrackPointExtension>
        </extensions>
      </trkpt>
      <trkpt lat="29.28361580707132816314697265625" lon="117.241359315812587738037109375">
        <ele>39.59999847412109375</ele>
        <time>2026-08-19T21:59:06.000Z</time>
        <extensions>
          <ns3:TrackPointExtension>
            <ns3:hr>145</ns3:hr>
            <ns3:cad>89</ns3:cad>
          </ns3:TrackPointExtension>
        </extensions>
      </trkpt>
      <trkpt lat="29.28359099663794040679931640625" lon="117.2413517720997333526611328125">
        <ele>39.59999847412109375</ele>
        <time>2026-08-19T21:59:07.000Z</time>
        <extensions>
          <ns3:TrackPointExtension>
            <ns3:hr>145</ns3:hr>
            <ns3:cad>90</ns3:cad>
          </ns3:TrackPointExtension>
        </extensions>
      </trkpt>
      <trkpt lat="29.28356233052909374237060546875" lon="117.2413341701030731201171875">
        <ele>39.40000152587890625</ele>
        <time>2026-08-19T21:59:08.000Z</time>
        <extensions>
          <ns3:TrackPointExtension>
            <ns3:hr>145</ns3:hr>
            <ns3:cad>92</ns3:cad>
          </ns3:TrackPointExtension>
        </extensions>
      </trkpt>
      <trkpt lat="29.2835397832095623016357421875" lon="117.24133073352277278900146484375">
        <ele>39.40000152587890625</ele>
        <time>2026-08-19T21:59:09.000Z</time>
        <extensions>
          <ns3:TrackPointExtension>
            <ns3:hr>145</ns3:hr>
            <ns3:cad>91</ns3:cad>
          </ns3:TrackPointExtension>
        </extensions>
      </trkpt>
      <trkpt lat="29.28351187147200107574462890625" lon="117.24131765775382518768310546875">
        <ele>39.40000152587890625</ele>
        <time>2026-08-19T21:59:10.000Z</time>
        <extensions>
          <ns3:TrackPointExtension>
            <ns3:hr>145</ns3:hr>
            <ns3:cad>91</ns3:cad>
          </ns3:TrackPointExtension>
        </extensions>
      </trkpt>
      <trkpt lat="29.28349242545664310455322265625" lon="117.241317071020603179931640625">
        <ele>39.40000152587890625</ele>
        <time>2026-08-19T21:59:11.000Z</time>
        <extensions>
          <ns3:TrackPointExtension>
            <ns3:hr>145</ns3:hr>
            <ns3:cad>91</ns3:cad>
          </ns3:TrackPointExtension>
        </extensions>
      </trkpt>
      <trkpt lat="29.28346124477684497833251953125" lon="117.2413041628897190093994140625">
        <ele>39.40000152587890625</ele>
        <time>2026-08-19T21:59:12.000Z</time>
        <extensions>
          <ns3:TrackPointExtension>
            <ns3:hr>144</ns3:hr>
            <ns3:cad>90</ns3:cad>
          </ns3:TrackPointExtension>
        </extensions>
      </trkpt>
      <trkpt lat="29.2834420502185821533203125" lon="117.2413008101284503936767578125">
        <ele>39.40000152587890625</ele>
        <time>2026-08-19T21:59:13.000Z</time>
        <extensions>
          <ns3:TrackPointExtension>
            <ns3:hr>144</ns3:hr>
            <ns3:cad>90</ns3:cad>
          </ns3:TrackPointExtension>
        </extensions>
      </trkpt>
      <trkpt lat="29.283411540091037750244140625" lon="117.24129083566367626190185546875">
        <ele>39.59999847412109375</ele>
        <time>2026-08-19T21:59:14.000Z</time>
        <extensions>
          <ns3:TrackPointExtension>
            <ns3:hr>144</ns3:hr>
            <ns3:cad>90</ns3:cad>
          </ns3:TrackPointExtension>
        </extensions>
      </trkpt>
      <trkpt lat="29.28338731639087200164794921875" lon="117.2412961162626743316650390625">
        <ele>39.59999847412109375</ele>
        <time>2026-08-19T21:59:15.000Z</time>
        <extensions>
          <ns3:TrackPointExtension>
            <ns3:hr>144</ns3:hr>
            <ns3:cad>90</ns3:cad>
          </ns3:TrackPointExtension>
        </extensions>
      </trkpt>
      <trkpt lat="29.28335848264396190643310546875" lon="117.2412887401878833770751953125">
        <ele>39.59999847412109375</ele>
        <time>2026-08-19T21:59:16.000Z</time>
        <extensions>
          <ns3:TrackPointExtension>
            <ns3:hr>144</ns3:hr>
            <ns3:cad>91</ns3:cad>
          </ns3:TrackPointExtension>
        </extensions>
      </trkpt>
      <trkpt lat="29.2833312414586544036865234375" lon="117.24128446541726589202880859375">
        <ele>39.59999847412109375</ele>
        <time>2026-08-19T21:59:17.000Z</time>
        <extensions>
          <ns3:TrackPointExtension>
            <ns3:hr>144</ns3:hr>
            <ns3:cad>91</ns3:cad>
          </ns3:TrackPointExtension>
        </extensions>
      </trkpt>
      <trkpt lat="29.28330433554947376251220703125" lon="117.24127206020057201385498046875">
        <ele>39.59999847412109375</ele>
        <time>2026-08-19T21:59:18.000Z</time>
        <extensions>
          <ns3:TrackPointExtension>
            <ns3:hr>143</ns3:hr>
            <ns3:cad>91</ns3:cad>
          </ns3:TrackPointExtension>
        </extensions>
      </trkpt>
      <trkpt lat="29.28327751345932483673095703125" lon="117.24126619286835193634033203125">
        <ele>39.59999847412109375</ele>
        <time>2026-08-19T21:59:19.000Z</time>
        <extensions>
          <ns3:TrackPointExtension>
            <ns3:hr>143</ns3:hr>
            <ns3:cad>91</ns3:cad>
          </ns3:TrackPointExtension>
        </extensions>
      </trkpt>
      <trkpt lat="29.283249936997890472412109375" lon="117.241255380213260650634765625">
        <ele>39.59999847412109375</ele>
        <time>2026-08-19T21:59:20.000Z</time>
        <extensions>
          <ns3:TrackPointExtension>
            <ns3:hr>143</ns3:hr>
            <ns3:cad>91</ns3:cad>
          </ns3:TrackPointExtension>
        </extensions>
      </trkpt>
      <trkpt lat="29.2832206003367900848388671875" lon="117.24124859087169170379638671875">
        <ele>39.59999847412109375</ele>
        <time>2026-08-19T21:59:21.000Z</time>
        <extensions>
          <ns3:TrackPointExtension>
            <ns3:hr>142</ns3:hr>
            <ns3:cad>91</ns3:cad>
          </ns3:TrackPointExtension>
        </extensions>
      </trkpt>
      <trkpt lat="29.28319168277084827423095703125" lon="117.24123266525566577911376953125">
        <ele>39.59999847412109375</ele>
        <time>2026-08-19T21:59:22.000Z</time>
        <extensions>
          <ns3:TrackPointExtension>
            <ns3:hr>142</ns3:hr>
            <ns3:cad>91</ns3:cad>
          </ns3:TrackPointExtension>
        </extensions>
      </trkpt>
      <trkpt lat="29.2831609211862087249755859375" lon="117.2412196733057498931884765625">
        <ele>39.59999847412109375</ele>
        <time>2026-08-19T21:59:23.000Z</time>
        <extensions>
          <ns3:TrackPointExtension>
            <ns3:hr>142</ns3:hr>
            <ns3:cad>91</ns3:cad>
          </ns3:TrackPointExtension>
        </extensions>
      </trkpt>
      <trkpt lat="29.2831389605998992919921875" lon="117.241205759346485137939453125">
        <ele>39.59999847412109375</ele>
        <time>2026-08-19T21:59:24.000Z</time>
        <extensions>
          <ns3:TrackPointExtension>
            <ns3:hr>142</ns3:hr>
            <ns3:cad>90</ns3:cad>
          </ns3:TrackPointExtension>
        </extensions>
      </trkpt>
      <trkpt lat="29.2831126414239406585693359375" lon="117.24119000136852264404296875">
        <ele>39.59999847412109375</ele>
        <time>2026-08-19T21:59:25.000Z</time>
        <extensions>
          <ns3:TrackPointExtension>
            <ns3:hr>142</ns3:hr>
            <ns3:cad>92</ns3:cad>
          </ns3:TrackPointExtension>
        </extensions>
      </trkpt>
      <trkpt lat="29.283093698322772979736328125" lon="117.24117164500057697296142578125">
        <ele>39.59999847412109375</ele>
        <time>2026-08-19T21:59:26.000Z</time>
        <extensions>
          <ns3:TrackPointExtension>
            <ns3:hr>142</ns3:hr>
            <ns3:cad>92</ns3:cad>
          </ns3:TrackPointExtension>
        </extensions>
      </trkpt>
      <trkpt lat="29.28307391703128814697265625" lon="117.241147421300411224365234375">
        <ele>39.59999847412109375</ele>
        <time>2026-08-19T21:59:27.000Z</time>
        <extensions>
          <ns3:TrackPointExtension>
            <ns3:hr>141</ns3:hr>
            <ns3:cad>92</ns3:cad>
          </ns3:TrackPointExtension>
        </extensions>
      </trkpt>
      <trkpt lat="29.2830566503107547760009765625" lon="117.24112386815249919891357421875">
        <ele>39.59999847412109375</ele>
        <time>2026-08-19T21:59:28.000Z</time>
        <extensions>
          <ns3:TrackPointExtension>
            <ns3:hr>141</ns3:hr>
            <ns3:cad>92</ns3:cad>
          </ns3:TrackPointExtension>
        </extensions>
      </trkpt>
      <trkpt lat="29.2830368690192699432373046875" lon="117.2410942800343036651611328125">
        <ele>39.59999847412109375</ele>
        <time>2026-08-19T21:59:29.000Z</time>
        <extensions>
          <ns3:TrackPointExtension>
            <ns3:hr>141</ns3:hr>
            <ns3:cad>92</ns3:cad>
          </ns3:TrackPointExtension>
        </extensions>
      </trkpt>
      <trkpt lat="29.28302429616451263427734375" lon="117.2410713136196136474609375">
        <ele>39.799999237060546875</ele>
        <time>2026-08-19T21:59:30.000Z</time>
        <extensions>
          <ns3:TrackPointExtension>
            <ns3:hr>141</ns3:hr>
            <ns3:cad>91</ns3:cad>
          </ns3:TrackPointExtension>
        </extensions>
      </trkpt>
      <trkpt lat="29.28300577215850353240966796875" lon="117.2410446591675281524658203125">
        <ele>39.799999237060546875</ele>
        <time>2026-08-19T21:59:31.000Z</time>
        <extensions>
          <ns3:TrackPointExtension>
            <ns3:hr>141</ns3:hr>
            <ns3:cad>91</ns3:cad>
          </ns3:TrackPointExtension>
        </extensions>
      </trkpt>
      <trkpt lat="29.2829922772943973541259765625" lon="117.24102010019123554229736328125">
        <ele>39.799999237060546875</ele>
        <time>2026-08-19T21:59:32.000Z</time>
        <extensions>
          <ns3:TrackPointExtension>
            <ns3:hr>141</ns3:hr>
            <ns3:cad>90</ns3:cad>
          </ns3:TrackPointExtension>
        </extensions>
      </trkpt>
      <trkpt lat="29.28298213519155979156494140625" lon="117.24098959006369113922119140625">
        <ele>39.799999237060546875</ele>
        <time>2026-08-19T21:59:33.000Z</time>
        <extensions>
          <ns3:TrackPointExtension>
            <ns3:hr>141</ns3:hr>
            <ns3:cad>90</ns3:cad>
          </ns3:TrackPointExtension>
        </extensions>
      </trkpt>
      <trkpt lat="29.28296704776585102081298828125" lon="117.24096880294382572174072265625">
        <ele>39.799999237060546875</ele>
        <time>2026-08-19T21:59:34.000Z</time>
        <extensions>
          <ns3:TrackPointExtension>
            <ns3:hr>141</ns3:hr>
            <ns3:cad>90</ns3:cad>
          </ns3:TrackPointExtension>
        </extensions>
      </trkpt>
      <trkpt lat="29.28295053541660308837890625" lon="117.24093519151210784912109375">
        <ele>39.799999237060546875</ele>
        <time>2026-08-19T21:59:35.000Z</time>
        <extensions>
          <ns3:TrackPointExtension>
            <ns3:hr>141</ns3:hr>
            <ns3:cad>90</ns3:cad>
          </ns3:TrackPointExtension>
        </extensions>
      </trkpt>
      <trkpt lat="29.2829431593418121337890625" lon="117.240907363593578338623046875">
        <ele>39.799999237060546875</ele>
        <time>2026-08-19T21:59:36.000Z</time>
        <extensions>
          <ns3:TrackPointExtension>
            <ns3:hr>141</ns3:hr>
            <ns3:cad>90</ns3:cad>
          </ns3:TrackPointExtension>
        </extensions>
      </trkpt>
      <trkpt lat="29.28293486125767230987548828125" lon="117.24087752401828765869140625">
        <ele>39.799999237060546875</ele>
        <time>2026-08-19T21:59:37.000Z</time>
        <extensions>
          <ns3:TrackPointExtension>
            <ns3:hr>141</ns3:hr>
            <ns3:cad>90</ns3:cad>
          </ns3:TrackPointExtension>
        </extensions>
      </trkpt>
      <trkpt lat="29.282923042774200439453125" lon="117.24085313268005847930908203125">
        <ele>39.799999237060546875</ele>
        <time>2026-08-19T21:59:38.000Z</time>
        <extensions>
          <ns3:TrackPointExtension>
            <ns3:hr>141</ns3:hr>
            <ns3:cad>90</ns3:cad>
          </ns3:TrackPointExtension>
        </extensions>
      </trkpt>
      <trkpt lat="29.2829108051955699920654296875" lon="117.2408227063715457916259765625">
        <ele>40</ele>
        <time>2026-08-19T21:59:39.000Z</time>
        <extensions>
          <ns3:TrackPointExtension>
            <ns3:hr>141</ns3:hr>
            <ns3:cad>90</ns3:cad>
          </ns3:TrackPointExtension>
        </extensions>
      </trkpt>
      <trkpt lat="29.28290150128304958343505859375" lon="117.24079839885234832763671875">
        <ele>40</ele>
        <time>2026-08-19T21:59:40.000Z</time>
        <extensions>
          <ns3:TrackPointExtension>
            <ns3:hr>142</ns3:hr>
            <ns3:cad>90</ns3:cad>
          </ns3:TrackPointExtension>
        </extensions>
      </trkpt>
      <trkpt lat="29.28288859315216541290283203125" lon="117.2407687269151210784912109375">
        <ele>40</ele>
        <time>2026-08-19T21:59:41.000Z</time>
        <extensions>
          <ns3:TrackPointExtension>
            <ns3:hr>142</ns3:hr>
            <ns3:cad>90</ns3:cad>
          </ns3:TrackPointExtension>
        </extensions>
      </trkpt>
      <trkpt lat="29.28287803195416927337646484375" lon="117.240746431052684783935546875">
        <ele>40</ele>
        <time>2026-08-19T21:59:42.000Z</time>
        <extensions>
          <ns3:TrackPointExtension>
            <ns3:hr>142</ns3:hr>
            <ns3:cad>90</ns3:cad>
          </ns3:TrackPointExtension>
        </extensions>
      </trkpt>
      <trkpt lat="29.28286470472812652587890625" lon="117.2407117299735546112060546875">
        <ele>40</ele>
        <time>2026-08-19T21:59:43.000Z</time>
        <extensions>
          <ns3:TrackPointExtension>
            <ns3:hr>142</ns3:hr>
            <ns3:cad>90</ns3:cad>
          </ns3:TrackPointExtension>
        </extensions>
      </trkpt>
      <trkpt lat="29.282850287854671478271484375" lon="117.24069169722497463226318359375">
        <ele>40</ele>
        <time>2026-08-19T21:59:44.000Z</time>
        <extensions>
          <ns3:TrackPointExtension>
            <ns3:hr>142</ns3:hr>
            <ns3:cad>90</ns3:cad>
          </ns3:TrackPointExtension>
        </extensions>
      </trkpt>
      <trkpt lat="29.2828380502760410308837890625" lon="117.24066252820193767547607421875">
        <ele>40</ele>
        <time>2026-08-19T21:59:45.000Z</time>
        <extensions>
          <ns3:TrackPointExtension>
            <ns3:hr>143</ns3:hr>
            <ns3:cad>90</ns3:cad>
          </ns3:TrackPointExtension>
        </extensions>
      </trkpt>
      <trkpt lat="29.2828253097832202911376953125" lon="117.2406419925391674041748046875">
        <ele>40</ele>
        <time>2026-08-19T21:59:46.000Z</time>
        <extensions>
          <ns3:TrackPointExtension>
            <ns3:hr>142</ns3:hr>
            <ns3:cad>90</ns3:cad>
          </ns3:TrackPointExtension>
        </extensions>
      </trkpt>
      <trkpt lat="29.28281374275684356689453125" lon="117.24060921929776668548583984375">
        <ele>40</ele>
        <time>2026-08-19T21:59:47.000Z</time>
        <extensions>
          <ns3:TrackPointExtension>
            <ns3:hr>142</ns3:hr>
            <ns3:cad>90</ns3:cad>
          </ns3:TrackPointExtension>
        </extensions>
      </trkpt>
      <trkpt lat="29.28280510939657688140869140625" lon="117.24058725871145725250244140625">
        <ele>40</ele>
        <time>2026-08-19T21:59:48.000Z</time>
        <extensions>
          <ns3:TrackPointExtension>
            <ns3:hr>143</ns3:hr>
            <ns3:cad>90</ns3:cad>
          </ns3:TrackPointExtension>
        </extensions>
      </trkpt>
      <trkpt lat="29.2827931232750415802001953125" lon="117.24055540747940540313720703125">
        <ele>40.200000762939453125</ele>
        <time>2026-08-19T21:59:49.000Z</time>
        <extensions>
          <ns3:TrackPointExtension>
            <ns3:hr>142</ns3:hr>
            <ns3:cad>90</ns3:cad>
          </ns3:TrackPointExtension>
        </extensions>
      </trkpt>
      <trkpt lat="29.28278046660125255584716796875" lon="117.24053344689309597015380859375">
        <ele>40.200000762939453125</ele>
        <time>2026-08-19T21:59:50.000Z</time>
        <extensions>
          <ns3:TrackPointExtension>
            <ns3:hr>142</ns3:hr>
            <ns3:cad>90</ns3:cad>
          </ns3:TrackPointExtension>
        </extensions>
      </trkpt>
      <trkpt lat="29.28276546299457550048828125" lon="117.24049790762364864349365234375">
        <ele>40.200000762939453125</ele>
        <time>2026-08-19T21:59:51.000Z</time>
        <extensions>
          <ns3:TrackPointExtension>
            <ns3:hr>143</ns3:hr>
            <ns3:cad>90</ns3:cad>
          </ns3:TrackPointExtension>
        </extensions>
      </trkpt>
      <trkpt lat="29.28275280632078647613525390625" lon="117.240477539598941802978515625">
        <ele>40.200000762939453125</ele>
        <time>2026-08-19T21:59:52.000Z</time>
        <extensions>
          <ns3:TrackPointExtension>
            <ns3:hr>143</ns3:hr>
            <ns3:cad>90</ns3:cad>
          </ns3:TrackPointExtension>
        </extensions>
      </trkpt>
      <trkpt lat="29.28274408914148807525634765625" lon="117.24043973721563816070556640625">
        <ele>40.200000762939453125</ele>
        <time>2026-08-19T21:59:53.000Z</time>
        <extensions>
          <ns3:TrackPointExtension>
            <ns3:hr>142</ns3:hr>
            <ns3:cad>90</ns3:cad>
          </ns3:TrackPointExtension>
        </extensions>
      </trkpt>
      <trkpt lat="29.282734282314777374267578125" lon="117.240417860448360443115234375">
        <ele>40.200000762939453125</ele>
        <time>2026-08-19T21:59:54.000Z</time>
        <extensions>
          <ns3:TrackPointExtension>
            <ns3:hr>142</ns3:hr>
            <ns3:cad>90</ns3:cad>
          </ns3:TrackPointExtension>
        </extensions>
      </trkpt>
      <trkpt lat="29.28272279910743236541748046875" lon="117.24038156680762767791748046875">
        <ele>40.200000762939453125</ele>
        <time>2026-08-19T21:59:55.000Z</time>
        <extensions>
          <ns3:TrackPointExtension>
            <ns3:hr>142</ns3:hr>
            <ns3:cad>90</ns3:cad>
          </ns3:TrackPointExtension>
        </extensions>
      </trkpt>
      <trkpt lat="29.2827119864523410797119140625" lon="117.2403600253164768218994140625">
        <ele>40.40000152587890625</ele>
        <time>2026-08-19T21:59:56.000Z</time>
        <extensions>
          <ns3:TrackPointExtension>
            <ns3:hr>143</ns3:hr>
            <ns3:cad>90</ns3:cad>
          </ns3:TrackPointExtension>
        </extensions>
      </trkpt>
      <trkpt lat="29.2827025987207889556884765625" lon="117.240330018103122711181640625">
        <ele>40.200000762939453125</ele>
        <time>2026-08-19T21:59:57.000Z</time>
        <extensions>
          <ns3:TrackPointExtension>
            <ns3:hr>142</ns3:hr>
            <ns3:cad>90</ns3:cad>
          </ns3:TrackPointExtension>
        </extensions>
      </trkpt>
      <trkpt lat="29.282692372798919677734375" lon="117.24031166173517704010009765625">
        <ele>40.200000762939453125</ele>
        <time>2026-08-19T21:59:58.000Z</time>
        <extensions>
          <ns3:TrackPointExtension>
            <ns3:hr>142</ns3:hr>
            <ns3:cad>91</ns3:cad>
          </ns3:TrackPointExtension>
        </extensions>
      </trkpt>
      <trkpt lat="29.2826829850673675537109375" lon="117.24027645774185657501220703125">
        <ele>40.40000152587890625</ele>
        <time>2026-08-19T21:59:59.000Z</time>
        <extensions>
          <ns3:TrackPointExtension>
            <ns3:hr>143</ns3:hr>
            <ns3:cad>91</ns3:cad>
          </ns3:TrackPointExtension>
        </extensions>
      </trkpt>
      <trkpt lat="29.28266965784132480621337890625" lon="117.2402534075081348419189453125">
        <ele>40.40000152587890625</ele>
        <time>2026-08-19T22:00:00.000Z</time>
        <extensions>
          <ns3:TrackPointExtension>
            <ns3:hr>142</ns3:hr>
            <ns3:cad>91</ns3:cad>
          </ns3:TrackPointExtension>
        </extensions>
      </trkpt>
      <trkpt lat="29.282660186290740966796875" lon="117.24021635949611663818359375">
        <ele>40.40000152587890625</ele>
        <time>2026-08-19T22:00:01.000Z</time>
        <extensions>
          <ns3:TrackPointExtension>
            <ns3:hr>142</ns3:hr>
            <ns3:cad>91</ns3:cad>
          </ns3:TrackPointExtension>
        </extensions>
      </trkpt>
      <trkpt lat="29.28264602087438106536865234375" lon="117.24019490182399749755859375">
        <ele>40.40000152587890625</ele>
        <time>2026-08-19T22:00:02.000Z</time>
        <extensions>
          <ns3:TrackPointExtension>
            <ns3:hr>143</ns3:hr>
            <ns3:cad>91</ns3:cad>
          </ns3:TrackPointExtension>
        </extensions>
      </trkpt>
      <trkpt lat="29.282633028924465179443359375" lon="117.24016246385872364044189453125">
        <ele>40.59999847412109375</ele>
        <time>2026-08-19T22:00:03.000Z</time>
        <extensions>
          <ns3:TrackPointExtension>
            <ns3:hr>142</ns3:hr>
            <ns3:cad>91</ns3:cad>
          </ns3:TrackPointExtension>
        </extensions>
      </trkpt>
      <trkpt lat="29.28261970169842243194580078125" lon="117.24013815633952617645263671875">
        <ele>40.59999847412109375</ele>
        <time>2026-08-19T22:00:04.000Z</time>
        <extensions>
          <ns3:TrackPointExtension>
            <ns3:hr>142</ns3:hr>
            <ns3:cad>91</ns3:cad>
          </ns3:TrackPointExtension>
        </extensions>
      </trkpt>
      <trkpt lat="29.282610900700092315673828125" lon="117.24010504782199859619140625">
        <ele>40.59999847412109375</ele>
        <time>2026-08-19T22:00:05.000Z</time>
        <extensions>
          <ns3:TrackPointExtension>
            <ns3:hr>143</ns3:hr>
            <ns3:cad>91</ns3:cad>
          </ns3:TrackPointExtension>
        </extensions>
      </trkpt>
      <trkpt lat="29.28259924985468387603759765625" lon="117.24008015356957912445068359375">
        <ele>40.59999847412109375</ele>
        <time>2026-08-19T22:00:06.000Z</time>
        <extensions>
          <ns3:TrackPointExtension>
            <ns3:hr>142</ns3:hr>
            <ns3:cad>90</ns3:cad>
          </ns3:TrackPointExtension>
        </extensions>
      </trkpt>
      <trkpt lat="29.28258969448506832122802734375" lon="117.24004796706140041351318359375">
        <ele>40.59999847412109375</ele>
        <time>2026-08-19T22:00:07.000Z</time>
        <extensions>
          <ns3:TrackPointExtension>
            <ns3:hr>142</ns3:hr>
            <ns3:cad>90</ns3:cad>
          </ns3:TrackPointExtension>
        </extensions>
      </trkpt>
      <trkpt lat="29.2825731821358203887939453125" lon="117.2400270961225032806396484375">
        <ele>40.59999847412109375</ele>
        <time>2026-08-19T22:00:08.000Z</time>
        <extensions>
          <ns3:TrackPointExtension>
            <ns3:hr>143</ns3:hr>
            <ns3:cad>90</ns3:cad>
          </ns3:TrackPointExtension>
        </extensions>
      </trkpt>
      <trkpt lat="29.2825621180236339569091796875" lon="117.2399962507188320159912109375">
        <ele>40.59999847412109375</ele>
        <time>2026-08-19T22:00:09.000Z</time>
        <extensions>
          <ns3:TrackPointExtension>
            <ns3:hr>144</ns3:hr>
            <ns3:cad>91</ns3:cad>
          </ns3:TrackPointExtension>
        </extensions>
      </trkpt>
      <trkpt lat="29.2825456894934177398681640625" lon="117.23997621797025203704833984375">
        <ele>40.59999847412109375</ele>
        <time>2026-08-19T22:00:10.000Z</time>
        <extensions>
          <ns3:TrackPointExtension>
            <ns3:hr>144</ns3:hr>
            <ns3:cad>90</ns3:cad>
          </ns3:TrackPointExtension>
        </extensions>
      </trkpt>
      <trkpt lat="29.28252766840159893035888671875" lon="117.23994654603302478790283203125">
        <ele>40.799999237060546875</ele>
        <time>2026-08-19T22:00:11.000Z</time>
        <extensions>
          <ns3:TrackPointExtension>
            <ns3:hr>144</ns3:hr>
            <ns3:cad>90</ns3:cad>
          </ns3:TrackPointExtension>
        </extensions>
      </trkpt>
      <trkpt lat="29.28251593373715877532958984375" lon="117.23992131650447845458984375">
        <ele>41</ele>
        <time>2026-08-19T22:00:12.000Z</time>
        <extensions>
          <ns3:TrackPointExtension>
            <ns3:hr>144</ns3:hr>
            <ns3:cad>90</ns3:cad>
          </ns3:TrackPointExtension>
        </extensions>
      </trkpt>
      <trkpt lat="29.2825067974627017974853515625" lon="117.23989340476691722869873046875">
        <ele>41</ele>
        <time>2026-08-19T22:00:13.000Z</time>
        <extensions>
          <ns3:TrackPointExtension>
            <ns3:hr>144</ns3:hr>
            <ns3:cad>90</ns3:cad>
          </ns3:TrackPointExtension>
        </extensions>
      </trkpt>
      <trkpt lat="29.2824943922460079193115234375" lon="117.2398688457906246185302734375">
        <ele>41</ele>
        <time>2026-08-19T22:00:14.000Z</time>
        <extensions>
          <ns3:TrackPointExtension>
            <ns3:hr>144</ns3:hr>
            <ns3:cad>90</ns3:cad>
          </ns3:TrackPointExtension>
        </extensions>
      </trkpt>
      <trkpt lat="29.28248475305736064910888671875" lon="117.2398410178720951080322265625">
        <ele>41</ele>
        <time>2026-08-19T22:00:15.000Z</time>
        <extensions>
          <ns3:TrackPointExtension>
            <ns3:hr>144</ns3:hr>
            <ns3:cad>90</ns3:cad>
          </ns3:TrackPointExtension>
        </extensions>
      </trkpt>
      <trkpt lat="29.28246849216520786285400390625" lon="117.2398187220096588134765625">
        <ele>41.200000762939453125</ele>
        <time>2026-08-19T22:00:16.000Z</time>
        <extensions>
          <ns3:TrackPointExtension>
            <ns3:hr>144</ns3:hr>
            <ns3:cad>90</ns3:cad>
          </ns3:TrackPointExtension>
        </extensions>
      </trkpt>
      <trkpt lat="29.28245835006237030029296875" lon="117.23979122936725616455078125">
        <ele>41.200000762939453125</ele>
        <time>2026-08-19T22:00:17.000Z</time>
        <extensions>
          <ns3:TrackPointExtension>
            <ns3:hr>144</ns3:hr>
            <ns3:cad>90</ns3:cad>
          </ns3:TrackPointExtension>
        </extensions>
      </trkpt>
      <trkpt lat="29.282439909875392913818359375" lon="117.23976700566709041595458984375">
        <ele>41.200000762939453125</ele>
        <time>2026-08-19T22:00:18.000Z</time>
        <extensions>
          <ns3:TrackPointExtension>
            <ns3:hr>144</ns3:hr>
            <ns3:cad>90</ns3:cad>
          </ns3:TrackPointExtension>
        </extensions>
      </trkpt>
      <trkpt lat="29.28242960013449192047119140625" lon="117.23973632790148258209228515625">
        <ele>41.200000762939453125</ele>
        <time>2026-08-19T22:00:19.000Z</time>
        <extensions>
          <ns3:TrackPointExtension>
            <ns3:hr>144</ns3:hr>
            <ns3:cad>89</ns3:cad>
          </ns3:TrackPointExtension>
        </extensions>
      </trkpt>
      <trkpt lat="29.28241719491779804229736328125" lon="117.23971344530582427978515625">
        <ele>41.40000152587890625</ele>
        <time>2026-08-19T22:00:20.000Z</time>
        <extensions>
          <ns3:TrackPointExtension>
            <ns3:hr>144</ns3:hr>
            <ns3:cad>89</ns3:cad>
          </ns3:TrackPointExtension>
        </extensions>
      </trkpt>
      <trkpt lat="29.2824078910052776336669921875" lon="117.23968436010181903839111328125">
        <ele>41.40000152587890625</ele>
        <time>2026-08-19T22:00:21.000Z</time>
        <extensions>
          <ns3:TrackPointExtension>
            <ns3:hr>144</ns3:hr>
            <ns3:cad>89</ns3:cad>
          </ns3:TrackPointExtension>
        </extensions>
      </trkpt>
      <trkpt lat="29.282393641769886016845703125" lon="117.23966005258262157440185546875">
        <ele>41.40000152587890625</ele>
        <time>2026-08-19T22:00:22.000Z</time>
        <extensions>
          <ns3:TrackPointExtension>
            <ns3:hr>144</ns3:hr>
            <ns3:cad>89</ns3:cad>
          </ns3:TrackPointExtension>
        </extensions>
      </trkpt>
      <trkpt lat="29.28238601423799991607666015625" lon="117.23962753079831600189208984375">
        <ele>41.40000152587890625</ele>
        <time>2026-08-19T22:00:23.000Z</time>
        <extensions>
          <ns3:TrackPointExtension>
            <ns3:hr>144</ns3:hr>
            <ns3:cad>89</ns3:cad>
          </ns3:TrackPointExtension>
        </extensions>
      </trkpt>
      <trkpt lat="29.28237109445035457611083984375" lon="117.239602468907833099365234375">
        <ele>41.40000152587890625</ele>
        <time>2026-08-19T22:00:24.000Z</time>
        <extensions>
          <ns3:TrackPointExtension>
            <ns3:hr>144</ns3:hr>
            <ns3:cad>89</ns3:cad>
          </ns3:TrackPointExtension>
        </extensions>
      </trkpt>
      <trkpt lat="29.28236271254718303680419921875" lon="117.2395692765712738037109375">
        <ele>41.59999847412109375</ele>
        <time>2026-08-19T22:00:25.000Z</time>
        <extensions>
          <ns3:TrackPointExtension>
            <ns3:hr>144</ns3:hr>
            <ns3:cad>89</ns3:cad>
          </ns3:TrackPointExtension>
        </extensions>
      </trkpt>
      <trkpt lat="29.28234846331179141998291015625" lon="117.2395459748804569244384765625">
        <ele>41.59999847412109375</ele>
        <time>2026-08-19T22:00:26.000Z</time>
        <extensions>
          <ns3:TrackPointExtension>
            <ns3:hr>143</ns3:hr>
            <ns3:cad>89</ns3:cad>
          </ns3:TrackPointExtension>
        </extensions>
      </trkpt>
      <trkpt lat="29.28233806975185871124267578125" lon="117.23951638676226139068603515625">
        <ele>41.59999847412109375</ele>
        <time>2026-08-19T22:00:27.000Z</time>
        <extensions>
          <ns3:TrackPointExtension>
            <ns3:hr>143</ns3:hr>
            <ns3:cad>89</ns3:cad>
          </ns3:TrackPointExtension>
        </extensions>
      </trkpt>
      <trkpt lat="29.2823244072496891021728515625" lon="117.23949425853788852691650390625">
        <ele>41.59999847412109375</ele>
        <time>2026-08-19T22:00:28.000Z</time>
        <extensions>
          <ns3:TrackPointExtension>
            <ns3:hr>143</ns3:hr>
            <ns3:cad>89</ns3:cad>
          </ns3:TrackPointExtension>
        </extensions>
      </trkpt>
      <trkpt lat="29.28231543861329555511474609375" lon="117.23946458660066127777099609375">
        <ele>41.799999237060546875</ele>
        <time>2026-08-19T22:00:29.000Z</time>
        <extensions>
          <ns3:TrackPointExtension>
            <ns3:hr>142</ns3:hr>
            <ns3:cad>89</ns3:cad>
          </ns3:TrackPointExtension>
        </extensions>
      </trkpt>
      <trkpt lat="29.28230320103466510772705078125" lon="117.23944279365241527557373046875">
        <ele>41.799999237060546875</ele>
        <time>2026-08-19T22:00:30.000Z</time>
        <extensions>
          <ns3:TrackPointExtension>
            <ns3:hr>142</ns3:hr>
            <ns3:cad>89</ns3:cad>
          </ns3:TrackPointExtension>
        </extensions>
      </trkpt>
      <trkpt lat="29.282291047275066375732421875" lon="117.23941731266677379608154296875">
        <ele>41.799999237060546875</ele>
        <time>2026-08-19T22:00:31.000Z</time>
        <extensions>
          <ns3:TrackPointExtension>
            <ns3:hr>142</ns3:hr>
            <ns3:cad>89</ns3:cad>
          </ns3:TrackPointExtension>
        </extensions>
      </trkpt>
      <trkpt lat="29.28227755241096019744873046875" lon="117.23939568735659122467041015625">
        <ele>42</ele>
        <time>2026-08-19T22:00:32.000Z</time>
        <extensions>
          <ns3:TrackPointExtension>
            <ns3:hr>141</ns3:hr>
            <ns3:cad>89</ns3:cad>
          </ns3:TrackPointExtension>
        </extensions>
      </trkpt>
      <trkpt lat="29.282270260155200958251953125" lon="117.23936450667679309844970703125">
        <ele>42</ele>
        <time>2026-08-19T22:00:33.000Z</time>
        <extensions>
          <ns3:TrackPointExtension>
            <ns3:hr>141</ns3:hr>
            <ns3:cad>89</ns3:cad>
          </ns3:TrackPointExtension>
        </extensions>
      </trkpt>
      <trkpt lat="29.28225693292915821075439453125" lon="117.23934137262403964996337890625">
        <ele>42</ele>
        <time>2026-08-19T22:00:34.000Z</time>
        <extensions>
          <ns3:TrackPointExtension>
            <ns3:hr>141</ns3:hr>
            <ns3:cad>89</ns3:cad>
          </ns3:TrackPointExtension>
        </extensions>
      </trkpt>
      <trkpt lat="29.28224905394017696380615234375" lon="117.23930901847779750823974609375">
        <ele>42</ele>
        <time>2026-08-19T22:00:35.000Z</time>
        <extensions>
          <ns3:TrackPointExtension>
            <ns3:hr>141</ns3:hr>
            <ns3:cad>89</ns3:cad>
          </ns3:TrackPointExtension>
        </extensions>
      </trkpt>
      <trkpt lat="29.2822369001805782318115234375" lon="117.239282615482807159423828125">
        <ele>42</ele>
        <time>2026-08-19T22:00:36.000Z</time>
        <extensions>
          <ns3:TrackPointExtension>
            <ns3:hr>141</ns3:hr>
            <ns3:cad>89</ns3:cad>
          </ns3:TrackPointExtension>
        </extensions>
      </trkpt>
      <trkpt lat="29.28223111666738986968994140625" lon="117.23925051279366016387939453125">
        <ele>42</ele>
        <time>2026-08-19T22:00:37.000Z</time>
        <extensions>
          <ns3:TrackPointExtension>
            <ns3:hr>142</ns3:hr>
            <ns3:cad>89</ns3:cad>
          </ns3:TrackPointExtension>
        </extensions>
      </trkpt>
      <trkpt lat="29.2822201363742351531982421875" lon="117.239221595227718353271484375">
        <ele>42</ele>
        <time>2026-08-19T22:00:38.000Z</time>
        <extensions>
          <ns3:TrackPointExtension>
            <ns3:hr>141</ns3:hr>
            <ns3:cad>89</ns3:cad>
          </ns3:TrackPointExtension>
        </extensions>
      </trkpt>
      <trkpt lat="29.28221334703266620635986328125" lon="117.239191420376300811767578125">
        <ele>42</ele>
        <time>2026-08-19T22:00:39.000Z</time>
        <extensions>
          <ns3:TrackPointExtension>
            <ns3:hr>141</ns3:hr>
            <ns3:cad>90</ns3:cad>
          </ns3:TrackPointExtension>
        </extensions>
      </trkpt>
      <trkpt lat="29.2822003550827503204345703125" lon="117.23916619084775447845458984375">
        <ele>42</ele>
        <time>2026-08-19T22:00:40.000Z</time>
        <extensions>
          <ns3:TrackPointExtension>
            <ns3:hr>141</ns3:hr>
            <ns3:cad>90</ns3:cad>
          </ns3:TrackPointExtension>
        </extensions>
      </trkpt>
      <trkpt lat="29.282193146646022796630859375" lon="117.23913132213056087493896484375">
        <ele>42</ele>
        <time>2026-08-19T22:00:41.000Z</time>
        <extensions>
          <ns3:TrackPointExtension>
            <ns3:hr>141</ns3:hr>
            <ns3:cad>90</ns3:cad>
          </ns3:TrackPointExtension>
        </extensions>
      </trkpt>
      <trkpt lat="29.282183758914470672607421875" lon="117.2391044162213802337646484375">
        <ele>42</ele>
        <time>2026-08-19T22:00:42.000Z</time>
        <extensions>
          <ns3:TrackPointExtension>
            <ns3:hr>141</ns3:hr>
            <ns3:cad>91</ns3:cad>
          </ns3:TrackPointExtension>
        </extensions>
      </trkpt>
      <trkpt lat="29.28217546083033084869384765625" lon="117.2390732355415821075439453125">
        <ele>41.799999237060546875</ele>
        <time>2026-08-19T22:00:43.000Z</time>
        <extensions>
          <ns3:TrackPointExtension>
            <ns3:hr>141</ns3:hr>
            <ns3:cad>91</ns3:cad>
          </ns3:TrackPointExtension>
        </extensions>
      </trkpt>
      <trkpt lat="29.28216372616589069366455078125" lon="117.2390454076230525970458984375">
        <ele>41.799999237060546875</ele>
        <time>2026-08-19T22:00:44.000Z</time>
        <extensions>
          <ns3:TrackPointExtension>
            <ns3:hr>141</ns3:hr>
            <ns3:cad>91</ns3:cad>
          </ns3:TrackPointExtension>
        </extensions>
      </trkpt>
      <trkpt lat="29.28215970285236835479736328125" lon="117.239016406238079071044921875">
        <ele>41.799999237060546875</ele>
        <time>2026-08-19T22:00:45.000Z</time>
        <extensions>
          <ns3:TrackPointExtension>
            <ns3:hr>141</ns3:hr>
            <ns3:cad>91</ns3:cad>
          </ns3:TrackPointExtension>
        </extensions>
      </trkpt>
      <trkpt lat="29.2821490578353404998779296875" lon="117.23898698575794696807861328125">
        <ele>41.799999237060546875</ele>
        <time>2026-08-19T22:00:46.000Z</time>
        <extensions>
          <ns3:TrackPointExtension>
            <ns3:hr>141</ns3:hr>
            <ns3:cad>91</ns3:cad>
          </ns3:TrackPointExtension>
        </extensions>
      </trkpt>
      <trkpt lat="29.2821400053799152374267578125" lon="117.23895899020135402679443359375">
        <ele>41.799999237060546875</ele>
        <time>2026-08-19T22:00:47.000Z</time>
        <extensions>
          <ns3:TrackPointExtension>
            <ns3:hr>141</ns3:hr>
            <ns3:cad>91</ns3:cad>
          </ns3:TrackPointExtension>
        </extensions>
      </trkpt>
      <trkpt lat="29.28212667815387248992919921875" lon="117.2389273904263973236083984375">
        <ele>41.799999237060546875</ele>
        <time>2026-08-19T22:00:48.000Z</time>
        <extensions>
          <ns3:TrackPointExtension>
            <ns3:hr>141</ns3:hr>
            <ns3:cad>92</ns3:cad>
          </ns3:TrackPointExtension>
        </extensions>
      </trkpt>
      <trkpt lat="29.28211494348943233489990234375" lon="117.2388988919556140899658203125">
        <ele>41.799999237060546875</ele>
        <time>2026-08-19T22:00:49.000Z</time>
        <extensions>
          <ns3:TrackPointExtension>
            <ns3:hr>141</ns3:hr>
            <ns3:cad>92</ns3:cad>
          </ns3:TrackPointExtension>
        </extensions>
      </trkpt>
      <trkpt lat="29.282102286815643310546875" lon="117.23886494524776935577392578125">
        <ele>41.59999847412109375</ele>
        <time>2026-08-19T22:00:50.000Z</time>
        <extensions>
          <ns3:TrackPointExtension>
            <ns3:hr>141</ns3:hr>
            <ns3:cad>92</ns3:cad>
          </ns3:TrackPointExtension>
        </extensions>
      </trkpt>
      <trkpt lat="29.28209549747407436370849609375" lon="117.23883829079568386077880859375">
        <ele>41.59999847412109375</ele>
        <time>2026-08-19T22:00:51.000Z</time>
        <extensions>
          <ns3:TrackPointExtension>
            <ns3:hr>141</ns3:hr>
            <ns3:cad>92</ns3:cad>
          </ns3:TrackPointExtension>
        </extensions>
      </trkpt>
      <trkpt lat="29.2820840142667293548583984375" lon="117.23880258388817310333251953125">
        <ele>41.59999847412109375</ele>
        <time>2026-08-19T22:00:52.000Z</time>
        <extensions>
          <ns3:TrackPointExtension>
            <ns3:hr>141</ns3:hr>
            <ns3:cad>91</ns3:cad>
          </ns3:TrackPointExtension>
        </extensions>
      </trkpt>
      <trkpt lat="29.282077811658382415771484375" lon="117.23877601325511932373046875">
        <ele>41.40000152587890625</ele>
        <time>2026-08-19T22:00:53.000Z</time>
        <extensions>
          <ns3:TrackPointExtension>
            <ns3:hr>141</ns3:hr>
            <ns3:cad>91</ns3:cad>
          </ns3:TrackPointExtension>
        </extensions>
      </trkpt>
      <trkpt lat="29.28206733427941799163818359375" lon="117.23874055780470371246337890625">
        <ele>41.200000762939453125</ele>
        <time>2026-08-19T22:00:54.000Z</time>
        <extensions>
          <ns3:TrackPointExtension>
            <ns3:hr>141</ns3:hr>
            <ns3:cad>91</ns3:cad>
          </ns3:TrackPointExtension>
        </extensions>
      </trkpt>
      <trkpt lat="29.28205668926239013671875" lon="117.23871105350553989410400390625">
        <ele>41.200000762939453125</ele>
        <time>2026-08-19T22:00:55.000Z</time>
        <extensions>
          <ns3:TrackPointExtension>
            <ns3:hr>141</ns3:hr>
            <ns3:cad>91</ns3:cad>
          </ns3:TrackPointExtension>
        </extensions>
      </trkpt>
      <trkpt lat="29.28204487077891826629638671875" lon="117.2386762686073780059814453125">
        <ele>41.200000762939453125</ele>
        <time>2026-08-19T22:00:56.000Z</time>
        <extensions>
          <ns3:TrackPointExtension>
            <ns3:hr>141</ns3:hr>
            <ns3:cad>91</ns3:cad>
          </ns3:TrackPointExtension>
        </extensions>
      </trkpt>
      <trkpt lat="29.2820343933999538421630859375" lon="117.238650284707546234130859375">
        <ele>41</ele>
        <time>2026-08-19T22:00:57.000Z</time>
        <extensions>
          <ns3:TrackPointExtension>
            <ns3:hr>141</ns3:hr>
            <ns3:cad>91</ns3:cad>
          </ns3:TrackPointExtension>
        </extensions>
      </trkpt>
      <trkpt lat="29.28202408365905284881591796875" lon="117.23861038684844970703125">
        <ele>40.799999237060546875</ele>
        <time>2026-08-19T22:00:58.000Z</time>
        <extensions>
          <ns3:TrackPointExtension>
            <ns3:hr>141</ns3:hr>
            <ns3:cad>91</ns3:cad>
          </ns3:TrackPointExtension>
        </extensions>
      </trkpt>
      <trkpt lat="29.28201637230813503265380859375" lon="117.2385849058628082275390625">
        <ele>40.799999237060546875</ele>
        <time>2026-08-19T22:00:59.000Z</time>
        <extensions>
          <ns3:TrackPointExtension>
            <ns3:hr>140</ns3:hr>
            <ns3:cad>91</ns3:cad>
          </ns3:TrackPointExtension>
        </extensions>
      </trkpt>
      <trkpt lat="29.282005727291107177734375" lon="117.23854861222207546234130859375">
        <ele>40.59999847412109375</ele>
        <time>2026-08-19T22:01:00.000Z</time>
        <extensions>
          <ns3:TrackPointExtension>
            <ns3:hr>141</ns3:hr>
            <ns3:cad>92</ns3:cad>
          </ns3:TrackPointExtension>
        </extensions>
      </trkpt>
      <trkpt lat="29.281995333731174468994140625" lon="117.2385247237980365753173828125">
        <ele>40.59999847412109375</ele>
        <time>2026-08-19T22:01:01.000Z</time>
        <extensions>
          <ns3:TrackPointExtension>
            <ns3:hr>141</ns3:hr>
            <ns3:cad>92</ns3:cad>
          </ns3:TrackPointExtension>
        </extensions>
      </trkpt>
      <trkpt lat="29.28198628127574920654296875" lon="117.23849077709019184112548828125">
        <ele>40.40000152587890625</ele>
        <time>2026-08-19T22:01:02.000Z</time>
        <extensions>
          <ns3:TrackPointExtension>
            <ns3:hr>141</ns3:hr>
            <ns3:cad>92</ns3:cad>
          </ns3:TrackPointExtension>
        </extensions>
      </trkpt>
      <trkpt lat="29.2819757200777530670166015625" lon="117.23846395500004291534423828125">
        <ele>40.40000152587890625</ele>
        <time>2026-08-19T22:01:03.000Z</time>
        <extensions>
          <ns3:TrackPointExtension>
            <ns3:hr>141</ns3:hr>
            <ns3:cad>92</ns3:cad>
          </ns3:TrackPointExtension>
        </extensions>
      </trkpt>
      <trkpt lat="29.2819659970700740814208984375" lon="117.23842992447316646575927734375">
        <ele>40.200000762939453125</ele>
        <time>2026-08-19T22:01:04.000Z</time>
        <extensions>
          <ns3:TrackPointExtension>
            <ns3:hr>141</ns3:hr>
            <ns3:cad>92</ns3:cad>
          </ns3:TrackPointExtension>
        </extensions>
      </trkpt>
      <trkpt lat="29.28195250220596790313720703125" lon="117.23840318620204925537109375">
        <ele>40</ele>
        <time>2026-08-19T22:01:05.000Z</time>
        <extensions>
          <ns3:TrackPointExtension>
            <ns3:hr>141</ns3:hr>
            <ns3:cad>92</ns3:cad>
          </ns3:TrackPointExtension>
        </extensions>
      </trkpt>
      <trkpt lat="29.28194881416857242584228515625" lon="117.23836940713226795196533203125">
        <ele>40</ele>
        <time>2026-08-19T22:01:06.000Z</time>
        <extensions>
          <ns3:TrackPointExtension>
            <ns3:hr>141</ns3:hr>
            <ns3:cad>92</ns3:cad>
          </ns3:TrackPointExtension>
        </extensions>
      </trkpt>
      <trkpt lat="29.281940348446369171142578125" lon="117.2383399866521358489990234375">
        <ele>39.799999237060546875</ele>
        <time>2026-08-19T22:01:07.000Z</time>
        <extensions>
          <ns3:TrackPointExtension>
            <ns3:hr>141</ns3:hr>
            <ns3:cad>92</ns3:cad>
          </ns3:TrackPointExtension>
        </extensions>
      </trkpt>
      <trkpt lat="29.28194160573184490203857421875" lon="117.23830788396298885345458984375">
        <ele>39.799999237060546875</ele>
        <time>2026-08-19T22:01:08.000Z</time>
        <extensions>
          <ns3:TrackPointExtension>
            <ns3:hr>141</ns3:hr>
            <ns3:cad>92</ns3:cad>
          </ns3:TrackPointExtension>
        </extensions>
      </trkpt>
      <trkpt lat="29.28193741478025913238525390625" lon="117.2382756136357784271240234375">
        <ele>39.59999847412109375</ele>
        <time>2026-08-19T22:01:09.000Z</time>
        <extensions>
          <ns3:TrackPointExtension>
            <ns3:hr>141</ns3:hr>
            <ns3:cad>92</ns3:cad>
          </ns3:TrackPointExtension>
        </extensions>
      </trkpt>
      <trkpt lat="29.281940348446369171142578125" lon="117.23824770189821720123291015625">
        <ele>39.59999847412109375</ele>
        <time>2026-08-19T22:01:10.000Z</time>
        <extensions>
          <ns3:TrackPointExtension>
            <ns3:hr>141</ns3:hr>
            <ns3:cad>92</ns3:cad>
          </ns3:TrackPointExtension>
        </extensions>
      </trkpt>
      <trkpt lat="29.28195065818727016448974609375" lon="117.23821836523711681365966796875">
        <ele>39.59999847412109375</ele>
        <time>2026-08-19T22:01:11.000Z</time>
        <extensions>
          <ns3:TrackPointExtension>
            <ns3:hr>141</ns3:hr>
            <ns3:cad>92</ns3:cad>
          </ns3:TrackPointExtension>
        </extensions>
      </trkpt>
      <trkpt lat="29.28196884691715240478515625" lon="117.238190285861492156982421875">
        <ele>39.40000152587890625</ele>
        <time>2026-08-19T22:01:12.000Z</time>
        <extensions>
          <ns3:TrackPointExtension>
            <ns3:hr>141</ns3:hr>
            <ns3:cad>93</ns3:cad>
          </ns3:TrackPointExtension>
        </extensions>
      </trkpt>
      <trkpt lat="29.28199030458927154541015625" lon="117.23816120065748691558837890625">
        <ele>39.40000152587890625</ele>
        <time>2026-08-19T22:01:13.000Z</time>
        <extensions>
          <ns3:TrackPointExtension>
            <ns3:hr>140</ns3:hr>
            <ns3:cad>93</ns3:cad>
          </ns3:TrackPointExtension>
        </extensions>
      </trkpt>
      <trkpt lat="29.2820089124143123626708984375" lon="117.2381364740431308746337890625">
        <ele>39.40000152587890625</ele>
        <time>2026-08-19T22:01:14.000Z</time>
        <extensions>
          <ns3:TrackPointExtension>
            <ns3:hr>141</ns3:hr>
            <ns3:cad>93</ns3:cad>
          </ns3:TrackPointExtension>
        </extensions>
      </trkpt>
      <trkpt lat="29.28203531540930271148681640625" lon="117.238113842904567718505859375">
        <ele>39.200000762939453125</ele>
        <time>2026-08-19T22:01:15.000Z</time>
        <extensions>
          <ns3:TrackPointExtension>
            <ns3:hr>141</ns3:hr>
            <ns3:cad>93</ns3:cad>
          </ns3:TrackPointExtension>
        </extensions>
      </trkpt>
      <trkpt lat="29.28205543197691440582275390625" lon="117.23809179849922657012939453125">
        <ele>39.200000762939453125</ele>
        <time>2026-08-19T22:01:16.000Z</time>
        <extensions>
          <ns3:TrackPointExtension>
            <ns3:hr>141</ns3:hr>
            <ns3:cad>93</ns3:cad>
          </ns3:TrackPointExtension>
        </extensions>
      </trkpt>
      <trkpt lat="29.28208552300930023193359375" lon="117.2380667366087436676025390625">
        <ele>39</ele>
        <time>2026-08-19T22:01:17.000Z</time>
        <extensions>
          <ns3:TrackPointExtension>
            <ns3:hr>141</ns3:hr>
            <ns3:cad>93</ns3:cad>
          </ns3:TrackPointExtension>
        </extensions>
      </trkpt>
      <trkpt lat="29.28210656158626079559326171875" lon="117.238048799335956573486328125">
        <ele>39</ele>
        <time>2026-08-19T22:01:18.000Z</time>
        <extensions>
          <ns3:TrackPointExtension>
            <ns3:hr>141</ns3:hr>
            <ns3:cad>93</ns3:cad>
          </ns3:TrackPointExtension>
        </extensions>
      </trkpt>
      <trkpt lat="29.28213304840028285980224609375" lon="117.23803170025348663330078125">
        <ele>39</ele>
        <time>2026-08-19T22:01:19.000Z</time>
        <extensions>
          <ns3:TrackPointExtension>
            <ns3:hr>141</ns3:hr>
            <ns3:cad>93</ns3:cad>
          </ns3:TrackPointExtension>
        </extensions>
      </trkpt>
      <trkpt lat="29.28215257823467254638671875" lon="117.23801284097135066986083984375">
        <ele>38.799999237060546875</ele>
        <time>2026-08-19T22:01:20.000Z</time>
        <extensions>
          <ns3:TrackPointExtension>
            <ns3:hr>140</ns3:hr>
            <ns3:cad>92</ns3:cad>
          </ns3:TrackPointExtension>
        </extensions>
      </trkpt>
      <trkpt lat="29.28218199871480464935302734375" lon="117.23799389787018299102783203125">
        <ele>38.799999237060546875</ele>
        <time>2026-08-19T22:01:21.000Z</time>
        <extensions>
          <ns3:TrackPointExtension>
            <ns3:hr>141</ns3:hr>
            <ns3:cad>92</ns3:cad>
          </ns3:TrackPointExtension>
        </extensions>
      </trkpt>
      <trkpt lat="29.28220178000628948211669921875" lon="117.237975709140300750732421875">
        <ele>38.799999237060546875</ele>
        <time>2026-08-19T22:01:22.000Z</time>
        <extensions>
          <ns3:TrackPointExtension>
            <ns3:hr>141</ns3:hr>
            <ns3:cad>92</ns3:cad>
          </ns3:TrackPointExtension>
        </extensions>
      </trkpt>
      <trkpt lat="29.28223312832415103912353515625" lon="117.2379599511623382568359375">
        <ele>38.59999847412109375</ele>
        <time>2026-08-19T22:01:23.000Z</time>
        <extensions>
          <ns3:TrackPointExtension>
            <ns3:hr>141</ns3:hr>
            <ns3:cad>92</ns3:cad>
          </ns3:TrackPointExtension>
        </extensions>
      </trkpt>
      <trkpt lat="29.28225693292915821075439453125" lon="117.23794452846050262451171875">
        <ele>38.59999847412109375</ele>
        <time>2026-08-19T22:01:24.000Z</time>
        <extensions>
          <ns3:TrackPointExtension>
            <ns3:hr>141</ns3:hr>
            <ns3:cad>92</ns3:cad>
          </ns3:TrackPointExtension>
        </extensions>
      </trkpt>
      <trkpt lat="29.28228325210511684417724609375" lon="117.23792583681643009185791015625">
        <ele>38.40000152587890625</ele>
        <time>2026-08-19T22:01:25.000Z</time>
        <extensions>
          <ns3:TrackPointExtension>
            <ns3:hr>141</ns3:hr>
            <ns3:cad>92</ns3:cad>
          </ns3:TrackPointExtension>
        </extensions>
      </trkpt>
      <trkpt lat="29.28230705671012401580810546875" lon="117.2379041276872158050537109375">
        <ele>38.40000152587890625</ele>
        <time>2026-08-19T22:01:26.000Z</time>
        <extensions>
          <ns3:TrackPointExtension>
            <ns3:hr>141</ns3:hr>
            <ns3:cad>93</ns3:cad>
          </ns3:TrackPointExtension>
        </extensions>
      </trkpt>
      <trkpt lat="29.28233237005770206451416015625" lon="117.23788644187152385711669921875">
        <ele>38.40000152587890625</ele>
        <time>2026-08-19T22:01:27.000Z</time>
        <extensions>
          <ns3:TrackPointExtension>
            <ns3:hr>141</ns3:hr>
            <ns3:cad>93</ns3:cad>
          </ns3:TrackPointExtension>
        </extensions>
      </trkpt>
      <trkpt lat="29.28235567174851894378662109375" lon="117.23786632530391216278076171875">
        <ele>38.200000762939453125</ele>
        <time>2026-08-19T22:01:28.000Z</time>
        <extensions>
          <ns3:TrackPointExtension>
            <ns3:hr>141</ns3:hr>
            <ns3:cad>93</ns3:cad>
          </ns3:TrackPointExtension>
        </extensions>
      </trkpt>
      <trkpt lat="29.28237746469676494598388671875" lon="117.2378514893352985382080078125">
        <ele>38.200000762939453125</ele>
        <time>2026-08-19T22:01:29.000Z</time>
        <extensions>
          <ns3:TrackPointExtension>
            <ns3:hr>141</ns3:hr>
            <ns3:cad>93</ns3:cad>
          </ns3:TrackPointExtension>
        </extensions>
      </trkpt>
      <trkpt lat="29.2824035324156284332275390625" lon="117.237835563719272613525390625">
        <ele>38.200000762939453125</ele>
        <time>2026-08-19T22:01:30.000Z</time>
        <extensions>
          <ns3:TrackPointExtension>
            <ns3:hr>141</ns3:hr>
            <ns3:cad>93</ns3:cad>
          </ns3:TrackPointExtension>
        </extensions>
      </trkpt>
      <trkpt lat="29.2824270017445087432861328125" lon="117.2378258407115936279296875">
        <ele>38.200000762939453125</ele>
        <time>2026-08-19T22:01:31.000Z</time>
        <extensions>
          <ns3:TrackPointExtension>
            <ns3:hr>141</ns3:hr>
            <ns3:cad>93</ns3:cad>
          </ns3:TrackPointExtension>
        </extensions>
      </trkpt>
      <trkpt lat="29.28245273418724536895751953125" lon="117.23781066946685314178466796875">
        <ele>38</ele>
        <time>2026-08-19T22:01:32.000Z</time>
        <extensions>
          <ns3:TrackPointExtension>
            <ns3:hr>141</ns3:hr>
            <ns3:cad>93</ns3:cad>
          </ns3:TrackPointExtension>
        </extensions>
      </trkpt>
      <trkpt lat="29.28247754462063312530517578125" lon="117.2377981804311275482177734375">
        <ele>38.200000762939453125</ele>
        <time>2026-08-19T22:01:33.000Z</time>
        <extensions>
          <ns3:TrackPointExtension>
            <ns3:hr>141</ns3:hr>
            <ns3:cad>92</ns3:cad>
          </ns3:TrackPointExtension>
        </extensions>
      </trkpt>
      <trkpt lat="29.28249715827405452728271484375" lon="117.23777563311159610748291015625">
        <ele>38</ele>
        <time>2026-08-19T22:01:34.000Z</time>
        <extensions>
          <ns3:TrackPointExtension>
            <ns3:hr>141</ns3:hr>
            <ns3:cad>92</ns3:cad>
          </ns3:TrackPointExtension>
        </extensions>
      </trkpt>
      <trkpt lat="29.28251828067004680633544921875" lon="117.23775551654398441314697265625">
        <ele>38</ele>
        <time>2026-08-19T22:01:35.000Z</time>
        <extensions>
          <ns3:TrackPointExtension>
            <ns3:hr>141</ns3:hr>
            <ns3:cad>92</ns3:cad>
          </ns3:TrackPointExtension>
        </extensions>
      </trkpt>
      <trkpt lat="29.2825527302920818328857421875" lon="117.23773858509957790374755859375">
        <ele>38</ele>
        <time>2026-08-19T22:01:36.000Z</time>
        <extensions>
          <ns3:TrackPointExtension>
            <ns3:hr>141</ns3:hr>
            <ns3:cad>92</ns3:cad>
          </ns3:TrackPointExtension>
        </extensions>
      </trkpt>
      <trkpt lat="29.28257678635418415069580078125" lon="117.23772299475967884063720703125">
        <ele>37.799999237060546875</ele>
        <time>2026-08-19T22:01:37.000Z</time>
        <extensions>
          <ns3:TrackPointExtension>
            <ns3:hr>141</ns3:hr>
            <ns3:cad>90</ns3:cad>
          </ns3:TrackPointExtension>
        </extensions>
      </trkpt>
      <trkpt lat="29.28260880522429943084716796875" lon="117.2377086617052555084228515625">
        <ele>37.799999237060546875</ele>
        <time>2026-08-19T22:01:38.000Z</time>
        <extensions>
          <ns3:TrackPointExtension>
            <ns3:hr>141</ns3:hr>
            <ns3:cad>90</ns3:cad>
          </ns3:TrackPointExtension>
        </extensions>
      </trkpt>
      <trkpt lat="29.28263135254383087158203125" lon="117.2376944124698638916015625">
        <ele>37.59999847412109375</ele>
        <time>2026-08-19T22:01:39.000Z</time>
        <extensions>
          <ns3:TrackPointExtension>
            <ns3:hr>141</ns3:hr>
            <ns3:cad>90</ns3:cad>
          </ns3:TrackPointExtension>
        </extensions>
      </trkpt>
      <trkpt lat="29.28265775553882122039794921875" lon="117.2376818396151065826416015625">
        <ele>37.59999847412109375</ele>
        <time>2026-08-19T22:01:40.000Z</time>
        <extensions>
          <ns3:TrackPointExtension>
            <ns3:hr>141</ns3:hr>
            <ns3:cad>90</ns3:cad>
          </ns3:TrackPointExtension>
        </extensions>
      </trkpt>
      <trkpt lat="29.28267837502062320709228515625" lon="117.23766549490392208099365234375">
        <ele>37.799999237060546875</ele>
        <time>2026-08-19T22:01:41.000Z</time>
        <extensions>
          <ns3:TrackPointExtension>
            <ns3:hr>141</ns3:hr>
            <ns3:cad>92</ns3:cad>
          </ns3:TrackPointExtension>
        </extensions>
      </trkpt>
      <trkpt lat="29.28270787931978702545166015625" lon="117.237652502954006195068359375">
        <ele>37.59999847412109375</ele>
        <time>2026-08-19T22:01:42.000Z</time>
        <extensions>
          <ns3:TrackPointExtension>
            <ns3:hr>141</ns3:hr>
            <ns3:cad>92</ns3:cad>
          </ns3:TrackPointExtension>
        </extensions>
      </trkpt>
      <trkpt lat="29.28273084573447704315185546875" lon="117.2376352362334728240966796875">
        <ele>37.59999847412109375</ele>
        <time>2026-08-19T22:01:43.000Z</time>
        <extensions>
          <ns3:TrackPointExtension>
            <ns3:hr>141</ns3:hr>
            <ns3:cad>91</ns3:cad>
          </ns3:TrackPointExtension>
        </extensions>
      </trkpt>
      <trkpt lat="29.2827580869197845458984375" lon="117.23762157373130321502685546875">
        <ele>37.59999847412109375</ele>
        <time>2026-08-19T22:01:44.000Z</time>
        <extensions>
          <ns3:TrackPointExtension>
            <ns3:hr>141</ns3:hr>
            <ns3:cad>91</ns3:cad>
          </ns3:TrackPointExtension>
        </extensions>
      </trkpt>
      <trkpt lat="29.28278448991477489471435546875" lon="117.2376057319343090057373046875">
        <ele>37.59999847412109375</ele>
        <time>2026-08-19T22:01:45.000Z</time>
        <extensions>
          <ns3:TrackPointExtension>
            <ns3:hr>140</ns3:hr>
            <ns3:cad>91</ns3:cad>
          </ns3:TrackPointExtension>
        </extensions>
      </trkpt>
      <trkpt lat="29.28281307220458984375" lon="117.23759156651794910430908203125">
        <ele>37.40000152587890625</ele>
        <time>2026-08-19T22:01:46.000Z</time>
        <extensions>
          <ns3:TrackPointExtension>
            <ns3:hr>140</ns3:hr>
            <ns3:cad>91</ns3:cad>
          </ns3:TrackPointExtension>
        </extensions>
      </trkpt>
      <trkpt lat="29.28283796645700931549072265625" lon="117.23757572472095489501953125">
        <ele>37.40000152587890625</ele>
        <time>2026-08-19T22:01:47.000Z</time>
        <extensions>
          <ns3:TrackPointExtension>
            <ns3:hr>140</ns3:hr>
            <ns3:cad>92</ns3:cad>
          </ns3:TrackPointExtension>
        </extensions>
      </trkpt>
      <trkpt lat="29.28286579437553882598876953125" lon="117.2375604696571826934814453125">
        <ele>37.40000152587890625</ele>
        <time>2026-08-19T22:01:48.000Z</time>
        <extensions>
          <ns3:TrackPointExtension>
            <ns3:hr>140</ns3:hr>
            <ns3:cad>92</ns3:cad>
          </ns3:TrackPointExtension>
        </extensions>
      </trkpt>
      <trkpt lat="29.28289127536118030548095703125" lon="117.237545549869537353515625">
        <ele>37.40000152587890625</ele>
        <time>2026-08-19T22:01:49.000Z</time>
        <extensions>
          <ns3:TrackPointExtension>
            <ns3:hr>140</ns3:hr>
            <ns3:cad>92</ns3:cad>
          </ns3:TrackPointExtension>
        </extensions>
      </trkpt>
      <trkpt lat="29.2829175107181072235107421875" lon="117.23753054626286029815673828125">
        <ele>37.40000152587890625</ele>
        <time>2026-08-19T22:01:50.000Z</time>
        <extensions>
          <ns3:TrackPointExtension>
            <ns3:hr>140</ns3:hr>
            <ns3:cad>91</ns3:cad>
          </ns3:TrackPointExtension>
        </extensions>
      </trkpt>
      <trkpt lat="29.282944835722446441650390625" lon="117.2375145368278026580810546875">
        <ele>37.200000762939453125</ele>
        <time>2026-08-19T22:01:51.000Z</time>
        <extensions>
          <ns3:TrackPointExtension>
            <ns3:hr>140</ns3:hr>
            <ns3:cad>91</ns3:cad>
          </ns3:TrackPointExtension>
        </extensions>
      </trkpt>
      <trkpt lat="29.28297341801226139068603515625" lon="117.2375021316111087799072265625">
        <ele>37.200000762939453125</ele>
        <time>2026-08-19T22:01:52.000Z</time>
        <extensions>
          <ns3:TrackPointExtension>
            <ns3:hr>140</ns3:hr>
            <ns3:cad>91</ns3:cad>
          </ns3:TrackPointExtension>
        </extensions>
      </trkpt>
      <trkpt lat="29.283001832664012908935546875" lon="117.23748813383281230926513671875">
        <ele>37.200000762939453125</ele>
        <time>2026-08-19T22:01:53.000Z</time>
        <extensions>
          <ns3:TrackPointExtension>
            <ns3:hr>139</ns3:hr>
            <ns3:cad>91</ns3:cad>
          </ns3:TrackPointExtension>
        </extensions>
      </trkpt>
      <trkpt lat="29.283028654754161834716796875" lon="117.23747338168323040008544921875">
        <ele>37.200000762939453125</ele>
        <time>2026-08-19T22:01:54.000Z</time>
        <extensions>
          <ns3:TrackPointExtension>
            <ns3:hr>140</ns3:hr>
            <ns3:cad>90</ns3:cad>
          </ns3:TrackPointExtension>
        </extensions>
      </trkpt>
      <trkpt lat="29.2830573208630084991455078125" lon="117.23745904862880706787109375">
        <ele>37</ele>
        <time>2026-08-19T22:01:55.000Z</time>
        <extensions>
          <ns3:TrackPointExtension>
            <ns3:hr>140</ns3:hr>
            <ns3:cad>90</ns3:cad>
          </ns3:TrackPointExtension>
        </extensions>
      </trkpt>
      <trkpt lat="29.28307902999222278594970703125" lon="117.23744655959308147430419921875">
        <ele>37</ele>
        <time>2026-08-19T22:01:56.000Z</time>
        <extensions>
          <ns3:TrackPointExtension>
            <ns3:hr>139</ns3:hr>
            <ns3:cad>90</ns3:cad>
          </ns3:TrackPointExtension>
        </extensions>
      </trkpt>
      <trkpt lat="29.283108450472354888916015625" lon="117.23743331618607044219970703125">
        <ele>37</ele>
        <time>2026-08-19T22:01:57.000Z</time>
        <extensions>
          <ns3:TrackPointExtension>
            <ns3:hr>140</ns3:hr>
            <ns3:cad>91</ns3:cad>
          </ns3:TrackPointExtension>
        </extensions>
      </trkpt>
      <trkpt lat="29.28313233889639377593994140625" lon="117.23742158152163028717041015625">
        <ele>37</ele>
        <time>2026-08-19T22:01:58.000Z</time>
        <extensions>
          <ns3:TrackPointExtension>
            <ns3:hr>140</ns3:hr>
            <ns3:cad>91</ns3:cad>
          </ns3:TrackPointExtension>
        </extensions>
      </trkpt>
      <trkpt lat="29.28316167555749416351318359375" lon="117.237409763038158416748046875">
        <ele>37</ele>
        <time>2026-08-19T22:01:59.000Z</time>
        <extensions>
          <ns3:TrackPointExtension>
            <ns3:hr>140</ns3:hr>
            <ns3:cad>91</ns3:cad>
          </ns3:TrackPointExtension>
        </extensions>
      </trkpt>
      <trkpt lat="29.28318346850574016571044921875" lon="117.23739811219274997711181640625">
        <ele>37</ele>
        <time>2026-08-19T22:02:00.000Z</time>
        <extensions>
          <ns3:TrackPointExtension>
            <ns3:hr>140</ns3:hr>
            <ns3:cad>91</ns3:cad>
          </ns3:TrackPointExtension>
        </extensions>
      </trkpt>
      <trkpt lat="29.283214397728443145751953125" lon="117.23738352768123149871826171875">
        <ele>37</ele>
        <time>2026-08-19T22:02:01.000Z</time>
        <extensions>
          <ns3:TrackPointExtension>
            <ns3:hr>141</ns3:hr>
            <ns3:cad>91</ns3:cad>
          </ns3:TrackPointExtension>
        </extensions>
      </trkpt>
      <trkpt lat="29.28323443047702312469482421875" lon="117.23736517131328582763671875">
        <ele>37</ele>
        <time>2026-08-19T22:02:02.000Z</time>
        <extensions>
          <ns3:TrackPointExtension>
            <ns3:hr>141</ns3:hr>
            <ns3:cad>90</ns3:cad>
          </ns3:TrackPointExtension>
        </extensions>
      </trkpt>
      <trkpt lat="29.28325991146266460418701171875" lon="117.2373482398688793182373046875">
        <ele>37</ele>
        <time>2026-08-19T22:02:03.000Z</time>
        <extensions>
          <ns3:TrackPointExtension>
            <ns3:hr>141</ns3:hr>
            <ns3:cad>90</ns3:cad>
          </ns3:TrackPointExtension>
        </extensions>
      </trkpt>
      <trkpt lat="29.283277094364166259765625" lon="117.23733072169125080108642578125">
        <ele>37</ele>
        <time>2026-08-19T22:02:04.000Z</time>
        <extensions>
          <ns3:TrackPointExtension>
            <ns3:hr>142</ns3:hr>
            <ns3:cad>90</ns3:cad>
          </ns3:TrackPointExtension>
        </extensions>
      </trkpt>
      <trkpt lat="29.283303916454315185546875" lon="117.23730884492397308349609375">
        <ele>37</ele>
        <time>2026-08-19T22:02:05.000Z</time>
        <extensions>
          <ns3:TrackPointExtension>
            <ns3:hr>142</ns3:hr>
            <ns3:cad>90</ns3:cad>
          </ns3:TrackPointExtension>
        </extensions>
      </trkpt>
      <trkpt lat="29.28332160227000713348388671875" lon="117.23728981800377368927001953125">
        <ele>37</ele>
        <time>2026-08-19T22:02:06.000Z</time>
        <extensions>
          <ns3:TrackPointExtension>
            <ns3:hr>142</ns3:hr>
            <ns3:cad>91</ns3:cad>
          </ns3:TrackPointExtension>
        </extensions>
      </trkpt>
      <trkpt lat="29.28334775380790233612060546875" lon="117.2372657619416713714599609375">
        <ele>37</ele>
        <time>2026-08-19T22:02:07.000Z</time>
        <extensions>
          <ns3:TrackPointExtension>
            <ns3:hr>142</ns3:hr>
            <ns3:cad>91</ns3:cad>
          </ns3:TrackPointExtension>
        </extensions>
      </trkpt>
      <trkpt lat="29.28336150012910366058349609375" lon="117.2372456453740596771240234375">
        <ele>37</ele>
        <time>2026-08-19T22:02:08.000Z</time>
        <extensions>
          <ns3:TrackPointExtension>
            <ns3:hr>143</ns3:hr>
            <ns3:cad>91</ns3:cad>
          </ns3:TrackPointExtension>
        </extensions>
      </trkpt>
      <trkpt lat="29.2833857238292694091796875" lon="117.2372221760451793670654296875">
        <ele>37</ele>
        <time>2026-08-19T22:02:09.000Z</time>
        <extensions>
          <ns3:TrackPointExtension>
            <ns3:hr>143</ns3:hr>
            <ns3:cad>91</ns3:cad>
          </ns3:TrackPointExtension>
        </extensions>
      </trkpt>
      <trkpt lat="29.28339955396950244903564453125" lon="117.2372023947536945343017578125">
        <ele>37</ele>
        <time>2026-08-19T22:02:10.000Z</time>
        <extensions>
          <ns3:TrackPointExtension>
            <ns3:hr>142</ns3:hr>
            <ns3:cad>91</ns3:cad>
          </ns3:TrackPointExtension>
        </extensions>
      </trkpt>
      <trkpt lat="29.28342704661190509796142578125" lon="117.23718169145286083221435546875">
        <ele>37</ele>
        <time>2026-08-19T22:02:11.000Z</time>
        <extensions>
          <ns3:TrackPointExtension>
            <ns3:hr>142</ns3:hr>
            <ns3:cad>91</ns3:cad>
          </ns3:TrackPointExtension>
        </extensions>
      </trkpt>
      <trkpt lat="29.2834428884088993072509765625" lon="117.23716375418007373809814453125">
        <ele>37</ele>
        <time>2026-08-19T22:02:12.000Z</time>
        <extensions>
          <ns3:TrackPointExtension>
            <ns3:hr>142</ns3:hr>
            <ns3:cad>90</ns3:cad>
          </ns3:TrackPointExtension>
        </extensions>
      </trkpt>
      <trkpt lat="29.283469878137111663818359375" lon="117.23714254796504974365234375">
        <ele>36.799999237060546875</ele>
        <time>2026-08-19T22:02:13.000Z</time>
        <extensions>
          <ns3:TrackPointExtension>
            <ns3:hr>143</ns3:hr>
            <ns3:cad>90</ns3:cad>
          </ns3:TrackPointExtension>
        </extensions>
      </trkpt>
      <trkpt lat="29.28348639048635959625244140625" lon="117.23712285049259662628173828125">
        <ele>36.799999237060546875</ele>
        <time>2026-08-19T22:02:14.000Z</time>
        <extensions>
          <ns3:TrackPointExtension>
            <ns3:hr>142</ns3:hr>
            <ns3:cad>90</ns3:cad>
          </ns3:TrackPointExtension>
        </extensions>
      </trkpt>
      <trkpt lat="29.28351321257650852203369140625" lon="117.23710072226822376251220703125">
        <ele>36.799999237060546875</ele>
        <time>2026-08-19T22:02:15.000Z</time>
        <extensions>
          <ns3:TrackPointExtension>
            <ns3:hr>142</ns3:hr>
            <ns3:cad>90</ns3:cad>
          </ns3:TrackPointExtension>
        </extensions>
      </trkpt>
      <trkpt lat="29.28352863527834415435791015625" lon="117.23707742057740688323974609375">
        <ele>36.799999237060546875</ele>
        <time>2026-08-19T22:02:16.000Z</time>
        <extensions>
          <ns3:TrackPointExtension>
            <ns3:hr>143</ns3:hr>
            <ns3:cad>90</ns3:cad>
          </ns3:TrackPointExtension>
        </extensions>
      </trkpt>
      <trkpt lat="29.28355478681623935699462890625" lon="117.23705830983817577362060546875">
        <ele>36.59999847412109375</ele>
        <time>2026-08-19T22:02:17.000Z</time>
        <extensions>
          <ns3:TrackPointExtension>
            <ns3:hr>142</ns3:hr>
            <ns3:cad>90</ns3:cad>
          </ns3:TrackPointExtension>
        </extensions>
      </trkpt>
      <trkpt lat="29.28357054479420185089111328125" lon="117.237038277089595794677734375">
        <ele>36.59999847412109375</ele>
        <time>2026-08-19T22:02:18.000Z</time>
        <extensions>
          <ns3:TrackPointExtension>
            <ns3:hr>142</ns3:hr>
            <ns3:cad>91</ns3:cad>
          </ns3:TrackPointExtension>
        </extensions>
      </trkpt>
      <trkpt lat="29.28359602577984333038330078125" lon="117.2370166517794132232666015625">
        <ele>36.799999237060546875</ele>
        <time>2026-08-19T22:02:19.000Z</time>
        <extensions>
          <ns3:TrackPointExtension>
            <ns3:hr>142</ns3:hr>
            <ns3:cad>91</ns3:cad>
          </ns3:TrackPointExtension>
        </extensions>
      </trkpt>
      <trkpt lat="29.28361144848167896270751953125" lon="117.2369965352118015289306640625">
        <ele>36.59999847412109375</ele>
        <time>2026-08-19T22:02:20.000Z</time>
        <extensions>
          <ns3:TrackPointExtension>
            <ns3:hr>141</ns3:hr>
            <ns3:cad>91</ns3:cad>
          </ns3:TrackPointExtension>
        </extensions>
      </trkpt>
      <trkpt lat="29.28363583981990814208984375" lon="117.23697532899677753448486328125">
        <ele>36.59999847412109375</ele>
        <time>2026-08-19T22:02:21.000Z</time>
        <extensions>
          <ns3:TrackPointExtension>
            <ns3:hr>141</ns3:hr>
            <ns3:cad>91</ns3:cad>
          </ns3:TrackPointExtension>
        </extensions>
      </trkpt>
      <trkpt lat="29.283656291663646697998046875" lon="117.23695504479110240936279296875">
        <ele>36.59999847412109375</ele>
        <time>2026-08-19T22:02:22.000Z</time>
        <extensions>
          <ns3:TrackPointExtension>
            <ns3:hr>141</ns3:hr>
            <ns3:cad>91</ns3:cad>
          </ns3:TrackPointExtension>
        </extensions>
      </trkpt>
      <trkpt lat="29.28367917425930500030517578125" lon="117.2369355149567127227783203125">
        <ele>36.59999847412109375</ele>
        <time>2026-08-19T22:02:23.000Z</time>
        <extensions>
          <ns3:TrackPointExtension>
            <ns3:hr>141</ns3:hr>
            <ns3:cad>92</ns3:cad>
          </ns3:TrackPointExtension>
        </extensions>
      </trkpt>
      <trkpt lat="29.2836990393698215484619140625" lon="117.2369130514562129974365234375">
        <ele>36.59999847412109375</ele>
        <time>2026-08-19T22:02:24.000Z</time>
        <extensions>
          <ns3:TrackPointExtension>
            <ns3:hr>142</ns3:hr>
            <ns3:cad>92</ns3:cad>
          </ns3:TrackPointExtension>
        </extensions>
      </trkpt>
      <trkpt lat="29.28371773101389408111572265625" lon="117.23689067177474498748779296875">
        <ele>36.59999847412109375</ele>
        <time>2026-08-19T22:02:25.000Z</time>
        <extensions>
          <ns3:TrackPointExtension>
            <ns3:hr>142</ns3:hr>
            <ns3:cad>92</ns3:cad>
          </ns3:TrackPointExtension>
        </extensions>
      </trkpt>
      <trkpt lat="29.28373868577182292938232421875" lon="117.23686896264553070068359375">
        <ele>36.59999847412109375</ele>
        <time>2026-08-19T22:02:26.000Z</time>
        <extensions>
          <ns3:TrackPointExtension>
            <ns3:hr>141</ns3:hr>
            <ns3:cad>92</ns3:cad>
          </ns3:TrackPointExtension>
        </extensions>
      </trkpt>
      <trkpt lat="29.2837600596249103546142578125" lon="117.23685060627758502960205078125">
        <ele>36.59999847412109375</ele>
        <time>2026-08-19T22:02:27.000Z</time>
        <extensions>
          <ns3:TrackPointExtension>
            <ns3:hr>141</ns3:hr>
            <ns3:cad>93</ns3:cad>
          </ns3:TrackPointExtension>
        </extensions>
      </trkpt>
      <trkpt lat="29.283784367144107818603515625" lon="117.236825712025165557861328125">
        <ele>36.59999847412109375</ele>
        <time>2026-08-19T22:02:28.000Z</time>
        <extensions>
          <ns3:TrackPointExtension>
            <ns3:hr>141</ns3:hr>
            <ns3:cad>93</ns3:cad>
          </ns3:TrackPointExtension>
        </extensions>
      </trkpt>
      <trkpt lat="29.2838019691407680511474609375" lon="117.2368057630956172943115234375">
        <ele>36.59999847412109375</ele>
        <time>2026-08-19T22:02:29.000Z</time>
        <extensions>
          <ns3:TrackPointExtension>
            <ns3:hr>141</ns3:hr>
            <ns3:cad>93</ns3:cad>
          </ns3:TrackPointExtension>
        </extensions>
      </trkpt>
      <trkpt lat="29.28382870741188526153564453125" lon="117.2367802821099758148193359375">
        <ele>36.59999847412109375</ele>
        <time>2026-08-19T22:02:30.000Z</time>
        <extensions>
          <ns3:TrackPointExtension>
            <ns3:hr>141</ns3:hr>
            <ns3:cad>92</ns3:cad>
          </ns3:TrackPointExtension>
        </extensions>
      </trkpt>
      <trkpt lat="29.28384563885629177093505859375" lon="117.23676159046590328216552734375">
        <ele>36.40000152587890625</ele>
        <time>2026-08-19T22:02:31.000Z</time>
        <extensions>
          <ns3:TrackPointExtension>
            <ns3:hr>141</ns3:hr>
            <ns3:cad>92</ns3:cad>
          </ns3:TrackPointExtension>
        </extensions>
      </trkpt>
      <trkpt lat="29.28387732245028018951416015625" lon="117.236745245754718780517578125">
        <ele>36.40000152587890625</ele>
        <time>2026-08-19T22:02:32.000Z</time>
        <extensions>
          <ns3:TrackPointExtension>
            <ns3:hr>141</ns3:hr>
            <ns3:cad>92</ns3:cad>
          </ns3:TrackPointExtension>
        </extensions>
      </trkpt>
      <trkpt lat="29.28389660082757472991943359375" lon="117.23672990687191486358642578125">
        <ele>36.40000152587890625</ele>
        <time>2026-08-19T22:02:33.000Z</time>
        <extensions>
          <ns3:TrackPointExtension>
            <ns3:hr>141</ns3:hr>
            <ns3:cad>92</ns3:cad>
          </ns3:TrackPointExtension>
        </extensions>
      </trkpt>
      <trkpt lat="29.2839236743748188018798828125" lon="117.23671247251331806182861328125">
        <ele>36.40000152587890625</ele>
        <time>2026-08-19T22:02:34.000Z</time>
        <extensions>
          <ns3:TrackPointExtension>
            <ns3:hr>140</ns3:hr>
            <ns3:cad>92</ns3:cad>
          </ns3:TrackPointExtension>
        </extensions>
      </trkpt>
      <trkpt lat="29.283940605819225311279296875" lon="117.23669470287859439849853515625">
        <ele>36.40000152587890625</ele>
        <time>2026-08-19T22:02:35.000Z</time>
        <extensions>
          <ns3:TrackPointExtension>
            <ns3:hr>140</ns3:hr>
            <ns3:cad>92</ns3:cad>
          </ns3:TrackPointExtension>
        </extensions>
      </trkpt>
      <trkpt lat="29.28397086448967456817626953125" lon="117.23667441867291927337646484375">
        <ele>36.200000762939453125</ele>
        <time>2026-08-19T22:02:36.000Z</time>
        <extensions>
          <ns3:TrackPointExtension>
            <ns3:hr>139</ns3:hr>
            <ns3:cad>92</ns3:cad>
          </ns3:TrackPointExtension>
        </extensions>
      </trkpt>
      <trkpt lat="29.28398729301989078521728515625" lon="117.2366518713533878326416015625">
        <ele>36.200000762939453125</ele>
        <time>2026-08-19T22:02:37.000Z</time>
        <extensions>
          <ns3:TrackPointExtension>
            <ns3:hr>139</ns3:hr>
            <ns3:cad>92</ns3:cad>
          </ns3:TrackPointExtension>
        </extensions>
      </trkpt>
      <trkpt lat="29.28401361219584941864013671875" lon="117.23662915639579296112060546875">
        <ele>36.200000762939453125</ele>
        <time>2026-08-19T22:02:38.000Z</time>
        <extensions>
          <ns3:TrackPointExtension>
            <ns3:hr>138</ns3:hr>
            <ns3:cad>92</ns3:cad>
          </ns3:TrackPointExtension>
        </extensions>
      </trkpt>
      <trkpt lat="29.28403020836412906646728515625" lon="117.23660702817142009735107421875">
        <ele>36.200000762939453125</ele>
        <time>2026-08-19T22:02:39.000Z</time>
        <extensions>
          <ns3:TrackPointExtension>
            <ns3:hr>138</ns3:hr>
            <ns3:cad>92</ns3:cad>
          </ns3:TrackPointExtension>
        </extensions>
      </trkpt>
      <trkpt lat="29.28405694663524627685546875" lon="117.23658808507025241851806640625">
        <ele>36</ele>
        <time>2026-08-19T22:02:40.000Z</time>
        <extensions>
          <ns3:TrackPointExtension>
            <ns3:hr>138</ns3:hr>
            <ns3:cad>92</ns3:cad>
          </ns3:TrackPointExtension>
        </extensions>
      </trkpt>
      <trkpt lat="29.28407547064125537872314453125" lon="117.23656981252133846282958984375">
        <ele>36</ele>
        <time>2026-08-19T22:02:41.000Z</time>
        <extensions>
          <ns3:TrackPointExtension>
            <ns3:hr>137</ns3:hr>
            <ns3:cad>92</ns3:cad>
          </ns3:TrackPointExtension>
        </extensions>
      </trkpt>
      <trkpt lat="29.28410195745527744293212890625" lon="117.2365516237914562225341796875">
        <ele>36</ele>
        <time>2026-08-19T22:02:42.000Z</time>
        <extensions>
          <ns3:TrackPointExtension>
            <ns3:hr>137</ns3:hr>
            <ns3:cad>92</ns3:cad>
          </ns3:TrackPointExtension>
        </extensions>
      </trkpt>
      <trkpt lat="29.28411939181387424468994140625" lon="117.23653142340481281280517578125">
        <ele>36</ele>
        <time>2026-08-19T22:02:43.000Z</time>
        <extensions>
          <ns3:TrackPointExtension>
            <ns3:hr>137</ns3:hr>
            <ns3:cad>92</ns3:cad>
          </ns3:TrackPointExtension>
        </extensions>
      </trkpt>
      <trkpt lat="29.284148477017879486083984375" lon="117.23651482723653316497802734375">
        <ele>36</ele>
        <time>2026-08-19T22:02:44.000Z</time>
        <extensions>
          <ns3:TrackPointExtension>
            <ns3:hr>137</ns3:hr>
            <ns3:cad>91</ns3:cad>
          </ns3:TrackPointExtension>
        </extensions>
      </trkpt>
      <trkpt lat="29.284169264137744903564453125" lon="117.236491777002811431884765625">
        <ele>36.200000762939453125</ele>
        <time>2026-08-19T22:02:45.000Z</time>
        <extensions>
          <ns3:TrackPointExtension>
            <ns3:hr>137</ns3:hr>
            <ns3:cad>91</ns3:cad>
          </ns3:TrackPointExtension>
        </extensions>
      </trkpt>
      <trkpt lat="29.28419684059917926788330078125" lon="117.23647241480648517608642578125">
        <ele>36</ele>
        <time>2026-08-19T22:02:46.000Z</time>
        <extensions>
          <ns3:TrackPointExtension>
            <ns3:hr>137</ns3:hr>
            <ns3:cad>91</ns3:cad>
          </ns3:TrackPointExtension>
        </extensions>
      </trkpt>
      <trkpt lat="29.2842177115380764007568359375" lon="117.236445844173431396484375">
        <ele>36</ele>
        <time>2026-08-19T22:02:47.000Z</time>
        <extensions>
          <ns3:TrackPointExtension>
            <ns3:hr>137</ns3:hr>
            <ns3:cad>92</ns3:cad>
          </ns3:TrackPointExtension>
        </extensions>
      </trkpt>
      <trkpt lat="29.284244365990161895751953125" lon="117.23642379976809024810791015625">
        <ele>36</ele>
        <time>2026-08-19T22:02:48.000Z</time>
        <extensions>
          <ns3:TrackPointExtension>
            <ns3:hr>138</ns3:hr>
            <ns3:cad>92</ns3:cad>
          </ns3:TrackPointExtension>
        </extensions>
      </trkpt>
      <trkpt lat="29.2842666618525981903076171875" lon="117.23639823496341705322265625">
        <ele>36</ele>
        <time>2026-08-19T22:02:49.000Z</time>
        <extensions>
          <ns3:TrackPointExtension>
            <ns3:hr>138</ns3:hr>
            <ns3:cad>92</ns3:cad>
          </ns3:TrackPointExtension>
        </extensions>
      </trkpt>
      <trkpt lat="29.28428770042955875396728515625" lon="117.23637820221483707427978515625">
        <ele>36</ele>
        <time>2026-08-19T22:02:50.000Z</time>
        <extensions>
          <ns3:TrackPointExtension>
            <ns3:hr>138</ns3:hr>
            <ns3:cad>92</ns3:cad>
          </ns3:TrackPointExtension>
        </extensions>
      </trkpt>
      <trkpt lat="29.28430982865393161773681640625" lon="117.236354649066925048828125">
        <ele>36</ele>
        <time>2026-08-19T22:02:51.000Z</time>
        <extensions>
          <ns3:TrackPointExtension>
            <ns3:hr>138</ns3:hr>
            <ns3:cad>92</ns3:cad>
          </ns3:TrackPointExtension>
        </extensions>
      </trkpt>
      <trkpt lat="29.2843298614025115966796875" lon="117.2363350354135036468505859375">
        <ele>36</ele>
        <time>2026-08-19T22:02:52.000Z</time>
        <extensions>
          <ns3:TrackPointExtension>
            <ns3:hr>139</ns3:hr>
            <ns3:cad>92</ns3:cad>
          </ns3:TrackPointExtension>
        </extensions>
      </trkpt>
      <trkpt lat="29.28435266017913818359375" lon="117.23631433211266994476318359375">
        <ele>36</ele>
        <time>2026-08-19T22:02:53.000Z</time>
        <extensions>
          <ns3:TrackPointExtension>
            <ns3:hr>138</ns3:hr>
            <ns3:cad>92</ns3:cad>
          </ns3:TrackPointExtension>
        </extensions>
      </trkpt>
      <trkpt lat="29.28437068127095699310302734375" lon="117.23629488609731197357177734375">
        <ele>36</ele>
        <time>2026-08-19T22:02:54.000Z</time>
        <extensions>
          <ns3:TrackPointExtension>
            <ns3:hr>139</ns3:hr>
            <ns3:cad>92</ns3:cad>
          </ns3:TrackPointExtension>
        </extensions>
      </trkpt>
      <trkpt lat="29.28439515642821788787841796875" lon="117.23627158440649509429931640625">
        <ele>36</ele>
        <time>2026-08-19T22:02:55.000Z</time>
        <extensions>
          <ns3:TrackPointExtension>
            <ns3:hr>139</ns3:hr>
            <ns3:cad>91</ns3:cad>
          </ns3:TrackPointExtension>
        </extensions>
      </trkpt>
      <trkpt lat="29.2844141833484172821044921875" lon="117.23625029437243938446044921875">
        <ele>36</ele>
        <time>2026-08-19T22:02:56.000Z</time>
        <extensions>
          <ns3:TrackPointExtension>
            <ns3:hr>139</ns3:hr>
            <ns3:cad>90</ns3:cad>
          </ns3:TrackPointExtension>
        </extensions>
      </trkpt>
      <trkpt lat="29.28443991579115390777587890625" lon="117.23622716031968593597412109375">
        <ele>36</ele>
        <time>2026-08-19T22:02:57.000Z</time>
        <extensions>
          <ns3:TrackPointExtension>
            <ns3:hr>139</ns3:hr>
            <ns3:cad>90</ns3:cad>
          </ns3:TrackPointExtension>
        </extensions>
      </trkpt>
      <trkpt lat="29.284464977681636810302734375" lon="117.2362076304852962493896484375">
        <ele>36</ele>
        <time>2026-08-19T22:02:58.000Z</time>
        <extensions>
          <ns3:TrackPointExtension>
            <ns3:hr>140</ns3:hr>
            <ns3:cad>90</ns3:cad>
          </ns3:TrackPointExtension>
        </extensions>
      </trkpt>
      <trkpt lat="29.28449054248631000518798828125" lon="117.23618759773671627044677734375">
        <ele>36</ele>
        <time>2026-08-19T22:02:59.000Z</time>
        <extensions>
          <ns3:TrackPointExtension>
            <ns3:hr>140</ns3:hr>
            <ns3:cad>90</ns3:cad>
          </ns3:TrackPointExtension>
        </extensions>
      </trkpt>
      <trkpt lat="29.2845090664923191070556640625" lon="117.23616563715040683746337890625">
        <ele>36</ele>
        <time>2026-08-19T22:03:00.000Z</time>
        <extensions>
          <ns3:TrackPointExtension>
            <ns3:hr>140</ns3:hr>
            <ns3:cad>90</ns3:cad>
          </ns3:TrackPointExtension>
        </extensions>
      </trkpt>
      <trkpt lat="29.28453597240149974822998046875" lon="117.23614099435508251190185546875">
        <ele>36</ele>
        <time>2026-08-19T22:03:01.000Z</time>
        <extensions>
          <ns3:TrackPointExtension>
            <ns3:hr>140</ns3:hr>
            <ns3:cad>90</ns3:cad>
          </ns3:TrackPointExtension>
        </extensions>
      </trkpt>
      <trkpt lat="29.28455458022654056549072265625" lon="117.23612071014940738677978515625">
        <ele>36</ele>
        <time>2026-08-19T22:03:02.000Z</time>
        <extensions>
          <ns3:TrackPointExtension>
            <ns3:hr>140</ns3:hr>
            <ns3:cad>90</ns3:cad>
          </ns3:TrackPointExtension>
        </extensions>
      </trkpt>
      <trkpt lat="29.28457955829799175262451171875" lon="117.23609916865825653076171875">
        <ele>36</ele>
        <time>2026-08-19T22:03:03.000Z</time>
        <extensions>
          <ns3:TrackPointExtension>
            <ns3:hr>141</ns3:hr>
            <ns3:cad>90</ns3:cad>
          </ns3:TrackPointExtension>
        </extensions>
      </trkpt>
      <trkpt lat="29.28459883667528629302978515625" lon="117.23607838153839111328125">
        <ele>36</ele>
        <time>2026-08-19T22:03:04.000Z</time>
        <extensions>
          <ns3:TrackPointExtension>
            <ns3:hr>141</ns3:hr>
            <ns3:cad>90</ns3:cad>
          </ns3:TrackPointExtension>
        </extensions>
      </trkpt>
    </trkseg>
  </trk>
</gpx>
