<gpx xmlns:ns3="http://www.garmin.com/xmlschemas/TrackPointExtension/v1" xmlns="http://www.topografix.com/GPX/1/1" xmlns:xsi="http://www.w3.org/2001/XMLSchema-instance" xmlns:ns2="http://www.garmin.com/xmlschemas/GpxExtensions/v3" creator="Garmin Connect" version="1.1" xsi:schemaLocation="http://www.topografix.com/GPX/1/1 http://www.topografix.com/GPX/11.xsd">
  <extensions>
<distance>7520.65</distance>
<average_hr>139.0</average_hr>
<average_speed>3.0260000228881836</average_speed>
<start_time>2026-08-26T21:32:00+00:00</start_time>
<end_time>2026-08-26T22:13:25.210000+00:00</end_time>
<moving_time>2481.543</moving_time>
<elapsed_time>2485.21</elapsed_time>
</extensions>
<metadata>
    <link href="connect.garmin.com">
      <text>Garmin Connect</text>
    </link>
    <time>2026-08-26T21:32:00.000Z</time>
  </metadata>
  <trk>
    <name>景德镇市 跑步</name>
    <type>running</type>
    <trkseg>
      <trkpt lat="29.28460285998880863189697265625" lon="117.23608885891735553741455078125">
        <ele>35.799999237060546875</ele>
        <time>2026-08-26T21:32:00.000Z</time>
        <extensions>
          <ns3:TrackPointExtension>
            <ns3:hr>73</ns3:hr>
            <ns3:cad>0</ns3:cad>
          </ns3:TrackPointExtension>
        </extensions>
      </trkpt>
      <trkpt lat="29.28460336290299892425537109375" lon="117.23605080507695674896240234375">
        <ele>35.799999237060546875</ele>
        <time>2026-08-26T21:32:01.000Z</time>
        <extensions>
          <ns3:TrackPointExtension>
            <ns3:hr>73</ns3:hr>
            <ns3:cad>0</ns3:cad>
          </ns3:TrackPointExtension>
        </extensions>
      </trkpt>
      <trkpt lat="29.28461492992937564849853515625" lon="117.23603119142353534698486328125">
        <ele>35.799999237060546875</ele>
        <time>2026-08-26T21:32:02.000Z</time>
        <extensions>
          <ns3:TrackPointExtension>
            <ns3:hr>72</ns3:hr>
            <ns3:cad>0</ns3:cad>
          </ns3:TrackPointExtension>
        </extensions>
      </trkpt>
      <trkpt lat="29.2846331186592578887939453125" lon="117.2360138408839702606201171875">
        <ele>35.59999847412109375</ele>
        <time>2026-08-26T21:32:03.000Z</time>
        <extensions>
          <ns3:TrackPointExtension>
            <ns3:hr>73</ns3:hr>
            <ns3:cad>0</ns3:cad>
          </ns3:TrackPointExtension>
        </extensions>
      </trkpt>
      <trkpt lat="29.28465231321752071380615234375" lon="117.23598995245993137359619140625">
        <ele>35.40000152587890625</ele>
        <time>2026-08-26T21:32:04.000Z</time>
        <extensions>
          <ns3:TrackPointExtension>
            <ns3:hr>72</ns3:hr>
            <ns3:cad>0</ns3:cad>
          </ns3:TrackPointExtension>
        </extensions>
      </trkpt>
      <trkpt lat="29.2846659757196903228759765625" lon="117.2359689138829708099365234375">
        <ele>35.200000762939453125</ele>
        <time>2026-08-26T21:32:05.000Z</time>
        <extensions>
          <ns3:TrackPointExtension>
            <ns3:hr>72</ns3:hr>
            <ns3:cad>93</ns3:cad>
          </ns3:TrackPointExtension>
        </extensions>
      </trkpt>
      <trkpt lat="29.28468349389731884002685546875" lon="117.235944606363773345947265625">
        <ele>35</ele>
        <time>2026-08-26T21:32:06.000Z</time>
        <extensions>
          <ns3:TrackPointExtension>
            <ns3:hr>73</ns3:hr>
            <ns3:cad>93</ns3:cad>
          </ns3:TrackPointExtension>
        </extensions>
      </trkpt>
      <trkpt lat="29.28469489328563213348388671875" lon="117.23592490889132022857666015625">
        <ele>35</ele>
        <time>2026-08-26T21:32:07.000Z</time>
        <extensions>
          <ns3:TrackPointExtension>
            <ns3:hr>74</ns3:hr>
            <ns3:cad>93</ns3:cad>
          </ns3:TrackPointExtension>
        </extensions>
      </trkpt>
      <trkpt lat="29.2847202904522418975830078125" lon="117.23591300658881664276123046875">
        <ele>34.799999237060546875</ele>
        <time>2026-08-26T21:32:08.000Z</time>
        <extensions>
          <ns3:TrackPointExtension>
            <ns3:hr>75</ns3:hr>
            <ns3:cad>94</ns3:cad>
          </ns3:TrackPointExtension>
        </extensions>
      </trkpt>
      <trkpt lat="29.2847313545644283294677734375" lon="117.23589573986828327178955078125">
        <ele>34.59999847412109375</ele>
        <time>2026-08-26T21:32:09.000Z</time>
        <extensions>
          <ns3:TrackPointExtension>
            <ns3:hr>76</ns3:hr>
            <ns3:cad>92</ns3:cad>
          </ns3:TrackPointExtension>
        </extensions>
      </trkpt>
      <trkpt lat="29.2847531475126743316650390625" lon="117.23587729968130588531494140625">
        <ele>34.59999847412109375</ele>
        <time>2026-08-26T21:32:10.000Z</time>
        <extensions>
          <ns3:TrackPointExtension>
            <ns3:hr>77</ns3:hr>
            <ns3:cad>92</ns3:cad>
          </ns3:TrackPointExtension>
        </extensions>
      </trkpt>
      <trkpt lat="29.28477351553738117218017578125" lon="117.2358643077313899993896484375">
        <ele>34.40000152587890625</ele>
        <time>2026-08-26T21:32:11.000Z</time>
        <extensions>
          <ns3:TrackPointExtension>
            <ns3:hr>78</ns3:hr>
            <ns3:cad>92</ns3:cad>
          </ns3:TrackPointExtension>
        </extensions>
      </trkpt>
      <trkpt lat="29.2847980745136737823486328125" lon="117.2358475439250469207763671875">
        <ele>34.40000152587890625</ele>
        <time>2026-08-26T21:32:12.000Z</time>
        <extensions>
          <ns3:TrackPointExtension>
            <ns3:hr>79</ns3:hr>
            <ns3:cad>93</ns3:cad>
          </ns3:TrackPointExtension>
        </extensions>
      </trkpt>
      <trkpt lat="29.28481508977711200714111328125" lon="117.23582181148231029510498046875">
        <ele>34.200000762939453125</ele>
        <time>2026-08-26T21:32:13.000Z</time>
        <extensions>
          <ns3:TrackPointExtension>
            <ns3:hr>79</ns3:hr>
            <ns3:cad>93</ns3:cad>
          </ns3:TrackPointExtension>
        </extensions>
      </trkpt>
      <trkpt lat="29.2848326079547405242919921875" lon="117.23579901270568370819091796875">
        <ele>34.200000762939453125</ele>
        <time>2026-08-26T21:32:14.000Z</time>
        <extensions>
          <ns3:TrackPointExtension>
            <ns3:hr>80</ns3:hr>
            <ns3:cad>93</ns3:cad>
          </ns3:TrackPointExtension>
        </extensions>
      </trkpt>
      <trkpt lat="29.28485398180782794952392578125" lon="117.23577436991035938262939453125">
        <ele>34</ele>
        <time>2026-08-26T21:32:15.000Z</time>
        <extensions>
          <ns3:TrackPointExtension>
            <ns3:hr>80</ns3:hr>
            <ns3:cad>93</ns3:cad>
          </ns3:TrackPointExtension>
        </extensions>
      </trkpt>
      <trkpt lat="29.2848708294332027435302734375" lon="117.23575660027563571929931640625">
        <ele>33.799999237060546875</ele>
        <time>2026-08-26T21:32:16.000Z</time>
        <extensions>
          <ns3:TrackPointExtension>
            <ns3:hr>81</ns3:hr>
            <ns3:cad>92</ns3:cad>
          </ns3:TrackPointExtension>
        </extensions>
      </trkpt>
      <trkpt lat="29.2848946340382099151611328125" lon="117.23573044873774051666259765625">
        <ele>33.799999237060546875</ele>
        <time>2026-08-26T21:32:17.000Z</time>
        <extensions>
          <ns3:TrackPointExtension>
            <ns3:hr>82</ns3:hr>
            <ns3:cad>91</ns3:cad>
          </ns3:TrackPointExtension>
        </extensions>
      </trkpt>
      <trkpt lat="29.28490980528295040130615234375" lon="117.23571024835109710693359375">
        <ele>33.799999237060546875</ele>
        <time>2026-08-26T21:32:18.000Z</time>
        <extensions>
          <ns3:TrackPointExtension>
            <ns3:hr>82</ns3:hr>
            <ns3:cad>91</ns3:cad>
          </ns3:TrackPointExtension>
        </extensions>
      </trkpt>
      <trkpt lat="29.28493411280214786529541015625" lon="117.23568753339350223541259765625">
        <ele>33.59999847412109375</ele>
        <time>2026-08-26T21:32:19.000Z</time>
        <extensions>
          <ns3:TrackPointExtension>
            <ns3:hr>83</ns3:hr>
            <ns3:cad>91</ns3:cad>
          </ns3:TrackPointExtension>
        </extensions>
      </trkpt>
      <trkpt lat="29.28494400344789028167724609375" lon="117.2356678359210491180419921875">
        <ele>33.40000152587890625</ele>
        <time>2026-08-26T21:32:20.000Z</time>
        <extensions>
          <ns3:TrackPointExtension>
            <ns3:hr>84</ns3:hr>
            <ns3:cad>92</ns3:cad>
          </ns3:TrackPointExtension>
        </extensions>
      </trkpt>
      <trkpt lat="29.28497132845222949981689453125" lon="117.23564998246729373931884765625">
        <ele>33.40000152587890625</ele>
        <time>2026-08-26T21:32:21.000Z</time>
        <extensions>
          <ns3:TrackPointExtension>
            <ns3:hr>86</ns3:hr>
            <ns3:cad>92</ns3:cad>
          </ns3:TrackPointExtension>
        </extensions>
      </trkpt>
      <trkpt lat="29.28498591296374797821044921875" lon="117.235632799565792083740234375">
        <ele>33.40000152587890625</ele>
        <time>2026-08-26T21:32:22.000Z</time>
        <extensions>
          <ns3:TrackPointExtension>
            <ns3:hr>87</ns3:hr>
            <ns3:cad>92</ns3:cad>
          </ns3:TrackPointExtension>
        </extensions>
      </trkpt>
      <trkpt lat="29.28501508198678493499755859375" lon="117.23561679013073444366455078125">
        <ele>33.200000762939453125</ele>
        <time>2026-08-26T21:32:23.000Z</time>
        <extensions>
          <ns3:TrackPointExtension>
            <ns3:hr>91</ns3:hr>
            <ns3:cad>92</ns3:cad>
          </ns3:TrackPointExtension>
        </extensions>
      </trkpt>
      <trkpt lat="29.28502782247960567474365234375" lon="117.2355984337627887725830078125">
        <ele>33.200000762939453125</ele>
        <time>2026-08-26T21:32:24.000Z</time>
        <extensions>
          <ns3:TrackPointExtension>
            <ns3:hr>92</ns3:hr>
            <ns3:cad>92</ns3:cad>
          </ns3:TrackPointExtension>
        </extensions>
      </trkpt>
      <trkpt lat="29.28505330346524715423583984375" lon="117.23558007739484310150146484375">
        <ele>33</ele>
        <time>2026-08-26T21:32:25.000Z</time>
        <extensions>
          <ns3:TrackPointExtension>
            <ns3:hr>94</ns3:hr>
            <ns3:cad>93</ns3:cad>
          </ns3:TrackPointExtension>
        </extensions>
      </trkpt>
      <trkpt lat="29.28506671451032161712646484375" lon="117.23556029610335826873779296875">
        <ele>33</ele>
        <time>2026-08-26T21:32:26.000Z</time>
        <extensions>
          <ns3:TrackPointExtension>
            <ns3:hr>94</ns3:hr>
            <ns3:cad>93</ns3:cad>
          </ns3:TrackPointExtension>
        </extensions>
      </trkpt>
      <trkpt lat="29.2850916087627410888671875" lon="117.235546968877315521240234375">
        <ele>32.799999237060546875</ele>
        <time>2026-08-26T21:32:27.000Z</time>
        <extensions>
          <ns3:TrackPointExtension>
            <ns3:hr>95</ns3:hr>
            <ns3:cad>93</ns3:cad>
          </ns3:TrackPointExtension>
        </extensions>
      </trkpt>
      <trkpt lat="29.285106360912322998046875" lon="117.2355320490896701812744140625">
        <ele>32.799999237060546875</ele>
        <time>2026-08-26T21:32:28.000Z</time>
        <extensions>
          <ns3:TrackPointExtension>
            <ns3:hr>96</ns3:hr>
            <ns3:cad>92</ns3:cad>
          </ns3:TrackPointExtension>
        </extensions>
      </trkpt>
      <trkpt lat="29.285128153860569000244140625" lon="117.2355152852833271026611328125">
        <ele>32.799999237060546875</ele>
        <time>2026-08-26T21:32:29.000Z</time>
        <extensions>
          <ns3:TrackPointExtension>
            <ns3:hr>97</ns3:hr>
            <ns3:cad>92</ns3:cad>
          </ns3:TrackPointExtension>
        </extensions>
      </trkpt>
      <trkpt lat="29.28514315746724605560302734375" lon="117.23549542017281055450439453125">
        <ele>32.799999237060546875</ele>
        <time>2026-08-26T21:32:30.000Z</time>
        <extensions>
          <ns3:TrackPointExtension>
            <ns3:hr>97</ns3:hr>
            <ns3:cad>91</ns3:cad>
          </ns3:TrackPointExtension>
        </extensions>
      </trkpt>
      <trkpt lat="29.2851631902158260345458984375" lon="117.23547781817615032196044921875">
        <ele>32.799999237060546875</ele>
        <time>2026-08-26T21:32:31.000Z</time>
        <extensions>
          <ns3:TrackPointExtension>
            <ns3:hr>98</ns3:hr>
            <ns3:cad>91</ns3:cad>
          </ns3:TrackPointExtension>
        </extensions>
      </trkpt>
      <trkpt lat="29.28518137894570827484130859375" lon="117.2354586236178874969482421875">
        <ele>32.59999847412109375</ele>
        <time>2026-08-26T21:32:32.000Z</time>
        <extensions>
          <ns3:TrackPointExtension>
            <ns3:hr>99</ns3:hr>
            <ns3:cad>90</ns3:cad>
          </ns3:TrackPointExtension>
        </extensions>
      </trkpt>
      <trkpt lat="29.28519998677074909210205078125" lon="117.23544110544025897979736328125">
        <ele>32.59999847412109375</ele>
        <time>2026-08-26T21:32:33.000Z</time>
        <extensions>
          <ns3:TrackPointExtension>
            <ns3:hr>100</ns3:hr>
            <ns3:cad>90</ns3:cad>
          </ns3:TrackPointExtension>
        </extensions>
      </trkpt>
      <trkpt lat="29.28521691821515560150146484375" lon="117.23541595973074436187744140625">
        <ele>32.40000152587890625</ele>
        <time>2026-08-26T21:32:34.000Z</time>
        <extensions>
          <ns3:TrackPointExtension>
            <ns3:hr>100</ns3:hr>
            <ns3:cad>91</ns3:cad>
          </ns3:TrackPointExtension>
        </extensions>
      </trkpt>
      <trkpt lat="29.28523234091699123382568359375" lon="117.23539517261087894439697265625">
        <ele>32.40000152587890625</ele>
        <time>2026-08-26T21:32:35.000Z</time>
        <extensions>
          <ns3:TrackPointExtension>
            <ns3:hr>101</ns3:hr>
            <ns3:cad>91</ns3:cad>
          </ns3:TrackPointExtension>
        </extensions>
      </trkpt>
      <trkpt lat="29.2852553911507129669189453125" lon="117.23537220619618892669677734375">
        <ele>32.200000762939453125</ele>
        <time>2026-08-26T21:32:36.000Z</time>
        <extensions>
          <ns3:TrackPointExtension>
            <ns3:hr>101</ns3:hr>
            <ns3:cad>92</ns3:cad>
          </ns3:TrackPointExtension>
        </extensions>
      </trkpt>
      <trkpt lat="29.28527492098510265350341796875" lon="117.235355861485004425048828125">
        <ele>32.200000762939453125</ele>
        <time>2026-08-26T21:32:37.000Z</time>
        <extensions>
          <ns3:TrackPointExtension>
            <ns3:hr>102</ns3:hr>
            <ns3:cad>92</ns3:cad>
          </ns3:TrackPointExtension>
        </extensions>
      </trkpt>
      <trkpt lat="29.28529839031398296356201171875" lon="117.23533532582223415374755859375">
        <ele>32</ele>
        <time>2026-08-26T21:32:38.000Z</time>
        <extensions>
          <ns3:TrackPointExtension>
            <ns3:hr>104</ns3:hr>
            <ns3:cad>92</ns3:cad>
          </ns3:TrackPointExtension>
        </extensions>
      </trkpt>
      <trkpt lat="29.285311885178089141845703125" lon="117.235320992767810821533203125">
        <ele>32</ele>
        <time>2026-08-26T21:32:39.000Z</time>
        <extensions>
          <ns3:TrackPointExtension>
            <ns3:hr>106</ns3:hr>
            <ns3:cad>92</ns3:cad>
          </ns3:TrackPointExtension>
        </extensions>
      </trkpt>
      <trkpt lat="29.28533979691565036773681640625" lon="117.23530330695211887359619140625">
        <ele>32</ele>
        <time>2026-08-26T21:32:40.000Z</time>
        <extensions>
          <ns3:TrackPointExtension>
            <ns3:hr>107</ns3:hr>
            <ns3:cad>92</ns3:cad>
          </ns3:TrackPointExtension>
        </extensions>
      </trkpt>
      <trkpt lat="29.28535304032266139984130859375" lon="117.2352869622409343719482421875">
        <ele>32</ele>
        <time>2026-08-26T21:32:41.000Z</time>
        <extensions>
          <ns3:TrackPointExtension>
            <ns3:hr>108</ns3:hr>
            <ns3:cad>92</ns3:cad>
          </ns3:TrackPointExtension>
        </extensions>
      </trkpt>
      <trkpt lat="29.2853786051273345947265625" lon="117.2352665103971958160400390625">
        <ele>32</ele>
        <time>2026-08-26T21:32:42.000Z</time>
        <extensions>
          <ns3:TrackPointExtension>
            <ns3:hr>108</ns3:hr>
            <ns3:cad>91</ns3:cad>
          </ns3:TrackPointExtension>
        </extensions>
      </trkpt>
      <trkpt lat="29.28539092652499675750732421875" lon="117.235249578952789306640625">
        <ele>32</ele>
        <time>2026-08-26T21:32:43.000Z</time>
        <extensions>
          <ns3:TrackPointExtension>
            <ns3:hr>109</ns3:hr>
            <ns3:cad>91</ns3:cad>
          </ns3:TrackPointExtension>
        </extensions>
      </trkpt>
      <trkpt lat="29.285413809120655059814453125" lon="117.235229127109050750732421875">
        <ele>31.799999237060546875</ele>
        <time>2026-08-26T21:32:44.000Z</time>
        <extensions>
          <ns3:TrackPointExtension>
            <ns3:hr>109</ns3:hr>
            <ns3:cad>91</ns3:cad>
          </ns3:TrackPointExtension>
        </extensions>
      </trkpt>
      <trkpt lat="29.285426549613475799560546875" lon="117.2352118603885173797607421875">
        <ele>32</ele>
        <time>2026-08-26T21:32:45.000Z</time>
        <extensions>
          <ns3:TrackPointExtension>
            <ns3:hr>108</ns3:hr>
            <ns3:cad>90</ns3:cad>
          </ns3:TrackPointExtension>
        </extensions>
      </trkpt>
      <trkpt lat="29.2854483425617218017578125" lon="117.23519350402057170867919921875">
        <ele>32</ele>
        <time>2026-08-26T21:32:46.000Z</time>
        <extensions>
          <ns3:TrackPointExtension>
            <ns3:hr>108</ns3:hr>
            <ns3:cad>90</ns3:cad>
          </ns3:TrackPointExtension>
        </extensions>
      </trkpt>
      <trkpt lat="29.28546166978776454925537109375" lon="117.2351753152906894683837890625">
        <ele>32</ele>
        <time>2026-08-26T21:32:47.000Z</time>
        <extensions>
          <ns3:TrackPointExtension>
            <ns3:hr>108</ns3:hr>
            <ns3:cad>90</ns3:cad>
          </ns3:TrackPointExtension>
        </extensions>
      </trkpt>
      <trkpt lat="29.285486228764057159423828125" lon="117.235154695808887481689453125">
        <ele>32</ele>
        <time>2026-08-26T21:32:48.000Z</time>
        <extensions>
          <ns3:TrackPointExtension>
            <ns3:hr>106</ns3:hr>
            <ns3:cad>89</ns3:cad>
          </ns3:TrackPointExtension>
        </extensions>
      </trkpt>
      <trkpt lat="29.2855001427233219146728515625" lon="117.23513818345963954925537109375">
        <ele>32</ele>
        <time>2026-08-26T21:32:49.000Z</time>
        <extensions>
          <ns3:TrackPointExtension>
            <ns3:hr>105</ns3:hr>
            <ns3:cad>89</ns3:cad>
          </ns3:TrackPointExtension>
        </extensions>
      </trkpt>
      <trkpt lat="29.28552277386188507080078125" lon="117.2351186536252498626708984375">
        <ele>32</ele>
        <time>2026-08-26T21:32:50.000Z</time>
        <extensions>
          <ns3:TrackPointExtension>
            <ns3:hr>103</ns3:hr>
            <ns3:cad>89</ns3:cad>
          </ns3:TrackPointExtension>
        </extensions>
      </trkpt>
      <trkpt lat="29.28553526289761066436767578125" lon="117.2351012192666530609130859375">
        <ele>32</ele>
        <time>2026-08-26T21:32:51.000Z</time>
        <extensions>
          <ns3:TrackPointExtension>
            <ns3:hr>102</ns3:hr>
            <ns3:cad>89</ns3:cad>
          </ns3:TrackPointExtension>
        </extensions>
      </trkpt>
      <trkpt lat="29.28556057624518871307373046875" lon="117.2350819408893585205078125">
        <ele>32</ele>
        <time>2026-08-26T21:32:52.000Z</time>
        <extensions>
          <ns3:TrackPointExtension>
            <ns3:hr>101</ns3:hr>
            <ns3:cad>89</ns3:cad>
          </ns3:TrackPointExtension>
        </extensions>
      </trkpt>
      <trkpt lat="29.28557365201413631439208984375" lon="117.23506542854011058807373046875">
        <ele>32</ele>
        <time>2026-08-26T21:32:53.000Z</time>
        <extensions>
          <ns3:TrackPointExtension>
            <ns3:hr>101</ns3:hr>
            <ns3:cad>89</ns3:cad>
          </ns3:TrackPointExtension>
        </extensions>
      </trkpt>
      <trkpt lat="29.28559561260044574737548828125" lon="117.2350455634295940399169921875">
        <ele>32</ele>
        <time>2026-08-26T21:32:54.000Z</time>
        <extensions>
          <ns3:TrackPointExtension>
            <ns3:hr>100</ns3:hr>
            <ns3:cad>89</ns3:cad>
          </ns3:TrackPointExtension>
        </extensions>
      </trkpt>
      <trkpt lat="29.28560617379844188690185546875" lon="117.23503173328936100006103515625">
        <ele>32</ele>
        <time>2026-08-26T21:32:55.000Z</time>
        <extensions>
          <ns3:TrackPointExtension>
            <ns3:hr>100</ns3:hr>
            <ns3:cad>89</ns3:cad>
          </ns3:TrackPointExtension>
        </extensions>
      </trkpt>
      <trkpt lat="29.2856298945844173431396484375" lon="117.23501111380755901336669921875">
        <ele>32</ele>
        <time>2026-08-26T21:32:56.000Z</time>
        <extensions>
          <ns3:TrackPointExtension>
            <ns3:hr>100</ns3:hr>
            <ns3:cad>90</ns3:cad>
          </ns3:TrackPointExtension>
        </extensions>
      </trkpt>
      <trkpt lat="29.28564188070595264434814453125" lon="117.234995774924755096435546875">
        <ele>32</ele>
        <time>2026-08-26T21:32:57.000Z</time>
        <extensions>
          <ns3:TrackPointExtension>
            <ns3:hr>101</ns3:hr>
            <ns3:cad>90</ns3:cad>
          </ns3:TrackPointExtension>
        </extensions>
      </trkpt>
      <trkpt lat="29.28566300310194492340087890625" lon="117.2349805198609828948974609375">
        <ele>32</ele>
        <time>2026-08-26T21:32:58.000Z</time>
        <extensions>
          <ns3:TrackPointExtension>
            <ns3:hr>101</ns3:hr>
            <ns3:cad>90</ns3:cad>
          </ns3:TrackPointExtension>
        </extensions>
      </trkpt>
      <trkpt lat="29.2856748215854167938232421875" lon="117.23496434278786182403564453125">
        <ele>32</ele>
        <time>2026-08-26T21:32:59.000Z</time>
        <extensions>
          <ns3:TrackPointExtension>
            <ns3:hr>102</ns3:hr>
            <ns3:cad>90</ns3:cad>
          </ns3:TrackPointExtension>
        </extensions>
      </trkpt>
      <trkpt lat="29.285700134932994842529296875" lon="117.23494405858218669891357421875">
        <ele>31.799999237060546875</ele>
        <time>2026-08-26T21:33:00.000Z</time>
        <extensions>
          <ns3:TrackPointExtension>
            <ns3:hr>103</ns3:hr>
            <ns3:cad>90</ns3:cad>
          </ns3:TrackPointExtension>
        </extensions>
      </trkpt>
      <trkpt lat="29.2857137136161327362060546875" lon="117.23492880351841449737548828125">
        <ele>31.799999237060546875</ele>
        <time>2026-08-26T21:33:01.000Z</time>
        <extensions>
          <ns3:TrackPointExtension>
            <ns3:hr>107</ns3:hr>
            <ns3:cad>90</ns3:cad>
          </ns3:TrackPointExtension>
        </extensions>
      </trkpt>
      <trkpt lat="29.2857380211353302001953125" lon="117.234908603131771087646484375">
        <ele>31.799999237060546875</ele>
        <time>2026-08-26T21:33:02.000Z</time>
        <extensions>
          <ns3:TrackPointExtension>
            <ns3:hr>109</ns3:hr>
            <ns3:cad>90</ns3:cad>
          </ns3:TrackPointExtension>
        </extensions>
      </trkpt>
      <trkpt lat="29.2857499234378337860107421875" lon="117.23489427007734775543212890625">
        <ele>32</ele>
        <time>2026-08-26T21:33:03.000Z</time>
        <extensions>
          <ns3:TrackPointExtension>
            <ns3:hr>110</ns3:hr>
            <ns3:cad>90</ns3:cad>
          </ns3:TrackPointExtension>
        </extensions>
      </trkpt>
      <trkpt lat="29.28577666170895099639892578125" lon="117.23487700335681438446044921875">
        <ele>31.799999237060546875</ele>
        <time>2026-08-26T21:33:04.000Z</time>
        <extensions>
          <ns3:TrackPointExtension>
            <ns3:hr>111</ns3:hr>
            <ns3:cad>90</ns3:cad>
          </ns3:TrackPointExtension>
        </extensions>
      </trkpt>
      <trkpt lat="29.28578688763082027435302734375" lon="117.23486107774078845977783203125">
        <ele>32</ele>
        <time>2026-08-26T21:33:05.000Z</time>
        <extensions>
          <ns3:TrackPointExtension>
            <ns3:hr>112</ns3:hr>
            <ns3:cad>90</ns3:cad>
          </ns3:TrackPointExtension>
        </extensions>
      </trkpt>
      <trkpt lat="29.28581169806420803070068359375" lon="117.2348417155444622039794921875">
        <ele>32</ele>
        <time>2026-08-26T21:33:06.000Z</time>
        <extensions>
          <ns3:TrackPointExtension>
            <ns3:hr>113</ns3:hr>
            <ns3:cad>90</ns3:cad>
          </ns3:TrackPointExtension>
        </extensions>
      </trkpt>
      <trkpt lat="29.28582209162414073944091796875" lon="117.234827466309070587158203125">
        <ele>31.799999237060546875</ele>
        <time>2026-08-26T21:33:07.000Z</time>
        <extensions>
          <ns3:TrackPointExtension>
            <ns3:hr>113</ns3:hr>
            <ns3:cad>90</ns3:cad>
          </ns3:TrackPointExtension>
        </extensions>
      </trkpt>
      <trkpt lat="29.28584841080009937286376953125" lon="117.234809696674346923828125">
        <ele>31.799999237060546875</ele>
        <time>2026-08-26T21:33:08.000Z</time>
        <extensions>
          <ns3:TrackPointExtension>
            <ns3:hr>114</ns3:hr>
            <ns3:cad>91</ns3:cad>
          </ns3:TrackPointExtension>
        </extensions>
      </trkpt>
      <trkpt lat="29.28585662506520748138427734375" lon="117.23479268141090869903564453125">
        <ele>31.799999237060546875</ele>
        <time>2026-08-26T21:33:09.000Z</time>
        <extensions>
          <ns3:TrackPointExtension>
            <ns3:hr>114</ns3:hr>
            <ns3:cad>91</ns3:cad>
          </ns3:TrackPointExtension>
        </extensions>
      </trkpt>
      <trkpt lat="29.28588110022246837615966796875" lon="117.234776504337787628173828125">
        <ele>31.799999237060546875</ele>
        <time>2026-08-26T21:33:10.000Z</time>
        <extensions>
          <ns3:TrackPointExtension>
            <ns3:hr>115</ns3:hr>
            <ns3:cad>91</ns3:cad>
          </ns3:TrackPointExtension>
        </extensions>
      </trkpt>
      <trkpt lat="29.2858924157917499542236328125" lon="117.2347572259604930877685546875">
        <ele>31.799999237060546875</ele>
        <time>2026-08-26T21:33:11.000Z</time>
        <extensions>
          <ns3:TrackPointExtension>
            <ns3:hr>115</ns3:hr>
            <ns3:cad>91</ns3:cad>
          </ns3:TrackPointExtension>
        </extensions>
      </trkpt>
      <trkpt lat="29.2859185673296451568603515625" lon="117.23474054597318172454833984375">
        <ele>31.799999237060546875</ele>
        <time>2026-08-26T21:33:12.000Z</time>
        <extensions>
          <ns3:TrackPointExtension>
            <ns3:hr>116</ns3:hr>
            <ns3:cad>91</ns3:cad>
          </ns3:TrackPointExtension>
        </extensions>
      </trkpt>
      <trkpt lat="29.28593256510794162750244140625" lon="117.234723865985870361328125">
        <ele>31.6000003814697265625</ele>
        <time>2026-08-26T21:33:13.000Z</time>
        <extensions>
          <ns3:TrackPointExtension>
            <ns3:hr>116</ns3:hr>
            <ns3:cad>91</ns3:cad>
          </ns3:TrackPointExtension>
        </extensions>
      </trkpt>
      <trkpt lat="29.28595972247421741485595703125" lon="117.2347035817801952362060546875">
        <ele>31.6000003814697265625</ele>
        <time>2026-08-26T21:33:14.000Z</time>
        <extensions>
          <ns3:TrackPointExtension>
            <ns3:hr>117</ns3:hr>
            <ns3:cad>90</ns3:cad>
          </ns3:TrackPointExtension>
        </extensions>
      </trkpt>
      <trkpt lat="29.2859698645770549774169921875" lon="117.23468539305031299591064453125">
        <ele>31.6000003814697265625</ele>
        <time>2026-08-26T21:33:15.000Z</time>
        <extensions>
          <ns3:TrackPointExtension>
            <ns3:hr>117</ns3:hr>
            <ns3:cad>90</ns3:cad>
          </ns3:TrackPointExtension>
        </extensions>
      </trkpt>
      <trkpt lat="29.28599609993398189544677734375" lon="117.23466779105365276336669921875">
        <ele>31.6000003814697265625</ele>
        <time>2026-08-26T21:33:16.000Z</time>
        <extensions>
          <ns3:TrackPointExtension>
            <ns3:hr>117</ns3:hr>
            <ns3:cad>90</ns3:cad>
          </ns3:TrackPointExtension>
        </extensions>
      </trkpt>
      <trkpt lat="29.28600917570292949676513671875" lon="117.23464968614280223846435546875">
        <ele>31.3999996185302734375</ele>
        <time>2026-08-26T21:33:17.000Z</time>
        <extensions>
          <ns3:TrackPointExtension>
            <ns3:hr>118</ns3:hr>
            <ns3:cad>90</ns3:cad>
          </ns3:TrackPointExtension>
        </extensions>
      </trkpt>
      <trkpt lat="29.28603239357471466064453125" lon="117.23463292233645915985107421875">
        <ele>31.3999996185302734375</ele>
        <time>2026-08-26T21:33:18.000Z</time>
        <extensions>
          <ns3:TrackPointExtension>
            <ns3:hr>118</ns3:hr>
            <ns3:cad>91</ns3:cad>
          </ns3:TrackPointExtension>
        </extensions>
      </trkpt>
      <trkpt lat="29.28604773245751857757568359375" lon="117.23461682908236980438232421875">
        <ele>31.3999996185302734375</ele>
        <time>2026-08-26T21:33:19.000Z</time>
        <extensions>
          <ns3:TrackPointExtension>
            <ns3:hr>118</ns3:hr>
            <ns3:cad>91</ns3:cad>
          </ns3:TrackPointExtension>
        </extensions>
      </trkpt>
      <trkpt lat="29.28607271052896976470947265625" lon="117.234604842960834503173828125">
        <ele>31.200000762939453125</ele>
        <time>2026-08-26T21:33:20.000Z</time>
        <extensions>
          <ns3:TrackPointExtension>
            <ns3:hr>119</ns3:hr>
            <ns3:cad>91</ns3:cad>
          </ns3:TrackPointExtension>
        </extensions>
      </trkpt>
      <trkpt lat="29.28608830086886882781982421875" lon="117.23458950407803058624267578125">
        <ele>31.200000762939453125</ele>
        <time>2026-08-26T21:33:21.000Z</time>
        <extensions>
          <ns3:TrackPointExtension>
            <ns3:hr>119</ns3:hr>
            <ns3:cad>91</ns3:cad>
          </ns3:TrackPointExtension>
        </extensions>
      </trkpt>
      <trkpt lat="29.28611076436936855316162109375" lon="117.23457357846200466156005859375">
        <ele>31</ele>
        <time>2026-08-26T21:33:22.000Z</time>
        <extensions>
          <ns3:TrackPointExtension>
            <ns3:hr>119</ns3:hr>
            <ns3:cad>92</ns3:cad>
          </ns3:TrackPointExtension>
        </extensions>
      </trkpt>
      <trkpt lat="29.286132641136646270751953125" lon="117.23455731756985187530517578125">
        <ele>31</ele>
        <time>2026-08-26T21:33:23.000Z</time>
        <extensions>
          <ns3:TrackPointExtension>
            <ns3:hr>120</ns3:hr>
            <ns3:cad>92</ns3:cad>
          </ns3:TrackPointExtension>
        </extensions>
      </trkpt>
      <trkpt lat="29.286156110465526580810546875" lon="117.23454558290541172027587890625">
        <ele>30.799999237060546875</ele>
        <time>2026-08-26T21:33:24.000Z</time>
        <extensions>
          <ns3:TrackPointExtension>
            <ns3:hr>120</ns3:hr>
            <ns3:cad>92</ns3:cad>
          </ns3:TrackPointExtension>
        </extensions>
      </trkpt>
      <trkpt lat="29.28618066944181919097900390625" lon="117.234528400003910064697265625">
        <ele>30.799999237060546875</ele>
        <time>2026-08-26T21:33:25.000Z</time>
        <extensions>
          <ns3:TrackPointExtension>
            <ns3:hr>120</ns3:hr>
            <ns3:cad>92</ns3:cad>
          </ns3:TrackPointExtension>
        </extensions>
      </trkpt>
      <trkpt lat="29.28619827143847942352294921875" lon="117.234514988958835601806640625">
        <ele>30.6000003814697265625</ele>
        <time>2026-08-26T21:33:26.000Z</time>
        <extensions>
          <ns3:TrackPointExtension>
            <ns3:hr>120</ns3:hr>
            <ns3:cad>91</ns3:cad>
          </ns3:TrackPointExtension>
        </extensions>
      </trkpt>
      <trkpt lat="29.28622324950993061065673828125" lon="117.23449663259088993072509765625">
        <ele>30.6000003814697265625</ele>
        <time>2026-08-26T21:33:27.000Z</time>
        <extensions>
          <ns3:TrackPointExtension>
            <ns3:hr>120</ns3:hr>
            <ns3:cad>91</ns3:cad>
          </ns3:TrackPointExtension>
        </extensions>
      </trkpt>
      <trkpt lat="29.28623867221176624298095703125" lon="117.23448305390775203704833984375">
        <ele>30.3999996185302734375</ele>
        <time>2026-08-26T21:33:28.000Z</time>
        <extensions>
          <ns3:TrackPointExtension>
            <ns3:hr>121</ns3:hr>
            <ns3:cad>91</ns3:cad>
          </ns3:TrackPointExtension>
        </extensions>
      </trkpt>
      <trkpt lat="29.2862652428448200225830078125" lon="117.23446193151175975799560546875">
        <ele>30.3999996185302734375</ele>
        <time>2026-08-26T21:33:29.000Z</time>
        <extensions>
          <ns3:TrackPointExtension>
            <ns3:hr>120</ns3:hr>
            <ns3:cad>92</ns3:cad>
          </ns3:TrackPointExtension>
        </extensions>
      </trkpt>
      <trkpt lat="29.2862789891660213470458984375" lon="117.2344460897147655487060546875">
        <ele>30.200000762939453125</ele>
        <time>2026-08-26T21:33:30.000Z</time>
        <extensions>
          <ns3:TrackPointExtension>
            <ns3:hr>120</ns3:hr>
            <ns3:cad>92</ns3:cad>
          </ns3:TrackPointExtension>
        </extensions>
      </trkpt>
      <trkpt lat="29.28630589507520198822021484375" lon="117.23442672751843929290771484375">
        <ele>30.200000762939453125</ele>
        <time>2026-08-26T21:33:31.000Z</time>
        <extensions>
          <ns3:TrackPointExtension>
            <ns3:hr>120</ns3:hr>
            <ns3:cad>93</ns3:cad>
          </ns3:TrackPointExtension>
        </extensions>
      </trkpt>
      <trkpt lat="29.2863198928534984588623046875" lon="117.23440929315984249114990234375">
        <ele>30.200000762939453125</ele>
        <time>2026-08-26T21:33:32.000Z</time>
        <extensions>
          <ns3:TrackPointExtension>
            <ns3:hr>121</ns3:hr>
            <ns3:cad>93</ns3:cad>
          </ns3:TrackPointExtension>
        </extensions>
      </trkpt>
      <trkpt lat="29.28634763695299625396728515625" lon="117.23439504392445087432861328125">
        <ele>30</ele>
        <time>2026-08-26T21:33:33.000Z</time>
        <extensions>
          <ns3:TrackPointExtension>
            <ns3:hr>120</ns3:hr>
            <ns3:cad>93</ns3:cad>
          </ns3:TrackPointExtension>
        </extensions>
      </trkpt>
      <trkpt lat="29.28636473603546619415283203125" lon="117.2343803755939006805419921875">
        <ele>30</ele>
        <time>2026-08-26T21:33:34.000Z</time>
        <extensions>
          <ns3:TrackPointExtension>
            <ns3:hr>120</ns3:hr>
            <ns3:cad>93</ns3:cad>
          </ns3:TrackPointExtension>
        </extensions>
      </trkpt>
      <trkpt lat="29.28639306686818599700927734375" lon="117.23437182605266571044921875">
        <ele>30</ele>
        <time>2026-08-26T21:33:35.000Z</time>
        <extensions>
          <ns3:TrackPointExtension>
            <ns3:hr>122</ns3:hr>
            <ns3:cad>93</ns3:cad>
          </ns3:TrackPointExtension>
        </extensions>
      </trkpt>
      <trkpt lat="29.2864147759974002838134765625" lon="117.23436553962528705596923828125">
        <ele>29.799999237060546875</ele>
        <time>2026-08-26T21:33:36.000Z</time>
        <extensions>
          <ns3:TrackPointExtension>
            <ns3:hr>124</ns3:hr>
            <ns3:cad>93</ns3:cad>
          </ns3:TrackPointExtension>
        </extensions>
      </trkpt>
      <trkpt lat="29.2864469625055789947509765625" lon="117.234366796910762786865234375">
        <ele>29.799999237060546875</ele>
        <time>2026-08-26T21:33:37.000Z</time>
        <extensions>
          <ns3:TrackPointExtension>
            <ns3:hr>128</ns3:hr>
            <ns3:cad>93</ns3:cad>
          </ns3:TrackPointExtension>
        </extensions>
      </trkpt>
      <trkpt lat="29.28647361695766448974609375" lon="117.234364449977874755859375">
        <ele>29.6000003814697265625</ele>
        <time>2026-08-26T21:33:38.000Z</time>
        <extensions>
          <ns3:TrackPointExtension>
            <ns3:hr>130</ns3:hr>
            <ns3:cad>92</ns3:cad>
          </ns3:TrackPointExtension>
        </extensions>
      </trkpt>
      <trkpt lat="29.2865039594471454620361328125" lon="117.2343684732913970947265625">
        <ele>29.6000003814697265625</ele>
        <time>2026-08-26T21:33:39.000Z</time>
        <extensions>
          <ns3:TrackPointExtension>
            <ns3:hr>130</ns3:hr>
            <ns3:cad>92</ns3:cad>
          </ns3:TrackPointExtension>
        </extensions>
      </trkpt>
      <trkpt lat="29.28653103299438953399658203125" lon="117.23436956293880939483642578125">
        <ele>29.3999996185302734375</ele>
        <time>2026-08-26T21:33:40.000Z</time>
        <extensions>
          <ns3:TrackPointExtension>
            <ns3:hr>130</ns3:hr>
            <ns3:cad>92</ns3:cad>
          </ns3:TrackPointExtension>
        </extensions>
      </trkpt>
      <trkpt lat="29.28655500523746013641357421875" lon="117.23438062705099582672119140625">
        <ele>29.3999996185302734375</ele>
        <time>2026-08-26T21:33:41.000Z</time>
        <extensions>
          <ns3:TrackPointExtension>
            <ns3:hr>130</ns3:hr>
            <ns3:cad>92</ns3:cad>
          </ns3:TrackPointExtension>
        </extensions>
      </trkpt>
      <trkpt lat="29.286582581698894500732421875" lon="117.2343890927731990814208984375">
        <ele>29.3999996185302734375</ele>
        <time>2026-08-26T21:33:42.000Z</time>
        <extensions>
          <ns3:TrackPointExtension>
            <ns3:hr>130</ns3:hr>
            <ns3:cad>92</ns3:cad>
          </ns3:TrackPointExtension>
        </extensions>
      </trkpt>
      <trkpt lat="29.2866065539419651031494140625" lon="117.23440325818955898284912109375">
        <ele>29.3999996185302734375</ele>
        <time>2026-08-26T21:33:43.000Z</time>
        <extensions>
          <ns3:TrackPointExtension>
            <ns3:hr>129</ns3:hr>
            <ns3:cad>92</ns3:cad>
          </ns3:TrackPointExtension>
        </extensions>
      </trkpt>
      <trkpt lat="29.2866306938230991363525390625" lon="117.23441717214882373809814453125">
        <ele>29.3999996185302734375</ele>
        <time>2026-08-26T21:33:44.000Z</time>
        <extensions>
          <ns3:TrackPointExtension>
            <ns3:hr>129</ns3:hr>
            <ns3:cad>92</ns3:cad>
          </ns3:TrackPointExtension>
        </extensions>
      </trkpt>
      <trkpt lat="29.28664569742977619171142578125" lon="117.23443862982094287872314453125">
        <ele>29.3999996185302734375</ele>
        <time>2026-08-26T21:33:45.000Z</time>
        <extensions>
          <ns3:TrackPointExtension>
            <ns3:hr>128</ns3:hr>
            <ns3:cad>90</ns3:cad>
          </ns3:TrackPointExtension>
        </extensions>
      </trkpt>
      <trkpt lat="29.28666581399738788604736328125" lon="117.23445707000792026519775390625">
        <ele>29.3999996185302734375</ele>
        <time>2026-08-26T21:33:46.000Z</time>
        <extensions>
          <ns3:TrackPointExtension>
            <ns3:hr>128</ns3:hr>
            <ns3:cad>90</ns3:cad>
          </ns3:TrackPointExtension>
        </extensions>
      </trkpt>
      <trkpt lat="29.2866843380033969879150390625" lon="117.2344789467751979827880859375">
        <ele>29.3999996185302734375</ele>
        <time>2026-08-26T21:33:47.000Z</time>
        <extensions>
          <ns3:TrackPointExtension>
            <ns3:hr>127</ns3:hr>
            <ns3:cad>90</ns3:cad>
          </ns3:TrackPointExtension>
        </extensions>
      </trkpt>
      <trkpt lat="29.2866984196007251739501953125" lon="117.23450266756117343902587890625">
        <ele>29.3999996185302734375</ele>
        <time>2026-08-26T21:33:48.000Z</time>
        <extensions>
          <ns3:TrackPointExtension>
            <ns3:hr>126</ns3:hr>
            <ns3:cad>90</ns3:cad>
          </ns3:TrackPointExtension>
        </extensions>
      </trkpt>
      <trkpt lat="29.286714009940624237060546875" lon="117.23452395759522914886474609375">
        <ele>29.200000762939453125</ele>
        <time>2026-08-26T21:33:49.000Z</time>
        <extensions>
          <ns3:TrackPointExtension>
            <ns3:hr>125</ns3:hr>
            <ns3:cad>90</ns3:cad>
          </ns3:TrackPointExtension>
        </extensions>
      </trkpt>
      <trkpt lat="29.28673655726015567779541015625" lon="117.23454776220023632049560546875">
        <ele>29.200000762939453125</ele>
        <time>2026-08-26T21:33:50.000Z</time>
        <extensions>
          <ns3:TrackPointExtension>
            <ns3:hr>125</ns3:hr>
            <ns3:cad>90</ns3:cad>
          </ns3:TrackPointExtension>
        </extensions>
      </trkpt>
      <trkpt lat="29.2867537401616573333740234375" lon="117.234568297863006591796875">
        <ele>29</ele>
        <time>2026-08-26T21:33:51.000Z</time>
        <extensions>
          <ns3:TrackPointExtension>
            <ns3:hr>124</ns3:hr>
            <ns3:cad>90</ns3:cad>
          </ns3:TrackPointExtension>
        </extensions>
      </trkpt>
      <trkpt lat="29.2867694981396198272705078125" lon="117.2345882467925548553466796875">
        <ele>29</ele>
        <time>2026-08-26T21:33:52.000Z</time>
        <extensions>
          <ns3:TrackPointExtension>
            <ns3:hr>124</ns3:hr>
            <ns3:cad>90</ns3:cad>
          </ns3:TrackPointExtension>
        </extensions>
      </trkpt>
      <trkpt lat="29.28678433410823345184326171875" lon="117.2346073575317859649658203125">
        <ele>29</ele>
        <time>2026-08-26T21:33:53.000Z</time>
        <extensions>
          <ns3:TrackPointExtension>
            <ns3:hr>124</ns3:hr>
            <ns3:cad>88</ns3:cad>
          </ns3:TrackPointExtension>
        </extensions>
      </trkpt>
      <trkpt lat="29.28679707460105419158935546875" lon="117.234624288976192474365234375">
        <ele>29</ele>
        <time>2026-08-26T21:33:54.000Z</time>
        <extensions>
          <ns3:TrackPointExtension>
            <ns3:hr>123</ns3:hr>
            <ns3:cad>90</ns3:cad>
          </ns3:TrackPointExtension>
        </extensions>
      </trkpt>
      <trkpt lat="29.28681165911257266998291015625" lon="117.23464197479188442230224609375">
        <ele>29.200000762939453125</ele>
        <time>2026-08-26T21:33:55.000Z</time>
        <extensions>
          <ns3:TrackPointExtension>
            <ns3:hr>123</ns3:hr>
            <ns3:cad>90</ns3:cad>
          </ns3:TrackPointExtension>
        </extensions>
      </trkpt>
      <trkpt lat="29.2868318594992160797119140625" lon="117.23465739749372005462646484375">
        <ele>29.200000762939453125</ele>
        <time>2026-08-26T21:33:56.000Z</time>
        <extensions>
          <ns3:TrackPointExtension>
            <ns3:hr>123</ns3:hr>
            <ns3:cad>90</ns3:cad>
          </ns3:TrackPointExtension>
        </extensions>
      </trkpt>
      <trkpt lat="29.28684719838201999664306640625" lon="117.23467315547168254852294921875">
        <ele>29.200000762939453125</ele>
        <time>2026-08-26T21:33:57.000Z</time>
        <extensions>
          <ns3:TrackPointExtension>
            <ns3:hr>122</ns3:hr>
            <ns3:cad>90</ns3:cad>
          </ns3:TrackPointExtension>
        </extensions>
      </trkpt>
      <trkpt lat="29.2868645489215850830078125" lon="117.23469058983027935028076171875">
        <ele>29.3999996185302734375</ele>
        <time>2026-08-26T21:33:58.000Z</time>
        <extensions>
          <ns3:TrackPointExtension>
            <ns3:hr>122</ns3:hr>
            <ns3:cad>90</ns3:cad>
          </ns3:TrackPointExtension>
        </extensions>
      </trkpt>
      <trkpt lat="29.28687997162342071533203125" lon="117.23471271805465221405029296875">
        <ele>29.3999996185302734375</ele>
        <time>2026-08-26T21:33:59.000Z</time>
        <extensions>
          <ns3:TrackPointExtension>
            <ns3:hr>120</ns3:hr>
            <ns3:cad>90</ns3:cad>
          </ns3:TrackPointExtension>
        </extensions>
      </trkpt>
      <trkpt lat="29.28689044900238513946533203125" lon="117.23473149351775646209716796875">
        <ele>29.200000762939453125</ele>
        <time>2026-08-26T21:34:00.000Z</time>
        <extensions>
          <ns3:TrackPointExtension>
            <ns3:hr>120</ns3:hr>
            <ns3:cad>90</ns3:cad>
          </ns3:TrackPointExtension>
        </extensions>
      </trkpt>
      <trkpt lat="29.286903440952301025390625" lon="117.234749682247638702392578125">
        <ele>29.200000762939453125</ele>
        <time>2026-08-26T21:34:01.000Z</time>
        <extensions>
          <ns3:TrackPointExtension>
            <ns3:hr>120</ns3:hr>
            <ns3:cad>90</ns3:cad>
          </ns3:TrackPointExtension>
        </extensions>
      </trkpt>
      <trkpt lat="29.2869208753108978271484375" lon="117.2347689606249332427978515625">
        <ele>29.3999996185302734375</ele>
        <time>2026-08-26T21:34:02.000Z</time>
        <extensions>
          <ns3:TrackPointExtension>
            <ns3:hr>120</ns3:hr>
            <ns3:cad>91</ns3:cad>
          </ns3:TrackPointExtension>
        </extensions>
      </trkpt>
      <trkpt lat="29.2869364656507968902587890625" lon="117.23478329367935657501220703125">
        <ele>29.3999996185302734375</ele>
        <time>2026-08-26T21:34:03.000Z</time>
        <extensions>
          <ns3:TrackPointExtension>
            <ns3:hr>120</ns3:hr>
            <ns3:cad>91</ns3:cad>
          </ns3:TrackPointExtension>
        </extensions>
      </trkpt>
      <trkpt lat="29.28695431910455226898193359375" lon="117.234804667532444000244140625">
        <ele>29.3999996185302734375</ele>
        <time>2026-08-26T21:34:04.000Z</time>
        <extensions>
          <ns3:TrackPointExtension>
            <ns3:hr>120</ns3:hr>
            <ns3:cad>91</ns3:cad>
          </ns3:TrackPointExtension>
        </extensions>
      </trkpt>
      <trkpt lat="29.28696856833994388580322265625" lon="117.23482302390038967132568359375">
        <ele>29.3999996185302734375</ele>
        <time>2026-08-26T21:34:05.000Z</time>
        <extensions>
          <ns3:TrackPointExtension>
            <ns3:hr>121</ns3:hr>
            <ns3:cad>90</ns3:cad>
          </ns3:TrackPointExtension>
        </extensions>
      </trkpt>
      <trkpt lat="29.28698591887950897216796875" lon="117.2348450683057308197021484375">
        <ele>29.3999996185302734375</ele>
        <time>2026-08-26T21:34:06.000Z</time>
        <extensions>
          <ns3:TrackPointExtension>
            <ns3:hr>120</ns3:hr>
            <ns3:cad>90</ns3:cad>
          </ns3:TrackPointExtension>
        </extensions>
      </trkpt>
      <trkpt lat="29.28700142540037631988525390625" lon="117.23486208356916904449462890625">
        <ele>29.3999996185302734375</ele>
        <time>2026-08-26T21:34:07.000Z</time>
        <extensions>
          <ns3:TrackPointExtension>
            <ns3:hr>120</ns3:hr>
            <ns3:cad>90</ns3:cad>
          </ns3:TrackPointExtension>
        </extensions>
      </trkpt>
      <trkpt lat="29.28701810538768768310546875" lon="117.23488320596516132354736328125">
        <ele>29.3999996185302734375</ele>
        <time>2026-08-26T21:34:08.000Z</time>
        <extensions>
          <ns3:TrackPointExtension>
            <ns3:hr>120</ns3:hr>
            <ns3:cad>90</ns3:cad>
          </ns3:TrackPointExtension>
        </extensions>
      </trkpt>
      <trkpt lat="29.28703243844211101531982421875" lon="117.23490131087601184844970703125">
        <ele>29.6000003814697265625</ele>
        <time>2026-08-26T21:34:09.000Z</time>
        <extensions>
          <ns3:TrackPointExtension>
            <ns3:hr>120</ns3:hr>
            <ns3:cad>90</ns3:cad>
          </ns3:TrackPointExtension>
        </extensions>
      </trkpt>
      <trkpt lat="29.28705322556197643280029296875" lon="117.2349265404045581817626953125">
        <ele>29.6000003814697265625</ele>
        <time>2026-08-26T21:34:10.000Z</time>
        <extensions>
          <ns3:TrackPointExtension>
            <ns3:hr>119</ns3:hr>
            <ns3:cad>90</ns3:cad>
          </ns3:TrackPointExtension>
        </extensions>
      </trkpt>
      <trkpt lat="29.28706906735897064208984375" lon="117.23493886180222034454345703125">
        <ele>29.6000003814697265625</ele>
        <time>2026-08-26T21:34:11.000Z</time>
        <extensions>
          <ns3:TrackPointExtension>
            <ns3:hr>119</ns3:hr>
            <ns3:cad>90</ns3:cad>
          </ns3:TrackPointExtension>
        </extensions>
      </trkpt>
      <trkpt lat="29.28708692081272602081298828125" lon="117.23496551625430583953857421875">
        <ele>29.6000003814697265625</ele>
        <time>2026-08-26T21:34:12.000Z</time>
        <extensions>
          <ns3:TrackPointExtension>
            <ns3:hr>119</ns3:hr>
            <ns3:cad>90</ns3:cad>
          </ns3:TrackPointExtension>
        </extensions>
      </trkpt>
      <trkpt lat="29.287101924419403076171875" lon="117.23497959785163402557373046875">
        <ele>29.6000003814697265625</ele>
        <time>2026-08-26T21:34:13.000Z</time>
        <extensions>
          <ns3:TrackPointExtension>
            <ns3:hr>119</ns3:hr>
            <ns3:cad>90</ns3:cad>
          </ns3:TrackPointExtension>
        </extensions>
      </trkpt>
      <trkpt lat="29.28712002933025360107421875" lon="117.2350056655704975128173828125">
        <ele>29.6000003814697265625</ele>
        <time>2026-08-26T21:34:14.000Z</time>
        <extensions>
          <ns3:TrackPointExtension>
            <ns3:hr>118</ns3:hr>
            <ns3:cad>90</ns3:cad>
          </ns3:TrackPointExtension>
        </extensions>
      </trkpt>
      <trkpt lat="29.28713352419435977935791015625" lon="117.23501899279654026031494140625">
        <ele>29.6000003814697265625</ele>
        <time>2026-08-26T21:34:15.000Z</time>
        <extensions>
          <ns3:TrackPointExtension>
            <ns3:hr>119</ns3:hr>
            <ns3:cad>90</ns3:cad>
          </ns3:TrackPointExtension>
        </extensions>
      </trkpt>
      <trkpt lat="29.28715397603809833526611328125" lon="117.23504279740154743194580078125">
        <ele>29.6000003814697265625</ele>
        <time>2026-08-26T21:34:16.000Z</time>
        <extensions>
          <ns3:TrackPointExtension>
            <ns3:hr>119</ns3:hr>
            <ns3:cad>90</ns3:cad>
          </ns3:TrackPointExtension>
        </extensions>
      </trkpt>
      <trkpt lat="29.28716772235929965972900390625" lon="117.2350572980940341949462890625">
        <ele>29.6000003814697265625</ele>
        <time>2026-08-26T21:34:17.000Z</time>
        <extensions>
          <ns3:TrackPointExtension>
            <ns3:hr>118</ns3:hr>
            <ns3:cad>90</ns3:cad>
          </ns3:TrackPointExtension>
        </extensions>
      </trkpt>
      <trkpt lat="29.28718381561338901519775390625" lon="117.2350871376693248748779296875">
        <ele>29.6000003814697265625</ele>
        <time>2026-08-26T21:34:18.000Z</time>
        <extensions>
          <ns3:TrackPointExtension>
            <ns3:hr>119</ns3:hr>
            <ns3:cad>90</ns3:cad>
          </ns3:TrackPointExtension>
        </extensions>
      </trkpt>
      <trkpt lat="29.28719655610620975494384765625" lon="117.235101051628589630126953125">
        <ele>29.6000003814697265625</ele>
        <time>2026-08-26T21:34:19.000Z</time>
        <extensions>
          <ns3:TrackPointExtension>
            <ns3:hr>119</ns3:hr>
            <ns3:cad>91</ns3:cad>
          </ns3:TrackPointExtension>
        </extensions>
      </trkpt>
      <trkpt lat="29.28721499629318714141845703125" lon="117.2351248562335968017578125">
        <ele>29.6000003814697265625</ele>
        <time>2026-08-26T21:34:20.000Z</time>
        <extensions>
          <ns3:TrackPointExtension>
            <ns3:hr>118</ns3:hr>
            <ns3:cad>91</ns3:cad>
          </ns3:TrackPointExtension>
        </extensions>
      </trkpt>
      <trkpt lat="29.28722865879535675048828125" lon="117.23513617180287837982177734375">
        <ele>29.6000003814697265625</ele>
        <time>2026-08-26T21:34:21.000Z</time>
        <extensions>
          <ns3:TrackPointExtension>
            <ns3:hr>119</ns3:hr>
            <ns3:cad>91</ns3:cad>
          </ns3:TrackPointExtension>
        </extensions>
      </trkpt>
      <trkpt lat="29.287246428430080413818359375" lon="117.23516098223626613616943359375">
        <ele>29.6000003814697265625</ele>
        <time>2026-08-26T21:34:22.000Z</time>
        <extensions>
          <ns3:TrackPointExtension>
            <ns3:hr>119</ns3:hr>
            <ns3:cad>91</ns3:cad>
          </ns3:TrackPointExtension>
        </extensions>
      </trkpt>
      <trkpt lat="29.28726084530353546142578125" lon="117.235172800719738006591796875">
        <ele>29.6000003814697265625</ele>
        <time>2026-08-26T21:34:23.000Z</time>
        <extensions>
          <ns3:TrackPointExtension>
            <ns3:hr>120</ns3:hr>
            <ns3:cad>91</ns3:cad>
          </ns3:TrackPointExtension>
        </extensions>
      </trkpt>
      <trkpt lat="29.287277944386005401611328125" lon="117.235199622809886932373046875">
        <ele>29.6000003814697265625</ele>
        <time>2026-08-26T21:34:24.000Z</time>
        <extensions>
          <ns3:TrackPointExtension>
            <ns3:hr>120</ns3:hr>
            <ns3:cad>91</ns3:cad>
          </ns3:TrackPointExtension>
        </extensions>
      </trkpt>
      <trkpt lat="29.287293367087841033935546875" lon="117.235214374959468841552734375">
        <ele>29.6000003814697265625</ele>
        <time>2026-08-26T21:34:25.000Z</time>
        <extensions>
          <ns3:TrackPointExtension>
            <ns3:hr>120</ns3:hr>
            <ns3:cad>90</ns3:cad>
          </ns3:TrackPointExtension>
        </extensions>
      </trkpt>
      <trkpt lat="29.28730803541839122772216796875" lon="117.23524211905896663665771484375">
        <ele>29.6000003814697265625</ele>
        <time>2026-08-26T21:34:26.000Z</time>
        <extensions>
          <ns3:TrackPointExtension>
            <ns3:hr>120</ns3:hr>
            <ns3:cad>90</ns3:cad>
          </ns3:TrackPointExtension>
        </extensions>
      </trkpt>
      <trkpt lat="29.28732429631054401397705078125" lon="117.23525117151439189910888671875">
        <ele>29.6000003814697265625</ele>
        <time>2026-08-26T21:34:27.000Z</time>
        <extensions>
          <ns3:TrackPointExtension>
            <ns3:hr>120</ns3:hr>
            <ns3:cad>90</ns3:cad>
          </ns3:TrackPointExtension>
        </extensions>
      </trkpt>
      <trkpt lat="29.28734265267848968505859375" lon="117.23527581430971622467041015625">
        <ele>29.799999237060546875</ele>
        <time>2026-08-26T21:34:28.000Z</time>
        <extensions>
          <ns3:TrackPointExtension>
            <ns3:hr>120</ns3:hr>
            <ns3:cad>90</ns3:cad>
          </ns3:TrackPointExtension>
        </extensions>
      </trkpt>
      <trkpt lat="29.28736017085611820220947265625" lon="117.235286124050617218017578125">
        <ele>29.799999237060546875</ele>
        <time>2026-08-26T21:34:29.000Z</time>
        <extensions>
          <ns3:TrackPointExtension>
            <ns3:hr>120</ns3:hr>
            <ns3:cad>90</ns3:cad>
          </ns3:TrackPointExtension>
        </extensions>
      </trkpt>
      <trkpt lat="29.2873776890337467193603515625" lon="117.2353124432265758514404296875">
        <ele>29.799999237060546875</ele>
        <time>2026-08-26T21:34:30.000Z</time>
        <extensions>
          <ns3:TrackPointExtension>
            <ns3:hr>120</ns3:hr>
            <ns3:cad>90</ns3:cad>
          </ns3:TrackPointExtension>
        </extensions>
      </trkpt>
      <trkpt lat="29.28739772178232669830322265625" lon="117.235319651663303375244140625">
        <ele>29.799999237060546875</ele>
        <time>2026-08-26T21:34:31.000Z</time>
        <extensions>
          <ns3:TrackPointExtension>
            <ns3:hr>120</ns3:hr>
            <ns3:cad>90</ns3:cad>
          </ns3:TrackPointExtension>
        </extensions>
      </trkpt>
      <trkpt lat="29.287413060665130615234375" lon="117.23534873686730861663818359375">
        <ele>29.799999237060546875</ele>
        <time>2026-08-26T21:34:32.000Z</time>
        <extensions>
          <ns3:TrackPointExtension>
            <ns3:hr>120</ns3:hr>
            <ns3:cad>90</ns3:cad>
          </ns3:TrackPointExtension>
        </extensions>
      </trkpt>
      <trkpt lat="29.28743141703307628631591796875" lon="117.23536097444593906402587890625">
        <ele>29.799999237060546875</ele>
        <time>2026-08-26T21:34:33.000Z</time>
        <extensions>
          <ns3:TrackPointExtension>
            <ns3:hr>121</ns3:hr>
            <ns3:cad>90</ns3:cad>
          </ns3:TrackPointExtension>
        </extensions>
      </trkpt>
      <trkpt lat="29.2874464206397533416748046875" lon="117.23538863472640514373779296875">
        <ele>29.799999237060546875</ele>
        <time>2026-08-26T21:34:34.000Z</time>
        <extensions>
          <ns3:TrackPointExtension>
            <ns3:hr>120</ns3:hr>
            <ns3:cad>90</ns3:cad>
          </ns3:TrackPointExtension>
        </extensions>
      </trkpt>
      <trkpt lat="29.2874626815319061279296875" lon="117.23540036939084529876708984375">
        <ele>29.799999237060546875</ele>
        <time>2026-08-26T21:34:35.000Z</time>
        <extensions>
          <ns3:TrackPointExtension>
            <ns3:hr>120</ns3:hr>
            <ns3:cad>90</ns3:cad>
          </ns3:TrackPointExtension>
        </extensions>
      </trkpt>
      <trkpt lat="29.2874762602150440216064453125" lon="117.23542953841388225555419921875">
        <ele>29.799999237060546875</ele>
        <time>2026-08-26T21:34:36.000Z</time>
        <extensions>
          <ns3:TrackPointExtension>
            <ns3:hr>120</ns3:hr>
            <ns3:cad>90</ns3:cad>
          </ns3:TrackPointExtension>
        </extensions>
      </trkpt>
      <trkpt lat="29.28749310784041881561279296875" lon="117.2354405187070369720458984375">
        <ele>29.799999237060546875</ele>
        <time>2026-08-26T21:34:37.000Z</time>
        <extensions>
          <ns3:TrackPointExtension>
            <ns3:hr>120</ns3:hr>
            <ns3:cad>90</ns3:cad>
          </ns3:TrackPointExtension>
        </extensions>
      </trkpt>
      <trkpt lat="29.28751037456095218658447265625" lon="117.23546625114977359771728515625">
        <ele>29.799999237060546875</ele>
        <time>2026-08-26T21:34:38.000Z</time>
        <extensions>
          <ns3:TrackPointExtension>
            <ns3:hr>120</ns3:hr>
            <ns3:cad>90</ns3:cad>
          </ns3:TrackPointExtension>
        </extensions>
      </trkpt>
      <trkpt lat="29.2875278927385807037353515625" lon="117.2354770638048648834228515625">
        <ele>29.799999237060546875</ele>
        <time>2026-08-26T21:34:39.000Z</time>
        <extensions>
          <ns3:TrackPointExtension>
            <ns3:hr>120</ns3:hr>
            <ns3:cad>90</ns3:cad>
          </ns3:TrackPointExtension>
        </extensions>
      </trkpt>
      <trkpt lat="29.2875444889068603515625" lon="117.23550396971404552459716796875">
        <ele>29.799999237060546875</ele>
        <time>2026-08-26T21:34:40.000Z</time>
        <extensions>
          <ns3:TrackPointExtension>
            <ns3:hr>120</ns3:hr>
            <ns3:cad>90</ns3:cad>
          </ns3:TrackPointExtension>
        </extensions>
      </trkpt>
      <trkpt lat="29.2875634320080280303955078125" lon="117.23551386035978794097900390625">
        <ele>29.799999237060546875</ele>
        <time>2026-08-26T21:34:41.000Z</time>
        <extensions>
          <ns3:TrackPointExtension>
            <ns3:hr>120</ns3:hr>
            <ns3:cad>90</ns3:cad>
          </ns3:TrackPointExtension>
        </extensions>
      </trkpt>
      <trkpt lat="29.28757692687213420867919921875" lon="117.23553632386028766632080078125">
        <ele>30</ele>
        <time>2026-08-26T21:34:42.000Z</time>
        <extensions>
          <ns3:TrackPointExtension>
            <ns3:hr>120</ns3:hr>
            <ns3:cad>90</ns3:cad>
          </ns3:TrackPointExtension>
        </extensions>
      </trkpt>
      <trkpt lat="29.2875976301729679107666015625" lon="117.235548980534076690673828125">
        <ele>30</ele>
        <time>2026-08-26T21:34:43.000Z</time>
        <extensions>
          <ns3:TrackPointExtension>
            <ns3:hr>120</ns3:hr>
            <ns3:cad>90</ns3:cad>
          </ns3:TrackPointExtension>
        </extensions>
      </trkpt>
      <trkpt lat="29.2876130528748035430908203125" lon="117.23557337187230587005615234375">
        <ele>30</ele>
        <time>2026-08-26T21:34:44.000Z</time>
        <extensions>
          <ns3:TrackPointExtension>
            <ns3:hr>120</ns3:hr>
            <ns3:cad>90</ns3:cad>
          </ns3:TrackPointExtension>
        </extensions>
      </trkpt>
      <trkpt lat="29.2876316606998443603515625" lon="117.23559047095477581024169921875">
        <ele>30</ele>
        <time>2026-08-26T21:34:45.000Z</time>
        <extensions>
          <ns3:TrackPointExtension>
            <ns3:hr>120</ns3:hr>
            <ns3:cad>90</ns3:cad>
          </ns3:TrackPointExtension>
        </extensions>
      </trkpt>
      <trkpt lat="29.28764448501169681549072265625" lon="117.2356111742556095123291015625">
        <ele>30</ele>
        <time>2026-08-26T21:34:46.000Z</time>
        <extensions>
          <ns3:TrackPointExtension>
            <ns3:hr>120</ns3:hr>
            <ns3:cad>90</ns3:cad>
          </ns3:TrackPointExtension>
        </extensions>
      </trkpt>
      <trkpt lat="29.2876616679131984710693359375" lon="117.23562634550034999847412109375">
        <ele>30</ele>
        <time>2026-08-26T21:34:47.000Z</time>
        <extensions>
          <ns3:TrackPointExtension>
            <ns3:hr>119</ns3:hr>
            <ns3:cad>90</ns3:cad>
          </ns3:TrackPointExtension>
        </extensions>
      </trkpt>
      <trkpt lat="29.287676252424716949462890625" lon="117.23565149120986461639404296875">
        <ele>30</ele>
        <time>2026-08-26T21:34:48.000Z</time>
        <extensions>
          <ns3:TrackPointExtension>
            <ns3:hr>119</ns3:hr>
            <ns3:cad>90</ns3:cad>
          </ns3:TrackPointExtension>
        </extensions>
      </trkpt>
      <trkpt lat="29.2876951955258846282958984375" lon="117.23566691391170024871826171875">
        <ele>30</ele>
        <time>2026-08-26T21:34:49.000Z</time>
        <extensions>
          <ns3:TrackPointExtension>
            <ns3:hr>119</ns3:hr>
            <ns3:cad>90</ns3:cad>
          </ns3:TrackPointExtension>
        </extensions>
      </trkpt>
      <trkpt lat="29.28771003149449825286865234375" lon="117.23568887449800968170166015625">
        <ele>30</ele>
        <time>2026-08-26T21:34:50.000Z</time>
        <extensions>
          <ns3:TrackPointExtension>
            <ns3:hr>119</ns3:hr>
            <ns3:cad>91</ns3:cad>
          </ns3:TrackPointExtension>
        </extensions>
      </trkpt>
      <trkpt lat="29.2877277173101902008056640625" lon="117.23570697940886020660400390625">
        <ele>30</ele>
        <time>2026-08-26T21:34:51.000Z</time>
        <extensions>
          <ns3:TrackPointExtension>
            <ns3:hr>118</ns3:hr>
            <ns3:cad>90</ns3:cad>
          </ns3:TrackPointExtension>
        </extensions>
      </trkpt>
      <trkpt lat="29.28774096071720123291015625" lon="117.23572927527129650115966796875">
        <ele>30</ele>
        <time>2026-08-26T21:34:52.000Z</time>
        <extensions>
          <ns3:TrackPointExtension>
            <ns3:hr>119</ns3:hr>
            <ns3:cad>90</ns3:cad>
          </ns3:TrackPointExtension>
        </extensions>
      </trkpt>
      <trkpt lat="29.2877555452287197113037109375" lon="117.23574503324925899505615234375">
        <ele>30</ele>
        <time>2026-08-26T21:34:53.000Z</time>
        <extensions>
          <ns3:TrackPointExtension>
            <ns3:hr>119</ns3:hr>
            <ns3:cad>90</ns3:cad>
          </ns3:TrackPointExtension>
        </extensions>
      </trkpt>
      <trkpt lat="29.2877689562737941741943359375" lon="117.23576682619750499725341796875">
        <ele>30</ele>
        <time>2026-08-26T21:34:54.000Z</time>
        <extensions>
          <ns3:TrackPointExtension>
            <ns3:hr>118</ns3:hr>
            <ns3:cad>90</ns3:cad>
          </ns3:TrackPointExtension>
        </extensions>
      </trkpt>
      <trkpt lat="29.2877887375652790069580078125" lon="117.23578191362321376800537109375">
        <ele>30</ele>
        <time>2026-08-26T21:34:55.000Z</time>
        <extensions>
          <ns3:TrackPointExtension>
            <ns3:hr>119</ns3:hr>
            <ns3:cad>90</ns3:cad>
          </ns3:TrackPointExtension>
        </extensions>
      </trkpt>
      <trkpt lat="29.28780357353389263153076171875" lon="117.2358046285808086395263671875">
        <ele>30</ele>
        <time>2026-08-26T21:34:56.000Z</time>
        <extensions>
          <ns3:TrackPointExtension>
            <ns3:hr>119</ns3:hr>
            <ns3:cad>89</ns3:cad>
          </ns3:TrackPointExtension>
        </extensions>
      </trkpt>
      <trkpt lat="29.28782201372087001800537109375" lon="117.235820554196834564208984375">
        <ele>30</ele>
        <time>2026-08-26T21:34:57.000Z</time>
        <extensions>
          <ns3:TrackPointExtension>
            <ns3:hr>118</ns3:hr>
            <ns3:cad>89</ns3:cad>
          </ns3:TrackPointExtension>
        </extensions>
      </trkpt>
      <trkpt lat="29.2878373526036739349365234375" lon="117.2358418442308902740478515625">
        <ele>30</ele>
        <time>2026-08-26T21:34:58.000Z</time>
        <extensions>
          <ns3:TrackPointExtension>
            <ns3:hr>119</ns3:hr>
            <ns3:cad>90</ns3:cad>
          </ns3:TrackPointExtension>
        </extensions>
      </trkpt>
      <trkpt lat="29.2878554575145244598388671875" lon="117.2358592785894870758056640625">
        <ele>30</ele>
        <time>2026-08-26T21:34:59.000Z</time>
        <extensions>
          <ns3:TrackPointExtension>
            <ns3:hr>119</ns3:hr>
            <ns3:cad>90</ns3:cad>
          </ns3:TrackPointExtension>
        </extensions>
      </trkpt>
      <trkpt lat="29.2878703773021697998046875" lon="117.23588031716644763946533203125">
        <ele>30</ele>
        <time>2026-08-26T21:35:00.000Z</time>
        <extensions>
          <ns3:TrackPointExtension>
            <ns3:hr>118</ns3:hr>
            <ns3:cad>90</ns3:cad>
          </ns3:TrackPointExtension>
        </extensions>
      </trkpt>
      <trkpt lat="29.28789175115525722503662109375" lon="117.23589691333472728729248046875">
        <ele>30.200000762939453125</ele>
        <time>2026-08-26T21:35:01.000Z</time>
        <extensions>
          <ns3:TrackPointExtension>
            <ns3:hr>118</ns3:hr>
            <ns3:cad>90</ns3:cad>
          </ns3:TrackPointExtension>
        </extensions>
      </trkpt>
      <trkpt lat="29.287909604609012603759765625" lon="117.2359156049787998199462890625">
        <ele>30.200000762939453125</ele>
        <time>2026-08-26T21:35:02.000Z</time>
        <extensions>
          <ns3:TrackPointExtension>
            <ns3:hr>118</ns3:hr>
            <ns3:cad>90</ns3:cad>
          </ns3:TrackPointExtension>
        </extensions>
      </trkpt>
      <trkpt lat="29.28793064318597316741943359375" lon="117.2359357215464115142822265625">
        <ele>30</ele>
        <time>2026-08-26T21:35:03.000Z</time>
        <extensions>
          <ns3:TrackPointExtension>
            <ns3:hr>118</ns3:hr>
            <ns3:cad>90</ns3:cad>
          </ns3:TrackPointExtension>
        </extensions>
      </trkpt>
      <trkpt lat="29.2879466526210308074951171875" lon="117.23595810122787952423095703125">
        <ele>30.200000762939453125</ele>
        <time>2026-08-26T21:35:04.000Z</time>
        <extensions>
          <ns3:TrackPointExtension>
            <ns3:hr>119</ns3:hr>
            <ns3:cad>90</ns3:cad>
          </ns3:TrackPointExtension>
        </extensions>
      </trkpt>
      <trkpt lat="29.2879654280841350555419921875" lon="117.23597955889999866485595703125">
        <ele>30.200000762939453125</ele>
        <time>2026-08-26T21:35:05.000Z</time>
        <extensions>
          <ns3:TrackPointExtension>
            <ns3:hr>118</ns3:hr>
            <ns3:cad>90</ns3:cad>
          </ns3:TrackPointExtension>
        </extensions>
      </trkpt>
      <trkpt lat="29.28797992877662181854248046875" lon="117.23599833436310291290283203125">
        <ele>30.200000762939453125</ele>
        <time>2026-08-26T21:35:06.000Z</time>
        <extensions>
          <ns3:TrackPointExtension>
            <ns3:hr>118</ns3:hr>
            <ns3:cad>90</ns3:cad>
          </ns3:TrackPointExtension>
        </extensions>
      </trkpt>
      <trkpt lat="29.28799577057361602783203125" lon="117.2360195405781269073486328125">
        <ele>30.200000762939453125</ele>
        <time>2026-08-26T21:35:07.000Z</time>
        <extensions>
          <ns3:TrackPointExtension>
            <ns3:hr>119</ns3:hr>
            <ns3:cad>90</ns3:cad>
          </ns3:TrackPointExtension>
        </extensions>
      </trkpt>
      <trkpt lat="29.28801194764673709869384765625" lon="117.2360332868993282318115234375">
        <ele>30.200000762939453125</ele>
        <time>2026-08-26T21:35:08.000Z</time>
        <extensions>
          <ns3:TrackPointExtension>
            <ns3:hr>119</ns3:hr>
            <ns3:cad>90</ns3:cad>
          </ns3:TrackPointExtension>
        </extensions>
      </trkpt>
      <trkpt lat="29.28803022019565105438232421875" lon="117.23605767823755741119384765625">
        <ele>30</ele>
        <time>2026-08-26T21:35:09.000Z</time>
        <extensions>
          <ns3:TrackPointExtension>
            <ns3:hr>119</ns3:hr>
            <ns3:cad>90</ns3:cad>
          </ns3:TrackPointExtension>
        </extensions>
      </trkpt>
      <trkpt lat="29.28804564289748668670654296875" lon="117.23607360385358333587646484375">
        <ele>30</ele>
        <time>2026-08-26T21:35:10.000Z</time>
        <extensions>
          <ns3:TrackPointExtension>
            <ns3:hr>119</ns3:hr>
            <ns3:cad>90</ns3:cad>
          </ns3:TrackPointExtension>
        </extensions>
      </trkpt>
      <trkpt lat="29.2880629934370517730712890625" lon="117.23610294051468372344970703125">
        <ele>30</ele>
        <time>2026-08-26T21:35:11.000Z</time>
        <extensions>
          <ns3:TrackPointExtension>
            <ns3:hr>118</ns3:hr>
            <ns3:cad>90</ns3:cad>
          </ns3:TrackPointExtension>
        </extensions>
      </trkpt>
      <trkpt lat="29.28807833231985569000244140625" lon="117.23611735738813877105712890625">
        <ele>30.200000762939453125</ele>
        <time>2026-08-26T21:35:12.000Z</time>
        <extensions>
          <ns3:TrackPointExtension>
            <ns3:hr>119</ns3:hr>
            <ns3:cad>90</ns3:cad>
          </ns3:TrackPointExtension>
        </extensions>
      </trkpt>
      <trkpt lat="29.2880958504974842071533203125" lon="117.2361395694315433502197265625">
        <ele>30.200000762939453125</ele>
        <time>2026-08-26T21:35:13.000Z</time>
        <extensions>
          <ns3:TrackPointExtension>
            <ns3:hr>119</ns3:hr>
            <ns3:cad>90</ns3:cad>
          </ns3:TrackPointExtension>
        </extensions>
      </trkpt>
      <trkpt lat="29.28811018355190753936767578125" lon="117.2361539863049983978271484375">
        <ele>30.200000762939453125</ele>
        <time>2026-08-26T21:35:14.000Z</time>
        <extensions>
          <ns3:TrackPointExtension>
            <ns3:hr>120</ns3:hr>
            <ns3:cad>90</ns3:cad>
          </ns3:TrackPointExtension>
        </extensions>
      </trkpt>
      <trkpt lat="29.2881287075579166412353515625" lon="117.2361767850816249847412109375">
        <ele>30.200000762939453125</ele>
        <time>2026-08-26T21:35:15.000Z</time>
        <extensions>
          <ns3:TrackPointExtension>
            <ns3:hr>120</ns3:hr>
            <ns3:cad>90</ns3:cad>
          </ns3:TrackPointExtension>
        </extensions>
      </trkpt>
      <trkpt lat="29.288143627345561981201171875" lon="117.23618810065090656280517578125">
        <ele>30.200000762939453125</ele>
        <time>2026-08-26T21:35:16.000Z</time>
        <extensions>
          <ns3:TrackPointExtension>
            <ns3:hr>120</ns3:hr>
            <ns3:cad>90</ns3:cad>
          </ns3:TrackPointExtension>
        </extensions>
      </trkpt>
      <trkpt lat="29.28815678693354129791259765625" lon="117.23621006123721599578857421875">
        <ele>30.200000762939453125</ele>
        <time>2026-08-26T21:35:17.000Z</time>
        <extensions>
          <ns3:TrackPointExtension>
            <ns3:hr>120</ns3:hr>
            <ns3:cad>90</ns3:cad>
          </ns3:TrackPointExtension>
        </extensions>
      </trkpt>
      <trkpt lat="29.288174472749233245849609375" lon="117.236225903034210205078125">
        <ele>30.200000762939453125</ele>
        <time>2026-08-26T21:35:18.000Z</time>
        <extensions>
          <ns3:TrackPointExtension>
            <ns3:hr>120</ns3:hr>
            <ns3:cad>90</ns3:cad>
          </ns3:TrackPointExtension>
        </extensions>
      </trkpt>
      <trkpt lat="29.288188554346561431884765625" lon="117.23625498823821544647216796875">
        <ele>30.200000762939453125</ele>
        <time>2026-08-26T21:35:19.000Z</time>
        <extensions>
          <ns3:TrackPointExtension>
            <ns3:hr>120</ns3:hr>
            <ns3:cad>90</ns3:cad>
          </ns3:TrackPointExtension>
        </extensions>
      </trkpt>
      <trkpt lat="29.28820406086742877960205078125" lon="117.2362673096358776092529296875">
        <ele>30.200000762939453125</ele>
        <time>2026-08-26T21:35:20.000Z</time>
        <extensions>
          <ns3:TrackPointExtension>
            <ns3:hr>120</ns3:hr>
            <ns3:cad>90</ns3:cad>
          </ns3:TrackPointExtension>
        </extensions>
      </trkpt>
      <trkpt lat="29.28822199814021587371826171875" lon="117.236292622983455657958984375">
        <ele>30.200000762939453125</ele>
        <time>2026-08-26T21:35:21.000Z</time>
        <extensions>
          <ns3:TrackPointExtension>
            <ns3:hr>120</ns3:hr>
            <ns3:cad>90</ns3:cad>
          </ns3:TrackPointExtension>
        </extensions>
      </trkpt>
      <trkpt lat="29.28823926486074924468994140625" lon="117.23630796186625957489013671875">
        <ele>30.200000762939453125</ele>
        <time>2026-08-26T21:35:22.000Z</time>
        <extensions>
          <ns3:TrackPointExtension>
            <ns3:hr>120</ns3:hr>
            <ns3:cad>90</ns3:cad>
          </ns3:TrackPointExtension>
        </extensions>
      </trkpt>
      <trkpt lat="29.288256950676441192626953125" lon="117.23633377812802791595458984375">
        <ele>30.200000762939453125</ele>
        <time>2026-08-26T21:35:23.000Z</time>
        <extensions>
          <ns3:TrackPointExtension>
            <ns3:hr>120</ns3:hr>
            <ns3:cad>90</ns3:cad>
          </ns3:TrackPointExtension>
        </extensions>
      </trkpt>
      <trkpt lat="29.28827379830181598663330078125" lon="117.2363484464585781097412109375">
        <ele>30.200000762939453125</ele>
        <time>2026-08-26T21:35:24.000Z</time>
        <extensions>
          <ns3:TrackPointExtension>
            <ns3:hr>120</ns3:hr>
            <ns3:cad>90</ns3:cad>
          </ns3:TrackPointExtension>
        </extensions>
      </trkpt>
      <trkpt lat="29.28829240612685680389404296875" lon="117.2363772802054882049560546875">
        <ele>30.200000762939453125</ele>
        <time>2026-08-26T21:35:25.000Z</time>
        <extensions>
          <ns3:TrackPointExtension>
            <ns3:hr>120</ns3:hr>
            <ns3:cad>90</ns3:cad>
          </ns3:TrackPointExtension>
        </extensions>
      </trkpt>
      <trkpt lat="29.2883121035993099212646484375" lon="117.2363923676311969757080078125">
        <ele>30.200000762939453125</ele>
        <time>2026-08-26T21:35:26.000Z</time>
        <extensions>
          <ns3:TrackPointExtension>
            <ns3:hr>121</ns3:hr>
            <ns3:cad>90</ns3:cad>
          </ns3:TrackPointExtension>
        </extensions>
      </trkpt>
      <trkpt lat="29.2883292026817798614501953125" lon="117.2364215366542339324951171875">
        <ele>30.200000762939453125</ele>
        <time>2026-08-26T21:35:27.000Z</time>
        <extensions>
          <ns3:TrackPointExtension>
            <ns3:hr>121</ns3:hr>
            <ns3:cad>90</ns3:cad>
          </ns3:TrackPointExtension>
        </extensions>
      </trkpt>
      <trkpt lat="29.2883456312119960784912109375" lon="117.23643385805189609527587890625">
        <ele>30.3999996185302734375</ele>
        <time>2026-08-26T21:35:28.000Z</time>
        <extensions>
          <ns3:TrackPointExtension>
            <ns3:hr>121</ns3:hr>
            <ns3:cad>90</ns3:cad>
          </ns3:TrackPointExtension>
        </extensions>
      </trkpt>
      <trkpt lat="29.2883660830557346343994140625" lon="117.2364614345133304595947265625">
        <ele>30.3999996185302734375</ele>
        <time>2026-08-26T21:35:29.000Z</time>
        <extensions>
          <ns3:TrackPointExtension>
            <ns3:hr>121</ns3:hr>
            <ns3:cad>90</ns3:cad>
          </ns3:TrackPointExtension>
        </extensions>
      </trkpt>
      <trkpt lat="29.2883853614330291748046875" lon="117.23647534847259521484375">
        <ele>30.3999996185302734375</ele>
        <time>2026-08-26T21:35:30.000Z</time>
        <extensions>
          <ns3:TrackPointExtension>
            <ns3:hr>122</ns3:hr>
            <ns3:cad>90</ns3:cad>
          </ns3:TrackPointExtension>
        </extensions>
      </trkpt>
      <trkpt lat="29.2883987724781036376953125" lon="117.236499153077602386474609375">
        <ele>30.3999996185302734375</ele>
        <time>2026-08-26T21:35:31.000Z</time>
        <extensions>
          <ns3:TrackPointExtension>
            <ns3:hr>122</ns3:hr>
            <ns3:cad>90</ns3:cad>
          </ns3:TrackPointExtension>
        </extensions>
      </trkpt>
      <trkpt lat="29.28841679356992244720458984375" lon="117.23651667125523090362548828125">
        <ele>30.3999996185302734375</ele>
        <time>2026-08-26T21:35:32.000Z</time>
        <extensions>
          <ns3:TrackPointExtension>
            <ns3:hr>123</ns3:hr>
            <ns3:cad>90</ns3:cad>
          </ns3:TrackPointExtension>
        </extensions>
      </trkpt>
      <trkpt lat="29.28843506611883640289306640625" lon="117.236542068421840667724609375">
        <ele>30.3999996185302734375</ele>
        <time>2026-08-26T21:35:33.000Z</time>
        <extensions>
          <ns3:TrackPointExtension>
            <ns3:hr>124</ns3:hr>
            <ns3:cad>90</ns3:cad>
          </ns3:TrackPointExtension>
        </extensions>
      </trkpt>
      <trkpt lat="29.28845518268644809722900390625" lon="117.23655522800981998443603515625">
        <ele>30.3999996185302734375</ele>
        <time>2026-08-26T21:35:34.000Z</time>
        <extensions>
          <ns3:TrackPointExtension>
            <ns3:hr>124</ns3:hr>
            <ns3:cad>90</ns3:cad>
          </ns3:TrackPointExtension>
        </extensions>
      </trkpt>
      <trkpt lat="29.28846943192183971405029296875" lon="117.23657752387225627899169921875">
        <ele>30.3999996185302734375</ele>
        <time>2026-08-26T21:35:35.000Z</time>
        <extensions>
          <ns3:TrackPointExtension>
            <ns3:hr>124</ns3:hr>
            <ns3:cad>90</ns3:cad>
          </ns3:TrackPointExtension>
        </extensions>
      </trkpt>
      <trkpt lat="29.28848854266107082366943359375" lon="117.23659294657409191131591796875">
        <ele>30.3999996185302734375</ele>
        <time>2026-08-26T21:35:36.000Z</time>
        <extensions>
          <ns3:TrackPointExtension>
            <ns3:hr>124</ns3:hr>
            <ns3:cad>90</ns3:cad>
          </ns3:TrackPointExtension>
        </extensions>
      </trkpt>
      <trkpt lat="29.28850262425839900970458984375" lon="117.23661691881716251373291015625">
        <ele>30.3999996185302734375</ele>
        <time>2026-08-26T21:35:37.000Z</time>
        <extensions>
          <ns3:TrackPointExtension>
            <ns3:hr>125</ns3:hr>
            <ns3:cad>90</ns3:cad>
          </ns3:TrackPointExtension>
        </extensions>
      </trkpt>
      <trkpt lat="29.28852081298828125" lon="117.236625216901302337646484375">
        <ele>30.3999996185302734375</ele>
        <time>2026-08-26T21:35:38.000Z</time>
        <extensions>
          <ns3:TrackPointExtension>
            <ns3:hr>124</ns3:hr>
            <ns3:cad>90</ns3:cad>
          </ns3:TrackPointExtension>
        </extensions>
      </trkpt>
      <trkpt lat="29.2885347269475460052490234375" lon="117.23665078170597553253173828125">
        <ele>30.3999996185302734375</ele>
        <time>2026-08-26T21:35:39.000Z</time>
        <extensions>
          <ns3:TrackPointExtension>
            <ns3:hr>124</ns3:hr>
            <ns3:cad>90</ns3:cad>
          </ns3:TrackPointExtension>
        </extensions>
      </trkpt>
      <trkpt lat="29.288555346429347991943359375" lon="117.23666503094136714935302734375">
        <ele>30.3999996185302734375</ele>
        <time>2026-08-26T21:35:40.000Z</time>
        <extensions>
          <ns3:TrackPointExtension>
            <ns3:hr>123</ns3:hr>
            <ns3:cad>90</ns3:cad>
          </ns3:TrackPointExtension>
        </extensions>
      </trkpt>
      <trkpt lat="29.28856842219829559326171875" lon="117.23668950609862804412841796875">
        <ele>30.3999996185302734375</ele>
        <time>2026-08-26T21:35:41.000Z</time>
        <extensions>
          <ns3:TrackPointExtension>
            <ns3:hr>123</ns3:hr>
            <ns3:cad>90</ns3:cad>
          </ns3:TrackPointExtension>
        </extensions>
      </trkpt>
      <trkpt lat="29.2885880358517169952392578125" lon="117.23670132458209991455078125">
        <ele>30.3999996185302734375</ele>
        <time>2026-08-26T21:35:42.000Z</time>
        <extensions>
          <ns3:TrackPointExtension>
            <ns3:hr>123</ns3:hr>
            <ns3:cad>91</ns3:cad>
          </ns3:TrackPointExtension>
        </extensions>
      </trkpt>
      <trkpt lat="29.2886001057922840118408203125" lon="117.2367289848625659942626953125">
        <ele>30.3999996185302734375</ele>
        <time>2026-08-26T21:35:43.000Z</time>
        <extensions>
          <ns3:TrackPointExtension>
            <ns3:hr>123</ns3:hr>
            <ns3:cad>90</ns3:cad>
          </ns3:TrackPointExtension>
        </extensions>
      </trkpt>
      <trkpt lat="29.28861561231315135955810546875" lon="117.23674734123051166534423828125">
        <ele>30.3999996185302734375</ele>
        <time>2026-08-26T21:35:44.000Z</time>
        <extensions>
          <ns3:TrackPointExtension>
            <ns3:hr>123</ns3:hr>
            <ns3:cad>90</ns3:cad>
          </ns3:TrackPointExtension>
        </extensions>
      </trkpt>
      <trkpt lat="29.28862969391047954559326171875" lon="117.23677550442516803741455078125">
        <ele>30.3999996185302734375</ele>
        <time>2026-08-26T21:35:45.000Z</time>
        <extensions>
          <ns3:TrackPointExtension>
            <ns3:hr>123</ns3:hr>
            <ns3:cad>90</ns3:cad>
          </ns3:TrackPointExtension>
        </extensions>
      </trkpt>
      <trkpt lat="29.28864696063101291656494140625" lon="117.23678774200379848480224609375">
        <ele>30.3999996185302734375</ele>
        <time>2026-08-26T21:35:46.000Z</time>
        <extensions>
          <ns3:TrackPointExtension>
            <ns3:hr>123</ns3:hr>
            <ns3:cad>90</ns3:cad>
          </ns3:TrackPointExtension>
        </extensions>
      </trkpt>
      <trkpt lat="29.28866238333284854888916015625" lon="117.236812971532344818115234375">
        <ele>30.6000003814697265625</ele>
        <time>2026-08-26T21:35:47.000Z</time>
        <extensions>
          <ns3:TrackPointExtension>
            <ns3:hr>122</ns3:hr>
            <ns3:cad>90</ns3:cad>
          </ns3:TrackPointExtension>
        </extensions>
      </trkpt>
      <trkpt lat="29.28868065588176250457763671875" lon="117.23682579584419727325439453125">
        <ele>30.6000003814697265625</ele>
        <time>2026-08-26T21:35:48.000Z</time>
        <extensions>
          <ns3:TrackPointExtension>
            <ns3:hr>122</ns3:hr>
            <ns3:cad>90</ns3:cad>
          </ns3:TrackPointExtension>
        </extensions>
      </trkpt>
      <trkpt lat="29.2886926420032978057861328125" lon="117.2368490137159824371337890625">
        <ele>30.6000003814697265625</ele>
        <time>2026-08-26T21:35:49.000Z</time>
        <extensions>
          <ns3:TrackPointExtension>
            <ns3:hr>122</ns3:hr>
            <ns3:cad>90</ns3:cad>
          </ns3:TrackPointExtension>
        </extensions>
      </trkpt>
      <trkpt lat="29.28870982490479946136474609375" lon="117.23686334677040576934814453125">
        <ele>30.6000003814697265625</ele>
        <time>2026-08-26T21:35:50.000Z</time>
        <extensions>
          <ns3:TrackPointExtension>
            <ns3:hr>122</ns3:hr>
            <ns3:cad>89</ns3:cad>
          </ns3:TrackPointExtension>
        </extensions>
      </trkpt>
      <trkpt lat="29.2887208051979541778564453125" lon="117.2368892468512058258056640625">
        <ele>30.6000003814697265625</ele>
        <time>2026-08-26T21:35:51.000Z</time>
        <extensions>
          <ns3:TrackPointExtension>
            <ns3:hr>121</ns3:hr>
            <ns3:cad>89</ns3:cad>
          </ns3:TrackPointExtension>
        </extensions>
      </trkpt>
      <trkpt lat="29.28874100558459758758544921875" lon="117.23690106533467769622802734375">
        <ele>30.3999996185302734375</ele>
        <time>2026-08-26T21:35:52.000Z</time>
        <extensions>
          <ns3:TrackPointExtension>
            <ns3:hr>122</ns3:hr>
            <ns3:cad>89</ns3:cad>
          </ns3:TrackPointExtension>
        </extensions>
      </trkpt>
      <trkpt lat="29.28875542245805263519287109375" lon="117.23692554049193859100341796875">
        <ele>30.3999996185302734375</ele>
        <time>2026-08-26T21:35:53.000Z</time>
        <extensions>
          <ns3:TrackPointExtension>
            <ns3:hr>122</ns3:hr>
            <ns3:cad>89</ns3:cad>
          </ns3:TrackPointExtension>
        </extensions>
      </trkpt>
      <trkpt lat="29.288775287568569183349609375" lon="117.23693861626088619232177734375">
        <ele>30.3999996185302734375</ele>
        <time>2026-08-26T21:35:54.000Z</time>
        <extensions>
          <ns3:TrackPointExtension>
            <ns3:hr>121</ns3:hr>
            <ns3:cad>89</ns3:cad>
          </ns3:TrackPointExtension>
        </extensions>
      </trkpt>
      <trkpt lat="29.2887875251471996307373046875" lon="117.2369675338268280029296875">
        <ele>30.3999996185302734375</ele>
        <time>2026-08-26T21:35:55.000Z</time>
        <extensions>
          <ns3:TrackPointExtension>
            <ns3:hr>121</ns3:hr>
            <ns3:cad>89</ns3:cad>
          </ns3:TrackPointExtension>
        </extensions>
      </trkpt>
      <trkpt lat="29.288804791867733001708984375" lon="117.2369814477860927581787109375">
        <ele>30.6000003814697265625</ele>
        <time>2026-08-26T21:35:56.000Z</time>
        <extensions>
          <ns3:TrackPointExtension>
            <ns3:hr>121</ns3:hr>
            <ns3:cad>89</ns3:cad>
          </ns3:TrackPointExtension>
        </extensions>
      </trkpt>
      <trkpt lat="29.28881912492215633392333984375" lon="117.237007431685924530029296875">
        <ele>30.6000003814697265625</ele>
        <time>2026-08-26T21:35:57.000Z</time>
        <extensions>
          <ns3:TrackPointExtension>
            <ns3:hr>121</ns3:hr>
            <ns3:cad>89</ns3:cad>
          </ns3:TrackPointExtension>
        </extensions>
      </trkpt>
      <trkpt lat="29.28883890621364116668701171875" lon="117.23702109418809413909912109375">
        <ele>30.6000003814697265625</ele>
        <time>2026-08-26T21:35:58.000Z</time>
        <extensions>
          <ns3:TrackPointExtension>
            <ns3:hr>120</ns3:hr>
            <ns3:cad>89</ns3:cad>
          </ns3:TrackPointExtension>
        </extensions>
      </trkpt>
      <trkpt lat="29.288855753839015960693359375" lon="117.237042300403118133544921875">
        <ele>30.6000003814697265625</ele>
        <time>2026-08-26T21:35:59.000Z</time>
        <extensions>
          <ns3:TrackPointExtension>
            <ns3:hr>120</ns3:hr>
            <ns3:cad>89</ns3:cad>
          </ns3:TrackPointExtension>
        </extensions>
      </trkpt>
      <trkpt lat="29.2888736911118030548095703125" lon="117.237057387828826904296875">
        <ele>30.6000003814697265625</ele>
        <time>2026-08-26T21:36:00.000Z</time>
        <extensions>
          <ns3:TrackPointExtension>
            <ns3:hr>120</ns3:hr>
            <ns3:cad>89</ns3:cad>
          </ns3:TrackPointExtension>
        </extensions>
      </trkpt>
      <trkpt lat="29.288886599242687225341796875" lon="117.2370847128331661224365234375">
        <ele>30.6000003814697265625</ele>
        <time>2026-08-26T21:36:01.000Z</time>
        <extensions>
          <ns3:TrackPointExtension>
            <ns3:hr>120</ns3:hr>
            <ns3:cad>89</ns3:cad>
          </ns3:TrackPointExtension>
        </extensions>
      </trkpt>
      <trkpt lat="29.28890638053417205810546875" lon="117.23709569312632083892822265625">
        <ele>30.6000003814697265625</ele>
        <time>2026-08-26T21:36:02.000Z</time>
        <extensions>
          <ns3:TrackPointExtension>
            <ns3:hr>120</ns3:hr>
            <ns3:cad>89</ns3:cad>
          </ns3:TrackPointExtension>
        </extensions>
      </trkpt>
      <trkpt lat="29.288921467959880828857421875" lon="117.237120755016803741455078125">
        <ele>30.6000003814697265625</ele>
        <time>2026-08-26T21:36:03.000Z</time>
        <extensions>
          <ns3:TrackPointExtension>
            <ns3:hr>120</ns3:hr>
            <ns3:cad>89</ns3:cad>
          </ns3:TrackPointExtension>
        </extensions>
      </trkpt>
      <trkpt lat="29.2889424227178096771240234375" lon="117.23713324405252933502197265625">
        <ele>30.6000003814697265625</ele>
        <time>2026-08-26T21:36:04.000Z</time>
        <extensions>
          <ns3:TrackPointExtension>
            <ns3:hr>120</ns3:hr>
            <ns3:cad>89</ns3:cad>
          </ns3:TrackPointExtension>
        </extensions>
      </trkpt>
      <trkpt lat="29.28895759396255016326904296875" lon="117.23715470172464847564697265625">
        <ele>30.6000003814697265625</ele>
        <time>2026-08-26T21:36:05.000Z</time>
        <extensions>
          <ns3:TrackPointExtension>
            <ns3:hr>120</ns3:hr>
            <ns3:cad>89</ns3:cad>
          </ns3:TrackPointExtension>
        </extensions>
      </trkpt>
      <trkpt lat="29.28897821344435214996337890625" lon="117.23716861568391323089599609375">
        <ele>30.6000003814697265625</ele>
        <time>2026-08-26T21:36:06.000Z</time>
        <extensions>
          <ns3:TrackPointExtension>
            <ns3:hr>120</ns3:hr>
            <ns3:cad>90</ns3:cad>
          </ns3:TrackPointExtension>
        </extensions>
      </trkpt>
      <trkpt lat="29.2889920435845851898193359375" lon="117.23719476722180843353271484375">
        <ele>30.6000003814697265625</ele>
        <time>2026-08-26T21:36:07.000Z</time>
        <extensions>
          <ns3:TrackPointExtension>
            <ns3:hr>120</ns3:hr>
            <ns3:cad>89</ns3:cad>
          </ns3:TrackPointExtension>
        </extensions>
      </trkpt>
      <trkpt lat="29.28901157341897487640380859375" lon="117.23721303977072238922119140625">
        <ele>30.6000003814697265625</ele>
        <time>2026-08-26T21:36:08.000Z</time>
        <extensions>
          <ns3:TrackPointExtension>
            <ns3:hr>120</ns3:hr>
            <ns3:cad>89</ns3:cad>
          </ns3:TrackPointExtension>
        </extensions>
      </trkpt>
      <trkpt lat="29.28902884013950824737548828125" lon="117.23723508417606353759765625">
        <ele>30.6000003814697265625</ele>
        <time>2026-08-26T21:36:09.000Z</time>
        <extensions>
          <ns3:TrackPointExtension>
            <ns3:hr>120</ns3:hr>
            <ns3:cad>89</ns3:cad>
          </ns3:TrackPointExtension>
        </extensions>
      </trkpt>
      <trkpt lat="29.28904560394585132598876953125" lon="117.23725478164851665496826171875">
        <ele>30.6000003814697265625</ele>
        <time>2026-08-26T21:36:10.000Z</time>
        <extensions>
          <ns3:TrackPointExtension>
            <ns3:hr>120</ns3:hr>
            <ns3:cad>89</ns3:cad>
          </ns3:TrackPointExtension>
        </extensions>
      </trkpt>
      <trkpt lat="29.28906119428575038909912109375" lon="117.237279675900936126708984375">
        <ele>30.6000003814697265625</ele>
        <time>2026-08-26T21:36:11.000Z</time>
        <extensions>
          <ns3:TrackPointExtension>
            <ns3:hr>120</ns3:hr>
            <ns3:cad>89</ns3:cad>
          </ns3:TrackPointExtension>
        </extensions>
      </trkpt>
      <trkpt lat="29.289081394672393798828125" lon="117.23729769699275493621826171875">
        <ele>30.6000003814697265625</ele>
        <time>2026-08-26T21:36:12.000Z</time>
        <extensions>
          <ns3:TrackPointExtension>
            <ns3:hr>120</ns3:hr>
            <ns3:cad>89</ns3:cad>
          </ns3:TrackPointExtension>
        </extensions>
      </trkpt>
      <trkpt lat="29.28909815847873687744140625" lon="117.2373200766742229461669921875">
        <ele>30.6000003814697265625</ele>
        <time>2026-08-26T21:36:13.000Z</time>
        <extensions>
          <ns3:TrackPointExtension>
            <ns3:hr>120</ns3:hr>
            <ns3:cad>89</ns3:cad>
          </ns3:TrackPointExtension>
        </extensions>
      </trkpt>
      <trkpt lat="29.28911869414150714874267578125" lon="117.2373378463089466094970703125">
        <ele>30.6000003814697265625</ele>
        <time>2026-08-26T21:36:14.000Z</time>
        <extensions>
          <ns3:TrackPointExtension>
            <ns3:hr>119</ns3:hr>
            <ns3:cad>89</ns3:cad>
          </ns3:TrackPointExtension>
        </extensions>
      </trkpt>
      <trkpt lat="29.28913193754851818084716796875" lon="117.23735955543816089630126953125">
        <ele>30.6000003814697265625</ele>
        <time>2026-08-26T21:36:15.000Z</time>
        <extensions>
          <ns3:TrackPointExtension>
            <ns3:hr>119</ns3:hr>
            <ns3:cad>91</ns3:cad>
          </ns3:TrackPointExtension>
        </extensions>
      </trkpt>
      <trkpt lat="29.2891516350209712982177734375" lon="117.237376905977725982666015625">
        <ele>30.6000003814697265625</ele>
        <time>2026-08-26T21:36:16.000Z</time>
        <extensions>
          <ns3:TrackPointExtension>
            <ns3:hr>119</ns3:hr>
            <ns3:cad>91</ns3:cad>
          </ns3:TrackPointExtension>
        </extensions>
      </trkpt>
      <trkpt lat="29.2891673929989337921142578125" lon="117.23739593289792537689208984375">
        <ele>30.6000003814697265625</ele>
        <time>2026-08-26T21:36:17.000Z</time>
        <extensions>
          <ns3:TrackPointExtension>
            <ns3:hr>119</ns3:hr>
            <ns3:cad>91</ns3:cad>
          </ns3:TrackPointExtension>
        </extensions>
      </trkpt>
      <trkpt lat="29.289185665547847747802734375" lon="117.2374132834374904632568359375">
        <ele>30.6000003814697265625</ele>
        <time>2026-08-26T21:36:18.000Z</time>
        <extensions>
          <ns3:TrackPointExtension>
            <ns3:hr>118</ns3:hr>
            <ns3:cad>90</ns3:cad>
          </ns3:TrackPointExtension>
        </extensions>
      </trkpt>
      <trkpt lat="29.289197735488414764404296875" lon="117.23743113689124584197998046875">
        <ele>30.6000003814697265625</ele>
        <time>2026-08-26T21:36:19.000Z</time>
        <extensions>
          <ns3:TrackPointExtension>
            <ns3:hr>119</ns3:hr>
            <ns3:cad>90</ns3:cad>
          </ns3:TrackPointExtension>
        </extensions>
      </trkpt>
      <trkpt lat="29.28921659477055072784423828125" lon="117.23744957707822322845458984375">
        <ele>30.6000003814697265625</ele>
        <time>2026-08-26T21:36:20.000Z</time>
        <extensions>
          <ns3:TrackPointExtension>
            <ns3:hr>118</ns3:hr>
            <ns3:cad>90</ns3:cad>
          </ns3:TrackPointExtension>
        </extensions>
      </trkpt>
      <trkpt lat="29.28923226892948150634765625" lon="117.23747019656002521514892578125">
        <ele>30.6000003814697265625</ele>
        <time>2026-08-26T21:36:21.000Z</time>
        <extensions>
          <ns3:TrackPointExtension>
            <ns3:hr>118</ns3:hr>
            <ns3:cad>90</ns3:cad>
          </ns3:TrackPointExtension>
        </extensions>
      </trkpt>
      <trkpt lat="29.2892535589635372161865234375" lon="117.23748679272830486297607421875">
        <ele>30.6000003814697265625</ele>
        <time>2026-08-26T21:36:22.000Z</time>
        <extensions>
          <ns3:TrackPointExtension>
            <ns3:hr>118</ns3:hr>
            <ns3:cad>90</ns3:cad>
          </ns3:TrackPointExtension>
        </extensions>
      </trkpt>
      <trkpt lat="29.2892703227698802947998046875" lon="117.237503640353679656982421875">
        <ele>30.6000003814697265625</ele>
        <time>2026-08-26T21:36:23.000Z</time>
        <extensions>
          <ns3:TrackPointExtension>
            <ns3:hr>117</ns3:hr>
            <ns3:cad>90</ns3:cad>
          </ns3:TrackPointExtension>
        </extensions>
      </trkpt>
      <trkpt lat="29.28929320536553859710693359375" lon="117.2375209070742130279541015625">
        <ele>30.6000003814697265625</ele>
        <time>2026-08-26T21:36:24.000Z</time>
        <extensions>
          <ns3:TrackPointExtension>
            <ns3:hr>117</ns3:hr>
            <ns3:cad>90</ns3:cad>
          </ns3:TrackPointExtension>
        </extensions>
      </trkpt>
      <trkpt lat="29.28931013680994510650634765625" lon="117.23754010163247585296630859375">
        <ele>30.6000003814697265625</ele>
        <time>2026-08-26T21:36:25.000Z</time>
        <extensions>
          <ns3:TrackPointExtension>
            <ns3:hr>117</ns3:hr>
            <ns3:cad>90</ns3:cad>
          </ns3:TrackPointExtension>
        </extensions>
      </trkpt>
      <trkpt lat="29.28932991810142993927001953125" lon="117.23756172694265842437744140625">
        <ele>30.3999996185302734375</ele>
        <time>2026-08-26T21:36:26.000Z</time>
        <extensions>
          <ns3:TrackPointExtension>
            <ns3:hr>117</ns3:hr>
            <ns3:cad>90</ns3:cad>
          </ns3:TrackPointExtension>
        </extensions>
      </trkpt>
      <trkpt lat="29.2893450893461704254150390625" lon="117.2375805862247943878173828125">
        <ele>30.3999996185302734375</ele>
        <time>2026-08-26T21:36:27.000Z</time>
        <extensions>
          <ns3:TrackPointExtension>
            <ns3:hr>117</ns3:hr>
            <ns3:cad>90</ns3:cad>
          </ns3:TrackPointExtension>
        </extensions>
      </trkpt>
      <trkpt lat="29.289361350238323211669921875" lon="117.23760657012462615966796875">
        <ele>30.3999996185302734375</ele>
        <time>2026-08-26T21:36:28.000Z</time>
        <extensions>
          <ns3:TrackPointExtension>
            <ns3:hr>117</ns3:hr>
            <ns3:cad>90</ns3:cad>
          </ns3:TrackPointExtension>
        </extensions>
      </trkpt>
      <trkpt lat="29.28937417455017566680908203125" lon="117.23762492649257183074951171875">
        <ele>30.3999996185302734375</ele>
        <time>2026-08-26T21:36:29.000Z</time>
        <extensions>
          <ns3:TrackPointExtension>
            <ns3:hr>118</ns3:hr>
            <ns3:cad>90</ns3:cad>
          </ns3:TrackPointExtension>
        </extensions>
      </trkpt>
      <trkpt lat="29.2893913574516773223876953125" lon="117.2376523353159427642822265625">
        <ele>30.3999996185302734375</ele>
        <time>2026-08-26T21:36:30.000Z</time>
        <extensions>
          <ns3:TrackPointExtension>
            <ns3:hr>118</ns3:hr>
            <ns3:cad>90</ns3:cad>
          </ns3:TrackPointExtension>
        </extensions>
      </trkpt>
      <trkpt lat="29.2894051037728786468505859375" lon="117.23767253570258617401123046875">
        <ele>30.3999996185302734375</ele>
        <time>2026-08-26T21:36:31.000Z</time>
        <extensions>
          <ns3:TrackPointExtension>
            <ns3:hr>118</ns3:hr>
            <ns3:cad>90</ns3:cad>
          </ns3:TrackPointExtension>
        </extensions>
      </trkpt>
      <trkpt lat="29.28942278958857059478759765625" lon="117.237697429955005645751953125">
        <ele>30.3999996185302734375</ele>
        <time>2026-08-26T21:36:32.000Z</time>
        <extensions>
          <ns3:TrackPointExtension>
            <ns3:hr>118</ns3:hr>
            <ns3:cad>90</ns3:cad>
          </ns3:TrackPointExtension>
        </extensions>
      </trkpt>
      <trkpt lat="29.28943603299558162689208984375" lon="117.237712852656841278076171875">
        <ele>30.3999996185302734375</ele>
        <time>2026-08-26T21:36:33.000Z</time>
        <extensions>
          <ns3:TrackPointExtension>
            <ns3:hr>118</ns3:hr>
            <ns3:cad>90</ns3:cad>
          </ns3:TrackPointExtension>
        </extensions>
      </trkpt>
      <trkpt lat="29.28945547901093959808349609375" lon="117.23773607052862644195556640625">
        <ele>30.3999996185302734375</ele>
        <time>2026-08-26T21:36:34.000Z</time>
        <extensions>
          <ns3:TrackPointExtension>
            <ns3:hr>119</ns3:hr>
            <ns3:cad>90</ns3:cad>
          </ns3:TrackPointExtension>
        </extensions>
      </trkpt>
      <trkpt lat="29.2894721589982509613037109375" lon="117.23775031976401805877685546875">
        <ele>30.3999996185302734375</ele>
        <time>2026-08-26T21:36:35.000Z</time>
        <extensions>
          <ns3:TrackPointExtension>
            <ns3:hr>118</ns3:hr>
            <ns3:cad>90</ns3:cad>
          </ns3:TrackPointExtension>
        </extensions>
      </trkpt>
      <trkpt lat="29.28949286229908466339111328125" lon="117.2377716936171054840087890625">
        <ele>30.3999996185302734375</ele>
        <time>2026-08-26T21:36:36.000Z</time>
        <extensions>
          <ns3:TrackPointExtension>
            <ns3:hr>118</ns3:hr>
            <ns3:cad>90</ns3:cad>
          </ns3:TrackPointExtension>
        </extensions>
      </trkpt>
      <trkpt lat="29.28950794972479343414306640625" lon="117.2377894632518291473388671875">
        <ele>30.3999996185302734375</ele>
        <time>2026-08-26T21:36:37.000Z</time>
        <extensions>
          <ns3:TrackPointExtension>
            <ns3:hr>119</ns3:hr>
            <ns3:cad>90</ns3:cad>
          </ns3:TrackPointExtension>
        </extensions>
      </trkpt>
      <trkpt lat="29.28952655754983425140380859375" lon="117.237811423838138580322265625">
        <ele>30.3999996185302734375</ele>
        <time>2026-08-26T21:36:38.000Z</time>
        <extensions>
          <ns3:TrackPointExtension>
            <ns3:hr>118</ns3:hr>
            <ns3:cad>90</ns3:cad>
          </ns3:TrackPointExtension>
        </extensions>
      </trkpt>
      <trkpt lat="29.28953938186168670654296875" lon="117.2378260083496570587158203125">
        <ele>30.3999996185302734375</ele>
        <time>2026-08-26T21:36:39.000Z</time>
        <extensions>
          <ns3:TrackPointExtension>
            <ns3:hr>118</ns3:hr>
            <ns3:cad>90</ns3:cad>
          </ns3:TrackPointExtension>
        </extensions>
      </trkpt>
      <trkpt lat="29.28956042043864727020263671875" lon="117.23784822039306163787841796875">
        <ele>30.200000762939453125</ele>
        <time>2026-08-26T21:36:40.000Z</time>
        <extensions>
          <ns3:TrackPointExtension>
            <ns3:hr>119</ns3:hr>
            <ns3:cad>90</ns3:cad>
          </ns3:TrackPointExtension>
        </extensions>
      </trkpt>
      <trkpt lat="29.28957684896886348724365234375" lon="117.23786096088588237762451171875">
        <ele>30.200000762939453125</ele>
        <time>2026-08-26T21:36:41.000Z</time>
        <extensions>
          <ns3:TrackPointExtension>
            <ns3:hr>118</ns3:hr>
            <ns3:cad>90</ns3:cad>
          </ns3:TrackPointExtension>
        </extensions>
      </trkpt>
      <trkpt lat="29.28959294222295284271240234375" lon="117.23788878880441188812255859375">
        <ele>30.200000762939453125</ele>
        <time>2026-08-26T21:36:42.000Z</time>
        <extensions>
          <ns3:TrackPointExtension>
            <ns3:hr>118</ns3:hr>
            <ns3:cad>90</ns3:cad>
          </ns3:TrackPointExtension>
        </extensions>
      </trkpt>
      <trkpt lat="29.28960886783897876739501953125" lon="117.23790538497269153594970703125">
        <ele>30.200000762939453125</ele>
        <time>2026-08-26T21:36:43.000Z</time>
        <extensions>
          <ns3:TrackPointExtension>
            <ns3:hr>119</ns3:hr>
            <ns3:cad>90</ns3:cad>
          </ns3:TrackPointExtension>
        </extensions>
      </trkpt>
      <trkpt lat="29.28962764330208301544189453125" lon="117.237936146557331085205078125">
        <ele>30.200000762939453125</ele>
        <time>2026-08-26T21:36:44.000Z</time>
        <extensions>
          <ns3:TrackPointExtension>
            <ns3:hr>118</ns3:hr>
            <ns3:cad>91</ns3:cad>
          </ns3:TrackPointExtension>
        </extensions>
      </trkpt>
      <trkpt lat="29.2896451614797115325927734375" lon="117.23794830031692981719970703125">
        <ele>30.200000762939453125</ele>
        <time>2026-08-26T21:36:45.000Z</time>
        <extensions>
          <ns3:TrackPointExtension>
            <ns3:hr>118</ns3:hr>
            <ns3:cad>91</ns3:cad>
          </ns3:TrackPointExtension>
        </extensions>
      </trkpt>
      <trkpt lat="29.289663769304752349853515625" lon="117.2379752062261104583740234375">
        <ele>30.3999996185302734375</ele>
        <time>2026-08-26T21:36:46.000Z</time>
        <extensions>
          <ns3:TrackPointExtension>
            <ns3:hr>119</ns3:hr>
            <ns3:cad>92</ns3:cad>
          </ns3:TrackPointExtension>
        </extensions>
      </trkpt>
      <trkpt lat="29.28968061693012714385986328125" lon="117.2379909642040729522705078125">
        <ele>30.200000762939453125</ele>
        <time>2026-08-26T21:36:47.000Z</time>
        <extensions>
          <ns3:TrackPointExtension>
            <ns3:hr>118</ns3:hr>
            <ns3:cad>92</ns3:cad>
          </ns3:TrackPointExtension>
        </extensions>
      </trkpt>
      <trkpt lat="29.2896988056600093841552734375" lon="117.23801971413195133209228515625">
        <ele>30.200000762939453125</ele>
        <time>2026-08-26T21:36:48.000Z</time>
        <extensions>
          <ns3:TrackPointExtension>
            <ns3:hr>118</ns3:hr>
            <ns3:cad>92</ns3:cad>
          </ns3:TrackPointExtension>
        </extensions>
      </trkpt>
      <trkpt lat="29.2897148989140987396240234375" lon="117.23803295753896236419677734375">
        <ele>30.200000762939453125</ele>
        <time>2026-08-26T21:36:49.000Z</time>
        <extensions>
          <ns3:TrackPointExtension>
            <ns3:hr>119</ns3:hr>
            <ns3:cad>92</ns3:cad>
          </ns3:TrackPointExtension>
        </extensions>
      </trkpt>
      <trkpt lat="29.28973023779690265655517578125" lon="117.238060534000396728515625">
        <ele>30.200000762939453125</ele>
        <time>2026-08-26T21:36:50.000Z</time>
        <extensions>
          <ns3:TrackPointExtension>
            <ns3:hr>118</ns3:hr>
            <ns3:cad>92</ns3:cad>
          </ns3:TrackPointExtension>
        </extensions>
      </trkpt>
      <trkpt lat="29.289748258888721466064453125" lon="117.23807386122643947601318359375">
        <ele>30.200000762939453125</ele>
        <time>2026-08-26T21:36:51.000Z</time>
        <extensions>
          <ns3:TrackPointExtension>
            <ns3:hr>119</ns3:hr>
            <ns3:cad>92</ns3:cad>
          </ns3:TrackPointExtension>
        </extensions>
      </trkpt>
      <trkpt lat="29.28976460359990596771240234375" lon="117.2380992583930492401123046875">
        <ele>30.200000762939453125</ele>
        <time>2026-08-26T21:36:52.000Z</time>
        <extensions>
          <ns3:TrackPointExtension>
            <ns3:hr>119</ns3:hr>
            <ns3:cad>91</ns3:cad>
          </ns3:TrackPointExtension>
        </extensions>
      </trkpt>
      <trkpt lat="29.289783798158168792724609375" lon="117.238115854561328887939453125">
        <ele>30.200000762939453125</ele>
        <time>2026-08-26T21:36:53.000Z</time>
        <extensions>
          <ns3:TrackPointExtension>
            <ns3:hr>119</ns3:hr>
            <ns3:cad>91</ns3:cad>
          </ns3:TrackPointExtension>
        </extensions>
      </trkpt>
      <trkpt lat="29.2897975444793701171875" lon="117.23814477212727069854736328125">
        <ele>30.200000762939453125</ele>
        <time>2026-08-26T21:36:54.000Z</time>
        <extensions>
          <ns3:TrackPointExtension>
            <ns3:hr>118</ns3:hr>
            <ns3:cad>91</ns3:cad>
          </ns3:TrackPointExtension>
        </extensions>
      </trkpt>
      <trkpt lat="29.2898178286850452423095703125" lon="117.238159440457820892333984375">
        <ele>30.200000762939453125</ele>
        <time>2026-08-26T21:36:55.000Z</time>
        <extensions>
          <ns3:TrackPointExtension>
            <ns3:hr>119</ns3:hr>
            <ns3:cad>92</ns3:cad>
          </ns3:TrackPointExtension>
        </extensions>
      </trkpt>
      <trkpt lat="29.2898298986256122589111328125" lon="117.23818517290055751800537109375">
        <ele>30.200000762939453125</ele>
        <time>2026-08-26T21:36:56.000Z</time>
        <extensions>
          <ns3:TrackPointExtension>
            <ns3:hr>119</ns3:hr>
            <ns3:cad>91</ns3:cad>
          </ns3:TrackPointExtension>
        </extensions>
      </trkpt>
      <trkpt lat="29.28984783589839935302734375" lon="117.23820260725915431976318359375">
        <ele>30</ele>
        <time>2026-08-26T21:36:57.000Z</time>
        <extensions>
          <ns3:TrackPointExtension>
            <ns3:hr>118</ns3:hr>
            <ns3:cad>91</ns3:cad>
          </ns3:TrackPointExtension>
        </extensions>
      </trkpt>
      <trkpt lat="29.289857558906078338623046875" lon="117.2382313571870326995849609375">
        <ele>30</ele>
        <time>2026-08-26T21:36:58.000Z</time>
        <extensions>
          <ns3:TrackPointExtension>
            <ns3:hr>119</ns3:hr>
            <ns3:cad>91</ns3:cad>
          </ns3:TrackPointExtension>
        </extensions>
      </trkpt>
      <trkpt lat="29.28987155668437480926513671875" lon="117.238253988325595855712890625">
        <ele>30</ele>
        <time>2026-08-26T21:36:59.000Z</time>
        <extensions>
          <ns3:TrackPointExtension>
            <ns3:hr>119</ns3:hr>
            <ns3:cad>92</ns3:cad>
          </ns3:TrackPointExtension>
        </extensions>
      </trkpt>
      <trkpt lat="29.28988345898687839508056640625" lon="117.23827955313026905059814453125">
        <ele>30</ele>
        <time>2026-08-26T21:37:00.000Z</time>
        <extensions>
          <ns3:TrackPointExtension>
            <ns3:hr>118</ns3:hr>
            <ns3:cad>92</ns3:cad>
          </ns3:TrackPointExtension>
        </extensions>
      </trkpt>
      <trkpt lat="29.28990106098353862762451171875" lon="117.23830335773527622222900390625">
        <ele>30</ele>
        <time>2026-08-26T21:37:01.000Z</time>
        <extensions>
          <ns3:TrackPointExtension>
            <ns3:hr>119</ns3:hr>
            <ns3:cad>92</ns3:cad>
          </ns3:TrackPointExtension>
        </extensions>
      </trkpt>
      <trkpt lat="29.2899123765528202056884765625" lon="117.2383274137973785400390625">
        <ele>29.799999237060546875</ele>
        <time>2026-08-26T21:37:02.000Z</time>
        <extensions>
          <ns3:TrackPointExtension>
            <ns3:hr>119</ns3:hr>
            <ns3:cad>92</ns3:cad>
          </ns3:TrackPointExtension>
        </extensions>
      </trkpt>
      <trkpt lat="29.2899291403591632843017578125" lon="117.2383500449359416961669921875">
        <ele>29.799999237060546875</ele>
        <time>2026-08-26T21:37:03.000Z</time>
        <extensions>
          <ns3:TrackPointExtension>
            <ns3:hr>119</ns3:hr>
            <ns3:cad>92</ns3:cad>
          </ns3:TrackPointExtension>
        </extensions>
      </trkpt>
      <trkpt lat="29.2899398691952228546142578125" lon="117.23837234079837799072265625">
        <ele>29.799999237060546875</ele>
        <time>2026-08-26T21:37:04.000Z</time>
        <extensions>
          <ns3:TrackPointExtension>
            <ns3:hr>119</ns3:hr>
            <ns3:cad>92</ns3:cad>
          </ns3:TrackPointExtension>
        </extensions>
      </trkpt>
      <trkpt lat="29.28995705209672451019287109375" lon="117.238397486507892608642578125">
        <ele>29.799999237060546875</ele>
        <time>2026-08-26T21:37:05.000Z</time>
        <extensions>
          <ns3:TrackPointExtension>
            <ns3:hr>120</ns3:hr>
            <ns3:cad>92</ns3:cad>
          </ns3:TrackPointExtension>
        </extensions>
      </trkpt>
      <trkpt lat="29.2899720557034015655517578125" lon="117.23841802217066287994384765625">
        <ele>29.799999237060546875</ele>
        <time>2026-08-26T21:37:06.000Z</time>
        <extensions>
          <ns3:TrackPointExtension>
            <ns3:hr>120</ns3:hr>
            <ns3:cad>92</ns3:cad>
          </ns3:TrackPointExtension>
        </extensions>
      </trkpt>
      <trkpt lat="29.2899868078529834747314453125" lon="117.2384425811469554901123046875">
        <ele>29.799999237060546875</ele>
        <time>2026-08-26T21:37:07.000Z</time>
        <extensions>
          <ns3:TrackPointExtension>
            <ns3:hr>120</ns3:hr>
            <ns3:cad>92</ns3:cad>
          </ns3:TrackPointExtension>
        </extensions>
      </trkpt>
      <trkpt lat="29.29000315256416797637939453125" lon="117.2384647093713283538818359375">
        <ele>29.799999237060546875</ele>
        <time>2026-08-26T21:37:08.000Z</time>
        <extensions>
          <ns3:TrackPointExtension>
            <ns3:hr>120</ns3:hr>
            <ns3:cad>92</ns3:cad>
          </ns3:TrackPointExtension>
        </extensions>
      </trkpt>
      <trkpt lat="29.29001656360924243927001953125" lon="117.2384885139763355255126953125">
        <ele>29.799999237060546875</ele>
        <time>2026-08-26T21:37:09.000Z</time>
        <extensions>
          <ns3:TrackPointExtension>
            <ns3:hr>120</ns3:hr>
            <ns3:cad>92</ns3:cad>
          </ns3:TrackPointExtension>
        </extensions>
      </trkpt>
      <trkpt lat="29.29002821445465087890625" lon="117.2385032661259174346923828125">
        <ele>29.799999237060546875</ele>
        <time>2026-08-26T21:37:10.000Z</time>
        <extensions>
          <ns3:TrackPointExtension>
            <ns3:hr>120</ns3:hr>
            <ns3:cad>91</ns3:cad>
          </ns3:TrackPointExtension>
        </extensions>
      </trkpt>
      <trkpt lat="29.29003969766199588775634765625" lon="117.23853788338601589202880859375">
        <ele>29.799999237060546875</ele>
        <time>2026-08-26T21:37:11.000Z</time>
        <extensions>
          <ns3:TrackPointExtension>
            <ns3:hr>120</ns3:hr>
            <ns3:cad>91</ns3:cad>
          </ns3:TrackPointExtension>
        </extensions>
      </trkpt>
      <trkpt lat="29.29005076177418231964111328125" lon="117.23855799995362758636474609375">
        <ele>29.799999237060546875</ele>
        <time>2026-08-26T21:37:12.000Z</time>
        <extensions>
          <ns3:TrackPointExtension>
            <ns3:hr>120</ns3:hr>
            <ns3:cad>92</ns3:cad>
          </ns3:TrackPointExtension>
        </extensions>
      </trkpt>
      <trkpt lat="29.29006400518119335174560546875" lon="117.2385911084711551666259765625">
        <ele>29.6000003814697265625</ele>
        <time>2026-08-26T21:37:13.000Z</time>
        <extensions>
          <ns3:TrackPointExtension>
            <ns3:hr>120</ns3:hr>
            <ns3:cad>92</ns3:cad>
          </ns3:TrackPointExtension>
        </extensions>
      </trkpt>
      <trkpt lat="29.29007708095014095306396484375" lon="117.23860812373459339141845703125">
        <ele>29.6000003814697265625</ele>
        <time>2026-08-26T21:37:14.000Z</time>
        <extensions>
          <ns3:TrackPointExtension>
            <ns3:hr>120</ns3:hr>
            <ns3:cad>92</ns3:cad>
          </ns3:TrackPointExtension>
        </extensions>
      </trkpt>
      <trkpt lat="29.2900890670716762542724609375" lon="117.23863997496664524078369140625">
        <ele>29.6000003814697265625</ele>
        <time>2026-08-26T21:37:15.000Z</time>
        <extensions>
          <ns3:TrackPointExtension>
            <ns3:hr>120</ns3:hr>
            <ns3:cad>92</ns3:cad>
          </ns3:TrackPointExtension>
        </extensions>
      </trkpt>
      <trkpt lat="29.29010331630706787109375" lon="117.23865799605846405029296875">
        <ele>29.6000003814697265625</ele>
        <time>2026-08-26T21:37:16.000Z</time>
        <extensions>
          <ns3:TrackPointExtension>
            <ns3:hr>120</ns3:hr>
            <ns3:cad>92</ns3:cad>
          </ns3:TrackPointExtension>
        </extensions>
      </trkpt>
      <trkpt lat="29.290114380419254302978515625" lon="117.2386859916150569915771484375">
        <ele>29.6000003814697265625</ele>
        <time>2026-08-26T21:37:17.000Z</time>
        <extensions>
          <ns3:TrackPointExtension>
            <ns3:hr>120</ns3:hr>
            <ns3:cad>92</ns3:cad>
          </ns3:TrackPointExtension>
        </extensions>
      </trkpt>
      <trkpt lat="29.29012871347367763519287109375" lon="117.23870049230754375457763671875">
        <ele>29.6000003814697265625</ele>
        <time>2026-08-26T21:37:18.000Z</time>
        <extensions>
          <ns3:TrackPointExtension>
            <ns3:hr>119</ns3:hr>
            <ns3:cad>92</ns3:cad>
          </ns3:TrackPointExtension>
        </extensions>
      </trkpt>
      <trkpt lat="29.290141202509403228759765625" lon="117.23872832022607326507568359375">
        <ele>29.6000003814697265625</ele>
        <time>2026-08-26T21:37:19.000Z</time>
        <extensions>
          <ns3:TrackPointExtension>
            <ns3:hr>119</ns3:hr>
            <ns3:cad>92</ns3:cad>
          </ns3:TrackPointExtension>
        </extensions>
      </trkpt>
      <trkpt lat="29.2901510931551456451416015625" lon="117.2387486882507801055908203125">
        <ele>29.6000003814697265625</ele>
        <time>2026-08-26T21:37:20.000Z</time>
        <extensions>
          <ns3:TrackPointExtension>
            <ns3:hr>119</ns3:hr>
            <ns3:cad>92</ns3:cad>
          </ns3:TrackPointExtension>
        </extensions>
      </trkpt>
      <trkpt lat="29.29015704430639743804931640625" lon="117.23878129385411739349365234375">
        <ele>29.6000003814697265625</ele>
        <time>2026-08-26T21:37:21.000Z</time>
        <extensions>
          <ns3:TrackPointExtension>
            <ns3:hr>119</ns3:hr>
            <ns3:cad>92</ns3:cad>
          </ns3:TrackPointExtension>
        </extensions>
      </trkpt>
      <trkpt lat="29.2901718802750110626220703125" lon="117.23879973404109477996826171875">
        <ele>29.6000003814697265625</ele>
        <time>2026-08-26T21:37:22.000Z</time>
        <extensions>
          <ns3:TrackPointExtension>
            <ns3:hr>119</ns3:hr>
            <ns3:cad>92</ns3:cad>
          </ns3:TrackPointExtension>
        </extensions>
      </trkpt>
      <trkpt lat="29.2901805974543094635009765625" lon="117.238826639950275421142578125">
        <ele>29.6000003814697265625</ele>
        <time>2026-08-26T21:37:23.000Z</time>
        <extensions>
          <ns3:TrackPointExtension>
            <ns3:hr>118</ns3:hr>
            <ns3:cad>92</ns3:cad>
          </ns3:TrackPointExtension>
        </extensions>
      </trkpt>
      <trkpt lat="29.29019241593778133392333984375" lon="117.23884566687047481536865234375">
        <ele>29.6000003814697265625</ele>
        <time>2026-08-26T21:37:24.000Z</time>
        <extensions>
          <ns3:TrackPointExtension>
            <ns3:hr>119</ns3:hr>
            <ns3:cad>92</ns3:cad>
          </ns3:TrackPointExtension>
        </extensions>
      </trkpt>
      <trkpt lat="29.290203563868999481201171875" lon="117.2388734109699726104736328125">
        <ele>29.3999996185302734375</ele>
        <time>2026-08-26T21:37:25.000Z</time>
        <extensions>
          <ns3:TrackPointExtension>
            <ns3:hr>119</ns3:hr>
            <ns3:cad>92</ns3:cad>
          </ns3:TrackPointExtension>
        </extensions>
      </trkpt>
      <trkpt lat="29.29021420888602733612060546875" lon="117.23889998160302639007568359375">
        <ele>29.3999996185302734375</ele>
        <time>2026-08-26T21:37:26.000Z</time>
        <extensions>
          <ns3:TrackPointExtension>
            <ns3:hr>120</ns3:hr>
            <ns3:cad>92</ns3:cad>
          </ns3:TrackPointExtension>
        </extensions>
      </trkpt>
      <trkpt lat="29.2902221716940402984619140625" lon="117.23892579786479473114013671875">
        <ele>29.3999996185302734375</ele>
        <time>2026-08-26T21:37:27.000Z</time>
        <extensions>
          <ns3:TrackPointExtension>
            <ns3:hr>121</ns3:hr>
            <ns3:cad>92</ns3:cad>
          </ns3:TrackPointExtension>
        </extensions>
      </trkpt>
      <trkpt lat="29.290236420929431915283203125" lon="117.23895446397364139556884765625">
        <ele>29.3999996185302734375</ele>
        <time>2026-08-26T21:37:28.000Z</time>
        <extensions>
          <ns3:TrackPointExtension>
            <ns3:hr>122</ns3:hr>
            <ns3:cad>92</ns3:cad>
          </ns3:TrackPointExtension>
        </extensions>
      </trkpt>
      <trkpt lat="29.2902499996125698089599609375" lon="117.23897893913090229034423828125">
        <ele>29.3999996185302734375</ele>
        <time>2026-08-26T21:37:29.000Z</time>
        <extensions>
          <ns3:TrackPointExtension>
            <ns3:hr>122</ns3:hr>
            <ns3:cad>92</ns3:cad>
          </ns3:TrackPointExtension>
        </extensions>
      </trkpt>
      <trkpt lat="29.290265254676342010498046875" lon="117.2390086948871612548828125">
        <ele>29.3999996185302734375</ele>
        <time>2026-08-26T21:37:30.000Z</time>
        <extensions>
          <ns3:TrackPointExtension>
            <ns3:hr>123</ns3:hr>
            <ns3:cad>92</ns3:cad>
          </ns3:TrackPointExtension>
        </extensions>
      </trkpt>
      <trkpt lat="29.290271960198879241943359375" lon="117.23902973346412181854248046875">
        <ele>29.3999996185302734375</ele>
        <time>2026-08-26T21:37:31.000Z</time>
        <extensions>
          <ns3:TrackPointExtension>
            <ns3:hr>123</ns3:hr>
            <ns3:cad>92</ns3:cad>
          </ns3:TrackPointExtension>
        </extensions>
      </trkpt>
      <trkpt lat="29.29028562270104885101318359375" lon="117.23906141705811023712158203125">
        <ele>29.3999996185302734375</ele>
        <time>2026-08-26T21:37:32.000Z</time>
        <extensions>
          <ns3:TrackPointExtension>
            <ns3:hr>123</ns3:hr>
            <ns3:cad>92</ns3:cad>
          </ns3:TrackPointExtension>
        </extensions>
      </trkpt>
      <trkpt lat="29.290294088423252105712890625" lon="117.23908287473022937774658203125">
        <ele>29.3999996185302734375</ele>
        <time>2026-08-26T21:37:33.000Z</time>
        <extensions>
          <ns3:TrackPointExtension>
            <ns3:hr>124</ns3:hr>
            <ns3:cad>92</ns3:cad>
          </ns3:TrackPointExtension>
        </extensions>
      </trkpt>
      <trkpt lat="29.290305487811565399169921875" lon="117.2391171567142009735107421875">
        <ele>29.3999996185302734375</ele>
        <time>2026-08-26T21:37:34.000Z</time>
        <extensions>
          <ns3:TrackPointExtension>
            <ns3:hr>124</ns3:hr>
            <ns3:cad>92</ns3:cad>
          </ns3:TrackPointExtension>
        </extensions>
      </trkpt>
      <trkpt lat="29.2903143726289272308349609375" lon="117.23913718946278095245361328125">
        <ele>29.3999996185302734375</ele>
        <time>2026-08-26T21:37:35.000Z</time>
        <extensions>
          <ns3:TrackPointExtension>
            <ns3:hr>124</ns3:hr>
            <ns3:cad>92</ns3:cad>
          </ns3:TrackPointExtension>
        </extensions>
      </trkpt>
      <trkpt lat="29.29032166488468647003173828125" lon="117.23917272873222827911376953125">
        <ele>29.200000762939453125</ele>
        <time>2026-08-26T21:37:36.000Z</time>
        <extensions>
          <ns3:TrackPointExtension>
            <ns3:hr>124</ns3:hr>
            <ns3:cad>92</ns3:cad>
          </ns3:TrackPointExtension>
        </extensions>
      </trkpt>
      <trkpt lat="29.29033054970204830169677734375" lon="117.23919066600501537322998046875">
        <ele>29.3999996185302734375</ele>
        <time>2026-08-26T21:37:37.000Z</time>
        <extensions>
          <ns3:TrackPointExtension>
            <ns3:hr>124</ns3:hr>
            <ns3:cad>92</ns3:cad>
          </ns3:TrackPointExtension>
        </extensions>
      </trkpt>
      <trkpt lat="29.29034278728067874908447265625" lon="117.23922871984541416168212890625">
        <ele>29.200000762939453125</ele>
        <time>2026-08-26T21:37:38.000Z</time>
        <extensions>
          <ns3:TrackPointExtension>
            <ns3:hr>125</ns3:hr>
            <ns3:cad>90</ns3:cad>
          </ns3:TrackPointExtension>
        </extensions>
      </trkpt>
      <trkpt lat="29.29035552777349948883056640625" lon="117.23925068043172359466552734375">
        <ele>29.200000762939453125</ele>
        <time>2026-08-26T21:37:39.000Z</time>
        <extensions>
          <ns3:TrackPointExtension>
            <ns3:hr>124</ns3:hr>
            <ns3:cad>91</ns3:cad>
          </ns3:TrackPointExtension>
        </extensions>
      </trkpt>
      <trkpt lat="29.29036709479987621307373046875" lon="117.23928269930183887481689453125">
        <ele>29.200000762939453125</ele>
        <time>2026-08-26T21:37:40.000Z</time>
        <extensions>
          <ns3:TrackPointExtension>
            <ns3:hr>124</ns3:hr>
            <ns3:cad>92</ns3:cad>
          </ns3:TrackPointExtension>
        </extensions>
      </trkpt>
      <trkpt lat="29.29038025438785552978515625" lon="117.23930315114557743072509765625">
        <ele>29.200000762939453125</ele>
        <time>2026-08-26T21:37:41.000Z</time>
        <extensions>
          <ns3:TrackPointExtension>
            <ns3:hr>125</ns3:hr>
            <ns3:cad>92</ns3:cad>
          </ns3:TrackPointExtension>
        </extensions>
      </trkpt>
      <trkpt lat="29.29039123468101024627685546875" lon="117.23934036679565906524658203125">
        <ele>29.200000762939453125</ele>
        <time>2026-08-26T21:37:42.000Z</time>
        <extensions>
          <ns3:TrackPointExtension>
            <ns3:hr>125</ns3:hr>
            <ns3:cad>92</ns3:cad>
          </ns3:TrackPointExtension>
        </extensions>
      </trkpt>
      <trkpt lat="29.29040246643126010894775390625" lon="117.2393632493913173675537109375">
        <ele>29.200000762939453125</ele>
        <time>2026-08-26T21:37:43.000Z</time>
        <extensions>
          <ns3:TrackPointExtension>
            <ns3:hr>125</ns3:hr>
            <ns3:cad>92</ns3:cad>
          </ns3:TrackPointExtension>
        </extensions>
      </trkpt>
      <trkpt lat="29.29041319526731967926025390625" lon="117.23939451389014720916748046875">
        <ele>29.200000762939453125</ele>
        <time>2026-08-26T21:37:44.000Z</time>
        <extensions>
          <ns3:TrackPointExtension>
            <ns3:hr>124</ns3:hr>
            <ns3:cad>92</ns3:cad>
          </ns3:TrackPointExtension>
        </extensions>
      </trkpt>
      <trkpt lat="29.2904283665120601654052734375" lon="117.2394163906574249267578125">
        <ele>29</ele>
        <time>2026-08-26T21:37:45.000Z</time>
        <extensions>
          <ns3:TrackPointExtension>
            <ns3:hr>125</ns3:hr>
            <ns3:cad>92</ns3:cad>
          </ns3:TrackPointExtension>
        </extensions>
      </trkpt>
      <trkpt lat="29.290438257157802581787109375" lon="117.23944966681301593780517578125">
        <ele>29</ele>
        <time>2026-08-26T21:37:46.000Z</time>
        <extensions>
          <ns3:TrackPointExtension>
            <ns3:hr>125</ns3:hr>
            <ns3:cad>92</ns3:cad>
          </ns3:TrackPointExtension>
        </extensions>
      </trkpt>
      <trkpt lat="29.290451668202877044677734375" lon="117.2394712083041667938232421875">
        <ele>29</ele>
        <time>2026-08-26T21:37:47.000Z</time>
        <extensions>
          <ns3:TrackPointExtension>
            <ns3:hr>124</ns3:hr>
            <ns3:cad>92</ns3:cad>
          </ns3:TrackPointExtension>
        </extensions>
      </trkpt>
      <trkpt lat="29.29045627824962139129638671875" lon="117.239502556622028350830078125">
        <ele>29</ele>
        <time>2026-08-26T21:37:48.000Z</time>
        <extensions>
          <ns3:TrackPointExtension>
            <ns3:hr>125</ns3:hr>
            <ns3:cad>92</ns3:cad>
          </ns3:TrackPointExtension>
        </extensions>
      </trkpt>
      <trkpt lat="29.2904667556285858154296875" lon="117.2395221702754497528076171875">
        <ele>29</ele>
        <time>2026-08-26T21:37:49.000Z</time>
        <extensions>
          <ns3:TrackPointExtension>
            <ns3:hr>125</ns3:hr>
            <ns3:cad>92</ns3:cad>
          </ns3:TrackPointExtension>
        </extensions>
      </trkpt>
      <trkpt lat="29.29047010838985443115234375" lon="117.239555530250072479248046875">
        <ele>29</ele>
        <time>2026-08-26T21:37:50.000Z</time>
        <extensions>
          <ns3:TrackPointExtension>
            <ns3:hr>124</ns3:hr>
            <ns3:cad>92</ns3:cad>
          </ns3:TrackPointExtension>
        </extensions>
      </trkpt>
      <trkpt lat="29.2904783226549625396728515625" lon="117.2395771555602550506591796875">
        <ele>29</ele>
        <time>2026-08-26T21:37:51.000Z</time>
        <extensions>
          <ns3:TrackPointExtension>
            <ns3:hr>125</ns3:hr>
            <ns3:cad>92</ns3:cad>
          </ns3:TrackPointExtension>
        </extensions>
      </trkpt>
      <trkpt lat="29.29048142395913600921630859375" lon="117.2396103478968143463134765625">
        <ele>29</ele>
        <time>2026-08-26T21:37:52.000Z</time>
        <extensions>
          <ns3:TrackPointExtension>
            <ns3:hr>125</ns3:hr>
            <ns3:cad>92</ns3:cad>
          </ns3:TrackPointExtension>
        </extensions>
      </trkpt>
      <trkpt lat="29.290492571890354156494140625" lon="117.239635325968265533447265625">
        <ele>29</ele>
        <time>2026-08-26T21:37:53.000Z</time>
        <extensions>
          <ns3:TrackPointExtension>
            <ns3:hr>124</ns3:hr>
            <ns3:cad>92</ns3:cad>
          </ns3:TrackPointExtension>
        </extensions>
      </trkpt>
      <trkpt lat="29.29049818776547908782958984375" lon="117.23966382443904876708984375">
        <ele>29</ele>
        <time>2026-08-26T21:37:54.000Z</time>
        <extensions>
          <ns3:TrackPointExtension>
            <ns3:hr>125</ns3:hr>
            <ns3:cad>92</ns3:cad>
          </ns3:TrackPointExtension>
        </extensions>
      </trkpt>
      <trkpt lat="29.29050975479185581207275390625" lon="117.2396872937679290771484375">
        <ele>29</ele>
        <time>2026-08-26T21:37:55.000Z</time>
        <extensions>
          <ns3:TrackPointExtension>
            <ns3:hr>125</ns3:hr>
            <ns3:cad>92</ns3:cad>
          </ns3:TrackPointExtension>
        </extensions>
      </trkpt>
      <trkpt lat="29.2905138619244098663330078125" lon="117.23971285857260227203369140625">
        <ele>29</ele>
        <time>2026-08-26T21:37:56.000Z</time>
        <extensions>
          <ns3:TrackPointExtension>
            <ns3:hr>124</ns3:hr>
            <ns3:cad>92</ns3:cad>
          </ns3:TrackPointExtension>
        </extensions>
      </trkpt>
      <trkpt lat="29.2905225791037082672119140625" lon="117.239739261567592620849609375">
        <ele>29</ele>
        <time>2026-08-26T21:37:57.000Z</time>
        <extensions>
          <ns3:TrackPointExtension>
            <ns3:hr>124</ns3:hr>
            <ns3:cad>92</ns3:cad>
          </ns3:TrackPointExtension>
        </extensions>
      </trkpt>
      <trkpt lat="29.29052936844527721405029296875" lon="117.23976382054388523101806640625">
        <ele>29</ele>
        <time>2026-08-26T21:37:58.000Z</time>
        <extensions>
          <ns3:TrackPointExtension>
            <ns3:hr>123</ns3:hr>
            <ns3:cad>92</ns3:cad>
          </ns3:TrackPointExtension>
        </extensions>
      </trkpt>
      <trkpt lat="29.29053875617682933807373046875" lon="117.2397917322814464569091796875">
        <ele>29</ele>
        <time>2026-08-26T21:37:59.000Z</time>
        <extensions>
          <ns3:TrackPointExtension>
            <ns3:hr>123</ns3:hr>
            <ns3:cad>91</ns3:cad>
          </ns3:TrackPointExtension>
        </extensions>
      </trkpt>
      <trkpt lat="29.29054244421422481536865234375" lon="117.23981578834354877471923828125">
        <ele>29</ele>
        <time>2026-08-26T21:38:00.000Z</time>
        <extensions>
          <ns3:TrackPointExtension>
            <ns3:hr>123</ns3:hr>
            <ns3:cad>90</ns3:cad>
          </ns3:TrackPointExtension>
        </extensions>
      </trkpt>
      <trkpt lat="29.290549568831920623779296875" lon="117.23984361626207828521728515625">
        <ele>29</ele>
        <time>2026-08-26T21:38:01.000Z</time>
        <extensions>
          <ns3:TrackPointExtension>
            <ns3:hr>123</ns3:hr>
            <ns3:cad>90</ns3:cad>
          </ns3:TrackPointExtension>
        </extensions>
      </trkpt>
      <trkpt lat="29.29055518470704555511474609375" lon="117.23986356519162654876708984375">
        <ele>28.799999237060546875</ele>
        <time>2026-08-26T21:38:02.000Z</time>
        <extensions>
          <ns3:TrackPointExtension>
            <ns3:hr>123</ns3:hr>
            <ns3:cad>90</ns3:cad>
          </ns3:TrackPointExtension>
        </extensions>
      </trkpt>
      <trkpt lat="29.2905638180673122406005859375" lon="117.23989407531917095184326171875">
        <ele>28.799999237060546875</ele>
        <time>2026-08-26T21:38:03.000Z</time>
        <extensions>
          <ns3:TrackPointExtension>
            <ns3:hr>123</ns3:hr>
            <ns3:cad>90</ns3:cad>
          </ns3:TrackPointExtension>
        </extensions>
      </trkpt>
      <trkpt lat="29.2905688472092151641845703125" lon="117.23991704173386096954345703125">
        <ele>28.799999237060546875</ele>
        <time>2026-08-26T21:38:04.000Z</time>
        <extensions>
          <ns3:TrackPointExtension>
            <ns3:hr>123</ns3:hr>
            <ns3:cad>90</ns3:cad>
          </ns3:TrackPointExtension>
        </extensions>
      </trkpt>
      <trkpt lat="29.29057513363659381866455078125" lon="117.23995157517492771148681640625">
        <ele>28.799999237060546875</ele>
        <time>2026-08-26T21:38:05.000Z</time>
        <extensions>
          <ns3:TrackPointExtension>
            <ns3:hr>123</ns3:hr>
            <ns3:cad>90</ns3:cad>
          </ns3:TrackPointExtension>
        </extensions>
      </trkpt>
      <trkpt lat="29.29057882167398929595947265625" lon="117.23997806198894977569580078125">
        <ele>28.799999237060546875</ele>
        <time>2026-08-26T21:38:06.000Z</time>
        <extensions>
          <ns3:TrackPointExtension>
            <ns3:hr>123</ns3:hr>
            <ns3:cad>90</ns3:cad>
          </ns3:TrackPointExtension>
        </extensions>
      </trkpt>
      <trkpt lat="29.29058770649135112762451171875" lon="117.24001309834420680999755859375">
        <ele>28.799999237060546875</ele>
        <time>2026-08-26T21:38:07.000Z</time>
        <extensions>
          <ns3:TrackPointExtension>
            <ns3:hr>123</ns3:hr>
            <ns3:cad>90</ns3:cad>
          </ns3:TrackPointExtension>
        </extensions>
      </trkpt>
      <trkpt lat="29.29059541784226894378662109375" lon="117.2400361485779285430908203125">
        <ele>28.799999237060546875</ele>
        <time>2026-08-26T21:38:08.000Z</time>
        <extensions>
          <ns3:TrackPointExtension>
            <ns3:hr>123</ns3:hr>
            <ns3:cad>90</ns3:cad>
          </ns3:TrackPointExtension>
        </extensions>
      </trkpt>
      <trkpt lat="29.29060296155512332916259765625" lon="117.2400733642280101776123046875">
        <ele>28.799999237060546875</ele>
        <time>2026-08-26T21:38:09.000Z</time>
        <extensions>
          <ns3:TrackPointExtension>
            <ns3:hr>123</ns3:hr>
            <ns3:cad>90</ns3:cad>
          </ns3:TrackPointExtension>
        </extensions>
      </trkpt>
      <trkpt lat="29.290609918534755706787109375" lon="117.24010010249912738800048828125">
        <ele>28.799999237060546875</ele>
        <time>2026-08-26T21:38:10.000Z</time>
        <extensions>
          <ns3:TrackPointExtension>
            <ns3:hr>123</ns3:hr>
            <ns3:cad>90</ns3:cad>
          </ns3:TrackPointExtension>
        </extensions>
      </trkpt>
      <trkpt lat="29.2906124331057071685791015625" lon="117.2401347197592258453369140625">
        <ele>28.799999237060546875</ele>
        <time>2026-08-26T21:38:11.000Z</time>
        <extensions>
          <ns3:TrackPointExtension>
            <ns3:hr>124</ns3:hr>
            <ns3:cad>90</ns3:cad>
          </ns3:TrackPointExtension>
        </extensions>
      </trkpt>
      <trkpt lat="29.2906204797327518463134765625" lon="117.240158356726169586181640625">
        <ele>28.6000003814697265625</ele>
        <time>2026-08-26T21:38:12.000Z</time>
        <extensions>
          <ns3:TrackPointExtension>
            <ns3:hr>123</ns3:hr>
            <ns3:cad>90</ns3:cad>
          </ns3:TrackPointExtension>
        </extensions>
      </trkpt>
      <trkpt lat="29.2906250059604644775390625" lon="117.24019146524369716644287109375">
        <ele>28.6000003814697265625</ele>
        <time>2026-08-26T21:38:13.000Z</time>
        <extensions>
          <ns3:TrackPointExtension>
            <ns3:hr>124</ns3:hr>
            <ns3:cad>90</ns3:cad>
          </ns3:TrackPointExtension>
        </extensions>
      </trkpt>
      <trkpt lat="29.2906328849494457244873046875" lon="117.240211665630340576171875">
        <ele>28.6000003814697265625</ele>
        <time>2026-08-26T21:38:14.000Z</time>
        <extensions>
          <ns3:TrackPointExtension>
            <ns3:hr>123</ns3:hr>
            <ns3:cad>90</ns3:cad>
          </ns3:TrackPointExtension>
        </extensions>
      </trkpt>
      <trkpt lat="29.2906348966062068939208984375" lon="117.24024427123367786407470703125">
        <ele>28.6000003814697265625</ele>
        <time>2026-08-26T21:38:15.000Z</time>
        <extensions>
          <ns3:TrackPointExtension>
            <ns3:hr>123</ns3:hr>
            <ns3:cad>90</ns3:cad>
          </ns3:TrackPointExtension>
        </extensions>
      </trkpt>
      <trkpt lat="29.29064579308032989501953125" lon="117.24026774056255817413330078125">
        <ele>28.6000003814697265625</ele>
        <time>2026-08-26T21:38:16.000Z</time>
        <extensions>
          <ns3:TrackPointExtension>
            <ns3:hr>123</ns3:hr>
            <ns3:cad>90</ns3:cad>
          </ns3:TrackPointExtension>
        </extensions>
      </trkpt>
      <trkpt lat="29.29064579308032989501953125" lon="117.24030411802232265472412109375">
        <ele>28.6000003814697265625</ele>
        <time>2026-08-26T21:38:17.000Z</time>
        <extensions>
          <ns3:TrackPointExtension>
            <ns3:hr>123</ns3:hr>
            <ns3:cad>90</ns3:cad>
          </ns3:TrackPointExtension>
        </extensions>
      </trkpt>
      <trkpt lat="29.29065325297415256500244140625" lon="117.2403291799128055572509765625">
        <ele>28.6000003814697265625</ele>
        <time>2026-08-26T21:38:18.000Z</time>
        <extensions>
          <ns3:TrackPointExtension>
            <ns3:hr>123</ns3:hr>
            <ns3:cad>91</ns3:cad>
          </ns3:TrackPointExtension>
        </extensions>
      </trkpt>
      <trkpt lat="29.2906536720693111419677734375" lon="117.24036212079226970672607421875">
        <ele>28.3999996185302734375</ele>
        <time>2026-08-26T21:38:19.000Z</time>
        <extensions>
          <ns3:TrackPointExtension>
            <ns3:hr>123</ns3:hr>
            <ns3:cad>92</ns3:cad>
          </ns3:TrackPointExtension>
        </extensions>
      </trkpt>
      <trkpt lat="29.29066163487732410430908203125" lon="117.240385003387928009033203125">
        <ele>28.3999996185302734375</ele>
        <time>2026-08-26T21:38:20.000Z</time>
        <extensions>
          <ns3:TrackPointExtension>
            <ns3:hr>123</ns3:hr>
            <ns3:cad>92</ns3:cad>
          </ns3:TrackPointExtension>
        </extensions>
      </trkpt>
      <trkpt lat="29.29065995849668979644775390625" lon="117.24041811190545558929443359375">
        <ele>28.3999996185302734375</ele>
        <time>2026-08-26T21:38:21.000Z</time>
        <extensions>
          <ns3:TrackPointExtension>
            <ns3:hr>123</ns3:hr>
            <ns3:cad>92</ns3:cad>
          </ns3:TrackPointExtension>
        </extensions>
      </trkpt>
      <trkpt lat="29.29066590964794158935546875" lon="117.2404438443481922149658203125">
        <ele>28.6000003814697265625</ele>
        <time>2026-08-26T21:38:22.000Z</time>
        <extensions>
          <ns3:TrackPointExtension>
            <ns3:hr>123</ns3:hr>
            <ns3:cad>92</ns3:cad>
          </ns3:TrackPointExtension>
        </extensions>
      </trkpt>
      <trkpt lat="29.29066565819084644317626953125" lon="117.24047142080962657928466796875">
        <ele>28.3999996185302734375</ele>
        <time>2026-08-26T21:38:23.000Z</time>
        <extensions>
          <ns3:TrackPointExtension>
            <ns3:hr>124</ns3:hr>
            <ns3:cad>90</ns3:cad>
          </ns3:TrackPointExtension>
        </extensions>
      </trkpt>
      <trkpt lat="29.29067269898951053619384765625" lon="117.24049799144268035888671875">
        <ele>28.3999996185302734375</ele>
        <time>2026-08-26T21:38:24.000Z</time>
        <extensions>
          <ns3:TrackPointExtension>
            <ns3:hr>123</ns3:hr>
            <ns3:cad>90</ns3:cad>
          </ns3:TrackPointExtension>
        </extensions>
      </trkpt>
      <trkpt lat="29.29067102260887622833251953125" lon="117.240527831017971038818359375">
        <ele>28.3999996185302734375</ele>
        <time>2026-08-26T21:38:25.000Z</time>
        <extensions>
          <ns3:TrackPointExtension>
            <ns3:hr>123</ns3:hr>
            <ns3:cad>90</ns3:cad>
          </ns3:TrackPointExtension>
        </extensions>
      </trkpt>
      <trkpt lat="29.29067739285528659820556640625" lon="117.240555994212627410888671875">
        <ele>28.200000762939453125</ele>
        <time>2026-08-26T21:38:26.000Z</time>
        <extensions>
          <ns3:TrackPointExtension>
            <ns3:hr>123</ns3:hr>
            <ns3:cad>90</ns3:cad>
          </ns3:TrackPointExtension>
        </extensions>
      </trkpt>
      <trkpt lat="29.2906741239130496978759765625" lon="117.24058608524501323699951171875">
        <ele>28.200000762939453125</ele>
        <time>2026-08-26T21:38:27.000Z</time>
        <extensions>
          <ns3:TrackPointExtension>
            <ns3:hr>123</ns3:hr>
            <ns3:cad>90</ns3:cad>
          </ns3:TrackPointExtension>
        </extensions>
      </trkpt>
      <trkpt lat="29.290678314864635467529296875" lon="117.2406134940683841705322265625">
        <ele>28.200000762939453125</ele>
        <time>2026-08-26T21:38:28.000Z</time>
        <extensions>
          <ns3:TrackPointExtension>
            <ns3:hr>122</ns3:hr>
            <ns3:cad>90</ns3:cad>
          </ns3:TrackPointExtension>
        </extensions>
      </trkpt>
      <trkpt lat="29.2906751297414302825927734375" lon="117.24064459092915058135986328125">
        <ele>28.200000762939453125</ele>
        <time>2026-08-26T21:38:29.000Z</time>
        <extensions>
          <ns3:TrackPointExtension>
            <ns3:hr>122</ns3:hr>
            <ns3:cad>90</ns3:cad>
          </ns3:TrackPointExtension>
        </extensions>
      </trkpt>
      <trkpt lat="29.2906801588833332061767578125" lon="117.240672670304775238037109375">
        <ele>28.200000762939453125</ele>
        <time>2026-08-26T21:38:30.000Z</time>
        <extensions>
          <ns3:TrackPointExtension>
            <ns3:hr>122</ns3:hr>
            <ns3:cad>90</ns3:cad>
          </ns3:TrackPointExtension>
        </extensions>
      </trkpt>
      <trkpt lat="29.29068057797849178314208984375" lon="117.24070510827004909515380859375">
        <ele>28.200000762939453125</ele>
        <time>2026-08-26T21:38:31.000Z</time>
        <extensions>
          <ns3:TrackPointExtension>
            <ns3:hr>122</ns3:hr>
            <ns3:cad>90</ns3:cad>
          </ns3:TrackPointExtension>
        </extensions>
      </trkpt>
      <trkpt lat="29.2906895466148853302001953125" lon="117.24072933197021484375">
        <ele>28.200000762939453125</ele>
        <time>2026-08-26T21:38:32.000Z</time>
        <extensions>
          <ns3:TrackPointExtension>
            <ns3:hr>121</ns3:hr>
            <ns3:cad>90</ns3:cad>
          </ns3:TrackPointExtension>
        </extensions>
      </trkpt>
      <trkpt lat="29.290685690939426422119140625" lon="117.24075875245034694671630859375">
        <ele>28.200000762939453125</ele>
        <time>2026-08-26T21:38:33.000Z</time>
        <extensions>
          <ns3:TrackPointExtension>
            <ns3:hr>121</ns3:hr>
            <ns3:cad>90</ns3:cad>
          </ns3:TrackPointExtension>
        </extensions>
      </trkpt>
      <trkpt lat="29.29069147445261478424072265625" lon="117.24078490398824214935302734375">
        <ele>28.200000762939453125</ele>
        <time>2026-08-26T21:38:34.000Z</time>
        <extensions>
          <ns3:TrackPointExtension>
            <ns3:hr>121</ns3:hr>
            <ns3:cad>89</ns3:cad>
          </ns3:TrackPointExtension>
        </extensions>
      </trkpt>
      <trkpt lat="29.2906908877193927764892578125" lon="117.24081323482096195220947265625">
        <ele>28</ele>
        <time>2026-08-26T21:38:35.000Z</time>
        <extensions>
          <ns3:TrackPointExtension>
            <ns3:hr>121</ns3:hr>
            <ns3:cad>89</ns3:cad>
          </ns3:TrackPointExtension>
        </extensions>
      </trkpt>
      <trkpt lat="29.29069432429969310760498046875" lon="117.2408421523869037628173828125">
        <ele>28</ele>
        <time>2026-08-26T21:38:36.000Z</time>
        <extensions>
          <ns3:TrackPointExtension>
            <ns3:hr>122</ns3:hr>
            <ns3:cad>90</ns3:cad>
          </ns3:TrackPointExtension>
        </extensions>
      </trkpt>
      <trkpt lat="29.2906928993761539459228515625" lon="117.2408719919621944427490234375">
        <ele>28</ele>
        <time>2026-08-26T21:38:37.000Z</time>
        <extensions>
          <ns3:TrackPointExtension>
            <ns3:hr>121</ns3:hr>
            <ns3:cad>90</ns3:cad>
          </ns3:TrackPointExtension>
        </extensions>
      </trkpt>
      <trkpt lat="29.29069901816546916961669921875" lon="117.24090023897588253021240234375">
        <ele>28</ele>
        <time>2026-08-26T21:38:38.000Z</time>
        <extensions>
          <ns3:TrackPointExtension>
            <ns3:hr>121</ns3:hr>
            <ns3:cad>90</ns3:cad>
          </ns3:TrackPointExtension>
        </extensions>
      </trkpt>
      <trkpt lat="29.2906952463090419769287109375" lon="117.24093158729374408721923828125">
        <ele>28</ele>
        <time>2026-08-26T21:38:39.000Z</time>
        <extensions>
          <ns3:TrackPointExtension>
            <ns3:hr>122</ns3:hr>
            <ns3:cad>90</ns3:cad>
          </ns3:TrackPointExtension>
        </extensions>
      </trkpt>
      <trkpt lat="29.2907006107270717620849609375" lon="117.2409618459641933441162109375">
        <ele>28</ele>
        <time>2026-08-26T21:38:40.000Z</time>
        <extensions>
          <ns3:TrackPointExtension>
            <ns3:hr>122</ns3:hr>
            <ns3:cad>90</ns3:cad>
          </ns3:TrackPointExtension>
        </extensions>
      </trkpt>
      <trkpt lat="29.2906992696225643157958984375" lon="117.2409920208156108856201171875">
        <ele>28</ele>
        <time>2026-08-26T21:38:41.000Z</time>
        <extensions>
          <ns3:TrackPointExtension>
            <ns3:hr>122</ns3:hr>
            <ns3:cad>90</ns3:cad>
          </ns3:TrackPointExtension>
        </extensions>
      </trkpt>
      <trkpt lat="29.29070237092673778533935546875" lon="117.2410225309431552886962890625">
        <ele>28</ele>
        <time>2026-08-26T21:38:42.000Z</time>
        <extensions>
          <ns3:TrackPointExtension>
            <ns3:hr>123</ns3:hr>
            <ns3:cad>90</ns3:cad>
          </ns3:TrackPointExtension>
        </extensions>
      </trkpt>
      <trkpt lat="29.29070211946964263916015625" lon="117.24104876630008220672607421875">
        <ele>28</ele>
        <time>2026-08-26T21:38:43.000Z</time>
        <extensions>
          <ns3:TrackPointExtension>
            <ns3:hr>124</ns3:hr>
            <ns3:cad>90</ns3:cad>
          </ns3:TrackPointExtension>
        </extensions>
      </trkpt>
      <trkpt lat="29.29070748388767242431640625" lon="117.24107860587537288665771484375">
        <ele>28</ele>
        <time>2026-08-26T21:38:44.000Z</time>
        <extensions>
          <ns3:TrackPointExtension>
            <ns3:hr>125</ns3:hr>
            <ns3:cad>90</ns3:cad>
          </ns3:TrackPointExtension>
        </extensions>
      </trkpt>
      <trkpt lat="29.29070823825895786285400390625" lon="117.24110777489840984344482421875">
        <ele>27.799999237060546875</ele>
        <time>2026-08-26T21:38:45.000Z</time>
        <extensions>
          <ns3:TrackPointExtension>
            <ns3:hr>125</ns3:hr>
            <ns3:cad>90</ns3:cad>
          </ns3:TrackPointExtension>
        </extensions>
      </trkpt>
      <trkpt lat="29.29071293212473392486572265625" lon="117.24113962613046169281005859375">
        <ele>27.799999237060546875</ele>
        <time>2026-08-26T21:38:46.000Z</time>
        <extensions>
          <ns3:TrackPointExtension>
            <ns3:hr>126</ns3:hr>
            <ns3:cad>91</ns3:cad>
          </ns3:TrackPointExtension>
        </extensions>
      </trkpt>
      <trkpt lat="29.2907133512198925018310546875" lon="117.24116762168705463409423828125">
        <ele>27.799999237060546875</ele>
        <time>2026-08-26T21:38:47.000Z</time>
        <extensions>
          <ns3:TrackPointExtension>
            <ns3:hr>126</ns3:hr>
            <ns3:cad>91</ns3:cad>
          </ns3:TrackPointExtension>
        </extensions>
      </trkpt>
      <trkpt lat="29.290712177753448486328125" lon="117.24120131693780422210693359375">
        <ele>27.799999237060546875</ele>
        <time>2026-08-26T21:38:48.000Z</time>
        <extensions>
          <ns3:TrackPointExtension>
            <ns3:hr>127</ns3:hr>
            <ns3:cad>91</ns3:cad>
          </ns3:TrackPointExtension>
        </extensions>
      </trkpt>
      <trkpt lat="29.29071242921054363250732421875" lon="117.24122663028538227081298828125">
        <ele>27.799999237060546875</ele>
        <time>2026-08-26T21:38:49.000Z</time>
        <extensions>
          <ns3:TrackPointExtension>
            <ns3:hr>127</ns3:hr>
            <ns3:cad>91</ns3:cad>
          </ns3:TrackPointExtension>
        </extensions>
      </trkpt>
      <trkpt lat="29.29071075282990932464599609375" lon="117.24126066081225872039794921875">
        <ele>27.799999237060546875</ele>
        <time>2026-08-26T21:38:50.000Z</time>
        <extensions>
          <ns3:TrackPointExtension>
            <ns3:hr>127</ns3:hr>
            <ns3:cad>91</ns3:cad>
          </ns3:TrackPointExtension>
        </extensions>
      </trkpt>
      <trkpt lat="29.29070823825895786285400390625" lon="117.241284549236297607421875">
        <ele>27.799999237060546875</ele>
        <time>2026-08-26T21:38:51.000Z</time>
        <extensions>
          <ns3:TrackPointExtension>
            <ns3:hr>127</ns3:hr>
            <ns3:cad>90</ns3:cad>
          </ns3:TrackPointExtension>
        </extensions>
      </trkpt>
      <trkpt lat="29.29070170037448406219482421875" lon="117.2413158975541591644287109375">
        <ele>27.799999237060546875</ele>
        <time>2026-08-26T21:38:52.000Z</time>
        <extensions>
          <ns3:TrackPointExtension>
            <ns3:hr>128</ns3:hr>
            <ns3:cad>90</ns3:cad>
          </ns3:TrackPointExtension>
        </extensions>
      </trkpt>
      <trkpt lat="29.29070522077381610870361328125" lon="117.2413403727114200592041015625">
        <ele>27.799999237060546875</ele>
        <time>2026-08-26T21:38:53.000Z</time>
        <extensions>
          <ns3:TrackPointExtension>
            <ns3:hr>127</ns3:hr>
            <ns3:cad>90</ns3:cad>
          </ns3:TrackPointExtension>
        </extensions>
      </trkpt>
      <trkpt lat="29.290704466402530670166015625" lon="117.24137700162827968597412109375">
        <ele>27.799999237060546875</ele>
        <time>2026-08-26T21:38:54.000Z</time>
        <extensions>
          <ns3:TrackPointExtension>
            <ns3:hr>127</ns3:hr>
            <ns3:cad>90</ns3:cad>
          </ns3:TrackPointExtension>
        </extensions>
      </trkpt>
      <trkpt lat="29.29070572368800640106201171875" lon="117.241402901709079742431640625">
        <ele>28</ele>
        <time>2026-08-26T21:38:55.000Z</time>
        <extensions>
          <ns3:TrackPointExtension>
            <ns3:hr>128</ns3:hr>
            <ns3:cad>90</ns3:cad>
          </ns3:TrackPointExtension>
        </extensions>
      </trkpt>
      <trkpt lat="29.29070723243057727813720703125" lon="117.24143944680690765380859375">
        <ele>28</ele>
        <time>2026-08-26T21:38:56.000Z</time>
        <extensions>
          <ns3:TrackPointExtension>
            <ns3:hr>127</ns3:hr>
            <ns3:cad>90</ns3:cad>
          </ns3:TrackPointExtension>
        </extensions>
      </trkpt>
      <trkpt lat="29.290707819163799285888671875" lon="117.24146098829805850982666015625">
        <ele>28</ele>
        <time>2026-08-26T21:38:57.000Z</time>
        <extensions>
          <ns3:TrackPointExtension>
            <ns3:hr>127</ns3:hr>
            <ns3:cad>90</ns3:cad>
          </ns3:TrackPointExtension>
        </extensions>
      </trkpt>
      <trkpt lat="29.2907049693167209625244140625" lon="117.2414956055581569671630859375">
        <ele>28</ele>
        <time>2026-08-26T21:38:58.000Z</time>
        <extensions>
          <ns3:TrackPointExtension>
            <ns3:hr>127</ns3:hr>
            <ns3:cad>90</ns3:cad>
          </ns3:TrackPointExtension>
        </extensions>
      </trkpt>
      <trkpt lat="29.29070756770670413970947265625" lon="117.24151982925832271575927734375">
        <ele>28</ele>
        <time>2026-08-26T21:38:59.000Z</time>
        <extensions>
          <ns3:TrackPointExtension>
            <ns3:hr>127</ns3:hr>
            <ns3:cad>90</ns3:cad>
          </ns3:TrackPointExtension>
        </extensions>
      </trkpt>
      <trkpt lat="29.29070605896413326263427734375" lon="117.2415519319474697113037109375">
        <ele>27.799999237060546875</ele>
        <time>2026-08-26T21:39:00.000Z</time>
        <extensions>
          <ns3:TrackPointExtension>
            <ns3:hr>128</ns3:hr>
            <ns3:cad>90</ns3:cad>
          </ns3:TrackPointExtension>
        </extensions>
      </trkpt>
      <trkpt lat="29.29070656187832355499267578125" lon="117.24157783202826976776123046875">
        <ele>27.799999237060546875</ele>
        <time>2026-08-26T21:39:01.000Z</time>
        <extensions>
          <ns3:TrackPointExtension>
            <ns3:hr>128</ns3:hr>
            <ns3:cad>90</ns3:cad>
          </ns3:TrackPointExtension>
        </extensions>
      </trkpt>
      <trkpt lat="29.29070421494543552398681640625" lon="117.24161320365965366363525390625">
        <ele>27.799999237060546875</ele>
        <time>2026-08-26T21:39:02.000Z</time>
        <extensions>
          <ns3:TrackPointExtension>
            <ns3:hr>128</ns3:hr>
            <ns3:cad>90</ns3:cad>
          </ns3:TrackPointExtension>
        </extensions>
      </trkpt>
      <trkpt lat="29.29070337675511837005615234375" lon="117.24163784645497798919677734375">
        <ele>27.799999237060546875</ele>
        <time>2026-08-26T21:39:03.000Z</time>
        <extensions>
          <ns3:TrackPointExtension>
            <ns3:hr>128</ns3:hr>
            <ns3:cad>91</ns3:cad>
          </ns3:TrackPointExtension>
        </extensions>
      </trkpt>
      <trkpt lat="29.29069675505161285400390625" lon="117.241672463715076446533203125">
        <ele>27.799999237060546875</ele>
        <time>2026-08-26T21:39:04.000Z</time>
        <extensions>
          <ns3:TrackPointExtension>
            <ns3:hr>127</ns3:hr>
            <ns3:cad>91</ns3:cad>
          </ns3:TrackPointExtension>
        </extensions>
      </trkpt>
      <trkpt lat="29.29069817997515201568603515625" lon="117.24169559776782989501953125">
        <ele>27.799999237060546875</ele>
        <time>2026-08-26T21:39:05.000Z</time>
        <extensions>
          <ns3:TrackPointExtension>
            <ns3:hr>128</ns3:hr>
            <ns3:cad>91</ns3:cad>
          </ns3:TrackPointExtension>
        </extensions>
      </trkpt>
      <trkpt lat="29.29068996571004390716552734375" lon="117.24172870628535747528076171875">
        <ele>27.799999237060546875</ele>
        <time>2026-08-26T21:39:06.000Z</time>
        <extensions>
          <ns3:TrackPointExtension>
            <ns3:hr>128</ns3:hr>
            <ns3:cad>90</ns3:cad>
          </ns3:TrackPointExtension>
        </extensions>
      </trkpt>
      <trkpt lat="29.2906895466148853302001953125" lon="117.24175401963293552398681640625">
        <ele>27.6000003814697265625</ele>
        <time>2026-08-26T21:39:07.000Z</time>
        <extensions>
          <ns3:TrackPointExtension>
            <ns3:hr>127</ns3:hr>
            <ns3:cad>90</ns3:cad>
          </ns3:TrackPointExtension>
        </extensions>
      </trkpt>
      <trkpt lat="29.290683008730411529541015625" lon="117.24178486503660678863525390625">
        <ele>27.6000003814697265625</ele>
        <time>2026-08-26T21:39:08.000Z</time>
        <extensions>
          <ns3:TrackPointExtension>
            <ns3:hr>128</ns3:hr>
            <ns3:cad>90</ns3:cad>
          </ns3:TrackPointExtension>
        </extensions>
      </trkpt>
      <trkpt lat="29.29068376310169696807861328125" lon="117.2418043948709964752197265625">
        <ele>27.799999237060546875</ele>
        <time>2026-08-26T21:39:09.000Z</time>
        <extensions>
          <ns3:TrackPointExtension>
            <ns3:hr>128</ns3:hr>
            <ns3:cad>90</ns3:cad>
          </ns3:TrackPointExtension>
        </extensions>
      </trkpt>
      <trkpt lat="29.29067823104560375213623046875" lon="117.2418359108269214630126953125">
        <ele>27.799999237060546875</ele>
        <time>2026-08-26T21:39:10.000Z</time>
        <extensions>
          <ns3:TrackPointExtension>
            <ns3:hr>129</ns3:hr>
            <ns3:cad>91</ns3:cad>
          </ns3:TrackPointExtension>
        </extensions>
      </trkpt>
      <trkpt lat="29.29067940451204776763916015625" lon="117.2418600507080554962158203125">
        <ele>27.799999237060546875</ele>
        <time>2026-08-26T21:39:11.000Z</time>
        <extensions>
          <ns3:TrackPointExtension>
            <ns3:hr>129</ns3:hr>
            <ns3:cad>90</ns3:cad>
          </ns3:TrackPointExtension>
        </extensions>
      </trkpt>
      <trkpt lat="29.29067051969468593597412109375" lon="117.24189517088234424591064453125">
        <ele>27.799999237060546875</ele>
        <time>2026-08-26T21:39:12.000Z</time>
        <extensions>
          <ns3:TrackPointExtension>
            <ns3:hr>129</ns3:hr>
            <ns3:cad>90</ns3:cad>
          </ns3:TrackPointExtension>
        </extensions>
      </trkpt>
      <trkpt lat="29.29067395627498626708984375" lon="117.2419240884482860565185546875">
        <ele>27.799999237060546875</ele>
        <time>2026-08-26T21:39:13.000Z</time>
        <extensions>
          <ns3:TrackPointExtension>
            <ns3:hr>130</ns3:hr>
            <ns3:cad>90</ns3:cad>
          </ns3:TrackPointExtension>
        </extensions>
      </trkpt>
      <trkpt lat="29.2906620539724826812744140625" lon="117.2419539280235767364501953125">
        <ele>27.799999237060546875</ele>
        <time>2026-08-26T21:39:14.000Z</time>
        <extensions>
          <ns3:TrackPointExtension>
            <ns3:hr>130</ns3:hr>
            <ns3:cad>91</ns3:cad>
          </ns3:TrackPointExtension>
        </extensions>
      </trkpt>
      <trkpt lat="29.29066414944827556610107421875" lon="117.24197999574244022369384765625">
        <ele>27.799999237060546875</ele>
        <time>2026-08-26T21:39:15.000Z</time>
        <extensions>
          <ns3:TrackPointExtension>
            <ns3:hr>130</ns3:hr>
            <ns3:cad>92</ns3:cad>
          </ns3:TrackPointExtension>
        </extensions>
      </trkpt>
      <trkpt lat="29.29065392352640628814697265625" lon="117.2420095838606357574462890625">
        <ele>27.799999237060546875</ele>
        <time>2026-08-26T21:39:16.000Z</time>
        <extensions>
          <ns3:TrackPointExtension>
            <ns3:hr>130</ns3:hr>
            <ns3:cad>92</ns3:cad>
          </ns3:TrackPointExtension>
        </extensions>
      </trkpt>
      <trkpt lat="29.290654845535755157470703125" lon="117.24203414283692836761474609375">
        <ele>27.799999237060546875</ele>
        <time>2026-08-26T21:39:17.000Z</time>
        <extensions>
          <ns3:TrackPointExtension>
            <ns3:hr>130</ns3:hr>
            <ns3:cad>92</ns3:cad>
          </ns3:TrackPointExtension>
        </extensions>
      </trkpt>
      <trkpt lat="29.29064839147031307220458984375" lon="117.24206096492707729339599609375">
        <ele>27.799999237060546875</ele>
        <time>2026-08-26T21:39:18.000Z</time>
        <extensions>
          <ns3:TrackPointExtension>
            <ns3:hr>131</ns3:hr>
            <ns3:cad>91</ns3:cad>
          </ns3:TrackPointExtension>
        </extensions>
      </trkpt>
      <trkpt lat="29.2906449548900127410888671875" lon="117.242089547216892242431640625">
        <ele>27.799999237060546875</ele>
        <time>2026-08-26T21:39:19.000Z</time>
        <extensions>
          <ns3:TrackPointExtension>
            <ns3:hr>130</ns3:hr>
            <ns3:cad>91</ns3:cad>
          </ns3:TrackPointExtension>
        </extensions>
      </trkpt>
      <trkpt lat="29.29063514806330204010009765625" lon="117.2421165369451045989990234375">
        <ele>27.799999237060546875</ele>
        <time>2026-08-26T21:39:20.000Z</time>
        <extensions>
          <ns3:TrackPointExtension>
            <ns3:hr>130</ns3:hr>
            <ns3:cad>91</ns3:cad>
          </ns3:TrackPointExtension>
        </extensions>
      </trkpt>
      <trkpt lat="29.29062995128333568572998046875" lon="117.24214914254844188690185546875">
        <ele>27.799999237060546875</ele>
        <time>2026-08-26T21:39:21.000Z</time>
        <extensions>
          <ns3:TrackPointExtension>
            <ns3:hr>131</ns3:hr>
            <ns3:cad>91</ns3:cad>
          </ns3:TrackPointExtension>
        </extensions>
      </trkpt>
      <trkpt lat="29.29062056355178356170654296875" lon="117.242178060114383697509765625">
        <ele>27.799999237060546875</ele>
        <time>2026-08-26T21:39:22.000Z</time>
        <extensions>
          <ns3:TrackPointExtension>
            <ns3:hr>130</ns3:hr>
            <ns3:cad>90</ns3:cad>
          </ns3:TrackPointExtension>
        </extensions>
      </trkpt>
      <trkpt lat="29.2906164564192295074462890625" lon="117.24220764823257923126220703125">
        <ele>27.799999237060546875</ele>
        <time>2026-08-26T21:39:23.000Z</time>
        <extensions>
          <ns3:TrackPointExtension>
            <ns3:hr>131</ns3:hr>
            <ns3:cad>90</ns3:cad>
          </ns3:TrackPointExtension>
        </extensions>
      </trkpt>
      <trkpt lat="29.2906062304973602294921875" lon="117.24223698489367961883544921875">
        <ele>27.799999237060546875</ele>
        <time>2026-08-26T21:39:24.000Z</time>
        <extensions>
          <ns3:TrackPointExtension>
            <ns3:hr>131</ns3:hr>
            <ns3:cad>90</ns3:cad>
          </ns3:TrackPointExtension>
        </extensions>
      </trkpt>
      <trkpt lat="29.29060480557382106781005859375" lon="117.24226699210703372955322265625">
        <ele>27.799999237060546875</ele>
        <time>2026-08-26T21:39:25.000Z</time>
        <extensions>
          <ns3:TrackPointExtension>
            <ns3:hr>130</ns3:hr>
            <ns3:cad>90</ns3:cad>
          </ns3:TrackPointExtension>
        </extensions>
      </trkpt>
      <trkpt lat="29.290600530803203582763671875" lon="117.24229280836880207061767578125">
        <ele>27.799999237060546875</ele>
        <time>2026-08-26T21:39:26.000Z</time>
        <extensions>
          <ns3:TrackPointExtension>
            <ns3:hr>130</ns3:hr>
            <ns3:cad>90</ns3:cad>
          </ns3:TrackPointExtension>
        </extensions>
      </trkpt>
      <trkpt lat="29.29059642367064952850341796875" lon="117.2423223964869976043701171875">
        <ele>27.799999237060546875</ele>
        <time>2026-08-26T21:39:27.000Z</time>
        <extensions>
          <ns3:TrackPointExtension>
            <ns3:hr>130</ns3:hr>
            <ns3:cad>90</ns3:cad>
          </ns3:TrackPointExtension>
        </extensions>
      </trkpt>
      <trkpt lat="29.29059349000453948974609375" lon="117.2423448599874973297119140625">
        <ele>27.799999237060546875</ele>
        <time>2026-08-26T21:39:28.000Z</time>
        <extensions>
          <ns3:TrackPointExtension>
            <ns3:hr>130</ns3:hr>
            <ns3:cad>90</ns3:cad>
          </ns3:TrackPointExtension>
        </extensions>
      </trkpt>
      <trkpt lat="29.2905896343290805816650390625" lon="117.242375202476978302001953125">
        <ele>27.799999237060546875</ele>
        <time>2026-08-26T21:39:29.000Z</time>
        <extensions>
          <ns3:TrackPointExtension>
            <ns3:hr>129</ns3:hr>
            <ns3:cad>90</ns3:cad>
          </ns3:TrackPointExtension>
        </extensions>
      </trkpt>
      <trkpt lat="29.29057848639786243438720703125" lon="117.24240059964358806610107421875">
        <ele>27.799999237060546875</ele>
        <time>2026-08-26T21:39:30.000Z</time>
        <extensions>
          <ns3:TrackPointExtension>
            <ns3:hr>129</ns3:hr>
            <ns3:cad>90</ns3:cad>
          </ns3:TrackPointExtension>
        </extensions>
      </trkpt>
      <trkpt lat="29.2905708588659763336181640625" lon="117.24243412725627422332763671875">
        <ele>27.799999237060546875</ele>
        <time>2026-08-26T21:39:31.000Z</time>
        <extensions>
          <ns3:TrackPointExtension>
            <ns3:hr>129</ns3:hr>
            <ns3:cad>90</ns3:cad>
          </ns3:TrackPointExtension>
        </extensions>
      </trkpt>
      <trkpt lat="29.2905658297240734100341796875" lon="117.2424565069377422332763671875">
        <ele>27.799999237060546875</ele>
        <time>2026-08-26T21:39:32.000Z</time>
        <extensions>
          <ns3:TrackPointExtension>
            <ns3:hr>129</ns3:hr>
            <ns3:cad>90</ns3:cad>
          </ns3:TrackPointExtension>
        </extensions>
      </trkpt>
      <trkpt lat="29.2905577830970287322998046875" lon="117.24248953163623809814453125">
        <ele>27.799999237060546875</ele>
        <time>2026-08-26T21:39:33.000Z</time>
        <extensions>
          <ns3:TrackPointExtension>
            <ns3:hr>129</ns3:hr>
            <ns3:cad>91</ns3:cad>
          </ns3:TrackPointExtension>
        </extensions>
      </trkpt>
      <trkpt lat="29.29055468179285526275634765625" lon="117.24251476116478443145751953125">
        <ele>27.799999237060546875</ele>
        <time>2026-08-26T21:39:34.000Z</time>
        <extensions>
          <ns3:TrackPointExtension>
            <ns3:hr>129</ns3:hr>
            <ns3:cad>91</ns3:cad>
          </ns3:TrackPointExtension>
        </extensions>
      </trkpt>
      <trkpt lat="29.29054386913776397705078125" lon="117.24254786968231201171875">
        <ele>27.799999237060546875</ele>
        <time>2026-08-26T21:39:35.000Z</time>
        <extensions>
          <ns3:TrackPointExtension>
            <ns3:hr>128</ns3:hr>
            <ns3:cad>92</ns3:cad>
          </ns3:TrackPointExtension>
        </extensions>
      </trkpt>
      <trkpt lat="29.2905391752719879150390625" lon="117.24257309921085834503173828125">
        <ele>27.799999237060546875</ele>
        <time>2026-08-26T21:39:36.000Z</time>
        <extensions>
          <ns3:TrackPointExtension>
            <ns3:hr>128</ns3:hr>
            <ns3:cad>92</ns3:cad>
          </ns3:TrackPointExtension>
        </extensions>
      </trkpt>
      <trkpt lat="29.290531463921070098876953125" lon="117.2426083870232105255126953125">
        <ele>27.799999237060546875</ele>
        <time>2026-08-26T21:39:37.000Z</time>
        <extensions>
          <ns3:TrackPointExtension>
            <ns3:hr>128</ns3:hr>
            <ns3:cad>92</ns3:cad>
          </ns3:TrackPointExtension>
        </extensions>
      </trkpt>
      <trkpt lat="29.29052911698818206787109375" lon="117.24263261072337627410888671875">
        <ele>27.799999237060546875</ele>
        <time>2026-08-26T21:39:38.000Z</time>
        <extensions>
          <ns3:TrackPointExtension>
            <ns3:hr>127</ns3:hr>
            <ns3:cad>92</ns3:cad>
          </ns3:TrackPointExtension>
        </extensions>
      </trkpt>
      <trkpt lat="29.290520064532756805419921875" lon="117.24266588687896728515625">
        <ele>27.799999237060546875</ele>
        <time>2026-08-26T21:39:39.000Z</time>
        <extensions>
          <ns3:TrackPointExtension>
            <ns3:hr>127</ns3:hr>
            <ns3:cad>92</ns3:cad>
          </ns3:TrackPointExtension>
        </extensions>
      </trkpt>
      <trkpt lat="29.2905192263424396514892578125" lon="117.2426908649504184722900390625">
        <ele>27.799999237060546875</ele>
        <time>2026-08-26T21:39:40.000Z</time>
        <extensions>
          <ns3:TrackPointExtension>
            <ns3:hr>127</ns3:hr>
            <ns3:cad>92</ns3:cad>
          </ns3:TrackPointExtension>
        </extensions>
      </trkpt>
      <trkpt lat="29.29051042534410953521728515625" lon="117.24272531457245349884033203125">
        <ele>27.799999237060546875</ele>
        <time>2026-08-26T21:39:41.000Z</time>
        <extensions>
          <ns3:TrackPointExtension>
            <ns3:hr>126</ns3:hr>
            <ns3:cad>92</ns3:cad>
          </ns3:TrackPointExtension>
        </extensions>
      </trkpt>
      <trkpt lat="29.290502965450286865234375" lon="117.24274761043488979339599609375">
        <ele>27.799999237060546875</ele>
        <time>2026-08-26T21:39:42.000Z</time>
        <extensions>
          <ns3:TrackPointExtension>
            <ns3:hr>126</ns3:hr>
            <ns3:cad>92</ns3:cad>
          </ns3:TrackPointExtension>
        </extensions>
      </trkpt>
      <trkpt lat="29.290489219129085540771484375" lon="117.2427777014672756195068359375">
        <ele>27.799999237060546875</ele>
        <time>2026-08-26T21:39:43.000Z</time>
        <extensions>
          <ns3:TrackPointExtension>
            <ns3:hr>126</ns3:hr>
            <ns3:cad>91</ns3:cad>
          </ns3:TrackPointExtension>
        </extensions>
      </trkpt>
      <trkpt lat="29.2904880456626415252685546875" lon="117.24279890768229961395263671875">
        <ele>27.799999237060546875</ele>
        <time>2026-08-26T21:39:44.000Z</time>
        <extensions>
          <ns3:TrackPointExtension>
            <ns3:hr>125</ns3:hr>
            <ns3:cad>91</ns3:cad>
          </ns3:TrackPointExtension>
        </extensions>
      </trkpt>
      <trkpt lat="29.2904756404459476470947265625" lon="117.2428269870579242706298828125">
        <ele>27.799999237060546875</ele>
        <time>2026-08-26T21:39:45.000Z</time>
        <extensions>
          <ns3:TrackPointExtension>
            <ns3:hr>125</ns3:hr>
            <ns3:cad>91</ns3:cad>
          </ns3:TrackPointExtension>
        </extensions>
      </trkpt>
      <trkpt lat="29.29047119803726673126220703125" lon="117.24285037256777286529541015625">
        <ele>27.799999237060546875</ele>
        <time>2026-08-26T21:39:46.000Z</time>
        <extensions>
          <ns3:TrackPointExtension>
            <ns3:hr>125</ns3:hr>
            <ns3:cad>92</ns3:cad>
          </ns3:TrackPointExtension>
        </extensions>
      </trkpt>
      <trkpt lat="29.2904555238783359527587890625" lon="117.2428766079246997833251953125">
        <ele>27.799999237060546875</ele>
        <time>2026-08-26T21:39:47.000Z</time>
        <extensions>
          <ns3:TrackPointExtension>
            <ns3:hr>125</ns3:hr>
            <ns3:cad>92</ns3:cad>
          </ns3:TrackPointExtension>
        </extensions>
      </trkpt>
      <trkpt lat="29.2904506623744964599609375" lon="117.24289965815842151641845703125">
        <ele>27.799999237060546875</ele>
        <time>2026-08-26T21:39:48.000Z</time>
        <extensions>
          <ns3:TrackPointExtension>
            <ns3:hr>125</ns3:hr>
            <ns3:cad>92</ns3:cad>
          </ns3:TrackPointExtension>
        </extensions>
      </trkpt>
      <trkpt lat="29.29043532349169254302978515625" lon="117.2429258935153484344482421875">
        <ele>27.799999237060546875</ele>
        <time>2026-08-26T21:39:49.000Z</time>
        <extensions>
          <ns3:TrackPointExtension>
            <ns3:hr>125</ns3:hr>
            <ns3:cad>92</ns3:cad>
          </ns3:TrackPointExtension>
        </extensions>
      </trkpt>
      <trkpt lat="29.29043012671172618865966796875" lon="117.24295196123421192169189453125">
        <ele>27.799999237060546875</ele>
        <time>2026-08-26T21:39:50.000Z</time>
        <extensions>
          <ns3:TrackPointExtension>
            <ns3:hr>125</ns3:hr>
            <ns3:cad>92</ns3:cad>
          </ns3:TrackPointExtension>
        </extensions>
      </trkpt>
      <trkpt lat="29.290415458381175994873046875" lon="117.24297744221985340118408203125">
        <ele>27.799999237060546875</ele>
        <time>2026-08-26T21:39:51.000Z</time>
        <extensions>
          <ns3:TrackPointExtension>
            <ns3:hr>124</ns3:hr>
            <ns3:cad>92</ns3:cad>
          </ns3:TrackPointExtension>
        </extensions>
      </trkpt>
      <trkpt lat="29.29040933959186077117919921875" lon="117.2430050186812877655029296875">
        <ele>27.799999237060546875</ele>
        <time>2026-08-26T21:39:52.000Z</time>
        <extensions>
          <ns3:TrackPointExtension>
            <ns3:hr>125</ns3:hr>
            <ns3:cad>92</ns3:cad>
          </ns3:TrackPointExtension>
        </extensions>
      </trkpt>
      <trkpt lat="29.29039978422224521636962890625" lon="117.24303041584789752960205078125">
        <ele>27.799999237060546875</ele>
        <time>2026-08-26T21:39:53.000Z</time>
        <extensions>
          <ns3:TrackPointExtension>
            <ns3:hr>125</ns3:hr>
            <ns3:cad>92</ns3:cad>
          </ns3:TrackPointExtension>
        </extensions>
      </trkpt>
      <trkpt lat="29.2903921566903591156005859375" lon="117.24305623210966587066650390625">
        <ele>28</ele>
        <time>2026-08-26T21:39:54.000Z</time>
        <extensions>
          <ns3:TrackPointExtension>
            <ns3:hr>126</ns3:hr>
            <ns3:cad>92</ns3:cad>
          </ns3:TrackPointExtension>
        </extensions>
      </trkpt>
      <trkpt lat="29.29038335569202899932861328125" lon="117.24307961761951446533203125">
        <ele>28</ele>
        <time>2026-08-26T21:39:55.000Z</time>
        <extensions>
          <ns3:TrackPointExtension>
            <ns3:hr>126</ns3:hr>
            <ns3:cad>91</ns3:cad>
          </ns3:TrackPointExtension>
        </extensions>
      </trkpt>
      <trkpt lat="29.29037815891206264495849609375" lon="117.2431082837283611297607421875">
        <ele>28</ele>
        <time>2026-08-26T21:39:56.000Z</time>
        <extensions>
          <ns3:TrackPointExtension>
            <ns3:hr>126</ns3:hr>
            <ns3:cad>91</ns3:cad>
          </ns3:TrackPointExtension>
        </extensions>
      </trkpt>
      <trkpt lat="29.2903720401227474212646484375" lon="117.24313451908528804779052734375">
        <ele>28</ele>
        <time>2026-08-26T21:39:57.000Z</time>
        <extensions>
          <ns3:TrackPointExtension>
            <ns3:hr>126</ns3:hr>
            <ns3:cad>91</ns3:cad>
          </ns3:TrackPointExtension>
        </extensions>
      </trkpt>
      <trkpt lat="29.29036684334278106689453125" lon="117.24316150881350040435791015625">
        <ele>28</ele>
        <time>2026-08-26T21:39:58.000Z</time>
        <extensions>
          <ns3:TrackPointExtension>
            <ns3:hr>126</ns3:hr>
            <ns3:cad>90</ns3:cad>
          </ns3:TrackPointExtension>
        </extensions>
      </trkpt>
      <trkpt lat="29.2903569526970386505126953125" lon="117.24318296648561954498291015625">
        <ele>28</ele>
        <time>2026-08-26T21:39:59.000Z</time>
        <extensions>
          <ns3:TrackPointExtension>
            <ns3:hr>126</ns3:hr>
            <ns3:cad>90</ns3:cad>
          </ns3:TrackPointExtension>
        </extensions>
      </trkpt>
      <trkpt lat="29.29034764878451824188232421875" lon="117.243210710585117340087890625">
        <ele>28</ele>
        <time>2026-08-26T21:40:00.000Z</time>
        <extensions>
          <ns3:TrackPointExtension>
            <ns3:hr>126</ns3:hr>
            <ns3:cad>90</ns3:cad>
          </ns3:TrackPointExtension>
        </extensions>
      </trkpt>
      <trkpt lat="29.2903375066816806793212890625" lon="117.24323241971433162689208984375">
        <ele>28</ele>
        <time>2026-08-26T21:40:01.000Z</time>
        <extensions>
          <ns3:TrackPointExtension>
            <ns3:hr>126</ns3:hr>
            <ns3:cad>90</ns3:cad>
          </ns3:TrackPointExtension>
        </extensions>
      </trkpt>
      <trkpt lat="29.29032987914979457855224609375" lon="117.2432608343660831451416015625">
        <ele>28</ele>
        <time>2026-08-26T21:40:02.000Z</time>
        <extensions>
          <ns3:TrackPointExtension>
            <ns3:hr>126</ns3:hr>
            <ns3:cad>90</ns3:cad>
          </ns3:TrackPointExtension>
        </extensions>
      </trkpt>
      <trkpt lat="29.290322922170162200927734375" lon="117.2432843036949634552001953125">
        <ele>27.799999237060546875</ele>
        <time>2026-08-26T21:40:03.000Z</time>
        <extensions>
          <ns3:TrackPointExtension>
            <ns3:hr>126</ns3:hr>
            <ns3:cad>90</ns3:cad>
          </ns3:TrackPointExtension>
        </extensions>
      </trkpt>
      <trkpt lat="29.2903103493154048919677734375" lon="117.243314646184444427490234375">
        <ele>27.799999237060546875</ele>
        <time>2026-08-26T21:40:04.000Z</time>
        <extensions>
          <ns3:TrackPointExtension>
            <ns3:hr>126</ns3:hr>
            <ns3:cad>90</ns3:cad>
          </ns3:TrackPointExtension>
        </extensions>
      </trkpt>
      <trkpt lat="29.2902986146509647369384765625" lon="117.24334071390330791473388671875">
        <ele>27.799999237060546875</ele>
        <time>2026-08-26T21:40:05.000Z</time>
        <extensions>
          <ns3:TrackPointExtension>
            <ns3:hr>125</ns3:hr>
            <ns3:cad>90</ns3:cad>
          </ns3:TrackPointExtension>
        </extensions>
      </trkpt>
      <trkpt lat="29.2902870476245880126953125" lon="117.24337323568761348724365234375">
        <ele>28</ele>
        <time>2026-08-26T21:40:06.000Z</time>
        <extensions>
          <ns3:TrackPointExtension>
            <ns3:hr>125</ns3:hr>
            <ns3:cad>91</ns3:cad>
          </ns3:TrackPointExtension>
        </extensions>
      </trkpt>
      <trkpt lat="29.290280677378177642822265625" lon="117.24339486099779605865478515625">
        <ele>28</ele>
        <time>2026-08-26T21:40:07.000Z</time>
        <extensions>
          <ns3:TrackPointExtension>
            <ns3:hr>124</ns3:hr>
            <ns3:cad>91</ns3:cad>
          </ns3:TrackPointExtension>
        </extensions>
      </trkpt>
      <trkpt lat="29.2902670986950397491455078125" lon="117.2434241138398647308349609375">
        <ele>28</ele>
        <time>2026-08-26T21:40:08.000Z</time>
        <extensions>
          <ns3:TrackPointExtension>
            <ns3:hr>124</ns3:hr>
            <ns3:cad>91</ns3:cad>
          </ns3:TrackPointExtension>
        </extensions>
      </trkpt>
      <trkpt lat="29.29025963880121707916259765625" lon="117.2434452362358570098876953125">
        <ele>28</ele>
        <time>2026-08-26T21:40:09.000Z</time>
        <extensions>
          <ns3:TrackPointExtension>
            <ns3:hr>123</ns3:hr>
            <ns3:cad>91</ns3:cad>
          </ns3:TrackPointExtension>
        </extensions>
      </trkpt>
      <trkpt lat="29.29024388082325458526611328125" lon="117.24347633309662342071533203125">
        <ele>28</ele>
        <time>2026-08-26T21:40:10.000Z</time>
        <extensions>
          <ns3:TrackPointExtension>
            <ns3:hr>123</ns3:hr>
            <ns3:cad>90</ns3:cad>
          </ns3:TrackPointExtension>
        </extensions>
      </trkpt>
      <trkpt lat="29.2902335710823535919189453125" lon="117.24349644966423511505126953125">
        <ele>28</ele>
        <time>2026-08-26T21:40:11.000Z</time>
        <extensions>
          <ns3:TrackPointExtension>
            <ns3:hr>122</ns3:hr>
            <ns3:cad>90</ns3:cad>
          </ns3:TrackPointExtension>
        </extensions>
      </trkpt>
      <trkpt lat="29.290216974914073944091796875" lon="117.24352679215371608734130859375">
        <ele>28</ele>
        <time>2026-08-26T21:40:12.000Z</time>
        <extensions>
          <ns3:TrackPointExtension>
            <ns3:hr>122</ns3:hr>
            <ns3:cad>90</ns3:cad>
          </ns3:TrackPointExtension>
        </extensions>
      </trkpt>
      <trkpt lat="29.29020683281123638153076171875" lon="117.2435464896261692047119140625">
        <ele>28.200000762939453125</ele>
        <time>2026-08-26T21:40:13.000Z</time>
        <extensions>
          <ns3:TrackPointExtension>
            <ns3:hr>121</ns3:hr>
            <ns3:cad>91</ns3:cad>
          </ns3:TrackPointExtension>
        </extensions>
      </trkpt>
      <trkpt lat="29.290186800062656402587890625" lon="117.24357088096439838409423828125">
        <ele>28.200000762939453125</ele>
        <time>2026-08-26T21:40:14.000Z</time>
        <extensions>
          <ns3:TrackPointExtension>
            <ns3:hr>120</ns3:hr>
            <ns3:cad>92</ns3:cad>
          </ns3:TrackPointExtension>
        </extensions>
      </trkpt>
      <trkpt lat="29.29017841815948486328125" lon="117.243592254817485809326171875">
        <ele>28.200000762939453125</ele>
        <time>2026-08-26T21:40:15.000Z</time>
        <extensions>
          <ns3:TrackPointExtension>
            <ns3:hr>119</ns3:hr>
            <ns3:cad>92</ns3:cad>
          </ns3:TrackPointExtension>
        </extensions>
      </trkpt>
      <trkpt lat="29.29016089998185634613037109375" lon="117.24362075328826904296875">
        <ele>28.200000762939453125</ele>
        <time>2026-08-26T21:40:16.000Z</time>
        <extensions>
          <ns3:TrackPointExtension>
            <ns3:hr>118</ns3:hr>
            <ns3:cad>92</ns3:cad>
          </ns3:TrackPointExtension>
        </extensions>
      </trkpt>
      <trkpt lat="29.2901497520506381988525390625" lon="117.2436437197029590606689453125">
        <ele>28.200000762939453125</ele>
        <time>2026-08-26T21:40:17.000Z</time>
        <extensions>
          <ns3:TrackPointExtension>
            <ns3:hr>117</ns3:hr>
            <ns3:cad>92</ns3:cad>
          </ns3:TrackPointExtension>
        </extensions>
      </trkpt>
      <trkpt lat="29.2901309765875339508056640625" lon="117.2436738945543766021728515625">
        <ele>28.200000762939453125</ele>
        <time>2026-08-26T21:40:18.000Z</time>
        <extensions>
          <ns3:TrackPointExtension>
            <ns3:hr>116</ns3:hr>
            <ns3:cad>91</ns3:cad>
          </ns3:TrackPointExtension>
        </extensions>
      </trkpt>
      <trkpt lat="29.290121756494045257568359375" lon="117.24369920790195465087890625">
        <ele>28.200000762939453125</ele>
        <time>2026-08-26T21:40:19.000Z</time>
        <extensions>
          <ns3:TrackPointExtension>
            <ns3:hr>116</ns3:hr>
            <ns3:cad>90</ns3:cad>
          </ns3:TrackPointExtension>
        </extensions>
      </trkpt>
      <trkpt lat="29.290104992687702178955078125" lon="117.2437275387346744537353515625">
        <ele>28.200000762939453125</ele>
        <time>2026-08-26T21:40:20.000Z</time>
        <extensions>
          <ns3:TrackPointExtension>
            <ns3:hr>116</ns3:hr>
            <ns3:cad>90</ns3:cad>
          </ns3:TrackPointExtension>
        </extensions>
      </trkpt>
      <trkpt lat="29.2900967784225940704345703125" lon="117.24374958314001560211181640625">
        <ele>28.200000762939453125</ele>
        <time>2026-08-26T21:40:21.000Z</time>
        <extensions>
          <ns3:TrackPointExtension>
            <ns3:hr>116</ns3:hr>
            <ns3:cad>90</ns3:cad>
          </ns3:TrackPointExtension>
        </extensions>
      </trkpt>
      <trkpt lat="29.2900800146162509918212890625" lon="117.2437764890491962432861328125">
        <ele>28.200000762939453125</ele>
        <time>2026-08-26T21:40:22.000Z</time>
        <extensions>
          <ns3:TrackPointExtension>
            <ns3:hr>116</ns3:hr>
            <ns3:cad>90</ns3:cad>
          </ns3:TrackPointExtension>
        </extensions>
      </trkpt>
      <trkpt lat="29.2900729738175868988037109375" lon="117.2438016347587108612060546875">
        <ele>28.200000762939453125</ele>
        <time>2026-08-26T21:40:23.000Z</time>
        <extensions>
          <ns3:TrackPointExtension>
            <ns3:hr>117</ns3:hr>
            <ns3:cad>90</ns3:cad>
          </ns3:TrackPointExtension>
        </extensions>
      </trkpt>
      <trkpt lat="29.29005495272576808929443359375" lon="117.2438313066959381103515625">
        <ele>28.200000762939453125</ele>
        <time>2026-08-26T21:40:24.000Z</time>
        <extensions>
          <ns3:TrackPointExtension>
            <ns3:hr>117</ns3:hr>
            <ns3:cad>90</ns3:cad>
          </ns3:TrackPointExtension>
        </extensions>
      </trkpt>
      <trkpt lat="29.29004774428904056549072265625" lon="117.24385485984385013580322265625">
        <ele>28.200000762939453125</ele>
        <time>2026-08-26T21:40:25.000Z</time>
        <extensions>
          <ns3:TrackPointExtension>
            <ns3:hr>118</ns3:hr>
            <ns3:cad>90</ns3:cad>
          </ns3:TrackPointExtension>
        </extensions>
      </trkpt>
      <trkpt lat="29.29003282450139522552490234375" lon="117.24388117901980876922607421875">
        <ele>28.200000762939453125</ele>
        <time>2026-08-26T21:40:26.000Z</time>
        <extensions>
          <ns3:TrackPointExtension>
            <ns3:hr>121</ns3:hr>
            <ns3:cad>90</ns3:cad>
          </ns3:TrackPointExtension>
        </extensions>
      </trkpt>
      <trkpt lat="29.29002276621758937835693359375" lon="117.2439018823206424713134765625">
        <ele>28.200000762939453125</ele>
        <time>2026-08-26T21:40:27.000Z</time>
        <extensions>
          <ns3:TrackPointExtension>
            <ns3:hr>122</ns3:hr>
            <ns3:cad>90</ns3:cad>
          </ns3:TrackPointExtension>
        </extensions>
      </trkpt>
      <trkpt lat="29.289999045431613922119140625" lon="117.243927530944347381591796875">
        <ele>28.200000762939453125</ele>
        <time>2026-08-26T21:40:28.000Z</time>
        <extensions>
          <ns3:TrackPointExtension>
            <ns3:hr>123</ns3:hr>
            <ns3:cad>90</ns3:cad>
          </ns3:TrackPointExtension>
        </extensions>
      </trkpt>
      <trkpt lat="29.28998672403395175933837890625" lon="117.24395007826387882232666015625">
        <ele>28.200000762939453125</ele>
        <time>2026-08-26T21:40:29.000Z</time>
        <extensions>
          <ns3:TrackPointExtension>
            <ns3:hr>124</ns3:hr>
            <ns3:cad>90</ns3:cad>
          </ns3:TrackPointExtension>
        </extensions>
      </trkpt>
      <trkpt lat="29.28996828384697437286376953125" lon="117.24397279322147369384765625">
        <ele>28.200000762939453125</ele>
        <time>2026-08-26T21:40:30.000Z</time>
        <extensions>
          <ns3:TrackPointExtension>
            <ns3:hr>125</ns3:hr>
            <ns3:cad>90</ns3:cad>
          </ns3:TrackPointExtension>
        </extensions>
      </trkpt>
      <trkpt lat="29.2899619974195957183837890625" lon="117.24399701692163944244384765625">
        <ele>28.200000762939453125</ele>
        <time>2026-08-26T21:40:31.000Z</time>
        <extensions>
          <ns3:TrackPointExtension>
            <ns3:hr>126</ns3:hr>
            <ns3:cad>90</ns3:cad>
          </ns3:TrackPointExtension>
        </extensions>
      </trkpt>
      <trkpt lat="29.2899437248706817626953125" lon="117.244020737707614898681640625">
        <ele>28.200000762939453125</ele>
        <time>2026-08-26T21:40:32.000Z</time>
        <extensions>
          <ns3:TrackPointExtension>
            <ns3:hr>127</ns3:hr>
            <ns3:cad>90</ns3:cad>
          </ns3:TrackPointExtension>
        </extensions>
      </trkpt>
      <trkpt lat="29.28993090055882930755615234375" lon="117.2440440393984317779541015625">
        <ele>28.200000762939453125</ele>
        <time>2026-08-26T21:40:33.000Z</time>
        <extensions>
          <ns3:TrackPointExtension>
            <ns3:hr>128</ns3:hr>
            <ns3:cad>90</ns3:cad>
          </ns3:TrackPointExtension>
        </extensions>
      </trkpt>
      <trkpt lat="29.28991078399121761322021484375" lon="117.244068346917629241943359375">
        <ele>28.200000762939453125</ele>
        <time>2026-08-26T21:40:34.000Z</time>
        <extensions>
          <ns3:TrackPointExtension>
            <ns3:hr>128</ns3:hr>
            <ns3:cad>90</ns3:cad>
          </ns3:TrackPointExtension>
        </extensions>
      </trkpt>
      <trkpt lat="29.2899019829928874969482421875" lon="117.24409223534166812896728515625">
        <ele>28.200000762939453125</ele>
        <time>2026-08-26T21:40:35.000Z</time>
        <extensions>
          <ns3:TrackPointExtension>
            <ns3:hr>128</ns3:hr>
            <ns3:cad>90</ns3:cad>
          </ns3:TrackPointExtension>
        </extensions>
      </trkpt>
      <trkpt lat="29.28988178260624408721923828125" lon="117.24411469884216785430908203125">
        <ele>28.200000762939453125</ele>
        <time>2026-08-26T21:40:36.000Z</time>
        <extensions>
          <ns3:TrackPointExtension>
            <ns3:hr>128</ns3:hr>
            <ns3:cad>90</ns3:cad>
          </ns3:TrackPointExtension>
        </extensions>
      </trkpt>
      <trkpt lat="29.28987172432243824005126953125" lon="117.24413632415235042572021484375">
        <ele>28.200000762939453125</ele>
        <time>2026-08-26T21:40:37.000Z</time>
        <extensions>
          <ns3:TrackPointExtension>
            <ns3:hr>128</ns3:hr>
            <ns3:cad>90</ns3:cad>
          </ns3:TrackPointExtension>
        </extensions>
      </trkpt>
      <trkpt lat="29.28985110484063625335693359375" lon="117.24415761418640613555908203125">
        <ele>28.200000762939453125</ele>
        <time>2026-08-26T21:40:38.000Z</time>
        <extensions>
          <ns3:TrackPointExtension>
            <ns3:hr>129</ns3:hr>
            <ns3:cad>90</ns3:cad>
          </ns3:TrackPointExtension>
        </extensions>
      </trkpt>
      <trkpt lat="29.2898382805287837982177734375" lon="117.24418242461979389190673828125">
        <ele>28.200000762939453125</ele>
        <time>2026-08-26T21:40:39.000Z</time>
        <extensions>
          <ns3:TrackPointExtension>
            <ns3:hr>129</ns3:hr>
            <ns3:cad>90</ns3:cad>
          </ns3:TrackPointExtension>
        </extensions>
      </trkpt>
      <trkpt lat="29.289819337427616119384765625" lon="117.2442039661109447479248046875">
        <ele>28.200000762939453125</ele>
        <time>2026-08-26T21:40:40.000Z</time>
        <extensions>
          <ns3:TrackPointExtension>
            <ns3:hr>129</ns3:hr>
            <ns3:cad>90</ns3:cad>
          </ns3:TrackPointExtension>
        </extensions>
      </trkpt>
      <trkpt lat="29.28980802185833454132080078125" lon="117.24423221312463283538818359375">
        <ele>28.3999996185302734375</ele>
        <time>2026-08-26T21:40:41.000Z</time>
        <extensions>
          <ns3:TrackPointExtension>
            <ns3:hr>130</ns3:hr>
            <ns3:cad>90</ns3:cad>
          </ns3:TrackPointExtension>
        </extensions>
      </trkpt>
      <trkpt lat="29.28978907875716686248779296875" lon="117.24425769411027431488037109375">
        <ele>28.3999996185302734375</ele>
        <time>2026-08-26T21:40:42.000Z</time>
        <extensions>
          <ns3:TrackPointExtension>
            <ns3:hr>130</ns3:hr>
            <ns3:cad>90</ns3:cad>
          </ns3:TrackPointExtension>
        </extensions>
      </trkpt>
      <trkpt lat="29.28977617062628269195556640625" lon="117.244278900325298309326171875">
        <ele>28.3999996185302734375</ele>
        <time>2026-08-26T21:40:43.000Z</time>
        <extensions>
          <ns3:TrackPointExtension>
            <ns3:hr>130</ns3:hr>
            <ns3:cad>90</ns3:cad>
          </ns3:TrackPointExtension>
        </extensions>
      </trkpt>
      <trkpt lat="29.28976066410541534423828125" lon="117.2443005256354808807373046875">
        <ele>28.3999996185302734375</ele>
        <time>2026-08-26T21:40:44.000Z</time>
        <extensions>
          <ns3:TrackPointExtension>
            <ns3:hr>131</ns3:hr>
            <ns3:cad>90</ns3:cad>
          </ns3:TrackPointExtension>
        </extensions>
      </trkpt>
      <trkpt lat="29.289753623306751251220703125" lon="117.24432625807821750640869140625">
        <ele>28.3999996185302734375</ele>
        <time>2026-08-26T21:40:45.000Z</time>
        <extensions>
          <ns3:TrackPointExtension>
            <ns3:hr>131</ns3:hr>
            <ns3:cad>90</ns3:cad>
          </ns3:TrackPointExtension>
        </extensions>
      </trkpt>
      <trkpt lat="29.2897397093474864959716796875" lon="117.24435006268322467803955078125">
        <ele>28.200000762939453125</ele>
        <time>2026-08-26T21:40:46.000Z</time>
        <extensions>
          <ns3:TrackPointExtension>
            <ns3:hr>131</ns3:hr>
            <ns3:cad>90</ns3:cad>
          </ns3:TrackPointExtension>
        </extensions>
      </trkpt>
      <trkpt lat="29.28973057307302951812744140625" lon="117.24437512457370758056640625">
        <ele>28.3999996185302734375</ele>
        <time>2026-08-26T21:40:47.000Z</time>
        <extensions>
          <ns3:TrackPointExtension>
            <ns3:hr>132</ns3:hr>
            <ns3:cad>90</ns3:cad>
          </ns3:TrackPointExtension>
        </extensions>
      </trkpt>
      <trkpt lat="29.28971800021827220916748046875" lon="117.24440052174031734466552734375">
        <ele>28.3999996185302734375</ele>
        <time>2026-08-26T21:40:48.000Z</time>
        <extensions>
          <ns3:TrackPointExtension>
            <ns3:hr>132</ns3:hr>
            <ns3:cad>90</ns3:cad>
          </ns3:TrackPointExtension>
        </extensions>
      </trkpt>
      <trkpt lat="29.289708025753498077392578125" lon="117.2444269247353076934814453125">
        <ele>28.3999996185302734375</ele>
        <time>2026-08-26T21:40:49.000Z</time>
        <extensions>
          <ns3:TrackPointExtension>
            <ns3:hr>132</ns3:hr>
            <ns3:cad>90</ns3:cad>
          </ns3:TrackPointExtension>
        </extensions>
      </trkpt>
      <trkpt lat="29.2896944470703601837158203125" lon="117.24445165134966373443603515625">
        <ele>28.3999996185302734375</ele>
        <time>2026-08-26T21:40:50.000Z</time>
        <extensions>
          <ns3:TrackPointExtension>
            <ns3:hr>132</ns3:hr>
            <ns3:cad>90</ns3:cad>
          </ns3:TrackPointExtension>
        </extensions>
      </trkpt>
      <trkpt lat="29.2896823771297931671142578125" lon="117.24448350258171558380126953125">
        <ele>28.3999996185302734375</ele>
        <time>2026-08-26T21:40:51.000Z</time>
        <extensions>
          <ns3:TrackPointExtension>
            <ns3:hr>132</ns3:hr>
            <ns3:cad>90</ns3:cad>
          </ns3:TrackPointExtension>
        </extensions>
      </trkpt>
      <trkpt lat="29.2896723188459873199462890625" lon="117.244508564472198486328125">
        <ele>28.200000762939453125</ele>
        <time>2026-08-26T21:40:52.000Z</time>
        <extensions>
          <ns3:TrackPointExtension>
            <ns3:hr>132</ns3:hr>
            <ns3:cad>90</ns3:cad>
          </ns3:TrackPointExtension>
        </extensions>
      </trkpt>
      <trkpt lat="29.28965245373547077178955078125" lon="117.24454217590391635894775390625">
        <ele>28.3999996185302734375</ele>
        <time>2026-08-26T21:40:53.000Z</time>
        <extensions>
          <ns3:TrackPointExtension>
            <ns3:hr>132</ns3:hr>
            <ns3:cad>91</ns3:cad>
          </ns3:TrackPointExtension>
        </extensions>
      </trkpt>
      <trkpt lat="29.289641641080379486083984375" lon="117.24456413649022579193115234375">
        <ele>28.200000762939453125</ele>
        <time>2026-08-26T21:40:54.000Z</time>
        <extensions>
          <ns3:TrackPointExtension>
            <ns3:hr>132</ns3:hr>
            <ns3:cad>91</ns3:cad>
          </ns3:TrackPointExtension>
        </extensions>
      </trkpt>
      <trkpt lat="29.28962613455951213836669921875" lon="117.2445938922464847564697265625">
        <ele>28.200000762939453125</ele>
        <time>2026-08-26T21:40:55.000Z</time>
        <extensions>
          <ns3:TrackPointExtension>
            <ns3:hr>132</ns3:hr>
            <ns3:cad>92</ns3:cad>
          </ns3:TrackPointExtension>
        </extensions>
      </trkpt>
      <trkpt lat="29.28962051868438720703125" lon="117.2446136735379695892333984375">
        <ele>28.3999996185302734375</ele>
        <time>2026-08-26T21:40:56.000Z</time>
        <extensions>
          <ns3:TrackPointExtension>
            <ns3:hr>132</ns3:hr>
            <ns3:cad>92</ns3:cad>
          </ns3:TrackPointExtension>
        </extensions>
      </trkpt>
      <trkpt lat="29.28960467688739299774169921875" lon="117.24464275874197483062744140625">
        <ele>28.3999996185302734375</ele>
        <time>2026-08-26T21:40:57.000Z</time>
        <extensions>
          <ns3:TrackPointExtension>
            <ns3:hr>132</ns3:hr>
            <ns3:cad>92</ns3:cad>
          </ns3:TrackPointExtension>
        </extensions>
      </trkpt>
      <trkpt lat="29.2895995639264583587646484375" lon="117.24466480314731597900390625">
        <ele>28.3999996185302734375</ele>
        <time>2026-08-26T21:40:58.000Z</time>
        <extensions>
          <ns3:TrackPointExtension>
            <ns3:hr>132</ns3:hr>
            <ns3:cad>92</ns3:cad>
          </ns3:TrackPointExtension>
        </extensions>
      </trkpt>
      <trkpt lat="29.2895881645381450653076171875" lon="117.2446976602077484130859375">
        <ele>28.3999996185302734375</ele>
        <time>2026-08-26T21:40:59.000Z</time>
        <extensions>
          <ns3:TrackPointExtension>
            <ns3:hr>132</ns3:hr>
            <ns3:cad>92</ns3:cad>
          </ns3:TrackPointExtension>
        </extensions>
      </trkpt>
      <trkpt lat="29.2895848117768764495849609375" lon="117.24472372792661190032958984375">
        <ele>28.3999996185302734375</ele>
        <time>2026-08-26T21:41:00.000Z</time>
        <extensions>
          <ns3:TrackPointExtension>
            <ns3:hr>131</ns3:hr>
            <ns3:cad>92</ns3:cad>
          </ns3:TrackPointExtension>
        </extensions>
      </trkpt>
      <trkpt lat="29.289571903645992279052734375" lon="117.24475759081542491912841796875">
        <ele>28.3999996185302734375</ele>
        <time>2026-08-26T21:41:01.000Z</time>
        <extensions>
          <ns3:TrackPointExtension>
            <ns3:hr>131</ns3:hr>
            <ns3:cad>92</ns3:cad>
          </ns3:TrackPointExtension>
        </extensions>
      </trkpt>
      <trkpt lat="29.28956544958055019378662109375" lon="117.24478407762944698333740234375">
        <ele>28.3999996185302734375</ele>
        <time>2026-08-26T21:41:02.000Z</time>
        <extensions>
          <ns3:TrackPointExtension>
            <ns3:hr>130</ns3:hr>
            <ns3:cad>92</ns3:cad>
          </ns3:TrackPointExtension>
        </extensions>
      </trkpt>
      <trkpt lat="29.28955187089741230010986328125" lon="117.24481634795665740966796875">
        <ele>28.3999996185302734375</ele>
        <time>2026-08-26T21:41:03.000Z</time>
        <extensions>
          <ns3:TrackPointExtension>
            <ns3:hr>129</ns3:hr>
            <ns3:cad>92</ns3:cad>
          </ns3:TrackPointExtension>
        </extensions>
      </trkpt>
      <trkpt lat="29.28954742848873138427734375" lon="117.2448463551700115203857421875">
        <ele>28.3999996185302734375</ele>
        <time>2026-08-26T21:41:04.000Z</time>
        <extensions>
          <ns3:TrackPointExtension>
            <ns3:hr>129</ns3:hr>
            <ns3:cad>92</ns3:cad>
          </ns3:TrackPointExtension>
        </extensions>
      </trkpt>
      <trkpt lat="29.2895315028727054595947265625" lon="117.2448778711259365081787109375">
        <ele>28.3999996185302734375</ele>
        <time>2026-08-26T21:41:05.000Z</time>
        <extensions>
          <ns3:TrackPointExtension>
            <ns3:hr>129</ns3:hr>
            <ns3:cad>92</ns3:cad>
          </ns3:TrackPointExtension>
        </extensions>
      </trkpt>
      <trkpt lat="29.28952395915985107421875" lon="117.2449041903018951416015625">
        <ele>28.3999996185302734375</ele>
        <time>2026-08-26T21:41:06.000Z</time>
        <extensions>
          <ns3:TrackPointExtension>
            <ns3:hr>128</ns3:hr>
            <ns3:cad>93</ns3:cad>
          </ns3:TrackPointExtension>
        </extensions>
      </trkpt>
      <trkpt lat="29.289506860077381134033203125" lon="117.24493210203945636749267578125">
        <ele>28.3999996185302734375</ele>
        <time>2026-08-26T21:41:07.000Z</time>
        <extensions>
          <ns3:TrackPointExtension>
            <ns3:hr>128</ns3:hr>
            <ns3:cad>93</ns3:cad>
          </ns3:TrackPointExtension>
        </extensions>
      </trkpt>
      <trkpt lat="29.28950359113514423370361328125" lon="117.24495490081608295440673828125">
        <ele>28.3999996185302734375</ele>
        <time>2026-08-26T21:41:08.000Z</time>
        <extensions>
          <ns3:TrackPointExtension>
            <ns3:hr>127</ns3:hr>
            <ns3:cad>93</ns3:cad>
          </ns3:TrackPointExtension>
        </extensions>
      </trkpt>
      <trkpt lat="29.28948816843330860137939453125" lon="117.24498264491558074951171875">
        <ele>28.3999996185302734375</ele>
        <time>2026-08-26T21:41:09.000Z</time>
        <extensions>
          <ns3:TrackPointExtension>
            <ns3:hr>127</ns3:hr>
            <ns3:cad>92</ns3:cad>
          </ns3:TrackPointExtension>
        </extensions>
      </trkpt>
      <trkpt lat="29.2894842289388179779052734375" lon="117.2450059466063976287841796875">
        <ele>28.3999996185302734375</ele>
        <time>2026-08-26T21:41:10.000Z</time>
        <extensions>
          <ns3:TrackPointExtension>
            <ns3:hr>127</ns3:hr>
            <ns3:cad>92</ns3:cad>
          </ns3:TrackPointExtension>
        </extensions>
      </trkpt>
      <trkpt lat="29.28947190754115581512451171875" lon="117.245031259953975677490234375">
        <ele>28.3999996185302734375</ele>
        <time>2026-08-26T21:41:11.000Z</time>
        <extensions>
          <ns3:TrackPointExtension>
            <ns3:hr>126</ns3:hr>
            <ns3:cad>91</ns3:cad>
          </ns3:TrackPointExtension>
        </extensions>
      </trkpt>
      <trkpt lat="29.28946905769407749176025390625" lon="117.245056740939617156982421875">
        <ele>28.3999996185302734375</ele>
        <time>2026-08-26T21:41:12.000Z</time>
        <extensions>
          <ns3:TrackPointExtension>
            <ns3:hr>126</ns3:hr>
            <ns3:cad>91</ns3:cad>
          </ns3:TrackPointExtension>
        </extensions>
      </trkpt>
      <trkpt lat="29.28945916704833507537841796875" lon="117.24508448503911495208740234375">
        <ele>28.3999996185302734375</ele>
        <time>2026-08-26T21:41:13.000Z</time>
        <extensions>
          <ns3:TrackPointExtension>
            <ns3:hr>125</ns3:hr>
            <ns3:cad>91</ns3:cad>
          </ns3:TrackPointExtension>
        </extensions>
      </trkpt>
      <trkpt lat="29.28945346735417842864990234375" lon="117.2451142407953739166259765625">
        <ele>28.6000003814697265625</ele>
        <time>2026-08-26T21:41:14.000Z</time>
        <extensions>
          <ns3:TrackPointExtension>
            <ns3:hr>125</ns3:hr>
            <ns3:cad>92</ns3:cad>
          </ns3:TrackPointExtension>
        </extensions>
      </trkpt>
      <trkpt lat="29.2894450016319751739501953125" lon="117.24514223635196685791015625">
        <ele>28.6000003814697265625</ele>
        <time>2026-08-26T21:41:15.000Z</time>
        <extensions>
          <ns3:TrackPointExtension>
            <ns3:hr>125</ns3:hr>
            <ns3:cad>91</ns3:cad>
          </ns3:TrackPointExtension>
        </extensions>
      </trkpt>
      <trkpt lat="29.2894419841468334197998046875" lon="117.24517484195530414581298828125">
        <ele>28.6000003814697265625</ele>
        <time>2026-08-26T21:41:16.000Z</time>
        <extensions>
          <ns3:TrackPointExtension>
            <ns3:hr>125</ns3:hr>
            <ns3:cad>91</ns3:cad>
          </ns3:TrackPointExtension>
        </extensions>
      </trkpt>
      <trkpt lat="29.2894394695758819580078125" lon="117.24520300514996051788330078125">
        <ele>28.6000003814697265625</ele>
        <time>2026-08-26T21:41:17.000Z</time>
        <extensions>
          <ns3:TrackPointExtension>
            <ns3:hr>125</ns3:hr>
            <ns3:cad>91</ns3:cad>
          </ns3:TrackPointExtension>
        </extensions>
      </trkpt>
      <trkpt lat="29.28943502716720104217529296875" lon="117.24524038843810558319091796875">
        <ele>28.3999996185302734375</ele>
        <time>2026-08-26T21:41:18.000Z</time>
        <extensions>
          <ns3:TrackPointExtension>
            <ns3:hr>124</ns3:hr>
            <ns3:cad>92</ns3:cad>
          </ns3:TrackPointExtension>
        </extensions>
      </trkpt>
      <trkpt lat="29.28943268023431301116943359375" lon="117.24526771344244480133056640625">
        <ele>28.3999996185302734375</ele>
        <time>2026-08-26T21:41:19.000Z</time>
        <extensions>
          <ns3:TrackPointExtension>
            <ns3:hr>125</ns3:hr>
            <ns3:cad>92</ns3:cad>
          </ns3:TrackPointExtension>
        </extensions>
      </trkpt>
      <trkpt lat="29.28942739963531494140625" lon="117.24530358798801898956298828125">
        <ele>28.3999996185302734375</ele>
        <time>2026-08-26T21:41:20.000Z</time>
        <extensions>
          <ns3:TrackPointExtension>
            <ns3:hr>125</ns3:hr>
            <ns3:cad>92</ns3:cad>
          </ns3:TrackPointExtension>
        </extensions>
      </trkpt>
      <trkpt lat="29.289422370493412017822265625" lon="117.24533041007816791534423828125">
        <ele>28.3999996185302734375</ele>
        <time>2026-08-26T21:41:21.000Z</time>
        <extensions>
          <ns3:TrackPointExtension>
            <ns3:hr>125</ns3:hr>
            <ns3:cad>92</ns3:cad>
          </ns3:TrackPointExtension>
        </extensions>
      </trkpt>
      <trkpt lat="29.28941373713314533233642578125" lon="117.24536377005279064178466796875">
        <ele>28.3999996185302734375</ele>
        <time>2026-08-26T21:41:22.000Z</time>
        <extensions>
          <ns3:TrackPointExtension>
            <ns3:hr>125</ns3:hr>
            <ns3:cad>91</ns3:cad>
          </ns3:TrackPointExtension>
        </extensions>
      </trkpt>
      <trkpt lat="29.28940820507705211639404296875" lon="117.2453874908387660980224609375">
        <ele>28.3999996185302734375</ele>
        <time>2026-08-26T21:41:23.000Z</time>
        <extensions>
          <ns3:TrackPointExtension>
            <ns3:hr>125</ns3:hr>
            <ns3:cad>91</ns3:cad>
          </ns3:TrackPointExtension>
        </extensions>
      </trkpt>
      <trkpt lat="29.28939932025969028472900390625" lon="117.2454253770411014556884765625">
        <ele>28.3999996185302734375</ele>
        <time>2026-08-26T21:41:24.000Z</time>
        <extensions>
          <ns3:TrackPointExtension>
            <ns3:hr>125</ns3:hr>
            <ns3:cad>91</ns3:cad>
          </ns3:TrackPointExtension>
        </extensions>
      </trkpt>
      <trkpt lat="29.28939990699291229248046875" lon="117.24545027129352092742919921875">
        <ele>28.3999996185302734375</ele>
        <time>2026-08-26T21:41:25.000Z</time>
        <extensions>
          <ns3:TrackPointExtension>
            <ns3:hr>126</ns3:hr>
            <ns3:cad>91</ns3:cad>
          </ns3:TrackPointExtension>
        </extensions>
      </trkpt>
      <trkpt lat="29.28939362056553363800048828125" lon="117.245487906038761138916015625">
        <ele>28.3999996185302734375</ele>
        <time>2026-08-26T21:41:26.000Z</time>
        <extensions>
          <ns3:TrackPointExtension>
            <ns3:hr>126</ns3:hr>
            <ns3:cad>92</ns3:cad>
          </ns3:TrackPointExtension>
        </extensions>
      </trkpt>
      <trkpt lat="29.2893950454890727996826171875" lon="117.24551229737699031829833984375">
        <ele>28.3999996185302734375</ele>
        <time>2026-08-26T21:41:27.000Z</time>
        <extensions>
          <ns3:TrackPointExtension>
            <ns3:hr>126</ns3:hr>
            <ns3:cad>92</ns3:cad>
          </ns3:TrackPointExtension>
        </extensions>
      </trkpt>
      <trkpt lat="29.28938725031912326812744140625" lon="117.2455480881035327911376953125">
        <ele>28.3999996185302734375</ele>
        <time>2026-08-26T21:41:28.000Z</time>
        <extensions>
          <ns3:TrackPointExtension>
            <ns3:hr>126</ns3:hr>
            <ns3:cad>92</ns3:cad>
          </ns3:TrackPointExtension>
        </extensions>
      </trkpt>
      <trkpt lat="29.28938649594783782958984375" lon="117.2455752454698085784912109375">
        <ele>28.6000003814697265625</ele>
        <time>2026-08-26T21:41:29.000Z</time>
        <extensions>
          <ns3:TrackPointExtension>
            <ns3:hr>126</ns3:hr>
            <ns3:cad>92</ns3:cad>
          </ns3:TrackPointExtension>
        </extensions>
      </trkpt>
      <trkpt lat="29.28938255645334720611572265625" lon="117.24560583941638469696044921875">
        <ele>28.6000003814697265625</ele>
        <time>2026-08-26T21:41:30.000Z</time>
        <extensions>
          <ns3:TrackPointExtension>
            <ns3:hr>126</ns3:hr>
            <ns3:cad>92</ns3:cad>
          </ns3:TrackPointExtension>
        </extensions>
      </trkpt>
      <trkpt lat="29.28939186036586761474609375" lon="117.24562562070786952972412109375">
        <ele>28.3999996185302734375</ele>
        <time>2026-08-26T21:41:31.000Z</time>
        <extensions>
          <ns3:TrackPointExtension>
            <ns3:hr>126</ns3:hr>
            <ns3:cad>91</ns3:cad>
          </ns3:TrackPointExtension>
        </extensions>
      </trkpt>
      <trkpt lat="29.2893853224813938140869140625" lon="117.2456614114344120025634765625">
        <ele>28.6000003814697265625</ele>
        <time>2026-08-26T21:41:32.000Z</time>
        <extensions>
          <ns3:TrackPointExtension>
            <ns3:hr>127</ns3:hr>
            <ns3:cad>91</ns3:cad>
          </ns3:TrackPointExtension>
        </extensions>
      </trkpt>
      <trkpt lat="29.2893858253955841064453125" lon="117.2456847131252288818359375">
        <ele>28.6000003814697265625</ele>
        <time>2026-08-26T21:41:33.000Z</time>
        <extensions>
          <ns3:TrackPointExtension>
            <ns3:hr>127</ns3:hr>
            <ns3:cad>91</ns3:cad>
          </ns3:TrackPointExtension>
        </extensions>
      </trkpt>
      <trkpt lat="29.28938113152980804443359375" lon="117.24571916274726390838623046875">
        <ele>28.6000003814697265625</ele>
        <time>2026-08-26T21:41:34.000Z</time>
        <extensions>
          <ns3:TrackPointExtension>
            <ns3:hr>127</ns3:hr>
            <ns3:cad>91</ns3:cad>
          </ns3:TrackPointExtension>
        </extensions>
      </trkpt>
      <trkpt lat="29.28938339464366436004638671875" lon="117.2457445599138736724853515625">
        <ele>28.3999996185302734375</ele>
        <time>2026-08-26T21:41:35.000Z</time>
        <extensions>
          <ns3:TrackPointExtension>
            <ns3:hr>128</ns3:hr>
            <ns3:cad>91</ns3:cad>
          </ns3:TrackPointExtension>
        </extensions>
      </trkpt>
      <trkpt lat="29.2893766053020954132080078125" lon="117.24578001536428928375244140625">
        <ele>28.6000003814697265625</ele>
        <time>2026-08-26T21:41:36.000Z</time>
        <extensions>
          <ns3:TrackPointExtension>
            <ns3:hr>128</ns3:hr>
            <ns3:cad>91</ns3:cad>
          </ns3:TrackPointExtension>
        </extensions>
      </trkpt>
      <trkpt lat="29.28938004188239574432373046875" lon="117.24580398760735988616943359375">
        <ele>28.6000003814697265625</ele>
        <time>2026-08-26T21:41:37.000Z</time>
        <extensions>
          <ns3:TrackPointExtension>
            <ns3:hr>128</ns3:hr>
            <ns3:cad>91</ns3:cad>
          </ns3:TrackPointExtension>
        </extensions>
      </trkpt>
      <trkpt lat="29.289376772940158843994140625" lon="117.2458381019532680511474609375">
        <ele>28.6000003814697265625</ele>
        <time>2026-08-26T21:41:38.000Z</time>
        <extensions>
          <ns3:TrackPointExtension>
            <ns3:hr>129</ns3:hr>
            <ns3:cad>90</ns3:cad>
          </ns3:TrackPointExtension>
        </extensions>
      </trkpt>
      <trkpt lat="29.28938272409141063690185546875" lon="117.2458649240434169769287109375">
        <ele>28.6000003814697265625</ele>
        <time>2026-08-26T21:41:39.000Z</time>
        <extensions>
          <ns3:TrackPointExtension>
            <ns3:hr>129</ns3:hr>
            <ns3:cad>90</ns3:cad>
          </ns3:TrackPointExtension>
        </extensions>
      </trkpt>
      <trkpt lat="29.2893782816827297210693359375" lon="117.2458977811038494110107421875">
        <ele>28.6000003814697265625</ele>
        <time>2026-08-26T21:41:40.000Z</time>
        <extensions>
          <ns3:TrackPointExtension>
            <ns3:hr>130</ns3:hr>
            <ns3:cad>90</ns3:cad>
          </ns3:TrackPointExtension>
        </extensions>
      </trkpt>
      <trkpt lat="29.289383478462696075439453125" lon="117.24592334590852260589599609375">
        <ele>28.6000003814697265625</ele>
        <time>2026-08-26T21:41:41.000Z</time>
        <extensions>
          <ns3:TrackPointExtension>
            <ns3:hr>130</ns3:hr>
            <ns3:cad>90</ns3:cad>
          </ns3:TrackPointExtension>
        </extensions>
      </trkpt>
      <trkpt lat="29.28937979042530059814453125" lon="117.24595494568347930908203125">
        <ele>28.6000003814697265625</ele>
        <time>2026-08-26T21:41:42.000Z</time>
        <extensions>
          <ns3:TrackPointExtension>
            <ns3:hr>131</ns3:hr>
            <ns3:cad>90</ns3:cad>
          </ns3:TrackPointExtension>
        </extensions>
      </trkpt>
      <trkpt lat="29.28938440047204494476318359375" lon="117.24598118104040622711181640625">
        <ele>28.6000003814697265625</ele>
        <time>2026-08-26T21:41:43.000Z</time>
        <extensions>
          <ns3:TrackPointExtension>
            <ns3:hr>132</ns3:hr>
            <ns3:cad>90</ns3:cad>
          </ns3:TrackPointExtension>
        </extensions>
      </trkpt>
      <trkpt lat="29.289383478462696075439453125" lon="117.24601261317729949951171875">
        <ele>28.6000003814697265625</ele>
        <time>2026-08-26T21:41:44.000Z</time>
        <extensions>
          <ns3:TrackPointExtension>
            <ns3:hr>132</ns3:hr>
            <ns3:cad>91</ns3:cad>
          </ns3:TrackPointExtension>
        </extensions>
      </trkpt>
      <trkpt lat="29.28938942961394786834716796875" lon="117.2460422851145267486572265625">
        <ele>28.6000003814697265625</ele>
        <time>2026-08-26T21:41:45.000Z</time>
        <extensions>
          <ns3:TrackPointExtension>
            <ns3:hr>132</ns3:hr>
            <ns3:cad>91</ns3:cad>
          </ns3:TrackPointExtension>
        </extensions>
      </trkpt>
      <trkpt lat="29.28938926197588443756103515625" lon="117.24607321433722972869873046875">
        <ele>28.6000003814697265625</ele>
        <time>2026-08-26T21:41:46.000Z</time>
        <extensions>
          <ns3:TrackPointExtension>
            <ns3:hr>133</ns3:hr>
            <ns3:cad>91</ns3:cad>
          </ns3:TrackPointExtension>
        </extensions>
      </trkpt>
      <trkpt lat="29.28939295001327991485595703125" lon="117.24610322155058383941650390625">
        <ele>28.3999996185302734375</ele>
        <time>2026-08-26T21:41:47.000Z</time>
        <extensions>
          <ns3:TrackPointExtension>
            <ns3:hr>133</ns3:hr>
            <ns3:cad>91</ns3:cad>
          </ns3:TrackPointExtension>
        </extensions>
      </trkpt>
      <trkpt lat="29.28939395584166049957275390625" lon="117.246132306754589080810546875">
        <ele>28.3999996185302734375</ele>
        <time>2026-08-26T21:41:48.000Z</time>
        <extensions>
          <ns3:TrackPointExtension>
            <ns3:hr>133</ns3:hr>
            <ns3:cad>91</ns3:cad>
          </ns3:TrackPointExtension>
        </extensions>
      </trkpt>
      <trkpt lat="29.28939864970743656158447265625" lon="117.2461649961769580841064453125">
        <ele>28.3999996185302734375</ele>
        <time>2026-08-26T21:41:49.000Z</time>
        <extensions>
          <ns3:TrackPointExtension>
            <ns3:hr>133</ns3:hr>
            <ns3:cad>90</ns3:cad>
          </ns3:TrackPointExtension>
        </extensions>
      </trkpt>
      <trkpt lat="29.28940099664032459259033203125" lon="117.246192656457424163818359375">
        <ele>28.3999996185302734375</ele>
        <time>2026-08-26T21:41:50.000Z</time>
        <extensions>
          <ns3:TrackPointExtension>
            <ns3:hr>133</ns3:hr>
            <ns3:cad>90</ns3:cad>
          </ns3:TrackPointExtension>
        </extensions>
      </trkpt>
      <trkpt lat="29.2894071154296398162841796875" lon="117.2462265193462371826171875">
        <ele>28.3999996185302734375</ele>
        <time>2026-08-26T21:41:51.000Z</time>
        <extensions>
          <ns3:TrackPointExtension>
            <ns3:hr>134</ns3:hr>
            <ns3:cad>90</ns3:cad>
          </ns3:TrackPointExtension>
        </extensions>
      </trkpt>
      <trkpt lat="29.28940904326736927032470703125" lon="117.24625342525541782379150390625">
        <ele>28.3999996185302734375</ele>
        <time>2026-08-26T21:41:52.000Z</time>
        <extensions>
          <ns3:TrackPointExtension>
            <ns3:hr>134</ns3:hr>
            <ns3:cad>91</ns3:cad>
          </ns3:TrackPointExtension>
        </extensions>
      </trkpt>
      <trkpt lat="29.28941465914249420166015625" lon="117.2462873719632625579833984375">
        <ele>28.6000003814697265625</ele>
        <time>2026-08-26T21:41:53.000Z</time>
        <extensions>
          <ns3:TrackPointExtension>
            <ns3:hr>135</ns3:hr>
            <ns3:cad>91</ns3:cad>
          </ns3:TrackPointExtension>
        </extensions>
      </trkpt>
      <trkpt lat="29.2894206941127777099609375" lon="117.24631302058696746826171875">
        <ele>28.6000003814697265625</ele>
        <time>2026-08-26T21:41:54.000Z</time>
        <extensions>
          <ns3:TrackPointExtension>
            <ns3:hr>135</ns3:hr>
            <ns3:cad>92</ns3:cad>
          </ns3:TrackPointExtension>
        </extensions>
      </trkpt>
      <trkpt lat="29.28942966274917125701904296875" lon="117.24634881131350994110107421875">
        <ele>28.6000003814697265625</ele>
        <time>2026-08-26T21:41:55.000Z</time>
        <extensions>
          <ns3:TrackPointExtension>
            <ns3:hr>135</ns3:hr>
            <ns3:cad>92</ns3:cad>
          </ns3:TrackPointExtension>
        </extensions>
      </trkpt>
      <trkpt lat="29.289434440433979034423828125" lon="117.24637161009013652801513671875">
        <ele>28.6000003814697265625</ele>
        <time>2026-08-26T21:41:56.000Z</time>
        <extensions>
          <ns3:TrackPointExtension>
            <ns3:hr>135</ns3:hr>
            <ns3:cad>91</ns3:cad>
          </ns3:TrackPointExtension>
        </extensions>
      </trkpt>
      <trkpt lat="29.289440475404262542724609375" lon="117.2464050538837909698486328125">
        <ele>28.3999996185302734375</ele>
        <time>2026-08-26T21:41:57.000Z</time>
        <extensions>
          <ns3:TrackPointExtension>
            <ns3:hr>136</ns3:hr>
            <ns3:cad>90</ns3:cad>
          </ns3:TrackPointExtension>
        </extensions>
      </trkpt>
      <trkpt lat="29.2894476838409900665283203125" lon="117.246427349746227264404296875">
        <ele>28.3999996185302734375</ele>
        <time>2026-08-26T21:41:58.000Z</time>
        <extensions>
          <ns3:TrackPointExtension>
            <ns3:hr>136</ns3:hr>
            <ns3:cad>90</ns3:cad>
          </ns3:TrackPointExtension>
        </extensions>
      </trkpt>
      <trkpt lat="29.2894537188112735748291015625" lon="117.246463559567928314208984375">
        <ele>28.3999996185302734375</ele>
        <time>2026-08-26T21:41:59.000Z</time>
        <extensions>
          <ns3:TrackPointExtension>
            <ns3:hr>136</ns3:hr>
            <ns3:cad>90</ns3:cad>
          </ns3:TrackPointExtension>
        </extensions>
      </trkpt>
      <trkpt lat="29.28945749066770076751708984375" lon="117.24648711271584033966064453125">
        <ele>28.3999996185302734375</ele>
        <time>2026-08-26T21:42:00.000Z</time>
        <extensions>
          <ns3:TrackPointExtension>
            <ns3:hr>136</ns3:hr>
            <ns3:cad>90</ns3:cad>
          </ns3:TrackPointExtension>
        </extensions>
      </trkpt>
      <trkpt lat="29.28946025669574737548828125" lon="117.2465210594236850738525390625">
        <ele>28.6000003814697265625</ele>
        <time>2026-08-26T21:42:01.000Z</time>
        <extensions>
          <ns3:TrackPointExtension>
            <ns3:hr>137</ns3:hr>
            <ns3:cad>90</ns3:cad>
          </ns3:TrackPointExtension>
        </extensions>
      </trkpt>
      <trkpt lat="29.2894651181995868682861328125" lon="117.24654771387577056884765625">
        <ele>28.6000003814697265625</ele>
        <time>2026-08-26T21:42:02.000Z</time>
        <extensions>
          <ns3:TrackPointExtension>
            <ns3:hr>136</ns3:hr>
            <ns3:cad>90</ns3:cad>
          </ns3:TrackPointExtension>
        </extensions>
      </trkpt>
      <trkpt lat="29.28947023116052150726318359375" lon="117.24658124148845672607421875">
        <ele>28.6000003814697265625</ele>
        <time>2026-08-26T21:42:03.000Z</time>
        <extensions>
          <ns3:TrackPointExtension>
            <ns3:hr>136</ns3:hr>
            <ns3:cad>90</ns3:cad>
          </ns3:TrackPointExtension>
        </extensions>
      </trkpt>
      <trkpt lat="29.28947500884532928466796875" lon="117.24660580046474933624267578125">
        <ele>28.6000003814697265625</ele>
        <time>2026-08-26T21:42:04.000Z</time>
        <extensions>
          <ns3:TrackPointExtension>
            <ns3:hr>136</ns3:hr>
            <ns3:cad>90</ns3:cad>
          </ns3:TrackPointExtension>
        </extensions>
      </trkpt>
      <trkpt lat="29.28948104381561279296875" lon="117.24663890898227691650390625">
        <ele>28.799999237060546875</ele>
        <time>2026-08-26T21:42:05.000Z</time>
        <extensions>
          <ns3:TrackPointExtension>
            <ns3:hr>135</ns3:hr>
            <ns3:cad>90</ns3:cad>
          </ns3:TrackPointExtension>
        </extensions>
      </trkpt>
      <trkpt lat="29.289490766823291778564453125" lon="117.24666212685406208038330078125">
        <ele>28.799999237060546875</ele>
        <time>2026-08-26T21:42:06.000Z</time>
        <extensions>
          <ns3:TrackPointExtension>
            <ns3:hr>135</ns3:hr>
            <ns3:cad>89</ns3:cad>
          </ns3:TrackPointExtension>
        </extensions>
      </trkpt>
      <trkpt lat="29.28949956782162189483642578125" lon="117.24669364280998706817626953125">
        <ele>28.6000003814697265625</ele>
        <time>2026-08-26T21:42:07.000Z</time>
        <extensions>
          <ns3:TrackPointExtension>
            <ns3:hr>135</ns3:hr>
            <ns3:cad>89</ns3:cad>
          </ns3:TrackPointExtension>
        </extensions>
      </trkpt>
      <trkpt lat="29.28951255977153778076171875" lon="117.24671409465372562408447265625">
        <ele>28.6000003814697265625</ele>
        <time>2026-08-26T21:42:08.000Z</time>
        <extensions>
          <ns3:TrackPointExtension>
            <ns3:hr>135</ns3:hr>
            <ns3:cad>89</ns3:cad>
          </ns3:TrackPointExtension>
        </extensions>
      </trkpt>
      <trkpt lat="29.28951951675117015838623046875" lon="117.2467446886003017425537109375">
        <ele>28.6000003814697265625</ele>
        <time>2026-08-26T21:42:09.000Z</time>
        <extensions>
          <ns3:TrackPointExtension>
            <ns3:hr>135</ns3:hr>
            <ns3:cad>89</ns3:cad>
          </ns3:TrackPointExtension>
        </extensions>
      </trkpt>
      <trkpt lat="29.28953058086335659027099609375" lon="117.24676455371081829071044921875">
        <ele>28.6000003814697265625</ele>
        <time>2026-08-26T21:42:10.000Z</time>
        <extensions>
          <ns3:TrackPointExtension>
            <ns3:hr>135</ns3:hr>
            <ns3:cad>89</ns3:cad>
          </ns3:TrackPointExtension>
        </extensions>
      </trkpt>
      <trkpt lat="29.28953913040459156036376953125" lon="117.24679690785706043243408203125">
        <ele>28.6000003814697265625</ele>
        <time>2026-08-26T21:42:11.000Z</time>
        <extensions>
          <ns3:TrackPointExtension>
            <ns3:hr>134</ns3:hr>
            <ns3:cad>89</ns3:cad>
          </ns3:TrackPointExtension>
        </extensions>
      </trkpt>
      <trkpt lat="29.289551787078380584716796875" lon="117.2468154318630695343017578125">
        <ele>28.799999237060546875</ele>
        <time>2026-08-26T21:42:12.000Z</time>
        <extensions>
          <ns3:TrackPointExtension>
            <ns3:hr>134</ns3:hr>
            <ns3:cad>91</ns3:cad>
          </ns3:TrackPointExtension>
        </extensions>
      </trkpt>
      <trkpt lat="29.28955874405801296234130859375" lon="117.24684988148510456085205078125">
        <ele>28.799999237060546875</ele>
        <time>2026-08-26T21:42:13.000Z</time>
        <extensions>
          <ns3:TrackPointExtension>
            <ns3:hr>134</ns3:hr>
            <ns3:cad>90</ns3:cad>
          </ns3:TrackPointExtension>
        </extensions>
      </trkpt>
      <trkpt lat="29.28957198746502399444580078125" lon="117.24687117151916027069091796875">
        <ele>28.799999237060546875</ele>
        <time>2026-08-26T21:42:14.000Z</time>
        <extensions>
          <ns3:TrackPointExtension>
            <ns3:hr>134</ns3:hr>
            <ns3:cad>90</ns3:cad>
          </ns3:TrackPointExtension>
        </extensions>
      </trkpt>
      <trkpt lat="29.2895844765007495880126953125" lon="117.24690310657024383544921875">
        <ele>28.799999237060546875</ele>
        <time>2026-08-26T21:42:15.000Z</time>
        <extensions>
          <ns3:TrackPointExtension>
            <ns3:hr>133</ns3:hr>
            <ns3:cad>90</ns3:cad>
          </ns3:TrackPointExtension>
        </extensions>
      </trkpt>
      <trkpt lat="29.28959704935550689697265625" lon="117.2469210438430309295654296875">
        <ele>29</ele>
        <time>2026-08-26T21:42:16.000Z</time>
        <extensions>
          <ns3:TrackPointExtension>
            <ns3:hr>134</ns3:hr>
            <ns3:cad>90</ns3:cad>
          </ns3:TrackPointExtension>
        </extensions>
      </trkpt>
      <trkpt lat="29.28960752673447132110595703125" lon="117.24695331417024135589599609375">
        <ele>29</ele>
        <time>2026-08-26T21:42:17.000Z</time>
        <extensions>
          <ns3:TrackPointExtension>
            <ns3:hr>134</ns3:hr>
            <ns3:cad>90</ns3:cad>
          </ns3:TrackPointExtension>
        </extensions>
      </trkpt>
      <trkpt lat="29.28962177596986293792724609375" lon="117.246971838176250457763671875">
        <ele>29</ele>
        <time>2026-08-26T21:42:18.000Z</time>
        <extensions>
          <ns3:TrackPointExtension>
            <ns3:hr>133</ns3:hr>
            <ns3:cad>90</ns3:cad>
          </ns3:TrackPointExtension>
        </extensions>
      </trkpt>
      <trkpt lat="29.28963317535817623138427734375" lon="117.24700058810412883758544921875">
        <ele>29</ele>
        <time>2026-08-26T21:42:19.000Z</time>
        <extensions>
          <ns3:TrackPointExtension>
            <ns3:hr>134</ns3:hr>
            <ns3:cad>90</ns3:cad>
          </ns3:TrackPointExtension>
        </extensions>
      </trkpt>
      <trkpt lat="29.289649017155170440673828125" lon="117.247016765177249908447265625">
        <ele>29</ele>
        <time>2026-08-26T21:42:20.000Z</time>
        <extensions>
          <ns3:TrackPointExtension>
            <ns3:hr>134</ns3:hr>
            <ns3:cad>89</ns3:cad>
          </ns3:TrackPointExtension>
        </extensions>
      </trkpt>
      <trkpt lat="29.2896602489054203033447265625" lon="117.24705062806606292724609375">
        <ele>29</ele>
        <time>2026-08-26T21:42:21.000Z</time>
        <extensions>
          <ns3:TrackPointExtension>
            <ns3:hr>134</ns3:hr>
            <ns3:cad>89</ns3:cad>
          </ns3:TrackPointExtension>
        </extensions>
      </trkpt>
      <trkpt lat="29.2896689660847187042236328125" lon="117.24707284010946750640869140625">
        <ele>29.200000762939453125</ele>
        <time>2026-08-26T21:42:22.000Z</time>
        <extensions>
          <ns3:TrackPointExtension>
            <ns3:hr>135</ns3:hr>
            <ns3:cad>89</ns3:cad>
          </ns3:TrackPointExtension>
        </extensions>
      </trkpt>
      <trkpt lat="29.2896803654730319976806640625" lon="117.24710351787507534027099609375">
        <ele>29.200000762939453125</ele>
        <time>2026-08-26T21:42:23.000Z</time>
        <extensions>
          <ns3:TrackPointExtension>
            <ns3:hr>135</ns3:hr>
            <ns3:cad>89</ns3:cad>
          </ns3:TrackPointExtension>
        </extensions>
      </trkpt>
      <trkpt lat="29.2896897532045841217041015625" lon="117.2471309266984462738037109375">
        <ele>29.200000762939453125</ele>
        <time>2026-08-26T21:42:24.000Z</time>
        <extensions>
          <ns3:TrackPointExtension>
            <ns3:hr>135</ns3:hr>
            <ns3:cad>89</ns3:cad>
          </ns3:TrackPointExtension>
        </extensions>
      </trkpt>
      <trkpt lat="29.28970634937286376953125" lon="117.2471599280834197998046875">
        <ele>29.3999996185302734375</ele>
        <time>2026-08-26T21:42:25.000Z</time>
        <extensions>
          <ns3:TrackPointExtension>
            <ns3:hr>135</ns3:hr>
            <ns3:cad>89</ns3:cad>
          </ns3:TrackPointExtension>
        </extensions>
      </trkpt>
      <trkpt lat="29.28971816785633563995361328125" lon="117.24718264304101467132568359375">
        <ele>29.3999996185302734375</ele>
        <time>2026-08-26T21:42:26.000Z</time>
        <extensions>
          <ns3:TrackPointExtension>
            <ns3:hr>135</ns3:hr>
            <ns3:cad>88</ns3:cad>
          </ns3:TrackPointExtension>
        </extensions>
      </trkpt>
      <trkpt lat="29.289732836186885833740234375" lon="117.2472108900547027587890625">
        <ele>29.3999996185302734375</ele>
        <time>2026-08-26T21:42:27.000Z</time>
        <extensions>
          <ns3:TrackPointExtension>
            <ns3:hr>135</ns3:hr>
            <ns3:cad>88</ns3:cad>
          </ns3:TrackPointExtension>
        </extensions>
      </trkpt>
      <trkpt lat="29.2897407151758670806884765625" lon="117.24723410792648792266845703125">
        <ele>29.3999996185302734375</ele>
        <time>2026-08-26T21:42:28.000Z</time>
        <extensions>
          <ns3:TrackPointExtension>
            <ns3:hr>135</ns3:hr>
            <ns3:cad>88</ns3:cad>
          </ns3:TrackPointExtension>
        </extensions>
      </trkpt>
      <trkpt lat="29.28974985145032405853271484375" lon="117.2472643665969371795654296875">
        <ele>29.6000003814697265625</ele>
        <time>2026-08-26T21:42:29.000Z</time>
        <extensions>
          <ns3:TrackPointExtension>
            <ns3:hr>135</ns3:hr>
            <ns3:cad>89</ns3:cad>
          </ns3:TrackPointExtension>
        </extensions>
      </trkpt>
      <trkpt lat="29.28975521586835384368896484375" lon="117.24728842265903949737548828125">
        <ele>29.799999237060546875</ele>
        <time>2026-08-26T21:42:30.000Z</time>
        <extensions>
          <ns3:TrackPointExtension>
            <ns3:hr>135</ns3:hr>
            <ns3:cad>89</ns3:cad>
          </ns3:TrackPointExtension>
        </extensions>
      </trkpt>
      <trkpt lat="29.289766363799571990966796875" lon="117.247312478721141815185546875">
        <ele>29.799999237060546875</ele>
        <time>2026-08-26T21:42:31.000Z</time>
        <extensions>
          <ns3:TrackPointExtension>
            <ns3:hr>135</ns3:hr>
            <ns3:cad>89</ns3:cad>
          </ns3:TrackPointExtension>
        </extensions>
      </trkpt>
      <trkpt lat="29.28977499715983867645263671875" lon="117.2473347745835781097412109375">
        <ele>30</ele>
        <time>2026-08-26T21:42:32.000Z</time>
        <extensions>
          <ns3:TrackPointExtension>
            <ns3:hr>135</ns3:hr>
            <ns3:cad>90</ns3:cad>
          </ns3:TrackPointExtension>
        </extensions>
      </trkpt>
      <trkpt lat="29.28979075513780117034912109375" lon="117.2473572380840778350830078125">
        <ele>30</ele>
        <time>2026-08-26T21:42:33.000Z</time>
        <extensions>
          <ns3:TrackPointExtension>
            <ns3:hr>135</ns3:hr>
            <ns3:cad>89</ns3:cad>
          </ns3:TrackPointExtension>
        </extensions>
      </trkpt>
      <trkpt lat="29.289799891412258148193359375" lon="117.24738079123198986053466796875">
        <ele>30</ele>
        <time>2026-08-26T21:42:34.000Z</time>
        <extensions>
          <ns3:TrackPointExtension>
            <ns3:hr>135</ns3:hr>
            <ns3:cad>89</ns3:cad>
          </ns3:TrackPointExtension>
        </extensions>
      </trkpt>
      <trkpt lat="29.28981506265699863433837890625" lon="117.247407026588916778564453125">
        <ele>30.200000762939453125</ele>
        <time>2026-08-26T21:42:35.000Z</time>
        <extensions>
          <ns3:TrackPointExtension>
            <ns3:hr>135</ns3:hr>
            <ns3:cad>89</ns3:cad>
          </ns3:TrackPointExtension>
        </extensions>
      </trkpt>
      <trkpt lat="29.289826042950153350830078125" lon="117.24743141792714595794677734375">
        <ele>30.200000762939453125</ele>
        <time>2026-08-26T21:42:36.000Z</time>
        <extensions>
          <ns3:TrackPointExtension>
            <ns3:hr>135</ns3:hr>
            <ns3:cad>89</ns3:cad>
          </ns3:TrackPointExtension>
        </extensions>
      </trkpt>
      <trkpt lat="29.2898433096706867218017578125" lon="117.24745807237923145294189453125">
        <ele>30.3999996185302734375</ele>
        <time>2026-08-26T21:42:37.000Z</time>
        <extensions>
          <ns3:TrackPointExtension>
            <ns3:hr>135</ns3:hr>
            <ns3:cad>90</ns3:cad>
          </ns3:TrackPointExtension>
        </extensions>
      </trkpt>
      <trkpt lat="29.2898567207157611846923828125" lon="117.24747902713716030120849609375">
        <ele>30.3999996185302734375</ele>
        <time>2026-08-26T21:42:38.000Z</time>
        <extensions>
          <ns3:TrackPointExtension>
            <ns3:hr>135</ns3:hr>
            <ns3:cad>90</ns3:cad>
          </ns3:TrackPointExtension>
        </extensions>
      </trkpt>
      <trkpt lat="29.28987256251275539398193359375" lon="117.24750434048473834991455078125">
        <ele>30.6000003814697265625</ele>
        <time>2026-08-26T21:42:39.000Z</time>
        <extensions>
          <ns3:TrackPointExtension>
            <ns3:hr>135</ns3:hr>
            <ns3:cad>90</ns3:cad>
          </ns3:TrackPointExtension>
        </extensions>
      </trkpt>
      <trkpt lat="29.2898838780820369720458984375" lon="117.24752579815685749053955078125">
        <ele>30.6000003814697265625</ele>
        <time>2026-08-26T21:42:40.000Z</time>
        <extensions>
          <ns3:TrackPointExtension>
            <ns3:hr>135</ns3:hr>
            <ns3:cad>90</ns3:cad>
          </ns3:TrackPointExtension>
        </extensions>
      </trkpt>
      <trkpt lat="29.289900474250316619873046875" lon="117.24755295552313327789306640625">
        <ele>30.6000003814697265625</ele>
        <time>2026-08-26T21:42:41.000Z</time>
        <extensions>
          <ns3:TrackPointExtension>
            <ns3:hr>136</ns3:hr>
            <ns3:cad>90</ns3:cad>
          </ns3:TrackPointExtension>
        </extensions>
      </trkpt>
      <trkpt lat="29.289913214743137359619140625" lon="117.247574329376220703125">
        <ele>30.799999237060546875</ele>
        <time>2026-08-26T21:42:42.000Z</time>
        <extensions>
          <ns3:TrackPointExtension>
            <ns3:hr>135</ns3:hr>
            <ns3:cad>90</ns3:cad>
          </ns3:TrackPointExtension>
        </extensions>
      </trkpt>
      <trkpt lat="29.28992788307368755340576171875" lon="117.24759972654283046722412109375">
        <ele>30.799999237060546875</ele>
        <time>2026-08-26T21:42:43.000Z</time>
        <extensions>
          <ns3:TrackPointExtension>
            <ns3:hr>135</ns3:hr>
            <ns3:cad>90</ns3:cad>
          </ns3:TrackPointExtension>
        </extensions>
      </trkpt>
      <trkpt lat="29.28994280286133289337158203125" lon="117.247618921101093292236328125">
        <ele>30.799999237060546875</ele>
        <time>2026-08-26T21:42:44.000Z</time>
        <extensions>
          <ns3:TrackPointExtension>
            <ns3:hr>135</ns3:hr>
            <ns3:cad>90</ns3:cad>
          </ns3:TrackPointExtension>
        </extensions>
      </trkpt>
      <trkpt lat="29.28996074013411998748779296875" lon="117.24764599464833736419677734375">
        <ele>30.799999237060546875</ele>
        <time>2026-08-26T21:42:45.000Z</time>
        <extensions>
          <ns3:TrackPointExtension>
            <ns3:hr>136</ns3:hr>
            <ns3:cad>90</ns3:cad>
          </ns3:TrackPointExtension>
        </extensions>
      </trkpt>
      <trkpt lat="29.2899754084646701812744140625" lon="117.24766493774950504302978515625">
        <ele>30.799999237060546875</ele>
        <time>2026-08-26T21:42:46.000Z</time>
        <extensions>
          <ns3:TrackPointExtension>
            <ns3:hr>136</ns3:hr>
            <ns3:cad>90</ns3:cad>
          </ns3:TrackPointExtension>
        </extensions>
      </trkpt>
      <trkpt lat="29.28999041207134723663330078125" lon="117.2476951964199542999267578125">
        <ele>31</ele>
        <time>2026-08-26T21:42:47.000Z</time>
        <extensions>
          <ns3:TrackPointExtension>
            <ns3:hr>137</ns3:hr>
            <ns3:cad>90</ns3:cad>
          </ns3:TrackPointExtension>
        </extensions>
      </trkpt>
      <trkpt lat="29.29000700823962688446044921875" lon="117.24771254695951938629150390625">
        <ele>31</ele>
        <time>2026-08-26T21:42:48.000Z</time>
        <extensions>
          <ns3:TrackPointExtension>
            <ns3:hr>137</ns3:hr>
            <ns3:cad>90</ns3:cad>
          </ns3:TrackPointExtension>
        </extensions>
      </trkpt>
      <trkpt lat="29.29002343676984310150146484375" lon="117.247740961611270904541015625">
        <ele>31</ele>
        <time>2026-08-26T21:42:49.000Z</time>
        <extensions>
          <ns3:TrackPointExtension>
            <ns3:hr>138</ns3:hr>
            <ns3:cad>90</ns3:cad>
          </ns3:TrackPointExtension>
        </extensions>
      </trkpt>
      <trkpt lat="29.2900370992720127105712890625" lon="117.24776250310242176055908203125">
        <ele>31</ele>
        <time>2026-08-26T21:42:50.000Z</time>
        <extensions>
          <ns3:TrackPointExtension>
            <ns3:hr>138</ns3:hr>
            <ns3:cad>90</ns3:cad>
          </ns3:TrackPointExtension>
        </extensions>
      </trkpt>
      <trkpt lat="29.29005327634513378143310546875" lon="117.24778647534549236297607421875">
        <ele>31</ele>
        <time>2026-08-26T21:42:51.000Z</time>
        <extensions>
          <ns3:TrackPointExtension>
            <ns3:hr>138</ns3:hr>
            <ns3:cad>90</ns3:cad>
          </ns3:TrackPointExtension>
        </extensions>
      </trkpt>
      <trkpt lat="29.2900669388473033905029296875" lon="117.2478055022656917572021484375">
        <ele>31</ele>
        <time>2026-08-26T21:42:52.000Z</time>
        <extensions>
          <ns3:TrackPointExtension>
            <ns3:hr>138</ns3:hr>
            <ns3:cad>90</ns3:cad>
          </ns3:TrackPointExtension>
        </extensions>
      </trkpt>
      <trkpt lat="29.29008328355848789215087890625" lon="117.24782771430909633636474609375">
        <ele>31.200000762939453125</ele>
        <time>2026-08-26T21:42:53.000Z</time>
        <extensions>
          <ns3:TrackPointExtension>
            <ns3:hr>138</ns3:hr>
            <ns3:cad>90</ns3:cad>
          </ns3:TrackPointExtension>
        </extensions>
      </trkpt>
      <trkpt lat="29.2900984548032283782958984375" lon="117.24784917198121547698974609375">
        <ele>31.200000762939453125</ele>
        <time>2026-08-26T21:42:54.000Z</time>
        <extensions>
          <ns3:TrackPointExtension>
            <ns3:hr>139</ns3:hr>
            <ns3:cad>90</ns3:cad>
          </ns3:TrackPointExtension>
        </extensions>
      </trkpt>
      <trkpt lat="29.29011471569538116455078125" lon="117.24787448532879352569580078125">
        <ele>31.200000762939453125</ele>
        <time>2026-08-26T21:42:55.000Z</time>
        <extensions>
          <ns3:TrackPointExtension>
            <ns3:hr>139</ns3:hr>
            <ns3:cad>89</ns3:cad>
          </ns3:TrackPointExtension>
        </extensions>
      </trkpt>
      <trkpt lat="29.29012812674045562744140625" lon="117.247895188629627227783203125">
        <ele>31.200000762939453125</ele>
        <time>2026-08-26T21:42:56.000Z</time>
        <extensions>
          <ns3:TrackPointExtension>
            <ns3:hr>139</ns3:hr>
            <ns3:cad>89</ns3:cad>
          </ns3:TrackPointExtension>
        </extensions>
      </trkpt>
      <trkpt lat="29.2901447229087352752685546875" lon="117.2479218430817127227783203125">
        <ele>31.3999996185302734375</ele>
        <time>2026-08-26T21:42:57.000Z</time>
        <extensions>
          <ns3:TrackPointExtension>
            <ns3:hr>139</ns3:hr>
            <ns3:cad>90</ns3:cad>
          </ns3:TrackPointExtension>
        </extensions>
      </trkpt>
      <trkpt lat="29.290156625211238861083984375" lon="117.24794221110641956329345703125">
        <ele>31.3999996185302734375</ele>
        <time>2026-08-26T21:42:58.000Z</time>
        <extensions>
          <ns3:TrackPointExtension>
            <ns3:hr>139</ns3:hr>
            <ns3:cad>90</ns3:cad>
          </ns3:TrackPointExtension>
        </extensions>
      </trkpt>
      <trkpt lat="29.2901725508272647857666015625" lon="117.24796886555850505828857421875">
        <ele>31.3999996185302734375</ele>
        <time>2026-08-26T21:42:59.000Z</time>
        <extensions>
          <ns3:TrackPointExtension>
            <ns3:hr>138</ns3:hr>
            <ns3:cad>90</ns3:cad>
          </ns3:TrackPointExtension>
        </extensions>
      </trkpt>
      <trkpt lat="29.29018202237784862518310546875" lon="117.2479868866503238677978515625">
        <ele>31.3999996185302734375</ele>
        <time>2026-08-26T21:43:00.000Z</time>
        <extensions>
          <ns3:TrackPointExtension>
            <ns3:hr>138</ns3:hr>
            <ns3:cad>90</ns3:cad>
          </ns3:TrackPointExtension>
        </extensions>
      </trkpt>
      <trkpt lat="29.29019694216549396514892578125" lon="117.2480120323598384857177734375">
        <ele>31.3999996185302734375</ele>
        <time>2026-08-26T21:43:01.000Z</time>
        <extensions>
          <ns3:TrackPointExtension>
            <ns3:hr>138</ns3:hr>
            <ns3:cad>90</ns3:cad>
          </ns3:TrackPointExtension>
        </extensions>
      </trkpt>
      <trkpt lat="29.2902094312012195587158203125" lon="117.24803038872778415679931640625">
        <ele>31.3999996185302734375</ele>
        <time>2026-08-26T21:43:02.000Z</time>
        <extensions>
          <ns3:TrackPointExtension>
            <ns3:hr>138</ns3:hr>
            <ns3:cad>90</ns3:cad>
          </ns3:TrackPointExtension>
        </extensions>
      </trkpt>
      <trkpt lat="29.29022292606532573699951171875" lon="117.24805804900825023651123046875">
        <ele>31.3999996185302734375</ele>
        <time>2026-08-26T21:43:03.000Z</time>
        <extensions>
          <ns3:TrackPointExtension>
            <ns3:hr>139</ns3:hr>
            <ns3:cad>90</ns3:cad>
          </ns3:TrackPointExtension>
        </extensions>
      </trkpt>
      <trkpt lat="29.2902396060526371002197265625" lon="117.2480757348239421844482421875">
        <ele>31.3999996185302734375</ele>
        <time>2026-08-26T21:43:04.000Z</time>
        <extensions>
          <ns3:TrackPointExtension>
            <ns3:hr>138</ns3:hr>
            <ns3:cad>91</ns3:cad>
          </ns3:TrackPointExtension>
        </extensions>
      </trkpt>
      <trkpt lat="29.29025544784963130950927734375" lon="117.2481065802276134490966796875">
        <ele>31.3999996185302734375</ele>
        <time>2026-08-26T21:43:05.000Z</time>
        <extensions>
          <ns3:TrackPointExtension>
            <ns3:hr>138</ns3:hr>
            <ns3:cad>90</ns3:cad>
          </ns3:TrackPointExtension>
        </extensions>
      </trkpt>
      <trkpt lat="29.29027304984629154205322265625" lon="117.2481250204145908355712890625">
        <ele>31.3999996185302734375</ele>
        <time>2026-08-26T21:43:06.000Z</time>
        <extensions>
          <ns3:TrackPointExtension>
            <ns3:hr>138</ns3:hr>
            <ns3:cad>90</ns3:cad>
          </ns3:TrackPointExtension>
        </extensions>
      </trkpt>
      <trkpt lat="29.29029040038585662841796875" lon="117.2481548599898815155029296875">
        <ele>31.3999996185302734375</ele>
        <time>2026-08-26T21:43:07.000Z</time>
        <extensions>
          <ns3:TrackPointExtension>
            <ns3:hr>138</ns3:hr>
            <ns3:cad>90</ns3:cad>
          </ns3:TrackPointExtension>
        </extensions>
      </trkpt>
      <trkpt lat="29.29030590690672397613525390625" lon="117.24817019887268543243408203125">
        <ele>31.6000003814697265625</ele>
        <time>2026-08-26T21:43:08.000Z</time>
        <extensions>
          <ns3:TrackPointExtension>
            <ns3:hr>138</ns3:hr>
            <ns3:cad>90</ns3:cad>
          </ns3:TrackPointExtension>
        </extensions>
      </trkpt>
      <trkpt lat="29.29032032378017902374267578125" lon="117.24819869734346866607666015625">
        <ele>31.6000003814697265625</ele>
        <time>2026-08-26T21:43:09.000Z</time>
        <extensions>
          <ns3:TrackPointExtension>
            <ns3:hr>138</ns3:hr>
            <ns3:cad>90</ns3:cad>
          </ns3:TrackPointExtension>
        </extensions>
      </trkpt>
      <trkpt lat="29.29033373482525348663330078125" lon="117.248217053711414337158203125">
        <ele>31.6000003814697265625</ele>
        <time>2026-08-26T21:43:10.000Z</time>
        <extensions>
          <ns3:TrackPointExtension>
            <ns3:hr>138</ns3:hr>
            <ns3:cad>90</ns3:cad>
          </ns3:TrackPointExtension>
        </extensions>
      </trkpt>
      <trkpt lat="29.2903492413461208343505859375" lon="117.24824798293411731719970703125">
        <ele>31.799999237060546875</ele>
        <time>2026-08-26T21:43:11.000Z</time>
        <extensions>
          <ns3:TrackPointExtension>
            <ns3:hr>138</ns3:hr>
            <ns3:cad>90</ns3:cad>
          </ns3:TrackPointExtension>
        </extensions>
      </trkpt>
      <trkpt lat="29.29036122746765613555908203125" lon="117.24826608784496784210205078125">
        <ele>31.799999237060546875</ele>
        <time>2026-08-26T21:43:12.000Z</time>
        <extensions>
          <ns3:TrackPointExtension>
            <ns3:hr>138</ns3:hr>
            <ns3:cad>91</ns3:cad>
          </ns3:TrackPointExtension>
        </extensions>
      </trkpt>
      <trkpt lat="29.2903777398169040679931640625" lon="117.24829559214413166046142578125">
        <ele>31.799999237060546875</ele>
        <time>2026-08-26T21:43:13.000Z</time>
        <extensions>
          <ns3:TrackPointExtension>
            <ns3:hr>138</ns3:hr>
            <ns3:cad>91</ns3:cad>
          </ns3:TrackPointExtension>
        </extensions>
      </trkpt>
      <trkpt lat="29.290391318500041961669921875" lon="117.24831470288336277008056640625">
        <ele>32</ele>
        <time>2026-08-26T21:43:14.000Z</time>
        <extensions>
          <ns3:TrackPointExtension>
            <ns3:hr>138</ns3:hr>
            <ns3:cad>91</ns3:cad>
          </ns3:TrackPointExtension>
        </extensions>
      </trkpt>
      <trkpt lat="29.29040347225964069366455078125" lon="117.2483449615538120269775390625">
        <ele>32</ele>
        <time>2026-08-26T21:43:15.000Z</time>
        <extensions>
          <ns3:TrackPointExtension>
            <ns3:hr>138</ns3:hr>
            <ns3:cad>92</ns3:cad>
          </ns3:TrackPointExtension>
        </extensions>
      </trkpt>
      <trkpt lat="29.2904198169708251953125" lon="117.248358540236949920654296875">
        <ele>32</ele>
        <time>2026-08-26T21:43:16.000Z</time>
        <extensions>
          <ns3:TrackPointExtension>
            <ns3:hr>138</ns3:hr>
            <ns3:cad>92</ns3:cad>
          </ns3:TrackPointExtension>
        </extensions>
      </trkpt>
      <trkpt lat="29.29043767042458057403564453125" lon="117.24838477559387683868408203125">
        <ele>32</ele>
        <time>2026-08-26T21:43:17.000Z</time>
        <extensions>
          <ns3:TrackPointExtension>
            <ns3:hr>138</ns3:hr>
            <ns3:cad>92</ns3:cad>
          </ns3:TrackPointExtension>
        </extensions>
      </trkpt>
      <trkpt lat="29.29045275785028934478759765625" lon="117.2483982704579830169677734375">
        <ele>32</ele>
        <time>2026-08-26T21:43:18.000Z</time>
        <extensions>
          <ns3:TrackPointExtension>
            <ns3:hr>138</ns3:hr>
            <ns3:cad>92</ns3:cad>
          </ns3:TrackPointExtension>
        </extensions>
      </trkpt>
      <trkpt lat="29.29046449251472949981689453125" lon="117.24842970259487628936767578125">
        <ele>32</ele>
        <time>2026-08-26T21:43:19.000Z</time>
        <extensions>
          <ns3:TrackPointExtension>
            <ns3:hr>138</ns3:hr>
            <ns3:cad>92</ns3:cad>
          </ns3:TrackPointExtension>
        </extensions>
      </trkpt>
      <trkpt lat="29.290479831397533416748046875" lon="117.24845116026699542999267578125">
        <ele>32</ele>
        <time>2026-08-26T21:43:20.000Z</time>
        <extensions>
          <ns3:TrackPointExtension>
            <ns3:hr>138</ns3:hr>
            <ns3:cad>92</ns3:cad>
          </ns3:TrackPointExtension>
        </extensions>
      </trkpt>
      <trkpt lat="29.29049181751906871795654296875" lon="117.24848116748034954071044921875">
        <ele>32</ele>
        <time>2026-08-26T21:43:21.000Z</time>
        <extensions>
          <ns3:TrackPointExtension>
            <ns3:hr>138</ns3:hr>
            <ns3:cad>91</ns3:cad>
          </ns3:TrackPointExtension>
        </extensions>
      </trkpt>
      <trkpt lat="29.29050908423960208892822265625" lon="117.24850161932408809661865234375">
        <ele>32.200000762939453125</ele>
        <time>2026-08-26T21:43:22.000Z</time>
        <extensions>
          <ns3:TrackPointExtension>
            <ns3:hr>138</ns3:hr>
            <ns3:cad>91</ns3:cad>
          </ns3:TrackPointExtension>
        </extensions>
      </trkpt>
      <trkpt lat="29.2905229143798351287841796875" lon="117.24852877669036388397216796875">
        <ele>32.200000762939453125</ele>
        <time>2026-08-26T21:43:23.000Z</time>
        <extensions>
          <ns3:TrackPointExtension>
            <ns3:hr>138</ns3:hr>
            <ns3:cad>91</ns3:cad>
          </ns3:TrackPointExtension>
        </extensions>
      </trkpt>
      <trkpt lat="29.290539510548114776611328125" lon="117.24854570813477039337158203125">
        <ele>32.200000762939453125</ele>
        <time>2026-08-26T21:43:24.000Z</time>
        <extensions>
          <ns3:TrackPointExtension>
            <ns3:hr>138</ns3:hr>
            <ns3:cad>92</ns3:cad>
          </ns3:TrackPointExtension>
        </extensions>
      </trkpt>
      <trkpt lat="29.29055283777415752410888671875" lon="117.24857035093009471893310546875">
        <ele>32.40000152587890625</ele>
        <time>2026-08-26T21:43:25.000Z</time>
        <extensions>
          <ns3:TrackPointExtension>
            <ns3:hr>138</ns3:hr>
            <ns3:cad>91</ns3:cad>
          </ns3:TrackPointExtension>
        </extensions>
      </trkpt>
      <trkpt lat="29.290571697056293487548828125" lon="117.24859063513576984405517578125">
        <ele>32.40000152587890625</ele>
        <time>2026-08-26T21:43:26.000Z</time>
        <extensions>
          <ns3:TrackPointExtension>
            <ns3:hr>138</ns3:hr>
            <ns3:cad>91</ns3:cad>
          </ns3:TrackPointExtension>
        </extensions>
      </trkpt>
      <trkpt lat="29.290583766996860504150390625" lon="117.24861293099820613861083984375">
        <ele>32.40000152587890625</ele>
        <time>2026-08-26T21:43:27.000Z</time>
        <extensions>
          <ns3:TrackPointExtension>
            <ns3:hr>138</ns3:hr>
            <ns3:cad>92</ns3:cad>
          </ns3:TrackPointExtension>
        </extensions>
      </trkpt>
      <trkpt lat="29.290602207183837890625" lon="117.24863640032708644866943359375">
        <ele>32.40000152587890625</ele>
        <time>2026-08-26T21:43:28.000Z</time>
        <extensions>
          <ns3:TrackPointExtension>
            <ns3:hr>138</ns3:hr>
            <ns3:cad>92</ns3:cad>
          </ns3:TrackPointExtension>
        </extensions>
      </trkpt>
      <trkpt lat="29.290614612400531768798828125" lon="117.2486566007137298583984375">
        <ele>32.40000152587890625</ele>
        <time>2026-08-26T21:43:29.000Z</time>
        <extensions>
          <ns3:TrackPointExtension>
            <ns3:hr>138</ns3:hr>
            <ns3:cad>92</ns3:cad>
          </ns3:TrackPointExtension>
        </extensions>
      </trkpt>
      <trkpt lat="29.290632717311382293701171875" lon="117.24868132732808589935302734375">
        <ele>32.40000152587890625</ele>
        <time>2026-08-26T21:43:30.000Z</time>
        <extensions>
          <ns3:TrackPointExtension>
            <ns3:hr>137</ns3:hr>
            <ns3:cad>92</ns3:cad>
          </ns3:TrackPointExtension>
        </extensions>
      </trkpt>
      <trkpt lat="29.290647469460964202880859375" lon="117.24870018661022186279296875">
        <ele>32.40000152587890625</ele>
        <time>2026-08-26T21:43:31.000Z</time>
        <extensions>
          <ns3:TrackPointExtension>
            <ns3:hr>136</ns3:hr>
            <ns3:cad>92</ns3:cad>
          </ns3:TrackPointExtension>
        </extensions>
      </trkpt>
      <trkpt lat="29.29066515527665615081787109375" lon="117.2487265057861804962158203125">
        <ele>32.59999847412109375</ele>
        <time>2026-08-26T21:43:32.000Z</time>
        <extensions>
          <ns3:TrackPointExtension>
            <ns3:hr>135</ns3:hr>
            <ns3:cad>92</ns3:cad>
          </ns3:TrackPointExtension>
        </extensions>
      </trkpt>
      <trkpt lat="29.2906791530549526214599609375" lon="117.24874310195446014404296875">
        <ele>32.40000152587890625</ele>
        <time>2026-08-26T21:43:33.000Z</time>
        <extensions>
          <ns3:TrackPointExtension>
            <ns3:hr>134</ns3:hr>
            <ns3:cad>92</ns3:cad>
          </ns3:TrackPointExtension>
        </extensions>
      </trkpt>
      <trkpt lat="29.29069365374743938446044921875" lon="117.24877151660621166229248046875">
        <ele>32.40000152587890625</ele>
        <time>2026-08-26T21:43:34.000Z</time>
        <extensions>
          <ns3:TrackPointExtension>
            <ns3:hr>134</ns3:hr>
            <ns3:cad>92</ns3:cad>
          </ns3:TrackPointExtension>
        </extensions>
      </trkpt>
      <trkpt lat="29.2907081544399261474609375" lon="117.24878794513642787933349609375">
        <ele>32.59999847412109375</ele>
        <time>2026-08-26T21:43:35.000Z</time>
        <extensions>
          <ns3:TrackPointExtension>
            <ns3:hr>133</ns3:hr>
            <ns3:cad>92</ns3:cad>
          </ns3:TrackPointExtension>
        </extensions>
      </trkpt>
      <trkpt lat="29.29072215221822261810302734375" lon="117.2488187067210674285888671875">
        <ele>32.59999847412109375</ele>
        <time>2026-08-26T21:43:36.000Z</time>
        <extensions>
          <ns3:TrackPointExtension>
            <ns3:hr>133</ns3:hr>
            <ns3:cad>92</ns3:cad>
          </ns3:TrackPointExtension>
        </extensions>
      </trkpt>
      <trkpt lat="29.29073791019618511199951171875" lon="117.248836643993854522705078125">
        <ele>32.59999847412109375</ele>
        <time>2026-08-26T21:43:37.000Z</time>
        <extensions>
          <ns3:TrackPointExtension>
            <ns3:hr>132</ns3:hr>
            <ns3:cad>92</ns3:cad>
          </ns3:TrackPointExtension>
        </extensions>
      </trkpt>
      <trkpt lat="29.2907539196312427520751953125" lon="117.24886757321655750274658203125">
        <ele>32.59999847412109375</ele>
        <time>2026-08-26T21:43:38.000Z</time>
        <extensions>
          <ns3:TrackPointExtension>
            <ns3:hr>132</ns3:hr>
            <ns3:cad>92</ns3:cad>
          </ns3:TrackPointExtension>
        </extensions>
      </trkpt>
      <trkpt lat="29.290769509971141815185546875" lon="117.2488860972225666046142578125">
        <ele>32.59999847412109375</ele>
        <time>2026-08-26T21:43:39.000Z</time>
        <extensions>
          <ns3:TrackPointExtension>
            <ns3:hr>132</ns3:hr>
            <ns3:cad>92</ns3:cad>
          </ns3:TrackPointExtension>
        </extensions>
      </trkpt>
      <trkpt lat="29.29078149609267711639404296875" lon="117.2489189542829990386962890625">
        <ele>32.59999847412109375</ele>
        <time>2026-08-26T21:43:40.000Z</time>
        <extensions>
          <ns3:TrackPointExtension>
            <ns3:hr>131</ns3:hr>
            <ns3:cad>92</ns3:cad>
          </ns3:TrackPointExtension>
        </extensions>
      </trkpt>
      <trkpt lat="29.2907954938709735870361328125" lon="117.24893898703157901763916015625">
        <ele>32.59999847412109375</ele>
        <time>2026-08-26T21:43:41.000Z</time>
        <extensions>
          <ns3:TrackPointExtension>
            <ns3:hr>131</ns3:hr>
            <ns3:cad>91</ns3:cad>
          </ns3:TrackPointExtension>
        </extensions>
      </trkpt>
      <trkpt lat="29.29080831818282604217529296875" lon="117.24896932952105998992919921875">
        <ele>32.59999847412109375</ele>
        <time>2026-08-26T21:43:42.000Z</time>
        <extensions>
          <ns3:TrackPointExtension>
            <ns3:hr>131</ns3:hr>
            <ns3:cad>91</ns3:cad>
          </ns3:TrackPointExtension>
        </extensions>
      </trkpt>
      <trkpt lat="29.29082214832305908203125" lon="117.24898642860352993011474609375">
        <ele>32.59999847412109375</ele>
        <time>2026-08-26T21:43:43.000Z</time>
        <extensions>
          <ns3:TrackPointExtension>
            <ns3:hr>131</ns3:hr>
            <ns3:cad>92</ns3:cad>
          </ns3:TrackPointExtension>
        </extensions>
      </trkpt>
      <trkpt lat="29.2908350564539432525634765625" lon="117.2490158490836620330810546875">
        <ele>32.59999847412109375</ele>
        <time>2026-08-26T21:43:44.000Z</time>
        <extensions>
          <ns3:TrackPointExtension>
            <ns3:hr>131</ns3:hr>
            <ns3:cad>92</ns3:cad>
          </ns3:TrackPointExtension>
        </extensions>
      </trkpt>
      <trkpt lat="29.29085098206996917724609375" lon="117.24903336726129055023193359375">
        <ele>32.59999847412109375</ele>
        <time>2026-08-26T21:43:45.000Z</time>
        <extensions>
          <ns3:TrackPointExtension>
            <ns3:hr>130</ns3:hr>
            <ns3:cad>91</ns3:cad>
          </ns3:TrackPointExtension>
        </extensions>
      </trkpt>
      <trkpt lat="29.290864057838916778564453125" lon="117.24906404502689838409423828125">
        <ele>32.59999847412109375</ele>
        <time>2026-08-26T21:43:46.000Z</time>
        <extensions>
          <ns3:TrackPointExtension>
            <ns3:hr>130</ns3:hr>
            <ns3:cad>91</ns3:cad>
          </ns3:TrackPointExtension>
        </extensions>
      </trkpt>
      <trkpt lat="29.29088006727397441864013671875" lon="117.24908147938549518585205078125">
        <ele>32.59999847412109375</ele>
        <time>2026-08-26T21:43:47.000Z</time>
        <extensions>
          <ns3:TrackPointExtension>
            <ns3:hr>130</ns3:hr>
            <ns3:cad>91</ns3:cad>
          </ns3:TrackPointExtension>
        </extensions>
      </trkpt>
      <trkpt lat="29.2908917181193828582763671875" lon="117.24911081604659557342529296875">
        <ele>32.59999847412109375</ele>
        <time>2026-08-26T21:43:48.000Z</time>
        <extensions>
          <ns3:TrackPointExtension>
            <ns3:hr>131</ns3:hr>
            <ns3:cad>92</ns3:cad>
          </ns3:TrackPointExtension>
        </extensions>
      </trkpt>
      <trkpt lat="29.2909088172018527984619140625" lon="117.24913110025227069854736328125">
        <ele>32.59999847412109375</ele>
        <time>2026-08-26T21:43:49.000Z</time>
        <extensions>
          <ns3:TrackPointExtension>
            <ns3:hr>130</ns3:hr>
            <ns3:cad>92</ns3:cad>
          </ns3:TrackPointExtension>
        </extensions>
      </trkpt>
      <trkpt lat="29.29092071950435638427734375" lon="117.24916093982756137847900390625">
        <ele>32.59999847412109375</ele>
        <time>2026-08-26T21:43:50.000Z</time>
        <extensions>
          <ns3:TrackPointExtension>
            <ns3:hr>130</ns3:hr>
            <ns3:cad>92</ns3:cad>
          </ns3:TrackPointExtension>
        </extensions>
      </trkpt>
      <trkpt lat="29.29093991406261920928955078125" lon="117.24918038584291934967041015625">
        <ele>32.59999847412109375</ele>
        <time>2026-08-26T21:43:51.000Z</time>
        <extensions>
          <ns3:TrackPointExtension>
            <ns3:hr>131</ns3:hr>
            <ns3:cad>92</ns3:cad>
          </ns3:TrackPointExtension>
        </extensions>
      </trkpt>
      <trkpt lat="29.2909554205834865570068359375" lon="117.2492076270282268524169921875">
        <ele>32.59999847412109375</ele>
        <time>2026-08-26T21:43:52.000Z</time>
        <extensions>
          <ns3:TrackPointExtension>
            <ns3:hr>131</ns3:hr>
            <ns3:cad>92</ns3:cad>
          </ns3:TrackPointExtension>
        </extensions>
      </trkpt>
      <trkpt lat="29.29097394458949565887451171875" lon="117.2492287494242191314697265625">
        <ele>32.59999847412109375</ele>
        <time>2026-08-26T21:43:53.000Z</time>
        <extensions>
          <ns3:TrackPointExtension>
            <ns3:hr>131</ns3:hr>
            <ns3:cad>92</ns3:cad>
          </ns3:TrackPointExtension>
        </extensions>
      </trkpt>
      <trkpt lat="29.29098534397780895233154296875" lon="117.24925481714308261871337890625">
        <ele>32.40000152587890625</ele>
        <time>2026-08-26T21:43:54.000Z</time>
        <extensions>
          <ns3:TrackPointExtension>
            <ns3:hr>132</ns3:hr>
            <ns3:cad>92</ns3:cad>
          </ns3:TrackPointExtension>
        </extensions>
      </trkpt>
      <trkpt lat="29.29100026376545429229736328125" lon="117.24928230978548526763916015625">
        <ele>32.40000152587890625</ele>
        <time>2026-08-26T21:43:55.000Z</time>
        <extensions>
          <ns3:TrackPointExtension>
            <ns3:hr>132</ns3:hr>
            <ns3:cad>92</ns3:cad>
          </ns3:TrackPointExtension>
        </extensions>
      </trkpt>
      <trkpt lat="29.29101702757179737091064453125" lon="117.24930997006595134735107421875">
        <ele>32.40000152587890625</ele>
        <time>2026-08-26T21:43:56.000Z</time>
        <extensions>
          <ns3:TrackPointExtension>
            <ns3:hr>133</ns3:hr>
            <ns3:cad>91</ns3:cad>
          </ns3:TrackPointExtension>
        </extensions>
      </trkpt>
      <trkpt lat="29.29103261791169643402099609375" lon="117.24933980964124202728271484375">
        <ele>32.40000152587890625</ele>
        <time>2026-08-26T21:43:57.000Z</time>
        <extensions>
          <ns3:TrackPointExtension>
            <ns3:hr>134</ns3:hr>
            <ns3:cad>91</ns3:cad>
          </ns3:TrackPointExtension>
        </extensions>
      </trkpt>
      <trkpt lat="29.29104368202388286590576171875" lon="117.24936210550367832183837890625">
        <ele>32.40000152587890625</ele>
        <time>2026-08-26T21:43:58.000Z</time>
        <extensions>
          <ns3:TrackPointExtension>
            <ns3:hr>134</ns3:hr>
            <ns3:cad>91</ns3:cad>
          </ns3:TrackPointExtension>
        </extensions>
      </trkpt>
      <trkpt lat="29.2910539917647838592529296875" lon="117.24939219653606414794921875">
        <ele>32.40000152587890625</ele>
        <time>2026-08-26T21:43:59.000Z</time>
        <extensions>
          <ns3:TrackPointExtension>
            <ns3:hr>135</ns3:hr>
            <ns3:cad>91</ns3:cad>
          </ns3:TrackPointExtension>
        </extensions>
      </trkpt>
      <trkpt lat="29.29106513969600200653076171875" lon="117.24941256456077098846435546875">
        <ele>32.40000152587890625</ele>
        <time>2026-08-26T21:44:00.000Z</time>
        <extensions>
          <ns3:TrackPointExtension>
            <ns3:hr>135</ns3:hr>
            <ns3:cad>90</ns3:cad>
          </ns3:TrackPointExtension>
        </extensions>
      </trkpt>
      <trkpt lat="29.291079975664615631103515625" lon="117.249442152678966522216796875">
        <ele>32.40000152587890625</ele>
        <time>2026-08-26T21:44:01.000Z</time>
        <extensions>
          <ns3:TrackPointExtension>
            <ns3:hr>135</ns3:hr>
            <ns3:cad>90</ns3:cad>
          </ns3:TrackPointExtension>
        </extensions>
      </trkpt>
      <trkpt lat="29.291093051433563232421875" lon="117.2494574077427387237548828125">
        <ele>32.40000152587890625</ele>
        <time>2026-08-26T21:44:02.000Z</time>
        <extensions>
          <ns3:TrackPointExtension>
            <ns3:hr>135</ns3:hr>
            <ns3:cad>90</ns3:cad>
          </ns3:TrackPointExtension>
        </extensions>
      </trkpt>
      <trkpt lat="29.29110369645059108734130859375" lon="117.249485738575458526611328125">
        <ele>32.40000152587890625</ele>
        <time>2026-08-26T21:44:03.000Z</time>
        <extensions>
          <ns3:TrackPointExtension>
            <ns3:hr>135</ns3:hr>
            <ns3:cad>90</ns3:cad>
          </ns3:TrackPointExtension>
        </extensions>
      </trkpt>
      <trkpt lat="29.29111459292471408843994140625" lon="117.24950577132403850555419921875">
        <ele>32.40000152587890625</ele>
        <time>2026-08-26T21:44:04.000Z</time>
        <extensions>
          <ns3:TrackPointExtension>
            <ns3:hr>135</ns3:hr>
            <ns3:cad>91</ns3:cad>
          </ns3:TrackPointExtension>
        </extensions>
      </trkpt>
      <trkpt lat="29.29112481884658336639404296875" lon="117.249538712203502655029296875">
        <ele>32.40000152587890625</ele>
        <time>2026-08-26T21:44:05.000Z</time>
        <extensions>
          <ns3:TrackPointExtension>
            <ns3:hr>134</ns3:hr>
            <ns3:cad>91</ns3:cad>
          </ns3:TrackPointExtension>
        </extensions>
      </trkpt>
      <trkpt lat="29.291135631501674652099609375" lon="117.2495589964091777801513671875">
        <ele>32.40000152587890625</ele>
        <time>2026-08-26T21:44:06.000Z</time>
        <extensions>
          <ns3:TrackPointExtension>
            <ns3:hr>135</ns3:hr>
            <ns3:cad>91</ns3:cad>
          </ns3:TrackPointExtension>
        </extensions>
      </trkpt>
      <trkpt lat="29.29114594124257564544677734375" lon="117.24959445185959339141845703125">
        <ele>32.40000152587890625</ele>
        <time>2026-08-26T21:44:07.000Z</time>
        <extensions>
          <ns3:TrackPointExtension>
            <ns3:hr>135</ns3:hr>
            <ns3:cad>91</ns3:cad>
          </ns3:TrackPointExtension>
        </extensions>
      </trkpt>
      <trkpt lat="29.29115599952638149261474609375" lon="117.249616496264934539794921875">
        <ele>32.40000152587890625</ele>
        <time>2026-08-26T21:44:08.000Z</time>
        <extensions>
          <ns3:TrackPointExtension>
            <ns3:hr>135</ns3:hr>
            <ns3:cad>91</ns3:cad>
          </ns3:TrackPointExtension>
        </extensions>
      </trkpt>
      <trkpt lat="29.2911619506776332855224609375" lon="117.24965035915374755859375">
        <ele>32.40000152587890625</ele>
        <time>2026-08-26T21:44:09.000Z</time>
        <extensions>
          <ns3:TrackPointExtension>
            <ns3:hr>134</ns3:hr>
            <ns3:cad>91</ns3:cad>
          </ns3:TrackPointExtension>
        </extensions>
      </trkpt>
      <trkpt lat="29.291173182427883148193359375" lon="117.24967181682586669921875">
        <ele>32.40000152587890625</ele>
        <time>2026-08-26T21:44:10.000Z</time>
        <extensions>
          <ns3:TrackPointExtension>
            <ns3:hr>135</ns3:hr>
            <ns3:cad>91</ns3:cad>
          </ns3:TrackPointExtension>
        </extensions>
      </trkpt>
      <trkpt lat="29.29117896594107151031494140625" lon="117.24970157258212566375732421875">
        <ele>32.40000152587890625</ele>
        <time>2026-08-26T21:44:11.000Z</time>
        <extensions>
          <ns3:TrackPointExtension>
            <ns3:hr>135</ns3:hr>
            <ns3:cad>91</ns3:cad>
          </ns3:TrackPointExtension>
        </extensions>
      </trkpt>
      <trkpt lat="29.2911887727677822113037109375" lon="117.24972554482519626617431640625">
        <ele>32.40000152587890625</ele>
        <time>2026-08-26T21:44:12.000Z</time>
        <extensions>
          <ns3:TrackPointExtension>
            <ns3:hr>135</ns3:hr>
            <ns3:cad>92</ns3:cad>
          </ns3:TrackPointExtension>
        </extensions>
      </trkpt>
      <trkpt lat="29.2911954782903194427490234375" lon="117.2497578151524066925048828125">
        <ele>32.40000152587890625</ele>
        <time>2026-08-26T21:44:13.000Z</time>
        <extensions>
          <ns3:TrackPointExtension>
            <ns3:hr>135</ns3:hr>
            <ns3:cad>92</ns3:cad>
          </ns3:TrackPointExtension>
        </extensions>
      </trkpt>
      <trkpt lat="29.29121048189699649810791015625" lon="117.2497779317200183868408203125">
        <ele>32.40000152587890625</ele>
        <time>2026-08-26T21:44:14.000Z</time>
        <extensions>
          <ns3:TrackPointExtension>
            <ns3:hr>134</ns3:hr>
            <ns3:cad>92</ns3:cad>
          </ns3:TrackPointExtension>
        </extensions>
      </trkpt>
      <trkpt lat="29.29121618159115314483642578125" lon="117.249806933104991912841796875">
        <ele>32.40000152587890625</ele>
        <time>2026-08-26T21:44:15.000Z</time>
        <extensions>
          <ns3:TrackPointExtension>
            <ns3:hr>134</ns3:hr>
            <ns3:cad>92</ns3:cad>
          </ns3:TrackPointExtension>
        </extensions>
      </trkpt>
      <trkpt lat="29.291227161884307861328125" lon="117.24983333609998226165771484375">
        <ele>32.40000152587890625</ele>
        <time>2026-08-26T21:44:16.000Z</time>
        <extensions>
          <ns3:TrackPointExtension>
            <ns3:hr>134</ns3:hr>
            <ns3:cad>92</ns3:cad>
          </ns3:TrackPointExtension>
        </extensions>
      </trkpt>
      <trkpt lat="29.29123529233038425445556640625" lon="117.2498610801994800567626953125">
        <ele>32.200000762939453125</ele>
        <time>2026-08-26T21:44:17.000Z</time>
        <extensions>
          <ns3:TrackPointExtension>
            <ns3:hr>134</ns3:hr>
            <ns3:cad>92</ns3:cad>
          </ns3:TrackPointExtension>
        </extensions>
      </trkpt>
      <trkpt lat="29.29124803282320499420166015625" lon="117.24988932721316814422607421875">
        <ele>32.200000762939453125</ele>
        <time>2026-08-26T21:44:18.000Z</time>
        <extensions>
          <ns3:TrackPointExtension>
            <ns3:hr>133</ns3:hr>
            <ns3:cad>92</ns3:cad>
          </ns3:TrackPointExtension>
        </extensions>
      </trkpt>
      <trkpt lat="29.29125708527863025665283203125" lon="117.24991899915039539337158203125">
        <ele>32.200000762939453125</ele>
        <time>2026-08-26T21:44:19.000Z</time>
        <extensions>
          <ns3:TrackPointExtension>
            <ns3:hr>133</ns3:hr>
            <ns3:cad>92</ns3:cad>
          </ns3:TrackPointExtension>
        </extensions>
      </trkpt>
      <trkpt lat="29.2912678979337215423583984375" lon="117.24995085038244724273681640625">
        <ele>32.200000762939453125</ele>
        <time>2026-08-26T21:44:20.000Z</time>
        <extensions>
          <ns3:TrackPointExtension>
            <ns3:hr>133</ns3:hr>
            <ns3:cad>92</ns3:cad>
          </ns3:TrackPointExtension>
        </extensions>
      </trkpt>
      <trkpt lat="29.2912796325981616973876953125" lon="117.24997666664421558380126953125">
        <ele>32.200000762939453125</ele>
        <time>2026-08-26T21:44:21.000Z</time>
        <extensions>
          <ns3:TrackPointExtension>
            <ns3:hr>133</ns3:hr>
            <ns3:cad>92</ns3:cad>
          </ns3:TrackPointExtension>
        </extensions>
      </trkpt>
      <trkpt lat="29.2912937141954898834228515625" lon="117.25000935606658458709716796875">
        <ele>32.200000762939453125</ele>
        <time>2026-08-26T21:44:22.000Z</time>
        <extensions>
          <ns3:TrackPointExtension>
            <ns3:hr>134</ns3:hr>
            <ns3:cad>92</ns3:cad>
          </ns3:TrackPointExtension>
        </extensions>
      </trkpt>
      <trkpt lat="29.29130402393639087677001953125" lon="117.25003249011933803558349609375">
        <ele>32.40000152587890625</ele>
        <time>2026-08-26T21:44:23.000Z</time>
        <extensions>
          <ns3:TrackPointExtension>
            <ns3:hr>133</ns3:hr>
            <ns3:cad>92</ns3:cad>
          </ns3:TrackPointExtension>
        </extensions>
      </trkpt>
      <trkpt lat="29.29130838252604007720947265625" lon="117.250067777931690216064453125">
        <ele>32.200000762939453125</ele>
        <time>2026-08-26T21:44:24.000Z</time>
        <extensions>
          <ns3:TrackPointExtension>
            <ns3:hr>133</ns3:hr>
            <ns3:cad>90</ns3:cad>
          </ns3:TrackPointExtension>
        </extensions>
      </trkpt>
      <trkpt lat="29.29131542332470417022705078125" lon="117.25008982233703136444091796875">
        <ele>32.200000762939453125</ele>
        <time>2026-08-26T21:44:25.000Z</time>
        <extensions>
          <ns3:TrackPointExtension>
            <ns3:hr>134</ns3:hr>
            <ns3:cad>90</ns3:cad>
          </ns3:TrackPointExtension>
        </extensions>
      </trkpt>
      <trkpt lat="29.291319362819194793701171875" lon="117.250124104321002960205078125">
        <ele>32.200000762939453125</ele>
        <time>2026-08-26T21:44:26.000Z</time>
        <extensions>
          <ns3:TrackPointExtension>
            <ns3:hr>133</ns3:hr>
            <ns3:cad>90</ns3:cad>
          </ns3:TrackPointExtension>
        </extensions>
      </trkpt>
      <trkpt lat="29.29132782854139804840087890625" lon="117.2501450590789318084716796875">
        <ele>32.200000762939453125</ele>
        <time>2026-08-26T21:44:27.000Z</time>
        <extensions>
          <ns3:TrackPointExtension>
            <ns3:hr>133</ns3:hr>
            <ns3:cad>91</ns3:cad>
          </ns3:TrackPointExtension>
        </extensions>
      </trkpt>
      <trkpt lat="29.29133269004523754119873046875" lon="117.25017540156841278076171875">
        <ele>32.200000762939453125</ele>
        <time>2026-08-26T21:44:28.000Z</time>
        <extensions>
          <ns3:TrackPointExtension>
            <ns3:hr>134</ns3:hr>
            <ns3:cad>93</ns3:cad>
          </ns3:TrackPointExtension>
        </extensions>
      </trkpt>
      <trkpt lat="29.29134241305291652679443359375" lon="117.250195853412151336669921875">
        <ele>32.200000762939453125</ele>
        <time>2026-08-26T21:44:29.000Z</time>
        <extensions>
          <ns3:TrackPointExtension>
            <ns3:hr>133</ns3:hr>
            <ns3:cad>93</ns3:cad>
          </ns3:TrackPointExtension>
        </extensions>
      </trkpt>
      <trkpt lat="29.29134610109031200408935546875" lon="117.25023114122450351715087890625">
        <ele>32.200000762939453125</ele>
        <time>2026-08-26T21:44:30.000Z</time>
        <extensions>
          <ns3:TrackPointExtension>
            <ns3:hr>133</ns3:hr>
            <ns3:cad>93</ns3:cad>
          </ns3:TrackPointExtension>
        </extensions>
      </trkpt>
      <trkpt lat="29.2913537286221981048583984375" lon="117.25025544874370098114013671875">
        <ele>32.200000762939453125</ele>
        <time>2026-08-26T21:44:31.000Z</time>
        <extensions>
          <ns3:TrackPointExtension>
            <ns3:hr>134</ns3:hr>
            <ns3:cad>92</ns3:cad>
          </ns3:TrackPointExtension>
        </extensions>
      </trkpt>
      <trkpt lat="29.29135699756443500518798828125" lon="117.25029132328927516937255859375">
        <ele>32.200000762939453125</ele>
        <time>2026-08-26T21:44:32.000Z</time>
        <extensions>
          <ns3:TrackPointExtension>
            <ns3:hr>133</ns3:hr>
            <ns3:cad>92</ns3:cad>
          </ns3:TrackPointExtension>
        </extensions>
      </trkpt>
      <trkpt lat="29.29136387072503566741943359375" lon="117.25031713955104351043701171875">
        <ele>32.200000762939453125</ele>
        <time>2026-08-26T21:44:33.000Z</time>
        <extensions>
          <ns3:TrackPointExtension>
            <ns3:hr>133</ns3:hr>
            <ns3:cad>92</ns3:cad>
          </ns3:TrackPointExtension>
        </extensions>
      </trkpt>
      <trkpt lat="29.2913708277046680450439453125" lon="117.2503519244492053985595703125">
        <ele>32.200000762939453125</ele>
        <time>2026-08-26T21:44:34.000Z</time>
        <extensions>
          <ns3:TrackPointExtension>
            <ns3:hr>134</ns3:hr>
            <ns3:cad>92</ns3:cad>
          </ns3:TrackPointExtension>
        </extensions>
      </trkpt>
      <trkpt lat="29.29138180799782276153564453125" lon="117.25037396885454654693603515625">
        <ele>32.200000762939453125</ele>
        <time>2026-08-26T21:44:35.000Z</time>
        <extensions>
          <ns3:TrackPointExtension>
            <ns3:hr>133</ns3:hr>
            <ns3:cad>92</ns3:cad>
          </ns3:TrackPointExtension>
        </extensions>
      </trkpt>
      <trkpt lat="29.2913835681974887847900390625" lon="117.2504075802862644195556640625">
        <ele>32.200000762939453125</ele>
        <time>2026-08-26T21:44:36.000Z</time>
        <extensions>
          <ns3:TrackPointExtension>
            <ns3:hr>133</ns3:hr>
            <ns3:cad>92</ns3:cad>
          </ns3:TrackPointExtension>
        </extensions>
      </trkpt>
      <trkpt lat="29.29139505140483379364013671875" lon="117.2504303790628910064697265625">
        <ele>32.200000762939453125</ele>
        <time>2026-08-26T21:44:37.000Z</time>
        <extensions>
          <ns3:TrackPointExtension>
            <ns3:hr>134</ns3:hr>
            <ns3:cad>92</ns3:cad>
          </ns3:TrackPointExtension>
        </extensions>
      </trkpt>
      <trkpt lat="29.2914001643657684326171875" lon="117.2504608891904354095458984375">
        <ele>32.200000762939453125</ele>
        <time>2026-08-26T21:44:38.000Z</time>
        <extensions>
          <ns3:TrackPointExtension>
            <ns3:hr>133</ns3:hr>
            <ns3:cad>92</ns3:cad>
          </ns3:TrackPointExtension>
        </extensions>
      </trkpt>
      <trkpt lat="29.29140896536409854888916015625" lon="117.250488214194774627685546875">
        <ele>32.200000762939453125</ele>
        <time>2026-08-26T21:44:39.000Z</time>
        <extensions>
          <ns3:TrackPointExtension>
            <ns3:hr>133</ns3:hr>
            <ns3:cad>92</ns3:cad>
          </ns3:TrackPointExtension>
        </extensions>
      </trkpt>
      <trkpt lat="29.291410557925701141357421875" lon="117.2505185566842555999755859375">
        <ele>32.200000762939453125</ele>
        <time>2026-08-26T21:44:40.000Z</time>
        <extensions>
          <ns3:TrackPointExtension>
            <ns3:hr>134</ns3:hr>
            <ns3:cad>92</ns3:cad>
          </ns3:TrackPointExtension>
        </extensions>
      </trkpt>
      <trkpt lat="29.2914201132953166961669921875" lon="117.25054546259343624114990234375">
        <ele>32.200000762939453125</ele>
        <time>2026-08-26T21:44:41.000Z</time>
        <extensions>
          <ns3:TrackPointExtension>
            <ns3:hr>133</ns3:hr>
            <ns3:cad>92</ns3:cad>
          </ns3:TrackPointExtension>
        </extensions>
      </trkpt>
      <trkpt lat="29.29142438806593418121337890625" lon="117.25057513453066349029541015625">
        <ele>32.200000762939453125</ele>
        <time>2026-08-26T21:44:42.000Z</time>
        <extensions>
          <ns3:TrackPointExtension>
            <ns3:hr>133</ns3:hr>
            <ns3:cad>92</ns3:cad>
          </ns3:TrackPointExtension>
        </extensions>
      </trkpt>
      <trkpt lat="29.29143276996910572052001953125" lon="117.25060514174401760101318359375">
        <ele>32.200000762939453125</ele>
        <time>2026-08-26T21:44:43.000Z</time>
        <extensions>
          <ns3:TrackPointExtension>
            <ns3:hr>134</ns3:hr>
            <ns3:cad>92</ns3:cad>
          </ns3:TrackPointExtension>
        </extensions>
      </trkpt>
      <trkpt lat="29.2914358712732791900634765625" lon="117.25063263438642024993896484375">
        <ele>32.200000762939453125</ele>
        <time>2026-08-26T21:44:44.000Z</time>
        <extensions>
          <ns3:TrackPointExtension>
            <ns3:hr>134</ns3:hr>
            <ns3:cad>90</ns3:cad>
          </ns3:TrackPointExtension>
        </extensions>
      </trkpt>
      <trkpt lat="29.29144199006259441375732421875" lon="117.2506610490381717681884765625">
        <ele>32.200000762939453125</ele>
        <time>2026-08-26T21:44:45.000Z</time>
        <extensions>
          <ns3:TrackPointExtension>
            <ns3:hr>134</ns3:hr>
            <ns3:cad>90</ns3:cad>
          </ns3:TrackPointExtension>
        </extensions>
      </trkpt>
      <trkpt lat="29.29144416935741901397705078125" lon="117.25068569183349609375">
        <ele>32</ele>
        <time>2026-08-26T21:44:46.000Z</time>
        <extensions>
          <ns3:TrackPointExtension>
            <ns3:hr>134</ns3:hr>
            <ns3:cad>90</ns3:cad>
          </ns3:TrackPointExtension>
        </extensions>
      </trkpt>
      <trkpt lat="29.2914497852325439453125" lon="117.25071544758975505828857421875">
        <ele>32</ele>
        <time>2026-08-26T21:44:47.000Z</time>
        <extensions>
          <ns3:TrackPointExtension>
            <ns3:hr>133</ns3:hr>
            <ns3:cad>90</ns3:cad>
          </ns3:TrackPointExtension>
        </extensions>
      </trkpt>
      <trkpt lat="29.29145607165992259979248046875" lon="117.250744365155696868896484375">
        <ele>31.799999237060546875</ele>
        <time>2026-08-26T21:44:48.000Z</time>
        <extensions>
          <ns3:TrackPointExtension>
            <ns3:hr>134</ns3:hr>
            <ns3:cad>90</ns3:cad>
          </ns3:TrackPointExtension>
        </extensions>
      </trkpt>
      <trkpt lat="29.291462861001491546630859375" lon="117.25077328272163867950439453125">
        <ele>31.799999237060546875</ele>
        <time>2026-08-26T21:44:49.000Z</time>
        <extensions>
          <ns3:TrackPointExtension>
            <ns3:hr>133</ns3:hr>
            <ns3:cad>90</ns3:cad>
          </ns3:TrackPointExtension>
        </extensions>
      </trkpt>
      <trkpt lat="29.291469566524028778076171875" lon="117.2508035413920879364013671875">
        <ele>31.799999237060546875</ele>
        <time>2026-08-26T21:44:50.000Z</time>
        <extensions>
          <ns3:TrackPointExtension>
            <ns3:hr>133</ns3:hr>
            <ns3:cad>90</ns3:cad>
          </ns3:TrackPointExtension>
        </extensions>
      </trkpt>
      <trkpt lat="29.291474930942058563232421875" lon="117.25083254277706146240234375">
        <ele>31.799999237060546875</ele>
        <time>2026-08-26T21:44:51.000Z</time>
        <extensions>
          <ns3:TrackPointExtension>
            <ns3:hr>133</ns3:hr>
            <ns3:cad>91</ns3:cad>
          </ns3:TrackPointExtension>
        </extensions>
      </trkpt>
      <trkpt lat="29.2914824746549129486083984375" lon="117.2508615441620349884033203125">
        <ele>31.799999237060546875</ele>
        <time>2026-08-26T21:44:52.000Z</time>
        <extensions>
          <ns3:TrackPointExtension>
            <ns3:hr>134</ns3:hr>
            <ns3:cad>91</ns3:cad>
          </ns3:TrackPointExtension>
        </extensions>
      </trkpt>
      <trkpt lat="29.2914864979684352874755859375" lon="117.250896580517292022705078125">
        <ele>31.799999237060546875</ele>
        <time>2026-08-26T21:44:53.000Z</time>
        <extensions>
          <ns3:TrackPointExtension>
            <ns3:hr>133</ns3:hr>
            <ns3:cad>91</ns3:cad>
          </ns3:TrackPointExtension>
        </extensions>
      </trkpt>
      <trkpt lat="29.29149261675775051116943359375" lon="117.2509175352752208709716796875">
        <ele>31.799999237060546875</ele>
        <time>2026-08-26T21:44:54.000Z</time>
        <extensions>
          <ns3:TrackPointExtension>
            <ns3:hr>132</ns3:hr>
            <ns3:cad>91</ns3:cad>
          </ns3:TrackPointExtension>
        </extensions>
      </trkpt>
      <trkpt lat="29.29149647243320941925048828125" lon="117.250946871936321258544921875">
        <ele>32</ele>
        <time>2026-08-26T21:44:55.000Z</time>
        <extensions>
          <ns3:TrackPointExtension>
            <ns3:hr>132</ns3:hr>
            <ns3:cad>92</ns3:cad>
          </ns3:TrackPointExtension>
        </extensions>
      </trkpt>
      <trkpt lat="29.2915046028792858123779296875" lon="117.25097109563648700714111328125">
        <ele>32</ele>
        <time>2026-08-26T21:44:56.000Z</time>
        <extensions>
          <ns3:TrackPointExtension>
            <ns3:hr>131</ns3:hr>
            <ns3:cad>92</ns3:cad>
          </ns3:TrackPointExtension>
        </extensions>
      </trkpt>
      <trkpt lat="29.2915123142302036285400390625" lon="117.2509993426501750946044921875">
        <ele>32</ele>
        <time>2026-08-26T21:44:57.000Z</time>
        <extensions>
          <ns3:TrackPointExtension>
            <ns3:hr>131</ns3:hr>
            <ns3:cad>92</ns3:cad>
          </ns3:TrackPointExtension>
        </extensions>
      </trkpt>
      <trkpt lat="29.29151960648596286773681640625" lon="117.2510211355984210968017578125">
        <ele>32</ele>
        <time>2026-08-26T21:44:58.000Z</time>
        <extensions>
          <ns3:TrackPointExtension>
            <ns3:hr>130</ns3:hr>
            <ns3:cad>92</ns3:cad>
          </ns3:TrackPointExtension>
        </extensions>
      </trkpt>
      <trkpt lat="29.291525892913341522216796875" lon="117.25105122663080692291259765625">
        <ele>32</ele>
        <time>2026-08-26T21:44:59.000Z</time>
        <extensions>
          <ns3:TrackPointExtension>
            <ns3:hr>130</ns3:hr>
            <ns3:cad>92</ns3:cad>
          </ns3:TrackPointExtension>
        </extensions>
      </trkpt>
      <trkpt lat="29.29153050296008586883544921875" lon="117.251078300178050994873046875">
        <ele>32</ele>
        <time>2026-08-26T21:45:00.000Z</time>
        <extensions>
          <ns3:TrackPointExtension>
            <ns3:hr>129</ns3:hr>
            <ns3:cad>91</ns3:cad>
          </ns3:TrackPointExtension>
        </extensions>
      </trkpt>
      <trkpt lat="29.2915361188352108001708984375" lon="117.25111484527587890625">
        <ele>31.799999237060546875</ele>
        <time>2026-08-26T21:45:01.000Z</time>
        <extensions>
          <ns3:TrackPointExtension>
            <ns3:hr>129</ns3:hr>
            <ns3:cad>91</ns3:cad>
          </ns3:TrackPointExtension>
        </extensions>
      </trkpt>
      <trkpt lat="29.2915465123951435089111328125" lon="117.251136302947998046875">
        <ele>31.799999237060546875</ele>
        <time>2026-08-26T21:45:02.000Z</time>
        <extensions>
          <ns3:TrackPointExtension>
            <ns3:hr>128</ns3:hr>
            <ns3:cad>91</ns3:cad>
          </ns3:TrackPointExtension>
        </extensions>
      </trkpt>
      <trkpt lat="29.29155145771801471710205078125" lon="117.25117008201777935028076171875">
        <ele>32</ele>
        <time>2026-08-26T21:45:03.000Z</time>
        <extensions>
          <ns3:TrackPointExtension>
            <ns3:hr>128</ns3:hr>
            <ns3:cad>90</ns3:cad>
          </ns3:TrackPointExtension>
        </extensions>
      </trkpt>
      <trkpt lat="29.2915605939924716949462890625" lon="117.2511917911469936370849609375">
        <ele>32</ele>
        <time>2026-08-26T21:45:04.000Z</time>
        <extensions>
          <ns3:TrackPointExtension>
            <ns3:hr>128</ns3:hr>
            <ns3:cad>90</ns3:cad>
          </ns3:TrackPointExtension>
        </extensions>
      </trkpt>
      <trkpt lat="29.29156436584889888763427734375" lon="117.25122473202645778656005859375">
        <ele>32</ele>
        <time>2026-08-26T21:45:05.000Z</time>
        <extensions>
          <ns3:TrackPointExtension>
            <ns3:hr>127</ns3:hr>
            <ns3:cad>90</ns3:cad>
          </ns3:TrackPointExtension>
        </extensions>
      </trkpt>
      <trkpt lat="29.29157073609530925750732421875" lon="117.251248620450496673583984375">
        <ele>32</ele>
        <time>2026-08-26T21:45:06.000Z</time>
        <extensions>
          <ns3:TrackPointExtension>
            <ns3:hr>127</ns3:hr>
            <ns3:cad>90</ns3:cad>
          </ns3:TrackPointExtension>
        </extensions>
      </trkpt>
      <trkpt lat="29.29157392121851444244384765625" lon="117.251282818615436553955078125">
        <ele>32</ele>
        <time>2026-08-26T21:45:07.000Z</time>
        <extensions>
          <ns3:TrackPointExtension>
            <ns3:hr>127</ns3:hr>
            <ns3:cad>90</ns3:cad>
          </ns3:TrackPointExtension>
        </extensions>
      </trkpt>
      <trkpt lat="29.29158196784555912017822265625" lon="117.25130469538271427154541015625">
        <ele>31.799999237060546875</ele>
        <time>2026-08-26T21:45:08.000Z</time>
        <extensions>
          <ns3:TrackPointExtension>
            <ns3:hr>128</ns3:hr>
            <ns3:cad>90</ns3:cad>
          </ns3:TrackPointExtension>
        </extensions>
      </trkpt>
      <trkpt lat="29.29158632643520832061767578125" lon="117.25133939646184444427490234375">
        <ele>31.799999237060546875</ele>
        <time>2026-08-26T21:45:09.000Z</time>
        <extensions>
          <ns3:TrackPointExtension>
            <ns3:hr>128</ns3:hr>
            <ns3:cad>90</ns3:cad>
          </ns3:TrackPointExtension>
        </extensions>
      </trkpt>
      <trkpt lat="29.29159202612936496734619140625" lon="117.251364290714263916015625">
        <ele>31.799999237060546875</ele>
        <time>2026-08-26T21:45:10.000Z</time>
        <extensions>
          <ns3:TrackPointExtension>
            <ns3:hr>128</ns3:hr>
            <ns3:cad>90</ns3:cad>
          </ns3:TrackPointExtension>
        </extensions>
      </trkpt>
      <trkpt lat="29.29159839637577533721923828125" lon="117.2513959743082523345947265625">
        <ele>31.799999237060546875</ele>
        <time>2026-08-26T21:45:11.000Z</time>
        <extensions>
          <ns3:TrackPointExtension>
            <ns3:hr>128</ns3:hr>
            <ns3:cad>89</ns3:cad>
          </ns3:TrackPointExtension>
        </extensions>
      </trkpt>
      <trkpt lat="29.29160811938345432281494140625" lon="117.2514177672564983367919921875">
        <ele>31.799999237060546875</ele>
        <time>2026-08-26T21:45:12.000Z</time>
        <extensions>
          <ns3:TrackPointExtension>
            <ns3:hr>127</ns3:hr>
            <ns3:cad>89</ns3:cad>
          </ns3:TrackPointExtension>
        </extensions>
      </trkpt>
      <trkpt lat="29.29161013104021549224853515625" lon="117.2514512948691844940185546875">
        <ele>31.799999237060546875</ele>
        <time>2026-08-26T21:45:13.000Z</time>
        <extensions>
          <ns3:TrackPointExtension>
            <ns3:hr>127</ns3:hr>
            <ns3:cad>89</ns3:cad>
          </ns3:TrackPointExtension>
        </extensions>
      </trkpt>
      <trkpt lat="29.2916172556579113006591796875" lon="117.251473255455493927001953125">
        <ele>31.799999237060546875</ele>
        <time>2026-08-26T21:45:14.000Z</time>
        <extensions>
          <ns3:TrackPointExtension>
            <ns3:hr>127</ns3:hr>
            <ns3:cad>90</ns3:cad>
          </ns3:TrackPointExtension>
        </extensions>
      </trkpt>
      <trkpt lat="29.291619099676609039306640625" lon="117.251506112515926361083984375">
        <ele>31.799999237060546875</ele>
        <time>2026-08-26T21:45:15.000Z</time>
        <extensions>
          <ns3:TrackPointExtension>
            <ns3:hr>127</ns3:hr>
            <ns3:cad>90</ns3:cad>
          </ns3:TrackPointExtension>
        </extensions>
      </trkpt>
      <trkpt lat="29.29162756539881229400634765625" lon="117.251526899635791778564453125">
        <ele>31.799999237060546875</ele>
        <time>2026-08-26T21:45:16.000Z</time>
        <extensions>
          <ns3:TrackPointExtension>
            <ns3:hr>128</ns3:hr>
            <ns3:cad>90</ns3:cad>
          </ns3:TrackPointExtension>
        </extensions>
      </trkpt>
      <trkpt lat="29.29163192398846149444580078125" lon="117.2515575774013996124267578125">
        <ele>31.799999237060546875</ele>
        <time>2026-08-26T21:45:17.000Z</time>
        <extensions>
          <ns3:TrackPointExtension>
            <ns3:hr>127</ns3:hr>
            <ns3:cad>90</ns3:cad>
          </ns3:TrackPointExtension>
        </extensions>
      </trkpt>
      <trkpt lat="29.291640222072601318359375" lon="117.25158062763512134552001953125">
        <ele>31.799999237060546875</ele>
        <time>2026-08-26T21:45:18.000Z</time>
        <extensions>
          <ns3:TrackPointExtension>
            <ns3:hr>127</ns3:hr>
            <ns3:cad>92</ns3:cad>
          </ns3:TrackPointExtension>
        </extensions>
      </trkpt>
      <trkpt lat="29.29164265282452106475830078125" lon="117.25161264650523662567138671875">
        <ele>31.799999237060546875</ele>
        <time>2026-08-26T21:45:19.000Z</time>
        <extensions>
          <ns3:TrackPointExtension>
            <ns3:hr>128</ns3:hr>
            <ns3:cad>92</ns3:cad>
          </ns3:TrackPointExtension>
        </extensions>
      </trkpt>
      <trkpt lat="29.29165472276508808135986328125" lon="117.25163519382476806640625">
        <ele>31.799999237060546875</ele>
        <time>2026-08-26T21:45:20.000Z</time>
        <extensions>
          <ns3:TrackPointExtension>
            <ns3:hr>127</ns3:hr>
            <ns3:cad>92</ns3:cad>
          </ns3:TrackPointExtension>
        </extensions>
      </trkpt>
      <trkpt lat="29.29165924899280071258544921875" lon="117.25167014636099338531494140625">
        <ele>31.6000003814697265625</ele>
        <time>2026-08-26T21:45:21.000Z</time>
        <extensions>
          <ns3:TrackPointExtension>
            <ns3:hr>127</ns3:hr>
            <ns3:cad>92</ns3:cad>
          </ns3:TrackPointExtension>
        </extensions>
      </trkpt>
      <trkpt lat="29.291670732200145721435546875" lon="117.25169395096600055694580078125">
        <ele>31.6000003814697265625</ele>
        <time>2026-08-26T21:45:22.000Z</time>
        <extensions>
          <ns3:TrackPointExtension>
            <ns3:hr>128</ns3:hr>
            <ns3:cad>92</ns3:cad>
          </ns3:TrackPointExtension>
        </extensions>
      </trkpt>
      <trkpt lat="29.29167316295206546783447265625" lon="117.25172496400773525238037109375">
        <ele>31.6000003814697265625</ele>
        <time>2026-08-26T21:45:23.000Z</time>
        <extensions>
          <ns3:TrackPointExtension>
            <ns3:hr>127</ns3:hr>
            <ns3:cad>91</ns3:cad>
          </ns3:TrackPointExtension>
        </extensions>
      </trkpt>
      <trkpt lat="29.29168255068361759185791015625" lon="117.2517533786594867706298828125">
        <ele>31.6000003814697265625</ele>
        <time>2026-08-26T21:45:24.000Z</time>
        <extensions>
          <ns3:TrackPointExtension>
            <ns3:hr>127</ns3:hr>
            <ns3:cad>90</ns3:cad>
          </ns3:TrackPointExtension>
        </extensions>
      </trkpt>
      <trkpt lat="29.29168741218745708465576171875" lon="117.25178514607250690460205078125">
        <ele>31.6000003814697265625</ele>
        <time>2026-08-26T21:45:25.000Z</time>
        <extensions>
          <ns3:TrackPointExtension>
            <ns3:hr>128</ns3:hr>
            <ns3:cad>90</ns3:cad>
          </ns3:TrackPointExtension>
        </extensions>
      </trkpt>
      <trkpt lat="29.291698224842548370361328125" lon="117.2518093697726726531982421875">
        <ele>31.799999237060546875</ele>
        <time>2026-08-26T21:45:26.000Z</time>
        <extensions>
          <ns3:TrackPointExtension>
            <ns3:hr>128</ns3:hr>
            <ns3:cad>90</ns3:cad>
          </ns3:TrackPointExtension>
        </extensions>
      </trkpt>
      <trkpt lat="29.291704595088958740234375" lon="117.251839376986026763916015625">
        <ele>31.799999237060546875</ele>
        <time>2026-08-26T21:45:27.000Z</time>
        <extensions>
          <ns3:TrackPointExtension>
            <ns3:hr>128</ns3:hr>
            <ns3:cad>90</ns3:cad>
          </ns3:TrackPointExtension>
        </extensions>
      </trkpt>
      <trkpt lat="29.29171473719179630279541015625" lon="117.25186393596231937408447265625">
        <ele>31.799999237060546875</ele>
        <time>2026-08-26T21:45:28.000Z</time>
        <extensions>
          <ns3:TrackPointExtension>
            <ns3:hr>129</ns3:hr>
            <ns3:cad>90</ns3:cad>
          </ns3:TrackPointExtension>
        </extensions>
      </trkpt>
      <trkpt lat="29.2917205207049846649169921875" lon="117.25189335644245147705078125">
        <ele>31.799999237060546875</ele>
        <time>2026-08-26T21:45:29.000Z</time>
        <extensions>
          <ns3:TrackPointExtension>
            <ns3:hr>129</ns3:hr>
            <ns3:cad>90</ns3:cad>
          </ns3:TrackPointExtension>
        </extensions>
      </trkpt>
      <trkpt lat="29.2917315848171710968017578125" lon="117.25191724486649036407470703125">
        <ele>31.799999237060546875</ele>
        <time>2026-08-26T21:45:30.000Z</time>
        <extensions>
          <ns3:TrackPointExtension>
            <ns3:hr>130</ns3:hr>
            <ns3:cad>90</ns3:cad>
          </ns3:TrackPointExtension>
        </extensions>
      </trkpt>
      <trkpt lat="29.2917386256158351898193359375" lon="117.25194658152759075164794921875">
        <ele>31.799999237060546875</ele>
        <time>2026-08-26T21:45:31.000Z</time>
        <extensions>
          <ns3:TrackPointExtension>
            <ns3:hr>131</ns3:hr>
            <ns3:cad>91</ns3:cad>
          </ns3:TrackPointExtension>
        </extensions>
      </trkpt>
      <trkpt lat="29.29174675606191158294677734375" lon="117.25197256542742252349853515625">
        <ele>32</ele>
        <time>2026-08-26T21:45:32.000Z</time>
        <extensions>
          <ns3:TrackPointExtension>
            <ns3:hr>131</ns3:hr>
            <ns3:cad>91</ns3:cad>
          </ns3:TrackPointExtension>
        </extensions>
      </trkpt>
      <trkpt lat="29.29175144992768764495849609375" lon="117.25199754349887371063232421875">
        <ele>32</ele>
        <time>2026-08-26T21:45:33.000Z</time>
        <extensions>
          <ns3:TrackPointExtension>
            <ns3:hr>132</ns3:hr>
            <ns3:cad>91</ns3:cad>
          </ns3:TrackPointExtension>
        </extensions>
      </trkpt>
      <trkpt lat="29.29175798781216144561767578125" lon="117.25202352739870548248291015625">
        <ele>32</ele>
        <time>2026-08-26T21:45:34.000Z</time>
        <extensions>
          <ns3:TrackPointExtension>
            <ns3:hr>132</ns3:hr>
            <ns3:cad>91</ns3:cad>
          </ns3:TrackPointExtension>
        </extensions>
      </trkpt>
      <trkpt lat="29.2917647771537303924560546875" lon="117.2520500980317592620849609375">
        <ele>32</ele>
        <time>2026-08-26T21:45:35.000Z</time>
        <extensions>
          <ns3:TrackPointExtension>
            <ns3:hr>133</ns3:hr>
            <ns3:cad>91</ns3:cad>
          </ns3:TrackPointExtension>
        </extensions>
      </trkpt>
      <trkpt lat="29.29177366197109222412109375" lon="117.252080440521240234375">
        <ele>32</ele>
        <time>2026-08-26T21:45:36.000Z</time>
        <extensions>
          <ns3:TrackPointExtension>
            <ns3:hr>133</ns3:hr>
            <ns3:cad>91</ns3:cad>
          </ns3:TrackPointExtension>
        </extensions>
      </trkpt>
      <trkpt lat="29.2917810380458831787109375" lon="117.252106256783008575439453125">
        <ele>32</ele>
        <time>2026-08-26T21:45:37.000Z</time>
        <extensions>
          <ns3:TrackPointExtension>
            <ns3:hr>133</ns3:hr>
            <ns3:cad>91</ns3:cad>
          </ns3:TrackPointExtension>
        </extensions>
      </trkpt>
      <trkpt lat="29.29179017432034015655517578125" lon="117.25213970057666301727294921875">
        <ele>32</ele>
        <time>2026-08-26T21:45:38.000Z</time>
        <extensions>
          <ns3:TrackPointExtension>
            <ns3:hr>133</ns3:hr>
            <ns3:cad>91</ns3:cad>
          </ns3:TrackPointExtension>
        </extensions>
      </trkpt>
      <trkpt lat="29.29180107079446315765380859375" lon="117.25216400809586048126220703125">
        <ele>32</ele>
        <time>2026-08-26T21:45:39.000Z</time>
        <extensions>
          <ns3:TrackPointExtension>
            <ns3:hr>134</ns3:hr>
            <ns3:cad>91</ns3:cad>
          </ns3:TrackPointExtension>
        </extensions>
      </trkpt>
      <trkpt lat="29.29180542938411235809326171875" lon="117.25219787098467350006103515625">
        <ele>32</ele>
        <time>2026-08-26T21:45:40.000Z</time>
        <extensions>
          <ns3:TrackPointExtension>
            <ns3:hr>134</ns3:hr>
            <ns3:cad>91</ns3:cad>
          </ns3:TrackPointExtension>
        </extensions>
      </trkpt>
      <trkpt lat="29.29181431420147418975830078125" lon="117.2522174008190631866455078125">
        <ele>32</ele>
        <time>2026-08-26T21:45:41.000Z</time>
        <extensions>
          <ns3:TrackPointExtension>
            <ns3:hr>134</ns3:hr>
            <ns3:cad>91</ns3:cad>
          </ns3:TrackPointExtension>
        </extensions>
      </trkpt>
      <trkpt lat="29.29181967861950397491455078125" lon="117.25224833004176616668701171875">
        <ele>32</ele>
        <time>2026-08-26T21:45:42.000Z</time>
        <extensions>
          <ns3:TrackPointExtension>
            <ns3:hr>134</ns3:hr>
            <ns3:cad>92</ns3:cad>
          </ns3:TrackPointExtension>
        </extensions>
      </trkpt>
      <trkpt lat="29.29182956926524639129638671875" lon="117.25227146409451961517333984375">
        <ele>32</ele>
        <time>2026-08-26T21:45:43.000Z</time>
        <extensions>
          <ns3:TrackPointExtension>
            <ns3:hr>135</ns3:hr>
            <ns3:cad>91</ns3:cad>
          </ns3:TrackPointExtension>
        </extensions>
      </trkpt>
      <trkpt lat="29.2918341793119907379150390625" lon="117.25230230949819087982177734375">
        <ele>32</ele>
        <time>2026-08-26T21:45:44.000Z</time>
        <extensions>
          <ns3:TrackPointExtension>
            <ns3:hr>135</ns3:hr>
            <ns3:cad>91</ns3:cad>
          </ns3:TrackPointExtension>
        </extensions>
      </trkpt>
      <trkpt lat="29.2918455787003040313720703125" lon="117.25232359953224658966064453125">
        <ele>32.200000762939453125</ele>
        <time>2026-08-26T21:45:45.000Z</time>
        <extensions>
          <ns3:TrackPointExtension>
            <ns3:hr>135</ns3:hr>
            <ns3:cad>91</ns3:cad>
          </ns3:TrackPointExtension>
        </extensions>
      </trkpt>
      <trkpt lat="29.2918519489467144012451171875" lon="117.25235779769718647003173828125">
        <ele>32.200000762939453125</ele>
        <time>2026-08-26T21:45:46.000Z</time>
        <extensions>
          <ns3:TrackPointExtension>
            <ns3:hr>135</ns3:hr>
            <ns3:cad>91</ns3:cad>
          </ns3:TrackPointExtension>
        </extensions>
      </trkpt>
      <trkpt lat="29.2918640188872814178466796875" lon="117.25237942300736904144287109375">
        <ele>32.200000762939453125</ele>
        <time>2026-08-26T21:45:47.000Z</time>
        <extensions>
          <ns3:TrackPointExtension>
            <ns3:hr>135</ns3:hr>
            <ns3:cad>91</ns3:cad>
          </ns3:TrackPointExtension>
        </extensions>
      </trkpt>
      <trkpt lat="29.291871897876262664794921875" lon="117.2524132020771503448486328125">
        <ele>32.40000152587890625</ele>
        <time>2026-08-26T21:45:48.000Z</time>
        <extensions>
          <ns3:TrackPointExtension>
            <ns3:hr>136</ns3:hr>
            <ns3:cad>90</ns3:cad>
          </ns3:TrackPointExtension>
        </extensions>
      </trkpt>
      <trkpt lat="29.2918841354548931121826171875" lon="117.2524333186447620391845703125">
        <ele>32.40000152587890625</ele>
        <time>2026-08-26T21:45:49.000Z</time>
        <extensions>
          <ns3:TrackPointExtension>
            <ns3:hr>136</ns3:hr>
            <ns3:cad>90</ns3:cad>
          </ns3:TrackPointExtension>
        </extensions>
      </trkpt>
      <trkpt lat="29.29189075715839862823486328125" lon="117.25246659480035305023193359375">
        <ele>32.40000152587890625</ele>
        <time>2026-08-26T21:45:50.000Z</time>
        <extensions>
          <ns3:TrackPointExtension>
            <ns3:hr>136</ns3:hr>
            <ns3:cad>90</ns3:cad>
          </ns3:TrackPointExtension>
        </extensions>
      </trkpt>
      <trkpt lat="29.29190282709896564483642578125" lon="117.25248587317764759063720703125">
        <ele>32.59999847412109375</ele>
        <time>2026-08-26T21:45:51.000Z</time>
        <extensions>
          <ns3:TrackPointExtension>
            <ns3:hr>136</ns3:hr>
            <ns3:cad>90</ns3:cad>
          </ns3:TrackPointExtension>
        </extensions>
      </trkpt>
      <trkpt lat="29.2919109575450420379638671875" lon="117.25251940079033374786376953125">
        <ele>32.59999847412109375</ele>
        <time>2026-08-26T21:45:52.000Z</time>
        <extensions>
          <ns3:TrackPointExtension>
            <ns3:hr>137</ns3:hr>
            <ns3:cad>90</ns3:cad>
          </ns3:TrackPointExtension>
        </extensions>
      </trkpt>
      <trkpt lat="29.29192093200981616973876953125" lon="117.25254186429083347320556640625">
        <ele>32.59999847412109375</ele>
        <time>2026-08-26T21:45:53.000Z</time>
        <extensions>
          <ns3:TrackPointExtension>
            <ns3:hr>136</ns3:hr>
            <ns3:cad>90</ns3:cad>
          </ns3:TrackPointExtension>
        </extensions>
      </trkpt>
      <trkpt lat="29.2919260449707508087158203125" lon="117.25257572717964649200439453125">
        <ele>32.59999847412109375</ele>
        <time>2026-08-26T21:45:54.000Z</time>
        <extensions>
          <ns3:TrackPointExtension>
            <ns3:hr>136</ns3:hr>
            <ns3:cad>90</ns3:cad>
          </ns3:TrackPointExtension>
        </extensions>
      </trkpt>
      <trkpt lat="29.2919364385306835174560546875" lon="117.25259567610919475555419921875">
        <ele>32.59999847412109375</ele>
        <time>2026-08-26T21:45:55.000Z</time>
        <extensions>
          <ns3:TrackPointExtension>
            <ns3:hr>136</ns3:hr>
            <ns3:cad>90</ns3:cad>
          </ns3:TrackPointExtension>
        </extensions>
      </trkpt>
      <trkpt lat="29.2919446527957916259765625" lon="117.25262853316962718963623046875">
        <ele>32.59999847412109375</ele>
        <time>2026-08-26T21:45:56.000Z</time>
        <extensions>
          <ns3:TrackPointExtension>
            <ns3:hr>137</ns3:hr>
            <ns3:cad>90</ns3:cad>
          </ns3:TrackPointExtension>
        </extensions>
      </trkpt>
      <trkpt lat="29.2919552139937877655029296875" lon="117.2526458837091922760009765625">
        <ele>32.59999847412109375</ele>
        <time>2026-08-26T21:45:57.000Z</time>
        <extensions>
          <ns3:TrackPointExtension>
            <ns3:hr>136</ns3:hr>
            <ns3:cad>90</ns3:cad>
          </ns3:TrackPointExtension>
        </extensions>
      </trkpt>
      <trkpt lat="29.29196200333535671234130859375" lon="117.252678237855434417724609375">
        <ele>32.59999847412109375</ele>
        <time>2026-08-26T21:45:58.000Z</time>
        <extensions>
          <ns3:TrackPointExtension>
            <ns3:hr>136</ns3:hr>
            <ns3:cad>90</ns3:cad>
          </ns3:TrackPointExtension>
        </extensions>
      </trkpt>
      <trkpt lat="29.29197306744754314422607421875" lon="117.252697683870792388916015625">
        <ele>32.799999237060546875</ele>
        <time>2026-08-26T21:45:59.000Z</time>
        <extensions>
          <ns3:TrackPointExtension>
            <ns3:hr>137</ns3:hr>
            <ns3:cad>91</ns3:cad>
          </ns3:TrackPointExtension>
        </extensions>
      </trkpt>
      <trkpt lat="29.29198027588427066802978515625" lon="117.252732217311859130859375">
        <ele>32.799999237060546875</ele>
        <time>2026-08-26T21:46:00.000Z</time>
        <extensions>
          <ns3:TrackPointExtension>
            <ns3:hr>136</ns3:hr>
            <ns3:cad>91</ns3:cad>
          </ns3:TrackPointExtension>
        </extensions>
      </trkpt>
      <trkpt lat="29.29199217818677425384521484375" lon="117.25275342352688312530517578125">
        <ele>32.799999237060546875</ele>
        <time>2026-08-26T21:46:01.000Z</time>
        <extensions>
          <ns3:TrackPointExtension>
            <ns3:hr>136</ns3:hr>
            <ns3:cad>91</ns3:cad>
          </ns3:TrackPointExtension>
        </extensions>
      </trkpt>
      <trkpt lat="29.291999302804470062255859375" lon="117.2527860291302204132080078125">
        <ele>32.799999237060546875</ele>
        <time>2026-08-26T21:46:02.000Z</time>
        <extensions>
          <ns3:TrackPointExtension>
            <ns3:hr>135</ns3:hr>
            <ns3:cad>91</ns3:cad>
          </ns3:TrackPointExtension>
        </extensions>
      </trkpt>
      <trkpt lat="29.29201028309762477874755859375" lon="117.25280874408781528472900390625">
        <ele>32.799999237060546875</ele>
        <time>2026-08-26T21:46:03.000Z</time>
        <extensions>
          <ns3:TrackPointExtension>
            <ns3:hr>134</ns3:hr>
            <ns3:cad>92</ns3:cad>
          </ns3:TrackPointExtension>
        </extensions>
      </trkpt>
      <trkpt lat="29.29201732389628887176513671875" lon="117.25284126587212085723876953125">
        <ele>32.799999237060546875</ele>
        <time>2026-08-26T21:46:04.000Z</time>
        <extensions>
          <ns3:TrackPointExtension>
            <ns3:hr>134</ns3:hr>
            <ns3:cad>92</ns3:cad>
          </ns3:TrackPointExtension>
        </extensions>
      </trkpt>
      <trkpt lat="29.29202847182750701904296875" lon="117.252866663038730621337890625">
        <ele>32.799999237060546875</ele>
        <time>2026-08-26T21:46:05.000Z</time>
        <extensions>
          <ns3:TrackPointExtension>
            <ns3:hr>134</ns3:hr>
            <ns3:cad>92</ns3:cad>
          </ns3:TrackPointExtension>
        </extensions>
      </trkpt>
      <trkpt lat="29.29203593172132968902587890625" lon="117.25290027447044849395751953125">
        <ele>32.799999237060546875</ele>
        <time>2026-08-26T21:46:06.000Z</time>
        <extensions>
          <ns3:TrackPointExtension>
            <ns3:hr>133</ns3:hr>
            <ns3:cad>92</ns3:cad>
          </ns3:TrackPointExtension>
        </extensions>
      </trkpt>
      <trkpt lat="29.292048253118991851806640625" lon="117.25292173214256763458251953125">
        <ele>32.799999237060546875</ele>
        <time>2026-08-26T21:46:07.000Z</time>
        <extensions>
          <ns3:TrackPointExtension>
            <ns3:hr>133</ns3:hr>
            <ns3:cad>92</ns3:cad>
          </ns3:TrackPointExtension>
        </extensions>
      </trkpt>
      <trkpt lat="29.29205906577408313751220703125" lon="117.25295123644173145294189453125">
        <ele>32.799999237060546875</ele>
        <time>2026-08-26T21:46:08.000Z</time>
        <extensions>
          <ns3:TrackPointExtension>
            <ns3:hr>132</ns3:hr>
            <ns3:cad>92</ns3:cad>
          </ns3:TrackPointExtension>
        </extensions>
      </trkpt>
      <trkpt lat="29.29206912405788898468017578125" lon="117.25297755561769008636474609375">
        <ele>33</ele>
        <time>2026-08-26T21:46:09.000Z</time>
        <extensions>
          <ns3:TrackPointExtension>
            <ns3:hr>132</ns3:hr>
            <ns3:cad>92</ns3:cad>
          </ns3:TrackPointExtension>
        </extensions>
      </trkpt>
      <trkpt lat="29.29207381792366504669189453125" lon="117.25300136022269725799560546875">
        <ele>33</ele>
        <time>2026-08-26T21:46:10.000Z</time>
        <extensions>
          <ns3:TrackPointExtension>
            <ns3:hr>132</ns3:hr>
            <ns3:cad>92</ns3:cad>
          </ns3:TrackPointExtension>
        </extensions>
      </trkpt>
      <trkpt lat="29.2920841276645660400390625" lon="117.25302793085575103759765625">
        <ele>33</ele>
        <time>2026-08-26T21:46:11.000Z</time>
        <extensions>
          <ns3:TrackPointExtension>
            <ns3:hr>132</ns3:hr>
            <ns3:cad>91</ns3:cad>
          </ns3:TrackPointExtension>
        </extensions>
      </trkpt>
      <trkpt lat="29.29209284484386444091796875" lon="117.25304896943271160125732421875">
        <ele>33</ele>
        <time>2026-08-26T21:46:12.000Z</time>
        <extensions>
          <ns3:TrackPointExtension>
            <ns3:hr>132</ns3:hr>
            <ns3:cad>91</ns3:cad>
          </ns3:TrackPointExtension>
        </extensions>
      </trkpt>
      <trkpt lat="29.29210131056606769561767578125" lon="117.25307445041835308074951171875">
        <ele>33</ele>
        <time>2026-08-26T21:46:13.000Z</time>
        <extensions>
          <ns3:TrackPointExtension>
            <ns3:hr>132</ns3:hr>
            <ns3:cad>91</ns3:cad>
          </ns3:TrackPointExtension>
        </extensions>
      </trkpt>
      <trkpt lat="29.292113296687602996826171875" lon="117.25309808738529682159423828125">
        <ele>33</ele>
        <time>2026-08-26T21:46:14.000Z</time>
        <extensions>
          <ns3:TrackPointExtension>
            <ns3:hr>132</ns3:hr>
            <ns3:cad>91</ns3:cad>
          </ns3:TrackPointExtension>
        </extensions>
      </trkpt>
      <trkpt lat="29.29212545044720172882080078125" lon="117.25312558002769947052001953125">
        <ele>33</ele>
        <time>2026-08-26T21:46:15.000Z</time>
        <extensions>
          <ns3:TrackPointExtension>
            <ns3:hr>132</ns3:hr>
            <ns3:cad>92</ns3:cad>
          </ns3:TrackPointExtension>
        </extensions>
      </trkpt>
      <trkpt lat="29.2921412922441959381103515625" lon="117.25314687006175518035888671875">
        <ele>33</ele>
        <time>2026-08-26T21:46:16.000Z</time>
        <extensions>
          <ns3:TrackPointExtension>
            <ns3:hr>132</ns3:hr>
            <ns3:cad>92</ns3:cad>
          </ns3:TrackPointExtension>
        </extensions>
      </trkpt>
      <trkpt lat="29.2921513505280017852783203125" lon="117.25317654199898242950439453125">
        <ele>33</ele>
        <time>2026-08-26T21:46:17.000Z</time>
        <extensions>
          <ns3:TrackPointExtension>
            <ns3:hr>132</ns3:hr>
            <ns3:cad>92</ns3:cad>
          </ns3:TrackPointExtension>
        </extensions>
      </trkpt>
      <trkpt lat="29.2921645939350128173828125" lon="117.2531980834901332855224609375">
        <ele>33</ele>
        <time>2026-08-26T21:46:18.000Z</time>
        <extensions>
          <ns3:TrackPointExtension>
            <ns3:hr>133</ns3:hr>
            <ns3:cad>92</ns3:cad>
          </ns3:TrackPointExtension>
        </extensions>
      </trkpt>
      <trkpt lat="29.29217406548559665679931640625" lon="117.25323203019797801971435546875">
        <ele>33</ele>
        <time>2026-08-26T21:46:19.000Z</time>
        <extensions>
          <ns3:TrackPointExtension>
            <ns3:hr>133</ns3:hr>
            <ns3:cad>92</ns3:cad>
          </ns3:TrackPointExtension>
        </extensions>
      </trkpt>
      <trkpt lat="29.29218680597841739654541015625" lon="117.253252565860748291015625">
        <ele>33</ele>
        <time>2026-08-26T21:46:20.000Z</time>
        <extensions>
          <ns3:TrackPointExtension>
            <ns3:hr>134</ns3:hr>
            <ns3:cad>92</ns3:cad>
          </ns3:TrackPointExtension>
        </extensions>
      </trkpt>
      <trkpt lat="29.29219610989093780517578125" lon="117.253285758197307586669921875">
        <ele>33</ele>
        <time>2026-08-26T21:46:21.000Z</time>
        <extensions>
          <ns3:TrackPointExtension>
            <ns3:hr>134</ns3:hr>
            <ns3:cad>92</ns3:cad>
          </ns3:TrackPointExtension>
        </extensions>
      </trkpt>
      <trkpt lat="29.29220977239310741424560546875" lon="117.253304533660411834716796875">
        <ele>33.200000762939453125</ele>
        <time>2026-08-26T21:46:22.000Z</time>
        <extensions>
          <ns3:TrackPointExtension>
            <ns3:hr>135</ns3:hr>
            <ns3:cad>92</ns3:cad>
          </ns3:TrackPointExtension>
        </extensions>
      </trkpt>
      <trkpt lat="29.2922200821340084075927734375" lon="117.253338061273097991943359375">
        <ele>33.200000762939453125</ele>
        <time>2026-08-26T21:46:23.000Z</time>
        <extensions>
          <ns3:TrackPointExtension>
            <ns3:hr>135</ns3:hr>
            <ns3:cad>92</ns3:cad>
          </ns3:TrackPointExtension>
        </extensions>
      </trkpt>
      <trkpt lat="29.292232654988765716552734375" lon="117.2533580102026462554931640625">
        <ele>33.200000762939453125</ele>
        <time>2026-08-26T21:46:24.000Z</time>
        <extensions>
          <ns3:TrackPointExtension>
            <ns3:hr>135</ns3:hr>
            <ns3:cad>92</ns3:cad>
          </ns3:TrackPointExtension>
        </extensions>
      </trkpt>
      <trkpt lat="29.2922401987016201019287109375" lon="117.25338893942534923553466796875">
        <ele>33.200000762939453125</ele>
        <time>2026-08-26T21:46:25.000Z</time>
        <extensions>
          <ns3:TrackPointExtension>
            <ns3:hr>136</ns3:hr>
            <ns3:cad>92</ns3:cad>
          </ns3:TrackPointExtension>
        </extensions>
      </trkpt>
      <trkpt lat="29.2922505922615528106689453125" lon="117.25340905599296092987060546875">
        <ele>33.200000762939453125</ele>
        <time>2026-08-26T21:46:26.000Z</time>
        <extensions>
          <ns3:TrackPointExtension>
            <ns3:hr>136</ns3:hr>
            <ns3:cad>92</ns3:cad>
          </ns3:TrackPointExtension>
        </extensions>
      </trkpt>
      <trkpt lat="29.29225721396505832672119140625" lon="117.2534398175776004791259765625">
        <ele>33.200000762939453125</ele>
        <time>2026-08-26T21:46:27.000Z</time>
        <extensions>
          <ns3:TrackPointExtension>
            <ns3:hr>136</ns3:hr>
            <ns3:cad>92</ns3:cad>
          </ns3:TrackPointExtension>
        </extensions>
      </trkpt>
      <trkpt lat="29.292267858982086181640625" lon="117.253458760678768157958984375">
        <ele>33</ele>
        <time>2026-08-26T21:46:28.000Z</time>
        <extensions>
          <ns3:TrackPointExtension>
            <ns3:hr>136</ns3:hr>
            <ns3:cad>92</ns3:cad>
          </ns3:TrackPointExtension>
        </extensions>
      </trkpt>
      <trkpt lat="29.29227330721914768218994140625" lon="117.2534899413585662841796875">
        <ele>33</ele>
        <time>2026-08-26T21:46:29.000Z</time>
        <extensions>
          <ns3:TrackPointExtension>
            <ns3:hr>136</ns3:hr>
            <ns3:cad>92</ns3:cad>
          </ns3:TrackPointExtension>
        </extensions>
      </trkpt>
      <trkpt lat="29.29228453896939754486083984375" lon="117.2535087168216705322265625">
        <ele>33</ele>
        <time>2026-08-26T21:46:30.000Z</time>
        <extensions>
          <ns3:TrackPointExtension>
            <ns3:hr>136</ns3:hr>
            <ns3:cad>92</ns3:cad>
          </ns3:TrackPointExtension>
        </extensions>
      </trkpt>
      <trkpt lat="29.29229208268225193023681640625" lon="117.2535397298634052276611328125">
        <ele>33</ele>
        <time>2026-08-26T21:46:31.000Z</time>
        <extensions>
          <ns3:TrackPointExtension>
            <ns3:hr>137</ns3:hr>
            <ns3:cad>91</ns3:cad>
          </ns3:TrackPointExtension>
        </extensions>
      </trkpt>
      <trkpt lat="29.29230717010796070098876953125" lon="117.25356143899261951446533203125">
        <ele>33</ele>
        <time>2026-08-26T21:46:32.000Z</time>
        <extensions>
          <ns3:TrackPointExtension>
            <ns3:hr>136</ns3:hr>
            <ns3:cad>91</ns3:cad>
          </ns3:TrackPointExtension>
        </extensions>
      </trkpt>
      <trkpt lat="29.29231521673500537872314453125" lon="117.253592871129512786865234375">
        <ele>33</ele>
        <time>2026-08-26T21:46:33.000Z</time>
        <extensions>
          <ns3:TrackPointExtension>
            <ns3:hr>136</ns3:hr>
            <ns3:cad>90</ns3:cad>
          </ns3:TrackPointExtension>
        </extensions>
      </trkpt>
      <trkpt lat="29.29232753813266754150390625" lon="117.25361491553485393524169921875">
        <ele>33</ele>
        <time>2026-08-26T21:46:34.000Z</time>
        <extensions>
          <ns3:TrackPointExtension>
            <ns3:hr>136</ns3:hr>
            <ns3:cad>90</ns3:cad>
          </ns3:TrackPointExtension>
        </extensions>
      </trkpt>
      <trkpt lat="29.29233491420745849609375" lon="117.25364441983401775360107421875">
        <ele>33</ele>
        <time>2026-08-26T21:46:35.000Z</time>
        <extensions>
          <ns3:TrackPointExtension>
            <ns3:hr>136</ns3:hr>
            <ns3:cad>91</ns3:cad>
          </ns3:TrackPointExtension>
        </extensions>
      </trkpt>
      <trkpt lat="29.29234975017607212066650390625" lon="117.25366629660129547119140625">
        <ele>33.200000762939453125</ele>
        <time>2026-08-26T21:46:36.000Z</time>
        <extensions>
          <ns3:TrackPointExtension>
            <ns3:hr>136</ns3:hr>
            <ns3:cad>91</ns3:cad>
          </ns3:TrackPointExtension>
        </extensions>
      </trkpt>
      <trkpt lat="29.29235813207924365997314453125" lon="117.253692783415317535400390625">
        <ele>33.200000762939453125</ele>
        <time>2026-08-26T21:46:37.000Z</time>
        <extensions>
          <ns3:TrackPointExtension>
            <ns3:hr>135</ns3:hr>
            <ns3:cad>91</ns3:cad>
          </ns3:TrackPointExtension>
        </extensions>
      </trkpt>
      <trkpt lat="29.2923692800104618072509765625" lon="117.25371323525905609130859375">
        <ele>33.200000762939453125</ele>
        <time>2026-08-26T21:46:38.000Z</time>
        <extensions>
          <ns3:TrackPointExtension>
            <ns3:hr>135</ns3:hr>
            <ns3:cad>92</ns3:cad>
          </ns3:TrackPointExtension>
        </extensions>
      </trkpt>
      <trkpt lat="29.2923833616077899932861328125" lon="117.25373947061598300933837890625">
        <ele>33.200000762939453125</ele>
        <time>2026-08-26T21:46:39.000Z</time>
        <extensions>
          <ns3:TrackPointExtension>
            <ns3:hr>135</ns3:hr>
            <ns3:cad>91</ns3:cad>
          </ns3:TrackPointExtension>
        </extensions>
      </trkpt>
      <trkpt lat="29.2923967726528644561767578125" lon="117.25377014838159084320068359375">
        <ele>33.200000762939453125</ele>
        <time>2026-08-26T21:46:40.000Z</time>
        <extensions>
          <ns3:TrackPointExtension>
            <ns3:hr>135</ns3:hr>
            <ns3:cad>91</ns3:cad>
          </ns3:TrackPointExtension>
        </extensions>
      </trkpt>
      <trkpt lat="29.29241093806922435760498046875" lon="117.253791354596614837646484375">
        <ele>33.200000762939453125</ele>
        <time>2026-08-26T21:46:41.000Z</time>
        <extensions>
          <ns3:TrackPointExtension>
            <ns3:hr>135</ns3:hr>
            <ns3:cad>91</ns3:cad>
          </ns3:TrackPointExtension>
        </extensions>
      </trkpt>
      <trkpt lat="29.2924219183623790740966796875" lon="117.2538243792951107025146484375">
        <ele>33.200000762939453125</ele>
        <time>2026-08-26T21:46:42.000Z</time>
        <extensions>
          <ns3:TrackPointExtension>
            <ns3:hr>135</ns3:hr>
            <ns3:cad>91</ns3:cad>
          </ns3:TrackPointExtension>
        </extensions>
      </trkpt>
      <trkpt lat="29.29243692196905612945556640625" lon="117.25384592078626155853271484375">
        <ele>33.200000762939453125</ele>
        <time>2026-08-26T21:46:43.000Z</time>
        <extensions>
          <ns3:TrackPointExtension>
            <ns3:hr>135</ns3:hr>
            <ns3:cad>91</ns3:cad>
          </ns3:TrackPointExtension>
        </extensions>
      </trkpt>
      <trkpt lat="29.29244957864284515380859375" lon="117.2538803704082965850830078125">
        <ele>33.200000762939453125</ele>
        <time>2026-08-26T21:46:44.000Z</time>
        <extensions>
          <ns3:TrackPointExtension>
            <ns3:hr>135</ns3:hr>
            <ns3:cad>91</ns3:cad>
          </ns3:TrackPointExtension>
        </extensions>
      </trkpt>
      <trkpt lat="29.2924650013446807861328125" lon="117.253900654613971710205078125">
        <ele>33.200000762939453125</ele>
        <time>2026-08-26T21:46:45.000Z</time>
        <extensions>
          <ns3:TrackPointExtension>
            <ns3:hr>135</ns3:hr>
            <ns3:cad>91</ns3:cad>
          </ns3:TrackPointExtension>
        </extensions>
      </trkpt>
      <trkpt lat="29.29247816093266010284423828125" lon="117.25393292494118213653564453125">
        <ele>33.200000762939453125</ele>
        <time>2026-08-26T21:46:46.000Z</time>
        <extensions>
          <ns3:TrackPointExtension>
            <ns3:hr>135</ns3:hr>
            <ns3:cad>91</ns3:cad>
          </ns3:TrackPointExtension>
        </extensions>
      </trkpt>
      <trkpt lat="29.2924933321774005889892578125" lon="117.25395203568041324615478515625">
        <ele>33.200000762939453125</ele>
        <time>2026-08-26T21:46:47.000Z</time>
        <extensions>
          <ns3:TrackPointExtension>
            <ns3:hr>135</ns3:hr>
            <ns3:cad>91</ns3:cad>
          </ns3:TrackPointExtension>
        </extensions>
      </trkpt>
      <trkpt lat="29.2925037257373332977294921875" lon="117.25398438982665538787841796875">
        <ele>33.200000762939453125</ele>
        <time>2026-08-26T21:46:48.000Z</time>
        <extensions>
          <ns3:TrackPointExtension>
            <ns3:hr>134</ns3:hr>
            <ns3:cad>91</ns3:cad>
          </ns3:TrackPointExtension>
        </extensions>
      </trkpt>
      <trkpt lat="29.29251587949693202972412109375" lon="117.25399964489042758941650390625">
        <ele>33.40000152587890625</ele>
        <time>2026-08-26T21:46:49.000Z</time>
        <extensions>
          <ns3:TrackPointExtension>
            <ns3:hr>133</ns3:hr>
            <ns3:cad>91</ns3:cad>
          </ns3:TrackPointExtension>
        </extensions>
      </trkpt>
      <trkpt lat="29.29252694360911846160888671875" lon="117.25403501652181148529052734375">
        <ele>33.40000152587890625</ele>
        <time>2026-08-26T21:46:50.000Z</time>
        <extensions>
          <ns3:TrackPointExtension>
            <ns3:hr>133</ns3:hr>
            <ns3:cad>92</ns3:cad>
          </ns3:TrackPointExtension>
        </extensions>
      </trkpt>
      <trkpt lat="29.29253901354968547821044921875" lon="117.254051864147186279296875">
        <ele>33.40000152587890625</ele>
        <time>2026-08-26T21:46:51.000Z</time>
        <extensions>
          <ns3:TrackPointExtension>
            <ns3:hr>133</ns3:hr>
            <ns3:cad>92</ns3:cad>
          </ns3:TrackPointExtension>
        </extensions>
      </trkpt>
      <trkpt lat="29.29254873655736446380615234375" lon="117.25408161990344524383544921875">
        <ele>33.40000152587890625</ele>
        <time>2026-08-26T21:46:52.000Z</time>
        <extensions>
          <ns3:TrackPointExtension>
            <ns3:hr>132</ns3:hr>
            <ns3:cad>92</ns3:cad>
          </ns3:TrackPointExtension>
        </extensions>
      </trkpt>
      <trkpt lat="29.29256021976470947265625" lon="117.2541009820997714996337890625">
        <ele>33.40000152587890625</ele>
        <time>2026-08-26T21:46:53.000Z</time>
        <extensions>
          <ns3:TrackPointExtension>
            <ns3:hr>131</ns3:hr>
            <ns3:cad>92</ns3:cad>
          </ns3:TrackPointExtension>
        </extensions>
      </trkpt>
      <trkpt lat="29.29256667383015155792236328125" lon="117.25413124077022075653076171875">
        <ele>33.40000152587890625</ele>
        <time>2026-08-26T21:46:54.000Z</time>
        <extensions>
          <ns3:TrackPointExtension>
            <ns3:hr>131</ns3:hr>
            <ns3:cad>92</ns3:cad>
          </ns3:TrackPointExtension>
        </extensions>
      </trkpt>
      <trkpt lat="29.2925778217613697052001953125" lon="117.25415135733783245086669921875">
        <ele>33.40000152587890625</ele>
        <time>2026-08-26T21:46:55.000Z</time>
        <extensions>
          <ns3:TrackPointExtension>
            <ns3:hr>130</ns3:hr>
            <ns3:cad>92</ns3:cad>
          </ns3:TrackPointExtension>
        </extensions>
      </trkpt>
      <trkpt lat="29.2925862036645412445068359375" lon="117.254183627665042877197265625">
        <ele>33.40000152587890625</ele>
        <time>2026-08-26T21:46:56.000Z</time>
        <extensions>
          <ns3:TrackPointExtension>
            <ns3:hr>130</ns3:hr>
            <ns3:cad>92</ns3:cad>
          </ns3:TrackPointExtension>
        </extensions>
      </trkpt>
      <trkpt lat="29.2925986088812351226806640625" lon="117.2542032413184642791748046875">
        <ele>33.40000152587890625</ele>
        <time>2026-08-26T21:46:57.000Z</time>
        <extensions>
          <ns3:TrackPointExtension>
            <ns3:hr>129</ns3:hr>
            <ns3:cad>92</ns3:cad>
          </ns3:TrackPointExtension>
        </extensions>
      </trkpt>
      <trkpt lat="29.29260539822280406951904296875" lon="117.254231236875057220458984375">
        <ele>33.40000152587890625</ele>
        <time>2026-08-26T21:46:58.000Z</time>
        <extensions>
          <ns3:TrackPointExtension>
            <ns3:hr>129</ns3:hr>
            <ns3:cad>91</ns3:cad>
          </ns3:TrackPointExtension>
        </extensions>
      </trkpt>
      <trkpt lat="29.2926220782101154327392578125" lon="117.25425126962363719940185546875">
        <ele>33.40000152587890625</ele>
        <time>2026-08-26T21:46:59.000Z</time>
        <extensions>
          <ns3:TrackPointExtension>
            <ns3:hr>129</ns3:hr>
            <ns3:cad>91</ns3:cad>
          </ns3:TrackPointExtension>
        </extensions>
      </trkpt>
      <trkpt lat="29.2926311306655406951904296875" lon="117.25427918136119842529296875">
        <ele>33.40000152587890625</ele>
        <time>2026-08-26T21:47:00.000Z</time>
        <extensions>
          <ns3:TrackPointExtension>
            <ns3:hr>129</ns3:hr>
            <ns3:cad>91</ns3:cad>
          </ns3:TrackPointExtension>
        </extensions>
      </trkpt>
      <trkpt lat="29.29264613427221775054931640625" lon="117.2543038241565227508544921875">
        <ele>33.40000152587890625</ele>
        <time>2026-08-26T21:47:01.000Z</time>
        <extensions>
          <ns3:TrackPointExtension>
            <ns3:hr>129</ns3:hr>
            <ns3:cad>92</ns3:cad>
          </ns3:TrackPointExtension>
        </extensions>
      </trkpt>
      <trkpt lat="29.29265786893665790557861328125" lon="117.254333831369876861572265625">
        <ele>33.40000152587890625</ele>
        <time>2026-08-26T21:47:02.000Z</time>
        <extensions>
          <ns3:TrackPointExtension>
            <ns3:hr>129</ns3:hr>
            <ns3:cad>92</ns3:cad>
          </ns3:TrackPointExtension>
        </extensions>
      </trkpt>
      <trkpt lat="29.2926710285246372222900390625" lon="117.25435989908874034881591796875">
        <ele>33.40000152587890625</ele>
        <time>2026-08-26T21:47:03.000Z</time>
        <extensions>
          <ns3:TrackPointExtension>
            <ns3:hr>128</ns3:hr>
            <ns3:cad>92</ns3:cad>
          </ns3:TrackPointExtension>
        </extensions>
      </trkpt>
      <trkpt lat="29.292680919170379638671875" lon="117.2543899901211261749267578125">
        <ele>33.40000152587890625</ele>
        <time>2026-08-26T21:47:04.000Z</time>
        <extensions>
          <ns3:TrackPointExtension>
            <ns3:hr>127</ns3:hr>
            <ns3:cad>92</ns3:cad>
          </ns3:TrackPointExtension>
        </extensions>
      </trkpt>
      <trkpt lat="29.292696006596088409423828125" lon="117.2544174827635288238525390625">
        <ele>33.40000152587890625</ele>
        <time>2026-08-26T21:47:05.000Z</time>
        <extensions>
          <ns3:TrackPointExtension>
            <ns3:hr>127</ns3:hr>
            <ns3:cad>92</ns3:cad>
          </ns3:TrackPointExtension>
        </extensions>
      </trkpt>
      <trkpt lat="29.292706064879894256591796875" lon="117.254444472491741180419921875">
        <ele>33.40000152587890625</ele>
        <time>2026-08-26T21:47:06.000Z</time>
        <extensions>
          <ns3:TrackPointExtension>
            <ns3:hr>126</ns3:hr>
            <ns3:cad>92</ns3:cad>
          </ns3:TrackPointExtension>
        </extensions>
      </trkpt>
      <trkpt lat="29.29272023029625415802001953125" lon="117.2544781677424907684326171875">
        <ele>33.40000152587890625</ele>
        <time>2026-08-26T21:47:07.000Z</time>
        <extensions>
          <ns3:TrackPointExtension>
            <ns3:hr>126</ns3:hr>
            <ns3:cad>92</ns3:cad>
          </ns3:TrackPointExtension>
        </extensions>
      </trkpt>
      <trkpt lat="29.29273431189358234405517578125" lon="117.25449903868138790130615234375">
        <ele>33.40000152587890625</ele>
        <time>2026-08-26T21:47:08.000Z</time>
        <extensions>
          <ns3:TrackPointExtension>
            <ns3:hr>126</ns3:hr>
            <ns3:cad>92</ns3:cad>
          </ns3:TrackPointExtension>
        </extensions>
      </trkpt>
      <trkpt lat="29.29274520836770534515380859375" lon="117.254528962075710296630859375">
        <ele>33.40000152587890625</ele>
        <time>2026-08-26T21:47:09.000Z</time>
        <extensions>
          <ns3:TrackPointExtension>
            <ns3:hr>125</ns3:hr>
            <ns3:cad>92</ns3:cad>
          </ns3:TrackPointExtension>
        </extensions>
      </trkpt>
      <trkpt lat="29.292761050164699554443359375" lon="117.2545482404530048370361328125">
        <ele>33.40000152587890625</ele>
        <time>2026-08-26T21:47:10.000Z</time>
        <extensions>
          <ns3:TrackPointExtension>
            <ns3:hr>125</ns3:hr>
            <ns3:cad>92</ns3:cad>
          </ns3:TrackPointExtension>
        </extensions>
      </trkpt>
      <trkpt lat="29.2927719466388225555419921875" lon="117.25457833148539066314697265625">
        <ele>33.40000152587890625</ele>
        <time>2026-08-26T21:47:11.000Z</time>
        <extensions>
          <ns3:TrackPointExtension>
            <ns3:hr>125</ns3:hr>
            <ns3:cad>92</ns3:cad>
          </ns3:TrackPointExtension>
        </extensions>
      </trkpt>
      <trkpt lat="29.29278678260743618011474609375" lon="117.2545968554913997650146484375">
        <ele>33.40000152587890625</ele>
        <time>2026-08-26T21:47:12.000Z</time>
        <extensions>
          <ns3:TrackPointExtension>
            <ns3:hr>125</ns3:hr>
            <ns3:cad>92</ns3:cad>
          </ns3:TrackPointExtension>
        </extensions>
      </trkpt>
      <trkpt lat="29.2927997745573520660400390625" lon="117.254628203809261322021484375">
        <ele>33.40000152587890625</ele>
        <time>2026-08-26T21:47:13.000Z</time>
        <extensions>
          <ns3:TrackPointExtension>
            <ns3:hr>125</ns3:hr>
            <ns3:cad>92</ns3:cad>
          </ns3:TrackPointExtension>
        </extensions>
      </trkpt>
      <trkpt lat="29.29281595163047313690185546875" lon="117.25464664399623870849609375">
        <ele>33.40000152587890625</ele>
        <time>2026-08-26T21:47:14.000Z</time>
        <extensions>
          <ns3:TrackPointExtension>
            <ns3:hr>124</ns3:hr>
            <ns3:cad>92</ns3:cad>
          </ns3:TrackPointExtension>
        </extensions>
      </trkpt>
      <trkpt lat="29.29282399825751781463623046875" lon="117.25468226708471775054931640625">
        <ele>33.40000152587890625</ele>
        <time>2026-08-26T21:47:15.000Z</time>
        <extensions>
          <ns3:TrackPointExtension>
            <ns3:hr>124</ns3:hr>
            <ns3:cad>92</ns3:cad>
          </ns3:TrackPointExtension>
        </extensions>
      </trkpt>
      <trkpt lat="29.2928386665880680084228515625" lon="117.25470406003296375274658203125">
        <ele>33.40000152587890625</ele>
        <time>2026-08-26T21:47:16.000Z</time>
        <extensions>
          <ns3:TrackPointExtension>
            <ns3:hr>124</ns3:hr>
            <ns3:cad>92</ns3:cad>
          </ns3:TrackPointExtension>
        </extensions>
      </trkpt>
      <trkpt lat="29.29284922778606414794921875" lon="117.2547380067408084869384765625">
        <ele>33.40000152587890625</ele>
        <time>2026-08-26T21:47:17.000Z</time>
        <extensions>
          <ns3:TrackPointExtension>
            <ns3:hr>125</ns3:hr>
            <ns3:cad>92</ns3:cad>
          </ns3:TrackPointExtension>
        </extensions>
      </trkpt>
      <trkpt lat="29.2928644828498363494873046875" lon="117.25475569255650043487548828125">
        <ele>33.40000152587890625</ele>
        <time>2026-08-26T21:47:18.000Z</time>
        <extensions>
          <ns3:TrackPointExtension>
            <ns3:hr>125</ns3:hr>
            <ns3:cad>92</ns3:cad>
          </ns3:TrackPointExtension>
        </extensions>
      </trkpt>
      <trkpt lat="29.29287009872496128082275390625" lon="117.25478787906467914581298828125">
        <ele>33.40000152587890625</ele>
        <time>2026-08-26T21:47:19.000Z</time>
        <extensions>
          <ns3:TrackPointExtension>
            <ns3:hr>125</ns3:hr>
            <ns3:cad>92</ns3:cad>
          </ns3:TrackPointExtension>
        </extensions>
      </trkpt>
      <trkpt lat="29.29287781007587909698486328125" lon="117.25481051020324230194091796875">
        <ele>33.200000762939453125</ele>
        <time>2026-08-26T21:47:20.000Z</time>
        <extensions>
          <ns3:TrackPointExtension>
            <ns3:hr>126</ns3:hr>
            <ns3:cad>92</ns3:cad>
          </ns3:TrackPointExtension>
        </extensions>
      </trkpt>
      <trkpt lat="29.2928887903690338134765625" lon="117.25484118796885013580322265625">
        <ele>33.200000762939453125</ele>
        <time>2026-08-26T21:47:21.000Z</time>
        <extensions>
          <ns3:TrackPointExtension>
            <ns3:hr>126</ns3:hr>
            <ns3:cad>92</ns3:cad>
          </ns3:TrackPointExtension>
        </extensions>
      </trkpt>
      <trkpt lat="29.29290027357637882232666015625" lon="117.25486650131642818450927734375">
        <ele>33.200000762939453125</ele>
        <time>2026-08-26T21:47:22.000Z</time>
        <extensions>
          <ns3:TrackPointExtension>
            <ns3:hr>126</ns3:hr>
            <ns3:cad>91</ns3:cad>
          </ns3:TrackPointExtension>
        </extensions>
      </trkpt>
      <trkpt lat="29.29290865547955036163330078125" lon="117.2548989392817020416259765625">
        <ele>33.200000762939453125</ele>
        <time>2026-08-26T21:47:23.000Z</time>
        <extensions>
          <ns3:TrackPointExtension>
            <ns3:hr>126</ns3:hr>
            <ns3:cad>91</ns3:cad>
          </ns3:TrackPointExtension>
        </extensions>
      </trkpt>
      <trkpt lat="29.292923323810100555419921875" lon="117.25492433644831180572509765625">
        <ele>33.200000762939453125</ele>
        <time>2026-08-26T21:47:24.000Z</time>
        <extensions>
          <ns3:TrackPointExtension>
            <ns3:hr>126</ns3:hr>
            <ns3:cad>91</ns3:cad>
          </ns3:TrackPointExtension>
        </extensions>
      </trkpt>
      <trkpt lat="29.2929332144558429718017578125" lon="117.25495241582393646240234375">
        <ele>33.200000762939453125</ele>
        <time>2026-08-26T21:47:25.000Z</time>
        <extensions>
          <ns3:TrackPointExtension>
            <ns3:hr>127</ns3:hr>
            <ns3:cad>92</ns3:cad>
          </ns3:TrackPointExtension>
        </extensions>
      </trkpt>
      <trkpt lat="29.2929476313292980194091796875" lon="117.25497865118086338043212890625">
        <ele>33.200000762939453125</ele>
        <time>2026-08-26T21:47:26.000Z</time>
        <extensions>
          <ns3:TrackPointExtension>
            <ns3:hr>127</ns3:hr>
            <ns3:cad>92</ns3:cad>
          </ns3:TrackPointExtension>
        </extensions>
      </trkpt>
      <trkpt lat="29.292959868907928466796875" lon="117.2550052218139171600341796875">
        <ele>33.200000762939453125</ele>
        <time>2026-08-26T21:47:27.000Z</time>
        <extensions>
          <ns3:TrackPointExtension>
            <ns3:hr>128</ns3:hr>
            <ns3:cad>92</ns3:cad>
          </ns3:TrackPointExtension>
        </extensions>
      </trkpt>
      <trkpt lat="29.29297168739140033721923828125" lon="117.25503397174179553985595703125">
        <ele>33</ele>
        <time>2026-08-26T21:47:28.000Z</time>
        <extensions>
          <ns3:TrackPointExtension>
            <ns3:hr>129</ns3:hr>
            <ns3:cad>92</ns3:cad>
          </ns3:TrackPointExtension>
        </extensions>
      </trkpt>
      <trkpt lat="29.2929885350167751312255859375" lon="117.25505475886166095733642578125">
        <ele>33</ele>
        <time>2026-08-26T21:47:29.000Z</time>
        <extensions>
          <ns3:TrackPointExtension>
            <ns3:hr>129</ns3:hr>
            <ns3:cad>92</ns3:cad>
          </ns3:TrackPointExtension>
        </extensions>
      </trkpt>
      <trkpt lat="29.2930006049573421478271484375" lon="117.255086190998554229736328125">
        <ele>33.200000762939453125</ele>
        <time>2026-08-26T21:47:30.000Z</time>
        <extensions>
          <ns3:TrackPointExtension>
            <ns3:hr>130</ns3:hr>
            <ns3:cad>92</ns3:cad>
          </ns3:TrackPointExtension>
        </extensions>
      </trkpt>
      <trkpt lat="29.29301493801176548004150390625" lon="117.2551061399281024932861328125">
        <ele>33</ele>
        <time>2026-08-26T21:47:31.000Z</time>
        <extensions>
          <ns3:TrackPointExtension>
            <ns3:hr>130</ns3:hr>
            <ns3:cad>92</ns3:cad>
          </ns3:TrackPointExtension>
        </extensions>
      </trkpt>
      <trkpt lat="29.29302767850458621978759765625" lon="117.255138494074344635009765625">
        <ele>33</ele>
        <time>2026-08-26T21:47:32.000Z</time>
        <extensions>
          <ns3:TrackPointExtension>
            <ns3:hr>131</ns3:hr>
            <ns3:cad>92</ns3:cad>
          </ns3:TrackPointExtension>
        </extensions>
      </trkpt>
      <trkpt lat="29.29304276593029499053955078125" lon="117.2551611252129077911376953125">
        <ele>33</ele>
        <time>2026-08-26T21:47:33.000Z</time>
        <extensions>
          <ns3:TrackPointExtension>
            <ns3:hr>131</ns3:hr>
            <ns3:cad>92</ns3:cad>
          </ns3:TrackPointExtension>
        </extensions>
      </trkpt>
      <trkpt lat="29.29305533878505229949951171875" lon="117.25519490428268909454345703125">
        <ele>33</ele>
        <time>2026-08-26T21:47:34.000Z</time>
        <extensions>
          <ns3:TrackPointExtension>
            <ns3:hr>132</ns3:hr>
            <ns3:cad>92</ns3:cad>
          </ns3:TrackPointExtension>
        </extensions>
      </trkpt>
      <trkpt lat="29.2930720187723636627197265625" lon="117.2552134282886981964111328125">
        <ele>33</ele>
        <time>2026-08-26T21:47:35.000Z</time>
        <extensions>
          <ns3:TrackPointExtension>
            <ns3:hr>132</ns3:hr>
            <ns3:cad>92</ns3:cad>
          </ns3:TrackPointExtension>
        </extensions>
      </trkpt>
      <trkpt lat="29.29308584891259670257568359375" lon="117.2552472911775112152099609375">
        <ele>33</ele>
        <time>2026-08-26T21:47:36.000Z</time>
        <extensions>
          <ns3:TrackPointExtension>
            <ns3:hr>132</ns3:hr>
            <ns3:cad>92</ns3:cad>
          </ns3:TrackPointExtension>
        </extensions>
      </trkpt>
      <trkpt lat="29.293103702366352081298828125" lon="117.25526832975447177886962890625">
        <ele>33</ele>
        <time>2026-08-26T21:47:37.000Z</time>
        <extensions>
          <ns3:TrackPointExtension>
            <ns3:hr>131</ns3:hr>
            <ns3:cad>92</ns3:cad>
          </ns3:TrackPointExtension>
        </extensions>
      </trkpt>
      <trkpt lat="29.293114431202411651611328125" lon="117.25530780851840972900390625">
        <ele>33</ele>
        <time>2026-08-26T21:47:38.000Z</time>
        <extensions>
          <ns3:TrackPointExtension>
            <ns3:hr>132</ns3:hr>
            <ns3:cad>91</ns3:cad>
          </ns3:TrackPointExtension>
        </extensions>
      </trkpt>
      <trkpt lat="29.29312884807586669921875" lon="117.2553304396569728851318359375">
        <ele>33.200000762939453125</ele>
        <time>2026-08-26T21:47:39.000Z</time>
        <extensions>
          <ns3:TrackPointExtension>
            <ns3:hr>132</ns3:hr>
            <ns3:cad>91</ns3:cad>
          </ns3:TrackPointExtension>
        </extensions>
      </trkpt>
      <trkpt lat="29.29313949309289455413818359375" lon="117.2553549148142337799072265625">
        <ele>33.200000762939453125</ele>
        <time>2026-08-26T21:47:40.000Z</time>
        <extensions>
          <ns3:TrackPointExtension>
            <ns3:hr>132</ns3:hr>
            <ns3:cad>91</ns3:cad>
          </ns3:TrackPointExtension>
        </extensions>
      </trkpt>
      <trkpt lat="29.29315256886184215545654296875" lon="117.2553780488669872283935546875">
        <ele>33</ele>
        <time>2026-08-26T21:47:41.000Z</time>
        <extensions>
          <ns3:TrackPointExtension>
            <ns3:hr>131</ns3:hr>
            <ns3:cad>91</ns3:cad>
          </ns3:TrackPointExtension>
        </extensions>
      </trkpt>
      <trkpt lat="29.2931622080504894256591796875" lon="117.25541233085095882415771484375">
        <ele>33</ele>
        <time>2026-08-26T21:47:42.000Z</time>
        <extensions>
          <ns3:TrackPointExtension>
            <ns3:hr>132</ns3:hr>
            <ns3:cad>91</ns3:cad>
          </ns3:TrackPointExtension>
        </extensions>
      </trkpt>
      <trkpt lat="29.2931732721626758575439453125" lon="117.25543529726564884185791015625">
        <ele>33</ele>
        <time>2026-08-26T21:47:43.000Z</time>
        <extensions>
          <ns3:TrackPointExtension>
            <ns3:hr>132</ns3:hr>
            <ns3:cad>91</ns3:cad>
          </ns3:TrackPointExtension>
        </extensions>
      </trkpt>
      <trkpt lat="29.29318358190357685089111328125" lon="117.2554672323167324066162109375">
        <ele>33</ele>
        <time>2026-08-26T21:47:44.000Z</time>
        <extensions>
          <ns3:TrackPointExtension>
            <ns3:hr>132</ns3:hr>
            <ns3:cad>91</ns3:cad>
          </ns3:TrackPointExtension>
        </extensions>
      </trkpt>
      <trkpt lat="29.29319967515766620635986328125" lon="117.25549145601689815521240234375">
        <ele>33</ele>
        <time>2026-08-26T21:47:45.000Z</time>
        <extensions>
          <ns3:TrackPointExtension>
            <ns3:hr>132</ns3:hr>
            <ns3:cad>91</ns3:cad>
          </ns3:TrackPointExtension>
        </extensions>
      </trkpt>
      <trkpt lat="29.29320956580340862274169921875" lon="117.2555215470492839813232421875">
        <ele>33</ele>
        <time>2026-08-26T21:47:46.000Z</time>
        <extensions>
          <ns3:TrackPointExtension>
            <ns3:hr>132</ns3:hr>
            <ns3:cad>92</ns3:cad>
          </ns3:TrackPointExtension>
        </extensions>
      </trkpt>
      <trkpt lat="29.29322716780006885528564453125" lon="117.25554493255913257598876953125">
        <ele>33</ele>
        <time>2026-08-26T21:47:47.000Z</time>
        <extensions>
          <ns3:TrackPointExtension>
            <ns3:hr>132</ns3:hr>
            <ns3:cad>92</ns3:cad>
          </ns3:TrackPointExtension>
        </extensions>
      </trkpt>
      <trkpt lat="29.29323823191225528717041015625" lon="117.25557200610637664794921875">
        <ele>33</ele>
        <time>2026-08-26T21:47:48.000Z</time>
        <extensions>
          <ns3:TrackPointExtension>
            <ns3:hr>133</ns3:hr>
            <ns3:cad>92</ns3:cad>
          </ns3:TrackPointExtension>
        </extensions>
      </trkpt>
      <trkpt lat="29.2932530678808689117431640625" lon="117.25560008548200130462646484375">
        <ele>33</ele>
        <time>2026-08-26T21:47:49.000Z</time>
        <extensions>
          <ns3:TrackPointExtension>
            <ns3:hr>133</ns3:hr>
            <ns3:cad>92</ns3:cad>
          </ns3:TrackPointExtension>
        </extensions>
      </trkpt>
      <trkpt lat="29.293263293802738189697265625" lon="117.25562791340053081512451171875">
        <ele>33</ele>
        <time>2026-08-26T21:47:50.000Z</time>
        <extensions>
          <ns3:TrackPointExtension>
            <ns3:hr>133</ns3:hr>
            <ns3:cad>91</ns3:cad>
          </ns3:TrackPointExtension>
        </extensions>
      </trkpt>
      <trkpt lat="29.29327611811459064483642578125" lon="117.2556569986045360565185546875">
        <ele>33</ele>
        <time>2026-08-26T21:47:51.000Z</time>
        <extensions>
          <ns3:TrackPointExtension>
            <ns3:hr>134</ns3:hr>
            <ns3:cad>91</ns3:cad>
          </ns3:TrackPointExtension>
        </extensions>
      </trkpt>
      <trkpt lat="29.29328684695065021514892578125" lon="117.2556841559708118438720703125">
        <ele>33</ele>
        <time>2026-08-26T21:47:52.000Z</time>
        <extensions>
          <ns3:TrackPointExtension>
            <ns3:hr>134</ns3:hr>
            <ns3:cad>92</ns3:cad>
          </ns3:TrackPointExtension>
        </extensions>
      </trkpt>
      <trkpt lat="29.2933003418147563934326171875" lon="117.25571357645094394683837890625">
        <ele>33</ele>
        <time>2026-08-26T21:47:53.000Z</time>
        <extensions>
          <ns3:TrackPointExtension>
            <ns3:hr>134</ns3:hr>
            <ns3:cad>92</ns3:cad>
          </ns3:TrackPointExtension>
        </extensions>
      </trkpt>
      <trkpt lat="29.29331182502210140228271484375" lon="117.25573687814176082611083984375">
        <ele>33.200000762939453125</ele>
        <time>2026-08-26T21:47:54.000Z</time>
        <extensions>
          <ns3:TrackPointExtension>
            <ns3:hr>133</ns3:hr>
            <ns3:cad>90</ns3:cad>
          </ns3:TrackPointExtension>
        </extensions>
      </trkpt>
      <trkpt lat="29.2933264933526515960693359375" lon="117.25576587952673435211181640625">
        <ele>33.200000762939453125</ele>
        <time>2026-08-26T21:47:55.000Z</time>
        <extensions>
          <ns3:TrackPointExtension>
            <ns3:hr>134</ns3:hr>
            <ns3:cad>90</ns3:cad>
          </ns3:TrackPointExtension>
        </extensions>
      </trkpt>
      <trkpt lat="29.29334216751158237457275390625" lon="117.25578733719885349273681640625">
        <ele>33.200000762939453125</ele>
        <time>2026-08-26T21:47:56.000Z</time>
        <extensions>
          <ns3:TrackPointExtension>
            <ns3:hr>134</ns3:hr>
            <ns3:cad>90</ns3:cad>
          </ns3:TrackPointExtension>
        </extensions>
      </trkpt>
      <trkpt lat="29.29335406981408596038818359375" lon="117.2558202780783176422119140625">
        <ele>33.200000762939453125</ele>
        <time>2026-08-26T21:47:57.000Z</time>
        <extensions>
          <ns3:TrackPointExtension>
            <ns3:hr>134</ns3:hr>
            <ns3:cad>90</ns3:cad>
          </ns3:TrackPointExtension>
        </extensions>
      </trkpt>
      <trkpt lat="29.29337133653461933135986328125" lon="117.2558447532355785369873046875">
        <ele>33</ele>
        <time>2026-08-26T21:47:58.000Z</time>
        <extensions>
          <ns3:TrackPointExtension>
            <ns3:hr>134</ns3:hr>
            <ns3:cad>90</ns3:cad>
          </ns3:TrackPointExtension>
        </extensions>
      </trkpt>
      <trkpt lat="29.2933855019509792327880859375" lon="117.25587769411504268646240234375">
        <ele>32.799999237060546875</ele>
        <time>2026-08-26T21:47:59.000Z</time>
        <extensions>
          <ns3:TrackPointExtension>
            <ns3:hr>134</ns3:hr>
            <ns3:cad>90</ns3:cad>
          </ns3:TrackPointExtension>
        </extensions>
      </trkpt>
      <trkpt lat="29.2934002541005611419677734375" lon="117.25589797832071781158447265625">
        <ele>32.799999237060546875</ele>
        <time>2026-08-26T21:48:00.000Z</time>
        <extensions>
          <ns3:TrackPointExtension>
            <ns3:hr>134</ns3:hr>
            <ns3:cad>90</ns3:cad>
          </ns3:TrackPointExtension>
        </extensions>
      </trkpt>
      <trkpt lat="29.29341106675565242767333984375" lon="117.2559329308569431304931640625">
        <ele>32.799999237060546875</ele>
        <time>2026-08-26T21:48:01.000Z</time>
        <extensions>
          <ns3:TrackPointExtension>
            <ns3:hr>134</ns3:hr>
            <ns3:cad>90</ns3:cad>
          </ns3:TrackPointExtension>
        </extensions>
      </trkpt>
      <trkpt lat="29.29342397488653659820556640625" lon="117.25595229305326938629150390625">
        <ele>32.799999237060546875</ele>
        <time>2026-08-26T21:48:02.000Z</time>
        <extensions>
          <ns3:TrackPointExtension>
            <ns3:hr>134</ns3:hr>
            <ns3:cad>91</ns3:cad>
          </ns3:TrackPointExtension>
        </extensions>
      </trkpt>
      <trkpt lat="29.293435625731945037841796875" lon="117.2559870779514312744140625">
        <ele>32.799999237060546875</ele>
        <time>2026-08-26T21:48:03.000Z</time>
        <extensions>
          <ns3:TrackPointExtension>
            <ns3:hr>133</ns3:hr>
            <ns3:cad>91</ns3:cad>
          </ns3:TrackPointExtension>
        </extensions>
      </trkpt>
      <trkpt lat="29.293447025120258331298828125" lon="117.2560107149183750152587890625">
        <ele>32.799999237060546875</ele>
        <time>2026-08-26T21:48:04.000Z</time>
        <extensions>
          <ns3:TrackPointExtension>
            <ns3:hr>134</ns3:hr>
            <ns3:cad>92</ns3:cad>
          </ns3:TrackPointExtension>
        </extensions>
      </trkpt>
      <trkpt lat="29.29345599375665187835693359375" lon="117.2560449130833148956298828125">
        <ele>32.799999237060546875</ele>
        <time>2026-08-26T21:48:05.000Z</time>
        <extensions>
          <ns3:TrackPointExtension>
            <ns3:hr>134</ns3:hr>
            <ns3:cad>92</ns3:cad>
          </ns3:TrackPointExtension>
        </extensions>
      </trkpt>
      <trkpt lat="29.29346881806850433349609375" lon="117.2560633532702922821044921875">
        <ele>32.799999237060546875</ele>
        <time>2026-08-26T21:48:06.000Z</time>
        <extensions>
          <ns3:TrackPointExtension>
            <ns3:hr>133</ns3:hr>
            <ns3:cad>92</ns3:cad>
          </ns3:TrackPointExtension>
        </extensions>
      </trkpt>
      <trkpt lat="29.2934773676097393035888671875" lon="117.2560972161591053009033203125">
        <ele>33</ele>
        <time>2026-08-26T21:48:07.000Z</time>
        <extensions>
          <ns3:TrackPointExtension>
            <ns3:hr>134</ns3:hr>
            <ns3:cad>92</ns3:cad>
          </ns3:TrackPointExtension>
        </extensions>
      </trkpt>
      <trkpt lat="29.29348885081708431243896484375" lon="117.25611892528831958770751953125">
        <ele>33</ele>
        <time>2026-08-26T21:48:08.000Z</time>
        <extensions>
          <ns3:TrackPointExtension>
            <ns3:hr>134</ns3:hr>
            <ns3:cad>92</ns3:cad>
          </ns3:TrackPointExtension>
        </extensions>
      </trkpt>
      <trkpt lat="29.2934968136250972747802734375" lon="117.2561518661677837371826171875">
        <ele>33</ele>
        <time>2026-08-26T21:48:09.000Z</time>
        <extensions>
          <ns3:TrackPointExtension>
            <ns3:hr>134</ns3:hr>
            <ns3:cad>92</ns3:cad>
          </ns3:TrackPointExtension>
        </extensions>
      </trkpt>
      <trkpt lat="29.2935085482895374298095703125" lon="117.25617810152471065521240234375">
        <ele>33</ele>
        <time>2026-08-26T21:48:10.000Z</time>
        <extensions>
          <ns3:TrackPointExtension>
            <ns3:hr>134</ns3:hr>
            <ns3:cad>92</ns3:cad>
          </ns3:TrackPointExtension>
        </extensions>
      </trkpt>
      <trkpt lat="29.293520785868167877197265625" lon="117.25620240904390811920166015625">
        <ele>33</ele>
        <time>2026-08-26T21:48:11.000Z</time>
        <extensions>
          <ns3:TrackPointExtension>
            <ns3:hr>133</ns3:hr>
            <ns3:cad>92</ns3:cad>
          </ns3:TrackPointExtension>
        </extensions>
      </trkpt>
      <trkpt lat="29.2935346998274326324462890625" lon="117.25622235797345638275146484375">
        <ele>32.799999237060546875</ele>
        <time>2026-08-26T21:48:12.000Z</time>
        <extensions>
          <ns3:TrackPointExtension>
            <ns3:hr>134</ns3:hr>
            <ns3:cad>92</ns3:cad>
          </ns3:TrackPointExtension>
        </extensions>
      </trkpt>
      <trkpt lat="29.29354735650122165679931640625" lon="117.25625320337712764739990234375">
        <ele>32.799999237060546875</ele>
        <time>2026-08-26T21:48:13.000Z</time>
        <extensions>
          <ns3:TrackPointExtension>
            <ns3:hr>134</ns3:hr>
            <ns3:cad>91</ns3:cad>
          </ns3:TrackPointExtension>
        </extensions>
      </trkpt>
      <trkpt lat="29.293563365936279296875" lon="117.25627616979181766510009765625">
        <ele>32.799999237060546875</ele>
        <time>2026-08-26T21:48:14.000Z</time>
        <extensions>
          <ns3:TrackPointExtension>
            <ns3:hr>134</ns3:hr>
            <ns3:cad>91</ns3:cad>
          </ns3:TrackPointExtension>
        </extensions>
      </trkpt>
      <trkpt lat="29.2935756035149097442626953125" lon="117.25630835629999637603759765625">
        <ele>32.799999237060546875</ele>
        <time>2026-08-26T21:48:15.000Z</time>
        <extensions>
          <ns3:TrackPointExtension>
            <ns3:hr>134</ns3:hr>
            <ns3:cad>91</ns3:cad>
          </ns3:TrackPointExtension>
        </extensions>
      </trkpt>
      <trkpt lat="29.29359429515898227691650390625" lon="117.2563339211046695709228515625">
        <ele>32.799999237060546875</ele>
        <time>2026-08-26T21:48:16.000Z</time>
        <extensions>
          <ns3:TrackPointExtension>
            <ns3:hr>134</ns3:hr>
            <ns3:cad>91</ns3:cad>
          </ns3:TrackPointExtension>
        </extensions>
      </trkpt>
      <trkpt lat="29.29360452108085155487060546875" lon="117.25636451505124568939208984375">
        <ele>33</ele>
        <time>2026-08-26T21:48:17.000Z</time>
        <extensions>
          <ns3:TrackPointExtension>
            <ns3:hr>134</ns3:hr>
            <ns3:cad>92</ns3:cad>
          </ns3:TrackPointExtension>
        </extensions>
      </trkpt>
      <trkpt lat="29.29362011142075061798095703125" lon="117.256389744579792022705078125">
        <ele>33</ele>
        <time>2026-08-26T21:48:18.000Z</time>
        <extensions>
          <ns3:TrackPointExtension>
            <ns3:hr>134</ns3:hr>
            <ns3:cad>91</ns3:cad>
          </ns3:TrackPointExtension>
        </extensions>
      </trkpt>
      <trkpt lat="29.29363243281841278076171875" lon="117.256417572498321533203125">
        <ele>33</ele>
        <time>2026-08-26T21:48:19.000Z</time>
        <extensions>
          <ns3:TrackPointExtension>
            <ns3:hr>135</ns3:hr>
            <ns3:cad>91</ns3:cad>
          </ns3:TrackPointExtension>
        </extensions>
      </trkpt>
      <trkpt lat="29.29364852607250213623046875" lon="117.25644883699715137481689453125">
        <ele>32.799999237060546875</ele>
        <time>2026-08-26T21:48:20.000Z</time>
        <extensions>
          <ns3:TrackPointExtension>
            <ns3:hr>135</ns3:hr>
            <ns3:cad>92</ns3:cad>
          </ns3:TrackPointExtension>
        </extensions>
      </trkpt>
      <trkpt lat="29.293655566871166229248046875" lon="117.25647465325891971588134765625">
        <ele>32.799999237060546875</ele>
        <time>2026-08-26T21:48:21.000Z</time>
        <extensions>
          <ns3:TrackPointExtension>
            <ns3:hr>135</ns3:hr>
            <ns3:cad>91</ns3:cad>
          </ns3:TrackPointExtension>
        </extensions>
      </trkpt>
      <trkpt lat="29.2936711572110652923583984375" lon="117.256503738462924957275390625">
        <ele>33</ele>
        <time>2026-08-26T21:48:22.000Z</time>
        <extensions>
          <ns3:TrackPointExtension>
            <ns3:hr>135</ns3:hr>
            <ns3:cad>91</ns3:cad>
          </ns3:TrackPointExtension>
        </extensions>
      </trkpt>
      <trkpt lat="29.2936822213232517242431640625" lon="117.25653047673404216766357421875">
        <ele>32.799999237060546875</ele>
        <time>2026-08-26T21:48:23.000Z</time>
        <extensions>
          <ns3:TrackPointExtension>
            <ns3:hr>135</ns3:hr>
            <ns3:cad>91</ns3:cad>
          </ns3:TrackPointExtension>
        </extensions>
      </trkpt>
      <trkpt lat="29.29369353689253330230712890625" lon="117.25655746646225452423095703125">
        <ele>33</ele>
        <time>2026-08-26T21:48:24.000Z</time>
        <extensions>
          <ns3:TrackPointExtension>
            <ns3:hr>135</ns3:hr>
            <ns3:cad>91</ns3:cad>
          </ns3:TrackPointExtension>
        </extensions>
      </trkpt>
      <trkpt lat="29.29370309226214885711669921875" lon="117.2565813548862934112548828125">
        <ele>33</ele>
        <time>2026-08-26T21:48:25.000Z</time>
        <extensions>
          <ns3:TrackPointExtension>
            <ns3:hr>135</ns3:hr>
            <ns3:cad>91</ns3:cad>
          </ns3:TrackPointExtension>
        </extensions>
      </trkpt>
      <trkpt lat="29.29371801204979419708251953125" lon="117.25661412812769412994384765625">
        <ele>32.799999237060546875</ele>
        <time>2026-08-26T21:48:26.000Z</time>
        <extensions>
          <ns3:TrackPointExtension>
            <ns3:hr>135</ns3:hr>
            <ns3:cad>90</ns3:cad>
          </ns3:TrackPointExtension>
        </extensions>
      </trkpt>
      <trkpt lat="29.293731339275836944580078125" lon="117.25663759745657444000244140625">
        <ele>32.799999237060546875</ele>
        <time>2026-08-26T21:48:27.000Z</time>
        <extensions>
          <ns3:TrackPointExtension>
            <ns3:hr>135</ns3:hr>
            <ns3:cad>90</ns3:cad>
          </ns3:TrackPointExtension>
        </extensions>
      </trkpt>
      <trkpt lat="29.29374366067349910736083984375" lon="117.25666944868862628936767578125">
        <ele>32.799999237060546875</ele>
        <time>2026-08-26T21:48:28.000Z</time>
        <extensions>
          <ns3:TrackPointExtension>
            <ns3:hr>135</ns3:hr>
            <ns3:cad>91</ns3:cad>
          </ns3:TrackPointExtension>
        </extensions>
      </trkpt>
      <trkpt lat="29.29375715553760528564453125" lon="117.256692163646221160888671875">
        <ele>32.799999237060546875</ele>
        <time>2026-08-26T21:48:29.000Z</time>
        <extensions>
          <ns3:TrackPointExtension>
            <ns3:hr>135</ns3:hr>
            <ns3:cad>91</ns3:cad>
          </ns3:TrackPointExtension>
        </extensions>
      </trkpt>
      <trkpt lat="29.2937690578401088714599609375" lon="117.25672443397343158721923828125">
        <ele>32.799999237060546875</ele>
        <time>2026-08-26T21:48:30.000Z</time>
        <extensions>
          <ns3:TrackPointExtension>
            <ns3:hr>134</ns3:hr>
            <ns3:cad>91</ns3:cad>
          </ns3:TrackPointExtension>
        </extensions>
      </trkpt>
      <trkpt lat="29.2937861569225788116455078125" lon="117.25674387998878955841064453125">
        <ele>32.799999237060546875</ele>
        <time>2026-08-26T21:48:31.000Z</time>
        <extensions>
          <ns3:TrackPointExtension>
            <ns3:hr>134</ns3:hr>
            <ns3:cad>91</ns3:cad>
          </ns3:TrackPointExtension>
        </extensions>
      </trkpt>
      <trkpt lat="29.29380199871957302093505859375" lon="117.25677288137376308441162109375">
        <ele>32.799999237060546875</ele>
        <time>2026-08-26T21:48:32.000Z</time>
        <extensions>
          <ns3:TrackPointExtension>
            <ns3:hr>134</ns3:hr>
            <ns3:cad>90</ns3:cad>
          </ns3:TrackPointExtension>
        </extensions>
      </trkpt>
      <trkpt lat="29.29381842724978923797607421875" lon="117.256794758141040802001953125">
        <ele>32.799999237060546875</ele>
        <time>2026-08-26T21:48:33.000Z</time>
        <extensions>
          <ns3:TrackPointExtension>
            <ns3:hr>134</ns3:hr>
            <ns3:cad>90</ns3:cad>
          </ns3:TrackPointExtension>
        </extensions>
      </trkpt>
      <trkpt lat="29.29383133538067340850830078125" lon="117.256828956305980682373046875">
        <ele>32.799999237060546875</ele>
        <time>2026-08-26T21:48:34.000Z</time>
        <extensions>
          <ns3:TrackPointExtension>
            <ns3:hr>134</ns3:hr>
            <ns3:cad>90</ns3:cad>
          </ns3:TrackPointExtension>
        </extensions>
      </trkpt>
      <trkpt lat="29.29384835064411163330078125" lon="117.2568515874445438385009765625">
        <ele>32.799999237060546875</ele>
        <time>2026-08-26T21:48:35.000Z</time>
        <extensions>
          <ns3:TrackPointExtension>
            <ns3:hr>134</ns3:hr>
            <ns3:cad>90</ns3:cad>
          </ns3:TrackPointExtension>
        </extensions>
      </trkpt>
      <trkpt lat="29.2938589118421077728271484375" lon="117.256885282695293426513671875">
        <ele>32.799999237060546875</ele>
        <time>2026-08-26T21:48:36.000Z</time>
        <extensions>
          <ns3:TrackPointExtension>
            <ns3:hr>133</ns3:hr>
            <ns3:cad>90</ns3:cad>
          </ns3:TrackPointExtension>
        </extensions>
      </trkpt>
      <trkpt lat="29.29387425072491168975830078125" lon="117.25690749473869800567626953125">
        <ele>32.799999237060546875</ele>
        <time>2026-08-26T21:48:37.000Z</time>
        <extensions>
          <ns3:TrackPointExtension>
            <ns3:hr>134</ns3:hr>
            <ns3:cad>90</ns3:cad>
          </ns3:TrackPointExtension>
        </extensions>
      </trkpt>
      <trkpt lat="29.29388699121773242950439453125" lon="117.25693968124687671661376953125">
        <ele>32.799999237060546875</ele>
        <time>2026-08-26T21:48:38.000Z</time>
        <extensions>
          <ns3:TrackPointExtension>
            <ns3:hr>134</ns3:hr>
            <ns3:cad>90</ns3:cad>
          </ns3:TrackPointExtension>
        </extensions>
      </trkpt>
      <trkpt lat="29.29390174336731433868408203125" lon="117.256958372890949249267578125">
        <ele>32.799999237060546875</ele>
        <time>2026-08-26T21:48:39.000Z</time>
        <extensions>
          <ns3:TrackPointExtension>
            <ns3:hr>133</ns3:hr>
            <ns3:cad>90</ns3:cad>
          </ns3:TrackPointExtension>
        </extensions>
      </trkpt>
      <trkpt lat="29.2939135618507862091064453125" lon="117.25698796100914478302001953125">
        <ele>32.799999237060546875</ele>
        <time>2026-08-26T21:48:40.000Z</time>
        <extensions>
          <ns3:TrackPointExtension>
            <ns3:hr>134</ns3:hr>
            <ns3:cad>90</ns3:cad>
          </ns3:TrackPointExtension>
        </extensions>
      </trkpt>
      <trkpt lat="29.2939259670674800872802734375" lon="117.2570116817951202392578125">
        <ele>32.799999237060546875</ele>
        <time>2026-08-26T21:48:41.000Z</time>
        <extensions>
          <ns3:TrackPointExtension>
            <ns3:hr>134</ns3:hr>
            <ns3:cad>90</ns3:cad>
          </ns3:TrackPointExtension>
        </extensions>
      </trkpt>
      <trkpt lat="29.29393443278968334197998046875" lon="117.25704546086490154266357421875">
        <ele>32.799999237060546875</ele>
        <time>2026-08-26T21:48:42.000Z</time>
        <extensions>
          <ns3:TrackPointExtension>
            <ns3:hr>133</ns3:hr>
            <ns3:cad>90</ns3:cad>
          </ns3:TrackPointExtension>
        </extensions>
      </trkpt>
      <trkpt lat="29.29394625127315521240234375" lon="117.257066667079925537109375">
        <ele>32.799999237060546875</ele>
        <time>2026-08-26T21:48:43.000Z</time>
        <extensions>
          <ns3:TrackPointExtension>
            <ns3:hr>134</ns3:hr>
            <ns3:cad>90</ns3:cad>
          </ns3:TrackPointExtension>
        </extensions>
      </trkpt>
      <trkpt lat="29.29395153187215328216552734375" lon="117.2570966742932796478271484375">
        <ele>32.799999237060546875</ele>
        <time>2026-08-26T21:48:44.000Z</time>
        <extensions>
          <ns3:TrackPointExtension>
            <ns3:hr>134</ns3:hr>
            <ns3:cad>90</ns3:cad>
          </ns3:TrackPointExtension>
        </extensions>
      </trkpt>
      <trkpt lat="29.29396343417465686798095703125" lon="117.2571265138685703277587890625">
        <ele>33</ele>
        <time>2026-08-26T21:48:45.000Z</time>
        <extensions>
          <ns3:TrackPointExtension>
            <ns3:hr>133</ns3:hr>
            <ns3:cad>92</ns3:cad>
          </ns3:TrackPointExtension>
        </extensions>
      </trkpt>
      <trkpt lat="29.293976090848445892333984375" lon="117.2571543417870998382568359375">
        <ele>33.200000762939453125</ele>
        <time>2026-08-26T21:48:46.000Z</time>
        <extensions>
          <ns3:TrackPointExtension>
            <ns3:hr>134</ns3:hr>
            <ns3:cad>92</ns3:cad>
          </ns3:TrackPointExtension>
        </extensions>
      </trkpt>
      <trkpt lat="29.29399159736931324005126953125" lon="117.25718024186789989471435546875">
        <ele>33.40000152587890625</ele>
        <time>2026-08-26T21:48:47.000Z</time>
        <extensions>
          <ns3:TrackPointExtension>
            <ns3:hr>134</ns3:hr>
            <ns3:cad>92</ns3:cad>
          </ns3:TrackPointExtension>
        </extensions>
      </trkpt>
      <trkpt lat="29.294004924595355987548828125" lon="117.25720756687223911285400390625">
        <ele>33.59999847412109375</ele>
        <time>2026-08-26T21:48:48.000Z</time>
        <extensions>
          <ns3:TrackPointExtension>
            <ns3:hr>133</ns3:hr>
            <ns3:cad>92</ns3:cad>
          </ns3:TrackPointExtension>
        </extensions>
      </trkpt>
      <trkpt lat="29.29401640780270099639892578125" lon="117.25723472423851490020751953125">
        <ele>33.40000152587890625</ele>
        <time>2026-08-26T21:48:49.000Z</time>
        <extensions>
          <ns3:TrackPointExtension>
            <ns3:hr>134</ns3:hr>
            <ns3:cad>91</ns3:cad>
          </ns3:TrackPointExtension>
        </extensions>
      </trkpt>
      <trkpt lat="29.29402629844844341278076171875" lon="117.25725869648158550262451171875">
        <ele>33</ele>
        <time>2026-08-26T21:48:50.000Z</time>
        <extensions>
          <ns3:TrackPointExtension>
            <ns3:hr>133</ns3:hr>
            <ns3:cad>92</ns3:cad>
          </ns3:TrackPointExtension>
        </extensions>
      </trkpt>
      <trkpt lat="29.29404004476964473724365234375" lon="117.25728920660912990570068359375">
        <ele>32.799999237060546875</ele>
        <time>2026-08-26T21:48:51.000Z</time>
        <extensions>
          <ns3:TrackPointExtension>
            <ns3:hr>133</ns3:hr>
            <ns3:cad>92</ns3:cad>
          </ns3:TrackPointExtension>
        </extensions>
      </trkpt>
      <trkpt lat="29.2940501868724822998046875" lon="117.25731099955737590789794921875">
        <ele>32.59999847412109375</ele>
        <time>2026-08-26T21:48:52.000Z</time>
        <extensions>
          <ns3:TrackPointExtension>
            <ns3:hr>134</ns3:hr>
            <ns3:cad>92</ns3:cad>
          </ns3:TrackPointExtension>
        </extensions>
      </trkpt>
      <trkpt lat="29.2940620891749858856201171875" lon="117.2573370672762393951416015625">
        <ele>32.40000152587890625</ele>
        <time>2026-08-26T21:48:53.000Z</time>
        <extensions>
          <ns3:TrackPointExtension>
            <ns3:hr>134</ns3:hr>
            <ns3:cad>91</ns3:cad>
          </ns3:TrackPointExtension>
        </extensions>
      </trkpt>
      <trkpt lat="29.2940721474587917327880859375" lon="117.25736363790929317474365234375">
        <ele>32.40000152587890625</ele>
        <time>2026-08-26T21:48:54.000Z</time>
        <extensions>
          <ns3:TrackPointExtension>
            <ns3:hr>134</ns3:hr>
            <ns3:cad>91</ns3:cad>
          </ns3:TrackPointExtension>
        </extensions>
      </trkpt>
      <trkpt lat="29.29408480413258075714111328125" lon="117.25739113055169582366943359375">
        <ele>32.59999847412109375</ele>
        <time>2026-08-26T21:48:55.000Z</time>
        <extensions>
          <ns3:TrackPointExtension>
            <ns3:hr>133</ns3:hr>
            <ns3:cad>91</ns3:cad>
          </ns3:TrackPointExtension>
        </extensions>
      </trkpt>
      <trkpt lat="29.2940969578921794891357421875" lon="117.257412336766719818115234375">
        <ele>32.40000152587890625</ele>
        <time>2026-08-26T21:48:56.000Z</time>
        <extensions>
          <ns3:TrackPointExtension>
            <ns3:hr>133</ns3:hr>
            <ns3:cad>91</ns3:cad>
          </ns3:TrackPointExtension>
        </extensions>
      </trkpt>
      <trkpt lat="29.2941076867282390594482421875" lon="117.2574443556368350982666015625">
        <ele>32.40000152587890625</ele>
        <time>2026-08-26T21:48:57.000Z</time>
        <extensions>
          <ns3:TrackPointExtension>
            <ns3:hr>132</ns3:hr>
            <ns3:cad>90</ns3:cad>
          </ns3:TrackPointExtension>
        </extensions>
      </trkpt>
      <trkpt lat="29.2941180802881717681884765625" lon="117.25746966898441314697265625">
        <ele>32.40000152587890625</ele>
        <time>2026-08-26T21:48:58.000Z</time>
        <extensions>
          <ns3:TrackPointExtension>
            <ns3:hr>132</ns3:hr>
            <ns3:cad>90</ns3:cad>
          </ns3:TrackPointExtension>
        </extensions>
      </trkpt>
      <trkpt lat="29.29412671364843845367431640625" lon="117.25750185549259185791015625">
        <ele>32.40000152587890625</ele>
        <time>2026-08-26T21:48:59.000Z</time>
        <extensions>
          <ns3:TrackPointExtension>
            <ns3:hr>132</ns3:hr>
            <ns3:cad>90</ns3:cad>
          </ns3:TrackPointExtension>
        </extensions>
      </trkpt>
      <trkpt lat="29.29414079524576663970947265625" lon="117.2575218044221401214599609375">
        <ele>32.40000152587890625</ele>
        <time>2026-08-26T21:49:00.000Z</time>
        <extensions>
          <ns3:TrackPointExtension>
            <ns3:hr>133</ns3:hr>
            <ns3:cad>90</ns3:cad>
          </ns3:TrackPointExtension>
        </extensions>
      </trkpt>
      <trkpt lat="29.2941516079008579254150390625" lon="117.2575536556541919708251953125">
        <ele>32.40000152587890625</ele>
        <time>2026-08-26T21:49:01.000Z</time>
        <extensions>
          <ns3:TrackPointExtension>
            <ns3:hr>133</ns3:hr>
            <ns3:cad>91</ns3:cad>
          </ns3:TrackPointExtension>
        </extensions>
      </trkpt>
      <trkpt lat="29.2941628396511077880859375" lon="117.25757167674601078033447265625">
        <ele>32.59999847412109375</ele>
        <time>2026-08-26T21:49:02.000Z</time>
        <extensions>
          <ns3:TrackPointExtension>
            <ns3:hr>133</ns3:hr>
            <ns3:cad>91</ns3:cad>
          </ns3:TrackPointExtension>
        </extensions>
      </trkpt>
      <trkpt lat="29.2941757477819919586181640625" lon="117.25760386325418949127197265625">
        <ele>32.59999847412109375</ele>
        <time>2026-08-26T21:49:03.000Z</time>
        <extensions>
          <ns3:TrackPointExtension>
            <ns3:hr>133</ns3:hr>
            <ns3:cad>91</ns3:cad>
          </ns3:TrackPointExtension>
        </extensions>
      </trkpt>
      <trkpt lat="29.29418823681771755218505859375" lon="117.2576300986111164093017578125">
        <ele>32.59999847412109375</ele>
        <time>2026-08-26T21:49:04.000Z</time>
        <extensions>
          <ns3:TrackPointExtension>
            <ns3:hr>133</ns3:hr>
            <ns3:cad>91</ns3:cad>
          </ns3:TrackPointExtension>
        </extensions>
      </trkpt>
      <trkpt lat="29.29419695399701595306396484375" lon="117.257667817175388336181640625">
        <ele>32.59999847412109375</ele>
        <time>2026-08-26T21:49:05.000Z</time>
        <extensions>
          <ns3:TrackPointExtension>
            <ns3:hr>133</ns3:hr>
            <ns3:cad>92</ns3:cad>
          </ns3:TrackPointExtension>
        </extensions>
      </trkpt>
      <trkpt lat="29.2942082695662975311279296875" lon="117.2576894424855709075927734375">
        <ele>32.59999847412109375</ele>
        <time>2026-08-26T21:49:06.000Z</time>
        <extensions>
          <ns3:TrackPointExtension>
            <ns3:hr>133</ns3:hr>
            <ns3:cad>92</ns3:cad>
          </ns3:TrackPointExtension>
        </extensions>
      </trkpt>
      <trkpt lat="29.2942189984023571014404296875" lon="117.25772305391728878021240234375">
        <ele>32.59999847412109375</ele>
        <time>2026-08-26T21:49:07.000Z</time>
        <extensions>
          <ns3:TrackPointExtension>
            <ns3:hr>134</ns3:hr>
            <ns3:cad>92</ns3:cad>
          </ns3:TrackPointExtension>
        </extensions>
      </trkpt>
      <trkpt lat="29.2942314036190509796142578125" lon="117.2577414102852344512939453125">
        <ele>32.59999847412109375</ele>
        <time>2026-08-26T21:49:08.000Z</time>
        <extensions>
          <ns3:TrackPointExtension>
            <ns3:hr>134</ns3:hr>
            <ns3:cad>92</ns3:cad>
          </ns3:TrackPointExtension>
        </extensions>
      </trkpt>
      <trkpt lat="29.2942406237125396728515625" lon="117.2577752731740474700927734375">
        <ele>32.59999847412109375</ele>
        <time>2026-08-26T21:49:09.000Z</time>
        <extensions>
          <ns3:TrackPointExtension>
            <ns3:hr>135</ns3:hr>
            <ns3:cad>91</ns3:cad>
          </ns3:TrackPointExtension>
        </extensions>
      </trkpt>
      <trkpt lat="29.29425495676696300506591796875" lon="117.2577950544655323028564453125">
        <ele>32.59999847412109375</ele>
        <time>2026-08-26T21:49:10.000Z</time>
        <extensions>
          <ns3:TrackPointExtension>
            <ns3:hr>136</ns3:hr>
            <ns3:cad>90</ns3:cad>
          </ns3:TrackPointExtension>
        </extensions>
      </trkpt>
      <trkpt lat="29.29426501505076885223388671875" lon="117.2578315995633602142333984375">
        <ele>32.59999847412109375</ele>
        <time>2026-08-26T21:49:11.000Z</time>
        <extensions>
          <ns3:TrackPointExtension>
            <ns3:hr>138</ns3:hr>
            <ns3:cad>90</ns3:cad>
          </ns3:TrackPointExtension>
        </extensions>
      </trkpt>
      <trkpt lat="29.294277168810367584228515625" lon="117.25784962065517902374267578125">
        <ele>32.59999847412109375</ele>
        <time>2026-08-26T21:49:12.000Z</time>
        <extensions>
          <ns3:TrackPointExtension>
            <ns3:hr>140</ns3:hr>
            <ns3:cad>90</ns3:cad>
          </ns3:TrackPointExtension>
        </extensions>
      </trkpt>
      <trkpt lat="29.29428479634225368499755859375" lon="117.2578812204301357269287109375">
        <ele>32.59999847412109375</ele>
        <time>2026-08-26T21:49:13.000Z</time>
        <extensions>
          <ns3:TrackPointExtension>
            <ns3:hr>140</ns3:hr>
            <ns3:cad>90</ns3:cad>
          </ns3:TrackPointExtension>
        </extensions>
      </trkpt>
      <trkpt lat="29.29429720155894756317138671875" lon="117.2579006664454936981201171875">
        <ele>32.59999847412109375</ele>
        <time>2026-08-26T21:49:14.000Z</time>
        <extensions>
          <ns3:TrackPointExtension>
            <ns3:hr>141</ns3:hr>
            <ns3:cad>90</ns3:cad>
          </ns3:TrackPointExtension>
        </extensions>
      </trkpt>
      <trkpt lat="29.29430432617664337158203125" lon="117.257936708629131317138671875">
        <ele>32.59999847412109375</ele>
        <time>2026-08-26T21:49:15.000Z</time>
        <extensions>
          <ns3:TrackPointExtension>
            <ns3:hr>141</ns3:hr>
            <ns3:cad>90</ns3:cad>
          </ns3:TrackPointExtension>
        </extensions>
      </trkpt>
      <trkpt lat="29.29431237280368804931640625" lon="117.25796185433864593505859375">
        <ele>32.59999847412109375</ele>
        <time>2026-08-26T21:49:16.000Z</time>
        <extensions>
          <ns3:TrackPointExtension>
            <ns3:hr>141</ns3:hr>
            <ns3:cad>91</ns3:cad>
          </ns3:TrackPointExtension>
        </extensions>
      </trkpt>
      <trkpt lat="29.29431832395493984222412109375" lon="117.25799781270325183868408203125">
        <ele>32.59999847412109375</ele>
        <time>2026-08-26T21:49:17.000Z</time>
        <extensions>
          <ns3:TrackPointExtension>
            <ns3:hr>141</ns3:hr>
            <ns3:cad>92</ns3:cad>
          </ns3:TrackPointExtension>
        </extensions>
      </trkpt>
      <trkpt lat="29.294330812990665435791015625" lon="117.25802161730825901031494140625">
        <ele>32.59999847412109375</ele>
        <time>2026-08-26T21:49:18.000Z</time>
        <extensions>
          <ns3:TrackPointExtension>
            <ns3:hr>141</ns3:hr>
            <ns3:cad>92</ns3:cad>
          </ns3:TrackPointExtension>
        </extensions>
      </trkpt>
      <trkpt lat="29.294339530169963836669921875" lon="117.25805095396935939788818359375">
        <ele>32.799999237060546875</ele>
        <time>2026-08-26T21:49:19.000Z</time>
        <extensions>
          <ns3:TrackPointExtension>
            <ns3:hr>140</ns3:hr>
            <ns3:cad>92</ns3:cad>
          </ns3:TrackPointExtension>
        </extensions>
      </trkpt>
      <trkpt lat="29.2943510971963405609130859375" lon="117.25807576440274715423583984375">
        <ele>33</ele>
        <time>2026-08-26T21:49:20.000Z</time>
        <extensions>
          <ns3:TrackPointExtension>
            <ns3:hr>139</ns3:hr>
            <ns3:cad>90</ns3:cad>
          </ns3:TrackPointExtension>
        </extensions>
      </trkpt>
      <trkpt lat="29.294359646737575531005859375" lon="117.25810375995934009552001953125">
        <ele>33</ele>
        <time>2026-08-26T21:49:21.000Z</time>
        <extensions>
          <ns3:TrackPointExtension>
            <ns3:hr>138</ns3:hr>
            <ns3:cad>90</ns3:cad>
          </ns3:TrackPointExtension>
        </extensions>
      </trkpt>
      <trkpt lat="29.29437096230685710906982421875" lon="117.25812924094498157501220703125">
        <ele>33</ele>
        <time>2026-08-26T21:49:22.000Z</time>
        <extensions>
          <ns3:TrackPointExtension>
            <ns3:hr>138</ns3:hr>
            <ns3:cad>90</ns3:cad>
          </ns3:TrackPointExtension>
        </extensions>
      </trkpt>
      <trkpt lat="29.2943772487342357635498046875" lon="117.25815497338771820068359375">
        <ele>33</ele>
        <time>2026-08-26T21:49:23.000Z</time>
        <extensions>
          <ns3:TrackPointExtension>
            <ns3:hr>138</ns3:hr>
            <ns3:cad>90</ns3:cad>
          </ns3:TrackPointExtension>
        </extensions>
      </trkpt>
      <trkpt lat="29.29438906721770763397216796875" lon="117.258184142410755157470703125">
        <ele>33</ele>
        <time>2026-08-26T21:49:24.000Z</time>
        <extensions>
          <ns3:TrackPointExtension>
            <ns3:hr>137</ns3:hr>
            <ns3:cad>93</ns3:cad>
          </ns3:TrackPointExtension>
        </extensions>
      </trkpt>
      <trkpt lat="29.29440029896795749664306640625" lon="117.25820819847285747528076171875">
        <ele>32.799999237060546875</ele>
        <time>2026-08-26T21:49:25.000Z</time>
        <extensions>
          <ns3:TrackPointExtension>
            <ns3:hr>137</ns3:hr>
            <ns3:cad>93</ns3:cad>
          </ns3:TrackPointExtension>
        </extensions>
      </trkpt>
      <trkpt lat="29.29440851323306560516357421875" lon="117.25823736749589443206787109375">
        <ele>32.799999237060546875</ele>
        <time>2026-08-26T21:49:26.000Z</time>
        <extensions>
          <ns3:TrackPointExtension>
            <ns3:hr>136</ns3:hr>
            <ns3:cad>93</ns3:cad>
          </ns3:TrackPointExtension>
        </extensions>
      </trkpt>
      <trkpt lat="29.2944198288023471832275390625" lon="117.25826318375766277313232421875">
        <ele>32.799999237060546875</ele>
        <time>2026-08-26T21:49:27.000Z</time>
        <extensions>
          <ns3:TrackPointExtension>
            <ns3:hr>136</ns3:hr>
            <ns3:cad>92</ns3:cad>
          </ns3:TrackPointExtension>
        </extensions>
      </trkpt>
      <trkpt lat="29.29442980326712131500244140625" lon="117.25829754956066608428955078125">
        <ele>32.799999237060546875</ele>
        <time>2026-08-26T21:49:28.000Z</time>
        <extensions>
          <ns3:TrackPointExtension>
            <ns3:hr>136</ns3:hr>
            <ns3:cad>92</ns3:cad>
          </ns3:TrackPointExtension>
        </extensions>
      </trkpt>
      <trkpt lat="29.29444103501737117767333984375" lon="117.2583221085369586944580078125">
        <ele>32.799999237060546875</ele>
        <time>2026-08-26T21:49:29.000Z</time>
        <extensions>
          <ns3:TrackPointExtension>
            <ns3:hr>135</ns3:hr>
            <ns3:cad>91</ns3:cad>
          </ns3:TrackPointExtension>
        </extensions>
      </trkpt>
      <trkpt lat="29.29445176385343074798583984375" lon="117.25835320539772510528564453125">
        <ele>33</ele>
        <time>2026-08-26T21:49:30.000Z</time>
        <extensions>
          <ns3:TrackPointExtension>
            <ns3:hr>135</ns3:hr>
            <ns3:cad>91</ns3:cad>
          </ns3:TrackPointExtension>
        </extensions>
      </trkpt>
      <trkpt lat="29.2944664321839809417724609375" lon="117.25837483070790767669677734375">
        <ele>33</ele>
        <time>2026-08-26T21:49:31.000Z</time>
        <extensions>
          <ns3:TrackPointExtension>
            <ns3:hr>134</ns3:hr>
            <ns3:cad>91</ns3:cad>
          </ns3:TrackPointExtension>
        </extensions>
      </trkpt>
      <trkpt lat="29.29447758011519908905029296875" lon="117.258407771587371826171875">
        <ele>33</ele>
        <time>2026-08-26T21:49:32.000Z</time>
        <extensions>
          <ns3:TrackPointExtension>
            <ns3:hr>134</ns3:hr>
            <ns3:cad>91</ns3:cad>
          </ns3:TrackPointExtension>
        </extensions>
      </trkpt>
      <trkpt lat="29.2944925837218761444091796875" lon="117.2584300674498081207275390625">
        <ele>33</ele>
        <time>2026-08-26T21:49:33.000Z</time>
        <extensions>
          <ns3:TrackPointExtension>
            <ns3:hr>134</ns3:hr>
            <ns3:cad>91</ns3:cad>
          </ns3:TrackPointExtension>
        </extensions>
      </trkpt>
      <trkpt lat="29.29450146853923797607421875" lon="117.25846032612025737762451171875">
        <ele>33</ele>
        <time>2026-08-26T21:49:34.000Z</time>
        <extensions>
          <ns3:TrackPointExtension>
            <ns3:hr>134</ns3:hr>
            <ns3:cad>91</ns3:cad>
          </ns3:TrackPointExtension>
        </extensions>
      </trkpt>
      <trkpt lat="29.2945150472223758697509765625" lon="117.25847742520272731781005859375">
        <ele>33</ele>
        <time>2026-08-26T21:49:35.000Z</time>
        <extensions>
          <ns3:TrackPointExtension>
            <ns3:hr>134</ns3:hr>
            <ns3:cad>90</ns3:cad>
          </ns3:TrackPointExtension>
        </extensions>
      </trkpt>
      <trkpt lat="29.294523261487483978271484375" lon="117.25851212628185749053955078125">
        <ele>33</ele>
        <time>2026-08-26T21:49:36.000Z</time>
        <extensions>
          <ns3:TrackPointExtension>
            <ns3:hr>133</ns3:hr>
            <ns3:cad>91</ns3:cad>
          </ns3:TrackPointExtension>
        </extensions>
      </trkpt>
      <trkpt lat="29.29453365504741668701171875" lon="117.2585299797356128692626953125">
        <ele>33</ele>
        <time>2026-08-26T21:49:37.000Z</time>
        <extensions>
          <ns3:TrackPointExtension>
            <ns3:hr>134</ns3:hr>
            <ns3:cad>91</ns3:cad>
          </ns3:TrackPointExtension>
        </extensions>
      </trkpt>
      <trkpt lat="29.29454170167446136474609375" lon="117.25856577046215534210205078125">
        <ele>33</ele>
        <time>2026-08-26T21:49:38.000Z</time>
        <extensions>
          <ns3:TrackPointExtension>
            <ns3:hr>134</ns3:hr>
            <ns3:cad>91</ns3:cad>
          </ns3:TrackPointExtension>
        </extensions>
      </trkpt>
      <trkpt lat="29.2945529334247112274169921875" lon="117.25858638994395732879638671875">
        <ele>33</ele>
        <time>2026-08-26T21:49:39.000Z</time>
        <extensions>
          <ns3:TrackPointExtension>
            <ns3:hr>133</ns3:hr>
            <ns3:cad>90</ns3:cad>
          </ns3:TrackPointExtension>
        </extensions>
      </trkpt>
      <trkpt lat="29.29456139914691448211669921875" lon="117.2586205042898654937744140625">
        <ele>33.200000762939453125</ele>
        <time>2026-08-26T21:49:40.000Z</time>
        <extensions>
          <ns3:TrackPointExtension>
            <ns3:hr>133</ns3:hr>
            <ns3:cad>90</ns3:cad>
          </ns3:TrackPointExtension>
        </extensions>
      </trkpt>
      <trkpt lat="29.29457430727779865264892578125" lon="117.258638776838779449462890625">
        <ele>33.200000762939453125</ele>
        <time>2026-08-26T21:49:41.000Z</time>
        <extensions>
          <ns3:TrackPointExtension>
            <ns3:hr>133</ns3:hr>
            <ns3:cad>91</ns3:cad>
          </ns3:TrackPointExtension>
        </extensions>
      </trkpt>
      <trkpt lat="29.29458285681903362274169921875" lon="117.25867238827049732208251953125">
        <ele>33.200000762939453125</ele>
        <time>2026-08-26T21:49:42.000Z</time>
        <extensions>
          <ns3:TrackPointExtension>
            <ns3:hr>133</ns3:hr>
            <ns3:cad>91</ns3:cad>
          </ns3:TrackPointExtension>
        </extensions>
      </trkpt>
      <trkpt lat="29.29459459148347377777099609375" lon="117.258691079914569854736328125">
        <ele>33.200000762939453125</ele>
        <time>2026-08-26T21:49:43.000Z</time>
        <extensions>
          <ns3:TrackPointExtension>
            <ns3:hr>133</ns3:hr>
            <ns3:cad>91</ns3:cad>
          </ns3:TrackPointExtension>
        </extensions>
      </trkpt>
      <trkpt lat="29.29460096172988414764404296875" lon="117.25872360169887542724609375">
        <ele>33.200000762939453125</ele>
        <time>2026-08-26T21:49:44.000Z</time>
        <extensions>
          <ns3:TrackPointExtension>
            <ns3:hr>133</ns3:hr>
            <ns3:cad>90</ns3:cad>
          </ns3:TrackPointExtension>
        </extensions>
      </trkpt>
      <trkpt lat="29.2946129478514194488525390625" lon="117.258745729923248291015625">
        <ele>33.200000762939453125</ele>
        <time>2026-08-26T21:49:45.000Z</time>
        <extensions>
          <ns3:TrackPointExtension>
            <ns3:hr>133</ns3:hr>
            <ns3:cad>90</ns3:cad>
          </ns3:TrackPointExtension>
        </extensions>
      </trkpt>
      <trkpt lat="29.29462258704006671905517578125" lon="117.2587800957262516021728515625">
        <ele>33.200000762939453125</ele>
        <time>2026-08-26T21:49:46.000Z</time>
        <extensions>
          <ns3:TrackPointExtension>
            <ns3:hr>134</ns3:hr>
            <ns3:cad>90</ns3:cad>
          </ns3:TrackPointExtension>
        </extensions>
      </trkpt>
      <trkpt lat="29.294633902609348297119140625" lon="117.25879811681807041168212890625">
        <ele>33.200000762939453125</ele>
        <time>2026-08-26T21:49:47.000Z</time>
        <extensions>
          <ns3:TrackPointExtension>
            <ns3:hr>133</ns3:hr>
            <ns3:cad>90</ns3:cad>
          </ns3:TrackPointExtension>
        </extensions>
      </trkpt>
      <trkpt lat="29.29464521817862987518310546875" lon="117.2588288784027099609375">
        <ele>33.200000762939453125</ele>
        <time>2026-08-26T21:49:48.000Z</time>
        <extensions>
          <ns3:TrackPointExtension>
            <ns3:hr>133</ns3:hr>
            <ns3:cad>90</ns3:cad>
          </ns3:TrackPointExtension>
        </extensions>
      </trkpt>
      <trkpt lat="29.29466030560433864593505859375" lon="117.25885058753192424774169921875">
        <ele>33.200000762939453125</ele>
        <time>2026-08-26T21:49:49.000Z</time>
        <extensions>
          <ns3:TrackPointExtension>
            <ns3:hr>134</ns3:hr>
            <ns3:cad>90</ns3:cad>
          </ns3:TrackPointExtension>
        </extensions>
      </trkpt>
      <trkpt lat="29.294664077460765838623046875" lon="117.25888260640203952789306640625">
        <ele>33.200000762939453125</ele>
        <time>2026-08-26T21:49:50.000Z</time>
        <extensions>
          <ns3:TrackPointExtension>
            <ns3:hr>134</ns3:hr>
            <ns3:cad>90</ns3:cad>
          </ns3:TrackPointExtension>
        </extensions>
      </trkpt>
      <trkpt lat="29.29467002861201763153076171875" lon="117.2589071653783321380615234375">
        <ele>33.200000762939453125</ele>
        <time>2026-08-26T21:49:51.000Z</time>
        <extensions>
          <ns3:TrackPointExtension>
            <ns3:hr>134</ns3:hr>
            <ns3:cad>90</ns3:cad>
          </ns3:TrackPointExtension>
        </extensions>
      </trkpt>
      <trkpt lat="29.294673465192317962646484375" lon="117.2589380107820034027099609375">
        <ele>33.200000762939453125</ele>
        <time>2026-08-26T21:49:52.000Z</time>
        <extensions>
          <ns3:TrackPointExtension>
            <ns3:hr>133</ns3:hr>
            <ns3:cad>91</ns3:cad>
          </ns3:TrackPointExtension>
        </extensions>
      </trkpt>
      <trkpt lat="29.2946840263903141021728515625" lon="117.258960306644439697265625">
        <ele>33.200000762939453125</ele>
        <time>2026-08-26T21:49:53.000Z</time>
        <extensions>
          <ns3:TrackPointExtension>
            <ns3:hr>134</ns3:hr>
            <ns3:cad>91</ns3:cad>
          </ns3:TrackPointExtension>
        </extensions>
      </trkpt>
      <trkpt lat="29.29468880407512187957763671875" lon="117.2589899785816669464111328125">
        <ele>33.200000762939453125</ele>
        <time>2026-08-26T21:49:54.000Z</time>
        <extensions>
          <ns3:TrackPointExtension>
            <ns3:hr>134</ns3:hr>
            <ns3:cad>91</ns3:cad>
          </ns3:TrackPointExtension>
        </extensions>
      </trkpt>
      <trkpt lat="29.29470037110149860382080078125" lon="117.25901219062507152557373046875">
        <ele>33.40000152587890625</ele>
        <time>2026-08-26T21:49:55.000Z</time>
        <extensions>
          <ns3:TrackPointExtension>
            <ns3:hr>133</ns3:hr>
            <ns3:cad>91</ns3:cad>
          </ns3:TrackPointExtension>
        </extensions>
      </trkpt>
      <trkpt lat="29.2947064898908138275146484375" lon="117.25904538296163082122802734375">
        <ele>33.40000152587890625</ele>
        <time>2026-08-26T21:49:56.000Z</time>
        <extensions>
          <ns3:TrackPointExtension>
            <ns3:hr>134</ns3:hr>
            <ns3:cad>90</ns3:cad>
          </ns3:TrackPointExtension>
        </extensions>
      </trkpt>
      <trkpt lat="29.29471562616527080535888671875" lon="117.25906935520470142364501953125">
        <ele>33.40000152587890625</ele>
        <time>2026-08-26T21:49:57.000Z</time>
        <extensions>
          <ns3:TrackPointExtension>
            <ns3:hr>134</ns3:hr>
            <ns3:cad>90</ns3:cad>
          </ns3:TrackPointExtension>
        </extensions>
      </trkpt>
      <trkpt lat="29.29472140967845916748046875" lon="117.259098105132579803466796875">
        <ele>33.40000152587890625</ele>
        <time>2026-08-26T21:49:58.000Z</time>
        <extensions>
          <ns3:TrackPointExtension>
            <ns3:hr>135</ns3:hr>
            <ns3:cad>90</ns3:cad>
          </ns3:TrackPointExtension>
        </extensions>
      </trkpt>
      <trkpt lat="29.29473482072353363037109375" lon="117.25912065245211124420166015625">
        <ele>33.40000152587890625</ele>
        <time>2026-08-26T21:49:59.000Z</time>
        <extensions>
          <ns3:TrackPointExtension>
            <ns3:hr>135</ns3:hr>
            <ns3:cad>90</ns3:cad>
          </ns3:TrackPointExtension>
        </extensions>
      </trkpt>
      <trkpt lat="29.29474295116961002349853515625" lon="117.2591522522270679473876953125">
        <ele>33.40000152587890625</ele>
        <time>2026-08-26T21:50:00.000Z</time>
        <extensions>
          <ns3:TrackPointExtension>
            <ns3:hr>136</ns3:hr>
            <ns3:cad>90</ns3:cad>
          </ns3:TrackPointExtension>
        </extensions>
      </trkpt>
      <trkpt lat="29.29475552402436733245849609375" lon="117.2591753862798213958740234375">
        <ele>33.40000152587890625</ele>
        <time>2026-08-26T21:50:01.000Z</time>
        <extensions>
          <ns3:TrackPointExtension>
            <ns3:hr>136</ns3:hr>
            <ns3:cad>90</ns3:cad>
          </ns3:TrackPointExtension>
        </extensions>
      </trkpt>
      <trkpt lat="29.29476373828947544097900390625" lon="117.2592052258551120758056640625">
        <ele>33.40000152587890625</ele>
        <time>2026-08-26T21:50:02.000Z</time>
        <extensions>
          <ns3:TrackPointExtension>
            <ns3:hr>136</ns3:hr>
            <ns3:cad>90</ns3:cad>
          </ns3:TrackPointExtension>
        </extensions>
      </trkpt>
      <trkpt lat="29.2947757244110107421875" lon="117.2592313773930072784423828125">
        <ele>33.40000152587890625</ele>
        <time>2026-08-26T21:50:03.000Z</time>
        <extensions>
          <ns3:TrackPointExtension>
            <ns3:hr>136</ns3:hr>
            <ns3:cad>90</ns3:cad>
          </ns3:TrackPointExtension>
        </extensions>
      </trkpt>
      <trkpt lat="29.29478569887578487396240234375" lon="117.2592588700354099273681640625">
        <ele>33.40000152587890625</ele>
        <time>2026-08-26T21:50:04.000Z</time>
        <extensions>
          <ns3:TrackPointExtension>
            <ns3:hr>137</ns3:hr>
            <ns3:cad>91</ns3:cad>
          </ns3:TrackPointExtension>
        </extensions>
      </trkpt>
      <trkpt lat="29.29479843936860561370849609375" lon="117.2592816688120365142822265625">
        <ele>33.40000152587890625</ele>
        <time>2026-08-26T21:50:05.000Z</time>
        <extensions>
          <ns3:TrackPointExtension>
            <ns3:hr>136</ns3:hr>
            <ns3:cad>92</ns3:cad>
          </ns3:TrackPointExtension>
        </extensions>
      </trkpt>
      <trkpt lat="29.29480900056660175323486328125" lon="117.259309999644756317138671875">
        <ele>33.40000152587890625</ele>
        <time>2026-08-26T21:50:06.000Z</time>
        <extensions>
          <ns3:TrackPointExtension>
            <ns3:hr>135</ns3:hr>
            <ns3:cad>92</ns3:cad>
          </ns3:TrackPointExtension>
        </extensions>
      </trkpt>
      <trkpt lat="29.294821657240390777587890625" lon="117.25933916866779327392578125">
        <ele>33.40000152587890625</ele>
        <time>2026-08-26T21:50:07.000Z</time>
        <extensions>
          <ns3:TrackPointExtension>
            <ns3:hr>135</ns3:hr>
            <ns3:cad>92</ns3:cad>
          </ns3:TrackPointExtension>
        </extensions>
      </trkpt>
      <trkpt lat="29.294833727180957794189453125" lon="117.2593671642243862152099609375">
        <ele>33.40000152587890625</ele>
        <time>2026-08-26T21:50:08.000Z</time>
        <extensions>
          <ns3:TrackPointExtension>
            <ns3:hr>135</ns3:hr>
            <ns3:cad>91</ns3:cad>
          </ns3:TrackPointExtension>
        </extensions>
      </trkpt>
      <trkpt lat="29.29484453983604907989501953125" lon="117.259395830333232879638671875">
        <ele>33.40000152587890625</ele>
        <time>2026-08-26T21:50:09.000Z</time>
        <extensions>
          <ns3:TrackPointExtension>
            <ns3:hr>135</ns3:hr>
            <ns3:cad>90</ns3:cad>
          </ns3:TrackPointExtension>
        </extensions>
      </trkpt>
      <trkpt lat="29.29485610686242580413818359375" lon="117.25942290388047695159912109375">
        <ele>33.40000152587890625</ele>
        <time>2026-08-26T21:50:10.000Z</time>
        <extensions>
          <ns3:TrackPointExtension>
            <ns3:hr>135</ns3:hr>
            <ns3:cad>90</ns3:cad>
          </ns3:TrackPointExtension>
        </extensions>
      </trkpt>
      <trkpt lat="29.29486834444105625152587890625" lon="117.25945358164608478546142578125">
        <ele>33.40000152587890625</ele>
        <time>2026-08-26T21:50:11.000Z</time>
        <extensions>
          <ns3:TrackPointExtension>
            <ns3:hr>135</ns3:hr>
            <ns3:cad>91</ns3:cad>
          </ns3:TrackPointExtension>
        </extensions>
      </trkpt>
      <trkpt lat="29.29488192312419414520263671875" lon="117.25947705097496509552001953125">
        <ele>33.40000152587890625</ele>
        <time>2026-08-26T21:50:12.000Z</time>
        <extensions>
          <ns3:TrackPointExtension>
            <ns3:hr>135</ns3:hr>
            <ns3:cad>91</ns3:cad>
          </ns3:TrackPointExtension>
        </extensions>
      </trkpt>
      <trkpt lat="29.29489114321768283843994140625" lon="117.2595063038170337677001953125">
        <ele>33.40000152587890625</ele>
        <time>2026-08-26T21:50:13.000Z</time>
        <extensions>
          <ns3:TrackPointExtension>
            <ns3:hr>135</ns3:hr>
            <ns3:cad>91</ns3:cad>
          </ns3:TrackPointExtension>
        </extensions>
      </trkpt>
      <trkpt lat="29.2949016205966472625732421875" lon="117.25953119806945323944091796875">
        <ele>33.40000152587890625</ele>
        <time>2026-08-26T21:50:14.000Z</time>
        <extensions>
          <ns3:TrackPointExtension>
            <ns3:hr>135</ns3:hr>
            <ns3:cad>91</ns3:cad>
          </ns3:TrackPointExtension>
        </extensions>
      </trkpt>
      <trkpt lat="29.29491260088980197906494140625" lon="117.25956355221569538116455078125">
        <ele>33.59999847412109375</ele>
        <time>2026-08-26T21:50:15.000Z</time>
        <extensions>
          <ns3:TrackPointExtension>
            <ns3:hr>135</ns3:hr>
            <ns3:cad>90</ns3:cad>
          </ns3:TrackPointExtension>
        </extensions>
      </trkpt>
      <trkpt lat="29.2949299514293670654296875" lon="117.25958853028714656829833984375">
        <ele>33.59999847412109375</ele>
        <time>2026-08-26T21:50:16.000Z</time>
        <extensions>
          <ns3:TrackPointExtension>
            <ns3:hr>135</ns3:hr>
            <ns3:cad>90</ns3:cad>
          </ns3:TrackPointExtension>
        </extensions>
      </trkpt>
      <trkpt lat="29.294941686093807220458984375" lon="117.2596199624240398406982421875">
        <ele>33.59999847412109375</ele>
        <time>2026-08-26T21:50:17.000Z</time>
        <extensions>
          <ns3:TrackPointExtension>
            <ns3:hr>135</ns3:hr>
            <ns3:cad>90</ns3:cad>
          </ns3:TrackPointExtension>
        </extensions>
      </trkpt>
      <trkpt lat="29.2949532531201839447021484375" lon="117.25964385084807872772216796875">
        <ele>33.59999847412109375</ele>
        <time>2026-08-26T21:50:18.000Z</time>
        <extensions>
          <ns3:TrackPointExtension>
            <ns3:hr>135</ns3:hr>
            <ns3:cad>90</ns3:cad>
          </ns3:TrackPointExtension>
        </extensions>
      </trkpt>
      <trkpt lat="29.29496473632752895355224609375" lon="117.25968006066977977752685546875">
        <ele>33.59999847412109375</ele>
        <time>2026-08-26T21:50:19.000Z</time>
        <extensions>
          <ns3:TrackPointExtension>
            <ns3:hr>135</ns3:hr>
            <ns3:cad>90</ns3:cad>
          </ns3:TrackPointExtension>
        </extensions>
      </trkpt>
      <trkpt lat="29.29497764445841312408447265625" lon="117.2597014345228672027587890625">
        <ele>33.59999847412109375</ele>
        <time>2026-08-26T21:50:20.000Z</time>
        <extensions>
          <ns3:TrackPointExtension>
            <ns3:hr>135</ns3:hr>
            <ns3:cad>91</ns3:cad>
          </ns3:TrackPointExtension>
        </extensions>
      </trkpt>
      <trkpt lat="29.29498803801834583282470703125" lon="117.25973152555525302886962890625">
        <ele>33.59999847412109375</ele>
        <time>2026-08-26T21:50:21.000Z</time>
        <extensions>
          <ns3:TrackPointExtension>
            <ns3:hr>135</ns3:hr>
            <ns3:cad>91</ns3:cad>
          </ns3:TrackPointExtension>
        </extensions>
      </trkpt>
      <trkpt lat="29.29499759338796138763427734375" lon="117.25975449196994304656982421875">
        <ele>33.59999847412109375</ele>
        <time>2026-08-26T21:50:22.000Z</time>
        <extensions>
          <ns3:TrackPointExtension>
            <ns3:hr>135</ns3:hr>
            <ns3:cad>91</ns3:cad>
          </ns3:TrackPointExtension>
        </extensions>
      </trkpt>
      <trkpt lat="29.295008741319179534912109375" lon="117.25978751666843891143798828125">
        <ele>33.59999847412109375</ele>
        <time>2026-08-26T21:50:23.000Z</time>
        <extensions>
          <ns3:TrackPointExtension>
            <ns3:hr>136</ns3:hr>
            <ns3:cad>90</ns3:cad>
          </ns3:TrackPointExtension>
        </extensions>
      </trkpt>
      <trkpt lat="29.2950219847261905670166015625" lon="117.25980612449347972869873046875">
        <ele>33.59999847412109375</ele>
        <time>2026-08-26T21:50:24.000Z</time>
        <extensions>
          <ns3:TrackPointExtension>
            <ns3:hr>136</ns3:hr>
            <ns3:cad>90</ns3:cad>
          </ns3:TrackPointExtension>
        </extensions>
      </trkpt>
      <trkpt lat="29.29503464139997959136962890625" lon="117.25983269512653350830078125">
        <ele>33.59999847412109375</ele>
        <time>2026-08-26T21:50:25.000Z</time>
        <extensions>
          <ns3:TrackPointExtension>
            <ns3:hr>137</ns3:hr>
            <ns3:cad>89</ns3:cad>
          </ns3:TrackPointExtension>
        </extensions>
      </trkpt>
      <trkpt lat="29.29504503495991230010986328125" lon="117.25985524244606494903564453125">
        <ele>33.799999237060546875</ele>
        <time>2026-08-26T21:50:26.000Z</time>
        <extensions>
          <ns3:TrackPointExtension>
            <ns3:hr>138</ns3:hr>
            <ns3:cad>89</ns3:cad>
          </ns3:TrackPointExtension>
        </extensions>
      </trkpt>
      <trkpt lat="29.295055009424686431884765625" lon="117.25988524965941905975341796875">
        <ele>33.799999237060546875</ele>
        <time>2026-08-26T21:50:27.000Z</time>
        <extensions>
          <ns3:TrackPointExtension>
            <ns3:hr>138</ns3:hr>
            <ns3:cad>89</ns3:cad>
          </ns3:TrackPointExtension>
        </extensions>
      </trkpt>
      <trkpt lat="29.29506900720298290252685546875" lon="117.25990645587444305419921875">
        <ele>33.799999237060546875</ele>
        <time>2026-08-26T21:50:28.000Z</time>
        <extensions>
          <ns3:TrackPointExtension>
            <ns3:hr>138</ns3:hr>
            <ns3:cad>90</ns3:cad>
          </ns3:TrackPointExtension>
        </extensions>
      </trkpt>
      <trkpt lat="29.2950801551342010498046875" lon="117.25994006730616092681884765625">
        <ele>33.799999237060546875</ele>
        <time>2026-08-26T21:50:29.000Z</time>
        <extensions>
          <ns3:TrackPointExtension>
            <ns3:hr>138</ns3:hr>
            <ns3:cad>90</ns3:cad>
          </ns3:TrackPointExtension>
        </extensions>
      </trkpt>
      <trkpt lat="29.29509264416992664337158203125" lon="117.25996487773954868316650390625">
        <ele>33.799999237060546875</ele>
        <time>2026-08-26T21:50:30.000Z</time>
        <extensions>
          <ns3:TrackPointExtension>
            <ns3:hr>138</ns3:hr>
            <ns3:cad>90</ns3:cad>
          </ns3:TrackPointExtension>
        </extensions>
      </trkpt>
      <trkpt lat="29.295101948082447052001953125" lon="117.2600023448467254638671875">
        <ele>33.799999237060546875</ele>
        <time>2026-08-26T21:50:31.000Z</time>
        <extensions>
          <ns3:TrackPointExtension>
            <ns3:hr>138</ns3:hr>
            <ns3:cad>90</ns3:cad>
          </ns3:TrackPointExtension>
        </extensions>
      </trkpt>
      <trkpt lat="29.29511477239429950714111328125" lon="117.26002556271851062774658203125">
        <ele>33.59999847412109375</ele>
        <time>2026-08-26T21:50:32.000Z</time>
        <extensions>
          <ns3:TrackPointExtension>
            <ns3:hr>138</ns3:hr>
            <ns3:cad>90</ns3:cad>
          </ns3:TrackPointExtension>
        </extensions>
      </trkpt>
      <trkpt lat="29.2951284348964691162109375" lon="117.26005808450281620025634765625">
        <ele>33.799999237060546875</ele>
        <time>2026-08-26T21:50:33.000Z</time>
        <extensions>
          <ns3:TrackPointExtension>
            <ns3:hr>138</ns3:hr>
            <ns3:cad>90</ns3:cad>
          </ns3:TrackPointExtension>
        </extensions>
      </trkpt>
      <trkpt lat="29.295141510665416717529296875" lon="117.26008054800331592559814453125">
        <ele>33.799999237060546875</ele>
        <time>2026-08-26T21:50:34.000Z</time>
        <extensions>
          <ns3:TrackPointExtension>
            <ns3:hr>138</ns3:hr>
            <ns3:cad>91</ns3:cad>
          </ns3:TrackPointExtension>
        </extensions>
      </trkpt>
      <trkpt lat="29.2951477132737636566162109375" lon="117.2601161710917949676513671875">
        <ele>33.799999237060546875</ele>
        <time>2026-08-26T21:50:35.000Z</time>
        <extensions>
          <ns3:TrackPointExtension>
            <ns3:hr>138</ns3:hr>
            <ns3:cad>91</ns3:cad>
          </ns3:TrackPointExtension>
        </extensions>
      </trkpt>
      <trkpt lat="29.2951574362814426422119140625" lon="117.2601369582116603851318359375">
        <ele>33.799999237060546875</ele>
        <time>2026-08-26T21:50:36.000Z</time>
        <extensions>
          <ns3:TrackPointExtension>
            <ns3:hr>138</ns3:hr>
            <ns3:cad>91</ns3:cad>
          </ns3:TrackPointExtension>
        </extensions>
      </trkpt>
      <trkpt lat="29.29516732692718505859375" lon="117.26016503758728504180908203125">
        <ele>33.799999237060546875</ele>
        <time>2026-08-26T21:50:37.000Z</time>
        <extensions>
          <ns3:TrackPointExtension>
            <ns3:hr>138</ns3:hr>
            <ns3:cad>91</ns3:cad>
          </ns3:TrackPointExtension>
        </extensions>
      </trkpt>
      <trkpt lat="29.29517897777259349822998046875" lon="117.260182388126850128173828125">
        <ele>33.59999847412109375</ele>
        <time>2026-08-26T21:50:38.000Z</time>
        <extensions>
          <ns3:TrackPointExtension>
            <ns3:hr>137</ns3:hr>
            <ns3:cad>91</ns3:cad>
          </ns3:TrackPointExtension>
        </extensions>
      </trkpt>
      <trkpt lat="29.29518819786608219146728515625" lon="117.26021365262567996978759765625">
        <ele>33.59999847412109375</ele>
        <time>2026-08-26T21:50:39.000Z</time>
        <extensions>
          <ns3:TrackPointExtension>
            <ns3:hr>138</ns3:hr>
            <ns3:cad>91</ns3:cad>
          </ns3:TrackPointExtension>
        </extensions>
      </trkpt>
      <trkpt lat="29.2951983399689197540283203125" lon="117.26023502647876739501953125">
        <ele>33.59999847412109375</ele>
        <time>2026-08-26T21:50:40.000Z</time>
        <extensions>
          <ns3:TrackPointExtension>
            <ns3:hr>138</ns3:hr>
            <ns3:cad>91</ns3:cad>
          </ns3:TrackPointExtension>
        </extensions>
      </trkpt>
      <trkpt lat="29.2952057160437107086181640625" lon="117.26026930846273899078369140625">
        <ele>33.59999847412109375</ele>
        <time>2026-08-26T21:50:41.000Z</time>
        <extensions>
          <ns3:TrackPointExtension>
            <ns3:hr>138</ns3:hr>
            <ns3:cad>91</ns3:cad>
          </ns3:TrackPointExtension>
        </extensions>
      </trkpt>
      <trkpt lat="29.29522004909813404083251953125" lon="117.26028867065906524658203125">
        <ele>33.59999847412109375</ele>
        <time>2026-08-26T21:50:42.000Z</time>
        <extensions>
          <ns3:TrackPointExtension>
            <ns3:hr>138</ns3:hr>
            <ns3:cad>90</ns3:cad>
          </ns3:TrackPointExtension>
        </extensions>
      </trkpt>
      <trkpt lat="29.2952295206487178802490234375" lon="117.2603203542530536651611328125">
        <ele>33.59999847412109375</ele>
        <time>2026-08-26T21:50:43.000Z</time>
        <extensions>
          <ns3:TrackPointExtension>
            <ns3:hr>138</ns3:hr>
            <ns3:cad>90</ns3:cad>
          </ns3:TrackPointExtension>
        </extensions>
      </trkpt>
      <trkpt lat="29.2952422611415386199951171875" lon="117.260338626801967620849609375">
        <ele>33.40000152587890625</ele>
        <time>2026-08-26T21:50:44.000Z</time>
        <extensions>
          <ns3:TrackPointExtension>
            <ns3:hr>138</ns3:hr>
            <ns3:cad>89</ns3:cad>
          </ns3:TrackPointExtension>
        </extensions>
      </trkpt>
      <trkpt lat="29.29525206796824932098388671875" lon="117.26037039421498775482177734375">
        <ele>33.40000152587890625</ele>
        <time>2026-08-26T21:50:45.000Z</time>
        <extensions>
          <ns3:TrackPointExtension>
            <ns3:hr>138</ns3:hr>
            <ns3:cad>89</ns3:cad>
          </ns3:TrackPointExtension>
        </extensions>
      </trkpt>
      <trkpt lat="29.29526581428945064544677734375" lon="117.26039185188710689544677734375">
        <ele>33.40000152587890625</ele>
        <time>2026-08-26T21:50:46.000Z</time>
        <extensions>
          <ns3:TrackPointExtension>
            <ns3:hr>138</ns3:hr>
            <ns3:cad>89</ns3:cad>
          </ns3:TrackPointExtension>
        </extensions>
      </trkpt>
      <trkpt lat="29.2952751182019710540771484375" lon="117.260421104729175567626953125">
        <ele>33.40000152587890625</ele>
        <time>2026-08-26T21:50:47.000Z</time>
        <extensions>
          <ns3:TrackPointExtension>
            <ns3:hr>138</ns3:hr>
            <ns3:cad>90</ns3:cad>
          </ns3:TrackPointExtension>
        </extensions>
      </trkpt>
      <trkpt lat="29.2952891997992992401123046875" lon="117.26044096983969211578369140625">
        <ele>33.40000152587890625</ele>
        <time>2026-08-26T21:50:48.000Z</time>
        <extensions>
          <ns3:TrackPointExtension>
            <ns3:hr>138</ns3:hr>
            <ns3:cad>90</ns3:cad>
          </ns3:TrackPointExtension>
        </extensions>
      </trkpt>
      <trkpt lat="29.29529883898794651031494140625" lon="117.260470725595951080322265625">
        <ele>33.40000152587890625</ele>
        <time>2026-08-26T21:50:49.000Z</time>
        <extensions>
          <ns3:TrackPointExtension>
            <ns3:hr>138</ns3:hr>
            <ns3:cad>90</ns3:cad>
          </ns3:TrackPointExtension>
        </extensions>
      </trkpt>
      <trkpt lat="29.295308478176593780517578125" lon="117.26049528457224369049072265625">
        <ele>33.40000152587890625</ele>
        <time>2026-08-26T21:50:50.000Z</time>
        <extensions>
          <ns3:TrackPointExtension>
            <ns3:hr>137</ns3:hr>
            <ns3:cad>90</ns3:cad>
          </ns3:TrackPointExtension>
        </extensions>
      </trkpt>
      <trkpt lat="29.2953161895275115966796875" lon="117.2605278901755809783935546875">
        <ele>33.40000152587890625</ele>
        <time>2026-08-26T21:50:51.000Z</time>
        <extensions>
          <ns3:TrackPointExtension>
            <ns3:hr>138</ns3:hr>
            <ns3:cad>90</ns3:cad>
          </ns3:TrackPointExtension>
        </extensions>
      </trkpt>
      <trkpt lat="29.29533018730580806732177734375" lon="117.2605490125715732574462890625">
        <ele>33.40000152587890625</ele>
        <time>2026-08-26T21:50:52.000Z</time>
        <extensions>
          <ns3:TrackPointExtension>
            <ns3:hr>138</ns3:hr>
            <ns3:cad>90</ns3:cad>
          </ns3:TrackPointExtension>
        </extensions>
      </trkpt>
      <trkpt lat="29.29534108377993106842041015625" lon="117.26057927124202251434326171875">
        <ele>33.40000152587890625</ele>
        <time>2026-08-26T21:50:53.000Z</time>
        <extensions>
          <ns3:TrackPointExtension>
            <ns3:hr>138</ns3:hr>
            <ns3:cad>90</ns3:cad>
          </ns3:TrackPointExtension>
        </extensions>
      </trkpt>
      <trkpt lat="29.295352064073085784912109375" lon="117.26060642860829830169677734375">
        <ele>33.40000152587890625</ele>
        <time>2026-08-26T21:50:54.000Z</time>
        <extensions>
          <ns3:TrackPointExtension>
            <ns3:hr>137</ns3:hr>
            <ns3:cad>90</ns3:cad>
          </ns3:TrackPointExtension>
        </extensions>
      </trkpt>
      <trkpt lat="29.29536304436624050140380859375" lon="117.2606381960213184356689453125">
        <ele>33.200000762939453125</ele>
        <time>2026-08-26T21:50:55.000Z</time>
        <extensions>
          <ns3:TrackPointExtension>
            <ns3:hr>137</ns3:hr>
            <ns3:cad>90</ns3:cad>
          </ns3:TrackPointExtension>
        </extensions>
      </trkpt>
      <trkpt lat="29.295380897819995880126953125" lon="117.26065722294151782989501953125">
        <ele>33.200000762939453125</ele>
        <time>2026-08-26T21:50:56.000Z</time>
        <extensions>
          <ns3:TrackPointExtension>
            <ns3:hr>137</ns3:hr>
            <ns3:cad>90</ns3:cad>
          </ns3:TrackPointExtension>
        </extensions>
      </trkpt>
      <trkpt lat="29.29539732635021209716796875" lon="117.2606858052313327789306640625">
        <ele>33.200000762939453125</ele>
        <time>2026-08-26T21:50:57.000Z</time>
        <extensions>
          <ns3:TrackPointExtension>
            <ns3:hr>137</ns3:hr>
            <ns3:cad>90</ns3:cad>
          </ns3:TrackPointExtension>
        </extensions>
      </trkpt>
      <trkpt lat="29.2954154312610626220703125" lon="117.26070751436054706573486328125">
        <ele>33.200000762939453125</ele>
        <time>2026-08-26T21:50:58.000Z</time>
        <extensions>
          <ns3:TrackPointExtension>
            <ns3:hr>136</ns3:hr>
            <ns3:cad>90</ns3:cad>
          </ns3:TrackPointExtension>
        </extensions>
      </trkpt>
      <trkpt lat="29.29542590864002704620361328125" lon="117.2607360966503620147705078125">
        <ele>33.200000762939453125</ele>
        <time>2026-08-26T21:50:59.000Z</time>
        <extensions>
          <ns3:TrackPointExtension>
            <ns3:hr>137</ns3:hr>
            <ns3:cad>90</ns3:cad>
          </ns3:TrackPointExtension>
        </extensions>
      </trkpt>
      <trkpt lat="29.2954414151608943939208984375" lon="117.26076132617890834808349609375">
        <ele>33.200000762939453125</ele>
        <time>2026-08-26T21:51:00.000Z</time>
        <extensions>
          <ns3:TrackPointExtension>
            <ns3:hr>137</ns3:hr>
            <ns3:cad>90</ns3:cad>
          </ns3:TrackPointExtension>
        </extensions>
      </trkpt>
      <trkpt lat="29.29545507766306400299072265625" lon="117.26078932173550128936767578125">
        <ele>33</ele>
        <time>2026-08-26T21:51:01.000Z</time>
        <extensions>
          <ns3:TrackPointExtension>
            <ns3:hr>137</ns3:hr>
            <ns3:cad>90</ns3:cad>
          </ns3:TrackPointExtension>
        </extensions>
      </trkpt>
      <trkpt lat="29.295472092926502227783203125" lon="117.26081329397857189178466796875">
        <ele>33</ele>
        <time>2026-08-26T21:51:02.000Z</time>
        <extensions>
          <ns3:TrackPointExtension>
            <ns3:hr>137</ns3:hr>
            <ns3:cad>90</ns3:cad>
          </ns3:TrackPointExtension>
        </extensions>
      </trkpt>
      <trkpt lat="29.2954853363335132598876953125" lon="117.2608393616974353790283203125">
        <ele>33</ele>
        <time>2026-08-26T21:51:03.000Z</time>
        <extensions>
          <ns3:TrackPointExtension>
            <ns3:hr>138</ns3:hr>
            <ns3:cad>90</ns3:cad>
          </ns3:TrackPointExtension>
        </extensions>
      </trkpt>
      <trkpt lat="29.29550218395888805389404296875" lon="117.26086140610277652740478515625">
        <ele>33</ele>
        <time>2026-08-26T21:51:04.000Z</time>
        <extensions>
          <ns3:TrackPointExtension>
            <ns3:hr>138</ns3:hr>
            <ns3:cad>90</ns3:cad>
          </ns3:TrackPointExtension>
        </extensions>
      </trkpt>
      <trkpt lat="29.29551861248910427093505859375" lon="117.26088470779359340667724609375">
        <ele>33</ele>
        <time>2026-08-26T21:51:05.000Z</time>
        <extensions>
          <ns3:TrackPointExtension>
            <ns3:hr>138</ns3:hr>
            <ns3:cad>90</ns3:cad>
          </ns3:TrackPointExtension>
        </extensions>
      </trkpt>
      <trkpt lat="29.29553654976189136505126953125" lon="117.2609087638556957244873046875">
        <ele>33</ele>
        <time>2026-08-26T21:51:06.000Z</time>
        <extensions>
          <ns3:TrackPointExtension>
            <ns3:hr>137</ns3:hr>
            <ns3:cad>90</ns3:cad>
          </ns3:TrackPointExtension>
        </extensions>
      </trkpt>
      <trkpt lat="29.29554761387407779693603515625" lon="117.2609355859458446502685546875">
        <ele>33</ele>
        <time>2026-08-26T21:51:07.000Z</time>
        <extensions>
          <ns3:TrackPointExtension>
            <ns3:hr>138</ns3:hr>
            <ns3:cad>91</ns3:cad>
          </ns3:TrackPointExtension>
        </extensions>
      </trkpt>
      <trkpt lat="29.2955637909471988677978515625" lon="117.26096115075051784515380859375">
        <ele>33</ele>
        <time>2026-08-26T21:51:08.000Z</time>
        <extensions>
          <ns3:TrackPointExtension>
            <ns3:hr>138</ns3:hr>
            <ns3:cad>91</ns3:cad>
          </ns3:TrackPointExtension>
        </extensions>
      </trkpt>
      <trkpt lat="29.29558181203901767730712890625" lon="117.26098579354584217071533203125">
        <ele>33</ele>
        <time>2026-08-26T21:51:09.000Z</time>
        <extensions>
          <ns3:TrackPointExtension>
            <ns3:hr>137</ns3:hr>
            <ns3:cad>91</ns3:cad>
          </ns3:TrackPointExtension>
        </extensions>
      </trkpt>
      <trkpt lat="29.2956005036830902099609375" lon="117.26101554930210113525390625">
        <ele>33</ele>
        <time>2026-08-26T21:51:10.000Z</time>
        <extensions>
          <ns3:TrackPointExtension>
            <ns3:hr>137</ns3:hr>
            <ns3:cad>91</ns3:cad>
          </ns3:TrackPointExtension>
        </extensions>
      </trkpt>
      <trkpt lat="29.2956181056797504425048828125" lon="117.2610378451645374298095703125">
        <ele>33</ele>
        <time>2026-08-26T21:51:11.000Z</time>
        <extensions>
          <ns3:TrackPointExtension>
            <ns3:hr>137</ns3:hr>
            <ns3:cad>91</ns3:cad>
          </ns3:TrackPointExtension>
        </extensions>
      </trkpt>
      <trkpt lat="29.29563361220061779022216796875" lon="117.26106709800660610198974609375">
        <ele>32.799999237060546875</ele>
        <time>2026-08-26T21:51:12.000Z</time>
        <extensions>
          <ns3:TrackPointExtension>
            <ns3:hr>137</ns3:hr>
            <ns3:cad>92</ns3:cad>
          </ns3:TrackPointExtension>
        </extensions>
      </trkpt>
      <trkpt lat="29.2956499569118022918701171875" lon="117.26108805276453495025634765625">
        <ele>33</ele>
        <time>2026-08-26T21:51:13.000Z</time>
        <extensions>
          <ns3:TrackPointExtension>
            <ns3:hr>137</ns3:hr>
            <ns3:cad>92</ns3:cad>
          </ns3:TrackPointExtension>
        </extensions>
      </trkpt>
      <trkpt lat="29.2956673912703990936279296875" lon="117.2611186467111110687255859375">
        <ele>32.799999237060546875</ele>
        <time>2026-08-26T21:51:14.000Z</time>
        <extensions>
          <ns3:TrackPointExtension>
            <ns3:hr>137</ns3:hr>
            <ns3:cad>92</ns3:cad>
          </ns3:TrackPointExtension>
        </extensions>
      </trkpt>
      <trkpt lat="29.29568658582866191864013671875" lon="117.2611387632787227630615234375">
        <ele>33</ele>
        <time>2026-08-26T21:51:15.000Z</time>
        <extensions>
          <ns3:TrackPointExtension>
            <ns3:hr>137</ns3:hr>
            <ns3:cad>92</ns3:cad>
          </ns3:TrackPointExtension>
        </extensions>
      </trkpt>
      <trkpt lat="29.2957042716443538665771484375" lon="117.2611669264733791351318359375">
        <ele>33</ele>
        <time>2026-08-26T21:51:16.000Z</time>
        <extensions>
          <ns3:TrackPointExtension>
            <ns3:hr>136</ns3:hr>
            <ns3:cad>92</ns3:cad>
          </ns3:TrackPointExtension>
        </extensions>
      </trkpt>
      <trkpt lat="29.29572078399360179901123046875" lon="117.261187545955181121826171875">
        <ele>33</ele>
        <time>2026-08-26T21:51:17.000Z</time>
        <extensions>
          <ns3:TrackPointExtension>
            <ns3:hr>137</ns3:hr>
            <ns3:cad>92</ns3:cad>
          </ns3:TrackPointExtension>
        </extensions>
      </trkpt>
      <trkpt lat="29.29573453031480312347412109375" lon="117.26121897809207439422607421875">
        <ele>32.799999237060546875</ele>
        <time>2026-08-26T21:51:18.000Z</time>
        <extensions>
          <ns3:TrackPointExtension>
            <ns3:hr>137</ns3:hr>
            <ns3:cad>92</ns3:cad>
          </ns3:TrackPointExtension>
        </extensions>
      </trkpt>
      <trkpt lat="29.295749701559543609619140625" lon="117.26123942993581295013427734375">
        <ele>32.799999237060546875</ele>
        <time>2026-08-26T21:51:19.000Z</time>
        <extensions>
          <ns3:TrackPointExtension>
            <ns3:hr>137</ns3:hr>
            <ns3:cad>92</ns3:cad>
          </ns3:TrackPointExtension>
        </extensions>
      </trkpt>
      <trkpt lat="29.29576219059526920318603515625" lon="117.2612698562443256378173828125">
        <ele>32.799999237060546875</ele>
        <time>2026-08-26T21:51:20.000Z</time>
        <extensions>
          <ns3:TrackPointExtension>
            <ns3:hr>137</ns3:hr>
            <ns3:cad>92</ns3:cad>
          </ns3:TrackPointExtension>
        </extensions>
      </trkpt>
      <trkpt lat="29.29577660746872425079345703125" lon="117.26128955371677875518798828125">
        <ele>32.59999847412109375</ele>
        <time>2026-08-26T21:51:21.000Z</time>
        <extensions>
          <ns3:TrackPointExtension>
            <ns3:hr>137</ns3:hr>
            <ns3:cad>92</ns3:cad>
          </ns3:TrackPointExtension>
        </extensions>
      </trkpt>
      <trkpt lat="29.2957897670567035675048828125" lon="117.26132023148238658905029296875">
        <ele>32.59999847412109375</ele>
        <time>2026-08-26T21:51:22.000Z</time>
        <extensions>
          <ns3:TrackPointExtension>
            <ns3:hr>137</ns3:hr>
            <ns3:cad>92</ns3:cad>
          </ns3:TrackPointExtension>
        </extensions>
      </trkpt>
      <trkpt lat="29.2958021722733974456787109375" lon="117.261343784630298614501953125">
        <ele>32.59999847412109375</ele>
        <time>2026-08-26T21:51:23.000Z</time>
        <extensions>
          <ns3:TrackPointExtension>
            <ns3:hr>138</ns3:hr>
            <ns3:cad>92</ns3:cad>
          </ns3:TrackPointExtension>
        </extensions>
      </trkpt>
      <trkpt lat="29.29581667296588420867919921875" lon="117.26137270219624042510986328125">
        <ele>32.59999847412109375</ele>
        <time>2026-08-26T21:51:24.000Z</time>
        <extensions>
          <ns3:TrackPointExtension>
            <ns3:hr>138</ns3:hr>
            <ns3:cad>92</ns3:cad>
          </ns3:TrackPointExtension>
        </extensions>
      </trkpt>
      <trkpt lat="29.29583092220127582550048828125" lon="117.2613915614783763885498046875">
        <ele>32.59999847412109375</ele>
        <time>2026-08-26T21:51:25.000Z</time>
        <extensions>
          <ns3:TrackPointExtension>
            <ns3:hr>138</ns3:hr>
            <ns3:cad>92</ns3:cad>
          </ns3:TrackPointExtension>
        </extensions>
      </trkpt>
      <trkpt lat="29.2958447523415088653564453125" lon="117.2614210657775402069091796875">
        <ele>32.59999847412109375</ele>
        <time>2026-08-26T21:51:26.000Z</time>
        <extensions>
          <ns3:TrackPointExtension>
            <ns3:hr>138</ns3:hr>
            <ns3:cad>92</ns3:cad>
          </ns3:TrackPointExtension>
        </extensions>
      </trkpt>
      <trkpt lat="29.29586134850978851318359375" lon="117.26144227199256420135498046875">
        <ele>32.59999847412109375</ele>
        <time>2026-08-26T21:51:27.000Z</time>
        <extensions>
          <ns3:TrackPointExtension>
            <ns3:hr>138</ns3:hr>
            <ns3:cad>92</ns3:cad>
          </ns3:TrackPointExtension>
        </extensions>
      </trkpt>
      <trkpt lat="29.2958752624690532684326171875" lon="117.261470519006252288818359375">
        <ele>32.59999847412109375</ele>
        <time>2026-08-26T21:51:28.000Z</time>
        <extensions>
          <ns3:TrackPointExtension>
            <ns3:hr>138</ns3:hr>
            <ns3:cad>92</ns3:cad>
          </ns3:TrackPointExtension>
        </extensions>
      </trkpt>
      <trkpt lat="29.29589110426604747772216796875" lon="117.2614896297454833984375">
        <ele>32.59999847412109375</ele>
        <time>2026-08-26T21:51:29.000Z</time>
        <extensions>
          <ns3:TrackPointExtension>
            <ns3:hr>138</ns3:hr>
            <ns3:cad>92</ns3:cad>
          </ns3:TrackPointExtension>
        </extensions>
      </trkpt>
      <trkpt lat="29.29590568877756595611572265625" lon="117.261518128216266632080078125">
        <ele>32.59999847412109375</ele>
        <time>2026-08-26T21:51:30.000Z</time>
        <extensions>
          <ns3:TrackPointExtension>
            <ns3:hr>139</ns3:hr>
            <ns3:cad>92</ns3:cad>
          </ns3:TrackPointExtension>
        </extensions>
      </trkpt>
      <trkpt lat="29.295922033488750457763671875" lon="117.2615451179444789886474609375">
        <ele>32.799999237060546875</ele>
        <time>2026-08-26T21:51:31.000Z</time>
        <extensions>
          <ns3:TrackPointExtension>
            <ns3:hr>139</ns3:hr>
            <ns3:cad>92</ns3:cad>
          </ns3:TrackPointExtension>
        </extensions>
      </trkpt>
      <trkpt lat="29.2959339357912540435791015625" lon="117.26156934164464473724365234375">
        <ele>32.799999237060546875</ele>
        <time>2026-08-26T21:51:32.000Z</time>
        <extensions>
          <ns3:TrackPointExtension>
            <ns3:hr>139</ns3:hr>
            <ns3:cad>91</ns3:cad>
          </ns3:TrackPointExtension>
        </extensions>
      </trkpt>
      <trkpt lat="29.29595363326370716094970703125" lon="117.2615897096693515777587890625">
        <ele>32.799999237060546875</ele>
        <time>2026-08-26T21:51:33.000Z</time>
        <extensions>
          <ns3:TrackPointExtension>
            <ns3:hr>140</ns3:hr>
            <ns3:cad>91</ns3:cad>
          </ns3:TrackPointExtension>
        </extensions>
      </trkpt>
      <trkpt lat="29.2959647811949253082275390625" lon="117.26161502301692962646484375">
        <ele>32.799999237060546875</ele>
        <time>2026-08-26T21:51:34.000Z</time>
        <extensions>
          <ns3:TrackPointExtension>
            <ns3:hr>140</ns3:hr>
            <ns3:cad>91</ns3:cad>
          </ns3:TrackPointExtension>
        </extensions>
      </trkpt>
      <trkpt lat="29.29598431102931499481201171875" lon="117.26164025254547595977783203125">
        <ele>32.799999237060546875</ele>
        <time>2026-08-26T21:51:35.000Z</time>
        <extensions>
          <ns3:TrackPointExtension>
            <ns3:hr>140</ns3:hr>
            <ns3:cad>91</ns3:cad>
          </ns3:TrackPointExtension>
        </extensions>
      </trkpt>
      <trkpt lat="29.2960001528263092041015625" lon="117.2616631351411342620849609375">
        <ele>32.59999847412109375</ele>
        <time>2026-08-26T21:51:36.000Z</time>
        <extensions>
          <ns3:TrackPointExtension>
            <ns3:hr>141</ns3:hr>
            <ns3:cad>92</ns3:cad>
          </ns3:TrackPointExtension>
        </extensions>
      </trkpt>
      <trkpt lat="29.29601750336587429046630859375" lon="117.261692471802234649658203125">
        <ele>32.59999847412109375</ele>
        <time>2026-08-26T21:51:37.000Z</time>
        <extensions>
          <ns3:TrackPointExtension>
            <ns3:hr>141</ns3:hr>
            <ns3:cad>92</ns3:cad>
          </ns3:TrackPointExtension>
        </extensions>
      </trkpt>
      <trkpt lat="29.29603342898190021514892578125" lon="117.26171585731208324432373046875">
        <ele>32.40000152587890625</ele>
        <time>2026-08-26T21:51:38.000Z</time>
        <extensions>
          <ns3:TrackPointExtension>
            <ns3:hr>142</ns3:hr>
            <ns3:cad>92</ns3:cad>
          </ns3:TrackPointExtension>
        </extensions>
      </trkpt>
      <trkpt lat="29.2960516177117824554443359375" lon="117.26174485869705677032470703125">
        <ele>32.40000152587890625</ele>
        <time>2026-08-26T21:51:39.000Z</time>
        <extensions>
          <ns3:TrackPointExtension>
            <ns3:hr>142</ns3:hr>
            <ns3:cad>92</ns3:cad>
          </ns3:TrackPointExtension>
        </extensions>
      </trkpt>
      <trkpt lat="29.29607181809842586517333984375" lon="117.26176514290273189544677734375">
        <ele>32.40000152587890625</ele>
        <time>2026-08-26T21:51:40.000Z</time>
        <extensions>
          <ns3:TrackPointExtension>
            <ns3:hr>142</ns3:hr>
            <ns3:cad>92</ns3:cad>
          </ns3:TrackPointExtension>
        </extensions>
      </trkpt>
      <trkpt lat="29.29608640260994434356689453125" lon="117.26179531775414943695068359375">
        <ele>32.40000152587890625</ele>
        <time>2026-08-26T21:51:41.000Z</time>
        <extensions>
          <ns3:TrackPointExtension>
            <ns3:hr>143</ns3:hr>
            <ns3:cad>92</ns3:cad>
          </ns3:TrackPointExtension>
        </extensions>
      </trkpt>
      <trkpt lat="29.29610115475952625274658203125" lon="117.26181593723595142364501953125">
        <ele>32.59999847412109375</ele>
        <time>2026-08-26T21:51:42.000Z</time>
        <extensions>
          <ns3:TrackPointExtension>
            <ns3:hr>143</ns3:hr>
            <ns3:cad>92</ns3:cad>
          </ns3:TrackPointExtension>
        </extensions>
      </trkpt>
      <trkpt lat="29.2961146496236324310302734375" lon="117.26184041239321231842041015625">
        <ele>32.799999237060546875</ele>
        <time>2026-08-26T21:51:43.000Z</time>
        <extensions>
          <ns3:TrackPointExtension>
            <ns3:hr>143</ns3:hr>
            <ns3:cad>91</ns3:cad>
          </ns3:TrackPointExtension>
        </extensions>
      </trkpt>
      <trkpt lat="29.29613116197288036346435546875" lon="117.26185910403728485107421875">
        <ele>32.799999237060546875</ele>
        <time>2026-08-26T21:51:44.000Z</time>
        <extensions>
          <ns3:TrackPointExtension>
            <ns3:hr>143</ns3:hr>
            <ns3:cad>91</ns3:cad>
          </ns3:TrackPointExtension>
        </extensions>
      </trkpt>
      <trkpt lat="29.296148680150508880615234375" lon="117.2618906199932098388671875">
        <ele>32.799999237060546875</ele>
        <time>2026-08-26T21:51:45.000Z</time>
        <extensions>
          <ns3:TrackPointExtension>
            <ns3:hr>143</ns3:hr>
            <ns3:cad>91</ns3:cad>
          </ns3:TrackPointExtension>
        </extensions>
      </trkpt>
      <trkpt lat="29.29616401903331279754638671875" lon="117.26190746761858463287353515625">
        <ele>32.799999237060546875</ele>
        <time>2026-08-26T21:51:46.000Z</time>
        <extensions>
          <ns3:TrackPointExtension>
            <ns3:hr>142</ns3:hr>
            <ns3:cad>90</ns3:cad>
          </ns3:TrackPointExtension>
        </extensions>
      </trkpt>
      <trkpt lat="29.29617977701127529144287109375" lon="117.26193663664162158966064453125">
        <ele>32.59999847412109375</ele>
        <time>2026-08-26T21:51:47.000Z</time>
        <extensions>
          <ns3:TrackPointExtension>
            <ns3:hr>143</ns3:hr>
            <ns3:cad>91</ns3:cad>
          </ns3:TrackPointExtension>
        </extensions>
      </trkpt>
      <trkpt lat="29.29619838483631610870361328125" lon="117.26195038296282291412353515625">
        <ele>32.59999847412109375</ele>
        <time>2026-08-26T21:51:48.000Z</time>
        <extensions>
          <ns3:TrackPointExtension>
            <ns3:hr>143</ns3:hr>
            <ns3:cad>91</ns3:cad>
          </ns3:TrackPointExtension>
        </extensions>
      </trkpt>
      <trkpt lat="29.29621665738523006439208984375" lon="117.26197779178619384765625">
        <ele>32.59999847412109375</ele>
        <time>2026-08-26T21:51:49.000Z</time>
        <extensions>
          <ns3:TrackPointExtension>
            <ns3:hr>142</ns3:hr>
            <ns3:cad>91</ns3:cad>
          </ns3:TrackPointExtension>
        </extensions>
      </trkpt>
      <trkpt lat="29.29623375646770000457763671875" lon="117.26199497468769550323486328125">
        <ele>32.59999847412109375</ele>
        <time>2026-08-26T21:51:50.000Z</time>
        <extensions>
          <ns3:TrackPointExtension>
            <ns3:hr>142</ns3:hr>
            <ns3:cad>91</ns3:cad>
          </ns3:TrackPointExtension>
        </extensions>
      </trkpt>
      <trkpt lat="29.2962507717311382293701171875" lon="117.262024395167827606201171875">
        <ele>32.59999847412109375</ele>
        <time>2026-08-26T21:51:51.000Z</time>
        <extensions>
          <ns3:TrackPointExtension>
            <ns3:hr>142</ns3:hr>
            <ns3:cad>91</ns3:cad>
          </ns3:TrackPointExtension>
        </extensions>
      </trkpt>
      <trkpt lat="29.296265356242656707763671875" lon="117.2620456852018833160400390625">
        <ele>32.59999847412109375</ele>
        <time>2026-08-26T21:51:52.000Z</time>
        <extensions>
          <ns3:TrackPointExtension>
            <ns3:hr>141</ns3:hr>
            <ns3:cad>91</ns3:cad>
          </ns3:TrackPointExtension>
        </extensions>
      </trkpt>
      <trkpt lat="29.29627784527838230133056640625" lon="117.26207979954779148101806640625">
        <ele>32.59999847412109375</ele>
        <time>2026-08-26T21:51:53.000Z</time>
        <extensions>
          <ns3:TrackPointExtension>
            <ns3:hr>140</ns3:hr>
            <ns3:cad>91</ns3:cad>
          </ns3:TrackPointExtension>
        </extensions>
      </trkpt>
      <trkpt lat="29.29629209451377391815185546875" lon="117.262100167572498321533203125">
        <ele>32.59999847412109375</ele>
        <time>2026-08-26T21:51:54.000Z</time>
        <extensions>
          <ns3:TrackPointExtension>
            <ns3:hr>139</ns3:hr>
            <ns3:cad>91</ns3:cad>
          </ns3:TrackPointExtension>
        </extensions>
      </trkpt>
      <trkpt lat="29.29630927741527557373046875" lon="117.26212799549102783203125">
        <ele>32.59999847412109375</ele>
        <time>2026-08-26T21:51:55.000Z</time>
        <extensions>
          <ns3:TrackPointExtension>
            <ns3:hr>139</ns3:hr>
            <ns3:cad>91</ns3:cad>
          </ns3:TrackPointExtension>
        </extensions>
      </trkpt>
      <trkpt lat="29.29632604122161865234375" lon="117.26215012371540069580078125">
        <ele>32.59999847412109375</ele>
        <time>2026-08-26T21:51:56.000Z</time>
        <extensions>
          <ns3:TrackPointExtension>
            <ns3:hr>138</ns3:hr>
            <ns3:cad>91</ns3:cad>
          </ns3:TrackPointExtension>
        </extensions>
      </trkpt>
      <trkpt lat="29.29633802734315395355224609375" lon="117.26217887364327907562255859375">
        <ele>32.59999847412109375</ele>
        <time>2026-08-26T21:51:57.000Z</time>
        <extensions>
          <ns3:TrackPointExtension>
            <ns3:hr>137</ns3:hr>
            <ns3:cad>92</ns3:cad>
          </ns3:TrackPointExtension>
        </extensions>
      </trkpt>
      <trkpt lat="29.29635210894048213958740234375" lon="117.26220108568668365478515625">
        <ele>32.40000152587890625</ele>
        <time>2026-08-26T21:51:58.000Z</time>
        <extensions>
          <ns3:TrackPointExtension>
            <ns3:hr>137</ns3:hr>
            <ns3:cad>91</ns3:cad>
          </ns3:TrackPointExtension>
        </extensions>
      </trkpt>
      <trkpt lat="29.29636367596685886383056640625" lon="117.2622314281761646270751953125">
        <ele>32.40000152587890625</ele>
        <time>2026-08-26T21:51:59.000Z</time>
        <extensions>
          <ns3:TrackPointExtension>
            <ns3:hr>137</ns3:hr>
            <ns3:cad>91</ns3:cad>
          </ns3:TrackPointExtension>
        </extensions>
      </trkpt>
      <trkpt lat="29.296383373439311981201171875" lon="117.2622512094676494598388671875">
        <ele>32.40000152587890625</ele>
        <time>2026-08-26T21:52:00.000Z</time>
        <extensions>
          <ns3:TrackPointExtension>
            <ns3:hr>137</ns3:hr>
            <ns3:cad>91</ns3:cad>
          </ns3:TrackPointExtension>
        </extensions>
      </trkpt>
      <trkpt lat="29.29639988578855991363525390625" lon="117.26227878592908382415771484375">
        <ele>32.40000152587890625</ele>
        <time>2026-08-26T21:52:01.000Z</time>
        <extensions>
          <ns3:TrackPointExtension>
            <ns3:hr>136</ns3:hr>
            <ns3:cad>91</ns3:cad>
          </ns3:TrackPointExtension>
        </extensions>
      </trkpt>
      <trkpt lat="29.29641782306134700775146484375" lon="117.26230007596313953399658203125">
        <ele>32.40000152587890625</ele>
        <time>2026-08-26T21:52:02.000Z</time>
        <extensions>
          <ns3:TrackPointExtension>
            <ns3:hr>136</ns3:hr>
            <ns3:cad>91</ns3:cad>
          </ns3:TrackPointExtension>
        </extensions>
      </trkpt>
      <trkpt lat="29.29643207229673862457275390625" lon="117.26232823915779590606689453125">
        <ele>32.40000152587890625</ele>
        <time>2026-08-26T21:52:03.000Z</time>
        <extensions>
          <ns3:TrackPointExtension>
            <ns3:hr>136</ns3:hr>
            <ns3:cad>91</ns3:cad>
          </ns3:TrackPointExtension>
        </extensions>
      </trkpt>
      <trkpt lat="29.2964485846459865570068359375" lon="117.262350618839263916015625">
        <ele>32.40000152587890625</ele>
        <time>2026-08-26T21:52:04.000Z</time>
        <extensions>
          <ns3:TrackPointExtension>
            <ns3:hr>135</ns3:hr>
            <ns3:cad>91</ns3:cad>
          </ns3:TrackPointExtension>
        </extensions>
      </trkpt>
      <trkpt lat="29.29645990021526813507080078125" lon="117.26237568072974681854248046875">
        <ele>32.40000152587890625</ele>
        <time>2026-08-26T21:52:05.000Z</time>
        <extensions>
          <ns3:TrackPointExtension>
            <ns3:hr>135</ns3:hr>
            <ns3:cad>91</ns3:cad>
          </ns3:TrackPointExtension>
        </extensions>
      </trkpt>
      <trkpt lat="29.29647716693580150604248046875" lon="117.26239915005862712860107421875">
        <ele>32.40000152587890625</ele>
        <time>2026-08-26T21:52:06.000Z</time>
        <extensions>
          <ns3:TrackPointExtension>
            <ns3:hr>135</ns3:hr>
            <ns3:cad>92</ns3:cad>
          </ns3:TrackPointExtension>
        </extensions>
      </trkpt>
      <trkpt lat="29.2964955233037471771240234375" lon="117.26242563687264919281005859375">
        <ele>32.40000152587890625</ele>
        <time>2026-08-26T21:52:07.000Z</time>
        <extensions>
          <ns3:TrackPointExtension>
            <ns3:hr>134</ns3:hr>
            <ns3:cad>92</ns3:cad>
          </ns3:TrackPointExtension>
        </extensions>
      </trkpt>
      <trkpt lat="29.29651446640491485595703125" lon="117.2624512016773223876953125">
        <ele>32.40000152587890625</ele>
        <time>2026-08-26T21:52:08.000Z</time>
        <extensions>
          <ns3:TrackPointExtension>
            <ns3:hr>134</ns3:hr>
            <ns3:cad>92</ns3:cad>
          </ns3:TrackPointExtension>
        </extensions>
      </trkpt>
      <trkpt lat="29.2965297214686870574951171875" lon="117.2624748386442661285400390625">
        <ele>32.40000152587890625</ele>
        <time>2026-08-26T21:52:09.000Z</time>
        <extensions>
          <ns3:TrackPointExtension>
            <ns3:hr>134</ns3:hr>
            <ns3:cad>92</ns3:cad>
          </ns3:TrackPointExtension>
        </extensions>
      </trkpt>
      <trkpt lat="29.29654405452311038970947265625" lon="117.262500487267971038818359375">
        <ele>32.59999847412109375</ele>
        <time>2026-08-26T21:52:10.000Z</time>
        <extensions>
          <ns3:TrackPointExtension>
            <ns3:hr>134</ns3:hr>
            <ns3:cad>91</ns3:cad>
          </ns3:TrackPointExtension>
        </extensions>
      </trkpt>
      <trkpt lat="29.2965592257678508758544921875" lon="117.2625209391117095947265625">
        <ele>32.40000152587890625</ele>
        <time>2026-08-26T21:52:11.000Z</time>
        <extensions>
          <ns3:TrackPointExtension>
            <ns3:hr>133</ns3:hr>
            <ns3:cad>91</ns3:cad>
          </ns3:TrackPointExtension>
        </extensions>
      </trkpt>
      <trkpt lat="29.29657523520290851593017578125" lon="117.2625459171831607818603515625">
        <ele>32.59999847412109375</ele>
        <time>2026-08-26T21:52:12.000Z</time>
        <extensions>
          <ns3:TrackPointExtension>
            <ns3:hr>133</ns3:hr>
            <ns3:cad>91</ns3:cad>
          </ns3:TrackPointExtension>
        </extensions>
      </trkpt>
      <trkpt lat="29.29658948443830013275146484375" lon="117.26256963796913623809814453125">
        <ele>32.59999847412109375</ele>
        <time>2026-08-26T21:52:13.000Z</time>
        <extensions>
          <ns3:TrackPointExtension>
            <ns3:hr>133</ns3:hr>
            <ns3:cad>91</ns3:cad>
          </ns3:TrackPointExtension>
        </extensions>
      </trkpt>
      <trkpt lat="29.2966034822165966033935546875" lon="117.2625978849828243255615234375">
        <ele>32.59999847412109375</ele>
        <time>2026-08-26T21:52:14.000Z</time>
        <extensions>
          <ns3:TrackPointExtension>
            <ns3:hr>133</ns3:hr>
            <ns3:cad>92</ns3:cad>
          </ns3:TrackPointExtension>
        </extensions>
      </trkpt>
      <trkpt lat="29.2966152168810367584228515625" lon="117.2626180015504360198974609375">
        <ele>32.59999847412109375</ele>
        <time>2026-08-26T21:52:15.000Z</time>
        <extensions>
          <ns3:TrackPointExtension>
            <ns3:hr>132</ns3:hr>
            <ns3:cad>91</ns3:cad>
          </ns3:TrackPointExtension>
        </extensions>
      </trkpt>
      <trkpt lat="29.296632148325443267822265625" lon="117.26264557801187038421630859375">
        <ele>32.59999847412109375</ele>
        <time>2026-08-26T21:52:16.000Z</time>
        <extensions>
          <ns3:TrackPointExtension>
            <ns3:hr>133</ns3:hr>
            <ns3:cad>91</ns3:cad>
          </ns3:TrackPointExtension>
        </extensions>
      </trkpt>
      <trkpt lat="29.29664681665599346160888671875" lon="117.26266670040786266326904296875">
        <ele>32.59999847412109375</ele>
        <time>2026-08-26T21:52:17.000Z</time>
        <extensions>
          <ns3:TrackPointExtension>
            <ns3:hr>133</ns3:hr>
            <ns3:cad>90</ns3:cad>
          </ns3:TrackPointExtension>
        </extensions>
      </trkpt>
      <trkpt lat="29.29666676558554172515869140625" lon="117.2626951150596141815185546875">
        <ele>32.799999237060546875</ele>
        <time>2026-08-26T21:52:18.000Z</time>
        <extensions>
          <ns3:TrackPointExtension>
            <ns3:hr>133</ns3:hr>
            <ns3:cad>90</ns3:cad>
          </ns3:TrackPointExtension>
        </extensions>
      </trkpt>
      <trkpt lat="29.2966814339160919189453125" lon="117.2627155669033527374267578125">
        <ele>32.799999237060546875</ele>
        <time>2026-08-26T21:52:19.000Z</time>
        <extensions>
          <ns3:TrackPointExtension>
            <ns3:hr>133</ns3:hr>
            <ns3:cad>90</ns3:cad>
          </ns3:TrackPointExtension>
        </extensions>
      </trkpt>
      <trkpt lat="29.29669761098921298980712890625" lon="117.2627454064786434173583984375">
        <ele>32.799999237060546875</ele>
        <time>2026-08-26T21:52:20.000Z</time>
        <extensions>
          <ns3:TrackPointExtension>
            <ns3:hr>134</ns3:hr>
            <ns3:cad>90</ns3:cad>
          </ns3:TrackPointExtension>
        </extensions>
      </trkpt>
      <trkpt lat="29.29671303369104862213134765625" lon="117.26276661269366741180419921875">
        <ele>32.799999237060546875</ele>
        <time>2026-08-26T21:52:21.000Z</time>
        <extensions>
          <ns3:TrackPointExtension>
            <ns3:hr>135</ns3:hr>
            <ns3:cad>91</ns3:cad>
          </ns3:TrackPointExtension>
        </extensions>
      </trkpt>
      <trkpt lat="29.2967322282493114471435546875" lon="117.26279879920184612274169921875">
        <ele>33</ele>
        <time>2026-08-26T21:52:22.000Z</time>
        <extensions>
          <ns3:TrackPointExtension>
            <ns3:hr>135</ns3:hr>
            <ns3:cad>91</ns3:cad>
          </ns3:TrackPointExtension>
        </extensions>
      </trkpt>
      <trkpt lat="29.29675058461725711822509765625" lon="117.262814976274967193603515625">
        <ele>33</ele>
        <time>2026-08-26T21:52:23.000Z</time>
        <extensions>
          <ns3:TrackPointExtension>
            <ns3:hr>136</ns3:hr>
            <ns3:cad>91</ns3:cad>
          </ns3:TrackPointExtension>
        </extensions>
      </trkpt>
      <trkpt lat="29.2967660911381244659423828125" lon="117.26284657604992389678955078125">
        <ele>33</ele>
        <time>2026-08-26T21:52:24.000Z</time>
        <extensions>
          <ns3:TrackPointExtension>
            <ns3:hr>137</ns3:hr>
            <ns3:cad>91</ns3:cad>
          </ns3:TrackPointExtension>
        </extensions>
      </trkpt>
      <trkpt lat="29.29678143002092838287353515625" lon="117.2628671117126941680908203125">
        <ele>33</ele>
        <time>2026-08-26T21:52:25.000Z</time>
        <extensions>
          <ns3:TrackPointExtension>
            <ns3:hr>137</ns3:hr>
            <ns3:cad>91</ns3:cad>
          </ns3:TrackPointExtension>
        </extensions>
      </trkpt>
      <trkpt lat="29.2967967689037322998046875" lon="117.26289820857346057891845703125">
        <ele>33</ele>
        <time>2026-08-26T21:52:26.000Z</time>
        <extensions>
          <ns3:TrackPointExtension>
            <ns3:hr>137</ns3:hr>
            <ns3:cad>92</ns3:cad>
          </ns3:TrackPointExtension>
        </extensions>
      </trkpt>
      <trkpt lat="29.296811185777187347412109375" lon="117.2629177384078502655029296875">
        <ele>33</ele>
        <time>2026-08-26T21:52:27.000Z</time>
        <extensions>
          <ns3:TrackPointExtension>
            <ns3:hr>137</ns3:hr>
            <ns3:cad>91</ns3:cad>
          </ns3:TrackPointExtension>
        </extensions>
      </trkpt>
      <trkpt lat="29.296827614307403564453125" lon="117.26294942200183868408203125">
        <ele>33</ele>
        <time>2026-08-26T21:52:28.000Z</time>
        <extensions>
          <ns3:TrackPointExtension>
            <ns3:hr>138</ns3:hr>
            <ns3:cad>91</ns3:cad>
          </ns3:TrackPointExtension>
        </extensions>
      </trkpt>
      <trkpt lat="29.29684278555214405059814453125" lon="117.2629643417894840240478515625">
        <ele>33.200000762939453125</ele>
        <time>2026-08-26T21:52:29.000Z</time>
        <extensions>
          <ns3:TrackPointExtension>
            <ns3:hr>138</ns3:hr>
            <ns3:cad>91</ns3:cad>
          </ns3:TrackPointExtension>
        </extensions>
      </trkpt>
      <trkpt lat="29.29685569368302822113037109375" lon="117.26299594156444072723388671875">
        <ele>33.200000762939453125</ele>
        <time>2026-08-26T21:52:30.000Z</time>
        <extensions>
          <ns3:TrackPointExtension>
            <ns3:hr>138</ns3:hr>
            <ns3:cad>90</ns3:cad>
          </ns3:TrackPointExtension>
        </extensions>
      </trkpt>
      <trkpt lat="29.2968718707561492919921875" lon="117.26301513612270355224609375">
        <ele>33</ele>
        <time>2026-08-26T21:52:31.000Z</time>
        <extensions>
          <ns3:TrackPointExtension>
            <ns3:hr>138</ns3:hr>
            <ns3:cad>90</ns3:cad>
          </ns3:TrackPointExtension>
        </extensions>
      </trkpt>
      <trkpt lat="29.29688687436282634735107421875" lon="117.2630454786121845245361328125">
        <ele>33</ele>
        <time>2026-08-26T21:52:32.000Z</time>
        <extensions>
          <ns3:TrackPointExtension>
            <ns3:hr>138</ns3:hr>
            <ns3:cad>90</ns3:cad>
          </ns3:TrackPointExtension>
        </extensions>
      </trkpt>
      <trkpt lat="29.29690514691174030303955078125" lon="117.26306140422821044921875">
        <ele>33.200000762939453125</ele>
        <time>2026-08-26T21:52:33.000Z</time>
        <extensions>
          <ns3:TrackPointExtension>
            <ns3:hr>138</ns3:hr>
            <ns3:cad>90</ns3:cad>
          </ns3:TrackPointExtension>
        </extensions>
      </trkpt>
      <trkpt lat="29.29691671393811702728271484375" lon="117.26309082470834255218505859375">
        <ele>33.200000762939453125</ele>
        <time>2026-08-26T21:52:34.000Z</time>
        <extensions>
          <ns3:TrackPointExtension>
            <ns3:hr>138</ns3:hr>
            <ns3:cad>92</ns3:cad>
          </ns3:TrackPointExtension>
        </extensions>
      </trkpt>
      <trkpt lat="29.29693146608769893646240234375" lon="117.26311303675174713134765625">
        <ele>33.200000762939453125</ele>
        <time>2026-08-26T21:52:35.000Z</time>
        <extensions>
          <ns3:TrackPointExtension>
            <ns3:hr>139</ns3:hr>
            <ns3:cad>92</ns3:cad>
          </ns3:TrackPointExtension>
        </extensions>
      </trkpt>
      <trkpt lat="29.29694571532309055328369140625" lon="117.26314513944089412689208984375">
        <ele>33.40000152587890625</ele>
        <time>2026-08-26T21:52:36.000Z</time>
        <extensions>
          <ns3:TrackPointExtension>
            <ns3:hr>139</ns3:hr>
            <ns3:cad>92</ns3:cad>
          </ns3:TrackPointExtension>
        </extensions>
      </trkpt>
      <trkpt lat="29.2969630658626556396484375" lon="117.263169027864933013916015625">
        <ele>33.59999847412109375</ele>
        <time>2026-08-26T21:52:37.000Z</time>
        <extensions>
          <ns3:TrackPointExtension>
            <ns3:hr>139</ns3:hr>
            <ns3:cad>92</ns3:cad>
          </ns3:TrackPointExtension>
        </extensions>
      </trkpt>
      <trkpt lat="29.29697521962225437164306640625" lon="117.26319761015474796295166015625">
        <ele>33.59999847412109375</ele>
        <time>2026-08-26T21:52:38.000Z</time>
        <extensions>
          <ns3:TrackPointExtension>
            <ns3:hr>140</ns3:hr>
            <ns3:cad>90</ns3:cad>
          </ns3:TrackPointExtension>
        </extensions>
      </trkpt>
      <trkpt lat="29.29699231870472431182861328125" lon="117.263215295970439910888671875">
        <ele>33.59999847412109375</ele>
        <time>2026-08-26T21:52:39.000Z</time>
        <extensions>
          <ns3:TrackPointExtension>
            <ns3:hr>140</ns3:hr>
            <ns3:cad>90</ns3:cad>
          </ns3:TrackPointExtension>
        </extensions>
      </trkpt>
      <trkpt lat="29.29700505919754505157470703125" lon="117.26324178278446197509765625">
        <ele>33.799999237060546875</ele>
        <time>2026-08-26T21:52:40.000Z</time>
        <extensions>
          <ns3:TrackPointExtension>
            <ns3:hr>140</ns3:hr>
            <ns3:cad>90</ns3:cad>
          </ns3:TrackPointExtension>
        </extensions>
      </trkpt>
      <trkpt lat="29.2970202304422855377197265625" lon="117.2632600553333759307861328125">
        <ele>33.799999237060546875</ele>
        <time>2026-08-26T21:52:41.000Z</time>
        <extensions>
          <ns3:TrackPointExtension>
            <ns3:hr>140</ns3:hr>
            <ns3:cad>90</ns3:cad>
          </ns3:TrackPointExtension>
        </extensions>
      </trkpt>
      <trkpt lat="29.29703271947801113128662109375" lon="117.26328880526125431060791015625">
        <ele>33.799999237060546875</ele>
        <time>2026-08-26T21:52:42.000Z</time>
        <extensions>
          <ns3:TrackPointExtension>
            <ns3:hr>141</ns3:hr>
            <ns3:cad>90</ns3:cad>
          </ns3:TrackPointExtension>
        </extensions>
      </trkpt>
      <trkpt lat="29.29704956710338592529296875" lon="117.26330908946692943572998046875">
        <ele>33.799999237060546875</ele>
        <time>2026-08-26T21:52:43.000Z</time>
        <extensions>
          <ns3:TrackPointExtension>
            <ns3:hr>141</ns3:hr>
            <ns3:cad>90</ns3:cad>
          </ns3:TrackPointExtension>
        </extensions>
      </trkpt>
      <trkpt lat="29.29706188850104808807373046875" lon="117.2633331455290317535400390625">
        <ele>33.799999237060546875</ele>
        <time>2026-08-26T21:52:44.000Z</time>
        <extensions>
          <ns3:TrackPointExtension>
            <ns3:hr>141</ns3:hr>
            <ns3:cad>90</ns3:cad>
          </ns3:TrackPointExtension>
        </extensions>
      </trkpt>
      <trkpt lat="29.297080077230930328369140625" lon="117.2633559443056583404541015625">
        <ele>33.799999237060546875</ele>
        <time>2026-08-26T21:52:45.000Z</time>
        <extensions>
          <ns3:TrackPointExtension>
            <ns3:hr>142</ns3:hr>
            <ns3:cad>90</ns3:cad>
          </ns3:TrackPointExtension>
        </extensions>
      </trkpt>
      <trkpt lat="29.29709373973309993743896484375" lon="117.263384945690631866455078125">
        <ele>33.799999237060546875</ele>
        <time>2026-08-26T21:52:46.000Z</time>
        <extensions>
          <ns3:TrackPointExtension>
            <ns3:hr>142</ns3:hr>
            <ns3:cad>90</ns3:cad>
          </ns3:TrackPointExtension>
        </extensions>
      </trkpt>
      <trkpt lat="29.29710832424461841583251953125" lon="117.263411097228527069091796875">
        <ele>33.799999237060546875</ele>
        <time>2026-08-26T21:52:47.000Z</time>
        <extensions>
          <ns3:TrackPointExtension>
            <ns3:hr>142</ns3:hr>
            <ns3:cad>90</ns3:cad>
          </ns3:TrackPointExtension>
        </extensions>
      </trkpt>
      <trkpt lat="29.297123663127422332763671875" lon="117.2634382545948028564453125">
        <ele>34</ele>
        <time>2026-08-26T21:52:48.000Z</time>
        <extensions>
          <ns3:TrackPointExtension>
            <ns3:hr>143</ns3:hr>
            <ns3:cad>90</ns3:cad>
          </ns3:TrackPointExtension>
        </extensions>
      </trkpt>
      <trkpt lat="29.29714084602892398834228515625" lon="117.26346214301884174346923828125">
        <ele>34</ele>
        <time>2026-08-26T21:52:49.000Z</time>
        <extensions>
          <ns3:TrackPointExtension>
            <ns3:hr>143</ns3:hr>
            <ns3:cad>90</ns3:cad>
          </ns3:TrackPointExtension>
        </extensions>
      </trkpt>
      <trkpt lat="29.2971516586840152740478515625" lon="117.26348795928061008453369140625">
        <ele>34</ele>
        <time>2026-08-26T21:52:50.000Z</time>
        <extensions>
          <ns3:TrackPointExtension>
            <ns3:hr>144</ns3:hr>
            <ns3:cad>90</ns3:cad>
          </ns3:TrackPointExtension>
        </extensions>
      </trkpt>
      <trkpt lat="29.297167919576168060302734375" lon="117.26351109333336353302001953125">
        <ele>34.200000762939453125</ele>
        <time>2026-08-26T21:52:51.000Z</time>
        <extensions>
          <ns3:TrackPointExtension>
            <ns3:hr>144</ns3:hr>
            <ns3:cad>90</ns3:cad>
          </ns3:TrackPointExtension>
        </extensions>
      </trkpt>
      <trkpt lat="29.2971798218786716461181640625" lon="117.2635373286902904510498046875">
        <ele>34.200000762939453125</ele>
        <time>2026-08-26T21:52:52.000Z</time>
        <extensions>
          <ns3:TrackPointExtension>
            <ns3:hr>145</ns3:hr>
            <ns3:cad>90</ns3:cad>
          </ns3:TrackPointExtension>
        </extensions>
      </trkpt>
      <trkpt lat="29.29719717241823673248291015625" lon="117.2635597921907901763916015625">
        <ele>34.200000762939453125</ele>
        <time>2026-08-26T21:52:53.000Z</time>
        <extensions>
          <ns3:TrackPointExtension>
            <ns3:hr>145</ns3:hr>
            <ns3:cad>90</ns3:cad>
          </ns3:TrackPointExtension>
        </extensions>
      </trkpt>
      <trkpt lat="29.2972099967300891876220703125" lon="117.2635852731764316558837890625">
        <ele>34.40000152587890625</ele>
        <time>2026-08-26T21:52:54.000Z</time>
        <extensions>
          <ns3:TrackPointExtension>
            <ns3:hr>146</ns3:hr>
            <ns3:cad>89</ns3:cad>
          </ns3:TrackPointExtension>
        </extensions>
      </trkpt>
      <trkpt lat="29.297225587069988250732421875" lon="117.2636070661246776580810546875">
        <ele>34.40000152587890625</ele>
        <time>2026-08-26T21:52:55.000Z</time>
        <extensions>
          <ns3:TrackPointExtension>
            <ns3:hr>146</ns3:hr>
            <ns3:cad>89</ns3:cad>
          </ns3:TrackPointExtension>
        </extensions>
      </trkpt>
      <trkpt lat="29.29723606444895267486572265625" lon="117.26363246329128742218017578125">
        <ele>34.40000152587890625</ele>
        <time>2026-08-26T21:52:56.000Z</time>
        <extensions>
          <ns3:TrackPointExtension>
            <ns3:hr>146</ns3:hr>
            <ns3:cad>89</ns3:cad>
          </ns3:TrackPointExtension>
        </extensions>
      </trkpt>
      <trkpt lat="29.29725416935980319976806640625" lon="117.263653837144374847412109375">
        <ele>34.40000152587890625</ele>
        <time>2026-08-26T21:52:57.000Z</time>
        <extensions>
          <ns3:TrackPointExtension>
            <ns3:hr>147</ns3:hr>
            <ns3:cad>89</ns3:cad>
          </ns3:TrackPointExtension>
        </extensions>
      </trkpt>
      <trkpt lat="29.297266490757465362548828125" lon="117.26368107832968235015869140625">
        <ele>34.40000152587890625</ele>
        <time>2026-08-26T21:52:58.000Z</time>
        <extensions>
          <ns3:TrackPointExtension>
            <ns3:hr>147</ns3:hr>
            <ns3:cad>89</ns3:cad>
          </ns3:TrackPointExtension>
        </extensions>
      </trkpt>
      <trkpt lat="29.29728065617382526397705078125" lon="117.26370857097208499908447265625">
        <ele>34.59999847412109375</ele>
        <time>2026-08-26T21:52:59.000Z</time>
        <extensions>
          <ns3:TrackPointExtension>
            <ns3:hr>147</ns3:hr>
            <ns3:cad>89</ns3:cad>
          </ns3:TrackPointExtension>
        </extensions>
      </trkpt>
      <trkpt lat="29.29729356430470943450927734375" lon="117.26373287849128246307373046875">
        <ele>34.59999847412109375</ele>
        <time>2026-08-26T21:53:00.000Z</time>
        <extensions>
          <ns3:TrackPointExtension>
            <ns3:hr>147</ns3:hr>
            <ns3:cad>90</ns3:cad>
          </ns3:TrackPointExtension>
        </extensions>
      </trkpt>
      <trkpt lat="29.29730948992073535919189453125" lon="117.26375785656273365020751953125">
        <ele>34.59999847412109375</ele>
        <time>2026-08-26T21:53:01.000Z</time>
        <extensions>
          <ns3:TrackPointExtension>
            <ns3:hr>147</ns3:hr>
            <ns3:cad>90</ns3:cad>
          </ns3:TrackPointExtension>
        </extensions>
      </trkpt>
      <trkpt lat="29.29732390679419040679931640625" lon="117.2637810744345188140869140625">
        <ele>34.799999237060546875</ele>
        <time>2026-08-26T21:53:02.000Z</time>
        <extensions>
          <ns3:TrackPointExtension>
            <ns3:hr>147</ns3:hr>
            <ns3:cad>90</ns3:cad>
          </ns3:TrackPointExtension>
        </extensions>
      </trkpt>
      <trkpt lat="29.29733932949602603912353515625" lon="117.26381066255271434783935546875">
        <ele>34.799999237060546875</ele>
        <time>2026-08-26T21:53:03.000Z</time>
        <extensions>
          <ns3:TrackPointExtension>
            <ns3:hr>147</ns3:hr>
            <ns3:cad>90</ns3:cad>
          </ns3:TrackPointExtension>
        </extensions>
      </trkpt>
      <trkpt lat="29.2973498068749904632568359375" lon="117.26383631117641925811767578125">
        <ele>34.799999237060546875</ele>
        <time>2026-08-26T21:53:04.000Z</time>
        <extensions>
          <ns3:TrackPointExtension>
            <ns3:hr>146</ns3:hr>
            <ns3:cad>90</ns3:cad>
          </ns3:TrackPointExtension>
        </extensions>
      </trkpt>
      <trkpt lat="29.2973625473678112030029296875" lon="117.2638615407049655914306640625">
        <ele>35</ele>
        <time>2026-08-26T21:53:05.000Z</time>
        <extensions>
          <ns3:TrackPointExtension>
            <ns3:hr>145</ns3:hr>
            <ns3:cad>91</ns3:cad>
          </ns3:TrackPointExtension>
        </extensions>
      </trkpt>
      <trkpt lat="29.29737319238483905792236328125" lon="117.26388643495738506317138671875">
        <ele>34.799999237060546875</ele>
        <time>2026-08-26T21:53:06.000Z</time>
        <extensions>
          <ns3:TrackPointExtension>
            <ns3:hr>145</ns3:hr>
            <ns3:cad>91</ns3:cad>
          </ns3:TrackPointExtension>
        </extensions>
      </trkpt>
      <trkpt lat="29.29738844744861125946044921875" lon="117.263908647000789642333984375">
        <ele>35</ele>
        <time>2026-08-26T21:53:07.000Z</time>
        <extensions>
          <ns3:TrackPointExtension>
            <ns3:hr>145</ns3:hr>
            <ns3:cad>91</ns3:cad>
          </ns3:TrackPointExtension>
        </extensions>
      </trkpt>
      <trkpt lat="29.29740051738917827606201171875" lon="117.263933122158050537109375">
        <ele>35</ele>
        <time>2026-08-26T21:53:08.000Z</time>
        <extensions>
          <ns3:TrackPointExtension>
            <ns3:hr>144</ns3:hr>
            <ns3:cad>90</ns3:cad>
          </ns3:TrackPointExtension>
        </extensions>
      </trkpt>
      <trkpt lat="29.29741510190069675445556640625" lon="117.263958938419818878173828125">
        <ele>35</ele>
        <time>2026-08-26T21:53:09.000Z</time>
        <extensions>
          <ns3:TrackPointExtension>
            <ns3:hr>144</ns3:hr>
            <ns3:cad>89</ns3:cad>
          </ns3:TrackPointExtension>
        </extensions>
      </trkpt>
      <trkpt lat="29.29742163978517055511474609375" lon="117.2639879398047924041748046875">
        <ele>35</ele>
        <time>2026-08-26T21:53:10.000Z</time>
        <extensions>
          <ns3:TrackPointExtension>
            <ns3:hr>143</ns3:hr>
            <ns3:cad>89</ns3:cad>
          </ns3:TrackPointExtension>
        </extensions>
      </trkpt>
      <trkpt lat="29.297435469925403594970703125" lon="117.26401182822883129119873046875">
        <ele>35</ele>
        <time>2026-08-26T21:53:11.000Z</time>
        <extensions>
          <ns3:TrackPointExtension>
            <ns3:hr>143</ns3:hr>
            <ns3:cad>89</ns3:cad>
          </ns3:TrackPointExtension>
        </extensions>
      </trkpt>
      <trkpt lat="29.29744225926697254180908203125" lon="117.2640409134328365325927734375">
        <ele>35</ele>
        <time>2026-08-26T21:53:12.000Z</time>
        <extensions>
          <ns3:TrackPointExtension>
            <ns3:hr>142</ns3:hr>
            <ns3:cad>89</ns3:cad>
          </ns3:TrackPointExtension>
        </extensions>
      </trkpt>
      <trkpt lat="29.297458268702030181884765625" lon="117.26406656205654144287109375">
        <ele>35</ele>
        <time>2026-08-26T21:53:13.000Z</time>
        <extensions>
          <ns3:TrackPointExtension>
            <ns3:hr>142</ns3:hr>
            <ns3:cad>89</ns3:cad>
          </ns3:TrackPointExtension>
        </extensions>
      </trkpt>
      <trkpt lat="29.2974684946238994598388671875" lon="117.2640905342996120452880859375">
        <ele>35</ele>
        <time>2026-08-26T21:53:14.000Z</time>
        <extensions>
          <ns3:TrackPointExtension>
            <ns3:hr>141</ns3:hr>
            <ns3:cad>89</ns3:cad>
          </ns3:TrackPointExtension>
        </extensions>
      </trkpt>
      <trkpt lat="29.297483079135417938232421875" lon="117.26411542855203151702880859375">
        <ele>35.200000762939453125</ele>
        <time>2026-08-26T21:53:15.000Z</time>
        <extensions>
          <ns3:TrackPointExtension>
            <ns3:hr>141</ns3:hr>
            <ns3:cad>89</ns3:cad>
          </ns3:TrackPointExtension>
        </extensions>
      </trkpt>
      <trkpt lat="29.29749355651438236236572265625" lon="117.2641409933567047119140625">
        <ele>35.200000762939453125</ele>
        <time>2026-08-26T21:53:16.000Z</time>
        <extensions>
          <ns3:TrackPointExtension>
            <ns3:hr>140</ns3:hr>
            <ns3:cad>90</ns3:cad>
          </ns3:TrackPointExtension>
        </extensions>
      </trkpt>
      <trkpt lat="29.297508895397186279296875" lon="117.26416689343750476837158203125">
        <ele>35.200000762939453125</ele>
        <time>2026-08-26T21:53:17.000Z</time>
        <extensions>
          <ns3:TrackPointExtension>
            <ns3:hr>140</ns3:hr>
            <ns3:cad>90</ns3:cad>
          </ns3:TrackPointExtension>
        </extensions>
      </trkpt>
      <trkpt lat="29.29751970805227756500244140625" lon="117.2641934640705585479736328125">
        <ele>35.200000762939453125</ele>
        <time>2026-08-26T21:53:18.000Z</time>
        <extensions>
          <ns3:TrackPointExtension>
            <ns3:hr>140</ns3:hr>
            <ns3:cad>90</ns3:cad>
          </ns3:TrackPointExtension>
        </extensions>
      </trkpt>
      <trkpt lat="29.297534041106700897216796875" lon="117.26422288455069065093994140625">
        <ele>35.200000762939453125</ele>
        <time>2026-08-26T21:53:19.000Z</time>
        <extensions>
          <ns3:TrackPointExtension>
            <ns3:hr>140</ns3:hr>
            <ns3:cad>90</ns3:cad>
          </ns3:TrackPointExtension>
        </extensions>
      </trkpt>
      <trkpt lat="29.2975449375808238983154296875" lon="117.2642471082508563995361328125">
        <ele>35.200000762939453125</ele>
        <time>2026-08-26T21:53:20.000Z</time>
        <extensions>
          <ns3:TrackPointExtension>
            <ns3:hr>139</ns3:hr>
            <ns3:cad>90</ns3:cad>
          </ns3:TrackPointExtension>
        </extensions>
      </trkpt>
      <trkpt lat="29.29755692370235919952392578125" lon="117.26427988149225711822509765625">
        <ele>35.40000152587890625</ele>
        <time>2026-08-26T21:53:21.000Z</time>
        <extensions>
          <ns3:TrackPointExtension>
            <ns3:hr>139</ns3:hr>
            <ns3:cad>90</ns3:cad>
          </ns3:TrackPointExtension>
        </extensions>
      </trkpt>
      <trkpt lat="29.2975684069097042083740234375" lon="117.26430100388824939727783203125">
        <ele>35.40000152587890625</ele>
        <time>2026-08-26T21:53:22.000Z</time>
        <extensions>
          <ns3:TrackPointExtension>
            <ns3:hr>139</ns3:hr>
            <ns3:cad>90</ns3:cad>
          </ns3:TrackPointExtension>
        </extensions>
      </trkpt>
      <trkpt lat="29.29758257232606410980224609375" lon="117.26433277130126953125">
        <ele>35.40000152587890625</ele>
        <time>2026-08-26T21:53:23.000Z</time>
        <extensions>
          <ns3:TrackPointExtension>
            <ns3:hr>140</ns3:hr>
            <ns3:cad>90</ns3:cad>
          </ns3:TrackPointExtension>
        </extensions>
      </trkpt>
      <trkpt lat="29.29759028367698192596435546875" lon="117.26435959339141845703125">
        <ele>35.40000152587890625</ele>
        <time>2026-08-26T21:53:24.000Z</time>
        <extensions>
          <ns3:TrackPointExtension>
            <ns3:hr>139</ns3:hr>
            <ns3:cad>90</ns3:cad>
          </ns3:TrackPointExtension>
        </extensions>
      </trkpt>
      <trkpt lat="29.29759900085628032684326171875" lon="117.26438976824283599853515625">
        <ele>35.40000152587890625</ele>
        <time>2026-08-26T21:53:25.000Z</time>
        <extensions>
          <ns3:TrackPointExtension>
            <ns3:hr>139</ns3:hr>
            <ns3:cad>90</ns3:cad>
          </ns3:TrackPointExtension>
        </extensions>
      </trkpt>
      <trkpt lat="29.29760788567364215850830078125" lon="117.264410220086574554443359375">
        <ele>35.200000762939453125</ele>
        <time>2026-08-26T21:53:26.000Z</time>
        <extensions>
          <ns3:TrackPointExtension>
            <ns3:hr>139</ns3:hr>
            <ns3:cad>90</ns3:cad>
          </ns3:TrackPointExtension>
        </extensions>
      </trkpt>
      <trkpt lat="29.2976186983287334442138671875" lon="117.2644415684044361114501953125">
        <ele>35.200000762939453125</ele>
        <time>2026-08-26T21:53:27.000Z</time>
        <extensions>
          <ns3:TrackPointExtension>
            <ns3:hr>138</ns3:hr>
            <ns3:cad>90</ns3:cad>
          </ns3:TrackPointExtension>
        </extensions>
      </trkpt>
      <trkpt lat="29.29762649349868297576904296875" lon="117.26446260698139667510986328125">
        <ele>35.40000152587890625</ele>
        <time>2026-08-26T21:53:28.000Z</time>
        <extensions>
          <ns3:TrackPointExtension>
            <ns3:hr>138</ns3:hr>
            <ns3:cad>91</ns3:cad>
          </ns3:TrackPointExtension>
        </extensions>
      </trkpt>
      <trkpt lat="29.29763537831604480743408203125" lon="117.26449127309024333953857421875">
        <ele>35.40000152587890625</ele>
        <time>2026-08-26T21:53:29.000Z</time>
        <extensions>
          <ns3:TrackPointExtension>
            <ns3:hr>138</ns3:hr>
            <ns3:cad>90</ns3:cad>
          </ns3:TrackPointExtension>
        </extensions>
      </trkpt>
      <trkpt lat="29.29764074273407459259033203125" lon="117.26451390422880649566650390625">
        <ele>35.59999847412109375</ele>
        <time>2026-08-26T21:53:30.000Z</time>
        <extensions>
          <ns3:TrackPointExtension>
            <ns3:hr>138</ns3:hr>
            <ns3:cad>90</ns3:cad>
          </ns3:TrackPointExtension>
        </extensions>
      </trkpt>
      <trkpt lat="29.29765532724559307098388671875" lon="117.2645424865186214447021484375">
        <ele>35.40000152587890625</ele>
        <time>2026-08-26T21:53:31.000Z</time>
        <extensions>
          <ns3:TrackPointExtension>
            <ns3:hr>138</ns3:hr>
            <ns3:cad>90</ns3:cad>
          </ns3:TrackPointExtension>
        </extensions>
      </trkpt>
      <trkpt lat="29.29766437970101833343505859375" lon="117.26456603966653347015380859375">
        <ele>35.59999847412109375</ele>
        <time>2026-08-26T21:53:32.000Z</time>
        <extensions>
          <ns3:TrackPointExtension>
            <ns3:hr>138</ns3:hr>
            <ns3:cad>90</ns3:cad>
          </ns3:TrackPointExtension>
        </extensions>
      </trkpt>
      <trkpt lat="29.29767896421253681182861328125" lon="117.2645964659750461578369140625">
        <ele>35.59999847412109375</ele>
        <time>2026-08-26T21:53:33.000Z</time>
        <extensions>
          <ns3:TrackPointExtension>
            <ns3:hr>138</ns3:hr>
            <ns3:cad>89</ns3:cad>
          </ns3:TrackPointExtension>
        </extensions>
      </trkpt>
      <trkpt lat="29.29768768139183521270751953125" lon="117.26462286897003650665283203125">
        <ele>35.40000152587890625</ele>
        <time>2026-08-26T21:53:34.000Z</time>
        <extensions>
          <ns3:TrackPointExtension>
            <ns3:hr>138</ns3:hr>
            <ns3:cad>89</ns3:cad>
          </ns3:TrackPointExtension>
        </extensions>
      </trkpt>
      <trkpt lat="29.29769866168498992919921875" lon="117.264655642211437225341796875">
        <ele>35.40000152587890625</ele>
        <time>2026-08-26T21:53:35.000Z</time>
        <extensions>
          <ns3:TrackPointExtension>
            <ns3:hr>138</ns3:hr>
            <ns3:cad>89</ns3:cad>
          </ns3:TrackPointExtension>
        </extensions>
      </trkpt>
      <trkpt lat="29.2977102287113666534423828125" lon="117.26467919535934925079345703125">
        <ele>35.59999847412109375</ele>
        <time>2026-08-26T21:53:36.000Z</time>
        <extensions>
          <ns3:TrackPointExtension>
            <ns3:hr>138</ns3:hr>
            <ns3:cad>89</ns3:cad>
          </ns3:TrackPointExtension>
        </extensions>
      </trkpt>
      <trkpt lat="29.29772238247096538543701171875" lon="117.264709286391735076904296875">
        <ele>35.59999847412109375</ele>
        <time>2026-08-26T21:53:37.000Z</time>
        <extensions>
          <ns3:TrackPointExtension>
            <ns3:hr>138</ns3:hr>
            <ns3:cad>89</ns3:cad>
          </ns3:TrackPointExtension>
        </extensions>
      </trkpt>
      <trkpt lat="29.29773445241153240203857421875" lon="117.26473250426352024078369140625">
        <ele>35.59999847412109375</ele>
        <time>2026-08-26T21:53:38.000Z</time>
        <extensions>
          <ns3:TrackPointExtension>
            <ns3:hr>138</ns3:hr>
            <ns3:cad>89</ns3:cad>
          </ns3:TrackPointExtension>
        </extensions>
      </trkpt>
      <trkpt lat="29.29774920456111431121826171875" lon="117.264763601124286651611328125">
        <ele>35.799999237060546875</ele>
        <time>2026-08-26T21:53:39.000Z</time>
        <extensions>
          <ns3:TrackPointExtension>
            <ns3:hr>138</ns3:hr>
            <ns3:cad>89</ns3:cad>
          </ns3:TrackPointExtension>
        </extensions>
      </trkpt>
      <trkpt lat="29.29776362143456935882568359375" lon="117.2647872380912303924560546875">
        <ele>35.799999237060546875</ele>
        <time>2026-08-26T21:53:40.000Z</time>
        <extensions>
          <ns3:TrackPointExtension>
            <ns3:hr>138</ns3:hr>
            <ns3:cad>89</ns3:cad>
          </ns3:TrackPointExtension>
        </extensions>
      </trkpt>
      <trkpt lat="29.2977784574031829833984375" lon="117.2648169100284576416015625">
        <ele>35.799999237060546875</ele>
        <time>2026-08-26T21:53:41.000Z</time>
        <extensions>
          <ns3:TrackPointExtension>
            <ns3:hr>138</ns3:hr>
            <ns3:cad>89</ns3:cad>
          </ns3:TrackPointExtension>
        </extensions>
      </trkpt>
      <trkpt lat="29.29778910242021083831787109375" lon="117.2648412175476551055908203125">
        <ele>35.799999237060546875</ele>
        <time>2026-08-26T21:53:42.000Z</time>
        <extensions>
          <ns3:TrackPointExtension>
            <ns3:hr>139</ns3:hr>
            <ns3:cad>89</ns3:cad>
          </ns3:TrackPointExtension>
        </extensions>
      </trkpt>
      <trkpt lat="29.297803603112697601318359375" lon="117.26487122476100921630859375">
        <ele>35.799999237060546875</ele>
        <time>2026-08-26T21:53:43.000Z</time>
        <extensions>
          <ns3:TrackPointExtension>
            <ns3:hr>139</ns3:hr>
            <ns3:cad>89</ns3:cad>
          </ns3:TrackPointExtension>
        </extensions>
      </trkpt>
      <trkpt lat="29.2978131584823131561279296875" lon="117.26489662192761898040771484375">
        <ele>36</ele>
        <time>2026-08-26T21:53:44.000Z</time>
        <extensions>
          <ns3:TrackPointExtension>
            <ns3:hr>139</ns3:hr>
            <ns3:cad>89</ns3:cad>
          </ns3:TrackPointExtension>
        </extensions>
      </trkpt>
      <trkpt lat="29.29782598279416561126708984375" lon="117.264926545321941375732421875">
        <ele>36</ele>
        <time>2026-08-26T21:53:45.000Z</time>
        <extensions>
          <ns3:TrackPointExtension>
            <ns3:hr>139</ns3:hr>
            <ns3:cad>89</ns3:cad>
          </ns3:TrackPointExtension>
        </extensions>
      </trkpt>
      <trkpt lat="29.297834448516368865966796875" lon="117.26495663635432720184326171875">
        <ele>36.200000762939453125</ele>
        <time>2026-08-26T21:53:46.000Z</time>
        <extensions>
          <ns3:TrackPointExtension>
            <ns3:hr>139</ns3:hr>
            <ns3:cad>89</ns3:cad>
          </ns3:TrackPointExtension>
        </extensions>
      </trkpt>
      <trkpt lat="29.29782916791737079620361328125" lon="117.264962755143642425537109375">
        <ele>36.40000152587890625</ele>
        <time>2026-08-26T21:53:47.000Z</time>
        <extensions>
          <ns3:TrackPointExtension>
            <ns3:hr>139</ns3:hr>
            <ns3:cad>89</ns3:cad>
          </ns3:TrackPointExtension>
        </extensions>
      </trkpt>
      <trkpt lat="29.2978235520422458648681640625" lon="117.264950685203075408935546875">
        <ele>36.40000152587890625</ele>
        <time>2026-08-26T21:53:48.000Z</time>
        <extensions>
          <ns3:TrackPointExtension>
            <ns3:hr>140</ns3:hr>
            <ns3:cad>89</ns3:cad>
          </ns3:TrackPointExtension>
        </extensions>
      </trkpt>
      <trkpt lat="29.29781994782388210296630859375" lon="117.2649330832064151763916015625">
        <ele>36.40000152587890625</ele>
        <time>2026-08-26T21:53:49.000Z</time>
        <extensions>
          <ns3:TrackPointExtension>
            <ns3:hr>139</ns3:hr>
            <ns3:cad>89</ns3:cad>
          </ns3:TrackPointExtension>
        </extensions>
      </trkpt>
      <trkpt lat="29.29781039245426654815673828125" lon="117.26490668021142482757568359375">
        <ele>36.200000762939453125</ele>
        <time>2026-08-26T21:53:50.000Z</time>
        <extensions>
          <ns3:TrackPointExtension>
            <ns3:hr>139</ns3:hr>
            <ns3:cad>89</ns3:cad>
          </ns3:TrackPointExtension>
        </extensions>
      </trkpt>
      <trkpt lat="29.29780234582722187042236328125" lon="117.26488488726317882537841796875">
        <ele>36.200000762939453125</ele>
        <time>2026-08-26T21:53:51.000Z</time>
        <extensions>
          <ns3:TrackPointExtension>
            <ns3:hr>140</ns3:hr>
            <ns3:cad>89</ns3:cad>
          </ns3:TrackPointExtension>
        </extensions>
      </trkpt>
      <trkpt lat="29.29779052734375" lon="117.26485840044915676116943359375">
        <ele>36</ele>
        <time>2026-08-26T21:53:52.000Z</time>
        <extensions>
          <ns3:TrackPointExtension>
            <ns3:hr>140</ns3:hr>
            <ns3:cad>89</ns3:cad>
          </ns3:TrackPointExtension>
        </extensions>
      </trkpt>
      <trkpt lat="29.29778088815510272979736328125" lon="117.2648341767489910125732421875">
        <ele>36</ele>
        <time>2026-08-26T21:53:53.000Z</time>
        <extensions>
          <ns3:TrackPointExtension>
            <ns3:hr>140</ns3:hr>
            <ns3:cad>89</ns3:cad>
          </ns3:TrackPointExtension>
        </extensions>
      </trkpt>
      <trkpt lat="29.29776881821453571319580078125" lon="117.264801822602748870849609375">
        <ele>35.799999237060546875</ele>
        <time>2026-08-26T21:53:54.000Z</time>
        <extensions>
          <ns3:TrackPointExtension>
            <ns3:hr>141</ns3:hr>
            <ns3:cad>89</ns3:cad>
          </ns3:TrackPointExtension>
        </extensions>
      </trkpt>
      <trkpt lat="29.29775943048298358917236328125" lon="117.26477592252194881439208984375">
        <ele>35.799999237060546875</ele>
        <time>2026-08-26T21:53:55.000Z</time>
        <extensions>
          <ns3:TrackPointExtension>
            <ns3:hr>141</ns3:hr>
            <ns3:cad>89</ns3:cad>
          </ns3:TrackPointExtension>
        </extensions>
      </trkpt>
      <trkpt lat="29.2977494560182094573974609375" lon="117.26473954506218433380126953125">
        <ele>35.59999847412109375</ele>
        <time>2026-08-26T21:53:56.000Z</time>
        <extensions>
          <ns3:TrackPointExtension>
            <ns3:hr>141</ns3:hr>
            <ns3:cad>91</ns3:cad>
          </ns3:TrackPointExtension>
        </extensions>
      </trkpt>
      <trkpt lat="29.2977387271821498870849609375" lon="117.26471557281911373138427734375">
        <ele>35.59999847412109375</ele>
        <time>2026-08-26T21:53:57.000Z</time>
        <extensions>
          <ns3:TrackPointExtension>
            <ns3:hr>141</ns3:hr>
            <ns3:cad>91</ns3:cad>
          </ns3:TrackPointExtension>
        </extensions>
      </trkpt>
      <trkpt lat="29.2977266572415828704833984375" lon="117.26468472741544246673583984375">
        <ele>35.59999847412109375</ele>
        <time>2026-08-26T21:53:58.000Z</time>
        <extensions>
          <ns3:TrackPointExtension>
            <ns3:hr>141</ns3:hr>
            <ns3:cad>91</ns3:cad>
          </ns3:TrackPointExtension>
        </extensions>
      </trkpt>
      <trkpt lat="29.2977145873010158538818359375" lon="117.264664359390735626220703125">
        <ele>35.59999847412109375</ele>
        <time>2026-08-26T21:53:59.000Z</time>
        <extensions>
          <ns3:TrackPointExtension>
            <ns3:hr>141</ns3:hr>
            <ns3:cad>91</ns3:cad>
          </ns3:TrackPointExtension>
        </extensions>
      </trkpt>
      <trkpt lat="29.29770578630268573760986328125" lon="117.26462923921644687652587890625">
        <ele>35.40000152587890625</ele>
        <time>2026-08-26T21:54:00.000Z</time>
        <extensions>
          <ns3:TrackPointExtension>
            <ns3:hr>141</ns3:hr>
            <ns3:cad>92</ns3:cad>
          </ns3:TrackPointExtension>
        </extensions>
      </trkpt>
      <trkpt lat="29.2976941354572772979736328125" lon="117.26460644043982028961181640625">
        <ele>35.40000152587890625</ele>
        <time>2026-08-26T21:54:01.000Z</time>
        <extensions>
          <ns3:TrackPointExtension>
            <ns3:hr>141</ns3:hr>
            <ns3:cad>92</ns3:cad>
          </ns3:TrackPointExtension>
        </extensions>
      </trkpt>
      <trkpt lat="29.29768256843090057373046875" lon="117.26457081735134124755859375">
        <ele>35.40000152587890625</ele>
        <time>2026-08-26T21:54:02.000Z</time>
        <extensions>
          <ns3:TrackPointExtension>
            <ns3:hr>141</ns3:hr>
            <ns3:cad>92</ns3:cad>
          </ns3:TrackPointExtension>
        </extensions>
      </trkpt>
      <trkpt lat="29.2976663075387477874755859375" lon="117.2645515389740467071533203125">
        <ele>35.200000762939453125</ele>
        <time>2026-08-26T21:54:03.000Z</time>
        <extensions>
          <ns3:TrackPointExtension>
            <ns3:hr>141</ns3:hr>
            <ns3:cad>92</ns3:cad>
          </ns3:TrackPointExtension>
        </extensions>
      </trkpt>
      <trkpt lat="29.29765247739851474761962890625" lon="117.2645173408091068267822265625">
        <ele>35.200000762939453125</ele>
        <time>2026-08-26T21:54:04.000Z</time>
        <extensions>
          <ns3:TrackPointExtension>
            <ns3:hr>141</ns3:hr>
            <ns3:cad>92</ns3:cad>
          </ns3:TrackPointExtension>
        </extensions>
      </trkpt>
      <trkpt lat="29.29763772524893283843994140625" lon="117.26449395529925823211669921875">
        <ele>35.200000762939453125</ele>
        <time>2026-08-26T21:54:05.000Z</time>
        <extensions>
          <ns3:TrackPointExtension>
            <ns3:hr>141</ns3:hr>
            <ns3:cad>92</ns3:cad>
          </ns3:TrackPointExtension>
        </extensions>
      </trkpt>
      <trkpt lat="29.2976260744035243988037109375" lon="117.2644590027630329132080078125">
        <ele>35.200000762939453125</ele>
        <time>2026-08-26T21:54:06.000Z</time>
        <extensions>
          <ns3:TrackPointExtension>
            <ns3:hr>141</ns3:hr>
            <ns3:cad>92</ns3:cad>
          </ns3:TrackPointExtension>
        </extensions>
      </trkpt>
      <trkpt lat="29.29761425592005252838134765625" lon="117.26443469524383544921875">
        <ele>35.200000762939453125</ele>
        <time>2026-08-26T21:54:07.000Z</time>
        <extensions>
          <ns3:TrackPointExtension>
            <ns3:hr>141</ns3:hr>
            <ns3:cad>91</ns3:cad>
          </ns3:TrackPointExtension>
        </extensions>
      </trkpt>
      <trkpt lat="29.2976046167314052581787109375" lon="117.2644020058214664459228515625">
        <ele>35.200000762939453125</ele>
        <time>2026-08-26T21:54:08.000Z</time>
        <extensions>
          <ns3:TrackPointExtension>
            <ns3:hr>141</ns3:hr>
            <ns3:cad>91</ns3:cad>
          </ns3:TrackPointExtension>
        </extensions>
      </trkpt>
      <trkpt lat="29.2975932173430919647216796875" lon="117.26437895558774471282958984375">
        <ele>35.200000762939453125</ele>
        <time>2026-08-26T21:54:09.000Z</time>
        <extensions>
          <ns3:TrackPointExtension>
            <ns3:hr>141</ns3:hr>
            <ns3:cad>90</ns3:cad>
          </ns3:TrackPointExtension>
        </extensions>
      </trkpt>
      <trkpt lat="29.29758491925895214080810546875" lon="117.26434609852731227874755859375">
        <ele>35.200000762939453125</ele>
        <time>2026-08-26T21:54:10.000Z</time>
        <extensions>
          <ns3:TrackPointExtension>
            <ns3:hr>141</ns3:hr>
            <ns3:cad>90</ns3:cad>
          </ns3:TrackPointExtension>
        </extensions>
      </trkpt>
      <trkpt lat="29.2975719273090362548828125" lon="117.26432145573198795318603515625">
        <ele>35.200000762939453125</ele>
        <time>2026-08-26T21:54:11.000Z</time>
        <extensions>
          <ns3:TrackPointExtension>
            <ns3:hr>141</ns3:hr>
            <ns3:cad>90</ns3:cad>
          </ns3:TrackPointExtension>
        </extensions>
      </trkpt>
      <trkpt lat="29.29756362922489643096923828125" lon="117.26429027505218982696533203125">
        <ele>35</ele>
        <time>2026-08-26T21:54:12.000Z</time>
        <extensions>
          <ns3:TrackPointExtension>
            <ns3:hr>141</ns3:hr>
            <ns3:cad>92</ns3:cad>
          </ns3:TrackPointExtension>
        </extensions>
      </trkpt>
      <trkpt lat="29.29755072109401226043701171875" lon="117.26426236331462860107421875">
        <ele>35</ele>
        <time>2026-08-26T21:54:13.000Z</time>
        <extensions>
          <ns3:TrackPointExtension>
            <ns3:hr>141</ns3:hr>
            <ns3:cad>91</ns3:cad>
          </ns3:TrackPointExtension>
        </extensions>
      </trkpt>
      <trkpt lat="29.2975402437150478363037109375" lon="117.264231853187084197998046875">
        <ele>35</ele>
        <time>2026-08-26T21:54:14.000Z</time>
        <extensions>
          <ns3:TrackPointExtension>
            <ns3:hr>141</ns3:hr>
            <ns3:cad>91</ns3:cad>
          </ns3:TrackPointExtension>
        </extensions>
      </trkpt>
      <trkpt lat="29.29752574302256107330322265625" lon="117.2642035223543643951416015625">
        <ele>35</ele>
        <time>2026-08-26T21:54:15.000Z</time>
        <extensions>
          <ns3:TrackPointExtension>
            <ns3:hr>141</ns3:hr>
            <ns3:cad>91</ns3:cad>
          </ns3:TrackPointExtension>
        </extensions>
      </trkpt>
      <trkpt lat="29.297514259815216064453125" lon="117.2641753591597080230712890625">
        <ele>34.799999237060546875</ele>
        <time>2026-08-26T21:54:16.000Z</time>
        <extensions>
          <ns3:TrackPointExtension>
            <ns3:hr>141</ns3:hr>
            <ns3:cad>92</ns3:cad>
          </ns3:TrackPointExtension>
        </extensions>
      </trkpt>
      <trkpt lat="29.29750151932239532470703125" lon="117.264147698879241943359375">
        <ele>34.799999237060546875</ele>
        <time>2026-08-26T21:54:17.000Z</time>
        <extensions>
          <ns3:TrackPointExtension>
            <ns3:hr>141</ns3:hr>
            <ns3:cad>92</ns3:cad>
          </ns3:TrackPointExtension>
        </extensions>
      </trkpt>
      <trkpt lat="29.2974909581243991851806640625" lon="117.26412280462682247161865234375">
        <ele>34.799999237060546875</ele>
        <time>2026-08-26T21:54:18.000Z</time>
        <extensions>
          <ns3:TrackPointExtension>
            <ns3:hr>141</ns3:hr>
            <ns3:cad>92</ns3:cad>
          </ns3:TrackPointExtension>
        </extensions>
      </trkpt>
      <trkpt lat="29.2974792234599590301513671875" lon="117.26409413851797580718994140625">
        <ele>34.799999237060546875</ele>
        <time>2026-08-26T21:54:19.000Z</time>
        <extensions>
          <ns3:TrackPointExtension>
            <ns3:hr>141</ns3:hr>
            <ns3:cad>92</ns3:cad>
          </ns3:TrackPointExtension>
        </extensions>
      </trkpt>
      <trkpt lat="29.2974695004522800445556640625" lon="117.26407100446522235870361328125">
        <ele>34.799999237060546875</ele>
        <time>2026-08-26T21:54:20.000Z</time>
        <extensions>
          <ns3:TrackPointExtension>
            <ns3:hr>141</ns3:hr>
            <ns3:cad>91</ns3:cad>
          </ns3:TrackPointExtension>
        </extensions>
      </trkpt>
      <trkpt lat="29.297458268702030181884765625" lon="117.26404015906155109405517578125">
        <ele>34.59999847412109375</ele>
        <time>2026-08-26T21:54:21.000Z</time>
        <extensions>
          <ns3:TrackPointExtension>
            <ns3:hr>141</ns3:hr>
            <ns3:cad>92</ns3:cad>
          </ns3:TrackPointExtension>
        </extensions>
      </trkpt>
      <trkpt lat="29.29744879715144634246826171875" lon="117.26401668973267078399658203125">
        <ele>34.59999847412109375</ele>
        <time>2026-08-26T21:54:22.000Z</time>
        <extensions>
          <ns3:TrackPointExtension>
            <ns3:hr>141</ns3:hr>
            <ns3:cad>92</ns3:cad>
          </ns3:TrackPointExtension>
        </extensions>
      </trkpt>
      <trkpt lat="29.2974386550486087799072265625" lon="117.2639852575957775115966796875">
        <ele>34.59999847412109375</ele>
        <time>2026-08-26T21:54:23.000Z</time>
        <extensions>
          <ns3:TrackPointExtension>
            <ns3:hr>141</ns3:hr>
            <ns3:cad>92</ns3:cad>
          </ns3:TrackPointExtension>
        </extensions>
      </trkpt>
      <trkpt lat="29.2974292673170566558837890625" lon="117.26396153680980205535888671875">
        <ele>34.40000152587890625</ele>
        <time>2026-08-26T21:54:24.000Z</time>
        <extensions>
          <ns3:TrackPointExtension>
            <ns3:hr>140</ns3:hr>
            <ns3:cad>91</ns3:cad>
          </ns3:TrackPointExtension>
        </extensions>
      </trkpt>
      <trkpt lat="29.29741845466196537017822265625" lon="117.26392884738743305206298828125">
        <ele>34.40000152587890625</ele>
        <time>2026-08-26T21:54:25.000Z</time>
        <extensions>
          <ns3:TrackPointExtension>
            <ns3:hr>140</ns3:hr>
            <ns3:cad>91</ns3:cad>
          </ns3:TrackPointExtension>
        </extensions>
      </trkpt>
      <trkpt lat="29.297406636178493499755859375" lon="117.26390722207725048065185546875">
        <ele>34.40000152587890625</ele>
        <time>2026-08-26T21:54:26.000Z</time>
        <extensions>
          <ns3:TrackPointExtension>
            <ns3:hr>139</ns3:hr>
            <ns3:cad>91</ns3:cad>
          </ns3:TrackPointExtension>
        </extensions>
      </trkpt>
      <trkpt lat="29.297393225133419036865234375" lon="117.2638749517500400543212890625">
        <ele>34.40000152587890625</ele>
        <time>2026-08-26T21:54:27.000Z</time>
        <extensions>
          <ns3:TrackPointExtension>
            <ns3:hr>139</ns3:hr>
            <ns3:cad>90</ns3:cad>
          </ns3:TrackPointExtension>
        </extensions>
      </trkpt>
      <trkpt lat="29.297379814088344573974609375" lon="117.263856343924999237060546875">
        <ele>34.40000152587890625</ele>
        <time>2026-08-26T21:54:28.000Z</time>
        <extensions>
          <ns3:TrackPointExtension>
            <ns3:hr>138</ns3:hr>
            <ns3:cad>90</ns3:cad>
          </ns3:TrackPointExtension>
        </extensions>
      </trkpt>
      <trkpt lat="29.29736833088099956512451171875" lon="117.26381921209394931793212890625">
        <ele>34.200000762939453125</ele>
        <time>2026-08-26T21:54:29.000Z</time>
        <extensions>
          <ns3:TrackPointExtension>
            <ns3:hr>138</ns3:hr>
            <ns3:cad>91</ns3:cad>
          </ns3:TrackPointExtension>
        </extensions>
      </trkpt>
      <trkpt lat="29.2973546683788299560546875" lon="117.2638028673827648162841796875">
        <ele>34.200000762939453125</ele>
        <time>2026-08-26T21:54:30.000Z</time>
        <extensions>
          <ns3:TrackPointExtension>
            <ns3:hr>138</ns3:hr>
            <ns3:cad>91</ns3:cad>
          </ns3:TrackPointExtension>
        </extensions>
      </trkpt>
      <trkpt lat="29.2973414249718189239501953125" lon="117.26377730257809162139892578125">
        <ele>34</ele>
        <time>2026-08-26T21:54:31.000Z</time>
        <extensions>
          <ns3:TrackPointExtension>
            <ns3:hr>137</ns3:hr>
            <ns3:cad>91</ns3:cad>
          </ns3:TrackPointExtension>
        </extensions>
      </trkpt>
      <trkpt lat="29.29732927121222019195556640625" lon="117.26375618018209934234619140625">
        <ele>34</ele>
        <time>2026-08-26T21:54:32.000Z</time>
        <extensions>
          <ns3:TrackPointExtension>
            <ns3:hr>137</ns3:hr>
            <ns3:cad>90</ns3:cad>
          </ns3:TrackPointExtension>
        </extensions>
      </trkpt>
      <trkpt lat="29.297314770519733428955078125" lon="117.26371980272233486175537109375">
        <ele>33.799999237060546875</ele>
        <time>2026-08-26T21:54:33.000Z</time>
        <extensions>
          <ns3:TrackPointExtension>
            <ns3:hr>137</ns3:hr>
            <ns3:cad>90</ns3:cad>
          </ns3:TrackPointExtension>
        </extensions>
      </trkpt>
      <trkpt lat="29.2972995154559612274169921875" lon="117.2637002728879451751708984375">
        <ele>33.799999237060546875</ele>
        <time>2026-08-26T21:54:34.000Z</time>
        <extensions>
          <ns3:TrackPointExtension>
            <ns3:hr>137</ns3:hr>
            <ns3:cad>90</ns3:cad>
          </ns3:TrackPointExtension>
        </extensions>
      </trkpt>
      <trkpt lat="29.29728669114410877227783203125" lon="117.26366666145622730255126953125">
        <ele>33.799999237060546875</ele>
        <time>2026-08-26T21:54:35.000Z</time>
        <extensions>
          <ns3:TrackPointExtension>
            <ns3:hr>137</ns3:hr>
            <ns3:cad>91</ns3:cad>
          </ns3:TrackPointExtension>
        </extensions>
      </trkpt>
      <trkpt lat="29.2972740344703197479248046875" lon="117.2636499814689159393310546875">
        <ele>33.59999847412109375</ele>
        <time>2026-08-26T21:54:36.000Z</time>
        <extensions>
          <ns3:TrackPointExtension>
            <ns3:hr>137</ns3:hr>
            <ns3:cad>91</ns3:cad>
          </ns3:TrackPointExtension>
        </extensions>
      </trkpt>
      <trkpt lat="29.297259785234928131103515625" lon="117.26361955516040325164794921875">
        <ele>33.59999847412109375</ele>
        <time>2026-08-26T21:54:37.000Z</time>
        <extensions>
          <ns3:TrackPointExtension>
            <ns3:hr>137</ns3:hr>
            <ns3:cad>91</ns3:cad>
          </ns3:TrackPointExtension>
        </extensions>
      </trkpt>
      <trkpt lat="29.2972448654472827911376953125" lon="117.26360094733536243438720703125">
        <ele>33.59999847412109375</ele>
        <time>2026-08-26T21:54:38.000Z</time>
        <extensions>
          <ns3:TrackPointExtension>
            <ns3:hr>136</ns3:hr>
            <ns3:cad>91</ns3:cad>
          </ns3:TrackPointExtension>
        </extensions>
      </trkpt>
      <trkpt lat="29.297230951488018035888671875" lon="117.26356767117977142333984375">
        <ele>33.40000152587890625</ele>
        <time>2026-08-26T21:54:39.000Z</time>
        <extensions>
          <ns3:TrackPointExtension>
            <ns3:hr>136</ns3:hr>
            <ns3:cad>91</ns3:cad>
          </ns3:TrackPointExtension>
        </extensions>
      </trkpt>
      <trkpt lat="29.297215528786182403564453125" lon="117.26354294456541538238525390625">
        <ele>33.40000152587890625</ele>
        <time>2026-08-26T21:54:40.000Z</time>
        <extensions>
          <ns3:TrackPointExtension>
            <ns3:hr>136</ns3:hr>
            <ns3:cad>90</ns3:cad>
          </ns3:TrackPointExtension>
        </extensions>
      </trkpt>
      <trkpt lat="29.2972046323120594024658203125" lon="117.263508997857570648193359375">
        <ele>33.40000152587890625</ele>
        <time>2026-08-26T21:54:41.000Z</time>
        <extensions>
          <ns3:TrackPointExtension>
            <ns3:hr>137</ns3:hr>
            <ns3:cad>90</ns3:cad>
          </ns3:TrackPointExtension>
        </extensions>
      </trkpt>
      <trkpt lat="29.29718962870538234710693359375" lon="117.26348293013870716094970703125">
        <ele>33.200000762939453125</ele>
        <time>2026-08-26T21:54:42.000Z</time>
        <extensions>
          <ns3:TrackPointExtension>
            <ns3:hr>137</ns3:hr>
            <ns3:cad>90</ns3:cad>
          </ns3:TrackPointExtension>
        </extensions>
      </trkpt>
      <trkpt lat="29.29717789404094219207763671875" lon="117.263451330363750457763671875">
        <ele>33.200000762939453125</ele>
        <time>2026-08-26T21:54:43.000Z</time>
        <extensions>
          <ns3:TrackPointExtension>
            <ns3:hr>137</ns3:hr>
            <ns3:cad>90</ns3:cad>
          </ns3:TrackPointExtension>
        </extensions>
      </trkpt>
      <trkpt lat="29.2971603758633136749267578125" lon="117.26342442445456981658935546875">
        <ele>33.200000762939453125</ele>
        <time>2026-08-26T21:54:44.000Z</time>
        <extensions>
          <ns3:TrackPointExtension>
            <ns3:hr>136</ns3:hr>
            <ns3:cad>90</ns3:cad>
          </ns3:TrackPointExtension>
        </extensions>
      </trkpt>
      <trkpt lat="29.297146461904048919677734375" lon="117.26339760236442089080810546875">
        <ele>33.200000762939453125</ele>
        <time>2026-08-26T21:54:45.000Z</time>
        <extensions>
          <ns3:TrackPointExtension>
            <ns3:hr>137</ns3:hr>
            <ns3:cad>93</ns3:cad>
          </ns3:TrackPointExtension>
        </extensions>
      </trkpt>
      <trkpt lat="29.297131039202213287353515625" lon="117.2633690200746059417724609375">
        <ele>33</ele>
        <time>2026-08-26T21:54:46.000Z</time>
        <extensions>
          <ns3:TrackPointExtension>
            <ns3:hr>137</ns3:hr>
            <ns3:cad>93</ns3:cad>
          </ns3:TrackPointExtension>
        </extensions>
      </trkpt>
      <trkpt lat="29.29711670614778995513916015625" lon="117.26334697566926479339599609375">
        <ele>33</ele>
        <time>2026-08-26T21:54:47.000Z</time>
        <extensions>
          <ns3:TrackPointExtension>
            <ns3:hr>136</ns3:hr>
            <ns3:cad>93</ns3:cad>
          </ns3:TrackPointExtension>
        </extensions>
      </trkpt>
      <trkpt lat="29.29710027761757373809814453125" lon="117.26331780664622783660888671875">
        <ele>33</ele>
        <time>2026-08-26T21:54:48.000Z</time>
        <extensions>
          <ns3:TrackPointExtension>
            <ns3:hr>137</ns3:hr>
            <ns3:cad>93</ns3:cad>
          </ns3:TrackPointExtension>
        </extensions>
      </trkpt>
      <trkpt lat="29.29708519019186496734619140625" lon="117.26329735480248928070068359375">
        <ele>32.799999237060546875</ele>
        <time>2026-08-26T21:54:49.000Z</time>
        <extensions>
          <ns3:TrackPointExtension>
            <ns3:hr>137</ns3:hr>
            <ns3:cad>92</ns3:cad>
          </ns3:TrackPointExtension>
        </extensions>
      </trkpt>
      <trkpt lat="29.29706775583326816558837890625" lon="117.2632674314081668853759765625">
        <ele>32.799999237060546875</ele>
        <time>2026-08-26T21:54:50.000Z</time>
        <extensions>
          <ns3:TrackPointExtension>
            <ns3:hr>137</ns3:hr>
            <ns3:cad>92</ns3:cad>
          </ns3:TrackPointExtension>
        </extensions>
      </trkpt>
      <trkpt lat="29.29705300368368625640869140625" lon="117.2632483206689357757568359375">
        <ele>32.799999237060546875</ele>
        <time>2026-08-26T21:54:51.000Z</time>
        <extensions>
          <ns3:TrackPointExtension>
            <ns3:hr>137</ns3:hr>
            <ns3:cad>92</ns3:cad>
          </ns3:TrackPointExtension>
        </extensions>
      </trkpt>
      <trkpt lat="29.297033809125423431396484375" lon="117.26321890018880367279052734375">
        <ele>32.799999237060546875</ele>
        <time>2026-08-26T21:54:52.000Z</time>
        <extensions>
          <ns3:TrackPointExtension>
            <ns3:hr>138</ns3:hr>
            <ns3:cad>91</ns3:cad>
          </ns3:TrackPointExtension>
        </extensions>
      </trkpt>
      <trkpt lat="29.29701897315680980682373046875" lon="117.2631990350782871246337890625">
        <ele>32.799999237060546875</ele>
        <time>2026-08-26T21:54:53.000Z</time>
        <extensions>
          <ns3:TrackPointExtension>
            <ns3:hr>138</ns3:hr>
            <ns3:cad>91</ns3:cad>
          </ns3:TrackPointExtension>
        </extensions>
      </trkpt>
      <trkpt lat="29.29699994623661041259765625" lon="117.26316994987428188323974609375">
        <ele>32.59999847412109375</ele>
        <time>2026-08-26T21:54:54.000Z</time>
        <extensions>
          <ns3:TrackPointExtension>
            <ns3:hr>138</ns3:hr>
            <ns3:cad>91</ns3:cad>
          </ns3:TrackPointExtension>
        </extensions>
      </trkpt>
      <trkpt lat="29.29698695428669452667236328125" lon="117.26315318606793880462646484375">
        <ele>32.59999847412109375</ele>
        <time>2026-08-26T21:54:55.000Z</time>
        <extensions>
          <ns3:TrackPointExtension>
            <ns3:hr>139</ns3:hr>
            <ns3:cad>92</ns3:cad>
          </ns3:TrackPointExtension>
        </extensions>
      </trkpt>
      <trkpt lat="29.29696868173778057098388671875" lon="117.26312016136944293975830078125">
        <ele>32.40000152587890625</ele>
        <time>2026-08-26T21:54:56.000Z</time>
        <extensions>
          <ns3:TrackPointExtension>
            <ns3:hr>139</ns3:hr>
            <ns3:cad>92</ns3:cad>
          </ns3:TrackPointExtension>
        </extensions>
      </trkpt>
      <trkpt lat="29.2969504930078983306884765625" lon="117.2631038166582584381103515625">
        <ele>32.40000152587890625</ele>
        <time>2026-08-26T21:54:57.000Z</time>
        <extensions>
          <ns3:TrackPointExtension>
            <ns3:hr>139</ns3:hr>
            <ns3:cad>92</ns3:cad>
          </ns3:TrackPointExtension>
        </extensions>
      </trkpt>
      <trkpt lat="29.29693289101123809814453125" lon="117.263068445026874542236328125">
        <ele>32.200000762939453125</ele>
        <time>2026-08-26T21:54:58.000Z</time>
        <extensions>
          <ns3:TrackPointExtension>
            <ns3:hr>139</ns3:hr>
            <ns3:cad>92</ns3:cad>
          </ns3:TrackPointExtension>
        </extensions>
      </trkpt>
      <trkpt lat="29.2969169653952121734619140625" lon="117.26304606534540653228759765625">
        <ele>32.40000152587890625</ele>
        <time>2026-08-26T21:54:59.000Z</time>
        <extensions>
          <ns3:TrackPointExtension>
            <ns3:hr>139</ns3:hr>
            <ns3:cad>92</ns3:cad>
          </ns3:TrackPointExtension>
        </extensions>
      </trkpt>
      <trkpt lat="29.29690028540790081024169921875" lon="117.26301790215075016021728515625">
        <ele>32.200000762939453125</ele>
        <time>2026-08-26T21:55:00.000Z</time>
        <extensions>
          <ns3:TrackPointExtension>
            <ns3:hr>140</ns3:hr>
            <ns3:cad>91</ns3:cad>
          </ns3:TrackPointExtension>
        </extensions>
      </trkpt>
      <trkpt lat="29.29688402451574802398681640625" lon="117.2629978694021701812744140625">
        <ele>32.200000762939453125</ele>
        <time>2026-08-26T21:55:01.000Z</time>
        <extensions>
          <ns3:TrackPointExtension>
            <ns3:hr>139</ns3:hr>
            <ns3:cad>91</ns3:cad>
          </ns3:TrackPointExtension>
        </extensions>
      </trkpt>
      <trkpt lat="29.296867512166500091552734375" lon="117.26296551525592803955078125">
        <ele>32</ele>
        <time>2026-08-26T21:55:02.000Z</time>
        <extensions>
          <ns3:TrackPointExtension>
            <ns3:hr>139</ns3:hr>
            <ns3:cad>90</ns3:cad>
          </ns3:TrackPointExtension>
        </extensions>
      </trkpt>
      <trkpt lat="29.2968519218266010284423828125" lon="117.262945063412189483642578125">
        <ele>32</ele>
        <time>2026-08-26T21:55:03.000Z</time>
        <extensions>
          <ns3:TrackPointExtension>
            <ns3:hr>140</ns3:hr>
            <ns3:cad>90</ns3:cad>
          </ns3:TrackPointExtension>
        </extensions>
      </trkpt>
      <trkpt lat="29.29683767259120941162109375" lon="117.262915559113025665283203125">
        <ele>32</ele>
        <time>2026-08-26T21:55:04.000Z</time>
        <extensions>
          <ns3:TrackPointExtension>
            <ns3:hr>139</ns3:hr>
            <ns3:cad>90</ns3:cad>
          </ns3:TrackPointExtension>
        </extensions>
      </trkpt>
      <trkpt lat="29.29682132788002490997314453125" lon="117.262897789478302001953125">
        <ele>31.799999237060546875</ele>
        <time>2026-08-26T21:55:05.000Z</time>
        <extensions>
          <ns3:TrackPointExtension>
            <ns3:hr>139</ns3:hr>
            <ns3:cad>90</ns3:cad>
          </ns3:TrackPointExtension>
        </extensions>
      </trkpt>
      <trkpt lat="29.29680674336850643157958984375" lon="117.26286987774074077606201171875">
        <ele>31.799999237060546875</ele>
        <time>2026-08-26T21:55:06.000Z</time>
        <extensions>
          <ns3:TrackPointExtension>
            <ns3:hr>140</ns3:hr>
            <ns3:cad>90</ns3:cad>
          </ns3:TrackPointExtension>
        </extensions>
      </trkpt>
      <trkpt lat="29.2967905662953853607177734375" lon="117.26284875534474849700927734375">
        <ele>31.799999237060546875</ele>
        <time>2026-08-26T21:55:07.000Z</time>
        <extensions>
          <ns3:TrackPointExtension>
            <ns3:hr>139</ns3:hr>
            <ns3:cad>91</ns3:cad>
          </ns3:TrackPointExtension>
        </extensions>
      </trkpt>
      <trkpt lat="29.29677505977451801300048828125" lon="117.26282075978815555572509765625">
        <ele>31.799999237060546875</ele>
        <time>2026-08-26T21:55:08.000Z</time>
        <extensions>
          <ns3:TrackPointExtension>
            <ns3:hr>139</ns3:hr>
            <ns3:cad>92</ns3:cad>
          </ns3:TrackPointExtension>
        </extensions>
      </trkpt>
      <trkpt lat="29.296757876873016357421875" lon="117.2627967037260532379150390625">
        <ele>31.799999237060546875</ele>
        <time>2026-08-26T21:55:09.000Z</time>
        <extensions>
          <ns3:TrackPointExtension>
            <ns3:hr>140</ns3:hr>
            <ns3:cad>92</ns3:cad>
          </ns3:TrackPointExtension>
        </extensions>
      </trkpt>
      <trkpt lat="29.29674237035214900970458984375" lon="117.2627671994268894195556640625">
        <ele>31.799999237060546875</ele>
        <time>2026-08-26T21:55:10.000Z</time>
        <extensions>
          <ns3:TrackPointExtension>
            <ns3:hr>139</ns3:hr>
            <ns3:cad>92</ns3:cad>
          </ns3:TrackPointExtension>
        </extensions>
      </trkpt>
      <trkpt lat="29.296724684536457061767578125" lon="117.26274398155510425567626953125">
        <ele>31.6000003814697265625</ele>
        <time>2026-08-26T21:55:11.000Z</time>
        <extensions>
          <ns3:TrackPointExtension>
            <ns3:hr>139</ns3:hr>
            <ns3:cad>92</ns3:cad>
          </ns3:TrackPointExtension>
        </extensions>
      </trkpt>
      <trkpt lat="29.296709932386875152587890625" lon="117.26271783001720905303955078125">
        <ele>31.6000003814697265625</ele>
        <time>2026-08-26T21:55:12.000Z</time>
        <extensions>
          <ns3:TrackPointExtension>
            <ns3:hr>139</ns3:hr>
            <ns3:cad>90</ns3:cad>
          </ns3:TrackPointExtension>
        </extensions>
      </trkpt>
      <trkpt lat="29.29669224657118320465087890625" lon="117.26269620470702648162841796875">
        <ele>31.6000003814697265625</ele>
        <time>2026-08-26T21:55:13.000Z</time>
        <extensions>
          <ns3:TrackPointExtension>
            <ns3:hr>138</ns3:hr>
            <ns3:cad>90</ns3:cad>
          </ns3:TrackPointExtension>
        </extensions>
      </trkpt>
      <trkpt lat="29.2966805957257747650146484375" lon="117.26267172954976558685302734375">
        <ele>31.6000003814697265625</ele>
        <time>2026-08-26T21:55:14.000Z</time>
        <extensions>
          <ns3:TrackPointExtension>
            <ns3:hr>138</ns3:hr>
            <ns3:cad>90</ns3:cad>
          </ns3:TrackPointExtension>
        </extensions>
      </trkpt>
      <trkpt lat="29.29666307754814624786376953125" lon="117.2626475058495998382568359375">
        <ele>31.6000003814697265625</ele>
        <time>2026-08-26T21:55:15.000Z</time>
        <extensions>
          <ns3:TrackPointExtension>
            <ns3:hr>138</ns3:hr>
            <ns3:cad>90</ns3:cad>
          </ns3:TrackPointExtension>
        </extensions>
      </trkpt>
      <trkpt lat="29.296650253236293792724609375" lon="117.26262328214943408966064453125">
        <ele>31.6000003814697265625</ele>
        <time>2026-08-26T21:55:16.000Z</time>
        <extensions>
          <ns3:TrackPointExtension>
            <ns3:hr>137</ns3:hr>
            <ns3:cad>90</ns3:cad>
          </ns3:TrackPointExtension>
        </extensions>
      </trkpt>
      <trkpt lat="29.296634495258331298828125" lon="117.26259612478315830230712890625">
        <ele>31.6000003814697265625</ele>
        <time>2026-08-26T21:55:17.000Z</time>
        <extensions>
          <ns3:TrackPointExtension>
            <ns3:hr>137</ns3:hr>
            <ns3:cad>90</ns3:cad>
          </ns3:TrackPointExtension>
        </extensions>
      </trkpt>
      <trkpt lat="29.29662175476551055908203125" lon="117.262574918568134307861328125">
        <ele>31.6000003814697265625</ele>
        <time>2026-08-26T21:55:18.000Z</time>
        <extensions>
          <ns3:TrackPointExtension>
            <ns3:hr>137</ns3:hr>
            <ns3:cad>90</ns3:cad>
          </ns3:TrackPointExtension>
        </extensions>
      </trkpt>
      <trkpt lat="29.29660256020724773406982421875" lon="117.2625465877354145050048828125">
        <ele>31.6000003814697265625</ele>
        <time>2026-08-26T21:55:19.000Z</time>
        <extensions>
          <ns3:TrackPointExtension>
            <ns3:hr>137</ns3:hr>
            <ns3:cad>90</ns3:cad>
          </ns3:TrackPointExtension>
        </extensions>
      </trkpt>
      <trkpt lat="29.29658562876284122467041015625" lon="117.26252605207264423370361328125">
        <ele>31.6000003814697265625</ele>
        <time>2026-08-26T21:55:20.000Z</time>
        <extensions>
          <ns3:TrackPointExtension>
            <ns3:hr>137</ns3:hr>
            <ns3:cad>90</ns3:cad>
          </ns3:TrackPointExtension>
        </extensions>
      </trkpt>
      <trkpt lat="29.29656718857586383819580078125" lon="117.2624981403350830078125">
        <ele>31.6000003814697265625</ele>
        <time>2026-08-26T21:55:21.000Z</time>
        <extensions>
          <ns3:TrackPointExtension>
            <ns3:hr>137</ns3:hr>
            <ns3:cad>90</ns3:cad>
          </ns3:TrackPointExtension>
        </extensions>
      </trkpt>
      <trkpt lat="29.29655143059790134429931640625" lon="117.26247726939618587493896484375">
        <ele>31.6000003814697265625</ele>
        <time>2026-08-26T21:55:22.000Z</time>
        <extensions>
          <ns3:TrackPointExtension>
            <ns3:hr>137</ns3:hr>
            <ns3:cad>90</ns3:cad>
          </ns3:TrackPointExtension>
        </extensions>
      </trkpt>
      <trkpt lat="29.2965327389538288116455078125" lon="117.262448184192180633544921875">
        <ele>31.6000003814697265625</ele>
        <time>2026-08-26T21:55:23.000Z</time>
        <extensions>
          <ns3:TrackPointExtension>
            <ns3:hr>138</ns3:hr>
            <ns3:cad>90</ns3:cad>
          </ns3:TrackPointExtension>
        </extensions>
      </trkpt>
      <trkpt lat="29.29651589132845401763916015625" lon="117.2624282352626323699951171875">
        <ele>31.6000003814697265625</ele>
        <time>2026-08-26T21:55:24.000Z</time>
        <extensions>
          <ns3:TrackPointExtension>
            <ns3:hr>138</ns3:hr>
            <ns3:cad>90</ns3:cad>
          </ns3:TrackPointExtension>
        </extensions>
      </trkpt>
      <trkpt lat="29.29650013335049152374267578125" lon="117.26240032352507114410400390625">
        <ele>31.6000003814697265625</ele>
        <time>2026-08-26T21:55:25.000Z</time>
        <extensions>
          <ns3:TrackPointExtension>
            <ns3:hr>138</ns3:hr>
            <ns3:cad>90</ns3:cad>
          </ns3:TrackPointExtension>
        </extensions>
      </trkpt>
      <trkpt lat="29.29648655466735363006591796875" lon="117.26237970404326915740966796875">
        <ele>31.6000003814697265625</ele>
        <time>2026-08-26T21:55:26.000Z</time>
        <extensions>
          <ns3:TrackPointExtension>
            <ns3:hr>138</ns3:hr>
            <ns3:cad>90</ns3:cad>
          </ns3:TrackPointExtension>
        </extensions>
      </trkpt>
      <trkpt lat="29.29647079668939113616943359375" lon="117.2623507864773273468017578125">
        <ele>31.6000003814697265625</ele>
        <time>2026-08-26T21:55:27.000Z</time>
        <extensions>
          <ns3:TrackPointExtension>
            <ns3:hr>138</ns3:hr>
            <ns3:cad>90</ns3:cad>
          </ns3:TrackPointExtension>
        </extensions>
      </trkpt>
      <trkpt lat="29.29645403288304805755615234375" lon="117.2623289935290813446044921875">
        <ele>31.6000003814697265625</ele>
        <time>2026-08-26T21:55:28.000Z</time>
        <extensions>
          <ns3:TrackPointExtension>
            <ns3:hr>138</ns3:hr>
            <ns3:cad>90</ns3:cad>
          </ns3:TrackPointExtension>
        </extensions>
      </trkpt>
      <trkpt lat="29.29643726907670497894287109375" lon="117.26230242289602756500244140625">
        <ele>31.6000003814697265625</ele>
        <time>2026-08-26T21:55:29.000Z</time>
        <extensions>
          <ns3:TrackPointExtension>
            <ns3:hr>138</ns3:hr>
            <ns3:cad>90</ns3:cad>
          </ns3:TrackPointExtension>
        </extensions>
      </trkpt>
      <trkpt lat="29.29642385803163051605224609375" lon="117.26228289306163787841796875">
        <ele>31.799999237060546875</ele>
        <time>2026-08-26T21:55:30.000Z</time>
        <extensions>
          <ns3:TrackPointExtension>
            <ns3:hr>138</ns3:hr>
            <ns3:cad>89</ns3:cad>
          </ns3:TrackPointExtension>
        </extensions>
      </trkpt>
      <trkpt lat="29.296408854424953460693359375" lon="117.26225079037249088287353515625">
        <ele>31.799999237060546875</ele>
        <time>2026-08-26T21:55:31.000Z</time>
        <extensions>
          <ns3:TrackPointExtension>
            <ns3:hr>138</ns3:hr>
            <ns3:cad>90</ns3:cad>
          </ns3:TrackPointExtension>
        </extensions>
      </trkpt>
      <trkpt lat="29.2963946051895618438720703125" lon="117.26223235018551349639892578125">
        <ele>31.799999237060546875</ele>
        <time>2026-08-26T21:55:32.000Z</time>
        <extensions>
          <ns3:TrackPointExtension>
            <ns3:hr>138</ns3:hr>
            <ns3:cad>90</ns3:cad>
          </ns3:TrackPointExtension>
        </extensions>
      </trkpt>
      <trkpt lat="29.29637976922094821929931640625" lon="117.2622017562389373779296875">
        <ele>31.799999237060546875</ele>
        <time>2026-08-26T21:55:33.000Z</time>
        <extensions>
          <ns3:TrackPointExtension>
            <ns3:hr>138</ns3:hr>
            <ns3:cad>90</ns3:cad>
          </ns3:TrackPointExtension>
        </extensions>
      </trkpt>
      <trkpt lat="29.2963637597858905792236328125" lon="117.2621856629848480224609375">
        <ele>31.6000003814697265625</ele>
        <time>2026-08-26T21:55:34.000Z</time>
        <extensions>
          <ns3:TrackPointExtension>
            <ns3:hr>138</ns3:hr>
            <ns3:cad>90</ns3:cad>
          </ns3:TrackPointExtension>
        </extensions>
      </trkpt>
      <trkpt lat="29.29634707979857921600341796875" lon="117.26215372793376445770263671875">
        <ele>31.6000003814697265625</ele>
        <time>2026-08-26T21:55:35.000Z</time>
        <extensions>
          <ns3:TrackPointExtension>
            <ns3:hr>138</ns3:hr>
            <ns3:cad>90</ns3:cad>
          </ns3:TrackPointExtension>
        </extensions>
      </trkpt>
      <trkpt lat="29.29633132182061672210693359375" lon="117.26213830523192882537841796875">
        <ele>31.6000003814697265625</ele>
        <time>2026-08-26T21:55:36.000Z</time>
        <extensions>
          <ns3:TrackPointExtension>
            <ns3:hr>138</ns3:hr>
            <ns3:cad>90</ns3:cad>
          </ns3:TrackPointExtension>
        </extensions>
      </trkpt>
      <trkpt lat="29.29631405510008335113525390625" lon="117.26210880093276500701904296875">
        <ele>31.6000003814697265625</ele>
        <time>2026-08-26T21:55:37.000Z</time>
        <extensions>
          <ns3:TrackPointExtension>
            <ns3:hr>138</ns3:hr>
            <ns3:cad>90</ns3:cad>
          </ns3:TrackPointExtension>
        </extensions>
      </trkpt>
      <trkpt lat="29.29629980586469173431396484375" lon="117.2620922885835170745849609375">
        <ele>31.6000003814697265625</ele>
        <time>2026-08-26T21:55:38.000Z</time>
        <extensions>
          <ns3:TrackPointExtension>
            <ns3:hr>138</ns3:hr>
            <ns3:cad>91</ns3:cad>
          </ns3:TrackPointExtension>
        </extensions>
      </trkpt>
      <trkpt lat="29.29628220386803150177001953125" lon="117.2620604373514652252197265625">
        <ele>31.799999237060546875</ele>
        <time>2026-08-26T21:55:39.000Z</time>
        <extensions>
          <ns3:TrackPointExtension>
            <ns3:hr>138</ns3:hr>
            <ns3:cad>90</ns3:cad>
          </ns3:TrackPointExtension>
        </extensions>
      </trkpt>
      <trkpt lat="29.29626711644232273101806640625" lon="117.262041829526424407958984375">
        <ele>31.6000003814697265625</ele>
        <time>2026-08-26T21:55:40.000Z</time>
        <extensions>
          <ns3:TrackPointExtension>
            <ns3:hr>138</ns3:hr>
            <ns3:cad>90</ns3:cad>
          </ns3:TrackPointExtension>
        </extensions>
      </trkpt>
      <trkpt lat="29.29625001735985279083251953125" lon="117.26201006211340427398681640625">
        <ele>31.6000003814697265625</ele>
        <time>2026-08-26T21:55:41.000Z</time>
        <extensions>
          <ns3:TrackPointExtension>
            <ns3:hr>138</ns3:hr>
            <ns3:cad>90</ns3:cad>
          </ns3:TrackPointExtension>
        </extensions>
      </trkpt>
      <trkpt lat="29.2962336726486682891845703125" lon="117.2619913704693317413330078125">
        <ele>31.6000003814697265625</ele>
        <time>2026-08-26T21:55:42.000Z</time>
        <extensions>
          <ns3:TrackPointExtension>
            <ns3:hr>138</ns3:hr>
            <ns3:cad>90</ns3:cad>
          </ns3:TrackPointExtension>
        </extensions>
      </trkpt>
      <trkpt lat="29.29621682502329349517822265625" lon="117.26195876486599445343017578125">
        <ele>31.6000003814697265625</ele>
        <time>2026-08-26T21:55:43.000Z</time>
        <extensions>
          <ns3:TrackPointExtension>
            <ns3:hr>138</ns3:hr>
            <ns3:cad>90</ns3:cad>
          </ns3:TrackPointExtension>
        </extensions>
      </trkpt>
      <trkpt lat="29.2962013185024261474609375" lon="117.2619424201548099517822265625">
        <ele>31.6000003814697265625</ele>
        <time>2026-08-26T21:55:44.000Z</time>
        <extensions>
          <ns3:TrackPointExtension>
            <ns3:hr>138</ns3:hr>
            <ns3:cad>90</ns3:cad>
          </ns3:TrackPointExtension>
        </extensions>
      </trkpt>
      <trkpt lat="29.29618815891444683074951171875" lon="117.26191031746566295623779296875">
        <ele>31.799999237060546875</ele>
        <time>2026-08-26T21:55:45.000Z</time>
        <extensions>
          <ns3:TrackPointExtension>
            <ns3:hr>138</ns3:hr>
            <ns3:cad>90</ns3:cad>
          </ns3:TrackPointExtension>
        </extensions>
      </trkpt>
      <trkpt lat="29.29617248475551605224609375" lon="117.26189321838319301605224609375">
        <ele>31.799999237060546875</ele>
        <time>2026-08-26T21:55:46.000Z</time>
        <extensions>
          <ns3:TrackPointExtension>
            <ns3:hr>138</ns3:hr>
            <ns3:cad>90</ns3:cad>
          </ns3:TrackPointExtension>
        </extensions>
      </trkpt>
      <trkpt lat="29.296159408986568450927734375" lon="117.26186287589371204376220703125">
        <ele>31.799999237060546875</ele>
        <time>2026-08-26T21:55:47.000Z</time>
        <extensions>
          <ns3:TrackPointExtension>
            <ns3:hr>138</ns3:hr>
            <ns3:cad>90</ns3:cad>
          </ns3:TrackPointExtension>
        </extensions>
      </trkpt>
      <trkpt lat="29.2961448244750499725341796875" lon="117.26184544153511524200439453125">
        <ele>31.799999237060546875</ele>
        <time>2026-08-26T21:55:48.000Z</time>
        <extensions>
          <ns3:TrackPointExtension>
            <ns3:hr>138</ns3:hr>
            <ns3:cad>90</ns3:cad>
          </ns3:TrackPointExtension>
        </extensions>
      </trkpt>
      <trkpt lat="29.29612915031611919403076171875" lon="117.261819541454315185546875">
        <ele>31.799999237060546875</ele>
        <time>2026-08-26T21:55:49.000Z</time>
        <extensions>
          <ns3:TrackPointExtension>
            <ns3:hr>139</ns3:hr>
            <ns3:cad>91</ns3:cad>
          </ns3:TrackPointExtension>
        </extensions>
      </trkpt>
      <trkpt lat="29.2961133085191249847412109375" lon="117.26180135272443294525146484375">
        <ele>31.799999237060546875</ele>
        <time>2026-08-26T21:55:50.000Z</time>
        <extensions>
          <ns3:TrackPointExtension>
            <ns3:hr>139</ns3:hr>
            <ns3:cad>91</ns3:cad>
          </ns3:TrackPointExtension>
        </extensions>
      </trkpt>
      <trkpt lat="29.2960985563695430755615234375" lon="117.2617667354643344879150390625">
        <ele>31.799999237060546875</ele>
        <time>2026-08-26T21:55:51.000Z</time>
        <extensions>
          <ns3:TrackPointExtension>
            <ns3:hr>140</ns3:hr>
            <ns3:cad>91</ns3:cad>
          </ns3:TrackPointExtension>
        </extensions>
      </trkpt>
      <trkpt lat="29.2960824631154537200927734375" lon="117.2617442719638347625732421875">
        <ele>31.799999237060546875</ele>
        <time>2026-08-26T21:55:52.000Z</time>
        <extensions>
          <ns3:TrackPointExtension>
            <ns3:hr>141</ns3:hr>
            <ns3:cad>91</ns3:cad>
          </ns3:TrackPointExtension>
        </extensions>
      </trkpt>
      <trkpt lat="29.2960670404136180877685546875" lon="117.261713258922100067138671875">
        <ele>31.799999237060546875</ele>
        <time>2026-08-26T21:55:53.000Z</time>
        <extensions>
          <ns3:TrackPointExtension>
            <ns3:hr>141</ns3:hr>
            <ns3:cad>91</ns3:cad>
          </ns3:TrackPointExtension>
        </extensions>
      </trkpt>
      <trkpt lat="29.2960511147975921630859375" lon="117.26168937049806118011474609375">
        <ele>32</ele>
        <time>2026-08-26T21:55:54.000Z</time>
        <extensions>
          <ns3:TrackPointExtension>
            <ns3:hr>141</ns3:hr>
            <ns3:cad>91</ns3:cad>
          </ns3:TrackPointExtension>
        </extensions>
      </trkpt>
      <trkpt lat="29.29603560827672481536865234375" lon="117.26166338659822940826416015625">
        <ele>32</ele>
        <time>2026-08-26T21:55:55.000Z</time>
        <extensions>
          <ns3:TrackPointExtension>
            <ns3:hr>141</ns3:hr>
            <ns3:cad>92</ns3:cad>
          </ns3:TrackPointExtension>
        </extensions>
      </trkpt>
      <trkpt lat="29.29601884447038173675537109375" lon="117.26164410822093486785888671875">
        <ele>32</ele>
        <time>2026-08-26T21:55:56.000Z</time>
        <extensions>
          <ns3:TrackPointExtension>
            <ns3:hr>142</ns3:hr>
            <ns3:cad>92</ns3:cad>
          </ns3:TrackPointExtension>
        </extensions>
      </trkpt>
      <trkpt lat="29.2960043437778949737548828125" lon="117.26161795668303966522216796875">
        <ele>32</ele>
        <time>2026-08-26T21:55:57.000Z</time>
        <extensions>
          <ns3:TrackPointExtension>
            <ns3:hr>141</ns3:hr>
            <ns3:cad>91</ns3:cad>
          </ns3:TrackPointExtension>
        </extensions>
      </trkpt>
      <trkpt lat="29.2959859035909175872802734375" lon="117.261597253382205963134765625">
        <ele>32</ele>
        <time>2026-08-26T21:55:58.000Z</time>
        <extensions>
          <ns3:TrackPointExtension>
            <ns3:hr>141</ns3:hr>
            <ns3:cad>91</ns3:cad>
          </ns3:TrackPointExtension>
        </extensions>
      </trkpt>
      <trkpt lat="29.2959711514413356781005859375" lon="117.26157085038721561431884765625">
        <ele>32</ele>
        <time>2026-08-26T21:55:59.000Z</time>
        <extensions>
          <ns3:TrackPointExtension>
            <ns3:hr>141</ns3:hr>
            <ns3:cad>89</ns3:cad>
          </ns3:TrackPointExtension>
        </extensions>
      </trkpt>
      <trkpt lat="29.2959547229111194610595703125" lon="117.2615501470863819122314453125">
        <ele>32</ele>
        <time>2026-08-26T21:56:00.000Z</time>
        <extensions>
          <ns3:TrackPointExtension>
            <ns3:hr>141</ns3:hr>
            <ns3:cad>89</ns3:cad>
          </ns3:TrackPointExtension>
        </extensions>
      </trkpt>
      <trkpt lat="29.29594047367572784423828125" lon="117.26152491755783557891845703125">
        <ele>32</ele>
        <time>2026-08-26T21:56:01.000Z</time>
        <extensions>
          <ns3:TrackPointExtension>
            <ns3:hr>142</ns3:hr>
            <ns3:cad>89</ns3:cad>
          </ns3:TrackPointExtension>
        </extensions>
      </trkpt>
      <trkpt lat="29.29592446424067020416259765625" lon="117.261505387723445892333984375">
        <ele>32</ele>
        <time>2026-08-26T21:56:02.000Z</time>
        <extensions>
          <ns3:TrackPointExtension>
            <ns3:hr>141</ns3:hr>
            <ns3:cad>89</ns3:cad>
          </ns3:TrackPointExtension>
        </extensions>
      </trkpt>
      <trkpt lat="29.29591096937656402587890625" lon="117.261479236185550689697265625">
        <ele>32</ele>
        <time>2026-08-26T21:56:03.000Z</time>
        <extensions>
          <ns3:TrackPointExtension>
            <ns3:hr>141</ns3:hr>
            <ns3:cad>89</ns3:cad>
          </ns3:TrackPointExtension>
        </extensions>
      </trkpt>
      <trkpt lat="29.29589353501796722412109375" lon="117.26145836524665355682373046875">
        <ele>32</ele>
        <time>2026-08-26T21:56:04.000Z</time>
        <extensions>
          <ns3:TrackPointExtension>
            <ns3:hr>141</ns3:hr>
            <ns3:cad>89</ns3:cad>
          </ns3:TrackPointExtension>
        </extensions>
      </trkpt>
      <trkpt lat="29.29587786085903644561767578125" lon="117.261432297527790069580078125">
        <ele>32</ele>
        <time>2026-08-26T21:56:05.000Z</time>
        <extensions>
          <ns3:TrackPointExtension>
            <ns3:hr>140</ns3:hr>
            <ns3:cad>90</ns3:cad>
          </ns3:TrackPointExtension>
        </extensions>
      </trkpt>
      <trkpt lat="29.295861013233661651611328125" lon="117.26140941493213176727294921875">
        <ele>32</ele>
        <time>2026-08-26T21:56:06.000Z</time>
        <extensions>
          <ns3:TrackPointExtension>
            <ns3:hr>140</ns3:hr>
            <ns3:cad>90</ns3:cad>
          </ns3:TrackPointExtension>
        </extensions>
      </trkpt>
      <trkpt lat="29.2958454228937625885009765625" lon="117.2613821737468242645263671875">
        <ele>32</ele>
        <time>2026-08-26T21:56:07.000Z</time>
        <extensions>
          <ns3:TrackPointExtension>
            <ns3:hr>139</ns3:hr>
            <ns3:cad>90</ns3:cad>
          </ns3:TrackPointExtension>
        </extensions>
      </trkpt>
      <trkpt lat="29.29582639597356319427490234375" lon="117.2613576985895633697509765625">
        <ele>31.799999237060546875</ele>
        <time>2026-08-26T21:56:08.000Z</time>
        <extensions>
          <ns3:TrackPointExtension>
            <ns3:hr>139</ns3:hr>
            <ns3:cad>90</ns3:cad>
          </ns3:TrackPointExtension>
        </extensions>
      </trkpt>
      <trkpt lat="29.29581264965236186981201171875" lon="117.2613308764994144439697265625">
        <ele>31.799999237060546875</ele>
        <time>2026-08-26T21:56:09.000Z</time>
        <extensions>
          <ns3:TrackPointExtension>
            <ns3:hr>138</ns3:hr>
            <ns3:cad>90</ns3:cad>
          </ns3:TrackPointExtension>
        </extensions>
      </trkpt>
      <trkpt lat="29.29579689167439937591552734375" lon="117.26130547933280467987060546875">
        <ele>31.799999237060546875</ele>
        <time>2026-08-26T21:56:10.000Z</time>
        <extensions>
          <ns3:TrackPointExtension>
            <ns3:hr>138</ns3:hr>
            <ns3:cad>90</ns3:cad>
          </ns3:TrackPointExtension>
        </extensions>
      </trkpt>
      <trkpt lat="29.29578415118157863616943359375" lon="117.2612825967371463775634765625">
        <ele>31.799999237060546875</ele>
        <time>2026-08-26T21:56:11.000Z</time>
        <extensions>
          <ns3:TrackPointExtension>
            <ns3:hr>138</ns3:hr>
            <ns3:cad>90</ns3:cad>
          </ns3:TrackPointExtension>
        </extensions>
      </trkpt>
      <trkpt lat="29.29576822556555271148681640625" lon="117.26125803776085376739501953125">
        <ele>31.799999237060546875</ele>
        <time>2026-08-26T21:56:12.000Z</time>
        <extensions>
          <ns3:TrackPointExtension>
            <ns3:hr>138</ns3:hr>
            <ns3:cad>90</ns3:cad>
          </ns3:TrackPointExtension>
        </extensions>
      </trkpt>
      <trkpt lat="29.2957559041678905487060546875" lon="117.26123414933681488037109375">
        <ele>31.799999237060546875</ele>
        <time>2026-08-26T21:56:13.000Z</time>
        <extensions>
          <ns3:TrackPointExtension>
            <ns3:hr>138</ns3:hr>
            <ns3:cad>90</ns3:cad>
          </ns3:TrackPointExtension>
        </extensions>
      </trkpt>
      <trkpt lat="29.2957384698092937469482421875" lon="117.2612093389034271240234375">
        <ele>32</ele>
        <time>2026-08-26T21:56:14.000Z</time>
        <extensions>
          <ns3:TrackPointExtension>
            <ns3:hr>138</ns3:hr>
            <ns3:cad>90</ns3:cad>
          </ns3:TrackPointExtension>
        </extensions>
      </trkpt>
      <trkpt lat="29.2957223765552043914794921875" lon="117.261187545955181121826171875">
        <ele>32</ele>
        <time>2026-08-26T21:56:15.000Z</time>
        <extensions>
          <ns3:TrackPointExtension>
            <ns3:hr>138</ns3:hr>
            <ns3:cad>91</ns3:cad>
          </ns3:TrackPointExtension>
        </extensions>
      </trkpt>
      <trkpt lat="29.2957082949578762054443359375" lon="117.2611602209508419036865234375">
        <ele>32</ele>
        <time>2026-08-26T21:56:16.000Z</time>
        <extensions>
          <ns3:TrackPointExtension>
            <ns3:hr>138</ns3:hr>
            <ns3:cad>91</ns3:cad>
          </ns3:TrackPointExtension>
        </extensions>
      </trkpt>
      <trkpt lat="29.2956997454166412353515625" lon="117.26114085875451564788818359375">
        <ele>32</ele>
        <time>2026-08-26T21:56:17.000Z</time>
        <extensions>
          <ns3:TrackPointExtension>
            <ns3:hr>138</ns3:hr>
            <ns3:cad>91</ns3:cad>
          </ns3:TrackPointExtension>
        </extensions>
      </trkpt>
      <trkpt lat="29.29568558000028133392333984375" lon="117.26111076772212982177734375">
        <ele>32</ele>
        <time>2026-08-26T21:56:18.000Z</time>
        <extensions>
          <ns3:TrackPointExtension>
            <ns3:hr>138</ns3:hr>
            <ns3:cad>91</ns3:cad>
          </ns3:TrackPointExtension>
        </extensions>
      </trkpt>
      <trkpt lat="29.2956729233264923095703125" lon="117.261089980602264404296875">
        <ele>32</ele>
        <time>2026-08-26T21:56:19.000Z</time>
        <extensions>
          <ns3:TrackPointExtension>
            <ns3:hr>138</ns3:hr>
            <ns3:cad>91</ns3:cad>
          </ns3:TrackPointExtension>
        </extensions>
      </trkpt>
      <trkpt lat="29.2956568300724029541015625" lon="117.261056788265705108642578125">
        <ele>31.799999237060546875</ele>
        <time>2026-08-26T21:56:20.000Z</time>
        <extensions>
          <ns3:TrackPointExtension>
            <ns3:hr>138</ns3:hr>
            <ns3:cad>91</ns3:cad>
          </ns3:TrackPointExtension>
        </extensions>
      </trkpt>
      <trkpt lat="29.295643083751201629638671875" lon="117.261033989489078521728515625">
        <ele>32</ele>
        <time>2026-08-26T21:56:21.000Z</time>
        <extensions>
          <ns3:TrackPointExtension>
            <ns3:hr>138</ns3:hr>
            <ns3:cad>91</ns3:cad>
          </ns3:TrackPointExtension>
        </extensions>
      </trkpt>
      <trkpt lat="29.29562942124903202056884765625" lon="117.26100037805736064910888671875">
        <ele>31.799999237060546875</ele>
        <time>2026-08-26T21:56:22.000Z</time>
        <extensions>
          <ns3:TrackPointExtension>
            <ns3:hr>138</ns3:hr>
            <ns3:cad>91</ns3:cad>
          </ns3:TrackPointExtension>
        </extensions>
      </trkpt>
      <trkpt lat="29.29561181925237178802490234375" lon="117.260983027517795562744140625">
        <ele>31.799999237060546875</ele>
        <time>2026-08-26T21:56:23.000Z</time>
        <extensions>
          <ns3:TrackPointExtension>
            <ns3:hr>138</ns3:hr>
            <ns3:cad>92</ns3:cad>
          </ns3:TrackPointExtension>
        </extensions>
      </trkpt>
      <trkpt lat="29.295596815645694732666015625" lon="117.2609518468379974365234375">
        <ele>31.799999237060546875</ele>
        <time>2026-08-26T21:56:24.000Z</time>
        <extensions>
          <ns3:TrackPointExtension>
            <ns3:hr>138</ns3:hr>
            <ns3:cad>92</ns3:cad>
          </ns3:TrackPointExtension>
        </extensions>
      </trkpt>
      <trkpt lat="29.2955817282199859619140625" lon="117.2609359212219715118408203125">
        <ele>31.799999237060546875</ele>
        <time>2026-08-26T21:56:25.000Z</time>
        <extensions>
          <ns3:TrackPointExtension>
            <ns3:hr>138</ns3:hr>
            <ns3:cad>92</ns3:cad>
          </ns3:TrackPointExtension>
        </extensions>
      </trkpt>
      <trkpt lat="29.295568652451038360595703125" lon="117.26090423762798309326171875">
        <ele>31.799999237060546875</ele>
        <time>2026-08-26T21:56:26.000Z</time>
        <extensions>
          <ns3:TrackPointExtension>
            <ns3:hr>138</ns3:hr>
            <ns3:cad>91</ns3:cad>
          </ns3:TrackPointExtension>
        </extensions>
      </trkpt>
      <trkpt lat="29.295554570853710174560546875" lon="117.2608846239745616912841796875">
        <ele>32</ele>
        <time>2026-08-26T21:56:27.000Z</time>
        <extensions>
          <ns3:TrackPointExtension>
            <ns3:hr>139</ns3:hr>
            <ns3:cad>91</ns3:cad>
          </ns3:TrackPointExtension>
        </extensions>
      </trkpt>
      <trkpt lat="29.29554082453250885009765625" lon="117.2608517669141292572021484375">
        <ele>32</ele>
        <time>2026-08-26T21:56:28.000Z</time>
        <extensions>
          <ns3:TrackPointExtension>
            <ns3:hr>139</ns3:hr>
            <ns3:cad>91</ns3:cad>
          </ns3:TrackPointExtension>
        </extensions>
      </trkpt>
      <trkpt lat="29.29552682675421237945556640625" lon="117.26083056069910526275634765625">
        <ele>32</ele>
        <time>2026-08-26T21:56:29.000Z</time>
        <extensions>
          <ns3:TrackPointExtension>
            <ns3:hr>139</ns3:hr>
            <ns3:cad>91</ns3:cad>
          </ns3:TrackPointExtension>
        </extensions>
      </trkpt>
      <trkpt lat="29.2955118231475353240966796875" lon="117.26079552434384822845458984375">
        <ele>32</ele>
        <time>2026-08-26T21:56:30.000Z</time>
        <extensions>
          <ns3:TrackPointExtension>
            <ns3:hr>139</ns3:hr>
            <ns3:cad>90</ns3:cad>
          </ns3:TrackPointExtension>
        </extensions>
      </trkpt>
      <trkpt lat="29.29549665190279483795166015625" lon="117.2607773356139659881591796875">
        <ele>32</ele>
        <time>2026-08-26T21:56:31.000Z</time>
        <extensions>
          <ns3:TrackPointExtension>
            <ns3:hr>140</ns3:hr>
            <ns3:cad>90</ns3:cad>
          </ns3:TrackPointExtension>
        </extensions>
      </trkpt>
      <trkpt lat="29.2954843305051326751708984375" lon="117.26074573583900928497314453125">
        <ele>32</ele>
        <time>2026-08-26T21:56:32.000Z</time>
        <extensions>
          <ns3:TrackPointExtension>
            <ns3:hr>139</ns3:hr>
            <ns3:cad>90</ns3:cad>
          </ns3:TrackPointExtension>
        </extensions>
      </trkpt>
      <trkpt lat="29.29546832107007503509521484375" lon="117.2607283852994441986083984375">
        <ele>32</ele>
        <time>2026-08-26T21:56:33.000Z</time>
        <extensions>
          <ns3:TrackPointExtension>
            <ns3:hr>139</ns3:hr>
            <ns3:cad>90</ns3:cad>
          </ns3:TrackPointExtension>
        </extensions>
      </trkpt>
      <trkpt lat="29.29545708931982517242431640625" lon="117.2606968693435192108154296875">
        <ele>32</ele>
        <time>2026-08-26T21:56:34.000Z</time>
        <extensions>
          <ns3:TrackPointExtension>
            <ns3:hr>139</ns3:hr>
            <ns3:cad>90</ns3:cad>
          </ns3:TrackPointExtension>
        </extensions>
      </trkpt>
      <trkpt lat="29.29544158279895782470703125" lon="117.26068052463233470916748046875">
        <ele>31.799999237060546875</ele>
        <time>2026-08-26T21:56:35.000Z</time>
        <extensions>
          <ns3:TrackPointExtension>
            <ns3:hr>138</ns3:hr>
            <ns3:cad>90</ns3:cad>
          </ns3:TrackPointExtension>
        </extensions>
      </trkpt>
      <trkpt lat="29.295429177582263946533203125" lon="117.26064716465771198272705078125">
        <ele>31.799999237060546875</ele>
        <time>2026-08-26T21:56:36.000Z</time>
        <extensions>
          <ns3:TrackPointExtension>
            <ns3:hr>138</ns3:hr>
            <ns3:cad>90</ns3:cad>
          </ns3:TrackPointExtension>
        </extensions>
      </trkpt>
      <trkpt lat="29.29541517980396747589111328125" lon="117.260628640651702880859375">
        <ele>31.799999237060546875</ele>
        <time>2026-08-26T21:56:37.000Z</time>
        <extensions>
          <ns3:TrackPointExtension>
            <ns3:hr>138</ns3:hr>
            <ns3:cad>91</ns3:cad>
          </ns3:TrackPointExtension>
        </extensions>
      </trkpt>
      <trkpt lat="29.29540243931114673614501953125" lon="117.26059435866773128509521484375">
        <ele>32</ele>
        <time>2026-08-26T21:56:38.000Z</time>
        <extensions>
          <ns3:TrackPointExtension>
            <ns3:hr>138</ns3:hr>
            <ns3:cad>91</ns3:cad>
          </ns3:TrackPointExtension>
        </extensions>
      </trkpt>
      <trkpt lat="29.29538500495254993438720703125" lon="117.2605738230049610137939453125">
        <ele>32</ele>
        <time>2026-08-26T21:56:39.000Z</time>
        <extensions>
          <ns3:TrackPointExtension>
            <ns3:hr>138</ns3:hr>
            <ns3:cad>90</ns3:cad>
          </ns3:TrackPointExtension>
        </extensions>
      </trkpt>
      <trkpt lat="29.29537327028810977935791015625" lon="117.2605389542877674102783203125">
        <ele>32</ele>
        <time>2026-08-26T21:56:40.000Z</time>
        <extensions>
          <ns3:TrackPointExtension>
            <ns3:hr>138</ns3:hr>
            <ns3:cad>90</ns3:cad>
          </ns3:TrackPointExtension>
        </extensions>
      </trkpt>
      <trkpt lat="29.29535717703402042388916015625" lon="117.26051506586372852325439453125">
        <ele>32</ele>
        <time>2026-08-26T21:56:41.000Z</time>
        <extensions>
          <ns3:TrackPointExtension>
            <ns3:hr>138</ns3:hr>
            <ns3:cad>91</ns3:cad>
          </ns3:TrackPointExtension>
        </extensions>
      </trkpt>
      <trkpt lat="29.2953472025692462921142578125" lon="117.2604819573462009429931640625">
        <ele>32</ele>
        <time>2026-08-26T21:56:42.000Z</time>
        <extensions>
          <ns3:TrackPointExtension>
            <ns3:hr>138</ns3:hr>
            <ns3:cad>91</ns3:cad>
          </ns3:TrackPointExtension>
        </extensions>
      </trkpt>
      <trkpt lat="29.29532934911549091339111328125" lon="117.26046024821698665618896484375">
        <ele>32</ele>
        <time>2026-08-26T21:56:43.000Z</time>
        <extensions>
          <ns3:TrackPointExtension>
            <ns3:hr>138</ns3:hr>
            <ns3:cad>91</ns3:cad>
          </ns3:TrackPointExtension>
        </extensions>
      </trkpt>
      <trkpt lat="29.2953183688223361968994140625" lon="117.2604279778897762298583984375">
        <ele>32</ele>
        <time>2026-08-26T21:56:44.000Z</time>
        <extensions>
          <ns3:TrackPointExtension>
            <ns3:hr>138</ns3:hr>
            <ns3:cad>91</ns3:cad>
          </ns3:TrackPointExtension>
        </extensions>
      </trkpt>
      <trkpt lat="29.2953019402921199798583984375" lon="117.26040207780897617340087890625">
        <ele>32</ele>
        <time>2026-08-26T21:56:45.000Z</time>
        <extensions>
          <ns3:TrackPointExtension>
            <ns3:hr>138</ns3:hr>
            <ns3:cad>91</ns3:cad>
          </ns3:TrackPointExtension>
        </extensions>
      </trkpt>
      <trkpt lat="29.2952912114560604095458984375" lon="117.26037181913852691650390625">
        <ele>32</ele>
        <time>2026-08-26T21:56:46.000Z</time>
        <extensions>
          <ns3:TrackPointExtension>
            <ns3:hr>139</ns3:hr>
            <ns3:cad>90</ns3:cad>
          </ns3:TrackPointExtension>
        </extensions>
      </trkpt>
      <trkpt lat="29.29527453146874904632568359375" lon="117.2603465057909488677978515625">
        <ele>32</ele>
        <time>2026-08-26T21:56:47.000Z</time>
        <extensions>
          <ns3:TrackPointExtension>
            <ns3:hr>139</ns3:hr>
            <ns3:cad>91</ns3:cad>
          </ns3:TrackPointExtension>
        </extensions>
      </trkpt>
      <trkpt lat="29.29526413790881633758544921875" lon="117.26031641475856304168701171875">
        <ele>32</ele>
        <time>2026-08-26T21:56:48.000Z</time>
        <extensions>
          <ns3:TrackPointExtension>
            <ns3:hr>140</ns3:hr>
            <ns3:cad>91</ns3:cad>
          </ns3:TrackPointExtension>
        </extensions>
      </trkpt>
      <trkpt lat="29.295251481235027313232421875" lon="117.26028707809746265411376953125">
        <ele>32</ele>
        <time>2026-08-26T21:56:49.000Z</time>
        <extensions>
          <ns3:TrackPointExtension>
            <ns3:hr>140</ns3:hr>
            <ns3:cad>91</ns3:cad>
          </ns3:TrackPointExtension>
        </extensions>
      </trkpt>
      <trkpt lat="29.29523932747542858123779296875" lon="117.2602665424346923828125">
        <ele>32</ele>
        <time>2026-08-26T21:56:50.000Z</time>
        <extensions>
          <ns3:TrackPointExtension>
            <ns3:hr>141</ns3:hr>
            <ns3:cad>91</ns3:cad>
          </ns3:TrackPointExtension>
        </extensions>
      </trkpt>
      <trkpt lat="29.295223988592624664306640625" lon="117.260238043963909149169921875">
        <ele>32</ele>
        <time>2026-08-26T21:56:51.000Z</time>
        <extensions>
          <ns3:TrackPointExtension>
            <ns3:hr>142</ns3:hr>
            <ns3:cad>90</ns3:cad>
          </ns3:TrackPointExtension>
        </extensions>
      </trkpt>
      <trkpt lat="29.2952137626707553863525390625" lon="117.26021432317793369293212890625">
        <ele>32</ele>
        <time>2026-08-26T21:56:52.000Z</time>
        <extensions>
          <ns3:TrackPointExtension>
            <ns3:hr>142</ns3:hr>
            <ns3:cad>90</ns3:cad>
          </ns3:TrackPointExtension>
        </extensions>
      </trkpt>
      <trkpt lat="29.29519691504538059234619140625" lon="117.26018314249813556671142578125">
        <ele>32</ele>
        <time>2026-08-26T21:56:53.000Z</time>
        <extensions>
          <ns3:TrackPointExtension>
            <ns3:hr>142</ns3:hr>
            <ns3:cad>90</ns3:cad>
          </ns3:TrackPointExtension>
        </extensions>
      </trkpt>
      <trkpt lat="29.2951859347522258758544921875" lon="117.260159589350223541259765625">
        <ele>32</ele>
        <time>2026-08-26T21:56:54.000Z</time>
        <extensions>
          <ns3:TrackPointExtension>
            <ns3:hr>143</ns3:hr>
            <ns3:cad>91</ns3:cad>
          </ns3:TrackPointExtension>
        </extensions>
      </trkpt>
      <trkpt lat="29.29517311044037342071533203125" lon="117.2601285763084888458251953125">
        <ele>32</ele>
        <time>2026-08-26T21:56:55.000Z</time>
        <extensions>
          <ns3:TrackPointExtension>
            <ns3:hr>143</ns3:hr>
            <ns3:cad>91</ns3:cad>
          </ns3:TrackPointExtension>
        </extensions>
      </trkpt>
      <trkpt lat="29.295161627233028411865234375" lon="117.26010552607476711273193359375">
        <ele>32</ele>
        <time>2026-08-26T21:56:56.000Z</time>
        <extensions>
          <ns3:TrackPointExtension>
            <ns3:hr>143</ns3:hr>
            <ns3:cad>91</ns3:cad>
          </ns3:TrackPointExtension>
        </extensions>
      </trkpt>
      <trkpt lat="29.2951500602066516876220703125" lon="117.26007300429046154022216796875">
        <ele>32</ele>
        <time>2026-08-26T21:56:57.000Z</time>
        <extensions>
          <ns3:TrackPointExtension>
            <ns3:hr>144</ns3:hr>
            <ns3:cad>91</ns3:cad>
          </ns3:TrackPointExtension>
        </extensions>
      </trkpt>
      <trkpt lat="29.29513723589479923248291015625" lon="117.26005104370415210723876953125">
        <ele>32</ele>
        <time>2026-08-26T21:56:58.000Z</time>
        <extensions>
          <ns3:TrackPointExtension>
            <ns3:hr>144</ns3:hr>
            <ns3:cad>91</ns3:cad>
          </ns3:TrackPointExtension>
        </extensions>
      </trkpt>
      <trkpt lat="29.29512617178261280059814453125" lon="117.2600179351866245269775390625">
        <ele>32</ele>
        <time>2026-08-26T21:56:59.000Z</time>
        <extensions>
          <ns3:TrackPointExtension>
            <ns3:hr>144</ns3:hr>
            <ns3:cad>91</ns3:cad>
          </ns3:TrackPointExtension>
        </extensions>
      </trkpt>
      <trkpt lat="29.29511477239429950714111328125" lon="117.2599968127906322479248046875">
        <ele>32</ele>
        <time>2026-08-26T21:57:00.000Z</time>
        <extensions>
          <ns3:TrackPointExtension>
            <ns3:hr>144</ns3:hr>
            <ns3:cad>91</ns3:cad>
          </ns3:TrackPointExtension>
        </extensions>
      </trkpt>
      <trkpt lat="29.29510295391082763671875" lon="117.25996420718729496002197265625">
        <ele>32</ele>
        <time>2026-08-26T21:57:01.000Z</time>
        <extensions>
          <ns3:TrackPointExtension>
            <ns3:hr>144</ns3:hr>
            <ns3:cad>91</ns3:cad>
          </ns3:TrackPointExtension>
        </extensions>
      </trkpt>
      <trkpt lat="29.29509197361767292022705078125" lon="117.25993906147778034210205078125">
        <ele>32</ele>
        <time>2026-08-26T21:57:02.000Z</time>
        <extensions>
          <ns3:TrackPointExtension>
            <ns3:hr>144</ns3:hr>
            <ns3:cad>90</ns3:cad>
          </ns3:TrackPointExtension>
        </extensions>
      </trkpt>
      <trkpt lat="29.29507680237293243408203125" lon="117.25990570150315761566162109375">
        <ele>32</ele>
        <time>2026-08-26T21:57:03.000Z</time>
        <extensions>
          <ns3:TrackPointExtension>
            <ns3:hr>144</ns3:hr>
            <ns3:cad>90</ns3:cad>
          </ns3:TrackPointExtension>
        </extensions>
      </trkpt>
      <trkpt lat="29.29506012238562107086181640625" lon="117.259888015687465667724609375">
        <ele>32</ele>
        <time>2026-08-26T21:57:04.000Z</time>
        <extensions>
          <ns3:TrackPointExtension>
            <ns3:hr>144</ns3:hr>
            <ns3:cad>90</ns3:cad>
          </ns3:TrackPointExtension>
        </extensions>
      </trkpt>
      <trkpt lat="29.29504822008311748504638671875" lon="117.2598553262650966644287109375">
        <ele>32</ele>
        <time>2026-08-26T21:57:05.000Z</time>
        <extensions>
          <ns3:TrackPointExtension>
            <ns3:hr>143</ns3:hr>
            <ns3:cad>90</ns3:cad>
          </ns3:TrackPointExtension>
        </extensions>
      </trkpt>
      <trkpt lat="29.2950357310473918914794921875" lon="117.2598362155258655548095703125">
        <ele>32</ele>
        <time>2026-08-26T21:57:06.000Z</time>
        <extensions>
          <ns3:TrackPointExtension>
            <ns3:hr>144</ns3:hr>
            <ns3:cad>91</ns3:cad>
          </ns3:TrackPointExtension>
        </extensions>
      </trkpt>
      <trkpt lat="29.2950263433158397674560546875" lon="117.25980210117995738983154296875">
        <ele>32</ele>
        <time>2026-08-26T21:57:07.000Z</time>
        <extensions>
          <ns3:TrackPointExtension>
            <ns3:hr>144</ns3:hr>
            <ns3:cad>91</ns3:cad>
          </ns3:TrackPointExtension>
        </extensions>
      </trkpt>
      <trkpt lat="29.2950105853378772735595703125" lon="117.2597835771739482879638671875">
        <ele>31.799999237060546875</ele>
        <time>2026-08-26T21:57:08.000Z</time>
        <extensions>
          <ns3:TrackPointExtension>
            <ns3:hr>143</ns3:hr>
            <ns3:cad>91</ns3:cad>
          </ns3:TrackPointExtension>
        </extensions>
      </trkpt>
      <trkpt lat="29.29500044323503971099853515625" lon="117.25974594242870807647705078125">
        <ele>31.799999237060546875</ele>
        <time>2026-08-26T21:57:09.000Z</time>
        <extensions>
          <ns3:TrackPointExtension>
            <ns3:hr>143</ns3:hr>
            <ns3:cad>92</ns3:cad>
          </ns3:TrackPointExtension>
        </extensions>
      </trkpt>
      <trkpt lat="29.29498736746609210968017578125" lon="117.25972197018563747406005859375">
        <ele>31.799999237060546875</ele>
        <time>2026-08-26T21:57:10.000Z</time>
        <extensions>
          <ns3:TrackPointExtension>
            <ns3:hr>143</ns3:hr>
            <ns3:cad>91</ns3:cad>
          </ns3:TrackPointExtension>
        </extensions>
      </trkpt>
      <trkpt lat="29.294978566467761993408203125" lon="117.25968458689749240875244140625">
        <ele>31.799999237060546875</ele>
        <time>2026-08-26T21:57:11.000Z</time>
        <extensions>
          <ns3:TrackPointExtension>
            <ns3:hr>143</ns3:hr>
            <ns3:cad>91</ns3:cad>
          </ns3:TrackPointExtension>
        </extensions>
      </trkpt>
      <trkpt lat="29.2949648201465606689453125" lon="117.25966237485408782958984375">
        <ele>31.799999237060546875</ele>
        <time>2026-08-26T21:57:12.000Z</time>
        <extensions>
          <ns3:TrackPointExtension>
            <ns3:hr>142</ns3:hr>
            <ns3:cad>91</ns3:cad>
          </ns3:TrackPointExtension>
        </extensions>
      </trkpt>
      <trkpt lat="29.29495601914823055267333984375" lon="117.25962474010884761810302734375">
        <ele>31.799999237060546875</ele>
        <time>2026-08-26T21:57:13.000Z</time>
        <extensions>
          <ns3:TrackPointExtension>
            <ns3:hr>142</ns3:hr>
            <ns3:cad>91</ns3:cad>
          </ns3:TrackPointExtension>
        </extensions>
      </trkpt>
      <trkpt lat="29.294941686093807220458984375" lon="117.25960244424641132354736328125">
        <ele>31.799999237060546875</ele>
        <time>2026-08-26T21:57:14.000Z</time>
        <extensions>
          <ns3:TrackPointExtension>
            <ns3:hr>141</ns3:hr>
            <ns3:cad>92</ns3:cad>
          </ns3:TrackPointExtension>
        </extensions>
      </trkpt>
      <trkpt lat="29.29493355564773082733154296875" lon="117.259569503366947174072265625">
        <ele>31.799999237060546875</ele>
        <time>2026-08-26T21:57:15.000Z</time>
        <extensions>
          <ns3:TrackPointExtension>
            <ns3:hr>141</ns3:hr>
            <ns3:cad>92</ns3:cad>
          </ns3:TrackPointExtension>
        </extensions>
      </trkpt>
      <trkpt lat="29.29491855204105377197265625" lon="117.259544692933559417724609375">
        <ele>31.799999237060546875</ele>
        <time>2026-08-26T21:57:16.000Z</time>
        <extensions>
          <ns3:TrackPointExtension>
            <ns3:hr>141</ns3:hr>
            <ns3:cad>92</ns3:cad>
          </ns3:TrackPointExtension>
        </extensions>
      </trkpt>
      <trkpt lat="29.29490983486175537109375" lon="117.25951485335826873779296875">
        <ele>31.799999237060546875</ele>
        <time>2026-08-26T21:57:17.000Z</time>
        <extensions>
          <ns3:TrackPointExtension>
            <ns3:hr>141</ns3:hr>
            <ns3:cad>92</ns3:cad>
          </ns3:TrackPointExtension>
        </extensions>
      </trkpt>
      <trkpt lat="29.29489583708345890045166015625" lon="117.2594888694584369659423828125">
        <ele>31.799999237060546875</ele>
        <time>2026-08-26T21:57:18.000Z</time>
        <extensions>
          <ns3:TrackPointExtension>
            <ns3:hr>141</ns3:hr>
            <ns3:cad>92</ns3:cad>
          </ns3:TrackPointExtension>
        </extensions>
      </trkpt>
      <trkpt lat="29.29488644935190677642822265625" lon="117.25946129299700260162353515625">
        <ele>31.799999237060546875</ele>
        <time>2026-08-26T21:57:19.000Z</time>
        <extensions>
          <ns3:TrackPointExtension>
            <ns3:hr>140</ns3:hr>
            <ns3:cad>92</ns3:cad>
          </ns3:TrackPointExtension>
        </extensions>
      </trkpt>
      <trkpt lat="29.2948717810213565826416015625" lon="117.2594308666884899139404296875">
        <ele>31.799999237060546875</ele>
        <time>2026-08-26T21:57:20.000Z</time>
        <extensions>
          <ns3:TrackPointExtension>
            <ns3:hr>140</ns3:hr>
            <ns3:cad>92</ns3:cad>
          </ns3:TrackPointExtension>
        </extensions>
      </trkpt>
      <trkpt lat="29.29486197419464588165283203125" lon="117.25940329022705554962158203125">
        <ele>31.799999237060546875</ele>
        <time>2026-08-26T21:57:21.000Z</time>
        <extensions>
          <ns3:TrackPointExtension>
            <ns3:hr>140</ns3:hr>
            <ns3:cad>92</ns3:cad>
          </ns3:TrackPointExtension>
        </extensions>
      </trkpt>
      <trkpt lat="29.2948493175208568572998046875" lon="117.25937403738498687744140625">
        <ele>31.799999237060546875</ele>
        <time>2026-08-26T21:57:22.000Z</time>
        <extensions>
          <ns3:TrackPointExtension>
            <ns3:hr>140</ns3:hr>
            <ns3:cad>92</ns3:cad>
          </ns3:TrackPointExtension>
        </extensions>
      </trkpt>
      <trkpt lat="29.2948399297893047332763671875" lon="117.259350232779979705810546875">
        <ele>31.799999237060546875</ele>
        <time>2026-08-26T21:57:23.000Z</time>
        <extensions>
          <ns3:TrackPointExtension>
            <ns3:hr>140</ns3:hr>
            <ns3:cad>92</ns3:cad>
          </ns3:TrackPointExtension>
        </extensions>
      </trkpt>
      <trkpt lat="29.29483003914356231689453125" lon="117.25931905210018157958984375">
        <ele>31.799999237060546875</ele>
        <time>2026-08-26T21:57:24.000Z</time>
        <extensions>
          <ns3:TrackPointExtension>
            <ns3:hr>139</ns3:hr>
            <ns3:cad>92</ns3:cad>
          </ns3:TrackPointExtension>
        </extensions>
      </trkpt>
      <trkpt lat="29.294822327792644500732421875" lon="117.25929466076195240020751953125">
        <ele>31.799999237060546875</ele>
        <time>2026-08-26T21:57:25.000Z</time>
        <extensions>
          <ns3:TrackPointExtension>
            <ns3:hr>140</ns3:hr>
            <ns3:cad>92</ns3:cad>
          </ns3:TrackPointExtension>
        </extensions>
      </trkpt>
      <trkpt lat="29.29481419734656810760498046875" lon="117.25926339626312255859375">
        <ele>31.799999237060546875</ele>
        <time>2026-08-26T21:57:26.000Z</time>
        <extensions>
          <ns3:TrackPointExtension>
            <ns3:hr>140</ns3:hr>
            <ns3:cad>92</ns3:cad>
          </ns3:TrackPointExtension>
        </extensions>
      </trkpt>
      <trkpt lat="29.29480095393955707550048828125" lon="117.25924118421971797943115234375">
        <ele>31.799999237060546875</ele>
        <time>2026-08-26T21:57:27.000Z</time>
        <extensions>
          <ns3:TrackPointExtension>
            <ns3:hr>139</ns3:hr>
            <ns3:cad>92</ns3:cad>
          </ns3:TrackPointExtension>
        </extensions>
      </trkpt>
      <trkpt lat="29.29479257203638553619384765625" lon="117.25920698605477809906005859375">
        <ele>31.799999237060546875</ele>
        <time>2026-08-26T21:57:28.000Z</time>
        <extensions>
          <ns3:TrackPointExtension>
            <ns3:hr>140</ns3:hr>
            <ns3:cad>92</ns3:cad>
          </ns3:TrackPointExtension>
        </extensions>
      </trkpt>
      <trkpt lat="29.29478167556226253509521484375" lon="117.25918452255427837371826171875">
        <ele>31.6000003814697265625</ele>
        <time>2026-08-26T21:57:29.000Z</time>
        <extensions>
          <ns3:TrackPointExtension>
            <ns3:hr>140</ns3:hr>
            <ns3:cad>92</ns3:cad>
          </ns3:TrackPointExtension>
        </extensions>
      </trkpt>
      <trkpt lat="29.2947718687355518341064453125" lon="117.2591499052941799163818359375">
        <ele>31.6000003814697265625</ele>
        <time>2026-08-26T21:57:30.000Z</time>
        <extensions>
          <ns3:TrackPointExtension>
            <ns3:hr>139</ns3:hr>
            <ns3:cad>92</ns3:cad>
          </ns3:TrackPointExtension>
        </extensions>
      </trkpt>
      <trkpt lat="29.2947577871382236480712890625" lon="117.25912853144109249114990234375">
        <ele>31.6000003814697265625</ele>
        <time>2026-08-26T21:57:31.000Z</time>
        <extensions>
          <ns3:TrackPointExtension>
            <ns3:hr>140</ns3:hr>
            <ns3:cad>92</ns3:cad>
          </ns3:TrackPointExtension>
        </extensions>
      </trkpt>
      <trkpt lat="29.294748567044734954833984375" lon="117.2590912319719791412353515625">
        <ele>31.6000003814697265625</ele>
        <time>2026-08-26T21:57:32.000Z</time>
        <extensions>
          <ns3:TrackPointExtension>
            <ns3:hr>139</ns3:hr>
            <ns3:cad>92</ns3:cad>
          </ns3:TrackPointExtension>
        </extensions>
      </trkpt>
      <trkpt lat="29.29473591037094593048095703125" lon="117.259069941937923431396484375">
        <ele>31.6000003814697265625</ele>
        <time>2026-08-26T21:57:33.000Z</time>
        <extensions>
          <ns3:TrackPointExtension>
            <ns3:hr>139</ns3:hr>
            <ns3:cad>92</ns3:cad>
          </ns3:TrackPointExtension>
        </extensions>
      </trkpt>
      <trkpt lat="29.2947266064584255218505859375" lon="117.2590349055826663970947265625">
        <ele>31.6000003814697265625</ele>
        <time>2026-08-26T21:57:34.000Z</time>
        <extensions>
          <ns3:TrackPointExtension>
            <ns3:hr>139</ns3:hr>
            <ns3:cad>92</ns3:cad>
          </ns3:TrackPointExtension>
        </extensions>
      </trkpt>
      <trkpt lat="29.294713027775287628173828125" lon="117.2590151242911815643310546875">
        <ele>31.6000003814697265625</ele>
        <time>2026-08-26T21:57:35.000Z</time>
        <extensions>
          <ns3:TrackPointExtension>
            <ns3:hr>139</ns3:hr>
            <ns3:cad>92</ns3:cad>
          </ns3:TrackPointExtension>
        </extensions>
      </trkpt>
      <trkpt lat="29.29470456205308437347412109375" lon="117.25897841155529022216796875">
        <ele>31.3999996185302734375</ele>
        <time>2026-08-26T21:57:36.000Z</time>
        <extensions>
          <ns3:TrackPointExtension>
            <ns3:hr>138</ns3:hr>
            <ns3:cad>92</ns3:cad>
          </ns3:TrackPointExtension>
        </extensions>
      </trkpt>
      <trkpt lat="29.294689558446407318115234375" lon="117.25895695388317108154296875">
        <ele>31.3999996185302734375</ele>
        <time>2026-08-26T21:57:37.000Z</time>
        <extensions>
          <ns3:TrackPointExtension>
            <ns3:hr>138</ns3:hr>
            <ns3:cad>92</ns3:cad>
          </ns3:TrackPointExtension>
        </extensions>
      </trkpt>
      <trkpt lat="29.29467983543872833251953125" lon="117.2589239291846752166748046875">
        <ele>31.3999996185302734375</ele>
        <time>2026-08-26T21:57:38.000Z</time>
        <extensions>
          <ns3:TrackPointExtension>
            <ns3:hr>138</ns3:hr>
            <ns3:cad>92</ns3:cad>
          </ns3:TrackPointExtension>
        </extensions>
      </trkpt>
      <trkpt lat="29.29466550238430500030517578125" lon="117.2589048184454441070556640625">
        <ele>31.3999996185302734375</ele>
        <time>2026-08-26T21:57:39.000Z</time>
        <extensions>
          <ns3:TrackPointExtension>
            <ns3:hr>138</ns3:hr>
            <ns3:cad>92</ns3:cad>
          </ns3:TrackPointExtension>
        </extensions>
      </trkpt>
      <trkpt lat="29.29465846158564090728759765625" lon="117.25887120701372623443603515625">
        <ele>31.3999996185302734375</ele>
        <time>2026-08-26T21:57:40.000Z</time>
        <extensions>
          <ns3:TrackPointExtension>
            <ns3:hr>138</ns3:hr>
            <ns3:cad>92</ns3:cad>
          </ns3:TrackPointExtension>
        </extensions>
      </trkpt>
      <trkpt lat="29.2946437932550907135009765625" lon="117.258848659694194793701171875">
        <ele>31.3999996185302734375</ele>
        <time>2026-08-26T21:57:41.000Z</time>
        <extensions>
          <ns3:TrackPointExtension>
            <ns3:hr>138</ns3:hr>
            <ns3:cad>92</ns3:cad>
          </ns3:TrackPointExtension>
        </extensions>
      </trkpt>
      <trkpt lat="29.29463650099933147430419921875" lon="117.25881421007215976715087890625">
        <ele>31.200000762939453125</ele>
        <time>2026-08-26T21:57:42.000Z</time>
        <extensions>
          <ns3:TrackPointExtension>
            <ns3:hr>138</ns3:hr>
            <ns3:cad>91</ns3:cad>
          </ns3:TrackPointExtension>
        </extensions>
      </trkpt>
      <trkpt lat="29.29462107829749584197998046875" lon="117.258790321648120880126953125">
        <ele>31.200000762939453125</ele>
        <time>2026-08-26T21:57:43.000Z</time>
        <extensions>
          <ns3:TrackPointExtension>
            <ns3:hr>137</ns3:hr>
            <ns3:cad>91</ns3:cad>
          </ns3:TrackPointExtension>
        </extensions>
      </trkpt>
      <trkpt lat="29.294613115489482879638671875" lon="117.2587572969496250152587890625">
        <ele>31.200000762939453125</ele>
        <time>2026-08-26T21:57:44.000Z</time>
        <extensions>
          <ns3:TrackPointExtension>
            <ns3:hr>137</ns3:hr>
            <ns3:cad>91</ns3:cad>
          </ns3:TrackPointExtension>
        </extensions>
      </trkpt>
      <trkpt lat="29.29459978826344013214111328125" lon="117.25873374380171298980712890625">
        <ele>31.200000762939453125</ele>
        <time>2026-08-26T21:57:45.000Z</time>
        <extensions>
          <ns3:TrackPointExtension>
            <ns3:hr>137</ns3:hr>
            <ns3:cad>90</ns3:cad>
          </ns3:TrackPointExtension>
        </extensions>
      </trkpt>
      <trkpt lat="29.29459090344607830047607421875" lon="117.2587006352841854095458984375">
        <ele>31.200000762939453125</ele>
        <time>2026-08-26T21:57:46.000Z</time>
        <extensions>
          <ns3:TrackPointExtension>
            <ns3:hr>137</ns3:hr>
            <ns3:cad>90</ns3:cad>
          </ns3:TrackPointExtension>
        </extensions>
      </trkpt>
      <trkpt lat="29.29457598365843296051025390625" lon="117.25867389701306819915771484375">
        <ele>31.200000762939453125</ele>
        <time>2026-08-26T21:57:47.000Z</time>
        <extensions>
          <ns3:TrackPointExtension>
            <ns3:hr>137</ns3:hr>
            <ns3:cad>90</ns3:cad>
          </ns3:TrackPointExtension>
        </extensions>
      </trkpt>
      <trkpt lat="29.29456290788948535919189453125" lon="117.258643470704555511474609375">
        <ele>31.200000762939453125</ele>
        <time>2026-08-26T21:57:48.000Z</time>
        <extensions>
          <ns3:TrackPointExtension>
            <ns3:hr>136</ns3:hr>
            <ns3:cad>91</ns3:cad>
          </ns3:TrackPointExtension>
        </extensions>
      </trkpt>
      <trkpt lat="29.29455167613923549652099609375" lon="117.258615978062152862548828125">
        <ele>31.200000762939453125</ele>
        <time>2026-08-26T21:57:49.000Z</time>
        <extensions>
          <ns3:TrackPointExtension>
            <ns3:hr>136</ns3:hr>
            <ns3:cad>91</ns3:cad>
          </ns3:TrackPointExtension>
        </extensions>
      </trkpt>
      <trkpt lat="29.29454530589282512664794921875" lon="117.25859192200005054473876953125">
        <ele>31.200000762939453125</ele>
        <time>2026-08-26T21:57:50.000Z</time>
        <extensions>
          <ns3:TrackPointExtension>
            <ns3:hr>136</ns3:hr>
            <ns3:cad>91</ns3:cad>
          </ns3:TrackPointExtension>
        </extensions>
      </trkpt>
      <trkpt lat="29.29453608579933643341064453125" lon="117.2585601545870304107666015625">
        <ele>31.200000762939453125</ele>
        <time>2026-08-26T21:57:51.000Z</time>
        <extensions>
          <ns3:TrackPointExtension>
            <ns3:hr>136</ns3:hr>
            <ns3:cad>91</ns3:cad>
          </ns3:TrackPointExtension>
        </extensions>
      </trkpt>
      <trkpt lat="29.29452820681035518646240234375" lon="117.2585351765155792236328125">
        <ele>31.200000762939453125</ele>
        <time>2026-08-26T21:57:52.000Z</time>
        <extensions>
          <ns3:TrackPointExtension>
            <ns3:hr>136</ns3:hr>
            <ns3:cad>91</ns3:cad>
          </ns3:TrackPointExtension>
        </extensions>
      </trkpt>
      <trkpt lat="29.29451647214591503143310546875" lon="117.2585024870932102203369140625">
        <ele>31</ele>
        <time>2026-08-26T21:57:53.000Z</time>
        <extensions>
          <ns3:TrackPointExtension>
            <ns3:hr>136</ns3:hr>
            <ns3:cad>91</ns3:cad>
          </ns3:TrackPointExtension>
        </extensions>
      </trkpt>
      <trkpt lat="29.29450809024274349212646484375" lon="117.25847558118402957916259765625">
        <ele>31</ele>
        <time>2026-08-26T21:57:54.000Z</time>
        <extensions>
          <ns3:TrackPointExtension>
            <ns3:hr>135</ns3:hr>
            <ns3:cad>91</ns3:cad>
          </ns3:TrackPointExtension>
        </extensions>
      </trkpt>
      <trkpt lat="29.294499456882476806640625" lon="117.258439622819423675537109375">
        <ele>31</ele>
        <time>2026-08-26T21:57:55.000Z</time>
        <extensions>
          <ns3:TrackPointExtension>
            <ns3:hr>135</ns3:hr>
            <ns3:cad>91</ns3:cad>
          </ns3:TrackPointExtension>
        </extensions>
      </trkpt>
      <trkpt lat="29.294491074979305267333984375" lon="117.25841036997735500335693359375">
        <ele>30.799999237060546875</ele>
        <time>2026-08-26T21:57:56.000Z</time>
        <extensions>
          <ns3:TrackPointExtension>
            <ns3:hr>135</ns3:hr>
            <ns3:cad>91</ns3:cad>
          </ns3:TrackPointExtension>
        </extensions>
      </trkpt>
      <trkpt lat="29.29448227398097515106201171875" lon="117.2583737410604953765869140625">
        <ele>30.799999237060546875</ele>
        <time>2026-08-26T21:57:57.000Z</time>
        <extensions>
          <ns3:TrackPointExtension>
            <ns3:hr>135</ns3:hr>
            <ns3:cad>92</ns3:cad>
          </ns3:TrackPointExtension>
        </extensions>
      </trkpt>
      <trkpt lat="29.29447171278297901153564453125" lon="117.25835303775966167449951171875">
        <ele>30.799999237060546875</ele>
        <time>2026-08-26T21:57:58.000Z</time>
        <extensions>
          <ns3:TrackPointExtension>
            <ns3:hr>135</ns3:hr>
            <ns3:cad>92</ns3:cad>
          </ns3:TrackPointExtension>
        </extensions>
      </trkpt>
      <trkpt lat="29.294463582336902618408203125" lon="117.25831632502377033233642578125">
        <ele>30.799999237060546875</ele>
        <time>2026-08-26T21:57:59.000Z</time>
        <extensions>
          <ns3:TrackPointExtension>
            <ns3:hr>134</ns3:hr>
            <ns3:cad>92</ns3:cad>
          </ns3:TrackPointExtension>
        </extensions>
      </trkpt>
      <trkpt lat="29.29445327259600162506103515625" lon="117.258294112980365753173828125">
        <ele>30.799999237060546875</ele>
        <time>2026-08-26T21:58:00.000Z</time>
        <extensions>
          <ns3:TrackPointExtension>
            <ns3:hr>134</ns3:hr>
            <ns3:cad>91</ns3:cad>
          </ns3:TrackPointExtension>
        </extensions>
      </trkpt>
      <trkpt lat="29.2944432981312274932861328125" lon="117.2582604177296161651611328125">
        <ele>30.6000003814697265625</ele>
        <time>2026-08-26T21:58:01.000Z</time>
        <extensions>
          <ns3:TrackPointExtension>
            <ns3:hr>133</ns3:hr>
            <ns3:cad>90</ns3:cad>
          </ns3:TrackPointExtension>
        </extensions>
      </trkpt>
      <trkpt lat="29.29442946799099445343017578125" lon="117.25824206136167049407958984375">
        <ele>30.6000003814697265625</ele>
        <time>2026-08-26T21:58:02.000Z</time>
        <extensions>
          <ns3:TrackPointExtension>
            <ns3:hr>133</ns3:hr>
            <ns3:cad>90</ns3:cad>
          </ns3:TrackPointExtension>
        </extensions>
      </trkpt>
      <trkpt lat="29.2944208346307277679443359375" lon="117.25820953957736492156982421875">
        <ele>30.6000003814697265625</ele>
        <time>2026-08-26T21:58:03.000Z</time>
        <extensions>
          <ns3:TrackPointExtension>
            <ns3:hr>133</ns3:hr>
            <ns3:cad>90</ns3:cad>
          </ns3:TrackPointExtension>
        </extensions>
      </trkpt>
      <trkpt lat="29.29440625011920928955078125" lon="117.25819252431392669677734375">
        <ele>30.6000003814697265625</ele>
        <time>2026-08-26T21:58:04.000Z</time>
        <extensions>
          <ns3:TrackPointExtension>
            <ns3:hr>133</ns3:hr>
            <ns3:cad>91</ns3:cad>
          </ns3:TrackPointExtension>
        </extensions>
      </trkpt>
      <trkpt lat="29.294397868216037750244140625" lon="117.2581561468541622161865234375">
        <ele>30.6000003814697265625</ele>
        <time>2026-08-26T21:58:05.000Z</time>
        <extensions>
          <ns3:TrackPointExtension>
            <ns3:hr>133</ns3:hr>
            <ns3:cad>91</ns3:cad>
          </ns3:TrackPointExtension>
        </extensions>
      </trkpt>
      <trkpt lat="29.2943854629993438720703125" lon="117.2581328451633453369140625">
        <ele>30.6000003814697265625</ele>
        <time>2026-08-26T21:58:06.000Z</time>
        <extensions>
          <ns3:TrackPointExtension>
            <ns3:hr>134</ns3:hr>
            <ns3:cad>91</ns3:cad>
          </ns3:TrackPointExtension>
        </extensions>
      </trkpt>
      <trkpt lat="29.2943725548684597015380859375" lon="117.25809998810291290283203125">
        <ele>30.6000003814697265625</ele>
        <time>2026-08-26T21:58:07.000Z</time>
        <extensions>
          <ns3:TrackPointExtension>
            <ns3:hr>137</ns3:hr>
            <ns3:cad>91</ns3:cad>
          </ns3:TrackPointExtension>
        </extensions>
      </trkpt>
      <trkpt lat="29.2943598143756389617919921875" lon="117.25807727314531803131103515625">
        <ele>30.3999996185302734375</ele>
        <time>2026-08-26T21:58:08.000Z</time>
        <extensions>
          <ns3:TrackPointExtension>
            <ns3:hr>138</ns3:hr>
            <ns3:cad>91</ns3:cad>
          </ns3:TrackPointExtension>
        </extensions>
      </trkpt>
      <trkpt lat="29.2943500913679599761962890625" lon="117.2580411471426486968994140625">
        <ele>30.3999996185302734375</ele>
        <time>2026-08-26T21:58:09.000Z</time>
        <extensions>
          <ns3:TrackPointExtension>
            <ns3:hr>139</ns3:hr>
            <ns3:cad>90</ns3:cad>
          </ns3:TrackPointExtension>
        </extensions>
      </trkpt>
      <trkpt lat="29.2943366803228855133056640625" lon="117.258017174899578094482421875">
        <ele>30.3999996185302734375</ele>
        <time>2026-08-26T21:58:10.000Z</time>
        <extensions>
          <ns3:TrackPointExtension>
            <ns3:hr>140</ns3:hr>
            <ns3:cad>90</ns3:cad>
          </ns3:TrackPointExtension>
        </extensions>
      </trkpt>
      <trkpt lat="29.29432955570518970489501953125" lon="117.25798624567687511444091796875">
        <ele>30.3999996185302734375</ele>
        <time>2026-08-26T21:58:11.000Z</time>
        <extensions>
          <ns3:TrackPointExtension>
            <ns3:hr>140</ns3:hr>
            <ns3:cad>90</ns3:cad>
          </ns3:TrackPointExtension>
        </extensions>
      </trkpt>
      <trkpt lat="29.29431681521236896514892578125" lon="117.2579640336334705352783203125">
        <ele>30.3999996185302734375</ele>
        <time>2026-08-26T21:58:12.000Z</time>
        <extensions>
          <ns3:TrackPointExtension>
            <ns3:hr>141</ns3:hr>
            <ns3:cad>90</ns3:cad>
          </ns3:TrackPointExtension>
        </extensions>
      </trkpt>
      <trkpt lat="29.2943091876804828643798828125" lon="117.25793427787721157073974609375">
        <ele>30.200000762939453125</ele>
        <time>2026-08-26T21:58:13.000Z</time>
        <extensions>
          <ns3:TrackPointExtension>
            <ns3:hr>141</ns3:hr>
            <ns3:cad>90</ns3:cad>
          </ns3:TrackPointExtension>
        </extensions>
      </trkpt>
      <trkpt lat="29.29429854266345500946044921875" lon="117.25790762342512607574462890625">
        <ele>30.200000762939453125</ele>
        <time>2026-08-26T21:58:14.000Z</time>
        <extensions>
          <ns3:TrackPointExtension>
            <ns3:hr>141</ns3:hr>
            <ns3:cad>90</ns3:cad>
          </ns3:TrackPointExtension>
        </extensions>
      </trkpt>
      <trkpt lat="29.29428949020802974700927734375" lon="117.2578798793256282806396484375">
        <ele>30.200000762939453125</ele>
        <time>2026-08-26T21:58:15.000Z</time>
        <extensions>
          <ns3:TrackPointExtension>
            <ns3:hr>141</ns3:hr>
            <ns3:cad>90</ns3:cad>
          </ns3:TrackPointExtension>
        </extensions>
      </trkpt>
      <trkpt lat="29.29428010247647762298583984375" lon="117.2578517161309719085693359375">
        <ele>30.200000762939453125</ele>
        <time>2026-08-26T21:58:16.000Z</time>
        <extensions>
          <ns3:TrackPointExtension>
            <ns3:hr>141</ns3:hr>
            <ns3:cad>90</ns3:cad>
          </ns3:TrackPointExtension>
        </extensions>
      </trkpt>
      <trkpt lat="29.29427037946879863739013671875" lon="117.25782263092696666717529296875">
        <ele>30.200000762939453125</ele>
        <time>2026-08-26T21:58:17.000Z</time>
        <extensions>
          <ns3:TrackPointExtension>
            <ns3:hr>141</ns3:hr>
            <ns3:cad>92</ns3:cad>
          </ns3:TrackPointExtension>
        </extensions>
      </trkpt>
      <trkpt lat="29.2942578904330730438232421875" lon="117.25779899396002292633056640625">
        <ele>30.200000762939453125</ele>
        <time>2026-08-26T21:58:18.000Z</time>
        <extensions>
          <ns3:TrackPointExtension>
            <ns3:hr>141</ns3:hr>
            <ns3:cad>92</ns3:cad>
          </ns3:TrackPointExtension>
        </extensions>
      </trkpt>
      <trkpt lat="29.29424372501671314239501953125" lon="117.25776982493698596954345703125">
        <ele>30.200000762939453125</ele>
        <time>2026-08-26T21:58:19.000Z</time>
        <extensions>
          <ns3:TrackPointExtension>
            <ns3:hr>141</ns3:hr>
            <ns3:cad>92</ns3:cad>
          </ns3:TrackPointExtension>
        </extensions>
      </trkpt>
      <trkpt lat="29.2942303977906703948974609375" lon="117.25774333812296390533447265625">
        <ele>30.3999996185302734375</ele>
        <time>2026-08-26T21:58:20.000Z</time>
        <extensions>
          <ns3:TrackPointExtension>
            <ns3:hr>142</ns3:hr>
            <ns3:cad>92</ns3:cad>
          </ns3:TrackPointExtension>
        </extensions>
      </trkpt>
      <trkpt lat="29.2942183278501033782958984375" lon="117.2577135823667049407958984375">
        <ele>30.3999996185302734375</ele>
        <time>2026-08-26T21:58:21.000Z</time>
        <extensions>
          <ns3:TrackPointExtension>
            <ns3:hr>141</ns3:hr>
            <ns3:cad>92</ns3:cad>
          </ns3:TrackPointExtension>
        </extensions>
      </trkpt>
      <trkpt lat="29.29420902393758296966552734375" lon="117.25768248550593852996826171875">
        <ele>30.3999996185302734375</ele>
        <time>2026-08-26T21:58:22.000Z</time>
        <extensions>
          <ns3:TrackPointExtension>
            <ns3:hr>141</ns3:hr>
            <ns3:cad>92</ns3:cad>
          </ns3:TrackPointExtension>
        </extensions>
      </trkpt>
      <trkpt lat="29.29419863037765026092529296875" lon="117.257655076682567596435546875">
        <ele>30.3999996185302734375</ele>
        <time>2026-08-26T21:58:23.000Z</time>
        <extensions>
          <ns3:TrackPointExtension>
            <ns3:hr>141</ns3:hr>
            <ns3:cad>92</ns3:cad>
          </ns3:TrackPointExtension>
        </extensions>
      </trkpt>
      <trkpt lat="29.294189326465129852294921875" lon="117.257622890174388885498046875">
        <ele>30.3999996185302734375</ele>
        <time>2026-08-26T21:58:24.000Z</time>
        <extensions>
          <ns3:TrackPointExtension>
            <ns3:hr>141</ns3:hr>
            <ns3:cad>92</ns3:cad>
          </ns3:TrackPointExtension>
        </extensions>
      </trkpt>
      <trkpt lat="29.29418253712356090545654296875" lon="117.2575945593416690826416015625">
        <ele>30.3999996185302734375</ele>
        <time>2026-08-26T21:58:25.000Z</time>
        <extensions>
          <ns3:TrackPointExtension>
            <ns3:hr>141</ns3:hr>
            <ns3:cad>93</ns3:cad>
          </ns3:TrackPointExtension>
        </extensions>
      </trkpt>
      <trkpt lat="29.294167868793010711669921875" lon="117.25756882689893245697021484375">
        <ele>30.3999996185302734375</ele>
        <time>2026-08-26T21:58:26.000Z</time>
        <extensions>
          <ns3:TrackPointExtension>
            <ns3:hr>141</ns3:hr>
            <ns3:cad>93</ns3:cad>
          </ns3:TrackPointExtension>
        </extensions>
      </trkpt>
      <trkpt lat="29.29415546357631683349609375" lon="117.2575472854077816009521484375">
        <ele>30.200000762939453125</ele>
        <time>2026-08-26T21:58:27.000Z</time>
        <extensions>
          <ns3:TrackPointExtension>
            <ns3:hr>140</ns3:hr>
            <ns3:cad>93</ns3:cad>
          </ns3:TrackPointExtension>
        </extensions>
      </trkpt>
      <trkpt lat="29.29414096288383007049560546875" lon="117.25751317106187343597412109375">
        <ele>30.3999996185302734375</ele>
        <time>2026-08-26T21:58:28.000Z</time>
        <extensions>
          <ns3:TrackPointExtension>
            <ns3:hr>140</ns3:hr>
            <ns3:cad>93</ns3:cad>
          </ns3:TrackPointExtension>
        </extensions>
      </trkpt>
      <trkpt lat="29.29412386380136013031005859375" lon="117.25748735480010509490966796875">
        <ele>30.3999996185302734375</ele>
        <time>2026-08-26T21:58:29.000Z</time>
        <extensions>
          <ns3:TrackPointExtension>
            <ns3:hr>140</ns3:hr>
            <ns3:cad>93</ns3:cad>
          </ns3:TrackPointExtension>
        </extensions>
      </trkpt>
      <trkpt lat="29.29411045275628566741943359375" lon="117.2574569284915924072265625">
        <ele>30.3999996185302734375</ele>
        <time>2026-08-26T21:58:30.000Z</time>
        <extensions>
          <ns3:TrackPointExtension>
            <ns3:hr>140</ns3:hr>
            <ns3:cad>91</ns3:cad>
          </ns3:TrackPointExtension>
        </extensions>
      </trkpt>
      <trkpt lat="29.29409871809184551239013671875" lon="117.257433794438838958740234375">
        <ele>30.3999996185302734375</ele>
        <time>2026-08-26T21:58:31.000Z</time>
        <extensions>
          <ns3:TrackPointExtension>
            <ns3:hr>139</ns3:hr>
            <ns3:cad>91</ns3:cad>
          </ns3:TrackPointExtension>
        </extensions>
      </trkpt>
      <trkpt lat="29.294084720313549041748046875" lon="117.257398925721645355224609375">
        <ele>30.3999996185302734375</ele>
        <time>2026-08-26T21:58:32.000Z</time>
        <extensions>
          <ns3:TrackPointExtension>
            <ns3:hr>139</ns3:hr>
            <ns3:cad>91</ns3:cad>
          </ns3:TrackPointExtension>
        </extensions>
      </trkpt>
      <trkpt lat="29.294069968163967132568359375" lon="117.25737310945987701416015625">
        <ele>30.3999996185302734375</ele>
        <time>2026-08-26T21:58:33.000Z</time>
        <extensions>
          <ns3:TrackPointExtension>
            <ns3:hr>138</ns3:hr>
            <ns3:cad>91</ns3:cad>
          </ns3:TrackPointExtension>
        </extensions>
      </trkpt>
      <trkpt lat="29.29405999369919300079345703125" lon="117.257339246571063995361328125">
        <ele>30.200000762939453125</ele>
        <time>2026-08-26T21:58:34.000Z</time>
        <extensions>
          <ns3:TrackPointExtension>
            <ns3:hr>139</ns3:hr>
            <ns3:cad>91</ns3:cad>
          </ns3:TrackPointExtension>
        </extensions>
      </trkpt>
      <trkpt lat="29.29404675029218196868896484375" lon="117.2573159448802471160888671875">
        <ele>30.200000762939453125</ele>
        <time>2026-08-26T21:58:35.000Z</time>
        <extensions>
          <ns3:TrackPointExtension>
            <ns3:hr>139</ns3:hr>
            <ns3:cad>91</ns3:cad>
          </ns3:TrackPointExtension>
        </extensions>
      </trkpt>
      <trkpt lat="29.294038116931915283203125" lon="117.25728191435337066650390625">
        <ele>30.200000762939453125</ele>
        <time>2026-08-26T21:58:36.000Z</time>
        <extensions>
          <ns3:TrackPointExtension>
            <ns3:hr>140</ns3:hr>
            <ns3:cad>91</ns3:cad>
          </ns3:TrackPointExtension>
        </extensions>
      </trkpt>
      <trkpt lat="29.294025041162967681884765625" lon="117.25725919939577579498291015625">
        <ele>30.200000762939453125</ele>
        <time>2026-08-26T21:58:37.000Z</time>
        <extensions>
          <ns3:TrackPointExtension>
            <ns3:hr>140</ns3:hr>
            <ns3:cad>91</ns3:cad>
          </ns3:TrackPointExtension>
        </extensions>
      </trkpt>
      <trkpt lat="29.29401657544076442718505859375" lon="117.257225923240184783935546875">
        <ele>30.200000762939453125</ele>
        <time>2026-08-26T21:58:38.000Z</time>
        <extensions>
          <ns3:TrackPointExtension>
            <ns3:hr>140</ns3:hr>
            <ns3:cad>91</ns3:cad>
          </ns3:TrackPointExtension>
        </extensions>
      </trkpt>
      <trkpt lat="29.29400366730988025665283203125" lon="117.25720153190195560455322265625">
        <ele>30.200000762939453125</ele>
        <time>2026-08-26T21:58:39.000Z</time>
        <extensions>
          <ns3:TrackPointExtension>
            <ns3:hr>140</ns3:hr>
            <ns3:cad>91</ns3:cad>
          </ns3:TrackPointExtension>
        </extensions>
      </trkpt>
      <trkpt lat="29.29399377666413784027099609375" lon="117.257165573537349700927734375">
        <ele>30.200000762939453125</ele>
        <time>2026-08-26T21:58:40.000Z</time>
        <extensions>
          <ns3:TrackPointExtension>
            <ns3:hr>140</ns3:hr>
            <ns3:cad>91</ns3:cad>
          </ns3:TrackPointExtension>
        </extensions>
      </trkpt>
      <trkpt lat="29.29397952742874622344970703125" lon="117.2571395896375179290771484375">
        <ele>30.3999996185302734375</ele>
        <time>2026-08-26T21:58:41.000Z</time>
        <extensions>
          <ns3:TrackPointExtension>
            <ns3:hr>140</ns3:hr>
            <ns3:cad>91</ns3:cad>
          </ns3:TrackPointExtension>
        </extensions>
      </trkpt>
      <trkpt lat="29.29396946914494037628173828125" lon="117.25710933096706867218017578125">
        <ele>30.200000762939453125</ele>
        <time>2026-08-26T21:58:42.000Z</time>
        <extensions>
          <ns3:TrackPointExtension>
            <ns3:hr>139</ns3:hr>
            <ns3:cad>91</ns3:cad>
          </ns3:TrackPointExtension>
        </extensions>
      </trkpt>
      <trkpt lat="29.29395488463342189788818359375" lon="117.2570835985243320465087890625">
        <ele>30.3999996185302734375</ele>
        <time>2026-08-26T21:58:43.000Z</time>
        <extensions>
          <ns3:TrackPointExtension>
            <ns3:hr>140</ns3:hr>
            <ns3:cad>91</ns3:cad>
          </ns3:TrackPointExtension>
        </extensions>
      </trkpt>
      <trkpt lat="29.2939457483589649200439453125" lon="117.25705635733902454376220703125">
        <ele>30.200000762939453125</ele>
        <time>2026-08-26T21:58:44.000Z</time>
        <extensions>
          <ns3:TrackPointExtension>
            <ns3:hr>141</ns3:hr>
            <ns3:cad>91</ns3:cad>
          </ns3:TrackPointExtension>
        </extensions>
      </trkpt>
      <trkpt lat="29.29393284022808074951171875" lon="117.25703104399144649505615234375">
        <ele>30.3999996185302734375</ele>
        <time>2026-08-26T21:58:45.000Z</time>
        <extensions>
          <ns3:TrackPointExtension>
            <ns3:hr>141</ns3:hr>
            <ns3:cad>92</ns3:cad>
          </ns3:TrackPointExtension>
        </extensions>
      </trkpt>
      <trkpt lat="29.29392320103943347930908203125" lon="117.25700506009161472320556640625">
        <ele>30.200000762939453125</ele>
        <time>2026-08-26T21:58:46.000Z</time>
        <extensions>
          <ns3:TrackPointExtension>
            <ns3:hr>141</ns3:hr>
            <ns3:cad>92</ns3:cad>
          </ns3:TrackPointExtension>
        </extensions>
      </trkpt>
      <trkpt lat="29.2939098738133907318115234375" lon="117.2569766454398632049560546875">
        <ele>30.3999996185302734375</ele>
        <time>2026-08-26T21:58:47.000Z</time>
        <extensions>
          <ns3:TrackPointExtension>
            <ns3:hr>141</ns3:hr>
            <ns3:cad>92</ns3:cad>
          </ns3:TrackPointExtension>
        </extensions>
      </trkpt>
      <trkpt lat="29.2939001508057117462158203125" lon="117.256951667368412017822265625">
        <ele>30.3999996185302734375</ele>
        <time>2026-08-26T21:58:48.000Z</time>
        <extensions>
          <ns3:TrackPointExtension>
            <ns3:hr>141</ns3:hr>
            <ns3:cad>91</ns3:cad>
          </ns3:TrackPointExtension>
        </extensions>
      </trkpt>
      <trkpt lat="29.29388565011322498321533203125" lon="117.25692308507859706878662109375">
        <ele>30.3999996185302734375</ele>
        <time>2026-08-26T21:58:49.000Z</time>
        <extensions>
          <ns3:TrackPointExtension>
            <ns3:hr>141</ns3:hr>
            <ns3:cad>91</ns3:cad>
          </ns3:TrackPointExtension>
        </extensions>
      </trkpt>
      <trkpt lat="29.2938731610774993896484375" lon="117.25690095685422420501708984375">
        <ele>30.3999996185302734375</ele>
        <time>2026-08-26T21:58:50.000Z</time>
        <extensions>
          <ns3:TrackPointExtension>
            <ns3:hr>141</ns3:hr>
            <ns3:cad>91</ns3:cad>
          </ns3:TrackPointExtension>
        </extensions>
      </trkpt>
      <trkpt lat="29.29386167787015438079833984375" lon="117.25687229074537754058837890625">
        <ele>30.3999996185302734375</ele>
        <time>2026-08-26T21:58:51.000Z</time>
        <extensions>
          <ns3:TrackPointExtension>
            <ns3:hr>141</ns3:hr>
            <ns3:cad>91</ns3:cad>
          </ns3:TrackPointExtension>
        </extensions>
      </trkpt>
      <trkpt lat="29.2938515357673168182373046875" lon="117.25684714503586292266845703125">
        <ele>30.3999996185302734375</ele>
        <time>2026-08-26T21:58:52.000Z</time>
        <extensions>
          <ns3:TrackPointExtension>
            <ns3:hr>141</ns3:hr>
            <ns3:cad>90</ns3:cad>
          </ns3:TrackPointExtension>
        </extensions>
      </trkpt>
      <trkpt lat="29.29383686743676662445068359375" lon="117.25681780837476253509521484375">
        <ele>30.3999996185302734375</ele>
        <time>2026-08-26T21:58:53.000Z</time>
        <extensions>
          <ns3:TrackPointExtension>
            <ns3:hr>141</ns3:hr>
            <ns3:cad>90</ns3:cad>
          </ns3:TrackPointExtension>
        </extensions>
      </trkpt>
      <trkpt lat="29.2938248813152313232421875" lon="117.25679467432200908660888671875">
        <ele>30.3999996185302734375</ele>
        <time>2026-08-26T21:58:54.000Z</time>
        <extensions>
          <ns3:TrackPointExtension>
            <ns3:hr>142</ns3:hr>
            <ns3:cad>90</ns3:cad>
          </ns3:TrackPointExtension>
        </extensions>
      </trkpt>
      <trkpt lat="29.293808452785015106201171875" lon="117.25676332600414752960205078125">
        <ele>30.3999996185302734375</ele>
        <time>2026-08-26T21:58:55.000Z</time>
        <extensions>
          <ns3:TrackPointExtension>
            <ns3:hr>141</ns3:hr>
            <ns3:cad>90</ns3:cad>
          </ns3:TrackPointExtension>
        </extensions>
      </trkpt>
      <trkpt lat="29.293796718120574951171875" lon="117.25673968903720378875732421875">
        <ele>30.3999996185302734375</ele>
        <time>2026-08-26T21:58:56.000Z</time>
        <extensions>
          <ns3:TrackPointExtension>
            <ns3:hr>142</ns3:hr>
            <ns3:cad>90</ns3:cad>
          </ns3:TrackPointExtension>
        </extensions>
      </trkpt>
      <trkpt lat="29.29378389380872249603271484375" lon="117.25670884363353252410888671875">
        <ele>30.200000762939453125</ele>
        <time>2026-08-26T21:58:57.000Z</time>
        <extensions>
          <ns3:TrackPointExtension>
            <ns3:hr>142</ns3:hr>
            <ns3:cad>90</ns3:cad>
          </ns3:TrackPointExtension>
        </extensions>
      </trkpt>
      <trkpt lat="29.29377366788685321807861328125" lon="117.2566883079707622528076171875">
        <ele>30.3999996185302734375</ele>
        <time>2026-08-26T21:58:58.000Z</time>
        <extensions>
          <ns3:TrackPointExtension>
            <ns3:hr>143</ns3:hr>
            <ns3:cad>90</ns3:cad>
          </ns3:TrackPointExtension>
        </extensions>
      </trkpt>
      <trkpt lat="29.29376277141273021697998046875" lon="117.2566549479961395263671875">
        <ele>30.3999996185302734375</ele>
        <time>2026-08-26T21:58:59.000Z</time>
        <extensions>
          <ns3:TrackPointExtension>
            <ns3:hr>144</ns3:hr>
            <ns3:cad>90</ns3:cad>
          </ns3:TrackPointExtension>
        </extensions>
      </trkpt>
      <trkpt lat="29.2937512882053852081298828125" lon="117.25663281977176666259765625">
        <ele>30.3999996185302734375</ele>
        <time>2026-08-26T21:59:00.000Z</time>
        <extensions>
          <ns3:TrackPointExtension>
            <ns3:hr>144</ns3:hr>
            <ns3:cad>90</ns3:cad>
          </ns3:TrackPointExtension>
        </extensions>
      </trkpt>
      <trkpt lat="29.29374131374061107635498046875" lon="117.256599627435207366943359375">
        <ele>30.3999996185302734375</ele>
        <time>2026-08-26T21:59:01.000Z</time>
        <extensions>
          <ns3:TrackPointExtension>
            <ns3:hr>144</ns3:hr>
            <ns3:cad>91</ns3:cad>
          </ns3:TrackPointExtension>
        </extensions>
      </trkpt>
      <trkpt lat="29.293727986514568328857421875" lon="117.2565771639347076416015625">
        <ele>30.6000003814697265625</ele>
        <time>2026-08-26T21:59:02.000Z</time>
        <extensions>
          <ns3:TrackPointExtension>
            <ns3:hr>145</ns3:hr>
            <ns3:cad>91</ns3:cad>
          </ns3:TrackPointExtension>
        </extensions>
      </trkpt>
      <trkpt lat="29.2937154136598110198974609375" lon="117.25654707290232181549072265625">
        <ele>30.6000003814697265625</ele>
        <time>2026-08-26T21:59:03.000Z</time>
        <extensions>
          <ns3:TrackPointExtension>
            <ns3:hr>145</ns3:hr>
            <ns3:cad>91</ns3:cad>
          </ns3:TrackPointExtension>
        </extensions>
      </trkpt>
      <trkpt lat="29.29370041005313396453857421875" lon="117.25652544759213924407958984375">
        <ele>30.6000003814697265625</ele>
        <time>2026-08-26T21:59:04.000Z</time>
        <extensions>
          <ns3:TrackPointExtension>
            <ns3:hr>144</ns3:hr>
            <ns3:cad>91</ns3:cad>
          </ns3:TrackPointExtension>
        </extensions>
      </trkpt>
      <trkpt lat="29.293689765036106109619140625" lon="117.2564888186752796173095703125">
        <ele>30.6000003814697265625</ele>
        <time>2026-08-26T21:59:05.000Z</time>
        <extensions>
          <ns3:TrackPointExtension>
            <ns3:hr>144</ns3:hr>
            <ns3:cad>90</ns3:cad>
          </ns3:TrackPointExtension>
        </extensions>
      </trkpt>
      <trkpt lat="29.293676353991031646728515625" lon="117.25646677426993846893310546875">
        <ele>30.6000003814697265625</ele>
        <time>2026-08-26T21:59:06.000Z</time>
        <extensions>
          <ns3:TrackPointExtension>
            <ns3:hr>145</ns3:hr>
            <ns3:cad>90</ns3:cad>
          </ns3:TrackPointExtension>
        </extensions>
      </trkpt>
      <trkpt lat="29.293664954602718353271484375" lon="117.25643165409564971923828125">
        <ele>30.6000003814697265625</ele>
        <time>2026-08-26T21:59:07.000Z</time>
        <extensions>
          <ns3:TrackPointExtension>
            <ns3:hr>145</ns3:hr>
            <ns3:cad>91</ns3:cad>
          </ns3:TrackPointExtension>
        </extensions>
      </trkpt>
      <trkpt lat="29.293650202453136444091796875" lon="117.25641396827995777130126953125">
        <ele>30.6000003814697265625</ele>
        <time>2026-08-26T21:59:08.000Z</time>
        <extensions>
          <ns3:TrackPointExtension>
            <ns3:hr>144</ns3:hr>
            <ns3:cad>91</ns3:cad>
          </ns3:TrackPointExtension>
        </extensions>
      </trkpt>
      <trkpt lat="29.29363905452191829681396484375" lon="117.25638261996209621429443359375">
        <ele>30.6000003814697265625</ele>
        <time>2026-08-26T21:59:09.000Z</time>
        <extensions>
          <ns3:TrackPointExtension>
            <ns3:hr>144</ns3:hr>
            <ns3:cad>91</ns3:cad>
          </ns3:TrackPointExtension>
        </extensions>
      </trkpt>
      <trkpt lat="29.2936232127249240875244140625" lon="117.256363593041896820068359375">
        <ele>30.6000003814697265625</ele>
        <time>2026-08-26T21:59:10.000Z</time>
        <extensions>
          <ns3:TrackPointExtension>
            <ns3:hr>144</ns3:hr>
            <ns3:cad>91</ns3:cad>
          </ns3:TrackPointExtension>
        </extensions>
      </trkpt>
      <trkpt lat="29.29361139424145221710205078125" lon="117.2563298977911472320556640625">
        <ele>30.6000003814697265625</ele>
        <time>2026-08-26T21:59:11.000Z</time>
        <extensions>
          <ns3:TrackPointExtension>
            <ns3:hr>145</ns3:hr>
            <ns3:cad>91</ns3:cad>
          </ns3:TrackPointExtension>
        </extensions>
      </trkpt>
      <trkpt lat="29.293595217168331146240234375" lon="117.25630986504256725311279296875">
        <ele>30.6000003814697265625</ele>
        <time>2026-08-26T21:59:12.000Z</time>
        <extensions>
          <ns3:TrackPointExtension>
            <ns3:hr>144</ns3:hr>
            <ns3:cad>91</ns3:cad>
          </ns3:TrackPointExtension>
        </extensions>
      </trkpt>
      <trkpt lat="29.29358440451323986053466796875" lon="117.25627566687762737274169921875">
        <ele>30.6000003814697265625</ele>
        <time>2026-08-26T21:59:13.000Z</time>
        <extensions>
          <ns3:TrackPointExtension>
            <ns3:hr>144</ns3:hr>
            <ns3:cad>92</ns3:cad>
          </ns3:TrackPointExtension>
        </extensions>
      </trkpt>
      <trkpt lat="29.2935682274401187896728515625" lon="117.25625504739582538604736328125">
        <ele>30.6000003814697265625</ele>
        <time>2026-08-26T21:59:14.000Z</time>
        <extensions>
          <ns3:TrackPointExtension>
            <ns3:hr>144</ns3:hr>
            <ns3:cad>92</ns3:cad>
          </ns3:TrackPointExtension>
        </extensions>
      </trkpt>
      <trkpt lat="29.2935581691563129425048828125" lon="117.2562239505350589752197265625">
        <ele>30.799999237060546875</ele>
        <time>2026-08-26T21:59:15.000Z</time>
        <extensions>
          <ns3:TrackPointExtension>
            <ns3:hr>144</ns3:hr>
            <ns3:cad>92</ns3:cad>
          </ns3:TrackPointExtension>
        </extensions>
      </trkpt>
      <trkpt lat="29.29354165680706501007080078125" lon="117.25620073266327381134033203125">
        <ele>30.799999237060546875</ele>
        <time>2026-08-26T21:59:16.000Z</time>
        <extensions>
          <ns3:TrackPointExtension>
            <ns3:hr>145</ns3:hr>
            <ns3:cad>92</ns3:cad>
          </ns3:TrackPointExtension>
        </extensions>
      </trkpt>
      <trkpt lat="29.29353361018002033233642578125" lon="117.256167791783809661865234375">
        <ele>30.799999237060546875</ele>
        <time>2026-08-26T21:59:17.000Z</time>
        <extensions>
          <ns3:TrackPointExtension>
            <ns3:hr>144</ns3:hr>
            <ns3:cad>92</ns3:cad>
          </ns3:TrackPointExtension>
        </extensions>
      </trkpt>
      <trkpt lat="29.29351843893527984619140625" lon="117.25614205934107303619384765625">
        <ele>30.799999237060546875</ele>
        <time>2026-08-26T21:59:18.000Z</time>
        <extensions>
          <ns3:TrackPointExtension>
            <ns3:hr>145</ns3:hr>
            <ns3:cad>92</ns3:cad>
          </ns3:TrackPointExtension>
        </extensions>
      </trkpt>
      <trkpt lat="29.29350879974663257598876953125" lon="117.256111800670623779296875">
        <ele>30.799999237060546875</ele>
        <time>2026-08-26T21:59:19.000Z</time>
        <extensions>
          <ns3:TrackPointExtension>
            <ns3:hr>145</ns3:hr>
            <ns3:cad>92</ns3:cad>
          </ns3:TrackPointExtension>
        </extensions>
      </trkpt>
      <trkpt lat="29.2934934608638286590576171875" lon="117.2560864873230457305908203125">
        <ele>30.799999237060546875</ele>
        <time>2026-08-26T21:59:20.000Z</time>
        <extensions>
          <ns3:TrackPointExtension>
            <ns3:hr>145</ns3:hr>
            <ns3:cad>92</ns3:cad>
          </ns3:TrackPointExtension>
        </extensions>
      </trkpt>
      <trkpt lat="29.2934844084084033966064453125" lon="117.256059832870960235595703125">
        <ele>30.799999237060546875</ele>
        <time>2026-08-26T21:59:21.000Z</time>
        <extensions>
          <ns3:TrackPointExtension>
            <ns3:hr>145</ns3:hr>
            <ns3:cad>92</ns3:cad>
          </ns3:TrackPointExtension>
        </extensions>
      </trkpt>
      <trkpt lat="29.2934716679155826568603515625" lon="117.25603292696177959442138671875">
        <ele>31</ele>
        <time>2026-08-26T21:59:22.000Z</time>
        <extensions>
          <ns3:TrackPointExtension>
            <ns3:hr>146</ns3:hr>
            <ns3:cad>92</ns3:cad>
          </ns3:TrackPointExtension>
        </extensions>
      </trkpt>
      <trkpt lat="29.2934606038033962249755859375" lon="117.2560103796422481536865234375">
        <ele>31</ele>
        <time>2026-08-26T21:59:23.000Z</time>
        <extensions>
          <ns3:TrackPointExtension>
            <ns3:hr>146</ns3:hr>
            <ns3:cad>91</ns3:cad>
          </ns3:TrackPointExtension>
        </extensions>
      </trkpt>
      <trkpt lat="29.29344467818737030029296875" lon="117.25598632358014583587646484375">
        <ele>31</ele>
        <time>2026-08-26T21:59:24.000Z</time>
        <extensions>
          <ns3:TrackPointExtension>
            <ns3:hr>146</ns3:hr>
            <ns3:cad>90</ns3:cad>
          </ns3:TrackPointExtension>
        </extensions>
      </trkpt>
      <trkpt lat="29.29343420080840587615966796875" lon="117.25596000440418720245361328125">
        <ele>31</ele>
        <time>2026-08-26T21:59:25.000Z</time>
        <extensions>
          <ns3:TrackPointExtension>
            <ns3:hr>146</ns3:hr>
            <ns3:cad>90</ns3:cad>
          </ns3:TrackPointExtension>
        </extensions>
      </trkpt>
      <trkpt lat="29.29342028684914112091064453125" lon="117.255929075181484222412109375">
        <ele>31</ele>
        <time>2026-08-26T21:59:26.000Z</time>
        <extensions>
          <ns3:TrackPointExtension>
            <ns3:hr>146</ns3:hr>
            <ns3:cad>90</ns3:cad>
          </ns3:TrackPointExtension>
        </extensions>
      </trkpt>
      <trkpt lat="29.29341173730790615081787109375" lon="117.2559044323861598968505859375">
        <ele>30.799999237060546875</ele>
        <time>2026-08-26T21:59:27.000Z</time>
        <extensions>
          <ns3:TrackPointExtension>
            <ns3:hr>146</ns3:hr>
            <ns3:cad>90</ns3:cad>
          </ns3:TrackPointExtension>
        </extensions>
      </trkpt>
      <trkpt lat="29.29339966736733913421630859375" lon="117.2558752633631229400634765625">
        <ele>30.799999237060546875</ele>
        <time>2026-08-26T21:59:28.000Z</time>
        <extensions>
          <ns3:TrackPointExtension>
            <ns3:hr>146</ns3:hr>
            <ns3:cad>90</ns3:cad>
          </ns3:TrackPointExtension>
        </extensions>
      </trkpt>
      <trkpt lat="29.29338826797902584075927734375" lon="117.255850620567798614501953125">
        <ele>30.799999237060546875</ele>
        <time>2026-08-26T21:59:29.000Z</time>
        <extensions>
          <ns3:TrackPointExtension>
            <ns3:hr>146</ns3:hr>
            <ns3:cad>90</ns3:cad>
          </ns3:TrackPointExtension>
        </extensions>
      </trkpt>
      <trkpt lat="29.293372593820095062255859375" lon="117.255818434059619903564453125">
        <ele>30.799999237060546875</ele>
        <time>2026-08-26T21:59:30.000Z</time>
        <extensions>
          <ns3:TrackPointExtension>
            <ns3:hr>146</ns3:hr>
            <ns3:cad>90</ns3:cad>
          </ns3:TrackPointExtension>
        </extensions>
      </trkpt>
      <trkpt lat="29.29335750639438629150390625" lon="117.2557964734733104705810546875">
        <ele>31</ele>
        <time>2026-08-26T21:59:31.000Z</time>
        <extensions>
          <ns3:TrackPointExtension>
            <ns3:hr>146</ns3:hr>
            <ns3:cad>91</ns3:cad>
          </ns3:TrackPointExtension>
        </extensions>
      </trkpt>
      <trkpt lat="29.29334568791091442108154296875" lon="117.2557646222412586212158203125">
        <ele>31</ele>
        <time>2026-08-26T21:59:32.000Z</time>
        <extensions>
          <ns3:TrackPointExtension>
            <ns3:hr>146</ns3:hr>
            <ns3:cad>91</ns3:cad>
          </ns3:TrackPointExtension>
        </extensions>
      </trkpt>
      <trkpt lat="29.29333194158971309661865234375" lon="117.25574257783591747283935546875">
        <ele>31</ele>
        <time>2026-08-26T21:59:33.000Z</time>
        <extensions>
          <ns3:TrackPointExtension>
            <ns3:hr>146</ns3:hr>
            <ns3:cad>91</ns3:cad>
          </ns3:TrackPointExtension>
        </extensions>
      </trkpt>
      <trkpt lat="29.29331953637301921844482421875" lon="117.25570921786129474639892578125">
        <ele>31</ele>
        <time>2026-08-26T21:59:34.000Z</time>
        <extensions>
          <ns3:TrackPointExtension>
            <ns3:hr>145</ns3:hr>
            <ns3:cad>91</ns3:cad>
          </ns3:TrackPointExtension>
        </extensions>
      </trkpt>
      <trkpt lat="29.293306209146976470947265625" lon="117.25568859837949275970458984375">
        <ele>31</ele>
        <time>2026-08-26T21:59:35.000Z</time>
        <extensions>
          <ns3:TrackPointExtension>
            <ns3:hr>145</ns3:hr>
            <ns3:cad>92</ns3:cad>
          </ns3:TrackPointExtension>
        </extensions>
      </trkpt>
      <trkpt lat="29.29329455830156803131103515625" lon="117.25565423257648944854736328125">
        <ele>31</ele>
        <time>2026-08-26T21:59:36.000Z</time>
        <extensions>
          <ns3:TrackPointExtension>
            <ns3:hr>144</ns3:hr>
            <ns3:cad>91</ns3:cad>
          </ns3:TrackPointExtension>
        </extensions>
      </trkpt>
      <trkpt lat="29.29328131489455699920654296875" lon="117.25563696585595607757568359375">
        <ele>31</ele>
        <time>2026-08-26T21:59:37.000Z</time>
        <extensions>
          <ns3:TrackPointExtension>
            <ns3:hr>144</ns3:hr>
            <ns3:cad>91</ns3:cad>
          </ns3:TrackPointExtension>
        </extensions>
      </trkpt>
      <trkpt lat="29.293269328773021697998046875" lon="117.2556043602526187896728515625">
        <ele>31</ele>
        <time>2026-08-26T21:59:38.000Z</time>
        <extensions>
          <ns3:TrackPointExtension>
            <ns3:hr>143</ns3:hr>
            <ns3:cad>91</ns3:cad>
          </ns3:TrackPointExtension>
        </extensions>
      </trkpt>
      <trkpt lat="29.2932560853660106658935546875" lon="117.25558516569435596466064453125">
        <ele>31</ele>
        <time>2026-08-26T21:59:39.000Z</time>
        <extensions>
          <ns3:TrackPointExtension>
            <ns3:hr>143</ns3:hr>
            <ns3:cad>90</ns3:cad>
          </ns3:TrackPointExtension>
        </extensions>
      </trkpt>
      <trkpt lat="29.29324711672961711883544921875" lon="117.25555113516747951507568359375">
        <ele>31</ele>
        <time>2026-08-26T21:59:40.000Z</time>
        <extensions>
          <ns3:TrackPointExtension>
            <ns3:hr>143</ns3:hr>
            <ns3:cad>90</ns3:cad>
          </ns3:TrackPointExtension>
        </extensions>
      </trkpt>
      <trkpt lat="29.29323219694197177886962890625" lon="117.2555311024188995361328125">
        <ele>31</ele>
        <time>2026-08-26T21:59:41.000Z</time>
        <extensions>
          <ns3:TrackPointExtension>
            <ns3:hr>142</ns3:hr>
            <ns3:cad>89</ns3:cad>
          </ns3:TrackPointExtension>
        </extensions>
      </trkpt>
      <trkpt lat="29.29321945644915103912353515625" lon="117.25549933500587940216064453125">
        <ele>31</ele>
        <time>2026-08-26T21:59:42.000Z</time>
        <extensions>
          <ns3:TrackPointExtension>
            <ns3:hr>142</ns3:hr>
            <ns3:cad>89</ns3:cad>
          </ns3:TrackPointExtension>
        </extensions>
      </trkpt>
      <trkpt lat="29.29320118390023708343505859375" lon="117.255481816828250885009765625">
        <ele>31</ele>
        <time>2026-08-26T21:59:43.000Z</time>
        <extensions>
          <ns3:TrackPointExtension>
            <ns3:hr>142</ns3:hr>
            <ns3:cad>89</ns3:cad>
          </ns3:TrackPointExtension>
        </extensions>
      </trkpt>
      <trkpt lat="29.2931870184838771820068359375" lon="117.255447618663311004638671875">
        <ele>31</ele>
        <time>2026-08-26T21:59:44.000Z</time>
        <extensions>
          <ns3:TrackPointExtension>
            <ns3:hr>142</ns3:hr>
            <ns3:cad>89</ns3:cad>
          </ns3:TrackPointExtension>
        </extensions>
      </trkpt>
      <trkpt lat="29.2931695841252803802490234375" lon="117.2554286755621433258056640625">
        <ele>31</ele>
        <time>2026-08-26T21:59:45.000Z</time>
        <extensions>
          <ns3:TrackPointExtension>
            <ns3:hr>142</ns3:hr>
            <ns3:cad>89</ns3:cad>
          </ns3:TrackPointExtension>
        </extensions>
      </trkpt>
      <trkpt lat="29.293160699307918548583984375" lon="117.25539120845496654510498046875">
        <ele>31.200000762939453125</ele>
        <time>2026-08-26T21:59:46.000Z</time>
        <extensions>
          <ns3:TrackPointExtension>
            <ns3:hr>142</ns3:hr>
            <ns3:cad>89</ns3:cad>
          </ns3:TrackPointExtension>
        </extensions>
      </trkpt>
      <trkpt lat="29.29314334876835346221923828125" lon="117.25536941550672054290771484375">
        <ele>31.200000762939453125</ele>
        <time>2026-08-26T21:59:47.000Z</time>
        <extensions>
          <ns3:TrackPointExtension>
            <ns3:hr>142</ns3:hr>
            <ns3:cad>89</ns3:cad>
          </ns3:TrackPointExtension>
        </extensions>
      </trkpt>
      <trkpt lat="29.2931340448558330535888671875" lon="117.25533689372241497039794921875">
        <ele>31</ele>
        <time>2026-08-26T21:59:48.000Z</time>
        <extensions>
          <ns3:TrackPointExtension>
            <ns3:hr>142</ns3:hr>
            <ns3:cad>90</ns3:cad>
          </ns3:TrackPointExtension>
        </extensions>
      </trkpt>
      <trkpt lat="29.29312021471560001373291015625" lon="117.2553163580596446990966796875">
        <ele>31</ele>
        <time>2026-08-26T21:59:49.000Z</time>
        <extensions>
          <ns3:TrackPointExtension>
            <ns3:hr>142</ns3:hr>
            <ns3:cad>91</ns3:cad>
          </ns3:TrackPointExtension>
        </extensions>
      </trkpt>
      <trkpt lat="29.2931115813553333282470703125" lon="117.25528291426599025726318359375">
        <ele>31</ele>
        <time>2026-08-26T21:59:50.000Z</time>
        <extensions>
          <ns3:TrackPointExtension>
            <ns3:hr>142</ns3:hr>
            <ns3:cad>91</ns3:cad>
          </ns3:TrackPointExtension>
        </extensions>
      </trkpt>
      <trkpt lat="29.29309875704348087310791015625" lon="117.25526263006031513214111328125">
        <ele>31</ele>
        <time>2026-08-26T21:59:51.000Z</time>
        <extensions>
          <ns3:TrackPointExtension>
            <ns3:hr>141</ns3:hr>
            <ns3:cad>91</ns3:cad>
          </ns3:TrackPointExtension>
        </extensions>
      </trkpt>
      <trkpt lat="29.2930874414741992950439453125" lon="117.255231700837612152099609375">
        <ele>31</ele>
        <time>2026-08-26T21:59:52.000Z</time>
        <extensions>
          <ns3:TrackPointExtension>
            <ns3:hr>141</ns3:hr>
            <ns3:cad>91</ns3:cad>
          </ns3:TrackPointExtension>
        </extensions>
      </trkpt>
      <trkpt lat="29.2930738627910614013671875" lon="117.25520856678485870361328125">
        <ele>31</ele>
        <time>2026-08-26T21:59:53.000Z</time>
        <extensions>
          <ns3:TrackPointExtension>
            <ns3:hr>141</ns3:hr>
            <ns3:cad>91</ns3:cad>
          </ns3:TrackPointExtension>
        </extensions>
      </trkpt>
      <trkpt lat="29.2930639721453189849853515625" lon="117.255176045000553131103515625">
        <ele>31</ele>
        <time>2026-08-26T21:59:54.000Z</time>
        <extensions>
          <ns3:TrackPointExtension>
            <ns3:hr>141</ns3:hr>
            <ns3:cad>91</ns3:cad>
          </ns3:TrackPointExtension>
        </extensions>
      </trkpt>
      <trkpt lat="29.29304762743413448333740234375" lon="117.25515232421457767486572265625">
        <ele>31.200000762939453125</ele>
        <time>2026-08-26T21:59:55.000Z</time>
        <extensions>
          <ns3:TrackPointExtension>
            <ns3:hr>141</ns3:hr>
            <ns3:cad>91</ns3:cad>
          </ns3:TrackPointExtension>
        </extensions>
      </trkpt>
      <trkpt lat="29.2930344678461551666259765625" lon="117.25512516684830188751220703125">
        <ele>31.200000762939453125</ele>
        <time>2026-08-26T21:59:56.000Z</time>
        <extensions>
          <ns3:TrackPointExtension>
            <ns3:hr>141</ns3:hr>
            <ns3:cad>91</ns3:cad>
          </ns3:TrackPointExtension>
        </extensions>
      </trkpt>
      <trkpt lat="29.293017201125621795654296875" lon="117.25510052405297756195068359375">
        <ele>31.200000762939453125</ele>
        <time>2026-08-26T21:59:57.000Z</time>
        <extensions>
          <ns3:TrackPointExtension>
            <ns3:hr>141</ns3:hr>
            <ns3:cad>91</ns3:cad>
          </ns3:TrackPointExtension>
        </extensions>
      </trkpt>
      <trkpt lat="29.2930079810321331024169921875" lon="117.2550726123154163360595703125">
        <ele>31.200000762939453125</ele>
        <time>2026-08-26T21:59:58.000Z</time>
        <extensions>
          <ns3:TrackPointExtension>
            <ns3:hr>141</ns3:hr>
            <ns3:cad>91</ns3:cad>
          </ns3:TrackPointExtension>
        </extensions>
      </trkpt>
      <trkpt lat="29.29299465380609035491943359375" lon="117.2550484724342823028564453125">
        <ele>31.200000762939453125</ele>
        <time>2026-08-26T21:59:59.000Z</time>
        <extensions>
          <ns3:TrackPointExtension>
            <ns3:hr>141</ns3:hr>
            <ns3:cad>92</ns3:cad>
          </ns3:TrackPointExtension>
        </extensions>
      </trkpt>
      <trkpt lat="29.2929845117032527923583984375" lon="117.255021147429943084716796875">
        <ele>31.200000762939453125</ele>
        <time>2026-08-26T22:00:00.000Z</time>
        <extensions>
          <ns3:TrackPointExtension>
            <ns3:hr>141</ns3:hr>
            <ns3:cad>91</ns3:cad>
          </ns3:TrackPointExtension>
        </extensions>
      </trkpt>
      <trkpt lat="29.2929697595536708831787109375" lon="117.2549904696643352508544921875">
        <ele>31.200000762939453125</ele>
        <time>2026-08-26T22:00:01.000Z</time>
        <extensions>
          <ns3:TrackPointExtension>
            <ns3:hr>140</ns3:hr>
            <ns3:cad>91</ns3:cad>
          </ns3:TrackPointExtension>
        </extensions>
      </trkpt>
      <trkpt lat="29.29295777343213558197021484375" lon="117.254962138831615447998046875">
        <ele>31.200000762939453125</ele>
        <time>2026-08-26T22:00:02.000Z</time>
        <extensions>
          <ns3:TrackPointExtension>
            <ns3:hr>139</ns3:hr>
            <ns3:cad>91</ns3:cad>
          </ns3:TrackPointExtension>
        </extensions>
      </trkpt>
      <trkpt lat="29.2929451167583465576171875" lon="117.2549287788569927215576171875">
        <ele>31.200000762939453125</ele>
        <time>2026-08-26T22:00:03.000Z</time>
        <extensions>
          <ns3:TrackPointExtension>
            <ns3:hr>139</ns3:hr>
            <ns3:cad>91</ns3:cad>
          </ns3:TrackPointExtension>
        </extensions>
      </trkpt>
      <trkpt lat="29.29293648339807987213134765625" lon="117.2549032978713512420654296875">
        <ele>31.200000762939453125</ele>
        <time>2026-08-26T22:00:04.000Z</time>
        <extensions>
          <ns3:TrackPointExtension>
            <ns3:hr>138</ns3:hr>
            <ns3:cad>92</ns3:cad>
          </ns3:TrackPointExtension>
        </extensions>
      </trkpt>
      <trkpt lat="29.2929231561720371246337890625" lon="117.25487102754414081573486328125">
        <ele>31.200000762939453125</ele>
        <time>2026-08-26T22:00:05.000Z</time>
        <extensions>
          <ns3:TrackPointExtension>
            <ns3:hr>138</ns3:hr>
            <ns3:cad>92</ns3:cad>
          </ns3:TrackPointExtension>
        </extensions>
      </trkpt>
      <trkpt lat="29.29291318170726299285888671875" lon="117.254848144948482513427734375">
        <ele>31.200000762939453125</ele>
        <time>2026-08-26T22:00:06.000Z</time>
        <extensions>
          <ns3:TrackPointExtension>
            <ns3:hr>138</ns3:hr>
            <ns3:cad>92</ns3:cad>
          </ns3:TrackPointExtension>
        </extensions>
      </trkpt>
      <trkpt lat="29.29290262050926685333251953125" lon="117.25481336005032062530517578125">
        <ele>31.200000762939453125</ele>
        <time>2026-08-26T22:00:07.000Z</time>
        <extensions>
          <ns3:TrackPointExtension>
            <ns3:hr>138</ns3:hr>
            <ns3:cad>92</ns3:cad>
          </ns3:TrackPointExtension>
        </extensions>
      </trkpt>
      <trkpt lat="29.29289080202579498291015625" lon="117.2547916509211063385009765625">
        <ele>31.200000762939453125</ele>
        <time>2026-08-26T22:00:08.000Z</time>
        <extensions>
          <ns3:TrackPointExtension>
            <ns3:hr>138</ns3:hr>
            <ns3:cad>92</ns3:cad>
          </ns3:TrackPointExtension>
        </extensions>
      </trkpt>
      <trkpt lat="29.29287931881844997406005859375" lon="117.25475854240357875823974609375">
        <ele>31.200000762939453125</ele>
        <time>2026-08-26T22:00:09.000Z</time>
        <extensions>
          <ns3:TrackPointExtension>
            <ns3:hr>138</ns3:hr>
            <ns3:cad>92</ns3:cad>
          </ns3:TrackPointExtension>
        </extensions>
      </trkpt>
      <trkpt lat="29.2928668297827243804931640625" lon="117.254741191864013671875">
        <ele>31.200000762939453125</ele>
        <time>2026-08-26T22:00:10.000Z</time>
        <extensions>
          <ns3:TrackPointExtension>
            <ns3:hr>138</ns3:hr>
            <ns3:cad>92</ns3:cad>
          </ns3:TrackPointExtension>
        </extensions>
      </trkpt>
      <trkpt lat="29.2928566038608551025390625" lon="117.25470657460391521453857421875">
        <ele>31.200000762939453125</ele>
        <time>2026-08-26T22:00:11.000Z</time>
        <extensions>
          <ns3:TrackPointExtension>
            <ns3:hr>138</ns3:hr>
            <ns3:cad>91</ns3:cad>
          </ns3:TrackPointExtension>
        </extensions>
      </trkpt>
      <trkpt lat="29.2928423546254634857177734375" lon="117.25468595512211322784423828125">
        <ele>31.3999996185302734375</ele>
        <time>2026-08-26T22:00:12.000Z</time>
        <extensions>
          <ns3:TrackPointExtension>
            <ns3:hr>138</ns3:hr>
            <ns3:cad>91</ns3:cad>
          </ns3:TrackPointExtension>
        </extensions>
      </trkpt>
      <trkpt lat="29.29282911121845245361328125" lon="117.2546528466045856475830078125">
        <ele>31.200000762939453125</ele>
        <time>2026-08-26T22:00:13.000Z</time>
        <extensions>
          <ns3:TrackPointExtension>
            <ns3:hr>138</ns3:hr>
            <ns3:cad>91</ns3:cad>
          </ns3:TrackPointExtension>
        </extensions>
      </trkpt>
      <trkpt lat="29.29281310178339481353759765625" lon="117.25463398732244968414306640625">
        <ele>31.200000762939453125</ele>
        <time>2026-08-26T22:00:14.000Z</time>
        <extensions>
          <ns3:TrackPointExtension>
            <ns3:hr>138</ns3:hr>
            <ns3:cad>91</ns3:cad>
          </ns3:TrackPointExtension>
        </extensions>
      </trkpt>
      <trkpt lat="29.292801953852176666259765625" lon="117.25460247136652469635009765625">
        <ele>31.200000762939453125</ele>
        <time>2026-08-26T22:00:15.000Z</time>
        <extensions>
          <ns3:TrackPointExtension>
            <ns3:hr>139</ns3:hr>
            <ns3:cad>91</ns3:cad>
          </ns3:TrackPointExtension>
        </extensions>
      </trkpt>
      <trkpt lat="29.29278896190226078033447265625" lon="117.25458000786602497100830078125">
        <ele>31.3999996185302734375</ele>
        <time>2026-08-26T22:00:16.000Z</time>
        <extensions>
          <ns3:TrackPointExtension>
            <ns3:hr>139</ns3:hr>
            <ns3:cad>90</ns3:cad>
          </ns3:TrackPointExtension>
        </extensions>
      </trkpt>
      <trkpt lat="29.2927769757807254791259765625" lon="117.25454648025333881378173828125">
        <ele>31.3999996185302734375</ele>
        <time>2026-08-26T22:00:17.000Z</time>
        <extensions>
          <ns3:TrackPointExtension>
            <ns3:hr>140</ns3:hr>
            <ns3:cad>90</ns3:cad>
          </ns3:TrackPointExtension>
        </extensions>
      </trkpt>
      <trkpt lat="29.29276633076369762420654296875" lon="117.25452602840960025787353515625">
        <ele>31.3999996185302734375</ele>
        <time>2026-08-26T22:00:18.000Z</time>
        <extensions>
          <ns3:TrackPointExtension>
            <ns3:hr>140</ns3:hr>
            <ns3:cad>90</ns3:cad>
          </ns3:TrackPointExtension>
        </extensions>
      </trkpt>
      <trkpt lat="29.29275191389024257659912109375" lon="117.2544949315488338470458984375">
        <ele>31.3999996185302734375</ele>
        <time>2026-08-26T22:00:19.000Z</time>
        <extensions>
          <ns3:TrackPointExtension>
            <ns3:hr>141</ns3:hr>
            <ns3:cad>90</ns3:cad>
          </ns3:TrackPointExtension>
        </extensions>
      </trkpt>
      <trkpt lat="29.29273397661745548248291015625" lon="117.2544731386005878448486328125">
        <ele>31.3999996185302734375</ele>
        <time>2026-08-26T22:00:20.000Z</time>
        <extensions>
          <ns3:TrackPointExtension>
            <ns3:hr>141</ns3:hr>
            <ns3:cad>91</ns3:cad>
          </ns3:TrackPointExtension>
        </extensions>
      </trkpt>
      <trkpt lat="29.29272291250526905059814453125" lon="117.2544402815401554107666015625">
        <ele>31.3999996185302734375</ele>
        <time>2026-08-26T22:00:21.000Z</time>
        <extensions>
          <ns3:TrackPointExtension>
            <ns3:hr>141</ns3:hr>
            <ns3:cad>92</ns3:cad>
          </ns3:TrackPointExtension>
        </extensions>
      </trkpt>
      <trkpt lat="29.29270707070827484130859375" lon="117.25442125461995601654052734375">
        <ele>31.3999996185302734375</ele>
        <time>2026-08-26T22:00:22.000Z</time>
        <extensions>
          <ns3:TrackPointExtension>
            <ns3:hr>141</ns3:hr>
            <ns3:cad>92</ns3:cad>
          </ns3:TrackPointExtension>
        </extensions>
      </trkpt>
      <trkpt lat="29.2927001975476741790771484375" lon="117.25438789464533329010009765625">
        <ele>31.3999996185302734375</ele>
        <time>2026-08-26T22:00:23.000Z</time>
        <extensions>
          <ns3:TrackPointExtension>
            <ns3:hr>140</ns3:hr>
            <ns3:cad>92</ns3:cad>
          </ns3:TrackPointExtension>
        </extensions>
      </trkpt>
      <trkpt lat="29.29268485866487026214599609375" lon="117.25435989908874034881591796875">
        <ele>31.3999996185302734375</ele>
        <time>2026-08-26T22:00:24.000Z</time>
        <extensions>
          <ns3:TrackPointExtension>
            <ns3:hr>141</ns3:hr>
            <ns3:cad>90</ns3:cad>
          </ns3:TrackPointExtension>
        </extensions>
      </trkpt>
      <trkpt lat="29.2926727049052715301513671875" lon="117.25433123297989368438720703125">
        <ele>31.3999996185302734375</ele>
        <time>2026-08-26T22:00:25.000Z</time>
        <extensions>
          <ns3:TrackPointExtension>
            <ns3:hr>141</ns3:hr>
            <ns3:cad>90</ns3:cad>
          </ns3:TrackPointExtension>
        </extensions>
      </trkpt>
      <trkpt lat="29.2926542647182941436767578125" lon="117.254307009279727935791015625">
        <ele>31.3999996185302734375</ele>
        <time>2026-08-26T22:00:26.000Z</time>
        <extensions>
          <ns3:TrackPointExtension>
            <ns3:hr>141</ns3:hr>
            <ns3:cad>90</ns3:cad>
          </ns3:TrackPointExtension>
        </extensions>
      </trkpt>
      <trkpt lat="29.292643368244171142578125" lon="117.2542798519134521484375">
        <ele>31.3999996185302734375</ele>
        <time>2026-08-26T22:00:27.000Z</time>
        <extensions>
          <ns3:TrackPointExtension>
            <ns3:hr>141</ns3:hr>
            <ns3:cad>90</ns3:cad>
          </ns3:TrackPointExtension>
        </extensions>
      </trkpt>
      <trkpt lat="29.29262802936136722564697265625" lon="117.25425294600427150726318359375">
        <ele>31.3999996185302734375</ele>
        <time>2026-08-26T22:00:28.000Z</time>
        <extensions>
          <ns3:TrackPointExtension>
            <ns3:hr>141</ns3:hr>
            <ns3:cad>91</ns3:cad>
          </ns3:TrackPointExtension>
        </extensions>
      </trkpt>
      <trkpt lat="29.2926160432398319244384765625" lon="117.25422427989542484283447265625">
        <ele>31.200000762939453125</ele>
        <time>2026-08-26T22:00:29.000Z</time>
        <extensions>
          <ns3:TrackPointExtension>
            <ns3:hr>141</ns3:hr>
            <ns3:cad>91</ns3:cad>
          </ns3:TrackPointExtension>
        </extensions>
      </trkpt>
      <trkpt lat="29.2926026321947574615478515625" lon="117.254197038710117340087890625">
        <ele>31.200000762939453125</ele>
        <time>2026-08-26T22:00:30.000Z</time>
        <extensions>
          <ns3:TrackPointExtension>
            <ns3:hr>141</ns3:hr>
            <ns3:cad>91</ns3:cad>
          </ns3:TrackPointExtension>
        </extensions>
      </trkpt>
      <trkpt lat="29.2925937473773956298828125" lon="117.25417398847639560699462890625">
        <ele>31.3999996185302734375</ele>
        <time>2026-08-26T22:00:31.000Z</time>
        <extensions>
          <ns3:TrackPointExtension>
            <ns3:hr>141</ns3:hr>
            <ns3:cad>91</ns3:cad>
          </ns3:TrackPointExtension>
        </extensions>
      </trkpt>
      <trkpt lat="29.29258092306554317474365234375" lon="117.25414238870143890380859375">
        <ele>31.3999996185302734375</ele>
        <time>2026-08-26T22:00:32.000Z</time>
        <extensions>
          <ns3:TrackPointExtension>
            <ns3:hr>141</ns3:hr>
            <ns3:cad>92</ns3:cad>
          </ns3:TrackPointExtension>
        </extensions>
      </trkpt>
      <trkpt lat="29.29257120005786418914794921875" lon="117.2541190870106220245361328125">
        <ele>31.3999996185302734375</ele>
        <time>2026-08-26T22:00:33.000Z</time>
        <extensions>
          <ns3:TrackPointExtension>
            <ns3:hr>142</ns3:hr>
            <ns3:cad>92</ns3:cad>
          </ns3:TrackPointExtension>
        </extensions>
      </trkpt>
      <trkpt lat="29.2925613932311534881591796875" lon="117.254086397588253021240234375">
        <ele>31.3999996185302734375</ele>
        <time>2026-08-26T22:00:34.000Z</time>
        <extensions>
          <ns3:TrackPointExtension>
            <ns3:hr>142</ns3:hr>
            <ns3:cad>92</ns3:cad>
          </ns3:TrackPointExtension>
        </extensions>
      </trkpt>
      <trkpt lat="29.2925506643950939178466796875" lon="117.254062257707118988037109375">
        <ele>31.3999996185302734375</ele>
        <time>2026-08-26T22:00:35.000Z</time>
        <extensions>
          <ns3:TrackPointExtension>
            <ns3:hr>142</ns3:hr>
            <ns3:cad>92</ns3:cad>
          </ns3:TrackPointExtension>
        </extensions>
      </trkpt>
      <trkpt lat="29.29253700189292430877685546875" lon="117.25402696989476680755615234375">
        <ele>31.3999996185302734375</ele>
        <time>2026-08-26T22:00:36.000Z</time>
        <extensions>
          <ns3:TrackPointExtension>
            <ns3:hr>142</ns3:hr>
            <ns3:cad>92</ns3:cad>
          </ns3:TrackPointExtension>
        </extensions>
      </trkpt>
      <trkpt lat="29.29252476431429386138916015625" lon="117.25400693714618682861328125">
        <ele>31.3999996185302734375</ele>
        <time>2026-08-26T22:00:37.000Z</time>
        <extensions>
          <ns3:TrackPointExtension>
            <ns3:hr>142</ns3:hr>
            <ns3:cad>92</ns3:cad>
          </ns3:TrackPointExtension>
        </extensions>
      </trkpt>
      <trkpt lat="29.292512945830821990966796875" lon="117.25397466681897640228271484375">
        <ele>31.3999996185302734375</ele>
        <time>2026-08-26T22:00:38.000Z</time>
        <extensions>
          <ns3:TrackPointExtension>
            <ns3:hr>142</ns3:hr>
            <ns3:cad>92</ns3:cad>
          </ns3:TrackPointExtension>
        </extensions>
      </trkpt>
      <trkpt lat="29.29249928332865238189697265625" lon="117.2539527900516986846923828125">
        <ele>31.3999996185302734375</ele>
        <time>2026-08-26T22:00:39.000Z</time>
        <extensions>
          <ns3:TrackPointExtension>
            <ns3:hr>142</ns3:hr>
            <ns3:cad>92</ns3:cad>
          </ns3:TrackPointExtension>
        </extensions>
      </trkpt>
      <trkpt lat="29.292487800121307373046875" lon="117.25391582585871219635009765625">
        <ele>31.3999996185302734375</ele>
        <time>2026-08-26T22:00:40.000Z</time>
        <extensions>
          <ns3:TrackPointExtension>
            <ns3:hr>142</ns3:hr>
            <ns3:cad>92</ns3:cad>
          </ns3:TrackPointExtension>
        </extensions>
      </trkpt>
      <trkpt lat="29.292471706867218017578125" lon="117.25389721803367137908935546875">
        <ele>31.200000762939453125</ele>
        <time>2026-08-26T22:00:41.000Z</time>
        <extensions>
          <ns3:TrackPointExtension>
            <ns3:hr>143</ns3:hr>
            <ns3:cad>92</ns3:cad>
          </ns3:TrackPointExtension>
        </extensions>
      </trkpt>
      <trkpt lat="29.292460978031158447265625" lon="117.25386151112616062164306640625">
        <ele>31.200000762939453125</ele>
        <time>2026-08-26T22:00:42.000Z</time>
        <extensions>
          <ns3:TrackPointExtension>
            <ns3:hr>144</ns3:hr>
            <ns3:cad>92</ns3:cad>
          </ns3:TrackPointExtension>
        </extensions>
      </trkpt>
      <trkpt lat="29.29244379512965679168701171875" lon="117.25383938290178775787353515625">
        <ele>31.200000762939453125</ele>
        <time>2026-08-26T22:00:43.000Z</time>
        <extensions>
          <ns3:TrackPointExtension>
            <ns3:hr>144</ns3:hr>
            <ns3:cad>92</ns3:cad>
          </ns3:TrackPointExtension>
        </extensions>
      </trkpt>
      <trkpt lat="29.29243147373199462890625" lon="117.2538062743842601776123046875">
        <ele>31.200000762939453125</ele>
        <time>2026-08-26T22:00:44.000Z</time>
        <extensions>
          <ns3:TrackPointExtension>
            <ns3:hr>145</ns3:hr>
            <ns3:cad>92</ns3:cad>
          </ns3:TrackPointExtension>
        </extensions>
      </trkpt>
      <trkpt lat="29.292415045201778411865234375" lon="117.2537864930927753448486328125">
        <ele>31.200000762939453125</ele>
        <time>2026-08-26T22:00:45.000Z</time>
        <extensions>
          <ns3:TrackPointExtension>
            <ns3:hr>145</ns3:hr>
            <ns3:cad>92</ns3:cad>
          </ns3:TrackPointExtension>
        </extensions>
      </trkpt>
      <trkpt lat="29.29240205325186252593994140625" lon="117.2537527978420257568359375">
        <ele>31.200000762939453125</ele>
        <time>2026-08-26T22:00:46.000Z</time>
        <extensions>
          <ns3:TrackPointExtension>
            <ns3:hr>145</ns3:hr>
            <ns3:cad>92</ns3:cad>
          </ns3:TrackPointExtension>
        </extensions>
      </trkpt>
      <trkpt lat="29.29238763637840747833251953125" lon="117.253734357655048370361328125">
        <ele>31.200000762939453125</ele>
        <time>2026-08-26T22:00:47.000Z</time>
        <extensions>
          <ns3:TrackPointExtension>
            <ns3:hr>146</ns3:hr>
            <ns3:cad>92</ns3:cad>
          </ns3:TrackPointExtension>
        </extensions>
      </trkpt>
      <trkpt lat="29.2923783324658870697021484375" lon="117.2537026740610599517822265625">
        <ele>31.200000762939453125</ele>
        <time>2026-08-26T22:00:48.000Z</time>
        <extensions>
          <ns3:TrackPointExtension>
            <ns3:hr>146</ns3:hr>
            <ns3:cad>90</ns3:cad>
          </ns3:TrackPointExtension>
        </extensions>
      </trkpt>
      <trkpt lat="29.29236374795436859130859375" lon="117.2536825574934482574462890625">
        <ele>31</ele>
        <time>2026-08-26T22:00:49.000Z</time>
        <extensions>
          <ns3:TrackPointExtension>
            <ns3:hr>145</ns3:hr>
            <ns3:cad>90</ns3:cad>
          </ns3:TrackPointExtension>
        </extensions>
      </trkpt>
      <trkpt lat="29.292354695498943328857421875" lon="117.2536490298807621002197265625">
        <ele>31</ele>
        <time>2026-08-26T22:00:50.000Z</time>
        <extensions>
          <ns3:TrackPointExtension>
            <ns3:hr>145</ns3:hr>
            <ns3:cad>90</ns3:cad>
          </ns3:TrackPointExtension>
        </extensions>
      </trkpt>
      <trkpt lat="29.2923364229500293731689453125" lon="117.2536265663802623748779296875">
        <ele>31</ele>
        <time>2026-08-26T22:00:51.000Z</time>
        <extensions>
          <ns3:TrackPointExtension>
            <ns3:hr>145</ns3:hr>
            <ns3:cad>90</ns3:cad>
          </ns3:TrackPointExtension>
        </extensions>
      </trkpt>
      <trkpt lat="29.29232745431363582611083984375" lon="117.2535940445959568023681640625">
        <ele>31</ele>
        <time>2026-08-26T22:00:52.000Z</time>
        <extensions>
          <ns3:TrackPointExtension>
            <ns3:hr>146</ns3:hr>
            <ns3:cad>91</ns3:cad>
          </ns3:TrackPointExtension>
        </extensions>
      </trkpt>
      <trkpt lat="29.29231253452599048614501953125" lon="117.25356705486774444580078125">
        <ele>31</ele>
        <time>2026-08-26T22:00:53.000Z</time>
        <extensions>
          <ns3:TrackPointExtension>
            <ns3:hr>145</ns3:hr>
            <ns3:cad>92</ns3:cad>
          </ns3:TrackPointExtension>
        </extensions>
      </trkpt>
      <trkpt lat="29.29230096749961376190185546875" lon="117.25353931076824665069580078125">
        <ele>31</ele>
        <time>2026-08-26T22:00:54.000Z</time>
        <extensions>
          <ns3:TrackPointExtension>
            <ns3:hr>145</ns3:hr>
            <ns3:cad>92</ns3:cad>
          </ns3:TrackPointExtension>
        </extensions>
      </trkpt>
      <trkpt lat="29.29228671826422214508056640625" lon="117.25351097993552684783935546875">
        <ele>31</ele>
        <time>2026-08-26T22:00:55.000Z</time>
        <extensions>
          <ns3:TrackPointExtension>
            <ns3:hr>145</ns3:hr>
            <ns3:cad>92</ns3:cad>
          </ns3:TrackPointExtension>
        </extensions>
      </trkpt>
      <trkpt lat="29.29227699525654315948486328125" lon="117.2534834034740924835205078125">
        <ele>31</ele>
        <time>2026-08-26T22:00:56.000Z</time>
        <extensions>
          <ns3:TrackPointExtension>
            <ns3:hr>145</ns3:hr>
            <ns3:cad>92</ns3:cad>
          </ns3:TrackPointExtension>
        </extensions>
      </trkpt>
      <trkpt lat="29.29226609878242015838623046875" lon="117.25345146842300891876220703125">
        <ele>31</ele>
        <time>2026-08-26T22:00:57.000Z</time>
        <extensions>
          <ns3:TrackPointExtension>
            <ns3:hr>144</ns3:hr>
            <ns3:cad>93</ns3:cad>
          </ns3:TrackPointExtension>
        </extensions>
      </trkpt>
      <trkpt lat="29.29225570522248744964599609375" lon="117.253426574170589447021484375">
        <ele>31</ele>
        <time>2026-08-26T22:00:58.000Z</time>
        <extensions>
          <ns3:TrackPointExtension>
            <ns3:hr>144</ns3:hr>
            <ns3:cad>93</ns3:cad>
          </ns3:TrackPointExtension>
        </extensions>
      </trkpt>
      <trkpt lat="29.29224179126322269439697265625" lon="117.25339363329112529754638671875">
        <ele>31</ele>
        <time>2026-08-26T22:00:59.000Z</time>
        <extensions>
          <ns3:TrackPointExtension>
            <ns3:hr>144</ns3:hr>
            <ns3:cad>93</ns3:cad>
          </ns3:TrackPointExtension>
        </extensions>
      </trkpt>
      <trkpt lat="29.292231984436511993408203125" lon="117.2533680684864521026611328125">
        <ele>31</ele>
        <time>2026-08-26T22:01:00.000Z</time>
        <extensions>
          <ns3:TrackPointExtension>
            <ns3:hr>144</ns3:hr>
            <ns3:cad>92</ns3:cad>
          </ns3:TrackPointExtension>
        </extensions>
      </trkpt>
      <trkpt lat="29.292221255600452423095703125" lon="117.253336049616336822509765625">
        <ele>30.799999237060546875</ele>
        <time>2026-08-26T22:01:01.000Z</time>
        <extensions>
          <ns3:TrackPointExtension>
            <ns3:hr>144</ns3:hr>
            <ns3:cad>92</ns3:cad>
          </ns3:TrackPointExtension>
        </extensions>
      </trkpt>
      <trkpt lat="29.29221128113567829132080078125" lon="117.25331132300198078155517578125">
        <ele>31</ele>
        <time>2026-08-26T22:01:02.000Z</time>
        <extensions>
          <ns3:TrackPointExtension>
            <ns3:hr>143</ns3:hr>
            <ns3:cad>92</ns3:cad>
          </ns3:TrackPointExtension>
        </extensions>
      </trkpt>
      <trkpt lat="29.2922048270702362060546875" lon="117.253284417092800140380859375">
        <ele>30.799999237060546875</ele>
        <time>2026-08-26T22:01:03.000Z</time>
        <extensions>
          <ns3:TrackPointExtension>
            <ns3:hr>142</ns3:hr>
            <ns3:cad>91</ns3:cad>
          </ns3:TrackPointExtension>
        </extensions>
      </trkpt>
      <trkpt lat="29.29219267331063747406005859375" lon="117.25325901992619037628173828125">
        <ele>31</ele>
        <time>2026-08-26T22:01:04.000Z</time>
        <extensions>
          <ns3:TrackPointExtension>
            <ns3:hr>141</ns3:hr>
            <ns3:cad>91</ns3:cad>
          </ns3:TrackPointExtension>
        </extensions>
      </trkpt>
      <trkpt lat="29.29218211211264133453369140625" lon="117.25322633050382137298583984375">
        <ele>31</ele>
        <time>2026-08-26T22:01:05.000Z</time>
        <extensions>
          <ns3:TrackPointExtension>
            <ns3:hr>140</ns3:hr>
            <ns3:cad>91</ns3:cad>
          </ns3:TrackPointExtension>
        </extensions>
      </trkpt>
      <trkpt lat="29.29217155091464519500732421875" lon="117.25320420227944850921630859375">
        <ele>31</ele>
        <time>2026-08-26T22:01:06.000Z</time>
        <extensions>
          <ns3:TrackPointExtension>
            <ns3:hr>139</ns3:hr>
            <ns3:cad>91</ns3:cad>
          </ns3:TrackPointExtension>
        </extensions>
      </trkpt>
      <trkpt lat="29.29216316901147365570068359375" lon="117.253168411552906036376953125">
        <ele>31</ele>
        <time>2026-08-26T22:01:07.000Z</time>
        <extensions>
          <ns3:TrackPointExtension>
            <ns3:hr>139</ns3:hr>
            <ns3:cad>91</ns3:cad>
          </ns3:TrackPointExtension>
        </extensions>
      </trkpt>
      <trkpt lat="29.29214992560446262359619140625" lon="117.25315072573721408843994140625">
        <ele>31</ele>
        <time>2026-08-26T22:01:08.000Z</time>
        <extensions>
          <ns3:TrackPointExtension>
            <ns3:hr>139</ns3:hr>
            <ns3:cad>91</ns3:cad>
          </ns3:TrackPointExtension>
        </extensions>
      </trkpt>
      <trkpt lat="29.29213953204452991485595703125" lon="117.253114767372608184814453125">
        <ele>31</ele>
        <time>2026-08-26T22:01:09.000Z</time>
        <extensions>
          <ns3:TrackPointExtension>
            <ns3:hr>139</ns3:hr>
            <ns3:cad>91</ns3:cad>
          </ns3:TrackPointExtension>
        </extensions>
      </trkpt>
      <trkpt lat="29.29212444461882114410400390625" lon="117.253095321357250213623046875">
        <ele>31</ele>
        <time>2026-08-26T22:01:10.000Z</time>
        <extensions>
          <ns3:TrackPointExtension>
            <ns3:hr>139</ns3:hr>
            <ns3:cad>91</ns3:cad>
          </ns3:TrackPointExtension>
        </extensions>
      </trkpt>
      <trkpt lat="29.29211354814469814300537109375" lon="117.25305919535458087921142578125">
        <ele>31</ele>
        <time>2026-08-26T22:01:11.000Z</time>
        <extensions>
          <ns3:TrackPointExtension>
            <ns3:hr>138</ns3:hr>
            <ns3:cad>92</ns3:cad>
          </ns3:TrackPointExtension>
        </extensions>
      </trkpt>
      <trkpt lat="29.2920977063477039337158203125" lon="117.253036983311176300048828125">
        <ele>31</ele>
        <time>2026-08-26T22:01:12.000Z</time>
        <extensions>
          <ns3:TrackPointExtension>
            <ns3:hr>138</ns3:hr>
            <ns3:cad>92</ns3:cad>
          </ns3:TrackPointExtension>
        </extensions>
      </trkpt>
      <trkpt lat="29.29208655841648578643798828125" lon="117.25299968384206295013427734375">
        <ele>31</ele>
        <time>2026-08-26T22:01:13.000Z</time>
        <extensions>
          <ns3:TrackPointExtension>
            <ns3:hr>139</ns3:hr>
            <ns3:cad>92</ns3:cad>
          </ns3:TrackPointExtension>
        </extensions>
      </trkpt>
      <trkpt lat="29.29207281209528446197509765625" lon="117.25297571159899234771728515625">
        <ele>30.799999237060546875</ele>
        <time>2026-08-26T22:01:14.000Z</time>
        <extensions>
          <ns3:TrackPointExtension>
            <ns3:hr>139</ns3:hr>
            <ns3:cad>92</ns3:cad>
          </ns3:TrackPointExtension>
        </extensions>
      </trkpt>
      <trkpt lat="29.2920651845633983612060546875" lon="117.2529415972530841827392578125">
        <ele>30.799999237060546875</ele>
        <time>2026-08-26T22:01:15.000Z</time>
        <extensions>
          <ns3:TrackPointExtension>
            <ns3:hr>139</ns3:hr>
            <ns3:cad>92</ns3:cad>
          </ns3:TrackPointExtension>
        </extensions>
      </trkpt>
      <trkpt lat="29.29205269552767276763916015625" lon="117.25291586481034755706787109375">
        <ele>30.799999237060546875</ele>
        <time>2026-08-26T22:01:16.000Z</time>
        <extensions>
          <ns3:TrackPointExtension>
            <ns3:hr>139</ns3:hr>
            <ns3:cad>91</ns3:cad>
          </ns3:TrackPointExtension>
        </extensions>
      </trkpt>
      <trkpt lat="29.29204615764319896697998046875" lon="117.25288367830216884613037109375">
        <ele>30.799999237060546875</ele>
        <time>2026-08-26T22:01:17.000Z</time>
        <extensions>
          <ns3:TrackPointExtension>
            <ns3:hr>139</ns3:hr>
            <ns3:cad>92</ns3:cad>
          </ns3:TrackPointExtension>
        </extensions>
      </trkpt>
      <trkpt lat="29.2920329980552196502685546875" lon="117.25285367108881473541259765625">
        <ele>30.799999237060546875</ele>
        <time>2026-08-26T22:01:18.000Z</time>
        <extensions>
          <ns3:TrackPointExtension>
            <ns3:hr>140</ns3:hr>
            <ns3:cad>92</ns3:cad>
          </ns3:TrackPointExtension>
        </extensions>
      </trkpt>
      <trkpt lat="29.29202302359044551849365234375" lon="117.25282609462738037109375">
        <ele>30.799999237060546875</ele>
        <time>2026-08-26T22:01:19.000Z</time>
        <extensions>
          <ns3:TrackPointExtension>
            <ns3:hr>140</ns3:hr>
            <ns3:cad>93</ns3:cad>
          </ns3:TrackPointExtension>
        </extensions>
      </trkpt>
      <trkpt lat="29.29200910963118076324462890625" lon="117.25279013626277446746826171875">
        <ele>30.6000003814697265625</ele>
        <time>2026-08-26T22:01:20.000Z</time>
        <extensions>
          <ns3:TrackPointExtension>
            <ns3:hr>141</ns3:hr>
            <ns3:cad>93</ns3:cad>
          </ns3:TrackPointExtension>
        </extensions>
      </trkpt>
      <trkpt lat="29.29199737496674060821533203125" lon="117.25276163779199123382568359375">
        <ele>30.6000003814697265625</ele>
        <time>2026-08-26T22:01:21.000Z</time>
        <extensions>
          <ns3:TrackPointExtension>
            <ns3:hr>141</ns3:hr>
            <ns3:cad>93</ns3:cad>
          </ns3:TrackPointExtension>
        </extensions>
      </trkpt>
      <trkpt lat="29.29198631085455417633056640625" lon="117.2527281939983367919921875">
        <ele>30.799999237060546875</ele>
        <time>2026-08-26T22:01:22.000Z</time>
        <extensions>
          <ns3:TrackPointExtension>
            <ns3:hr>141</ns3:hr>
            <ns3:cad>93</ns3:cad>
          </ns3:TrackPointExtension>
        </extensions>
      </trkpt>
      <trkpt lat="29.29197206161916255950927734375" lon="117.2527075745165348052978515625">
        <ele>30.799999237060546875</ele>
        <time>2026-08-26T22:01:23.000Z</time>
        <extensions>
          <ns3:TrackPointExtension>
            <ns3:hr>142</ns3:hr>
            <ns3:cad>93</ns3:cad>
          </ns3:TrackPointExtension>
        </extensions>
      </trkpt>
      <trkpt lat="29.29196150042116641998291015625" lon="117.25266826339066028594970703125">
        <ele>30.799999237060546875</ele>
        <time>2026-08-26T22:01:24.000Z</time>
        <extensions>
          <ns3:TrackPointExtension>
            <ns3:hr>142</ns3:hr>
            <ns3:cad>93</ns3:cad>
          </ns3:TrackPointExtension>
        </extensions>
      </trkpt>
      <trkpt lat="29.2919535376131534576416015625" lon="117.2526354901492595672607421875">
        <ele>30.799999237060546875</ele>
        <time>2026-08-26T22:01:25.000Z</time>
        <extensions>
          <ns3:TrackPointExtension>
            <ns3:hr>142</ns3:hr>
            <ns3:cad>90</ns3:cad>
          </ns3:TrackPointExtension>
        </extensions>
      </trkpt>
      <trkpt lat="29.29194054566323757171630859375" lon="117.252592407166957855224609375">
        <ele>30.799999237060546875</ele>
        <time>2026-08-26T22:01:26.000Z</time>
        <extensions>
          <ns3:TrackPointExtension>
            <ns3:hr>143</ns3:hr>
            <ns3:cad>90</ns3:cad>
          </ns3:TrackPointExtension>
        </extensions>
      </trkpt>
      <trkpt lat="29.29192462004721164703369140625" lon="117.25256466306746006011962890625">
        <ele>30.6000003814697265625</ele>
        <time>2026-08-26T22:01:27.000Z</time>
        <extensions>
          <ns3:TrackPointExtension>
            <ns3:hr>143</ns3:hr>
            <ns3:cad>90</ns3:cad>
          </ns3:TrackPointExtension>
        </extensions>
      </trkpt>
      <trkpt lat="29.29191539995372295379638671875" lon="117.25252375937998294830322265625">
        <ele>30.6000003814697265625</ele>
        <time>2026-08-26T22:01:28.000Z</time>
        <extensions>
          <ns3:TrackPointExtension>
            <ns3:hr>144</ns3:hr>
            <ns3:cad>90</ns3:cad>
          </ns3:TrackPointExtension>
        </extensions>
      </trkpt>
      <trkpt lat="29.2919015698134899139404296875" lon="117.2524990327656269073486328125">
        <ele>30.6000003814697265625</ele>
        <time>2026-08-26T22:01:29.000Z</time>
        <extensions>
          <ns3:TrackPointExtension>
            <ns3:hr>144</ns3:hr>
            <ns3:cad>92</ns3:cad>
          </ns3:TrackPointExtension>
        </extensions>
      </trkpt>
      <trkpt lat="29.2918951995670795440673828125" lon="117.25246475078165531158447265625">
        <ele>30.6000003814697265625</ele>
        <time>2026-08-26T22:01:30.000Z</time>
        <extensions>
          <ns3:TrackPointExtension>
            <ns3:hr>144</ns3:hr>
            <ns3:cad>92</ns3:cad>
          </ns3:TrackPointExtension>
        </extensions>
      </trkpt>
      <trkpt lat="29.29188673384487628936767578125" lon="117.25243440829217433929443359375">
        <ele>30.6000003814697265625</ele>
        <time>2026-08-26T22:01:31.000Z</time>
        <extensions>
          <ns3:TrackPointExtension>
            <ns3:hr>145</ns3:hr>
            <ns3:cad>92</ns3:cad>
          </ns3:TrackPointExtension>
        </extensions>
      </trkpt>
      <trkpt lat="29.29188036359846591949462890625" lon="117.25240054540336132049560546875">
        <ele>30.6000003814697265625</ele>
        <time>2026-08-26T22:01:32.000Z</time>
        <extensions>
          <ns3:TrackPointExtension>
            <ns3:hr>145</ns3:hr>
            <ns3:cad>92</ns3:cad>
          </ns3:TrackPointExtension>
        </extensions>
      </trkpt>
      <trkpt lat="29.2918668687343597412109375" lon="117.25237322039902210235595703125">
        <ele>30.6000003814697265625</ele>
        <time>2026-08-26T22:01:33.000Z</time>
        <extensions>
          <ns3:TrackPointExtension>
            <ns3:hr>146</ns3:hr>
            <ns3:cad>92</ns3:cad>
          </ns3:TrackPointExtension>
        </extensions>
      </trkpt>
      <trkpt lat="29.2918569780886173248291015625" lon="117.25234103389084339141845703125">
        <ele>30.6000003814697265625</ele>
        <time>2026-08-26T22:01:34.000Z</time>
        <extensions>
          <ns3:TrackPointExtension>
            <ns3:hr>146</ns3:hr>
            <ns3:cad>92</ns3:cad>
          </ns3:TrackPointExtension>
        </extensions>
      </trkpt>
      <trkpt lat="29.29184834472835063934326171875" lon="117.2523085959255695343017578125">
        <ele>30.6000003814697265625</ele>
        <time>2026-08-26T22:01:35.000Z</time>
        <extensions>
          <ns3:TrackPointExtension>
            <ns3:hr>146</ns3:hr>
            <ns3:cad>92</ns3:cad>
          </ns3:TrackPointExtension>
        </extensions>
      </trkpt>
      <trkpt lat="29.29184013046324253082275390625" lon="117.2522797621786594390869140625">
        <ele>30.3999996185302734375</ele>
        <time>2026-08-26T22:01:36.000Z</time>
        <extensions>
          <ns3:TrackPointExtension>
            <ns3:hr>146</ns3:hr>
            <ns3:cad>94</ns3:cad>
          </ns3:TrackPointExtension>
        </extensions>
      </trkpt>
      <trkpt lat="29.29183241911232471466064453125" lon="117.2522448934614658355712890625">
        <ele>30.3999996185302734375</ele>
        <time>2026-08-26T22:01:37.000Z</time>
        <extensions>
          <ns3:TrackPointExtension>
            <ns3:hr>147</ns3:hr>
            <ns3:cad>93</ns3:cad>
          </ns3:TrackPointExtension>
        </extensions>
      </trkpt>
      <trkpt lat="29.2918221093714237213134765625" lon="117.25221580825746059417724609375">
        <ele>30.3999996185302734375</ele>
        <time>2026-08-26T22:01:38.000Z</time>
        <extensions>
          <ns3:TrackPointExtension>
            <ns3:hr>147</ns3:hr>
            <ns3:cad>93</ns3:cad>
          </ns3:TrackPointExtension>
        </extensions>
      </trkpt>
      <trkpt lat="29.29181062616407871246337890625" lon="117.25218026898801326751708984375">
        <ele>30.3999996185302734375</ele>
        <time>2026-08-26T22:01:39.000Z</time>
        <extensions>
          <ns3:TrackPointExtension>
            <ns3:hr>147</ns3:hr>
            <ns3:cad>93</ns3:cad>
          </ns3:TrackPointExtension>
        </extensions>
      </trkpt>
      <trkpt lat="29.29180123843252658843994140625" lon="117.252152524888515472412109375">
        <ele>30.3999996185302734375</ele>
        <time>2026-08-26T22:01:40.000Z</time>
        <extensions>
          <ns3:TrackPointExtension>
            <ns3:hr>147</ns3:hr>
            <ns3:cad>93</ns3:cad>
          </ns3:TrackPointExtension>
        </extensions>
      </trkpt>
      <trkpt lat="29.29179235361516475677490234375" lon="117.25211120210587978363037109375">
        <ele>30.3999996185302734375</ele>
        <time>2026-08-26T22:01:41.000Z</time>
        <extensions>
          <ns3:TrackPointExtension>
            <ns3:hr>147</ns3:hr>
            <ns3:cad>92</ns3:cad>
          </ns3:TrackPointExtension>
        </extensions>
      </trkpt>
      <trkpt lat="29.2917805351316928863525390625" lon="117.2520873136818408966064453125">
        <ele>30.3999996185302734375</ele>
        <time>2026-08-26T22:01:42.000Z</time>
        <extensions>
          <ns3:TrackPointExtension>
            <ns3:hr>147</ns3:hr>
            <ns3:cad>92</ns3:cad>
          </ns3:TrackPointExtension>
        </extensions>
      </trkpt>
      <trkpt lat="29.291777350008487701416015625" lon="117.2520482540130615234375">
        <ele>30.3999996185302734375</ele>
        <time>2026-08-26T22:01:43.000Z</time>
        <extensions>
          <ns3:TrackPointExtension>
            <ns3:hr>148</ns3:hr>
            <ns3:cad>92</ns3:cad>
          </ns3:TrackPointExtension>
        </extensions>
      </trkpt>
      <trkpt lat="29.29176553152501583099365234375" lon="117.252021767199039459228515625">
        <ele>30.3999996185302734375</ele>
        <time>2026-08-26T22:01:44.000Z</time>
        <extensions>
          <ns3:TrackPointExtension>
            <ns3:hr>147</ns3:hr>
            <ns3:cad>92</ns3:cad>
          </ns3:TrackPointExtension>
        </extensions>
      </trkpt>
      <trkpt lat="29.291760586202144622802734375" lon="117.2519853897392749786376953125">
        <ele>30.3999996185302734375</ele>
        <time>2026-08-26T22:01:45.000Z</time>
        <extensions>
          <ns3:TrackPointExtension>
            <ns3:hr>147</ns3:hr>
            <ns3:cad>92</ns3:cad>
          </ns3:TrackPointExtension>
        </extensions>
      </trkpt>
      <trkpt lat="29.29174943827092647552490234375" lon="117.25195395760238170623779296875">
        <ele>30.3999996185302734375</ele>
        <time>2026-08-26T22:01:46.000Z</time>
        <extensions>
          <ns3:TrackPointExtension>
            <ns3:hr>147</ns3:hr>
            <ns3:cad>92</ns3:cad>
          </ns3:TrackPointExtension>
        </extensions>
      </trkpt>
      <trkpt lat="29.29174340330064296722412109375" lon="117.2519220225512981414794921875">
        <ele>30.3999996185302734375</ele>
        <time>2026-08-26T22:01:47.000Z</time>
        <extensions>
          <ns3:TrackPointExtension>
            <ns3:hr>147</ns3:hr>
            <ns3:cad>93</ns3:cad>
          </ns3:TrackPointExtension>
        </extensions>
      </trkpt>
      <trkpt lat="29.29173384793102741241455078125" lon="117.25188774056732654571533203125">
        <ele>30.3999996185302734375</ele>
        <time>2026-08-26T22:01:48.000Z</time>
        <extensions>
          <ns3:TrackPointExtension>
            <ns3:hr>146</ns3:hr>
            <ns3:cad>93</ns3:cad>
          </ns3:TrackPointExtension>
        </extensions>
      </trkpt>
      <trkpt lat="29.29172898642718791961669921875" lon="117.2518546320497989654541015625">
        <ele>30.3999996185302734375</ele>
        <time>2026-08-26T22:01:49.000Z</time>
        <extensions>
          <ns3:TrackPointExtension>
            <ns3:hr>146</ns3:hr>
            <ns3:cad>93</ns3:cad>
          </ns3:TrackPointExtension>
        </extensions>
      </trkpt>
      <trkpt lat="29.29172110743820667266845703125" lon="117.2518170811235904693603515625">
        <ele>30.3999996185302734375</ele>
        <time>2026-08-26T22:01:50.000Z</time>
        <extensions>
          <ns3:TrackPointExtension>
            <ns3:hr>146</ns3:hr>
            <ns3:cad>93</ns3:cad>
          </ns3:TrackPointExtension>
        </extensions>
      </trkpt>
      <trkpt lat="29.29170970804989337921142578125" lon="117.25179101340472698211669921875">
        <ele>30.3999996185302734375</ele>
        <time>2026-08-26T22:01:51.000Z</time>
        <extensions>
          <ns3:TrackPointExtension>
            <ns3:hr>146</ns3:hr>
            <ns3:cad>93</ns3:cad>
          </ns3:TrackPointExtension>
        </extensions>
      </trkpt>
      <trkpt lat="29.29170266725122928619384765625" lon="117.25174826569855213165283203125">
        <ele>30.3999996185302734375</ele>
        <time>2026-08-26T22:01:52.000Z</time>
        <extensions>
          <ns3:TrackPointExtension>
            <ns3:hr>145</ns3:hr>
            <ns3:cad>92</ns3:cad>
          </ns3:TrackPointExtension>
        </extensions>
      </trkpt>
      <trkpt lat="29.29168975912034511566162109375" lon="117.251719348132610321044921875">
        <ele>30.3999996185302734375</ele>
        <time>2026-08-26T22:01:53.000Z</time>
        <extensions>
          <ns3:TrackPointExtension>
            <ns3:hr>146</ns3:hr>
            <ns3:cad>93</ns3:cad>
          </ns3:TrackPointExtension>
        </extensions>
      </trkpt>
      <trkpt lat="29.29168087430298328399658203125" lon="117.25168037228286266326904296875">
        <ele>30.3999996185302734375</ele>
        <time>2026-08-26T22:01:54.000Z</time>
        <extensions>
          <ns3:TrackPointExtension>
            <ns3:hr>145</ns3:hr>
            <ns3:cad>93</ns3:cad>
          </ns3:TrackPointExtension>
        </extensions>
      </trkpt>
      <trkpt lat="29.2916672118008136749267578125" lon="117.25165665149688720703125">
        <ele>30.3999996185302734375</ele>
        <time>2026-08-26T22:01:55.000Z</time>
        <extensions>
          <ns3:TrackPointExtension>
            <ns3:hr>146</ns3:hr>
            <ns3:cad>93</ns3:cad>
          </ns3:TrackPointExtension>
        </extensions>
      </trkpt>
      <trkpt lat="29.291660673916339874267578125" lon="117.2516185976564884185791015625">
        <ele>30.3999996185302734375</ele>
        <time>2026-08-26T22:01:56.000Z</time>
        <extensions>
          <ns3:TrackPointExtension>
            <ns3:hr>146</ns3:hr>
            <ns3:cad>92</ns3:cad>
          </ns3:TrackPointExtension>
        </extensions>
      </trkpt>
      <trkpt lat="29.2916497774422168731689453125" lon="117.25159420631825923919677734375">
        <ele>30.3999996185302734375</ele>
        <time>2026-08-26T22:01:57.000Z</time>
        <extensions>
          <ns3:TrackPointExtension>
            <ns3:hr>146</ns3:hr>
            <ns3:cad>92</ns3:cad>
          </ns3:TrackPointExtension>
        </extensions>
      </trkpt>
      <trkpt lat="29.2916481010615825653076171875" lon="117.2515602596104145050048828125">
        <ele>30.3999996185302734375</ele>
        <time>2026-08-26T22:01:58.000Z</time>
        <extensions>
          <ns3:TrackPointExtension>
            <ns3:hr>146</ns3:hr>
            <ns3:cad>92</ns3:cad>
          </ns3:TrackPointExtension>
        </extensions>
      </trkpt>
      <trkpt lat="29.2916383780539035797119140625" lon="117.2515346109867095947265625">
        <ele>30.200000762939453125</ele>
        <time>2026-08-26T22:01:59.000Z</time>
        <extensions>
          <ns3:TrackPointExtension>
            <ns3:hr>146</ns3:hr>
            <ns3:cad>92</ns3:cad>
          </ns3:TrackPointExtension>
        </extensions>
      </trkpt>
      <trkpt lat="29.29163510911166667938232421875" lon="117.2515019215643405914306640625">
        <ele>30.200000762939453125</ele>
        <time>2026-08-26T22:02:00.000Z</time>
        <extensions>
          <ns3:TrackPointExtension>
            <ns3:hr>146</ns3:hr>
            <ns3:cad>91</ns3:cad>
          </ns3:TrackPointExtension>
        </extensions>
      </trkpt>
      <trkpt lat="29.291625134646892547607421875" lon="117.25146914832293987274169921875">
        <ele>30.200000762939453125</ele>
        <time>2026-08-26T22:02:01.000Z</time>
        <extensions>
          <ns3:TrackPointExtension>
            <ns3:hr>147</ns3:hr>
            <ns3:cad>91</ns3:cad>
          </ns3:TrackPointExtension>
        </extensions>
      </trkpt>
      <trkpt lat="29.29162203334271907806396484375" lon="117.2514358721673488616943359375">
        <ele>30.200000762939453125</ele>
        <time>2026-08-26T22:02:02.000Z</time>
        <extensions>
          <ns3:TrackPointExtension>
            <ns3:hr>147</ns3:hr>
            <ns3:cad>91</ns3:cad>
          </ns3:TrackPointExtension>
        </extensions>
      </trkpt>
      <trkpt lat="29.29161566309630870819091796875" lon="117.251396812498569488525390625">
        <ele>30.200000762939453125</ele>
        <time>2026-08-26T22:02:03.000Z</time>
        <extensions>
          <ns3:TrackPointExtension>
            <ns3:hr>147</ns3:hr>
            <ns3:cad>91</ns3:cad>
          </ns3:TrackPointExtension>
        </extensions>
      </trkpt>
      <trkpt lat="29.29160795174539089202880859375" lon="117.25136705674231052398681640625">
        <ele>30.200000762939453125</ele>
        <time>2026-08-26T22:02:04.000Z</time>
        <extensions>
          <ns3:TrackPointExtension>
            <ns3:hr>147</ns3:hr>
            <ns3:cad>92</ns3:cad>
          </ns3:TrackPointExtension>
        </extensions>
      </trkpt>
      <trkpt lat="29.2916001565754413604736328125" lon="117.25132866762578487396240234375">
        <ele>30.200000762939453125</ele>
        <time>2026-08-26T22:02:05.000Z</time>
        <extensions>
          <ns3:TrackPointExtension>
            <ns3:hr>148</ns3:hr>
            <ns3:cad>92</ns3:cad>
          </ns3:TrackPointExtension>
        </extensions>
      </trkpt>
      <trkpt lat="29.29159118793904781341552734375" lon="117.25129899568855762481689453125">
        <ele>30.200000762939453125</ele>
        <time>2026-08-26T22:02:06.000Z</time>
        <extensions>
          <ns3:TrackPointExtension>
            <ns3:hr>147</ns3:hr>
            <ns3:cad>92</ns3:cad>
          </ns3:TrackPointExtension>
        </extensions>
      </trkpt>
      <trkpt lat="29.29158263839781284332275390625" lon="117.251266054809093475341796875">
        <ele>30.200000762939453125</ele>
        <time>2026-08-26T22:02:07.000Z</time>
        <extensions>
          <ns3:TrackPointExtension>
            <ns3:hr>147</ns3:hr>
            <ns3:cad>92</ns3:cad>
          </ns3:TrackPointExtension>
        </extensions>
      </trkpt>
      <trkpt lat="29.29157341830432415008544921875" lon="117.2512390650808811187744140625">
        <ele>30.200000762939453125</ele>
        <time>2026-08-26T22:02:08.000Z</time>
        <extensions>
          <ns3:TrackPointExtension>
            <ns3:hr>147</ns3:hr>
            <ns3:cad>92</ns3:cad>
          </ns3:TrackPointExtension>
        </extensions>
      </trkpt>
      <trkpt lat="29.29156553931534290313720703125" lon="117.2512005083262920379638671875">
        <ele>30.200000762939453125</ele>
        <time>2026-08-26T22:02:09.000Z</time>
        <extensions>
          <ns3:TrackPointExtension>
            <ns3:hr>148</ns3:hr>
            <ns3:cad>92</ns3:cad>
          </ns3:TrackPointExtension>
        </extensions>
      </trkpt>
      <trkpt lat="29.291553385555744171142578125" lon="117.251170836389064788818359375">
        <ele>30.200000762939453125</ele>
        <time>2026-08-26T22:02:10.000Z</time>
        <extensions>
          <ns3:TrackPointExtension>
            <ns3:hr>148</ns3:hr>
            <ns3:cad>92</ns3:cad>
          </ns3:TrackPointExtension>
        </extensions>
      </trkpt>
      <trkpt lat="29.2915503680706024169921875" lon="117.2511344589293003082275390625">
        <ele>30.200000762939453125</ele>
        <time>2026-08-26T22:02:11.000Z</time>
        <extensions>
          <ns3:TrackPointExtension>
            <ns3:hr>148</ns3:hr>
            <ns3:cad>92</ns3:cad>
          </ns3:TrackPointExtension>
        </extensions>
      </trkpt>
      <trkpt lat="29.2915408127009868621826171875" lon="117.2511056251823902130126953125">
        <ele>30.200000762939453125</ele>
        <time>2026-08-26T22:02:12.000Z</time>
        <extensions>
          <ns3:TrackPointExtension>
            <ns3:hr>148</ns3:hr>
            <ns3:cad>92</ns3:cad>
          </ns3:TrackPointExtension>
        </extensions>
      </trkpt>
      <trkpt lat="29.29153854958713054656982421875" lon="117.25107167847454547882080078125">
        <ele>30.200000762939453125</ele>
        <time>2026-08-26T22:02:13.000Z</time>
        <extensions>
          <ns3:TrackPointExtension>
            <ns3:hr>148</ns3:hr>
            <ns3:cad>92</ns3:cad>
          </ns3:TrackPointExtension>
        </extensions>
      </trkpt>
      <trkpt lat="29.29152832366526126861572265625" lon="117.25104401819407939910888671875">
        <ele>30.200000762939453125</ele>
        <time>2026-08-26T22:02:14.000Z</time>
        <extensions>
          <ns3:TrackPointExtension>
            <ns3:hr>148</ns3:hr>
            <ns3:cad>92</ns3:cad>
          </ns3:TrackPointExtension>
        </extensions>
      </trkpt>
      <trkpt lat="29.29152463562786579132080078125" lon="117.251013256609439849853515625">
        <ele>30.200000762939453125</ele>
        <time>2026-08-26T22:02:15.000Z</time>
        <extensions>
          <ns3:TrackPointExtension>
            <ns3:hr>148</ns3:hr>
            <ns3:cad>92</ns3:cad>
          </ns3:TrackPointExtension>
        </extensions>
      </trkpt>
      <trkpt lat="29.2915129847824573516845703125" lon="117.2509809024631977081298828125">
        <ele>30.200000762939453125</ele>
        <time>2026-08-26T22:02:16.000Z</time>
        <extensions>
          <ns3:TrackPointExtension>
            <ns3:hr>148</ns3:hr>
            <ns3:cad>93</ns3:cad>
          </ns3:TrackPointExtension>
        </extensions>
      </trkpt>
      <trkpt lat="29.29150954820215702056884765625" lon="117.25095014087855815887451171875">
        <ele>30.200000762939453125</ele>
        <time>2026-08-26T22:02:17.000Z</time>
        <extensions>
          <ns3:TrackPointExtension>
            <ns3:hr>148</ns3:hr>
            <ns3:cad>93</ns3:cad>
          </ns3:TrackPointExtension>
        </extensions>
      </trkpt>
      <trkpt lat="29.2915009148418903350830078125" lon="117.2509135119616985321044921875">
        <ele>30.200000762939453125</ele>
        <time>2026-08-26T22:02:18.000Z</time>
        <extensions>
          <ns3:TrackPointExtension>
            <ns3:hr>149</ns3:hr>
            <ns3:cad>93</ns3:cad>
          </ns3:TrackPointExtension>
        </extensions>
      </trkpt>
      <trkpt lat="29.29149429313838481903076171875" lon="117.250886522233486175537109375">
        <ele>30.200000762939453125</ele>
        <time>2026-08-26T22:02:19.000Z</time>
        <extensions>
          <ns3:TrackPointExtension>
            <ns3:hr>149</ns3:hr>
            <ns3:cad>91</ns3:cad>
          </ns3:TrackPointExtension>
        </extensions>
      </trkpt>
      <trkpt lat="29.29149010218679904937744140625" lon="117.25084637291729450225830078125">
        <ele>30.200000762939453125</ele>
        <time>2026-08-26T22:02:20.000Z</time>
        <extensions>
          <ns3:TrackPointExtension>
            <ns3:hr>149</ns3:hr>
            <ns3:cad>93</ns3:cad>
          </ns3:TrackPointExtension>
        </extensions>
      </trkpt>
      <trkpt lat="29.29148197174072265625" lon="117.25081854499876499176025390625">
        <ele>30.200000762939453125</ele>
        <time>2026-08-26T22:02:21.000Z</time>
        <extensions>
          <ns3:TrackPointExtension>
            <ns3:hr>148</ns3:hr>
            <ns3:cad>93</ns3:cad>
          </ns3:TrackPointExtension>
        </extensions>
      </trkpt>
      <trkpt lat="29.2914777807891368865966796875" lon="117.250777892768383026123046875">
        <ele>30.3999996185302734375</ele>
        <time>2026-08-26T22:02:22.000Z</time>
        <extensions>
          <ns3:TrackPointExtension>
            <ns3:hr>149</ns3:hr>
            <ns3:cad>93</ns3:cad>
          </ns3:TrackPointExtension>
        </extensions>
      </trkpt>
      <trkpt lat="29.2914680577814579010009765625" lon="117.250751741230487823486328125">
        <ele>30.3999996185302734375</ele>
        <time>2026-08-26T22:02:23.000Z</time>
        <extensions>
          <ns3:TrackPointExtension>
            <ns3:hr>149</ns3:hr>
            <ns3:cad>93</ns3:cad>
          </ns3:TrackPointExtension>
        </extensions>
      </trkpt>
      <trkpt lat="29.291464872658252716064453125" lon="117.2507140226662158966064453125">
        <ele>30.3999996185302734375</ele>
        <time>2026-08-26T22:02:24.000Z</time>
        <extensions>
          <ns3:TrackPointExtension>
            <ns3:hr>148</ns3:hr>
            <ns3:cad>93</ns3:cad>
          </ns3:TrackPointExtension>
        </extensions>
      </trkpt>
      <trkpt lat="29.29145489819347858428955078125" lon="117.25069130770862102508544921875">
        <ele>30.3999996185302734375</ele>
        <time>2026-08-26T22:02:25.000Z</time>
        <extensions>
          <ns3:TrackPointExtension>
            <ns3:hr>149</ns3:hr>
            <ns3:cad>92</ns3:cad>
          </ns3:TrackPointExtension>
        </extensions>
      </trkpt>
      <trkpt lat="29.2914479412138462066650390625" lon="117.25065509788691997528076171875">
        <ele>30.3999996185302734375</ele>
        <time>2026-08-26T22:02:26.000Z</time>
        <extensions>
          <ns3:TrackPointExtension>
            <ns3:hr>149</ns3:hr>
            <ns3:cad>92</ns3:cad>
          </ns3:TrackPointExtension>
        </extensions>
      </trkpt>
      <trkpt lat="29.2914382182061672210693359375" lon="117.25063045509159564971923828125">
        <ele>30.3999996185302734375</ele>
        <time>2026-08-26T22:02:27.000Z</time>
        <extensions>
          <ns3:TrackPointExtension>
            <ns3:hr>149</ns3:hr>
            <ns3:cad>92</ns3:cad>
          </ns3:TrackPointExtension>
        </extensions>
      </trkpt>
      <trkpt lat="29.291433356702327728271484375" lon="117.25059156306087970733642578125">
        <ele>30.6000003814697265625</ele>
        <time>2026-08-26T22:02:28.000Z</time>
        <extensions>
          <ns3:TrackPointExtension>
            <ns3:hr>149</ns3:hr>
            <ns3:cad>92</ns3:cad>
          </ns3:TrackPointExtension>
        </extensions>
      </trkpt>
      <trkpt lat="29.291421957314014434814453125" lon="117.2505663335323333740234375">
        <ele>30.6000003814697265625</ele>
        <time>2026-08-26T22:02:29.000Z</time>
        <extensions>
          <ns3:TrackPointExtension>
            <ns3:hr>149</ns3:hr>
            <ns3:cad>92</ns3:cad>
          </ns3:TrackPointExtension>
        </extensions>
      </trkpt>
      <trkpt lat="29.29142070002853870391845703125" lon="117.250527776777744293212890625">
        <ele>30.6000003814697265625</ele>
        <time>2026-08-26T22:02:30.000Z</time>
        <extensions>
          <ns3:TrackPointExtension>
            <ns3:hr>149</ns3:hr>
            <ns3:cad>92</ns3:cad>
          </ns3:TrackPointExtension>
        </extensions>
      </trkpt>
      <trkpt lat="29.29140997119247913360595703125" lon="117.2505004517734050750732421875">
        <ele>30.6000003814697265625</ele>
        <time>2026-08-26T22:02:31.000Z</time>
        <extensions>
          <ns3:TrackPointExtension>
            <ns3:hr>149</ns3:hr>
            <ns3:cad>92</ns3:cad>
          </ns3:TrackPointExtension>
        </extensions>
      </trkpt>
      <trkpt lat="29.291406534612178802490234375" lon="117.250464744865894317626953125">
        <ele>30.6000003814697265625</ele>
        <time>2026-08-26T22:02:32.000Z</time>
        <extensions>
          <ns3:TrackPointExtension>
            <ns3:hr>149</ns3:hr>
            <ns3:cad>92</ns3:cad>
          </ns3:TrackPointExtension>
        </extensions>
      </trkpt>
      <trkpt lat="29.2913993261754512786865234375" lon="117.25043649785220623016357421875">
        <ele>30.6000003814697265625</ele>
        <time>2026-08-26T22:02:33.000Z</time>
        <extensions>
          <ns3:TrackPointExtension>
            <ns3:hr>149</ns3:hr>
            <ns3:cad>92</ns3:cad>
          </ns3:TrackPointExtension>
        </extensions>
      </trkpt>
      <trkpt lat="29.29139454849064350128173828125" lon="117.2504042275249958038330078125">
        <ele>30.6000003814697265625</ele>
        <time>2026-08-26T22:02:34.000Z</time>
        <extensions>
          <ns3:TrackPointExtension>
            <ns3:hr>149</ns3:hr>
            <ns3:cad>92</ns3:cad>
          </ns3:TrackPointExtension>
        </extensions>
      </trkpt>
      <trkpt lat="29.29138398729264736175537109375" lon="117.25037564523518085479736328125">
        <ele>30.6000003814697265625</ele>
        <time>2026-08-26T22:02:35.000Z</time>
        <extensions>
          <ns3:TrackPointExtension>
            <ns3:hr>149</ns3:hr>
            <ns3:cad>92</ns3:cad>
          </ns3:TrackPointExtension>
        </extensions>
      </trkpt>
      <trkpt lat="29.29137946106493473052978515625" lon="117.250340692698955535888671875">
        <ele>30.6000003814697265625</ele>
        <time>2026-08-26T22:02:36.000Z</time>
        <extensions>
          <ns3:TrackPointExtension>
            <ns3:hr>149</ns3:hr>
            <ns3:cad>92</ns3:cad>
          </ns3:TrackPointExtension>
        </extensions>
      </trkpt>
      <trkpt lat="29.29137309081852436065673828125" lon="117.2503100149333477020263671875">
        <ele>30.3999996185302734375</ele>
        <time>2026-08-26T22:02:37.000Z</time>
        <extensions>
          <ns3:TrackPointExtension>
            <ns3:hr>150</ns3:hr>
            <ns3:cad>92</ns3:cad>
          </ns3:TrackPointExtension>
        </extensions>
      </trkpt>
      <trkpt lat="29.29136889986693859100341796875" lon="117.250281013548374176025390625">
        <ele>30.3999996185302734375</ele>
        <time>2026-08-26T22:02:38.000Z</time>
        <extensions>
          <ns3:TrackPointExtension>
            <ns3:hr>150</ns3:hr>
            <ns3:cad>92</ns3:cad>
          </ns3:TrackPointExtension>
        </extensions>
      </trkpt>
      <trkpt lat="29.291361272335052490234375" lon="117.2502469830214977264404296875">
        <ele>30.3999996185302734375</ele>
        <time>2026-08-26T22:02:39.000Z</time>
        <extensions>
          <ns3:TrackPointExtension>
            <ns3:hr>150</ns3:hr>
            <ns3:cad>92</ns3:cad>
          </ns3:TrackPointExtension>
        </extensions>
      </trkpt>
      <trkpt lat="29.29135330952703952789306640625" lon="117.25021907128393650054931640625">
        <ele>30.3999996185302734375</ele>
        <time>2026-08-26T22:02:40.000Z</time>
        <extensions>
          <ns3:TrackPointExtension>
            <ns3:hr>150</ns3:hr>
            <ns3:cad>91</ns3:cad>
          </ns3:TrackPointExtension>
        </extensions>
      </trkpt>
      <trkpt lat="29.291346855461597442626953125" lon="117.2501836158335208892822265625">
        <ele>30.3999996185302734375</ele>
        <time>2026-08-26T22:02:41.000Z</time>
        <extensions>
          <ns3:TrackPointExtension>
            <ns3:hr>150</ns3:hr>
            <ns3:cad>91</ns3:cad>
          </ns3:TrackPointExtension>
        </extensions>
      </trkpt>
      <trkpt lat="29.291336797177791595458984375" lon="117.2501559555530548095703125">
        <ele>30.6000003814697265625</ele>
        <time>2026-08-26T22:02:42.000Z</time>
        <extensions>
          <ns3:TrackPointExtension>
            <ns3:hr>150</ns3:hr>
            <ns3:cad>91</ns3:cad>
          </ns3:TrackPointExtension>
        </extensions>
      </trkpt>
      <trkpt lat="29.291329085826873779296875" lon="117.25011371076107025146484375">
        <ele>30.6000003814697265625</ele>
        <time>2026-08-26T22:02:43.000Z</time>
        <extensions>
          <ns3:TrackPointExtension>
            <ns3:hr>150</ns3:hr>
            <ns3:cad>91</ns3:cad>
          </ns3:TrackPointExtension>
        </extensions>
      </trkpt>
      <trkpt lat="29.2913191951811313629150390625" lon="117.2500862181186676025390625">
        <ele>30.6000003814697265625</ele>
        <time>2026-08-26T22:02:44.000Z</time>
        <extensions>
          <ns3:TrackPointExtension>
            <ns3:hr>150</ns3:hr>
            <ns3:cad>93</ns3:cad>
          </ns3:TrackPointExtension>
        </extensions>
      </trkpt>
      <trkpt lat="29.291311986744403839111328125" lon="117.25004573352634906768798828125">
        <ele>30.6000003814697265625</ele>
        <time>2026-08-26T22:02:45.000Z</time>
        <extensions>
          <ns3:TrackPointExtension>
            <ns3:hr>150</ns3:hr>
            <ns3:cad>92</ns3:cad>
          </ns3:TrackPointExtension>
        </extensions>
      </trkpt>
      <trkpt lat="29.291298575699329376220703125" lon="117.25002008490264415740966796875">
        <ele>30.799999237060546875</ele>
        <time>2026-08-26T22:02:46.000Z</time>
        <extensions>
          <ns3:TrackPointExtension>
            <ns3:hr>150</ns3:hr>
            <ns3:cad>92</ns3:cad>
          </ns3:TrackPointExtension>
        </extensions>
      </trkpt>
      <trkpt lat="29.2912910319864749908447265625" lon="117.2499804385006427764892578125">
        <ele>30.799999237060546875</ele>
        <time>2026-08-26T22:02:47.000Z</time>
        <extensions>
          <ns3:TrackPointExtension>
            <ns3:hr>150</ns3:hr>
            <ns3:cad>92</ns3:cad>
          </ns3:TrackPointExtension>
        </extensions>
      </trkpt>
      <trkpt lat="29.29127820767462253570556640625" lon="117.24995520897209644317626953125">
        <ele>30.799999237060546875</ele>
        <time>2026-08-26T22:02:48.000Z</time>
        <extensions>
          <ns3:TrackPointExtension>
            <ns3:hr>150</ns3:hr>
            <ns3:cad>92</ns3:cad>
          </ns3:TrackPointExtension>
        </extensions>
      </trkpt>
      <trkpt lat="29.29126932285726070404052734375" lon="117.24991983734071254730224609375">
        <ele>30.6000003814697265625</ele>
        <time>2026-08-26T22:02:49.000Z</time>
        <extensions>
          <ns3:TrackPointExtension>
            <ns3:hr>150</ns3:hr>
            <ns3:cad>92</ns3:cad>
          </ns3:TrackPointExtension>
        </extensions>
      </trkpt>
      <trkpt lat="29.2912566661834716796875" lon="117.24989435635507106781005859375">
        <ele>30.6000003814697265625</ele>
        <time>2026-08-26T22:02:50.000Z</time>
        <extensions>
          <ns3:TrackPointExtension>
            <ns3:hr>150</ns3:hr>
            <ns3:cad>92</ns3:cad>
          </ns3:TrackPointExtension>
        </extensions>
      </trkpt>
      <trkpt lat="29.29124786518514156341552734375" lon="117.249857895076274871826171875">
        <ele>30.799999237060546875</ele>
        <time>2026-08-26T22:02:51.000Z</time>
        <extensions>
          <ns3:TrackPointExtension>
            <ns3:hr>150</ns3:hr>
            <ns3:cad>92</ns3:cad>
          </ns3:TrackPointExtension>
        </extensions>
      </trkpt>
      <trkpt lat="29.2912340350449085235595703125" lon="117.24983182735741138458251953125">
        <ele>30.799999237060546875</ele>
        <time>2026-08-26T22:02:52.000Z</time>
        <extensions>
          <ns3:TrackPointExtension>
            <ns3:hr>150</ns3:hr>
            <ns3:cad>92</ns3:cad>
          </ns3:TrackPointExtension>
        </extensions>
      </trkpt>
      <trkpt lat="29.291229508817195892333984375" lon="117.2497957013547420501708984375">
        <ele>30.799999237060546875</ele>
        <time>2026-08-26T22:02:53.000Z</time>
        <extensions>
          <ns3:TrackPointExtension>
            <ns3:hr>150</ns3:hr>
            <ns3:cad>92</ns3:cad>
          </ns3:TrackPointExtension>
        </extensions>
      </trkpt>
      <trkpt lat="29.291220121085643768310546875" lon="117.24976837635040283203125">
        <ele>30.799999237060546875</ele>
        <time>2026-08-26T22:02:54.000Z</time>
        <extensions>
          <ns3:TrackPointExtension>
            <ns3:hr>150</ns3:hr>
            <ns3:cad>92</ns3:cad>
          </ns3:TrackPointExtension>
        </extensions>
      </trkpt>
      <trkpt lat="29.29121308028697967529296875" lon="117.2497321665287017822265625">
        <ele>30.799999237060546875</ele>
        <time>2026-08-26T22:02:55.000Z</time>
        <extensions>
          <ns3:TrackPointExtension>
            <ns3:hr>150</ns3:hr>
            <ns3:cad>92</ns3:cad>
          </ns3:TrackPointExtension>
        </extensions>
      </trkpt>
      <trkpt lat="29.29120176471769809722900390625" lon="117.24970157258212566375732421875">
        <ele>30.799999237060546875</ele>
        <time>2026-08-26T22:02:56.000Z</time>
        <extensions>
          <ns3:TrackPointExtension>
            <ns3:hr>150</ns3:hr>
            <ns3:cad>92</ns3:cad>
          </ns3:TrackPointExtension>
        </extensions>
      </trkpt>
      <trkpt lat="29.291192628443241119384765625" lon="117.24967240355908870697021484375">
        <ele>30.799999237060546875</ele>
        <time>2026-08-26T22:02:57.000Z</time>
        <extensions>
          <ns3:TrackPointExtension>
            <ns3:hr>151</ns3:hr>
            <ns3:cad>92</ns3:cad>
          </ns3:TrackPointExtension>
        </extensions>
      </trkpt>
      <trkpt lat="29.2911797203123569488525390625" lon="117.24964340217411518096923828125">
        <ele>30.799999237060546875</ele>
        <time>2026-08-26T22:02:58.000Z</time>
        <extensions>
          <ns3:TrackPointExtension>
            <ns3:hr>150</ns3:hr>
            <ns3:cad>92</ns3:cad>
          </ns3:TrackPointExtension>
        </extensions>
      </trkpt>
      <trkpt lat="29.2911696620285511016845703125" lon="117.24961473606526851654052734375">
        <ele>30.799999237060546875</ele>
        <time>2026-08-26T22:02:59.000Z</time>
        <extensions>
          <ns3:TrackPointExtension>
            <ns3:hr>151</ns3:hr>
            <ns3:cad>92</ns3:cad>
          </ns3:TrackPointExtension>
        </extensions>
      </trkpt>
      <trkpt lat="29.29115365259349346160888671875" lon="117.24958556704223155975341796875">
        <ele>30.799999237060546875</ele>
        <time>2026-08-26T22:03:00.000Z</time>
        <extensions>
          <ns3:TrackPointExtension>
            <ns3:hr>151</ns3:hr>
            <ns3:cad>91</ns3:cad>
          </ns3:TrackPointExtension>
        </extensions>
      </trkpt>
      <trkpt lat="29.29114141501486301422119140625" lon="117.24956176243722438812255859375">
        <ele>30.799999237060546875</ele>
        <time>2026-08-26T22:03:01.000Z</time>
        <extensions>
          <ns3:TrackPointExtension>
            <ns3:hr>151</ns3:hr>
            <ns3:cad>91</ns3:cad>
          </ns3:TrackPointExtension>
        </extensions>
      </trkpt>
      <trkpt lat="29.2911279201507568359375" lon="117.24952957592904567718505859375">
        <ele>30.799999237060546875</ele>
        <time>2026-08-26T22:03:02.000Z</time>
        <extensions>
          <ns3:TrackPointExtension>
            <ns3:hr>151</ns3:hr>
            <ns3:cad>91</ns3:cad>
          </ns3:TrackPointExtension>
        </extensions>
      </trkpt>
      <trkpt lat="29.29111383855342864990234375" lon="117.2495070286095142364501953125">
        <ele>30.799999237060546875</ele>
        <time>2026-08-26T22:03:03.000Z</time>
        <extensions>
          <ns3:TrackPointExtension>
            <ns3:hr>151</ns3:hr>
            <ns3:cad>92</ns3:cad>
          </ns3:TrackPointExtension>
        </extensions>
      </trkpt>
      <trkpt lat="29.29109900258481502532958984375" lon="117.2494735009968280792236328125">
        <ele>31</ele>
        <time>2026-08-26T22:03:04.000Z</time>
        <extensions>
          <ns3:TrackPointExtension>
            <ns3:hr>151</ns3:hr>
            <ns3:cad>91</ns3:cad>
          </ns3:TrackPointExtension>
        </extensions>
      </trkpt>
      <trkpt lat="29.29108542390167713165283203125" lon="117.24945112131536006927490234375">
        <ele>31</ele>
        <time>2026-08-26T22:03:05.000Z</time>
        <extensions>
          <ns3:TrackPointExtension>
            <ns3:hr>151</ns3:hr>
            <ns3:cad>91</ns3:cad>
          </ns3:TrackPointExtension>
        </extensions>
      </trkpt>
      <trkpt lat="29.29107117466628551483154296875" lon="117.24941206164658069610595703125">
        <ele>31</ele>
        <time>2026-08-26T22:03:06.000Z</time>
        <extensions>
          <ns3:TrackPointExtension>
            <ns3:hr>152</ns3:hr>
            <ns3:cad>91</ns3:cad>
          </ns3:TrackPointExtension>
        </extensions>
      </trkpt>
      <trkpt lat="29.2910553328692913055419921875" lon="117.249388508498668670654296875">
        <ele>31</ele>
        <time>2026-08-26T22:03:07.000Z</time>
        <extensions>
          <ns3:TrackPointExtension>
            <ns3:hr>151</ns3:hr>
            <ns3:cad>91</ns3:cad>
          </ns3:TrackPointExtension>
        </extensions>
      </trkpt>
      <trkpt lat="29.29103898815810680389404296875" lon="117.24935070611536502838134765625">
        <ele>31</ele>
        <time>2026-08-26T22:03:08.000Z</time>
        <extensions>
          <ns3:TrackPointExtension>
            <ns3:hr>151</ns3:hr>
            <ns3:cad>92</ns3:cad>
          </ns3:TrackPointExtension>
        </extensions>
      </trkpt>
      <trkpt lat="29.29102188907563686370849609375" lon="117.24932522512972354888916015625">
        <ele>30.799999237060546875</ele>
        <time>2026-08-26T22:03:09.000Z</time>
        <extensions>
          <ns3:TrackPointExtension>
            <ns3:hr>152</ns3:hr>
            <ns3:cad>92</ns3:cad>
          </ns3:TrackPointExtension>
        </extensions>
      </trkpt>
      <trkpt lat="29.29101132787764072418212890625" lon="117.2492880932986736297607421875">
        <ele>31</ele>
        <time>2026-08-26T22:03:10.000Z</time>
        <extensions>
          <ns3:TrackPointExtension>
            <ns3:hr>152</ns3:hr>
            <ns3:cad>92</ns3:cad>
          </ns3:TrackPointExtension>
        </extensions>
      </trkpt>
      <trkpt lat="29.29099489934742450714111328125" lon="117.24926554597914218902587890625">
        <ele>31</ele>
        <time>2026-08-26T22:03:11.000Z</time>
        <extensions>
          <ns3:TrackPointExtension>
            <ns3:hr>152</ns3:hr>
            <ns3:cad>92</ns3:cad>
          </ns3:TrackPointExtension>
        </extensions>
      </trkpt>
      <trkpt lat="29.29098106920719146728515625" lon="117.24922858178615570068359375">
        <ele>31</ele>
        <time>2026-08-26T22:03:12.000Z</time>
        <extensions>
          <ns3:TrackPointExtension>
            <ns3:hr>152</ns3:hr>
            <ns3:cad>92</ns3:cad>
          </ns3:TrackPointExtension>
        </extensions>
      </trkpt>
      <trkpt lat="29.290961287915706634521484375" lon="117.24920854903757572174072265625">
        <ele>31</ele>
        <time>2026-08-26T22:03:13.000Z</time>
        <extensions>
          <ns3:TrackPointExtension>
            <ns3:hr>151</ns3:hr>
            <ns3:cad>92</ns3:cad>
          </ns3:TrackPointExtension>
        </extensions>
      </trkpt>
      <trkpt lat="29.29094745777547359466552734375" lon="117.24917569197714328765869140625">
        <ele>31</ele>
        <time>2026-08-26T22:03:14.000Z</time>
        <extensions>
          <ns3:TrackPointExtension>
            <ns3:hr>152</ns3:hr>
            <ns3:cad>92</ns3:cad>
          </ns3:TrackPointExtension>
        </extensions>
      </trkpt>
      <trkpt lat="29.290925748646259307861328125" lon="117.24915138445794582366943359375">
        <ele>31</ele>
        <time>2026-08-26T22:03:15.000Z</time>
        <extensions>
          <ns3:TrackPointExtension>
            <ns3:hr>151</ns3:hr>
            <ns3:cad>92</ns3:cad>
          </ns3:TrackPointExtension>
        </extensions>
      </trkpt>
      <trkpt lat="29.2909135110676288604736328125" lon="117.24911752156913280487060546875">
        <ele>31</ele>
        <time>2026-08-26T22:03:16.000Z</time>
        <extensions>
          <ns3:TrackPointExtension>
            <ns3:hr>151</ns3:hr>
            <ns3:cad>92</ns3:cad>
          </ns3:TrackPointExtension>
        </extensions>
      </trkpt>
      <trkpt lat="29.29089725017547607421875" lon="117.2490926273167133331298828125">
        <ele>31</ele>
        <time>2026-08-26T22:03:17.000Z</time>
        <extensions>
          <ns3:TrackPointExtension>
            <ns3:hr>151</ns3:hr>
            <ns3:cad>92</ns3:cad>
          </ns3:TrackPointExtension>
        </extensions>
      </trkpt>
      <trkpt lat="29.290882833302021026611328125" lon="117.24906027317047119140625">
        <ele>31</ele>
        <time>2026-08-26T22:03:18.000Z</time>
        <extensions>
          <ns3:TrackPointExtension>
            <ns3:hr>151</ns3:hr>
            <ns3:cad>92</ns3:cad>
          </ns3:TrackPointExtension>
        </extensions>
      </trkpt>
      <trkpt lat="29.29086581803858280181884765625" lon="117.2490321099758148193359375">
        <ele>31</ele>
        <time>2026-08-26T22:03:19.000Z</time>
        <extensions>
          <ns3:TrackPointExtension>
            <ns3:hr>151</ns3:hr>
            <ns3:cad>92</ns3:cad>
          </ns3:TrackPointExtension>
        </extensions>
      </trkpt>
      <trkpt lat="29.2908491380512714385986328125" lon="117.2490024380385875701904296875">
        <ele>31</ele>
        <time>2026-08-26T22:03:20.000Z</time>
        <extensions>
          <ns3:TrackPointExtension>
            <ns3:hr>152</ns3:hr>
            <ns3:cad>91</ns3:cad>
          </ns3:TrackPointExtension>
        </extensions>
      </trkpt>
      <trkpt lat="29.2908320389688014984130859375" lon="117.2489731013774871826171875">
        <ele>31</ele>
        <time>2026-08-26T22:03:21.000Z</time>
        <extensions>
          <ns3:TrackPointExtension>
            <ns3:hr>151</ns3:hr>
            <ns3:cad>91</ns3:cad>
          </ns3:TrackPointExtension>
        </extensions>
      </trkpt>
      <trkpt lat="29.2908172868192195892333984375" lon="117.24895122461020946502685546875">
        <ele>30.799999237060546875</ele>
        <time>2026-08-26T22:03:22.000Z</time>
        <extensions>
          <ns3:TrackPointExtension>
            <ns3:hr>151</ns3:hr>
            <ns3:cad>91</ns3:cad>
          </ns3:TrackPointExtension>
        </extensions>
      </trkpt>
      <trkpt lat="29.29079825989902019500732421875" lon="117.2489166073501110076904296875">
        <ele>31</ele>
        <time>2026-08-26T22:03:23.000Z</time>
        <extensions>
          <ns3:TrackPointExtension>
            <ns3:hr>152</ns3:hr>
            <ns3:cad>92</ns3:cad>
          </ns3:TrackPointExtension>
        </extensions>
      </trkpt>
      <trkpt lat="29.29078082554042339324951171875" lon="117.24889372475445270538330078125">
        <ele>31</ele>
        <time>2026-08-26T22:03:24.000Z</time>
        <extensions>
          <ns3:TrackPointExtension>
            <ns3:hr>151</ns3:hr>
            <ns3:cad>91</ns3:cad>
          </ns3:TrackPointExtension>
        </extensions>
      </trkpt>
      <trkpt lat="29.290762804448604583740234375" lon="117.24886036477982997894287109375">
        <ele>31</ele>
        <time>2026-08-26T22:03:25.000Z</time>
        <extensions>
          <ns3:TrackPointExtension>
            <ns3:hr>151</ns3:hr>
            <ns3:cad>91</ns3:cad>
          </ns3:TrackPointExtension>
        </extensions>
      </trkpt>
      <trkpt lat="29.29074780084192752838134765625" lon="117.248838655650615692138671875">
        <ele>31</ele>
        <time>2026-08-26T22:03:26.000Z</time>
        <extensions>
          <ns3:TrackPointExtension>
            <ns3:hr>152</ns3:hr>
            <ns3:cad>91</ns3:cad>
          </ns3:TrackPointExtension>
        </extensions>
      </trkpt>
      <trkpt lat="29.2907297797501087188720703125" lon="117.24880252964794635772705078125">
        <ele>31.200000762939453125</ele>
        <time>2026-08-26T22:03:27.000Z</time>
        <extensions>
          <ns3:TrackPointExtension>
            <ns3:hr>152</ns3:hr>
            <ns3:cad>91</ns3:cad>
          </ns3:TrackPointExtension>
        </extensions>
      </trkpt>
      <trkpt lat="29.29070907644927501678466796875" lon="117.24878777749836444854736328125">
        <ele>31.200000762939453125</ele>
        <time>2026-08-26T22:03:28.000Z</time>
        <extensions>
          <ns3:TrackPointExtension>
            <ns3:hr>152</ns3:hr>
            <ns3:cad>93</ns3:cad>
          </ns3:TrackPointExtension>
        </extensions>
      </trkpt>
      <trkpt lat="29.2906925641000270843505859375" lon="117.24875743500888347625732421875">
        <ele>31</ele>
        <time>2026-08-26T22:03:29.000Z</time>
        <extensions>
          <ns3:TrackPointExtension>
            <ns3:hr>152</ns3:hr>
            <ns3:cad>93</ns3:cad>
          </ns3:TrackPointExtension>
        </extensions>
      </trkpt>
      <trkpt lat="29.29067454300820827484130859375" lon="117.24873681552708148956298828125">
        <ele>31</ele>
        <time>2026-08-26T22:03:30.000Z</time>
        <extensions>
          <ns3:TrackPointExtension>
            <ns3:hr>153</ns3:hr>
            <ns3:cad>93</ns3:cad>
          </ns3:TrackPointExtension>
        </extensions>
      </trkpt>
      <trkpt lat="29.2906598746776580810546875" lon="117.248703874647617340087890625">
        <ele>31</ele>
        <time>2026-08-26T22:03:31.000Z</time>
        <extensions>
          <ns3:TrackPointExtension>
            <ns3:hr>153</ns3:hr>
            <ns3:cad>93</ns3:cad>
          </ns3:TrackPointExtension>
        </extensions>
      </trkpt>
      <trkpt lat="29.29064168594777584075927734375" lon="117.24868535064160823822021484375">
        <ele>31</ele>
        <time>2026-08-26T22:03:32.000Z</time>
        <extensions>
          <ns3:TrackPointExtension>
            <ns3:hr>153</ns3:hr>
            <ns3:cad>92</ns3:cad>
          </ns3:TrackPointExtension>
        </extensions>
      </trkpt>
      <trkpt lat="29.2906261794269084930419921875" lon="117.2486527450382709503173828125">
        <ele>31</ele>
        <time>2026-08-26T22:03:33.000Z</time>
        <extensions>
          <ns3:TrackPointExtension>
            <ns3:hr>153</ns3:hr>
            <ns3:cad>93</ns3:cad>
          </ns3:TrackPointExtension>
        </extensions>
      </trkpt>
      <trkpt lat="29.29060648195445537567138671875" lon="117.248627431690692901611328125">
        <ele>31.200000762939453125</ele>
        <time>2026-08-26T22:03:34.000Z</time>
        <extensions>
          <ns3:TrackPointExtension>
            <ns3:hr>153</ns3:hr>
            <ns3:cad>93</ns3:cad>
          </ns3:TrackPointExtension>
        </extensions>
      </trkpt>
      <trkpt lat="29.2905919812619686126708984375" lon="117.248593904078006744384765625">
        <ele>31.200000762939453125</ele>
        <time>2026-08-26T22:03:35.000Z</time>
        <extensions>
          <ns3:TrackPointExtension>
            <ns3:hr>153</ns3:hr>
            <ns3:cad>93</ns3:cad>
          </ns3:TrackPointExtension>
        </extensions>
      </trkpt>
      <trkpt lat="29.2905713617801666259765625" lon="117.24856481887400150299072265625">
        <ele>31.200000762939453125</ele>
        <time>2026-08-26T22:03:36.000Z</time>
        <extensions>
          <ns3:TrackPointExtension>
            <ns3:hr>153</ns3:hr>
            <ns3:cad>93</ns3:cad>
          </ns3:TrackPointExtension>
        </extensions>
      </trkpt>
      <trkpt lat="29.2905534245073795318603515625" lon="117.24853296764194965362548828125">
        <ele>31.200000762939453125</ele>
        <time>2026-08-26T22:03:37.000Z</time>
        <extensions>
          <ns3:TrackPointExtension>
            <ns3:hr>153</ns3:hr>
            <ns3:cad>93</ns3:cad>
          </ns3:TrackPointExtension>
        </extensions>
      </trkpt>
      <trkpt lat="29.290533475577831268310546875" lon="117.24850061349570751190185546875">
        <ele>31.200000762939453125</ele>
        <time>2026-08-26T22:03:38.000Z</time>
        <extensions>
          <ns3:TrackPointExtension>
            <ns3:hr>153</ns3:hr>
            <ns3:cad>93</ns3:cad>
          </ns3:TrackPointExtension>
        </extensions>
      </trkpt>
      <trkpt lat="29.29051545448601245880126953125" lon="117.248475551605224609375">
        <ele>31</ele>
        <time>2026-08-26T22:03:39.000Z</time>
        <extensions>
          <ns3:TrackPointExtension>
            <ns3:hr>153</ns3:hr>
            <ns3:cad>93</ns3:cad>
          </ns3:TrackPointExtension>
        </extensions>
      </trkpt>
      <trkpt lat="29.29049718193709850311279296875" lon="117.2484445385634899139404296875">
        <ele>31</ele>
        <time>2026-08-26T22:03:40.000Z</time>
        <extensions>
          <ns3:TrackPointExtension>
            <ns3:hr>153</ns3:hr>
            <ns3:cad>93</ns3:cad>
          </ns3:TrackPointExtension>
        </extensions>
      </trkpt>
      <trkpt lat="29.29047706536948680877685546875" lon="117.2484220750629901885986328125">
        <ele>31</ele>
        <time>2026-08-26T22:03:41.000Z</time>
        <extensions>
          <ns3:TrackPointExtension>
            <ns3:hr>154</ns3:hr>
            <ns3:cad>92</ns3:cad>
          </ns3:TrackPointExtension>
        </extensions>
      </trkpt>
      <trkpt lat="29.29045745171606540679931640625" lon="117.24838360212743282318115234375">
        <ele>31</ele>
        <time>2026-08-26T22:03:42.000Z</time>
        <extensions>
          <ns3:TrackPointExtension>
            <ns3:hr>154</ns3:hr>
            <ns3:cad>92</ns3:cad>
          </ns3:TrackPointExtension>
        </extensions>
      </trkpt>
      <trkpt lat="29.29043699987232685089111328125" lon="117.248361892998218536376953125">
        <ele>31</ele>
        <time>2026-08-26T22:03:43.000Z</time>
        <extensions>
          <ns3:TrackPointExtension>
            <ns3:hr>154</ns3:hr>
            <ns3:cad>91</ns3:cad>
          </ns3:TrackPointExtension>
        </extensions>
      </trkpt>
      <trkpt lat="29.2904184758663177490234375" lon="117.2483221627771854400634765625">
        <ele>30.799999237060546875</ele>
        <time>2026-08-26T22:03:44.000Z</time>
        <extensions>
          <ns3:TrackPointExtension>
            <ns3:hr>154</ns3:hr>
            <ns3:cad>92</ns3:cad>
          </ns3:TrackPointExtension>
        </extensions>
      </trkpt>
      <trkpt lat="29.2904015444219112396240234375" lon="117.2482986934483051300048828125">
        <ele>31</ele>
        <time>2026-08-26T22:03:45.000Z</time>
        <extensions>
          <ns3:TrackPointExtension>
            <ns3:hr>155</ns3:hr>
            <ns3:cad>92</ns3:cad>
          </ns3:TrackPointExtension>
        </extensions>
      </trkpt>
      <trkpt lat="29.29038369096815586090087890625" lon="117.2482628189027309417724609375">
        <ele>30.799999237060546875</ele>
        <time>2026-08-26T22:03:46.000Z</time>
        <extensions>
          <ns3:TrackPointExtension>
            <ns3:hr>155</ns3:hr>
            <ns3:cad>92</ns3:cad>
          </ns3:TrackPointExtension>
        </extensions>
      </trkpt>
      <trkpt lat="29.290363825857639312744140625" lon="117.24823825992643833160400390625">
        <ele>30.799999237060546875</ele>
        <time>2026-08-26T22:03:47.000Z</time>
        <extensions>
          <ns3:TrackPointExtension>
            <ns3:hr>155</ns3:hr>
            <ns3:cad>94</ns3:cad>
          </ns3:TrackPointExtension>
        </extensions>
      </trkpt>
      <trkpt lat="29.2903468944132328033447265625" lon="117.24820473231375217437744140625">
        <ele>30.799999237060546875</ele>
        <time>2026-08-26T22:03:48.000Z</time>
        <extensions>
          <ns3:TrackPointExtension>
            <ns3:hr>154</ns3:hr>
            <ns3:cad>93</ns3:cad>
          </ns3:TrackPointExtension>
        </extensions>
      </trkpt>
      <trkpt lat="29.29032535292208194732666015625" lon="117.2481783293187618255615234375">
        <ele>30.799999237060546875</ele>
        <time>2026-08-26T22:03:49.000Z</time>
        <extensions>
          <ns3:TrackPointExtension>
            <ns3:hr>155</ns3:hr>
            <ns3:cad>93</ns3:cad>
          </ns3:TrackPointExtension>
        </extensions>
      </trkpt>
      <trkpt lat="29.29030640982091426849365234375" lon="117.24814522080123424530029296875">
        <ele>30.799999237060546875</ele>
        <time>2026-08-26T22:03:50.000Z</time>
        <extensions>
          <ns3:TrackPointExtension>
            <ns3:hr>155</ns3:hr>
            <ns3:cad>93</ns3:cad>
          </ns3:TrackPointExtension>
        </extensions>
      </trkpt>
      <trkpt lat="29.29028528742492198944091796875" lon="117.24811370484530925750732421875">
        <ele>30.799999237060546875</ele>
        <time>2026-08-26T22:03:51.000Z</time>
        <extensions>
          <ns3:TrackPointExtension>
            <ns3:hr>154</ns3:hr>
            <ns3:cad>93</ns3:cad>
          </ns3:TrackPointExtension>
        </extensions>
      </trkpt>
      <trkpt lat="29.290266931056976318359375" lon="117.24808520637452602386474609375">
        <ele>30.799999237060546875</ele>
        <time>2026-08-26T22:03:52.000Z</time>
        <extensions>
          <ns3:TrackPointExtension>
            <ns3:hr>155</ns3:hr>
            <ns3:cad>93</ns3:cad>
          </ns3:TrackPointExtension>
        </extensions>
      </trkpt>
      <trkpt lat="29.29024471901357173919677734375" lon="117.248049080371856689453125">
        <ele>30.799999237060546875</ele>
        <time>2026-08-26T22:03:53.000Z</time>
        <extensions>
          <ns3:TrackPointExtension>
            <ns3:hr>155</ns3:hr>
            <ns3:cad>92</ns3:cad>
          </ns3:TrackPointExtension>
        </extensions>
      </trkpt>
      <trkpt lat="29.29022527299821376800537109375" lon="117.2480235993862152099609375">
        <ele>30.6000003814697265625</ele>
        <time>2026-08-26T22:03:54.000Z</time>
        <extensions>
          <ns3:TrackPointExtension>
            <ns3:hr>155</ns3:hr>
            <ns3:cad>92</ns3:cad>
          </ns3:TrackPointExtension>
        </extensions>
      </trkpt>
      <trkpt lat="29.29020482115447521209716796875" lon="117.247984707355499267578125">
        <ele>30.6000003814697265625</ele>
        <time>2026-08-26T22:03:55.000Z</time>
        <extensions>
          <ns3:TrackPointExtension>
            <ns3:hr>155</ns3:hr>
            <ns3:cad>92</ns3:cad>
          </ns3:TrackPointExtension>
        </extensions>
      </trkpt>
      <trkpt lat="29.290182106196880340576171875" lon="117.2479610703885555267333984375">
        <ele>30.3999996185302734375</ele>
        <time>2026-08-26T22:03:56.000Z</time>
        <extensions>
          <ns3:TrackPointExtension>
            <ns3:hr>156</ns3:hr>
            <ns3:cad>92</ns3:cad>
          </ns3:TrackPointExtension>
        </extensions>
      </trkpt>
      <trkpt lat="29.290162660181522369384765625" lon="117.247924022376537322998046875">
        <ele>30.3999996185302734375</ele>
        <time>2026-08-26T22:03:57.000Z</time>
        <extensions>
          <ns3:TrackPointExtension>
            <ns3:hr>156</ns3:hr>
            <ns3:cad>91</ns3:cad>
          </ns3:TrackPointExtension>
        </extensions>
      </trkpt>
      <trkpt lat="29.2901420406997203826904296875" lon="117.2478983737528324127197265625">
        <ele>30.3999996185302734375</ele>
        <time>2026-08-26T22:03:58.000Z</time>
        <extensions>
          <ns3:TrackPointExtension>
            <ns3:hr>156</ns3:hr>
            <ns3:cad>91</ns3:cad>
          </ns3:TrackPointExtension>
        </extensions>
      </trkpt>
      <trkpt lat="29.2901229299604892730712890625" lon="117.24786409176886081695556640625">
        <ele>30.200000762939453125</ele>
        <time>2026-08-26T22:03:59.000Z</time>
        <extensions>
          <ns3:TrackPointExtension>
            <ns3:hr>156</ns3:hr>
            <ns3:cad>91</ns3:cad>
          </ns3:TrackPointExtension>
        </extensions>
      </trkpt>
      <trkpt lat="29.29009987972676753997802734375" lon="117.24784112535417079925537109375">
        <ele>30.200000762939453125</ele>
        <time>2026-08-26T22:04:00.000Z</time>
        <extensions>
          <ns3:TrackPointExtension>
            <ns3:hr>156</ns3:hr>
            <ns3:cad>93</ns3:cad>
          </ns3:TrackPointExtension>
        </extensions>
      </trkpt>
      <trkpt lat="29.29008244536817073822021484375" lon="117.247810028493404388427734375">
        <ele>30.200000762939453125</ele>
        <time>2026-08-26T22:04:01.000Z</time>
        <extensions>
          <ns3:TrackPointExtension>
            <ns3:hr>156</ns3:hr>
            <ns3:cad>93</ns3:cad>
          </ns3:TrackPointExtension>
        </extensions>
      </trkpt>
      <trkpt lat="29.290060065686702728271484375" lon="117.24777884781360626220703125">
        <ele>30</ele>
        <time>2026-08-26T22:04:02.000Z</time>
        <extensions>
          <ns3:TrackPointExtension>
            <ns3:hr>156</ns3:hr>
            <ns3:cad>93</ns3:cad>
          </ns3:TrackPointExtension>
        </extensions>
      </trkpt>
      <trkpt lat="29.29004506208002567291259765625" lon="117.24775177426636219024658203125">
        <ele>30</ele>
        <time>2026-08-26T22:04:03.000Z</time>
        <extensions>
          <ns3:TrackPointExtension>
            <ns3:hr>156</ns3:hr>
            <ns3:cad>93</ns3:cad>
          </ns3:TrackPointExtension>
        </extensions>
      </trkpt>
      <trkpt lat="29.29002192802727222442626953125" lon="117.24771740846335887908935546875">
        <ele>30</ele>
        <time>2026-08-26T22:04:04.000Z</time>
        <extensions>
          <ns3:TrackPointExtension>
            <ns3:hr>157</ns3:hr>
            <ns3:cad>91</ns3:cad>
          </ns3:TrackPointExtension>
        </extensions>
      </trkpt>
      <trkpt lat="29.29000399075448513031005859375" lon="117.24769704043865203857421875">
        <ele>29.799999237060546875</ele>
        <time>2026-08-26T22:04:05.000Z</time>
        <extensions>
          <ns3:TrackPointExtension>
            <ns3:hr>157</ns3:hr>
            <ns3:cad>92</ns3:cad>
          </ns3:TrackPointExtension>
        </extensions>
      </trkpt>
      <trkpt lat="29.2899814434349536895751953125" lon="117.2476656921207904815673828125">
        <ele>29.799999237060546875</ele>
        <time>2026-08-26T22:04:06.000Z</time>
        <extensions>
          <ns3:TrackPointExtension>
            <ns3:hr>157</ns3:hr>
            <ns3:cad>92</ns3:cad>
          </ns3:TrackPointExtension>
        </extensions>
      </trkpt>
      <trkpt lat="29.28996358998119831085205078125" lon="117.24764834158122539520263671875">
        <ele>29.799999237060546875</ele>
        <time>2026-08-26T22:04:07.000Z</time>
        <extensions>
          <ns3:TrackPointExtension>
            <ns3:hr>157</ns3:hr>
            <ns3:cad>93</ns3:cad>
          </ns3:TrackPointExtension>
        </extensions>
      </trkpt>
      <trkpt lat="29.289944060146808624267578125" lon="117.24761280231177806854248046875">
        <ele>29.799999237060546875</ele>
        <time>2026-08-26T22:04:08.000Z</time>
        <extensions>
          <ns3:TrackPointExtension>
            <ns3:hr>157</ns3:hr>
            <ns3:cad>91</ns3:cad>
          </ns3:TrackPointExtension>
        </extensions>
      </trkpt>
      <trkpt lat="29.289923608303070068359375" lon="117.24759251810610294342041015625">
        <ele>29.6000003814697265625</ele>
        <time>2026-08-26T22:04:09.000Z</time>
        <extensions>
          <ns3:TrackPointExtension>
            <ns3:hr>156</ns3:hr>
            <ns3:cad>91</ns3:cad>
          </ns3:TrackPointExtension>
        </extensions>
      </trkpt>
      <trkpt lat="29.28990826942026615142822265625" lon="117.2475515305995941162109375">
        <ele>29.6000003814697265625</ele>
        <time>2026-08-26T22:04:10.000Z</time>
        <extensions>
          <ns3:TrackPointExtension>
            <ns3:hr>156</ns3:hr>
            <ns3:cad>91</ns3:cad>
          </ns3:TrackPointExtension>
        </extensions>
      </trkpt>
      <trkpt lat="29.289887063205242156982421875" lon="117.2475319169461727142333984375">
        <ele>29.6000003814697265625</ele>
        <time>2026-08-26T22:04:11.000Z</time>
        <extensions>
          <ns3:TrackPointExtension>
            <ns3:hr>156</ns3:hr>
            <ns3:cad>91</ns3:cad>
          </ns3:TrackPointExtension>
        </extensions>
      </trkpt>
      <trkpt lat="29.28987222723662853240966796875" lon="117.24749947898089885711669921875">
        <ele>29.6000003814697265625</ele>
        <time>2026-08-26T22:04:12.000Z</time>
        <extensions>
          <ns3:TrackPointExtension>
            <ns3:hr>156</ns3:hr>
            <ns3:cad>91</ns3:cad>
          </ns3:TrackPointExtension>
        </extensions>
      </trkpt>
      <trkpt lat="29.2898543737828731536865234375" lon="117.247476764023303985595703125">
        <ele>29.3999996185302734375</ele>
        <time>2026-08-26T22:04:13.000Z</time>
        <extensions>
          <ns3:TrackPointExtension>
            <ns3:hr>156</ns3:hr>
            <ns3:cad>92</ns3:cad>
          </ns3:TrackPointExtension>
        </extensions>
      </trkpt>
      <trkpt lat="29.2898418009281158447265625" lon="117.2474427334964275360107421875">
        <ele>29.3999996185302734375</ele>
        <time>2026-08-26T22:04:14.000Z</time>
        <extensions>
          <ns3:TrackPointExtension>
            <ns3:hr>157</ns3:hr>
            <ns3:cad>92</ns3:cad>
          </ns3:TrackPointExtension>
        </extensions>
      </trkpt>
      <trkpt lat="29.2898245342075824737548828125" lon="117.24741012789309024810791015625">
        <ele>29.3999996185302734375</ele>
        <time>2026-08-26T22:04:15.000Z</time>
        <extensions>
          <ns3:TrackPointExtension>
            <ns3:hr>157</ns3:hr>
            <ns3:cad>92</ns3:cad>
          </ns3:TrackPointExtension>
        </extensions>
      </trkpt>
      <trkpt lat="29.28981321863830089569091796875" lon="117.2473783604800701141357421875">
        <ele>29.3999996185302734375</ele>
        <time>2026-08-26T22:04:16.000Z</time>
        <extensions>
          <ns3:TrackPointExtension>
            <ns3:hr>157</ns3:hr>
            <ns3:cad>93</ns3:cad>
          </ns3:TrackPointExtension>
        </extensions>
      </trkpt>
      <trkpt lat="29.28979762829840183258056640625" lon="117.247341983020305633544921875">
        <ele>29.200000762939453125</ele>
        <time>2026-08-26T22:04:17.000Z</time>
        <extensions>
          <ns3:TrackPointExtension>
            <ns3:hr>157</ns3:hr>
            <ns3:cad>93</ns3:cad>
          </ns3:TrackPointExtension>
        </extensions>
      </trkpt>
      <trkpt lat="29.28978455252945423126220703125" lon="117.24731147289276123046875">
        <ele>29.200000762939453125</ele>
        <time>2026-08-26T22:04:18.000Z</time>
        <extensions>
          <ns3:TrackPointExtension>
            <ns3:hr>157</ns3:hr>
            <ns3:cad>93</ns3:cad>
          </ns3:TrackPointExtension>
        </extensions>
      </trkpt>
      <trkpt lat="29.289772398769855499267578125" lon="117.247274257242679595947265625">
        <ele>29</ele>
        <time>2026-08-26T22:04:19.000Z</time>
        <extensions>
          <ns3:TrackPointExtension>
            <ns3:hr>157</ns3:hr>
            <ns3:cad>93</ns3:cad>
          </ns3:TrackPointExtension>
        </extensions>
      </trkpt>
      <trkpt lat="29.2897668667137622833251953125" lon="117.24723829887807369232177734375">
        <ele>29</ele>
        <time>2026-08-26T22:04:20.000Z</time>
        <extensions>
          <ns3:TrackPointExtension>
            <ns3:hr>158</ns3:hr>
            <ns3:cad>93</ns3:cad>
          </ns3:TrackPointExtension>
        </extensions>
      </trkpt>
      <trkpt lat="29.28975404240190982818603515625" lon="117.247196137905120849609375">
        <ele>28.799999237060546875</ele>
        <time>2026-08-26T22:04:21.000Z</time>
        <extensions>
          <ns3:TrackPointExtension>
            <ns3:hr>158</ns3:hr>
            <ns3:cad>92</ns3:cad>
          </ns3:TrackPointExtension>
        </extensions>
      </trkpt>
      <trkpt lat="29.28973560221493244171142578125" lon="117.24717132747173309326171875">
        <ele>28.6000003814697265625</ele>
        <time>2026-08-26T22:04:22.000Z</time>
        <extensions>
          <ns3:TrackPointExtension>
            <ns3:hr>157</ns3:hr>
            <ns3:cad>92</ns3:cad>
          </ns3:TrackPointExtension>
        </extensions>
      </trkpt>
      <trkpt lat="29.2897205986082553863525390625" lon="117.2471326030790805816650390625">
        <ele>28.3999996185302734375</ele>
        <time>2026-08-26T22:04:23.000Z</time>
        <extensions>
          <ns3:TrackPointExtension>
            <ns3:hr>157</ns3:hr>
            <ns3:cad>92</ns3:cad>
          </ns3:TrackPointExtension>
        </extensions>
      </trkpt>
      <trkpt lat="29.289702661335468292236328125" lon="117.24711106158792972564697265625">
        <ele>28.3999996185302734375</ele>
        <time>2026-08-26T22:04:24.000Z</time>
        <extensions>
          <ns3:TrackPointExtension>
            <ns3:hr>157</ns3:hr>
            <ns3:cad>91</ns3:cad>
          </ns3:TrackPointExtension>
        </extensions>
      </trkpt>
      <trkpt lat="29.28968765772879123687744140625" lon="117.2470709122717380523681640625">
        <ele>28.200000762939453125</ele>
        <time>2026-08-26T22:04:25.000Z</time>
        <extensions>
          <ns3:TrackPointExtension>
            <ns3:hr>158</ns3:hr>
            <ns3:cad>92</ns3:cad>
          </ns3:TrackPointExtension>
        </extensions>
      </trkpt>
      <trkpt lat="29.28966888226568698883056640625" lon="117.24704819731414318084716796875">
        <ele>28.200000762939453125</ele>
        <time>2026-08-26T22:04:26.000Z</time>
        <extensions>
          <ns3:TrackPointExtension>
            <ns3:hr>157</ns3:hr>
            <ns3:cad>92</ns3:cad>
          </ns3:TrackPointExtension>
        </extensions>
      </trkpt>
      <trkpt lat="29.28965647704899311065673828125" lon="117.2470095567405223846435546875">
        <ele>28.200000762939453125</ele>
        <time>2026-08-26T22:04:27.000Z</time>
        <extensions>
          <ns3:TrackPointExtension>
            <ns3:hr>157</ns3:hr>
            <ns3:cad>93</ns3:cad>
          </ns3:TrackPointExtension>
        </extensions>
      </trkpt>
      <trkpt lat="29.2896408028900623321533203125" lon="117.24698089063167572021484375">
        <ele>28.200000762939453125</ele>
        <time>2026-08-26T22:04:28.000Z</time>
        <extensions>
          <ns3:TrackPointExtension>
            <ns3:hr>158</ns3:hr>
            <ns3:cad>93</ns3:cad>
          </ns3:TrackPointExtension>
        </extensions>
      </trkpt>
      <trkpt lat="29.28962948732078075408935546875" lon="117.24694736301898956298828125">
        <ele>28</ele>
        <time>2026-08-26T22:04:29.000Z</time>
        <extensions>
          <ns3:TrackPointExtension>
            <ns3:hr>158</ns3:hr>
            <ns3:cad>92</ns3:cad>
          </ns3:TrackPointExtension>
        </extensions>
      </trkpt>
      <trkpt lat="29.28961356170475482940673828125" lon="117.2469150088727474212646484375">
        <ele>28</ele>
        <time>2026-08-26T22:04:30.000Z</time>
        <extensions>
          <ns3:TrackPointExtension>
            <ns3:hr>158</ns3:hr>
            <ns3:cad>92</ns3:cad>
          </ns3:TrackPointExtension>
        </extensions>
      </trkpt>
      <trkpt lat="29.28960266523063182830810546875" lon="117.24688030779361724853515625">
        <ele>28</ele>
        <time>2026-08-26T22:04:31.000Z</time>
        <extensions>
          <ns3:TrackPointExtension>
            <ns3:hr>157</ns3:hr>
            <ns3:cad>92</ns3:cad>
          </ns3:TrackPointExtension>
        </extensions>
      </trkpt>
      <trkpt lat="29.28958958946168422698974609375" lon="117.24684686399996280670166015625">
        <ele>27.799999237060546875</ele>
        <time>2026-08-26T22:04:32.000Z</time>
        <extensions>
          <ns3:TrackPointExtension>
            <ns3:hr>158</ns3:hr>
            <ns3:cad>92</ns3:cad>
          </ns3:TrackPointExtension>
        </extensions>
      </trkpt>
      <trkpt lat="29.28957961499691009521484375" lon="117.24681316874921321868896484375">
        <ele>27.799999237060546875</ele>
        <time>2026-08-26T22:04:33.000Z</time>
        <extensions>
          <ns3:TrackPointExtension>
            <ns3:hr>158</ns3:hr>
            <ns3:cad>93</ns3:cad>
          </ns3:TrackPointExtension>
        </extensions>
      </trkpt>
      <trkpt lat="29.2895677126944065093994140625" lon="117.24676975049078464508056640625">
        <ele>27.799999237060546875</ele>
        <time>2026-08-26T22:04:34.000Z</time>
        <extensions>
          <ns3:TrackPointExtension>
            <ns3:hr>157</ns3:hr>
            <ns3:cad>93</ns3:cad>
          </ns3:TrackPointExtension>
        </extensions>
      </trkpt>
      <trkpt lat="29.28955472074449062347412109375" lon="117.2467342950403690338134765625">
        <ele>27.799999237060546875</ele>
        <time>2026-08-26T22:04:35.000Z</time>
        <extensions>
          <ns3:TrackPointExtension>
            <ns3:hr>158</ns3:hr>
            <ns3:cad>93</ns3:cad>
          </ns3:TrackPointExtension>
        </extensions>
      </trkpt>
      <trkpt lat="29.28954097442328929901123046875" lon="117.24669749848544597625732421875">
        <ele>27.6000003814697265625</ele>
        <time>2026-08-26T22:04:36.000Z</time>
        <extensions>
          <ns3:TrackPointExtension>
            <ns3:hr>158</ns3:hr>
            <ns3:cad>93</ns3:cad>
          </ns3:TrackPointExtension>
        </extensions>
      </trkpt>
      <trkpt lat="29.2895321734249591827392578125" lon="117.2466679103672504425048828125">
        <ele>27.6000003814697265625</ele>
        <time>2026-08-26T22:04:37.000Z</time>
        <extensions>
          <ns3:TrackPointExtension>
            <ns3:hr>158</ns3:hr>
            <ns3:cad>92</ns3:cad>
          </ns3:TrackPointExtension>
        </extensions>
      </trkpt>
      <trkpt lat="29.28952588699758052825927734375" lon="117.2466283477842807769775390625">
        <ele>27.6000003814697265625</ele>
        <time>2026-08-26T22:04:38.000Z</time>
        <extensions>
          <ns3:TrackPointExtension>
            <ns3:hr>158</ns3:hr>
            <ns3:cad>92</ns3:cad>
          </ns3:TrackPointExtension>
        </extensions>
      </trkpt>
      <trkpt lat="29.28951147012412548065185546875" lon="117.24660160951316356658935546875">
        <ele>27.6000003814697265625</ele>
        <time>2026-08-26T22:04:39.000Z</time>
        <extensions>
          <ns3:TrackPointExtension>
            <ns3:hr>158</ns3:hr>
            <ns3:cad>92</ns3:cad>
          </ns3:TrackPointExtension>
        </extensions>
      </trkpt>
      <trkpt lat="29.28949587978422641754150390625" lon="117.246564142405986785888671875">
        <ele>27.3999996185302734375</ele>
        <time>2026-08-26T22:04:40.000Z</time>
        <extensions>
          <ns3:TrackPointExtension>
            <ns3:hr>158</ns3:hr>
            <ns3:cad>92</ns3:cad>
          </ns3:TrackPointExtension>
        </extensions>
      </trkpt>
      <trkpt lat="29.2894798703491687774658203125" lon="117.24654494784772396087646484375">
        <ele>27.6000003814697265625</ele>
        <time>2026-08-26T22:04:41.000Z</time>
        <extensions>
          <ns3:TrackPointExtension>
            <ns3:hr>159</ns3:hr>
            <ns3:cad>90</ns3:cad>
          </ns3:TrackPointExtension>
        </extensions>
      </trkpt>
      <trkpt lat="29.28945095278322696685791015625" lon="117.246529273688793182373046875">
        <ele>27.3999996185302734375</ele>
        <time>2026-08-26T22:04:42.000Z</time>
        <extensions>
          <ns3:TrackPointExtension>
            <ns3:hr>159</ns3:hr>
            <ns3:cad>90</ns3:cad>
          </ns3:TrackPointExtension>
        </extensions>
      </trkpt>
      <trkpt lat="29.28942915983498096466064453125" lon="117.2465304471552371978759765625">
        <ele>27.3999996185302734375</ele>
        <time>2026-08-26T22:04:43.000Z</time>
        <extensions>
          <ns3:TrackPointExtension>
            <ns3:hr>159</ns3:hr>
            <ns3:cad>90</ns3:cad>
          </ns3:TrackPointExtension>
        </extensions>
      </trkpt>
      <trkpt lat="29.2893947102129459381103515625" lon="117.246528603136539459228515625">
        <ele>27.3999996185302734375</ele>
        <time>2026-08-26T22:04:44.000Z</time>
        <extensions>
          <ns3:TrackPointExtension>
            <ns3:hr>159</ns3:hr>
            <ns3:cad>91</ns3:cad>
          </ns3:TrackPointExtension>
        </extensions>
      </trkpt>
      <trkpt lat="29.28937375545501708984375" lon="117.2465381585061550140380859375">
        <ele>27.3999996185302734375</ele>
        <time>2026-08-26T22:04:45.000Z</time>
        <extensions>
          <ns3:TrackPointExtension>
            <ns3:hr>159</ns3:hr>
            <ns3:cad>91</ns3:cad>
          </ns3:TrackPointExtension>
        </extensions>
      </trkpt>
      <trkpt lat="29.2893393896520137786865234375" lon="117.24654561839997768402099609375">
        <ele>27.3999996185302734375</ele>
        <time>2026-08-26T22:04:46.000Z</time>
        <extensions>
          <ns3:TrackPointExtension>
            <ns3:hr>159</ns3:hr>
            <ns3:cad>91</ns3:cad>
          </ns3:TrackPointExtension>
        </extensions>
      </trkpt>
      <trkpt lat="29.289317093789577484130859375" lon="117.24655886180698871612548828125">
        <ele>27.3999996185302734375</ele>
        <time>2026-08-26T22:04:47.000Z</time>
        <extensions>
          <ns3:TrackPointExtension>
            <ns3:hr>159</ns3:hr>
            <ns3:cad>91</ns3:cad>
          </ns3:TrackPointExtension>
        </extensions>
      </trkpt>
      <trkpt lat="29.28928415291011333465576171875" lon="117.24656539969146251678466796875">
        <ele>27.3999996185302734375</ele>
        <time>2026-08-26T22:04:48.000Z</time>
        <extensions>
          <ns3:TrackPointExtension>
            <ns3:hr>159</ns3:hr>
            <ns3:cad>91</ns3:cad>
          </ns3:TrackPointExtension>
        </extensions>
      </trkpt>
      <trkpt lat="29.28926202468574047088623046875" lon="117.246577553451061248779296875">
        <ele>27.3999996185302734375</ele>
        <time>2026-08-26T22:04:49.000Z</time>
        <extensions>
          <ns3:TrackPointExtension>
            <ns3:hr>159</ns3:hr>
            <ns3:cad>91</ns3:cad>
          </ns3:TrackPointExtension>
        </extensions>
      </trkpt>
      <trkpt lat="29.28922715596854686737060546875" lon="117.2465830855071544647216796875">
        <ele>27.3999996185302734375</ele>
        <time>2026-08-26T22:04:50.000Z</time>
        <extensions>
          <ns3:TrackPointExtension>
            <ns3:hr>159</ns3:hr>
            <ns3:cad>91</ns3:cad>
          </ns3:TrackPointExtension>
        </extensions>
      </trkpt>
      <trkpt lat="29.28920335136353969573974609375" lon="117.2465954907238483428955078125">
        <ele>27.200000762939453125</ele>
        <time>2026-08-26T22:04:51.000Z</time>
        <extensions>
          <ns3:TrackPointExtension>
            <ns3:hr>158</ns3:hr>
            <ns3:cad>91</ns3:cad>
          </ns3:TrackPointExtension>
        </extensions>
      </trkpt>
      <trkpt lat="29.289172589778900146484375" lon="117.24660144187510013580322265625">
        <ele>27.3999996185302734375</ele>
        <time>2026-08-26T22:04:52.000Z</time>
        <extensions>
          <ns3:TrackPointExtension>
            <ns3:hr>158</ns3:hr>
            <ns3:cad>92</ns3:cad>
          </ns3:TrackPointExtension>
        </extensions>
      </trkpt>
      <trkpt lat="29.2891482822597026824951171875" lon="117.2466154396533966064453125">
        <ele>27.3999996185302734375</ele>
        <time>2026-08-26T22:04:53.000Z</time>
        <extensions>
          <ns3:TrackPointExtension>
            <ns3:hr>158</ns3:hr>
            <ns3:cad>92</ns3:cad>
          </ns3:TrackPointExtension>
        </extensions>
      </trkpt>
      <trkpt lat="29.28912238217890262603759765625" lon="117.24662256427109241485595703125">
        <ele>27.3999996185302734375</ele>
        <time>2026-08-26T22:04:54.000Z</time>
        <extensions>
          <ns3:TrackPointExtension>
            <ns3:hr>158</ns3:hr>
            <ns3:cad>92</ns3:cad>
          </ns3:TrackPointExtension>
        </extensions>
      </trkpt>
      <trkpt lat="29.289098493754863739013671875" lon="117.24663631059229373931884765625">
        <ele>27.3999996185302734375</ele>
        <time>2026-08-26T22:04:55.000Z</time>
        <extensions>
          <ns3:TrackPointExtension>
            <ns3:hr>158</ns3:hr>
            <ns3:cad>92</ns3:cad>
          </ns3:TrackPointExtension>
        </extensions>
      </trkpt>
      <trkpt lat="29.28907276131212711334228515625" lon="117.24664519540965557098388671875">
        <ele>27.3999996185302734375</ele>
        <time>2026-08-26T22:04:56.000Z</time>
        <extensions>
          <ns3:TrackPointExtension>
            <ns3:hr>158</ns3:hr>
            <ns3:cad>92</ns3:cad>
          </ns3:TrackPointExtension>
        </extensions>
      </trkpt>
      <trkpt lat="29.28904359228909015655517578125" lon="117.24665810354053974151611328125">
        <ele>27.200000762939453125</ele>
        <time>2026-08-26T22:04:57.000Z</time>
        <extensions>
          <ns3:TrackPointExtension>
            <ns3:hr>157</ns3:hr>
            <ns3:cad>93</ns3:cad>
          </ns3:TrackPointExtension>
        </extensions>
      </trkpt>
      <trkpt lat="29.28901693783700466156005859375" lon="117.24666682071983814239501953125">
        <ele>27.200000762939453125</ele>
        <time>2026-08-26T22:04:58.000Z</time>
        <extensions>
          <ns3:TrackPointExtension>
            <ns3:hr>157</ns3:hr>
            <ns3:cad>93</ns3:cad>
          </ns3:TrackPointExtension>
        </extensions>
      </trkpt>
      <trkpt lat="29.28898424841463565826416015625" lon="117.24667788483202457427978515625">
        <ele>27.200000762939453125</ele>
        <time>2026-08-26T22:04:59.000Z</time>
        <extensions>
          <ns3:TrackPointExtension>
            <ns3:hr>157</ns3:hr>
            <ns3:cad>93</ns3:cad>
          </ns3:TrackPointExtension>
        </extensions>
      </trkpt>
      <trkpt lat="29.28896044380962848663330078125" lon="117.246686518192291259765625">
        <ele>27.200000762939453125</ele>
        <time>2026-08-26T22:05:00.000Z</time>
        <extensions>
          <ns3:TrackPointExtension>
            <ns3:hr>157</ns3:hr>
            <ns3:cad>93</ns3:cad>
          </ns3:TrackPointExtension>
        </extensions>
      </trkpt>
      <trkpt lat="29.28892607800662517547607421875" lon="117.24669791758060455322265625">
        <ele>27.3999996185302734375</ele>
        <time>2026-08-26T22:05:01.000Z</time>
        <extensions>
          <ns3:TrackPointExtension>
            <ns3:hr>157</ns3:hr>
            <ns3:cad>92</ns3:cad>
          </ns3:TrackPointExtension>
        </extensions>
      </trkpt>
      <trkpt lat="29.28890244103968143463134765625" lon="117.2467068023979663848876953125">
        <ele>27.3999996185302734375</ele>
        <time>2026-08-26T22:05:02.000Z</time>
        <extensions>
          <ns3:TrackPointExtension>
            <ns3:hr>157</ns3:hr>
            <ns3:cad>92</ns3:cad>
          </ns3:TrackPointExtension>
        </extensions>
      </trkpt>
      <trkpt lat="29.28886690177023410797119140625" lon="117.24671845324337482452392578125">
        <ele>27.3999996185302734375</ele>
        <time>2026-08-26T22:05:03.000Z</time>
        <extensions>
          <ns3:TrackPointExtension>
            <ns3:hr>157</ns3:hr>
            <ns3:cad>92</ns3:cad>
          </ns3:TrackPointExtension>
        </extensions>
      </trkpt>
      <trkpt lat="29.28884292952716350555419921875" lon="117.24673622287809848785400390625">
        <ele>27.3999996185302734375</ele>
        <time>2026-08-26T22:05:04.000Z</time>
        <extensions>
          <ns3:TrackPointExtension>
            <ns3:hr>157</ns3:hr>
            <ns3:cad>93</ns3:cad>
          </ns3:TrackPointExtension>
        </extensions>
      </trkpt>
      <trkpt lat="29.2888089828193187713623046875" lon="117.2467473708093166351318359375">
        <ele>27.3999996185302734375</ele>
        <time>2026-08-26T22:05:05.000Z</time>
        <extensions>
          <ns3:TrackPointExtension>
            <ns3:hr>157</ns3:hr>
            <ns3:cad>91</ns3:cad>
          </ns3:TrackPointExtension>
        </extensions>
      </trkpt>
      <trkpt lat="29.28878559730947017669677734375" lon="117.2467631287872791290283203125">
        <ele>27.3999996185302734375</ele>
        <time>2026-08-26T22:05:06.000Z</time>
        <extensions>
          <ns3:TrackPointExtension>
            <ns3:hr>156</ns3:hr>
            <ns3:cad>91</ns3:cad>
          </ns3:TrackPointExtension>
        </extensions>
      </trkpt>
      <trkpt lat="29.28875206969678401947021484375" lon="117.246770672500133514404296875">
        <ele>27.3999996185302734375</ele>
        <time>2026-08-26T22:05:07.000Z</time>
        <extensions>
          <ns3:TrackPointExtension>
            <ns3:hr>156</ns3:hr>
            <ns3:cad>91</ns3:cad>
          </ns3:TrackPointExtension>
        </extensions>
      </trkpt>
      <trkpt lat="29.2887268401682376861572265625" lon="117.2467872686684131622314453125">
        <ele>27.6000003814697265625</ele>
        <time>2026-08-26T22:05:08.000Z</time>
        <extensions>
          <ns3:TrackPointExtension>
            <ns3:hr>156</ns3:hr>
            <ns3:cad>91</ns3:cad>
          </ns3:TrackPointExtension>
        </extensions>
      </trkpt>
      <trkpt lat="29.28870127536356449127197265625" lon="117.24680361337959766387939453125">
        <ele>27.6000003814697265625</ele>
        <time>2026-08-26T22:05:09.000Z</time>
        <extensions>
          <ns3:TrackPointExtension>
            <ns3:hr>157</ns3:hr>
            <ns3:cad>91</ns3:cad>
          </ns3:TrackPointExtension>
        </extensions>
      </trkpt>
      <trkpt lat="29.2886752076447010040283203125" lon="117.2468181140720844268798828125">
        <ele>27.3999996185302734375</ele>
        <time>2026-08-26T22:05:10.000Z</time>
        <extensions>
          <ns3:TrackPointExtension>
            <ns3:hr>157</ns3:hr>
            <ns3:cad>91</ns3:cad>
          </ns3:TrackPointExtension>
        </extensions>
      </trkpt>
      <trkpt lat="29.288648553192615509033203125" lon="117.2468238137662410736083984375">
        <ele>27.3999996185302734375</ele>
        <time>2026-08-26T22:05:11.000Z</time>
        <extensions>
          <ns3:TrackPointExtension>
            <ns3:hr>157</ns3:hr>
            <ns3:cad>91</ns3:cad>
          </ns3:TrackPointExtension>
        </extensions>
      </trkpt>
      <trkpt lat="29.28861536085605621337890625" lon="117.24683739244937896728515625">
        <ele>27.3999996185302734375</ele>
        <time>2026-08-26T22:05:12.000Z</time>
        <extensions>
          <ns3:TrackPointExtension>
            <ns3:hr>156</ns3:hr>
            <ns3:cad>92</ns3:cad>
          </ns3:TrackPointExtension>
        </extensions>
      </trkpt>
      <trkpt lat="29.2885927297174930572509765625" lon="117.2468429245054721832275390625">
        <ele>27.3999996185302734375</ele>
        <time>2026-08-26T22:05:13.000Z</time>
        <extensions>
          <ns3:TrackPointExtension>
            <ns3:hr>156</ns3:hr>
            <ns3:cad>92</ns3:cad>
          </ns3:TrackPointExtension>
        </extensions>
      </trkpt>
      <trkpt lat="29.28855677135288715362548828125" lon="117.24685591645538806915283203125">
        <ele>27.3999996185302734375</ele>
        <time>2026-08-26T22:05:14.000Z</time>
        <extensions>
          <ns3:TrackPointExtension>
            <ns3:hr>157</ns3:hr>
            <ns3:cad>92</ns3:cad>
          </ns3:TrackPointExtension>
        </extensions>
      </trkpt>
      <trkpt lat="29.28853330202400684356689453125" lon="117.246861867606639862060546875">
        <ele>27.3999996185302734375</ele>
        <time>2026-08-26T22:05:15.000Z</time>
        <extensions>
          <ns3:TrackPointExtension>
            <ns3:hr>156</ns3:hr>
            <ns3:cad>92</ns3:cad>
          </ns3:TrackPointExtension>
        </extensions>
      </trkpt>
      <trkpt lat="29.28850279189646244049072265625" lon="117.24687226116657257080078125">
        <ele>27.6000003814697265625</ele>
        <time>2026-08-26T22:05:16.000Z</time>
        <extensions>
          <ns3:TrackPointExtension>
            <ns3:hr>156</ns3:hr>
            <ns3:cad>92</ns3:cad>
          </ns3:TrackPointExtension>
        </extensions>
      </trkpt>
      <trkpt lat="29.28848418407142162322998046875" lon="117.2468836605548858642578125">
        <ele>27.3999996185302734375</ele>
        <time>2026-08-26T22:05:17.000Z</time>
        <extensions>
          <ns3:TrackPointExtension>
            <ns3:hr>156</ns3:hr>
            <ns3:cad>93</ns3:cad>
          </ns3:TrackPointExtension>
        </extensions>
      </trkpt>
      <trkpt lat="29.288454763591289520263671875" lon="117.24689279682934284210205078125">
        <ele>27.799999237060546875</ele>
        <time>2026-08-26T22:05:18.000Z</time>
        <extensions>
          <ns3:TrackPointExtension>
            <ns3:hr>157</ns3:hr>
            <ns3:cad>93</ns3:cad>
          </ns3:TrackPointExtension>
        </extensions>
      </trkpt>
      <trkpt lat="29.28843003697693347930908203125" lon="117.246902771294116973876953125">
        <ele>28</ele>
        <time>2026-08-26T22:05:19.000Z</time>
        <extensions>
          <ns3:TrackPointExtension>
            <ns3:hr>156</ns3:hr>
            <ns3:cad>93</ns3:cad>
          </ns3:TrackPointExtension>
        </extensions>
      </trkpt>
      <trkpt lat="29.28839734755456447601318359375" lon="117.24691073410212993621826171875">
        <ele>28.200000762939453125</ele>
        <time>2026-08-26T22:05:20.000Z</time>
        <extensions>
          <ns3:TrackPointExtension>
            <ns3:hr>156</ns3:hr>
            <ns3:cad>93</ns3:cad>
          </ns3:TrackPointExtension>
        </extensions>
      </trkpt>
      <trkpt lat="29.2883711121976375579833984375" lon="117.246924899518489837646484375">
        <ele>28</ele>
        <time>2026-08-26T22:05:21.000Z</time>
        <extensions>
          <ns3:TrackPointExtension>
            <ns3:hr>156</ns3:hr>
            <ns3:cad>90</ns3:cad>
          </ns3:TrackPointExtension>
        </extensions>
      </trkpt>
      <trkpt lat="29.2883379198610782623291015625" lon="117.24693126976490020751953125">
        <ele>27.799999237060546875</ele>
        <time>2026-08-26T22:05:22.000Z</time>
        <extensions>
          <ns3:TrackPointExtension>
            <ns3:hr>157</ns3:hr>
            <ns3:cad>90</ns3:cad>
          </ns3:TrackPointExtension>
        </extensions>
      </trkpt>
      <trkpt lat="29.28831185214221477508544921875" lon="117.2469453513622283935546875">
        <ele>27.3999996185302734375</ele>
        <time>2026-08-26T22:05:23.000Z</time>
        <extensions>
          <ns3:TrackPointExtension>
            <ns3:hr>156</ns3:hr>
            <ns3:cad>90</ns3:cad>
          </ns3:TrackPointExtension>
        </extensions>
      </trkpt>
      <trkpt lat="29.2882807552814483642578125" lon="117.24695029668509960174560546875">
        <ele>27.200000762939453125</ele>
        <time>2026-08-26T22:05:24.000Z</time>
        <extensions>
          <ns3:TrackPointExtension>
            <ns3:hr>156</ns3:hr>
            <ns3:cad>90</ns3:cad>
          </ns3:TrackPointExtension>
        </extensions>
      </trkpt>
      <trkpt lat="29.28825284354388713836669921875" lon="117.24696488119661808013916015625">
        <ele>27.200000762939453125</ele>
        <time>2026-08-26T22:05:25.000Z</time>
        <extensions>
          <ns3:TrackPointExtension>
            <ns3:hr>156</ns3:hr>
            <ns3:cad>90</ns3:cad>
          </ns3:TrackPointExtension>
        </extensions>
      </trkpt>
      <trkpt lat="29.288224093616008758544921875" lon="117.246974520385265350341796875">
        <ele>27.200000762939453125</ele>
        <time>2026-08-26T22:05:26.000Z</time>
        <extensions>
          <ns3:TrackPointExtension>
            <ns3:hr>156</ns3:hr>
            <ns3:cad>90</ns3:cad>
          </ns3:TrackPointExtension>
        </extensions>
      </trkpt>
      <trkpt lat="29.288192577660083770751953125" lon="117.2469867579638957977294921875">
        <ele>27.200000762939453125</ele>
        <time>2026-08-26T22:05:27.000Z</time>
        <extensions>
          <ns3:TrackPointExtension>
            <ns3:hr>156</ns3:hr>
            <ns3:cad>93</ns3:cad>
          </ns3:TrackPointExtension>
        </extensions>
      </trkpt>
      <trkpt lat="29.2881659232079982757568359375" lon="117.2469974867999553680419921875">
        <ele>27.200000762939453125</ele>
        <time>2026-08-26T22:05:28.000Z</time>
        <extensions>
          <ns3:TrackPointExtension>
            <ns3:hr>156</ns3:hr>
            <ns3:cad>94</ns3:cad>
          </ns3:TrackPointExtension>
        </extensions>
      </trkpt>
      <trkpt lat="29.2881323955953121185302734375" lon="117.24700343795120716094970703125">
        <ele>27.200000762939453125</ele>
        <time>2026-08-26T22:05:29.000Z</time>
        <extensions>
          <ns3:TrackPointExtension>
            <ns3:hr>156</ns3:hr>
            <ns3:cad>93</ns3:cad>
          </ns3:TrackPointExtension>
        </extensions>
      </trkpt>
      <trkpt lat="29.28810934536159038543701171875" lon="117.24701450206339359283447265625">
        <ele>27.200000762939453125</ele>
        <time>2026-08-26T22:05:30.000Z</time>
        <extensions>
          <ns3:TrackPointExtension>
            <ns3:hr>156</ns3:hr>
            <ns3:cad>93</ns3:cad>
          </ns3:TrackPointExtension>
        </extensions>
      </trkpt>
      <trkpt lat="29.28807715885341167449951171875" lon="117.2470222972333431243896484375">
        <ele>27.200000762939453125</ele>
        <time>2026-08-26T22:05:31.000Z</time>
        <extensions>
          <ns3:TrackPointExtension>
            <ns3:hr>156</ns3:hr>
            <ns3:cad>93</ns3:cad>
          </ns3:TrackPointExtension>
        </extensions>
      </trkpt>
      <trkpt lat="29.28805955685675144195556640625" lon="117.24703579209744930267333984375">
        <ele>27.200000762939453125</ele>
        <time>2026-08-26T22:05:32.000Z</time>
        <extensions>
          <ns3:TrackPointExtension>
            <ns3:hr>156</ns3:hr>
            <ns3:cad>93</ns3:cad>
          </ns3:TrackPointExtension>
        </extensions>
      </trkpt>
      <trkpt lat="29.2880254425108432769775390625" lon="117.24704802967607975006103515625">
        <ele>27.200000762939453125</ele>
        <time>2026-08-26T22:05:33.000Z</time>
        <extensions>
          <ns3:TrackPointExtension>
            <ns3:hr>156</ns3:hr>
            <ns3:cad>92</ns3:cad>
          </ns3:TrackPointExtension>
        </extensions>
      </trkpt>
      <trkpt lat="29.28800440393388271331787109375" lon="117.24706278182566165924072265625">
        <ele>27.3999996185302734375</ele>
        <time>2026-08-26T22:05:34.000Z</time>
        <extensions>
          <ns3:TrackPointExtension>
            <ns3:hr>156</ns3:hr>
            <ns3:cad>92</ns3:cad>
          </ns3:TrackPointExtension>
        </extensions>
      </trkpt>
      <trkpt lat="29.28797339089214801788330078125" lon="117.247072421014308929443359375">
        <ele>27.3999996185302734375</ele>
        <time>2026-08-26T22:05:35.000Z</time>
        <extensions>
          <ns3:TrackPointExtension>
            <ns3:hr>155</ns3:hr>
            <ns3:cad>92</ns3:cad>
          </ns3:TrackPointExtension>
        </extensions>
      </trkpt>
      <trkpt lat="29.2879535257816314697265625" lon="117.247084490954875946044921875">
        <ele>27.3999996185302734375</ele>
        <time>2026-08-26T22:05:36.000Z</time>
        <extensions>
          <ns3:TrackPointExtension>
            <ns3:hr>155</ns3:hr>
            <ns3:cad>92</ns3:cad>
          </ns3:TrackPointExtension>
        </extensions>
      </trkpt>
      <trkpt lat="29.287921003997325897216796875" lon="117.24709295667707920074462890625">
        <ele>27.3999996185302734375</ele>
        <time>2026-08-26T22:05:37.000Z</time>
        <extensions>
          <ns3:TrackPointExtension>
            <ns3:hr>155</ns3:hr>
            <ns3:cad>92</ns3:cad>
          </ns3:TrackPointExtension>
        </extensions>
      </trkpt>
      <trkpt lat="29.287900887429714202880859375" lon="117.247106619179248809814453125">
        <ele>27.3999996185302734375</ele>
        <time>2026-08-26T22:05:38.000Z</time>
        <extensions>
          <ns3:TrackPointExtension>
            <ns3:hr>155</ns3:hr>
            <ns3:cad>92</ns3:cad>
          </ns3:TrackPointExtension>
        </extensions>
      </trkpt>
      <trkpt lat="29.2878671921789646148681640625" lon="117.24711257033050060272216796875">
        <ele>27.3999996185302734375</ele>
        <time>2026-08-26T22:05:39.000Z</time>
        <extensions>
          <ns3:TrackPointExtension>
            <ns3:hr>155</ns3:hr>
            <ns3:cad>91</ns3:cad>
          </ns3:TrackPointExtension>
        </extensions>
      </trkpt>
      <trkpt lat="29.2878460697829723358154296875" lon="117.24712430499494075775146484375">
        <ele>27.200000762939453125</ele>
        <time>2026-08-26T22:05:40.000Z</time>
        <extensions>
          <ns3:TrackPointExtension>
            <ns3:hr>154</ns3:hr>
            <ns3:cad>90</ns3:cad>
          </ns3:TrackPointExtension>
        </extensions>
      </trkpt>
      <trkpt lat="29.2878105305135250091552734375" lon="117.247126065194606781005859375">
        <ele>27.200000762939453125</ele>
        <time>2026-08-26T22:05:41.000Z</time>
        <extensions>
          <ns3:TrackPointExtension>
            <ns3:hr>154</ns3:hr>
            <ns3:cad>90</ns3:cad>
          </ns3:TrackPointExtension>
        </extensions>
      </trkpt>
      <trkpt lat="29.2877873964607715606689453125" lon="117.24713335745036602020263671875">
        <ele>27.200000762939453125</ele>
        <time>2026-08-26T22:05:42.000Z</time>
        <extensions>
          <ns3:TrackPointExtension>
            <ns3:hr>154</ns3:hr>
            <ns3:cad>90</ns3:cad>
          </ns3:TrackPointExtension>
        </extensions>
      </trkpt>
      <trkpt lat="29.28775277920067310333251953125" lon="117.2471433319151401519775390625">
        <ele>27.3999996185302734375</ele>
        <time>2026-08-26T22:05:43.000Z</time>
        <extensions>
          <ns3:TrackPointExtension>
            <ns3:hr>154</ns3:hr>
            <ns3:cad>90</ns3:cad>
          </ns3:TrackPointExtension>
        </extensions>
      </trkpt>
      <trkpt lat="29.2877317406237125396728515625" lon="117.24716168828308582305908203125">
        <ele>27.3999996185302734375</ele>
        <time>2026-08-26T22:05:44.000Z</time>
        <extensions>
          <ns3:TrackPointExtension>
            <ns3:hr>154</ns3:hr>
            <ns3:cad>90</ns3:cad>
          </ns3:TrackPointExtension>
        </extensions>
      </trkpt>
      <trkpt lat="29.28769947029650211334228515625" lon="117.24717275239527225494384765625">
        <ele>27.3999996185302734375</ele>
        <time>2026-08-26T22:05:45.000Z</time>
        <extensions>
          <ns3:TrackPointExtension>
            <ns3:hr>154</ns3:hr>
            <ns3:cad>90</ns3:cad>
          </ns3:TrackPointExtension>
        </extensions>
      </trkpt>
      <trkpt lat="29.28767600096762180328369140625" lon="117.2471855767071247100830078125">
        <ele>27.6000003814697265625</ele>
        <time>2026-08-26T22:05:46.000Z</time>
        <extensions>
          <ns3:TrackPointExtension>
            <ns3:hr>153</ns3:hr>
            <ns3:cad>90</ns3:cad>
          </ns3:TrackPointExtension>
        </extensions>
      </trkpt>
      <trkpt lat="29.28764230571687221527099609375" lon="117.2472036816179752349853515625">
        <ele>27.6000003814697265625</ele>
        <time>2026-08-26T22:05:47.000Z</time>
        <extensions>
          <ns3:TrackPointExtension>
            <ns3:hr>153</ns3:hr>
            <ns3:cad>90</ns3:cad>
          </ns3:TrackPointExtension>
        </extensions>
      </trkpt>
      <trkpt lat="29.28762051276862621307373046875" lon="117.24722455255687236785888671875">
        <ele>27.6000003814697265625</ele>
        <time>2026-08-26T22:05:48.000Z</time>
        <extensions>
          <ns3:TrackPointExtension>
            <ns3:hr>153</ns3:hr>
            <ns3:cad>91</ns3:cad>
          </ns3:TrackPointExtension>
        </extensions>
      </trkpt>
      <trkpt lat="29.2875895835459232330322265625" lon="117.24723528139293193817138671875">
        <ele>27.6000003814697265625</ele>
        <time>2026-08-26T22:05:49.000Z</time>
        <extensions>
          <ns3:TrackPointExtension>
            <ns3:hr>153</ns3:hr>
            <ns3:cad>92</ns3:cad>
          </ns3:TrackPointExtension>
        </extensions>
      </trkpt>
      <trkpt lat="29.28756787441670894622802734375" lon="117.2472512908279895782470703125">
        <ele>27.6000003814697265625</ele>
        <time>2026-08-26T22:05:50.000Z</time>
        <extensions>
          <ns3:TrackPointExtension>
            <ns3:hr>152</ns3:hr>
            <ns3:cad>92</ns3:cad>
          </ns3:TrackPointExtension>
        </extensions>
      </trkpt>
      <trkpt lat="29.28753837011754512786865234375" lon="117.2472590021789073944091796875">
        <ele>27.3999996185302734375</ele>
        <time>2026-08-26T22:05:51.000Z</time>
        <extensions>
          <ns3:TrackPointExtension>
            <ns3:hr>152</ns3:hr>
            <ns3:cad>92</ns3:cad>
          </ns3:TrackPointExtension>
        </extensions>
      </trkpt>
      <trkpt lat="29.287514984607696533203125" lon="117.24727232940495014190673828125">
        <ele>27.6000003814697265625</ele>
        <time>2026-08-26T22:05:52.000Z</time>
        <extensions>
          <ns3:TrackPointExtension>
            <ns3:hr>152</ns3:hr>
            <ns3:cad>92</ns3:cad>
          </ns3:TrackPointExtension>
        </extensions>
      </trkpt>
      <trkpt lat="29.287486486136913299560546875" lon="117.247281633317470550537109375">
        <ele>27.6000003814697265625</ele>
        <time>2026-08-26T22:05:53.000Z</time>
        <extensions>
          <ns3:TrackPointExtension>
            <ns3:hr>152</ns3:hr>
            <ns3:cad>91</ns3:cad>
          </ns3:TrackPointExtension>
        </extensions>
      </trkpt>
      <trkpt lat="29.28745840676128864288330078125" lon="117.24729361943900585174560546875">
        <ele>27.6000003814697265625</ele>
        <time>2026-08-26T22:05:54.000Z</time>
        <extensions>
          <ns3:TrackPointExtension>
            <ns3:hr>152</ns3:hr>
            <ns3:cad>91</ns3:cad>
          </ns3:TrackPointExtension>
        </extensions>
      </trkpt>
      <trkpt lat="29.28743292577564716339111328125" lon="117.247294373810291290283203125">
        <ele>27.6000003814697265625</ele>
        <time>2026-08-26T22:05:55.000Z</time>
        <extensions>
          <ns3:TrackPointExtension>
            <ns3:hr>152</ns3:hr>
            <ns3:cad>91</ns3:cad>
          </ns3:TrackPointExtension>
        </extensions>
      </trkpt>
      <trkpt lat="29.2874009907245635986328125" lon="117.2472965531051158905029296875">
        <ele>27.6000003814697265625</ele>
        <time>2026-08-26T22:05:56.000Z</time>
        <extensions>
          <ns3:TrackPointExtension>
            <ns3:hr>152</ns3:hr>
            <ns3:cad>91</ns3:cad>
          </ns3:TrackPointExtension>
        </extensions>
      </trkpt>
      <trkpt lat="29.2873783595860004425048828125" lon="117.247290350496768951416015625">
        <ele>27.6000003814697265625</ele>
        <time>2026-08-26T22:05:57.000Z</time>
        <extensions>
          <ns3:TrackPointExtension>
            <ns3:hr>152</ns3:hr>
            <ns3:cad>92</ns3:cad>
          </ns3:TrackPointExtension>
        </extensions>
      </trkpt>
      <trkpt lat="29.28734692744910717010498046875" lon="117.2472848184406757354736328125">
        <ele>27.6000003814697265625</ele>
        <time>2026-08-26T22:05:58.000Z</time>
        <extensions>
          <ns3:TrackPointExtension>
            <ns3:hr>151</ns3:hr>
            <ns3:cad>92</ns3:cad>
          </ns3:TrackPointExtension>
        </extensions>
      </trkpt>
      <trkpt lat="29.28732295520603656768798828125" lon="117.2472747601568698883056640625">
        <ele>27.6000003814697265625</ele>
        <time>2026-08-26T22:05:59.000Z</time>
        <extensions>
          <ns3:TrackPointExtension>
            <ns3:hr>151</ns3:hr>
            <ns3:cad>92</ns3:cad>
          </ns3:TrackPointExtension>
        </extensions>
      </trkpt>
      <trkpt lat="29.28729797713458538055419921875" lon="117.24725003354251384735107421875">
        <ele>27.6000003814697265625</ele>
        <time>2026-08-26T22:06:00.000Z</time>
        <extensions>
          <ns3:TrackPointExtension>
            <ns3:hr>151</ns3:hr>
            <ns3:cad>92</ns3:cad>
          </ns3:TrackPointExtension>
        </extensions>
      </trkpt>
      <trkpt lat="29.28727719001471996307373046875" lon="117.2472294978797435760498046875">
        <ele>27.3999996185302734375</ele>
        <time>2026-08-26T22:06:01.000Z</time>
        <extensions>
          <ns3:TrackPointExtension>
            <ns3:hr>152</ns3:hr>
            <ns3:cad>90</ns3:cad>
          </ns3:TrackPointExtension>
        </extensions>
      </trkpt>
      <trkpt lat="29.28725388832390308380126953125" lon="117.2472030110657215118408203125">
        <ele>27.6000003814697265625</ele>
        <time>2026-08-26T22:06:02.000Z</time>
        <extensions>
          <ns3:TrackPointExtension>
            <ns3:hr>151</ns3:hr>
            <ns3:cad>90</ns3:cad>
          </ns3:TrackPointExtension>
        </extensions>
      </trkpt>
      <trkpt lat="29.28723670542240142822265625" lon="117.247187756001949310302734375">
        <ele>27.6000003814697265625</ele>
        <time>2026-08-26T22:06:03.000Z</time>
        <extensions>
          <ns3:TrackPointExtension>
            <ns3:hr>152</ns3:hr>
            <ns3:cad>90</ns3:cad>
          </ns3:TrackPointExtension>
        </extensions>
      </trkpt>
      <trkpt lat="29.2872130684554576873779296875" lon="117.2471600957214832305908203125">
        <ele>27.6000003814697265625</ele>
        <time>2026-08-26T22:06:04.000Z</time>
        <extensions>
          <ns3:TrackPointExtension>
            <ns3:hr>152</ns3:hr>
            <ns3:cad>90</ns3:cad>
          </ns3:TrackPointExtension>
        </extensions>
      </trkpt>
      <trkpt lat="29.28719286806881427764892578125" lon="117.24714316427707672119140625">
        <ele>27.799999237060546875</ele>
        <time>2026-08-26T22:06:05.000Z</time>
        <extensions>
          <ns3:TrackPointExtension>
            <ns3:hr>152</ns3:hr>
            <ns3:cad>90</ns3:cad>
          </ns3:TrackPointExtension>
        </extensions>
      </trkpt>
      <trkpt lat="29.2871688120067119598388671875" lon="117.24711122922599315643310546875">
        <ele>27.799999237060546875</ele>
        <time>2026-08-26T22:06:06.000Z</time>
        <extensions>
          <ns3:TrackPointExtension>
            <ns3:hr>152</ns3:hr>
            <ns3:cad>90</ns3:cad>
          </ns3:TrackPointExtension>
        </extensions>
      </trkpt>
      <trkpt lat="29.28714777342975139617919921875" lon="117.24709362722933292388916015625">
        <ele>27.799999237060546875</ele>
        <time>2026-08-26T22:06:07.000Z</time>
        <extensions>
          <ns3:TrackPointExtension>
            <ns3:hr>152</ns3:hr>
            <ns3:cad>90</ns3:cad>
          </ns3:TrackPointExtension>
        </extensions>
      </trkpt>
      <trkpt lat="29.287121705710887908935546875" lon="117.24705926142632961273193359375">
        <ele>27.799999237060546875</ele>
        <time>2026-08-26T22:06:08.000Z</time>
        <extensions>
          <ns3:TrackPointExtension>
            <ns3:hr>152</ns3:hr>
            <ns3:cad>90</ns3:cad>
          </ns3:TrackPointExtension>
        </extensions>
      </trkpt>
      <trkpt lat="29.28709848783910274505615234375" lon="117.24704082123935222625732421875">
        <ele>28</ele>
        <time>2026-08-26T22:06:09.000Z</time>
        <extensions>
          <ns3:TrackPointExtension>
            <ns3:hr>153</ns3:hr>
            <ns3:cad>92</ns3:cad>
          </ns3:TrackPointExtension>
        </extensions>
      </trkpt>
      <trkpt lat="29.28707216866314411163330078125" lon="117.24701047874987125396728515625">
        <ele>28</ele>
        <time>2026-08-26T22:06:10.000Z</time>
        <extensions>
          <ns3:TrackPointExtension>
            <ns3:hr>153</ns3:hr>
            <ns3:cad>92</ns3:cad>
          </ns3:TrackPointExtension>
        </extensions>
      </trkpt>
      <trkpt lat="29.2870457656681537628173828125" lon="117.24699455313384532928466796875">
        <ele>28</ele>
        <time>2026-08-26T22:06:11.000Z</time>
        <extensions>
          <ns3:TrackPointExtension>
            <ns3:hr>153</ns3:hr>
            <ns3:cad>92</ns3:cad>
          </ns3:TrackPointExtension>
        </extensions>
      </trkpt>
      <trkpt lat="29.28702640347182750701904296875" lon="117.24696345627307891845703125">
        <ele>28.200000762939453125</ele>
        <time>2026-08-26T22:06:12.000Z</time>
        <extensions>
          <ns3:TrackPointExtension>
            <ns3:hr>153</ns3:hr>
            <ns3:cad>92</ns3:cad>
          </ns3:TrackPointExtension>
        </extensions>
      </trkpt>
      <trkpt lat="29.287003017961978912353515625" lon="117.2469448484480381011962890625">
        <ele>28.200000762939453125</ele>
        <time>2026-08-26T22:06:13.000Z</time>
        <extensions>
          <ns3:TrackPointExtension>
            <ns3:hr>153</ns3:hr>
            <ns3:cad>93</ns3:cad>
          </ns3:TrackPointExtension>
        </extensions>
      </trkpt>
      <trkpt lat="29.28698147647082805633544921875" lon="117.246917523443698883056640625">
        <ele>28.200000762939453125</ele>
        <time>2026-08-26T22:06:14.000Z</time>
        <extensions>
          <ns3:TrackPointExtension>
            <ns3:hr>153</ns3:hr>
            <ns3:cad>93</ns3:cad>
          </ns3:TrackPointExtension>
        </extensions>
      </trkpt>
      <trkpt lat="29.28695515729486942291259765625" lon="117.24689547903835773468017578125">
        <ele>28.3999996185302734375</ele>
        <time>2026-08-26T22:06:15.000Z</time>
        <extensions>
          <ns3:TrackPointExtension>
            <ns3:hr>154</ns3:hr>
            <ns3:cad>92</ns3:cad>
          </ns3:TrackPointExtension>
        </extensions>
      </trkpt>
      <trkpt lat="29.2869361303746700286865234375" lon="117.2468648850917816162109375">
        <ele>28.3999996185302734375</ele>
        <time>2026-08-26T22:06:16.000Z</time>
        <extensions>
          <ns3:TrackPointExtension>
            <ns3:hr>154</ns3:hr>
            <ns3:cad>92</ns3:cad>
          </ns3:TrackPointExtension>
        </extensions>
      </trkpt>
      <trkpt lat="29.28691123612225055694580078125" lon="117.24683546461164951324462890625">
        <ele>28.200000762939453125</ele>
        <time>2026-08-26T22:06:17.000Z</time>
        <extensions>
          <ns3:TrackPointExtension>
            <ns3:hr>154</ns3:hr>
            <ns3:cad>92</ns3:cad>
          </ns3:TrackPointExtension>
        </extensions>
      </trkpt>
      <trkpt lat="29.28689338266849517822265625" lon="117.24681057035923004150390625">
        <ele>28.3999996185302734375</ele>
        <time>2026-08-26T22:06:18.000Z</time>
        <extensions>
          <ns3:TrackPointExtension>
            <ns3:hr>155</ns3:hr>
            <ns3:cad>92</ns3:cad>
          </ns3:TrackPointExtension>
        </extensions>
      </trkpt>
      <trkpt lat="29.28686513565480709075927734375" lon="117.24677972495555877685546875">
        <ele>28.3999996185302734375</ele>
        <time>2026-08-26T22:06:19.000Z</time>
        <extensions>
          <ns3:TrackPointExtension>
            <ns3:hr>155</ns3:hr>
            <ns3:cad>92</ns3:cad>
          </ns3:TrackPointExtension>
        </extensions>
      </trkpt>
      <trkpt lat="29.2868399061262607574462890625" lon="117.24676455371081829071044921875">
        <ele>28.3999996185302734375</ele>
        <time>2026-08-26T22:06:20.000Z</time>
        <extensions>
          <ns3:TrackPointExtension>
            <ns3:hr>155</ns3:hr>
            <ns3:cad>94</ns3:cad>
          </ns3:TrackPointExtension>
        </extensions>
      </trkpt>
      <trkpt lat="29.286811910569667816162109375" lon="117.24673504941165447235107421875">
        <ele>28.3999996185302734375</ele>
        <time>2026-08-26T22:06:21.000Z</time>
        <extensions>
          <ns3:TrackPointExtension>
            <ns3:hr>155</ns3:hr>
            <ns3:cad>93</ns3:cad>
          </ns3:TrackPointExtension>
        </extensions>
      </trkpt>
      <trkpt lat="29.28679011762142181396484375" lon="117.24671962670981884002685546875">
        <ele>28.3999996185302734375</ele>
        <time>2026-08-26T22:06:22.000Z</time>
        <extensions>
          <ns3:TrackPointExtension>
            <ns3:hr>155</ns3:hr>
            <ns3:cad>93</ns3:cad>
          </ns3:TrackPointExtension>
        </extensions>
      </trkpt>
      <trkpt lat="29.2867614515125751495361328125" lon="117.24668643437325954437255859375">
        <ele>28.3999996185302734375</ele>
        <time>2026-08-26T22:06:23.000Z</time>
        <extensions>
          <ns3:TrackPointExtension>
            <ns3:hr>155</ns3:hr>
            <ns3:cad>93</ns3:cad>
          </ns3:TrackPointExtension>
        </extensions>
      </trkpt>
      <trkpt lat="29.28673781454563140869140625" lon="117.24667335860431194305419921875">
        <ele>28.3999996185302734375</ele>
        <time>2026-08-26T22:06:24.000Z</time>
        <extensions>
          <ns3:TrackPointExtension>
            <ns3:hr>156</ns3:hr>
            <ns3:cad>92</ns3:cad>
          </ns3:TrackPointExtension>
        </extensions>
      </trkpt>
      <trkpt lat="29.28671325556933879852294921875" lon="117.2466374002397060394287109375">
        <ele>28.3999996185302734375</ele>
        <time>2026-08-26T22:06:25.000Z</time>
        <extensions>
          <ns3:TrackPointExtension>
            <ns3:hr>156</ns3:hr>
            <ns3:cad>91</ns3:cad>
          </ns3:TrackPointExtension>
        </extensions>
      </trkpt>
      <trkpt lat="29.2866923846304416656494140625" lon="117.24661342799663543701171875">
        <ele>28.6000003814697265625</ele>
        <time>2026-08-26T22:06:26.000Z</time>
        <extensions>
          <ns3:TrackPointExtension>
            <ns3:hr>156</ns3:hr>
            <ns3:cad>91</ns3:cad>
          </ns3:TrackPointExtension>
        </extensions>
      </trkpt>
      <trkpt lat="29.286672770977020263671875" lon="117.24658258259296417236328125">
        <ele>28.6000003814697265625</ele>
        <time>2026-08-26T22:06:27.000Z</time>
        <extensions>
          <ns3:TrackPointExtension>
            <ns3:hr>157</ns3:hr>
            <ns3:cad>91</ns3:cad>
          </ns3:TrackPointExtension>
        </extensions>
      </trkpt>
      <trkpt lat="29.28664854727685451507568359375" lon="117.24656288512051105499267578125">
        <ele>28.6000003814697265625</ele>
        <time>2026-08-26T22:06:28.000Z</time>
        <extensions>
          <ns3:TrackPointExtension>
            <ns3:hr>157</ns3:hr>
            <ns3:cad>93</ns3:cad>
          </ns3:TrackPointExtension>
        </extensions>
      </trkpt>
      <trkpt lat="29.28663111291825771331787109375" lon="117.24653237499296665191650390625">
        <ele>28.6000003814697265625</ele>
        <time>2026-08-26T22:06:29.000Z</time>
        <extensions>
          <ns3:TrackPointExtension>
            <ns3:hr>157</ns3:hr>
            <ns3:cad>93</ns3:cad>
          </ns3:TrackPointExtension>
        </extensions>
      </trkpt>
      <trkpt lat="29.28660814650356769561767578125" lon="117.24650035612285137176513671875">
        <ele>28.6000003814697265625</ele>
        <time>2026-08-26T22:06:30.000Z</time>
        <extensions>
          <ns3:TrackPointExtension>
            <ns3:hr>157</ns3:hr>
            <ns3:cad>93</ns3:cad>
          </ns3:TrackPointExtension>
        </extensions>
      </trkpt>
      <trkpt lat="29.28659372963011264801025390625" lon="117.24647604860365390777587890625">
        <ele>28.6000003814697265625</ele>
        <time>2026-08-26T22:06:31.000Z</time>
        <extensions>
          <ns3:TrackPointExtension>
            <ns3:hr>158</ns3:hr>
            <ns3:cad>94</ns3:cad>
          </ns3:TrackPointExtension>
        </extensions>
      </trkpt>
      <trkpt lat="29.2865802347660064697265625" lon="117.24643983878195285797119140625">
        <ele>28.6000003814697265625</ele>
        <time>2026-08-26T22:06:32.000Z</time>
        <extensions>
          <ns3:TrackPointExtension>
            <ns3:hr>158</ns3:hr>
            <ns3:cad>94</ns3:cad>
          </ns3:TrackPointExtension>
        </extensions>
      </trkpt>
      <trkpt lat="29.286569170653820037841796875" lon="117.246413938701152801513671875">
        <ele>28.6000003814697265625</ele>
        <time>2026-08-26T22:06:33.000Z</time>
        <extensions>
          <ns3:TrackPointExtension>
            <ns3:hr>159</ns3:hr>
            <ns3:cad>92</ns3:cad>
          </ns3:TrackPointExtension>
        </extensions>
      </trkpt>
      <trkpt lat="29.2865572683513164520263671875" lon="117.2463735379278659820556640625">
        <ele>28.6000003814697265625</ele>
        <time>2026-08-26T22:06:34.000Z</time>
        <extensions>
          <ns3:TrackPointExtension>
            <ns3:hr>160</ns3:hr>
            <ns3:cad>92</ns3:cad>
          </ns3:TrackPointExtension>
        </extensions>
      </trkpt>
      <trkpt lat="29.28654461167752742767333984375" lon="117.2463450394570827484130859375">
        <ele>28.6000003814697265625</ele>
        <time>2026-08-26T22:06:35.000Z</time>
        <extensions>
          <ns3:TrackPointExtension>
            <ns3:hr>160</ns3:hr>
            <ns3:cad>92</ns3:cad>
          </ns3:TrackPointExtension>
        </extensions>
      </trkpt>
      <trkpt lat="29.28653505630791187286376953125" lon="117.24630296230316162109375">
        <ele>28.6000003814697265625</ele>
        <time>2026-08-26T22:06:36.000Z</time>
        <extensions>
          <ns3:TrackPointExtension>
            <ns3:hr>160</ns3:hr>
            <ns3:cad>92</ns3:cad>
          </ns3:TrackPointExtension>
        </extensions>
      </trkpt>
      <trkpt lat="29.28652348928153514862060546875" lon="117.24627203308045864105224609375">
        <ele>28.799999237060546875</ele>
        <time>2026-08-26T22:06:37.000Z</time>
        <extensions>
          <ns3:TrackPointExtension>
            <ns3:hr>159</ns3:hr>
            <ns3:cad>92</ns3:cad>
          </ns3:TrackPointExtension>
        </extensions>
      </trkpt>
      <trkpt lat="29.2865223996341228485107421875" lon="117.24623196758329868316650390625">
        <ele>28.799999237060546875</ele>
        <time>2026-08-26T22:06:38.000Z</time>
        <extensions>
          <ns3:TrackPointExtension>
            <ns3:hr>159</ns3:hr>
            <ns3:cad>92</ns3:cad>
          </ns3:TrackPointExtension>
        </extensions>
      </trkpt>
      <trkpt lat="29.2865093238651752471923828125" lon="117.246202714741230010986328125">
        <ele>28.799999237060546875</ele>
        <time>2026-08-26T22:06:39.000Z</time>
        <extensions>
          <ns3:TrackPointExtension>
            <ns3:hr>159</ns3:hr>
            <ns3:cad>92</ns3:cad>
          </ns3:TrackPointExtension>
        </extensions>
      </trkpt>
      <trkpt lat="29.28650504909455776214599609375" lon="117.24616625346243381500244140625">
        <ele>28.799999237060546875</ele>
        <time>2026-08-26T22:06:40.000Z</time>
        <extensions>
          <ns3:TrackPointExtension>
            <ns3:hr>159</ns3:hr>
            <ns3:cad>94</ns3:cad>
          </ns3:TrackPointExtension>
        </extensions>
      </trkpt>
      <trkpt lat="29.28649364970624446868896484375" lon="117.24613356404006481170654296875">
        <ele>28.799999237060546875</ele>
        <time>2026-08-26T22:06:41.000Z</time>
        <extensions>
          <ns3:TrackPointExtension>
            <ns3:hr>159</ns3:hr>
            <ns3:cad>94</ns3:cad>
          </ns3:TrackPointExtension>
        </extensions>
      </trkpt>
      <trkpt lat="29.286490380764007568359375" lon="117.2460965998470783233642578125">
        <ele>28.799999237060546875</ele>
        <time>2026-08-26T22:06:42.000Z</time>
        <extensions>
          <ns3:TrackPointExtension>
            <ns3:hr>159</ns3:hr>
            <ns3:cad>94</ns3:cad>
          </ns3:TrackPointExtension>
        </extensions>
      </trkpt>
      <trkpt lat="29.286484010517597198486328125" lon="117.246058546006679534912109375">
        <ele>28.799999237060546875</ele>
        <time>2026-08-26T22:06:43.000Z</time>
        <extensions>
          <ns3:TrackPointExtension>
            <ns3:hr>159</ns3:hr>
            <ns3:cad>93</ns3:cad>
          </ns3:TrackPointExtension>
        </extensions>
      </trkpt>
      <trkpt lat="29.28647696971893310546875" lon="117.24602811969816684722900390625">
        <ele>28.799999237060546875</ele>
        <time>2026-08-26T22:06:44.000Z</time>
        <extensions>
          <ns3:TrackPointExtension>
            <ns3:hr>159</ns3:hr>
            <ns3:cad>93</ns3:cad>
          </ns3:TrackPointExtension>
        </extensions>
      </trkpt>
      <trkpt lat="29.2864731140434741973876953125" lon="117.24598989821970462799072265625">
        <ele>28.799999237060546875</ele>
        <time>2026-08-26T22:06:45.000Z</time>
        <extensions>
          <ns3:TrackPointExtension>
            <ns3:hr>160</ns3:hr>
            <ns3:cad>92</ns3:cad>
          </ns3:TrackPointExtension>
        </extensions>
      </trkpt>
      <trkpt lat="29.28646800108253955841064453125" lon="117.2459624893963336944580078125">
        <ele>29</ele>
        <time>2026-08-26T22:06:46.000Z</time>
        <extensions>
          <ns3:TrackPointExtension>
            <ns3:hr>159</ns3:hr>
            <ns3:cad>92</ns3:cad>
          </ns3:TrackPointExtension>
        </extensions>
      </trkpt>
      <trkpt lat="29.286463223397731781005859375" lon="117.24592250771820545196533203125">
        <ele>28.799999237060546875</ele>
        <time>2026-08-26T22:06:47.000Z</time>
        <extensions>
          <ns3:TrackPointExtension>
            <ns3:hr>160</ns3:hr>
            <ns3:cad>92</ns3:cad>
          </ns3:TrackPointExtension>
        </extensions>
      </trkpt>
      <trkpt lat="29.28645257838070392608642578125" lon="117.245896942913532257080078125">
        <ele>28.799999237060546875</ele>
        <time>2026-08-26T22:06:48.000Z</time>
        <extensions>
          <ns3:TrackPointExtension>
            <ns3:hr>161</ns3:hr>
            <ns3:cad>94</ns3:cad>
          </ns3:TrackPointExtension>
        </extensions>
      </trkpt>
      <trkpt lat="29.28644687868654727935791015625" lon="117.24585570394992828369140625">
        <ele>29</ele>
        <time>2026-08-26T22:06:49.000Z</time>
        <extensions>
          <ns3:TrackPointExtension>
            <ns3:hr>161</ns3:hr>
            <ns3:cad>94</ns3:cad>
          </ns3:TrackPointExtension>
        </extensions>
      </trkpt>
      <trkpt lat="29.2864332161843776702880859375" lon="117.24583114497363567352294921875">
        <ele>29</ele>
        <time>2026-08-26T22:06:50.000Z</time>
        <extensions>
          <ns3:TrackPointExtension>
            <ns3:hr>162</ns3:hr>
            <ns3:cad>94</ns3:cad>
          </ns3:TrackPointExtension>
        </extensions>
      </trkpt>
      <trkpt lat="29.28642692975699901580810546875" lon="117.24578957073390483856201171875">
        <ele>29</ele>
        <time>2026-08-26T22:06:51.000Z</time>
        <extensions>
          <ns3:TrackPointExtension>
            <ns3:hr>162</ns3:hr>
            <ns3:cad>93</ns3:cad>
          </ns3:TrackPointExtension>
        </extensions>
      </trkpt>
      <trkpt lat="29.28641838021576404571533203125" lon="117.24576123990118503570556640625">
        <ele>29</ele>
        <time>2026-08-26T22:06:52.000Z</time>
        <extensions>
          <ns3:TrackPointExtension>
            <ns3:hr>162</ns3:hr>
            <ns3:cad>93</ns3:cad>
          </ns3:TrackPointExtension>
        </extensions>
      </trkpt>
      <trkpt lat="29.28641519509255886077880859375" lon="117.24572553299367427825927734375">
        <ele>29</ele>
        <time>2026-08-26T22:06:53.000Z</time>
        <extensions>
          <ns3:TrackPointExtension>
            <ns3:hr>162</ns3:hr>
            <ns3:cad>92</ns3:cad>
          </ns3:TrackPointExtension>
        </extensions>
      </trkpt>
      <trkpt lat="29.28640446625649929046630859375" lon="117.2456962801516056060791015625">
        <ele>29</ele>
        <time>2026-08-26T22:06:54.000Z</time>
        <extensions>
          <ns3:TrackPointExtension>
            <ns3:hr>162</ns3:hr>
            <ns3:cad>92</ns3:cad>
          </ns3:TrackPointExtension>
        </extensions>
      </trkpt>
      <trkpt lat="29.2864032089710235595703125" lon="117.24565747193992137908935546875">
        <ele>29</ele>
        <time>2026-08-26T22:06:55.000Z</time>
        <extensions>
          <ns3:TrackPointExtension>
            <ns3:hr>161</ns3:hr>
            <ns3:cad>92</ns3:cad>
          </ns3:TrackPointExtension>
        </extensions>
      </trkpt>
      <trkpt lat="29.2863943241536617279052734375" lon="117.24562696181237697601318359375">
        <ele>29</ele>
        <time>2026-08-26T22:06:56.000Z</time>
        <extensions>
          <ns3:TrackPointExtension>
            <ns3:hr>162</ns3:hr>
            <ns3:cad>92</ns3:cad>
          </ns3:TrackPointExtension>
        </extensions>
      </trkpt>
      <trkpt lat="29.2863936536014080047607421875" lon="117.24559091962873935699462890625">
        <ele>29</ele>
        <time>2026-08-26T22:06:57.000Z</time>
        <extensions>
          <ns3:TrackPointExtension>
            <ns3:hr>162</ns3:hr>
            <ns3:cad>92</ns3:cad>
          </ns3:TrackPointExtension>
        </extensions>
      </trkpt>
      <trkpt lat="29.286387450993061065673828125" lon="117.24555236287415027618408203125">
        <ele>29.200000762939453125</ele>
        <time>2026-08-26T22:06:58.000Z</time>
        <extensions>
          <ns3:TrackPointExtension>
            <ns3:hr>162</ns3:hr>
            <ns3:cad>92</ns3:cad>
          </ns3:TrackPointExtension>
        </extensions>
      </trkpt>
      <trkpt lat="29.28637973964214324951171875" lon="117.2455182485282421112060546875">
        <ele>29.200000762939453125</ele>
        <time>2026-08-26T22:06:59.000Z</time>
        <extensions>
          <ns3:TrackPointExtension>
            <ns3:hr>161</ns3:hr>
            <ns3:cad>92</ns3:cad>
          </ns3:TrackPointExtension>
        </extensions>
      </trkpt>
      <trkpt lat="29.28637429140508174896240234375" lon="117.2454790212213993072509765625">
        <ele>29.200000762939453125</ele>
        <time>2026-08-26T22:07:00.000Z</time>
        <extensions>
          <ns3:TrackPointExtension>
            <ns3:hr>161</ns3:hr>
            <ns3:cad>93</ns3:cad>
          </ns3:TrackPointExtension>
        </extensions>
      </trkpt>
      <trkpt lat="29.286368004977703094482421875" lon="117.2454481758177280426025390625">
        <ele>29.3999996185302734375</ele>
        <time>2026-08-26T22:07:01.000Z</time>
        <extensions>
          <ns3:TrackPointExtension>
            <ns3:hr>162</ns3:hr>
            <ns3:cad>93</ns3:cad>
          </ns3:TrackPointExtension>
        </extensions>
      </trkpt>
      <trkpt lat="29.28636188618838787078857421875" lon="117.24540601484477519989013671875">
        <ele>29.3999996185302734375</ele>
        <time>2026-08-26T22:07:02.000Z</time>
        <extensions>
          <ns3:TrackPointExtension>
            <ns3:hr>162</ns3:hr>
            <ns3:cad>93</ns3:cad>
          </ns3:TrackPointExtension>
        </extensions>
      </trkpt>
      <trkpt lat="29.28635300137102603912353515625" lon="117.24537835456430912017822265625">
        <ele>29.3999996185302734375</ele>
        <time>2026-08-26T22:07:03.000Z</time>
        <extensions>
          <ns3:TrackPointExtension>
            <ns3:hr>162</ns3:hr>
            <ns3:cad>93</ns3:cad>
          </ns3:TrackPointExtension>
        </extensions>
      </trkpt>
      <trkpt lat="29.28634621202945709228515625" lon="117.24533669650554656982421875">
        <ele>29.3999996185302734375</ele>
        <time>2026-08-26T22:07:04.000Z</time>
        <extensions>
          <ns3:TrackPointExtension>
            <ns3:hr>162</ns3:hr>
            <ns3:cad>93</ns3:cad>
          </ns3:TrackPointExtension>
        </extensions>
      </trkpt>
      <trkpt lat="29.286337830126285552978515625" lon="117.2453043423593044281005859375">
        <ele>29.3999996185302734375</ele>
        <time>2026-08-26T22:07:05.000Z</time>
        <extensions>
          <ns3:TrackPointExtension>
            <ns3:hr>162</ns3:hr>
            <ns3:cad>93</ns3:cad>
          </ns3:TrackPointExtension>
        </extensions>
      </trkpt>
      <trkpt lat="29.28633640520274639129638671875" lon="117.2452664561569690704345703125">
        <ele>29.3999996185302734375</ele>
        <time>2026-08-26T22:07:06.000Z</time>
        <extensions>
          <ns3:TrackPointExtension>
            <ns3:hr>162</ns3:hr>
            <ns3:cad>93</ns3:cad>
          </ns3:TrackPointExtension>
        </extensions>
      </trkpt>
      <trkpt lat="29.2863292805850505828857421875" lon="117.24524022080004215240478515625">
        <ele>29.200000762939453125</ele>
        <time>2026-08-26T22:07:07.000Z</time>
        <extensions>
          <ns3:TrackPointExtension>
            <ns3:hr>161</ns3:hr>
            <ns3:cad>91</ns3:cad>
          </ns3:TrackPointExtension>
        </extensions>
      </trkpt>
      <trkpt lat="29.2863282747566699981689453125" lon="117.24520753137767314910888671875">
        <ele>29.3999996185302734375</ele>
        <time>2026-08-26T22:07:08.000Z</time>
        <extensions>
          <ns3:TrackPointExtension>
            <ns3:hr>162</ns3:hr>
            <ns3:cad>91</ns3:cad>
          </ns3:TrackPointExtension>
        </extensions>
      </trkpt>
      <trkpt lat="29.2863202281296253204345703125" lon="117.24517643451690673828125">
        <ele>29.3999996185302734375</ele>
        <time>2026-08-26T22:07:09.000Z</time>
        <extensions>
          <ns3:TrackPointExtension>
            <ns3:hr>162</ns3:hr>
            <ns3:cad>93</ns3:cad>
          </ns3:TrackPointExtension>
        </extensions>
      </trkpt>
      <trkpt lat="29.28631938993930816650390625" lon="117.24514491856098175048828125">
        <ele>29.3999996185302734375</ele>
        <time>2026-08-26T22:07:10.000Z</time>
        <extensions>
          <ns3:TrackPointExtension>
            <ns3:hr>162</ns3:hr>
            <ns3:cad>93</ns3:cad>
          </ns3:TrackPointExtension>
        </extensions>
      </trkpt>
      <trkpt lat="29.286310337483882904052734375" lon="117.2451125644147396087646484375">
        <ele>29.3999996185302734375</ele>
        <time>2026-08-26T22:07:11.000Z</time>
        <extensions>
          <ns3:TrackPointExtension>
            <ns3:hr>162</ns3:hr>
            <ns3:cad>93</ns3:cad>
          </ns3:TrackPointExtension>
        </extensions>
      </trkpt>
      <trkpt lat="29.286305643618106842041015625" lon="117.24507786333560943603515625">
        <ele>29.6000003814697265625</ele>
        <time>2026-08-26T22:07:12.000Z</time>
        <extensions>
          <ns3:TrackPointExtension>
            <ns3:hr>162</ns3:hr>
            <ns3:cad>93</ns3:cad>
          </ns3:TrackPointExtension>
        </extensions>
      </trkpt>
      <trkpt lat="29.28629633970558643341064453125" lon="117.2450491972267627716064453125">
        <ele>29.3999996185302734375</ele>
        <time>2026-08-26T22:07:13.000Z</time>
        <extensions>
          <ns3:TrackPointExtension>
            <ns3:hr>161</ns3:hr>
            <ns3:cad>93</ns3:cad>
          </ns3:TrackPointExtension>
        </extensions>
      </trkpt>
      <trkpt lat="29.28628862835466861724853515625" lon="117.24501877091825008392333984375">
        <ele>29.6000003814697265625</ele>
        <time>2026-08-26T22:07:14.000Z</time>
        <extensions>
          <ns3:TrackPointExtension>
            <ns3:hr>162</ns3:hr>
            <ns3:cad>93</ns3:cad>
          </ns3:TrackPointExtension>
        </extensions>
      </trkpt>
      <trkpt lat="29.286284856498241424560546875" lon="117.24498155526816844940185546875">
        <ele>29.6000003814697265625</ele>
        <time>2026-08-26T22:07:15.000Z</time>
        <extensions>
          <ns3:TrackPointExtension>
            <ns3:hr>161</ns3:hr>
            <ns3:cad>92</ns3:cad>
          </ns3:TrackPointExtension>
        </extensions>
      </trkpt>
      <trkpt lat="29.2862798273563385009765625" lon="117.244948111474514007568359375">
        <ele>29.6000003814697265625</ele>
        <time>2026-08-26T22:07:16.000Z</time>
        <extensions>
          <ns3:TrackPointExtension>
            <ns3:hr>161</ns3:hr>
            <ns3:cad>92</ns3:cad>
          </ns3:TrackPointExtension>
        </extensions>
      </trkpt>
      <trkpt lat="29.2862783186137676239013671875" lon="117.24490930326282978057861328125">
        <ele>29.6000003814697265625</ele>
        <time>2026-08-26T22:07:17.000Z</time>
        <extensions>
          <ns3:TrackPointExtension>
            <ns3:hr>161</ns3:hr>
            <ns3:cad>92</ns3:cad>
          </ns3:TrackPointExtension>
        </extensions>
      </trkpt>
      <trkpt lat="29.286276139318943023681640625" lon="117.2448788769543170928955078125">
        <ele>29.799999237060546875</ele>
        <time>2026-08-26T22:07:18.000Z</time>
        <extensions>
          <ns3:TrackPointExtension>
            <ns3:hr>161</ns3:hr>
            <ns3:cad>92</ns3:cad>
          </ns3:TrackPointExtension>
        </extensions>
      </trkpt>
      <trkpt lat="29.28627320565283298492431640625" lon="117.2448456846177577972412109375">
        <ele>29.799999237060546875</ele>
        <time>2026-08-26T22:07:19.000Z</time>
        <extensions>
          <ns3:TrackPointExtension>
            <ns3:hr>161</ns3:hr>
            <ns3:cad>92</ns3:cad>
          </ns3:TrackPointExtension>
        </extensions>
      </trkpt>
      <trkpt lat="29.2862702719867229461669921875" lon="117.24481995217502117156982421875">
        <ele>30</ele>
        <time>2026-08-26T22:07:20.000Z</time>
        <extensions>
          <ns3:TrackPointExtension>
            <ns3:hr>161</ns3:hr>
            <ns3:cad>91</ns3:cad>
          </ns3:TrackPointExtension>
        </extensions>
      </trkpt>
      <trkpt lat="29.28625962696969509124755859375" lon="117.2447883524000644683837890625">
        <ele>30</ele>
        <time>2026-08-26T22:07:21.000Z</time>
        <extensions>
          <ns3:TrackPointExtension>
            <ns3:hr>161</ns3:hr>
            <ns3:cad>92</ns3:cad>
          </ns3:TrackPointExtension>
        </extensions>
      </trkpt>
      <trkpt lat="29.2862528376281261444091796875" lon="117.2447548247873783111572265625">
        <ele>30.200000762939453125</ele>
        <time>2026-08-26T22:07:22.000Z</time>
        <extensions>
          <ns3:TrackPointExtension>
            <ns3:hr>161</ns3:hr>
            <ns3:cad>92</ns3:cad>
          </ns3:TrackPointExtension>
        </extensions>
      </trkpt>
      <trkpt lat="29.28625007160007953643798828125" lon="117.24472515285015106201171875">
        <ele>30.200000762939453125</ele>
        <time>2026-08-26T22:07:23.000Z</time>
        <extensions>
          <ns3:TrackPointExtension>
            <ns3:hr>161</ns3:hr>
            <ns3:cad>92</ns3:cad>
          </ns3:TrackPointExtension>
        </extensions>
      </trkpt>
      <trkpt lat="29.28624629974365234375" lon="117.24469573237001895904541015625">
        <ele>30.200000762939453125</ele>
        <time>2026-08-26T22:07:24.000Z</time>
        <extensions>
          <ns3:TrackPointExtension>
            <ns3:hr>161</ns3:hr>
            <ns3:cad>91</ns3:cad>
          </ns3:TrackPointExtension>
        </extensions>
      </trkpt>
      <trkpt lat="29.28624370135366916656494140625" lon="117.24465784616768360137939453125">
        <ele>30.3999996185302734375</ele>
        <time>2026-08-26T22:07:25.000Z</time>
        <extensions>
          <ns3:TrackPointExtension>
            <ns3:hr>160</ns3:hr>
            <ns3:cad>91</ns3:cad>
          </ns3:TrackPointExtension>
        </extensions>
      </trkpt>
      <trkpt lat="29.2862380854785442352294921875" lon="117.244627587497234344482421875">
        <ele>30.3999996185302734375</ele>
        <time>2026-08-26T22:07:26.000Z</time>
        <extensions>
          <ns3:TrackPointExtension>
            <ns3:hr>161</ns3:hr>
            <ns3:cad>91</ns3:cad>
          </ns3:TrackPointExtension>
        </extensions>
      </trkpt>
      <trkpt lat="29.2862343974411487579345703125" lon="117.24458995275199413299560546875">
        <ele>30.3999996185302734375</ele>
        <time>2026-08-26T22:07:27.000Z</time>
        <extensions>
          <ns3:TrackPointExtension>
            <ns3:hr>161</ns3:hr>
            <ns3:cad>92</ns3:cad>
          </ns3:TrackPointExtension>
        </extensions>
      </trkpt>
      <trkpt lat="29.2862256802618503570556640625" lon="117.24456061609089374542236328125">
        <ele>30.3999996185302734375</ele>
        <time>2026-08-26T22:07:28.000Z</time>
        <extensions>
          <ns3:TrackPointExtension>
            <ns3:hr>161</ns3:hr>
            <ns3:cad>92</ns3:cad>
          </ns3:TrackPointExtension>
        </extensions>
      </trkpt>
      <trkpt lat="29.2862172983586788177490234375" lon="117.2445218078792095184326171875">
        <ele>30.3999996185302734375</ele>
        <time>2026-08-26T22:07:29.000Z</time>
        <extensions>
          <ns3:TrackPointExtension>
            <ns3:hr>160</ns3:hr>
            <ns3:cad>92</ns3:cad>
          </ns3:TrackPointExtension>
        </extensions>
      </trkpt>
      <trkpt lat="29.28620715625584125518798828125" lon="117.24449205212295055389404296875">
        <ele>30.3999996185302734375</ele>
        <time>2026-08-26T22:07:30.000Z</time>
        <extensions>
          <ns3:TrackPointExtension>
            <ns3:hr>161</ns3:hr>
            <ns3:cad>92</ns3:cad>
          </ns3:TrackPointExtension>
        </extensions>
      </trkpt>
      <trkpt lat="29.286204390227794647216796875" lon="117.24445533938705921173095703125">
        <ele>30.6000003814697265625</ele>
        <time>2026-08-26T22:07:31.000Z</time>
        <extensions>
          <ns3:TrackPointExtension>
            <ns3:hr>161</ns3:hr>
            <ns3:cad>92</ns3:cad>
          </ns3:TrackPointExtension>
        </extensions>
      </trkpt>
      <trkpt lat="29.28620061837136745452880859375" lon="117.24442248232662677764892578125">
        <ele>30.6000003814697265625</ele>
        <time>2026-08-26T22:07:32.000Z</time>
        <extensions>
          <ns3:TrackPointExtension>
            <ns3:hr>161</ns3:hr>
            <ns3:cad>92</ns3:cad>
          </ns3:TrackPointExtension>
        </extensions>
      </trkpt>
      <trkpt lat="29.28619424812495708465576171875" lon="117.24438593722879886627197265625">
        <ele>30.6000003814697265625</ele>
        <time>2026-08-26T22:07:33.000Z</time>
        <extensions>
          <ns3:TrackPointExtension>
            <ns3:hr>161</ns3:hr>
            <ns3:cad>92</ns3:cad>
          </ns3:TrackPointExtension>
        </extensions>
      </trkpt>
      <trkpt lat="29.2861877940595149993896484375" lon="117.24435475654900074005126953125">
        <ele>30.6000003814697265625</ele>
        <time>2026-08-26T22:07:34.000Z</time>
        <extensions>
          <ns3:TrackPointExtension>
            <ns3:hr>160</ns3:hr>
            <ns3:cad>92</ns3:cad>
          </ns3:TrackPointExtension>
        </extensions>
      </trkpt>
      <trkpt lat="29.2861831001937389373779296875" lon="117.24431611597537994384765625">
        <ele>30.799999237060546875</ele>
        <time>2026-08-26T22:07:35.000Z</time>
        <extensions>
          <ns3:TrackPointExtension>
            <ns3:hr>161</ns3:hr>
            <ns3:cad>92</ns3:cad>
          </ns3:TrackPointExtension>
        </extensions>
      </trkpt>
      <trkpt lat="29.28617714904248714447021484375" lon="117.24428149871528148651123046875">
        <ele>30.799999237060546875</ele>
        <time>2026-08-26T22:07:36.000Z</time>
        <extensions>
          <ns3:TrackPointExtension>
            <ns3:hr>162</ns3:hr>
            <ns3:cad>93</ns3:cad>
          </ns3:TrackPointExtension>
        </extensions>
      </trkpt>
      <trkpt lat="29.28616918623447418212890625" lon="117.24425517953932285308837890625">
        <ele>30.799999237060546875</ele>
        <time>2026-08-26T22:07:37.000Z</time>
        <extensions>
          <ns3:TrackPointExtension>
            <ns3:hr>162</ns3:hr>
            <ns3:cad>93</ns3:cad>
          </ns3:TrackPointExtension>
        </extensions>
      </trkpt>
      <trkpt lat="29.2861599661409854888916015625" lon="117.244212515652179718017578125">
        <ele>31</ele>
        <time>2026-08-26T22:07:38.000Z</time>
        <extensions>
          <ns3:TrackPointExtension>
            <ns3:hr>162</ns3:hr>
            <ns3:cad>93</ns3:cad>
          </ns3:TrackPointExtension>
        </extensions>
      </trkpt>
      <trkpt lat="29.2861562781035900115966796875" lon="117.2441815026104450225830078125">
        <ele>31</ele>
        <time>2026-08-26T22:07:39.000Z</time>
        <extensions>
          <ns3:TrackPointExtension>
            <ns3:hr>162</ns3:hr>
            <ns3:cad>93</ns3:cad>
          </ns3:TrackPointExtension>
        </extensions>
      </trkpt>
      <trkpt lat="29.2861564457416534423828125" lon="117.2441412694752216339111328125">
        <ele>31</ele>
        <time>2026-08-26T22:07:40.000Z</time>
        <extensions>
          <ns3:TrackPointExtension>
            <ns3:hr>162</ns3:hr>
            <ns3:cad>92</ns3:cad>
          </ns3:TrackPointExtension>
        </extensions>
      </trkpt>
      <trkpt lat="29.2861495725810527801513671875" lon="117.24411168135702610015869140625">
        <ele>31</ele>
        <time>2026-08-26T22:07:41.000Z</time>
        <extensions>
          <ns3:TrackPointExtension>
            <ns3:hr>161</ns3:hr>
            <ns3:cad>92</ns3:cad>
          </ns3:TrackPointExtension>
        </extensions>
      </trkpt>
      <trkpt lat="29.28614881820976734161376953125" lon="117.2440789081156253814697265625">
        <ele>31.200000762939453125</ele>
        <time>2026-08-26T22:07:42.000Z</time>
        <extensions>
          <ns3:TrackPointExtension>
            <ns3:hr>161</ns3:hr>
            <ns3:cad>92</ns3:cad>
          </ns3:TrackPointExtension>
        </extensions>
      </trkpt>
      <trkpt lat="29.28614429198205471038818359375" lon="117.244050912559032440185546875">
        <ele>31.200000762939453125</ele>
        <time>2026-08-26T22:07:43.000Z</time>
        <extensions>
          <ns3:TrackPointExtension>
            <ns3:hr>161</ns3:hr>
            <ns3:cad>92</ns3:cad>
          </ns3:TrackPointExtension>
        </extensions>
      </trkpt>
      <trkpt lat="29.28613825701177120208740234375" lon="117.24401679821312427520751953125">
        <ele>31.200000762939453125</ele>
        <time>2026-08-26T22:07:44.000Z</time>
        <extensions>
          <ns3:TrackPointExtension>
            <ns3:hr>161</ns3:hr>
            <ns3:cad>92</ns3:cad>
          </ns3:TrackPointExtension>
        </extensions>
      </trkpt>
      <trkpt lat="29.286130629479885101318359375" lon="117.2439873777329921722412109375">
        <ele>31.200000762939453125</ele>
        <time>2026-08-26T22:07:45.000Z</time>
        <extensions>
          <ns3:TrackPointExtension>
            <ns3:hr>161</ns3:hr>
            <ns3:cad>92</ns3:cad>
          </ns3:TrackPointExtension>
        </extensions>
      </trkpt>
      <trkpt lat="29.28612224757671356201171875" lon="117.24394924007356166839599609375">
        <ele>31.200000762939453125</ele>
        <time>2026-08-26T22:07:46.000Z</time>
        <extensions>
          <ns3:TrackPointExtension>
            <ns3:hr>161</ns3:hr>
            <ns3:cad>92</ns3:cad>
          </ns3:TrackPointExtension>
        </extensions>
      </trkpt>
      <trkpt lat="29.2861150391399860382080078125" lon="117.24391990341246128082275390625">
        <ele>31.200000762939453125</ele>
        <time>2026-08-26T22:07:47.000Z</time>
        <extensions>
          <ns3:TrackPointExtension>
            <ns3:hr>161</ns3:hr>
            <ns3:cad>92</ns3:cad>
          </ns3:TrackPointExtension>
        </extensions>
      </trkpt>
      <trkpt lat="29.28610489703714847564697265625" lon="117.2438814304769039154052734375">
        <ele>31.200000762939453125</ele>
        <time>2026-08-26T22:07:48.000Z</time>
        <extensions>
          <ns3:TrackPointExtension>
            <ns3:hr>161</ns3:hr>
            <ns3:cad>92</ns3:cad>
          </ns3:TrackPointExtension>
        </extensions>
      </trkpt>
      <trkpt lat="29.286097772419452667236328125" lon="117.2438489086925983428955078125">
        <ele>31.3999996185302734375</ele>
        <time>2026-08-26T22:07:49.000Z</time>
        <extensions>
          <ns3:TrackPointExtension>
            <ns3:hr>160</ns3:hr>
            <ns3:cad>92</ns3:cad>
          </ns3:TrackPointExtension>
        </extensions>
      </trkpt>
      <trkpt lat="29.28609148599207401275634765625" lon="117.24381026811897754669189453125">
        <ele>31.3999996185302734375</ele>
        <time>2026-08-26T22:07:50.000Z</time>
        <extensions>
          <ns3:TrackPointExtension>
            <ns3:hr>161</ns3:hr>
            <ns3:cad>92</ns3:cad>
          </ns3:TrackPointExtension>
        </extensions>
      </trkpt>
      <trkpt lat="29.28608327172696590423583984375" lon="117.24378327839076519012451171875">
        <ele>31.3999996185302734375</ele>
        <time>2026-08-26T22:07:51.000Z</time>
        <extensions>
          <ns3:TrackPointExtension>
            <ns3:hr>161</ns3:hr>
            <ns3:cad>93</ns3:cad>
          </ns3:TrackPointExtension>
        </extensions>
      </trkpt>
      <trkpt lat="29.28608008660376071929931640625" lon="117.2437443025410175323486328125">
        <ele>31.3999996185302734375</ele>
        <time>2026-08-26T22:07:52.000Z</time>
        <extensions>
          <ns3:TrackPointExtension>
            <ns3:hr>161</ns3:hr>
            <ns3:cad>93</ns3:cad>
          </ns3:TrackPointExtension>
        </extensions>
      </trkpt>
      <trkpt lat="29.2860691063106060028076171875" lon="117.2437154687941074371337890625">
        <ele>31.3999996185302734375</ele>
        <time>2026-08-26T22:07:53.000Z</time>
        <extensions>
          <ns3:TrackPointExtension>
            <ns3:hr>161</ns3:hr>
            <ns3:cad>92</ns3:cad>
          </ns3:TrackPointExtension>
        </extensions>
      </trkpt>
      <trkpt lat="29.2860577069222927093505859375" lon="117.2436822764575481414794921875">
        <ele>31.3999996185302734375</ele>
        <time>2026-08-26T22:07:54.000Z</time>
        <extensions>
          <ns3:TrackPointExtension>
            <ns3:hr>161</ns3:hr>
            <ns3:cad>92</ns3:cad>
          </ns3:TrackPointExtension>
        </extensions>
      </trkpt>
      <trkpt lat="29.286043457686901092529296875" lon="117.24365034140646457672119140625">
        <ele>31.3999996185302734375</ele>
        <time>2026-08-26T22:07:55.000Z</time>
        <extensions>
          <ns3:TrackPointExtension>
            <ns3:hr>160</ns3:hr>
            <ns3:cad>92</ns3:cad>
          </ns3:TrackPointExtension>
        </extensions>
      </trkpt>
      <trkpt lat="29.2860295437276363372802734375" lon="117.2436220943927764892578125">
        <ele>31.3999996185302734375</ele>
        <time>2026-08-26T22:07:56.000Z</time>
        <extensions>
          <ns3:TrackPointExtension>
            <ns3:hr>161</ns3:hr>
            <ns3:cad>92</ns3:cad>
          </ns3:TrackPointExtension>
        </extensions>
      </trkpt>
      <trkpt lat="29.28601873107254505157470703125" lon="117.24358798004686832427978515625">
        <ele>31.3999996185302734375</ele>
        <time>2026-08-26T22:07:57.000Z</time>
        <extensions>
          <ns3:TrackPointExtension>
            <ns3:hr>161</ns3:hr>
            <ns3:cad>92</ns3:cad>
          </ns3:TrackPointExtension>
        </extensions>
      </trkpt>
      <trkpt lat="29.286011271178722381591796875" lon="117.24355830810964107513427734375">
        <ele>31.200000762939453125</ele>
        <time>2026-08-26T22:07:58.000Z</time>
        <extensions>
          <ns3:TrackPointExtension>
            <ns3:hr>160</ns3:hr>
            <ns3:cad>92</ns3:cad>
          </ns3:TrackPointExtension>
        </extensions>
      </trkpt>
      <trkpt lat="29.28600481711328029632568359375" lon="117.24351975135505199432373046875">
        <ele>31.200000762939453125</ele>
        <time>2026-08-26T22:07:59.000Z</time>
        <extensions>
          <ns3:TrackPointExtension>
            <ns3:hr>160</ns3:hr>
            <ns3:cad>92</ns3:cad>
          </ns3:TrackPointExtension>
        </extensions>
      </trkpt>
      <trkpt lat="29.28599216043949127197265625" lon="117.243484295904636383056640625">
        <ele>31.3999996185302734375</ele>
        <time>2026-08-26T22:08:00.000Z</time>
        <extensions>
          <ns3:TrackPointExtension>
            <ns3:hr>160</ns3:hr>
            <ns3:cad>92</ns3:cad>
          </ns3:TrackPointExtension>
        </extensions>
      </trkpt>
      <trkpt lat="29.28598604165017604827880859375" lon="117.24345269612967967987060546875">
        <ele>31.200000762939453125</ele>
        <time>2026-08-26T22:08:01.000Z</time>
        <extensions>
          <ns3:TrackPointExtension>
            <ns3:hr>161</ns3:hr>
            <ns3:cad>92</ns3:cad>
          </ns3:TrackPointExtension>
        </extensions>
      </trkpt>
      <trkpt lat="29.28597413934767246246337890625" lon="117.24342185072600841522216796875">
        <ele>31.200000762939453125</ele>
        <time>2026-08-26T22:08:02.000Z</time>
        <extensions>
          <ns3:TrackPointExtension>
            <ns3:hr>160</ns3:hr>
            <ns3:cad>92</ns3:cad>
          </ns3:TrackPointExtension>
        </extensions>
      </trkpt>
      <trkpt lat="29.2859638296067714691162109375" lon="117.24338547326624393463134765625">
        <ele>31</ele>
        <time>2026-08-26T22:08:03.000Z</time>
        <extensions>
          <ns3:TrackPointExtension>
            <ns3:hr>160</ns3:hr>
            <ns3:cad>92</ns3:cad>
          </ns3:TrackPointExtension>
        </extensions>
      </trkpt>
      <trkpt lat="29.28595167584717273712158203125" lon="117.2433560527861118316650390625">
        <ele>31</ele>
        <time>2026-08-26T22:08:04.000Z</time>
        <extensions>
          <ns3:TrackPointExtension>
            <ns3:hr>160</ns3:hr>
            <ns3:cad>92</ns3:cad>
          </ns3:TrackPointExtension>
        </extensions>
      </trkpt>
      <trkpt lat="29.28594564087688922882080078125" lon="117.2433185018599033355712890625">
        <ele>31</ele>
        <time>2026-08-26T22:08:05.000Z</time>
        <extensions>
          <ns3:TrackPointExtension>
            <ns3:hr>161</ns3:hr>
            <ns3:cad>91</ns3:cad>
          </ns3:TrackPointExtension>
        </extensions>
      </trkpt>
      <trkpt lat="29.28593776188790798187255859375" lon="117.24328623153269290924072265625">
        <ele>31</ele>
        <time>2026-08-26T22:08:06.000Z</time>
        <extensions>
          <ns3:TrackPointExtension>
            <ns3:hr>160</ns3:hr>
            <ns3:cad>91</ns3:cad>
          </ns3:TrackPointExtension>
        </extensions>
      </trkpt>
      <trkpt lat="29.2859296314418315887451171875" lon="117.24325270392000675201416015625">
        <ele>31.200000762939453125</ele>
        <time>2026-08-26T22:08:07.000Z</time>
        <extensions>
          <ns3:TrackPointExtension>
            <ns3:hr>160</ns3:hr>
            <ns3:cad>91</ns3:cad>
          </ns3:TrackPointExtension>
        </extensions>
      </trkpt>
      <trkpt lat="29.2859205789864063262939453125" lon="117.2432219423353672027587890625">
        <ele>31.200000762939453125</ele>
        <time>2026-08-26T22:08:08.000Z</time>
        <extensions>
          <ns3:TrackPointExtension>
            <ns3:hr>160</ns3:hr>
            <ns3:cad>91</ns3:cad>
          </ns3:TrackPointExtension>
        </extensions>
      </trkpt>
      <trkpt lat="29.28591328673064708709716796875" lon="117.243189252912998199462890625">
        <ele>31.200000762939453125</ele>
        <time>2026-08-26T22:08:09.000Z</time>
        <extensions>
          <ns3:TrackPointExtension>
            <ns3:hr>161</ns3:hr>
            <ns3:cad>93</ns3:cad>
          </ns3:TrackPointExtension>
        </extensions>
      </trkpt>
      <trkpt lat="29.28590767085552215576171875" lon="117.2431636042892932891845703125">
        <ele>31</ele>
        <time>2026-08-26T22:08:10.000Z</time>
        <extensions>
          <ns3:TrackPointExtension>
            <ns3:hr>160</ns3:hr>
            <ns3:cad>93</ns3:cad>
          </ns3:TrackPointExtension>
        </extensions>
      </trkpt>
      <trkpt lat="29.2858964391052722930908203125" lon="117.24313686601817607879638671875">
        <ele>31</ele>
        <time>2026-08-26T22:08:11.000Z</time>
        <extensions>
          <ns3:TrackPointExtension>
            <ns3:hr>160</ns3:hr>
            <ns3:cad>93</ns3:cad>
          </ns3:TrackPointExtension>
        </extensions>
      </trkpt>
      <trkpt lat="29.28588889539241790771484375" lon="117.24311037920415401458740234375">
        <ele>31</ele>
        <time>2026-08-26T22:08:12.000Z</time>
        <extensions>
          <ns3:TrackPointExtension>
            <ns3:hr>161</ns3:hr>
            <ns3:cad>93</ns3:cad>
          </ns3:TrackPointExtension>
        </extensions>
      </trkpt>
      <trkpt lat="29.28588026203215122222900390625" lon="117.24308364093303680419921875">
        <ele>31</ele>
        <time>2026-08-26T22:08:13.000Z</time>
        <extensions>
          <ns3:TrackPointExtension>
            <ns3:hr>160</ns3:hr>
            <ns3:cad>91</ns3:cad>
          </ns3:TrackPointExtension>
        </extensions>
      </trkpt>
      <trkpt lat="29.2858743108808994293212890625" lon="117.24305639974772930145263671875">
        <ele>31</ele>
        <time>2026-08-26T22:08:14.000Z</time>
        <extensions>
          <ns3:TrackPointExtension>
            <ns3:hr>160</ns3:hr>
            <ns3:cad>91</ns3:cad>
          </ns3:TrackPointExtension>
        </extensions>
      </trkpt>
      <trkpt lat="29.2858706228435039520263671875" lon="117.24303242750465869903564453125">
        <ele>31</ele>
        <time>2026-08-26T22:08:15.000Z</time>
        <extensions>
          <ns3:TrackPointExtension>
            <ns3:hr>161</ns3:hr>
            <ns3:cad>91</ns3:cad>
          </ns3:TrackPointExtension>
        </extensions>
      </trkpt>
      <trkpt lat="29.28585528396070003509521484375" lon="117.2430046834051609039306640625">
        <ele>31</ele>
        <time>2026-08-26T22:08:16.000Z</time>
        <extensions>
          <ns3:TrackPointExtension>
            <ns3:hr>160</ns3:hr>
            <ns3:cad>91</ns3:cad>
          </ns3:TrackPointExtension>
        </extensions>
      </trkpt>
      <trkpt lat="29.2858417890965938568115234375" lon="117.2429835610091686248779296875">
        <ele>31</ele>
        <time>2026-08-26T22:08:17.000Z</time>
        <extensions>
          <ns3:TrackPointExtension>
            <ns3:hr>160</ns3:hr>
            <ns3:cad>93</ns3:cad>
          </ns3:TrackPointExtension>
        </extensions>
      </trkpt>
      <trkpt lat="29.2858243547379970550537109375" lon="117.2429597564041614532470703125">
        <ele>31</ele>
        <time>2026-08-26T22:08:18.000Z</time>
        <extensions>
          <ns3:TrackPointExtension>
            <ns3:hr>161</ns3:hr>
            <ns3:cad>93</ns3:cad>
          </ns3:TrackPointExtension>
        </extensions>
      </trkpt>
      <trkpt lat="29.28580901585519313812255859375" lon="117.24293217994272708892822265625">
        <ele>31</ele>
        <time>2026-08-26T22:08:19.000Z</time>
        <extensions>
          <ns3:TrackPointExtension>
            <ns3:hr>160</ns3:hr>
            <ns3:cad>93</ns3:cad>
          </ns3:TrackPointExtension>
        </extensions>
      </trkpt>
      <trkpt lat="29.285792671144008636474609375" lon="117.24290451966226100921630859375">
        <ele>31</ele>
        <time>2026-08-26T22:08:20.000Z</time>
        <extensions>
          <ns3:TrackPointExtension>
            <ns3:hr>160</ns3:hr>
            <ns3:cad>93</ns3:cad>
          </ns3:TrackPointExtension>
        </extensions>
      </trkpt>
      <trkpt lat="29.2857777513563632965087890625" lon="117.24287618882954120635986328125">
        <ele>31</ele>
        <time>2026-08-26T22:08:21.000Z</time>
        <extensions>
          <ns3:TrackPointExtension>
            <ns3:hr>160</ns3:hr>
            <ns3:cad>94</ns3:cad>
          </ns3:TrackPointExtension>
        </extensions>
      </trkpt>
      <trkpt lat="29.2857589758932590484619140625" lon="117.2428293339908123016357421875">
        <ele>31</ele>
        <time>2026-08-26T22:08:22.000Z</time>
        <extensions>
          <ns3:TrackPointExtension>
            <ns3:hr>160</ns3:hr>
            <ns3:cad>94</ns3:cad>
          </ns3:TrackPointExtension>
        </extensions>
      </trkpt>
      <trkpt lat="29.285744726657867431640625" lon="117.24279622547328472137451171875">
        <ele>31</ele>
        <time>2026-08-26T22:08:23.000Z</time>
        <extensions>
          <ns3:TrackPointExtension>
            <ns3:hr>160</ns3:hr>
            <ns3:cad>94</ns3:cad>
          </ns3:TrackPointExtension>
        </extensions>
      </trkpt>
      <trkpt lat="29.28573332726955413818359375" lon="117.24276621825993061065673828125">
        <ele>31</ele>
        <time>2026-08-26T22:08:24.000Z</time>
        <extensions>
          <ns3:TrackPointExtension>
            <ns3:hr>159</ns3:hr>
            <ns3:cad>92</ns3:cad>
          </ns3:TrackPointExtension>
        </extensions>
      </trkpt>
      <trkpt lat="29.28572385571897029876708984375" lon="117.24272950552403926849365234375">
        <ele>31</ele>
        <time>2026-08-26T22:08:25.000Z</time>
        <extensions>
          <ns3:TrackPointExtension>
            <ns3:hr>159</ns3:hr>
            <ns3:cad>92</ns3:cad>
          </ns3:TrackPointExtension>
        </extensions>
      </trkpt>
      <trkpt lat="29.28571010939776897430419921875" lon="117.2426948882639408111572265625">
        <ele>31.200000762939453125</ele>
        <time>2026-08-26T22:08:26.000Z</time>
        <extensions>
          <ns3:TrackPointExtension>
            <ns3:hr>159</ns3:hr>
            <ns3:cad>92</ns3:cad>
          </ns3:TrackPointExtension>
        </extensions>
      </trkpt>
      <trkpt lat="29.28569669835269451141357421875" lon="117.24265448749065399169921875">
        <ele>31.200000762939453125</ele>
        <time>2026-08-26T22:08:27.000Z</time>
        <extensions>
          <ns3:TrackPointExtension>
            <ns3:hr>159</ns3:hr>
            <ns3:cad>93</ns3:cad>
          </ns3:TrackPointExtension>
        </extensions>
      </trkpt>
      <trkpt lat="29.2856843769550323486328125" lon="117.242623306810855865478515625">
        <ele>31.200000762939453125</ele>
        <time>2026-08-26T22:08:28.000Z</time>
        <extensions>
          <ns3:TrackPointExtension>
            <ns3:hr>159</ns3:hr>
            <ns3:cad>92</ns3:cad>
          </ns3:TrackPointExtension>
        </extensions>
      </trkpt>
      <trkpt lat="29.28567373193800449371337890625" lon="117.2425916232168674468994140625">
        <ele>31.200000762939453125</ele>
        <time>2026-08-26T22:08:29.000Z</time>
        <extensions>
          <ns3:TrackPointExtension>
            <ns3:hr>159</ns3:hr>
            <ns3:cad>92</ns3:cad>
          </ns3:TrackPointExtension>
        </extensions>
      </trkpt>
      <trkpt lat="29.28566551767289638519287109375" lon="117.24256203509867191314697265625">
        <ele>31.200000762939453125</ele>
        <time>2026-08-26T22:08:30.000Z</time>
        <extensions>
          <ns3:TrackPointExtension>
            <ns3:hr>158</ns3:hr>
            <ns3:cad>92</ns3:cad>
          </ns3:TrackPointExtension>
        </extensions>
      </trkpt>
      <trkpt lat="29.2856548726558685302734375" lon="117.24253588356077671051025390625">
        <ele>31.200000762939453125</ele>
        <time>2026-08-26T22:08:31.000Z</time>
        <extensions>
          <ns3:TrackPointExtension>
            <ns3:hr>158</ns3:hr>
            <ns3:cad>92</ns3:cad>
          </ns3:TrackPointExtension>
        </extensions>
      </trkpt>
      <trkpt lat="29.285646490752696990966796875" lon="117.24250964820384979248046875">
        <ele>31.200000762939453125</ele>
        <time>2026-08-26T22:08:32.000Z</time>
        <extensions>
          <ns3:TrackPointExtension>
            <ns3:hr>158</ns3:hr>
            <ns3:cad>92</ns3:cad>
          </ns3:TrackPointExtension>
        </extensions>
      </trkpt>
      <trkpt lat="29.28563542664051055908203125" lon="117.242480814456939697265625">
        <ele>31.200000762939453125</ele>
        <time>2026-08-26T22:08:33.000Z</time>
        <extensions>
          <ns3:TrackPointExtension>
            <ns3:hr>158</ns3:hr>
            <ns3:cad>92</ns3:cad>
          </ns3:TrackPointExtension>
        </extensions>
      </trkpt>
      <trkpt lat="29.28562629036605358123779296875" lon="117.2424548305571079254150390625">
        <ele>31.200000762939453125</ele>
        <time>2026-08-26T22:08:34.000Z</time>
        <extensions>
          <ns3:TrackPointExtension>
            <ns3:hr>157</ns3:hr>
            <ns3:cad>92</ns3:cad>
          </ns3:TrackPointExtension>
        </extensions>
      </trkpt>
      <trkpt lat="29.2856168188154697418212890625" lon="117.24241442978382110595703125">
        <ele>31.200000762939453125</ele>
        <time>2026-08-26T22:08:35.000Z</time>
        <extensions>
          <ns3:TrackPointExtension>
            <ns3:hr>157</ns3:hr>
            <ns3:cad>93</ns3:cad>
          </ns3:TrackPointExtension>
        </extensions>
      </trkpt>
      <trkpt lat="29.28560432977974414825439453125" lon="117.24238299764692783355712890625">
        <ele>31.200000762939453125</ele>
        <time>2026-08-26T22:08:36.000Z</time>
        <extensions>
          <ns3:TrackPointExtension>
            <ns3:hr>157</ns3:hr>
            <ns3:cad>93</ns3:cad>
          </ns3:TrackPointExtension>
        </extensions>
      </trkpt>
      <trkpt lat="29.28559653460979461669921875" lon="117.24235005676746368408203125">
        <ele>31.200000762939453125</ele>
        <time>2026-08-26T22:08:37.000Z</time>
        <extensions>
          <ns3:TrackPointExtension>
            <ns3:hr>157</ns3:hr>
            <ns3:cad>92</ns3:cad>
          </ns3:TrackPointExtension>
        </extensions>
      </trkpt>
      <trkpt lat="29.28558890707790851593017578125" lon="117.24231443367898464202880859375">
        <ele>31.200000762939453125</ele>
        <time>2026-08-26T22:08:38.000Z</time>
        <extensions>
          <ns3:TrackPointExtension>
            <ns3:hr>157</ns3:hr>
            <ns3:cad>92</ns3:cad>
          </ns3:TrackPointExtension>
        </extensions>
      </trkpt>
      <trkpt lat="29.285580106079578399658203125" lon="117.242282666265964508056640625">
        <ele>31.200000762939453125</ele>
        <time>2026-08-26T22:08:39.000Z</time>
        <extensions>
          <ns3:TrackPointExtension>
            <ns3:hr>156</ns3:hr>
            <ns3:cad>91</ns3:cad>
          </ns3:TrackPointExtension>
        </extensions>
      </trkpt>
      <trkpt lat="29.28557231090962886810302734375" lon="117.2422466240823268890380859375">
        <ele>31.200000762939453125</ele>
        <time>2026-08-26T22:08:40.000Z</time>
        <extensions>
          <ns3:TrackPointExtension>
            <ns3:hr>156</ns3:hr>
            <ns3:cad>91</ns3:cad>
          </ns3:TrackPointExtension>
        </extensions>
      </trkpt>
      <trkpt lat="29.28556091152131557464599609375" lon="117.2422204725444316864013671875">
        <ele>31</ele>
        <time>2026-08-26T22:08:41.000Z</time>
        <extensions>
          <ns3:TrackPointExtension>
            <ns3:hr>156</ns3:hr>
            <ns3:cad>91</ns3:cad>
          </ns3:TrackPointExtension>
        </extensions>
      </trkpt>
      <trkpt lat="29.285543896257877349853515625" lon="117.242185436189174652099609375">
        <ele>31</ele>
        <time>2026-08-26T22:08:42.000Z</time>
        <extensions>
          <ns3:TrackPointExtension>
            <ns3:hr>156</ns3:hr>
            <ns3:cad>91</ns3:cad>
          </ns3:TrackPointExtension>
        </extensions>
      </trkpt>
      <trkpt lat="29.28553191013634204864501953125" lon="117.2421574406325817108154296875">
        <ele>31</ele>
        <time>2026-08-26T22:08:43.000Z</time>
        <extensions>
          <ns3:TrackPointExtension>
            <ns3:hr>157</ns3:hr>
            <ns3:cad>93</ns3:cad>
          </ns3:TrackPointExtension>
        </extensions>
      </trkpt>
      <trkpt lat="29.28551212884485721588134765625" lon="117.242121398448944091796875">
        <ele>30.799999237060546875</ele>
        <time>2026-08-26T22:08:44.000Z</time>
        <extensions>
          <ns3:TrackPointExtension>
            <ns3:hr>156</ns3:hr>
            <ns3:cad>93</ns3:cad>
          </ns3:TrackPointExtension>
        </extensions>
      </trkpt>
      <trkpt lat="29.2854931019246578216552734375" lon="117.2421014495193958282470703125">
        <ele>30.799999237060546875</ele>
        <time>2026-08-26T22:08:45.000Z</time>
        <extensions>
          <ns3:TrackPointExtension>
            <ns3:hr>156</ns3:hr>
            <ns3:cad>93</ns3:cad>
          </ns3:TrackPointExtension>
        </extensions>
      </trkpt>
      <trkpt lat="29.28547315299510955810546875" lon="117.242074124515056610107421875">
        <ele>31</ele>
        <time>2026-08-26T22:08:46.000Z</time>
        <extensions>
          <ns3:TrackPointExtension>
            <ns3:hr>156</ns3:hr>
            <ns3:cad>93</ns3:cad>
          </ns3:TrackPointExtension>
        </extensions>
      </trkpt>
      <trkpt lat="29.2854592390358448028564453125" lon="117.24205275066196918487548828125">
        <ele>31</ele>
        <time>2026-08-26T22:08:47.000Z</time>
        <extensions>
          <ns3:TrackPointExtension>
            <ns3:hr>156</ns3:hr>
            <ns3:cad>93</ns3:cad>
          </ns3:TrackPointExtension>
        </extensions>
      </trkpt>
      <trkpt lat="29.28544524125754833221435546875" lon="117.2420149482786655426025390625">
        <ele>31</ele>
        <time>2026-08-26T22:08:48.000Z</time>
        <extensions>
          <ns3:TrackPointExtension>
            <ns3:hr>156</ns3:hr>
            <ns3:cad>93</ns3:cad>
          </ns3:TrackPointExtension>
        </extensions>
      </trkpt>
      <trkpt lat="29.2854310758411884307861328125" lon="117.2419948317110538482666015625">
        <ele>31</ele>
        <time>2026-08-26T22:08:49.000Z</time>
        <extensions>
          <ns3:TrackPointExtension>
            <ns3:hr>156</ns3:hr>
            <ns3:cad>93</ns3:cad>
          </ns3:TrackPointExtension>
        </extensions>
      </trkpt>
      <trkpt lat="29.2854136414825916290283203125" lon="117.24196272902190685272216796875">
        <ele>31</ele>
        <time>2026-08-26T22:08:50.000Z</time>
        <extensions>
          <ns3:TrackPointExtension>
            <ns3:hr>156</ns3:hr>
            <ns3:cad>93</ns3:cad>
          </ns3:TrackPointExtension>
        </extensions>
      </trkpt>
      <trkpt lat="29.28539293818175792694091796875" lon="117.24194730632007122039794921875">
        <ele>31</ele>
        <time>2026-08-26T22:08:51.000Z</time>
        <extensions>
          <ns3:TrackPointExtension>
            <ns3:hr>155</ns3:hr>
            <ns3:cad>92</ns3:cad>
          </ns3:TrackPointExtension>
        </extensions>
      </trkpt>
      <trkpt lat="29.28537047468125820159912109375" lon="117.24192014895379543304443359375">
        <ele>31</ele>
        <time>2026-08-26T22:08:52.000Z</time>
        <extensions>
          <ns3:TrackPointExtension>
            <ns3:hr>156</ns3:hr>
            <ns3:cad>92</ns3:cad>
          </ns3:TrackPointExtension>
        </extensions>
      </trkpt>
      <trkpt lat="29.28534667007625102996826171875" lon="117.2419059835374355316162109375">
        <ele>31</ele>
        <time>2026-08-26T22:08:53.000Z</time>
        <extensions>
          <ns3:TrackPointExtension>
            <ns3:hr>156</ns3:hr>
            <ns3:cad>92</ns3:cad>
          </ns3:TrackPointExtension>
        </extensions>
      </trkpt>
      <trkpt lat="29.285318590700626373291015625" lon="117.24188326857984066009521484375">
        <ele>31.200000762939453125</ele>
        <time>2026-08-26T22:08:54.000Z</time>
        <extensions>
          <ns3:TrackPointExtension>
            <ns3:hr>156</ns3:hr>
            <ns3:cad>92</ns3:cad>
          </ns3:TrackPointExtension>
        </extensions>
      </trkpt>
      <trkpt lat="29.28529210388660430908203125" lon="117.2418727912008762359619140625">
        <ele>31.200000762939453125</ele>
        <time>2026-08-26T22:08:55.000Z</time>
        <extensions>
          <ns3:TrackPointExtension>
            <ns3:hr>155</ns3:hr>
            <ns3:cad>92</ns3:cad>
          </ns3:TrackPointExtension>
        </extensions>
      </trkpt>
      <trkpt lat="29.28526737727224826812744140625" lon="117.241852842271327972412109375">
        <ele>31.200000762939453125</ele>
        <time>2026-08-26T22:08:56.000Z</time>
        <extensions>
          <ns3:TrackPointExtension>
            <ns3:hr>155</ns3:hr>
            <ns3:cad>92</ns3:cad>
          </ns3:TrackPointExtension>
        </extensions>
      </trkpt>
      <trkpt lat="29.2852423153817653656005859375" lon="117.24184219725430011749267578125">
        <ele>31.200000762939453125</ele>
        <time>2026-08-26T22:08:57.000Z</time>
        <extensions>
          <ns3:TrackPointExtension>
            <ns3:hr>155</ns3:hr>
            <ns3:cad>92</ns3:cad>
          </ns3:TrackPointExtension>
        </extensions>
      </trkpt>
      <trkpt lat="29.2852164991199970245361328125" lon="117.24182342179119586944580078125">
        <ele>31.3999996185302734375</ele>
        <time>2026-08-26T22:08:58.000Z</time>
        <extensions>
          <ns3:TrackPointExtension>
            <ns3:hr>156</ns3:hr>
            <ns3:cad>92</ns3:cad>
          </ns3:TrackPointExtension>
        </extensions>
      </trkpt>
      <trkpt lat="29.28518892265856266021728515625" lon="117.2418178059160709381103515625">
        <ele>31.3999996185302734375</ele>
        <time>2026-08-26T22:08:59.000Z</time>
        <extensions>
          <ns3:TrackPointExtension>
            <ns3:hr>156</ns3:hr>
            <ns3:cad>92</ns3:cad>
          </ns3:TrackPointExtension>
        </extensions>
      </trkpt>
      <trkpt lat="29.28516193293035030364990234375" lon="117.2418054006993770599365234375">
        <ele>31.3999996185302734375</ele>
        <time>2026-08-26T22:09:00.000Z</time>
        <extensions>
          <ns3:TrackPointExtension>
            <ns3:hr>156</ns3:hr>
            <ns3:cad>92</ns3:cad>
          </ns3:TrackPointExtension>
        </extensions>
      </trkpt>
      <trkpt lat="29.2851350270211696624755859375" lon="117.24179592914879322052001953125">
        <ele>31.6000003814697265625</ele>
        <time>2026-08-26T22:09:01.000Z</time>
        <extensions>
          <ns3:TrackPointExtension>
            <ns3:hr>156</ns3:hr>
            <ns3:cad>92</ns3:cad>
          </ns3:TrackPointExtension>
        </extensions>
      </trkpt>
      <trkpt lat="29.28511105477809906005859375" lon="117.24178670905530452728271484375">
        <ele>31.6000003814697265625</ele>
        <time>2026-08-26T22:09:02.000Z</time>
        <extensions>
          <ns3:TrackPointExtension>
            <ns3:hr>156</ns3:hr>
            <ns3:cad>92</ns3:cad>
          </ns3:TrackPointExtension>
        </extensions>
      </trkpt>
      <trkpt lat="29.2850800417363643646240234375" lon="117.24178017117083072662353515625">
        <ele>31.6000003814697265625</ele>
        <time>2026-08-26T22:09:03.000Z</time>
        <extensions>
          <ns3:TrackPointExtension>
            <ns3:hr>156</ns3:hr>
            <ns3:cad>92</ns3:cad>
          </ns3:TrackPointExtension>
        </extensions>
      </trkpt>
      <trkpt lat="29.2850528843700885772705078125" lon="117.24177950061857700347900390625">
        <ele>31.6000003814697265625</ele>
        <time>2026-08-26T22:09:04.000Z</time>
        <extensions>
          <ns3:TrackPointExtension>
            <ns3:hr>156</ns3:hr>
            <ns3:cad>92</ns3:cad>
          </ns3:TrackPointExtension>
        </extensions>
      </trkpt>
      <trkpt lat="29.2850210331380367279052734375" lon="117.2417708672583103179931640625">
        <ele>31.6000003814697265625</ele>
        <time>2026-08-26T22:09:05.000Z</time>
        <extensions>
          <ns3:TrackPointExtension>
            <ns3:hr>156</ns3:hr>
            <ns3:cad>91</ns3:cad>
          </ns3:TrackPointExtension>
        </extensions>
      </trkpt>
      <trkpt lat="29.28499144501984119415283203125" lon="117.24176323972642421722412109375">
        <ele>31.799999237060546875</ele>
        <time>2026-08-26T22:09:06.000Z</time>
        <extensions>
          <ns3:TrackPointExtension>
            <ns3:hr>156</ns3:hr>
            <ns3:cad>91</ns3:cad>
          </ns3:TrackPointExtension>
        </extensions>
      </trkpt>
      <trkpt lat="29.2849623598158359527587890625" lon="117.24176189862191677093505859375">
        <ele>31.799999237060546875</ele>
        <time>2026-08-26T22:09:07.000Z</time>
        <extensions>
          <ns3:TrackPointExtension>
            <ns3:hr>156</ns3:hr>
            <ns3:cad>92</ns3:cad>
          </ns3:TrackPointExtension>
        </extensions>
      </trkpt>
      <trkpt lat="29.28494014777243137359619140625" lon="117.24175988696515560150146484375">
        <ele>31.799999237060546875</ele>
        <time>2026-08-26T22:09:08.000Z</time>
        <extensions>
          <ns3:TrackPointExtension>
            <ns3:hr>156</ns3:hr>
            <ns3:cad>92</ns3:cad>
          </ns3:TrackPointExtension>
        </extensions>
      </trkpt>
      <trkpt lat="29.28491282276809215545654296875" lon="117.24175133742392063140869140625">
        <ele>31.799999237060546875</ele>
        <time>2026-08-26T22:09:09.000Z</time>
        <extensions>
          <ns3:TrackPointExtension>
            <ns3:hr>156</ns3:hr>
            <ns3:cad>91</ns3:cad>
          </ns3:TrackPointExtension>
        </extensions>
      </trkpt>
      <trkpt lat="29.28488910198211669921875" lon="117.2417487390339374542236328125">
        <ele>31.799999237060546875</ele>
        <time>2026-08-26T22:09:10.000Z</time>
        <extensions>
          <ns3:TrackPointExtension>
            <ns3:hr>156</ns3:hr>
            <ns3:cad>91</ns3:cad>
          </ns3:TrackPointExtension>
        </extensions>
      </trkpt>
      <trkpt lat="29.28485892713069915771484375" lon="117.24173993803560733795166015625">
        <ele>31.799999237060546875</ele>
        <time>2026-08-26T22:09:11.000Z</time>
        <extensions>
          <ns3:TrackPointExtension>
            <ns3:hr>156</ns3:hr>
            <ns3:cad>91</ns3:cad>
          </ns3:TrackPointExtension>
        </extensions>
      </trkpt>
      <trkpt lat="29.284834451973438262939453125" lon="117.24174211733043193817138671875">
        <ele>32</ele>
        <time>2026-08-26T22:09:12.000Z</time>
        <extensions>
          <ns3:TrackPointExtension>
            <ns3:hr>156</ns3:hr>
            <ns3:cad>91</ns3:cad>
          </ns3:TrackPointExtension>
        </extensions>
      </trkpt>
      <trkpt lat="29.28480536676943302154541015625" lon="117.2417284548282623291015625">
        <ele>32.200000762939453125</ele>
        <time>2026-08-26T22:09:13.000Z</time>
        <extensions>
          <ns3:TrackPointExtension>
            <ns3:hr>156</ns3:hr>
            <ns3:cad>93</ns3:cad>
          </ns3:TrackPointExtension>
        </extensions>
      </trkpt>
      <trkpt lat="29.284780807793140411376953125" lon="117.24172317422926425933837890625">
        <ele>32.200000762939453125</ele>
        <time>2026-08-26T22:09:14.000Z</time>
        <extensions>
          <ns3:TrackPointExtension>
            <ns3:hr>156</ns3:hr>
            <ns3:cad>93</ns3:cad>
          </ns3:TrackPointExtension>
        </extensions>
      </trkpt>
      <trkpt lat="29.284754656255245208740234375" lon="117.24171261303126811981201171875">
        <ele>32.40000152587890625</ele>
        <time>2026-08-26T22:09:15.000Z</time>
        <extensions>
          <ns3:TrackPointExtension>
            <ns3:hr>156</ns3:hr>
            <ns3:cad>93</ns3:cad>
          </ns3:TrackPointExtension>
        </extensions>
      </trkpt>
      <trkpt lat="29.28472749888896942138671875" lon="117.24171361885964870452880859375">
        <ele>32.40000152587890625</ele>
        <time>2026-08-26T22:09:16.000Z</time>
        <extensions>
          <ns3:TrackPointExtension>
            <ns3:hr>156</ns3:hr>
            <ns3:cad>91</ns3:cad>
          </ns3:TrackPointExtension>
        </extensions>
      </trkpt>
      <trkpt lat="29.2847021855413913726806640625" lon="117.2416981123387813568115234375">
        <ele>32.59999847412109375</ele>
        <time>2026-08-26T22:09:17.000Z</time>
        <extensions>
          <ns3:TrackPointExtension>
            <ns3:hr>156</ns3:hr>
            <ns3:cad>91</ns3:cad>
          </ns3:TrackPointExtension>
        </extensions>
      </trkpt>
      <trkpt lat="29.284678883850574493408203125" lon="117.2416947595775127410888671875">
        <ele>32.799999237060546875</ele>
        <time>2026-08-26T22:09:18.000Z</time>
        <extensions>
          <ns3:TrackPointExtension>
            <ns3:hr>156</ns3:hr>
            <ns3:cad>91</ns3:cad>
          </ns3:TrackPointExtension>
        </extensions>
      </trkpt>
      <trkpt lat="29.2846532352268695831298828125" lon="117.24168092943727970123291015625">
        <ele>32.799999237060546875</ele>
        <time>2026-08-26T22:09:19.000Z</time>
        <extensions>
          <ns3:TrackPointExtension>
            <ns3:hr>156</ns3:hr>
            <ns3:cad>91</ns3:cad>
          </ns3:TrackPointExtension>
        </extensions>
      </trkpt>
      <trkpt lat="29.284623898565769195556640625" lon="117.2416726313531398773193359375">
        <ele>33</ele>
        <time>2026-08-26T22:09:20.000Z</time>
        <extensions>
          <ns3:TrackPointExtension>
            <ns3:hr>156</ns3:hr>
            <ns3:cad>92</ns3:cad>
          </ns3:TrackPointExtension>
        </extensions>
      </trkpt>
      <trkpt lat="29.284603111445903778076171875" lon="117.2416627407073974609375">
        <ele>33</ele>
        <time>2026-08-26T22:09:21.000Z</time>
        <extensions>
          <ns3:TrackPointExtension>
            <ns3:hr>156</ns3:hr>
            <ns3:cad>92</ns3:cad>
          </ns3:TrackPointExtension>
        </extensions>
      </trkpt>
      <trkpt lat="29.284575283527374267578125" lon="117.241653688251972198486328125">
        <ele>33.200000762939453125</ele>
        <time>2026-08-26T22:09:22.000Z</time>
        <extensions>
          <ns3:TrackPointExtension>
            <ns3:hr>156</ns3:hr>
            <ns3:cad>92</ns3:cad>
          </ns3:TrackPointExtension>
        </extensions>
      </trkpt>
      <trkpt lat="29.28454913198947906494140625" lon="117.24164304323494434356689453125">
        <ele>33.200000762939453125</ele>
        <time>2026-08-26T22:09:23.000Z</time>
        <extensions>
          <ns3:TrackPointExtension>
            <ns3:hr>156</ns3:hr>
            <ns3:cad>92</ns3:cad>
          </ns3:TrackPointExtension>
        </extensions>
      </trkpt>
      <trkpt lat="29.2845187894999980926513671875" lon="117.24162963218986988067626953125">
        <ele>33.40000152587890625</ele>
        <time>2026-08-26T22:09:24.000Z</time>
        <extensions>
          <ns3:TrackPointExtension>
            <ns3:hr>156</ns3:hr>
            <ns3:cad>92</ns3:cad>
          </ns3:TrackPointExtension>
        </extensions>
      </trkpt>
      <trkpt lat="29.2844939790666103363037109375" lon="117.24162309430539608001708984375">
        <ele>33.40000152587890625</ele>
        <time>2026-08-26T22:09:25.000Z</time>
        <extensions>
          <ns3:TrackPointExtension>
            <ns3:hr>156</ns3:hr>
            <ns3:cad>91</ns3:cad>
          </ns3:TrackPointExtension>
        </extensions>
      </trkpt>
      <trkpt lat="29.2844607867300510406494140625" lon="117.24161244928836822509765625">
        <ele>33.59999847412109375</ele>
        <time>2026-08-26T22:09:26.000Z</time>
        <extensions>
          <ns3:TrackPointExtension>
            <ns3:hr>157</ns3:hr>
            <ns3:cad>91</ns3:cad>
          </ns3:TrackPointExtension>
        </extensions>
      </trkpt>
      <trkpt lat="29.28443471901118755340576171875" lon="117.24161186255514621734619140625">
        <ele>33.59999847412109375</ele>
        <time>2026-08-26T22:09:27.000Z</time>
        <extensions>
          <ns3:TrackPointExtension>
            <ns3:hr>157</ns3:hr>
            <ns3:cad>91</ns3:cad>
          </ns3:TrackPointExtension>
        </extensions>
      </trkpt>
      <trkpt lat="29.28440085612237453460693359375" lon="117.24160063080489635467529296875">
        <ele>33.59999847412109375</ele>
        <time>2026-08-26T22:09:28.000Z</time>
        <extensions>
          <ns3:TrackPointExtension>
            <ns3:hr>158</ns3:hr>
            <ns3:cad>92</ns3:cad>
          </ns3:TrackPointExtension>
        </extensions>
      </trkpt>
      <trkpt lat="29.28437747061252593994140625" lon="117.241601385176181793212890625">
        <ele>33.799999237060546875</ele>
        <time>2026-08-26T22:09:29.000Z</time>
        <extensions>
          <ns3:TrackPointExtension>
            <ns3:hr>158</ns3:hr>
            <ns3:cad>92</ns3:cad>
          </ns3:TrackPointExtension>
        </extensions>
      </trkpt>
      <trkpt lat="29.28434268571436405181884765625" lon="117.2415914945304393768310546875">
        <ele>33.799999237060546875</ele>
        <time>2026-08-26T22:09:30.000Z</time>
        <extensions>
          <ns3:TrackPointExtension>
            <ns3:hr>158</ns3:hr>
            <ns3:cad>92</ns3:cad>
          </ns3:TrackPointExtension>
        </extensions>
      </trkpt>
      <trkpt lat="29.284318126738071441650390625" lon="117.24159191362559795379638671875">
        <ele>34</ele>
        <time>2026-08-26T22:09:31.000Z</time>
        <extensions>
          <ns3:TrackPointExtension>
            <ns3:hr>159</ns3:hr>
            <ns3:cad>92</ns3:cad>
          </ns3:TrackPointExtension>
        </extensions>
      </trkpt>
      <trkpt lat="29.2842847667634487152099609375" lon="117.241579592227935791015625">
        <ele>34.200000762939453125</ele>
        <time>2026-08-26T22:09:32.000Z</time>
        <extensions>
          <ns3:TrackPointExtension>
            <ns3:hr>159</ns3:hr>
            <ns3:cad>92</ns3:cad>
          </ns3:TrackPointExtension>
        </extensions>
      </trkpt>
      <trkpt lat="29.2842639796435832977294921875" lon="117.24157758057117462158203125">
        <ele>34.200000762939453125</ele>
        <time>2026-08-26T22:09:33.000Z</time>
        <extensions>
          <ns3:TrackPointExtension>
            <ns3:hr>160</ns3:hr>
            <ns3:cad>91</ns3:cad>
          </ns3:TrackPointExtension>
        </extensions>
      </trkpt>
      <trkpt lat="29.28423439152538776397705078125" lon="117.24156224168837070465087890625">
        <ele>34.200000762939453125</ele>
        <time>2026-08-26T22:09:34.000Z</time>
        <extensions>
          <ns3:TrackPointExtension>
            <ns3:hr>160</ns3:hr>
            <ns3:cad>91</ns3:cad>
          </ns3:TrackPointExtension>
        </extensions>
      </trkpt>
      <trkpt lat="29.2842130176723003387451171875" lon="117.24155989475548267364501953125">
        <ele>34.40000152587890625</ele>
        <time>2026-08-26T22:09:35.000Z</time>
        <extensions>
          <ns3:TrackPointExtension>
            <ns3:hr>160</ns3:hr>
            <ns3:cad>91</ns3:cad>
          </ns3:TrackPointExtension>
        </extensions>
      </trkpt>
      <trkpt lat="29.28418410010635852813720703125" lon="117.24154430441558361053466796875">
        <ele>34.40000152587890625</ele>
        <time>2026-08-26T22:09:36.000Z</time>
        <extensions>
          <ns3:TrackPointExtension>
            <ns3:hr>161</ns3:hr>
            <ns3:cad>91</ns3:cad>
          </ns3:TrackPointExtension>
        </extensions>
      </trkpt>
      <trkpt lat="29.28416130132973194122314453125" lon="117.2415418736636638641357421875">
        <ele>34.40000152587890625</ele>
        <time>2026-08-26T22:09:37.000Z</time>
        <extensions>
          <ns3:TrackPointExtension>
            <ns3:hr>161</ns3:hr>
            <ns3:cad>91</ns3:cad>
          </ns3:TrackPointExtension>
        </extensions>
      </trkpt>
      <trkpt lat="29.28413079120218753814697265625" lon="117.2415254451334476470947265625">
        <ele>34.40000152587890625</ele>
        <time>2026-08-26T22:09:38.000Z</time>
        <extensions>
          <ns3:TrackPointExtension>
            <ns3:hr>161</ns3:hr>
            <ns3:cad>91</ns3:cad>
          </ns3:TrackPointExtension>
        </extensions>
      </trkpt>
      <trkpt lat="29.2841045558452606201171875" lon="117.2415237687528133392333984375">
        <ele>34.40000152587890625</ele>
        <time>2026-08-26T22:09:39.000Z</time>
        <extensions>
          <ns3:TrackPointExtension>
            <ns3:hr>162</ns3:hr>
            <ns3:cad>91</ns3:cad>
          </ns3:TrackPointExtension>
        </extensions>
      </trkpt>
      <trkpt lat="29.28407463245093822479248046875" lon="117.241510860621929168701171875">
        <ele>34.40000152587890625</ele>
        <time>2026-08-26T22:09:40.000Z</time>
        <extensions>
          <ns3:TrackPointExtension>
            <ns3:hr>162</ns3:hr>
            <ns3:cad>91</ns3:cad>
          </ns3:TrackPointExtension>
        </extensions>
      </trkpt>
      <trkpt lat="29.28404663689434528350830078125" lon="117.24150826223194599151611328125">
        <ele>34.59999847412109375</ele>
        <time>2026-08-26T22:09:41.000Z</time>
        <extensions>
          <ns3:TrackPointExtension>
            <ns3:hr>162</ns3:hr>
            <ns3:cad>91</ns3:cad>
          </ns3:TrackPointExtension>
        </extensions>
      </trkpt>
      <trkpt lat="29.2840198986232280731201171875" lon="117.2414952702820301055908203125">
        <ele>34.59999847412109375</ele>
        <time>2026-08-26T22:09:42.000Z</time>
        <extensions>
          <ns3:TrackPointExtension>
            <ns3:hr>163</ns3:hr>
            <ns3:cad>92</ns3:cad>
          </ns3:TrackPointExtension>
        </extensions>
      </trkpt>
      <trkpt lat="29.28399198688566684722900390625" lon="117.24148638546466827392578125">
        <ele>34.59999847412109375</ele>
        <time>2026-08-26T22:09:43.000Z</time>
        <extensions>
          <ns3:TrackPointExtension>
            <ns3:hr>163</ns3:hr>
            <ns3:cad>92</ns3:cad>
          </ns3:TrackPointExtension>
        </extensions>
      </trkpt>
      <trkpt lat="29.2839665897190570831298828125" lon="117.2414718009531497955322265625">
        <ele>34.59999847412109375</ele>
        <time>2026-08-26T22:09:44.000Z</time>
        <extensions>
          <ns3:TrackPointExtension>
            <ns3:hr>163</ns3:hr>
            <ns3:cad>92</ns3:cad>
          </ns3:TrackPointExtension>
        </extensions>
      </trkpt>
      <trkpt lat="29.2839409410953521728515625" lon="117.2414657659828662872314453125">
        <ele>34.59999847412109375</ele>
        <time>2026-08-26T22:09:45.000Z</time>
        <extensions>
          <ns3:TrackPointExtension>
            <ns3:hr>163</ns3:hr>
            <ns3:cad>93</ns3:cad>
          </ns3:TrackPointExtension>
        </extensions>
      </trkpt>
      <trkpt lat="29.28391386754810810089111328125" lon="117.24146149121224880218505859375">
        <ele>34.59999847412109375</ele>
        <time>2026-08-26T22:09:46.000Z</time>
        <extensions>
          <ns3:TrackPointExtension>
            <ns3:hr>162</ns3:hr>
            <ns3:cad>93</ns3:cad>
          </ns3:TrackPointExtension>
        </extensions>
      </trkpt>
      <trkpt lat="29.2838881351053714752197265625" lon="117.2414567135274410247802734375">
        <ele>34.59999847412109375</ele>
        <time>2026-08-26T22:09:47.000Z</time>
        <extensions>
          <ns3:TrackPointExtension>
            <ns3:hr>162</ns3:hr>
            <ns3:cad>93</ns3:cad>
          </ns3:TrackPointExtension>
        </extensions>
      </trkpt>
      <trkpt lat="29.28386357612907886505126953125" lon="117.24144875071942806243896484375">
        <ele>34.59999847412109375</ele>
        <time>2026-08-26T22:09:48.000Z</time>
        <extensions>
          <ns3:TrackPointExtension>
            <ns3:hr>162</ns3:hr>
            <ns3:cad>92</ns3:cad>
          </ns3:TrackPointExtension>
        </extensions>
      </trkpt>
      <trkpt lat="29.28383591584861278533935546875" lon="117.24143869243562221527099609375">
        <ele>34.59999847412109375</ele>
        <time>2026-08-26T22:09:49.000Z</time>
        <extensions>
          <ns3:TrackPointExtension>
            <ns3:hr>162</ns3:hr>
            <ns3:cad>91</ns3:cad>
          </ns3:TrackPointExtension>
        </extensions>
      </trkpt>
      <trkpt lat="29.28381026722490787506103515625" lon="117.24143064580857753753662109375">
        <ele>34.59999847412109375</ele>
        <time>2026-08-26T22:09:50.000Z</time>
        <extensions>
          <ns3:TrackPointExtension>
            <ns3:hr>162</ns3:hr>
            <ns3:cad>91</ns3:cad>
          </ns3:TrackPointExtension>
        </extensions>
      </trkpt>
      <trkpt lat="29.2837778292596340179443359375" lon="117.24141840822994709014892578125">
        <ele>34.59999847412109375</ele>
        <time>2026-08-26T22:09:51.000Z</time>
        <extensions>
          <ns3:TrackPointExtension>
            <ns3:hr>162</ns3:hr>
            <ns3:cad>91</ns3:cad>
          </ns3:TrackPointExtension>
        </extensions>
      </trkpt>
      <trkpt lat="29.2837531864643096923828125" lon="117.24141136743128299713134765625">
        <ele>34.59999847412109375</ele>
        <time>2026-08-26T22:09:52.000Z</time>
        <extensions>
          <ns3:TrackPointExtension>
            <ns3:hr>163</ns3:hr>
            <ns3:cad>91</ns3:cad>
          </ns3:TrackPointExtension>
        </extensions>
      </trkpt>
      <trkpt lat="29.28372393362224102020263671875" lon="117.24139996804296970367431640625">
        <ele>34.59999847412109375</ele>
        <time>2026-08-26T22:09:53.000Z</time>
        <extensions>
          <ns3:TrackPointExtension>
            <ns3:hr>162</ns3:hr>
            <ns3:cad>91</ns3:cad>
          </ns3:TrackPointExtension>
        </extensions>
      </trkpt>
      <trkpt lat="29.283697865903377532958984375" lon="117.241396866738796234130859375">
        <ele>34.59999847412109375</ele>
        <time>2026-08-26T22:09:54.000Z</time>
        <extensions>
          <ns3:TrackPointExtension>
            <ns3:hr>162</ns3:hr>
            <ns3:cad>92</ns3:cad>
          </ns3:TrackPointExtension>
        </extensions>
      </trkpt>
      <trkpt lat="29.28366945125162601470947265625" lon="117.24138538353145122528076171875">
        <ele>34.59999847412109375</ele>
        <time>2026-08-26T22:09:55.000Z</time>
        <extensions>
          <ns3:TrackPointExtension>
            <ns3:hr>162</ns3:hr>
            <ns3:cad>92</ns3:cad>
          </ns3:TrackPointExtension>
        </extensions>
      </trkpt>
      <trkpt lat="29.28364212624728679656982421875" lon="117.24138043820858001708984375">
        <ele>34.59999847412109375</ele>
        <time>2026-08-26T22:09:56.000Z</time>
        <extensions>
          <ns3:TrackPointExtension>
            <ns3:hr>162</ns3:hr>
            <ns3:cad>93</ns3:cad>
          </ns3:TrackPointExtension>
        </extensions>
      </trkpt>
      <trkpt lat="29.2836132086813449859619140625" lon="117.2413718886673450469970703125">
        <ele>34.59999847412109375</ele>
        <time>2026-08-26T22:09:57.000Z</time>
        <extensions>
          <ns3:TrackPointExtension>
            <ns3:hr>162</ns3:hr>
            <ns3:cad>93</ns3:cad>
          </ns3:TrackPointExtension>
        </extensions>
      </trkpt>
      <trkpt lat="29.28358378820121288299560546875" lon="117.24136627279222011566162109375">
        <ele>34.59999847412109375</ele>
        <time>2026-08-26T22:09:58.000Z</time>
        <extensions>
          <ns3:TrackPointExtension>
            <ns3:hr>162</ns3:hr>
            <ns3:cad>94</ns3:cad>
          </ns3:TrackPointExtension>
        </extensions>
      </trkpt>
      <trkpt lat="29.28355478681623935699462890625" lon="117.241354286670684814453125">
        <ele>34.59999847412109375</ele>
        <time>2026-08-26T22:09:59.000Z</time>
        <extensions>
          <ns3:TrackPointExtension>
            <ns3:hr>162</ns3:hr>
            <ns3:cad>94</ns3:cad>
          </ns3:TrackPointExtension>
        </extensions>
      </trkpt>
      <trkpt lat="29.2835243605077266693115234375" lon="117.24134364165365695953369140625">
        <ele>34.59999847412109375</ele>
        <time>2026-08-26T22:10:00.000Z</time>
        <extensions>
          <ns3:TrackPointExtension>
            <ns3:hr>161</ns3:hr>
            <ns3:cad>94</ns3:cad>
          </ns3:TrackPointExtension>
        </extensions>
      </trkpt>
      <trkpt lat="29.28349929861724376678466796875" lon="117.2413326613605022430419921875">
        <ele>34.59999847412109375</ele>
        <time>2026-08-26T22:10:01.000Z</time>
        <extensions>
          <ns3:TrackPointExtension>
            <ns3:hr>161</ns3:hr>
            <ns3:cad>93</ns3:cad>
          </ns3:TrackPointExtension>
        </extensions>
      </trkpt>
      <trkpt lat="29.2834700457751750946044921875" lon="117.24132302217185497283935546875">
        <ele>34.59999847412109375</ele>
        <time>2026-08-26T22:10:02.000Z</time>
        <extensions>
          <ns3:TrackPointExtension>
            <ns3:hr>161</ns3:hr>
            <ns3:cad>93</ns3:cad>
          </ns3:TrackPointExtension>
        </extensions>
      </trkpt>
      <trkpt lat="29.28344397805631160736083984375" lon="117.24131531082093715667724609375">
        <ele>34.59999847412109375</ele>
        <time>2026-08-26T22:10:03.000Z</time>
        <extensions>
          <ns3:TrackPointExtension>
            <ns3:hr>160</ns3:hr>
            <ns3:cad>93</ns3:cad>
          </ns3:TrackPointExtension>
        </extensions>
      </trkpt>
      <trkpt lat="29.28341028280556201934814453125" lon="117.2413044981658458709716796875">
        <ele>34.59999847412109375</ele>
        <time>2026-08-26T22:10:04.000Z</time>
        <extensions>
          <ns3:TrackPointExtension>
            <ns3:hr>160</ns3:hr>
            <ns3:cad>93</ns3:cad>
          </ns3:TrackPointExtension>
        </extensions>
      </trkpt>
      <trkpt lat="29.28338195197284221649169921875" lon="117.2412994690239429473876953125">
        <ele>34.59999847412109375</ele>
        <time>2026-08-26T22:10:05.000Z</time>
        <extensions>
          <ns3:TrackPointExtension>
            <ns3:hr>160</ns3:hr>
            <ns3:cad>91</ns3:cad>
          </ns3:TrackPointExtension>
        </extensions>
      </trkpt>
      <trkpt lat="29.2833486758172512054443359375" lon="117.241289913654327392578125">
        <ele>34.59999847412109375</ele>
        <time>2026-08-26T22:10:06.000Z</time>
        <extensions>
          <ns3:TrackPointExtension>
            <ns3:hr>160</ns3:hr>
            <ns3:cad>92</ns3:cad>
          </ns3:TrackPointExtension>
        </extensions>
      </trkpt>
      <trkpt lat="29.28332269191741943359375" lon="117.24128446541726589202880859375">
        <ele>34.59999847412109375</ele>
        <time>2026-08-26T22:10:07.000Z</time>
        <extensions>
          <ns3:TrackPointExtension>
            <ns3:hr>159</ns3:hr>
            <ns3:cad>92</ns3:cad>
          </ns3:TrackPointExtension>
        </extensions>
      </trkpt>
      <trkpt lat="29.283286146819591522216796875" lon="117.2412726469337940216064453125">
        <ele>34.59999847412109375</ele>
        <time>2026-08-26T22:10:08.000Z</time>
        <extensions>
          <ns3:TrackPointExtension>
            <ns3:hr>159</ns3:hr>
            <ns3:cad>93</ns3:cad>
          </ns3:TrackPointExtension>
        </extensions>
      </trkpt>
      <trkpt lat="29.283257313072681427001953125" lon="117.24126937799155712127685546875">
        <ele>34.59999847412109375</ele>
        <time>2026-08-26T22:10:09.000Z</time>
        <extensions>
          <ns3:TrackPointExtension>
            <ns3:hr>159</ns3:hr>
            <ns3:cad>92</ns3:cad>
          </ns3:TrackPointExtension>
        </extensions>
      </trkpt>
      <trkpt lat="29.28322336636483669281005859375" lon="117.2412602417171001434326171875">
        <ele>34.59999847412109375</ele>
        <time>2026-08-26T22:10:10.000Z</time>
        <extensions>
          <ns3:TrackPointExtension>
            <ns3:hr>159</ns3:hr>
            <ns3:cad>92</ns3:cad>
          </ns3:TrackPointExtension>
        </extensions>
      </trkpt>
      <trkpt lat="29.28319285623729228973388671875" lon="117.24125127308070659637451171875">
        <ele>34.59999847412109375</ele>
        <time>2026-08-26T22:10:11.000Z</time>
        <extensions>
          <ns3:TrackPointExtension>
            <ns3:hr>159</ns3:hr>
            <ns3:cad>92</ns3:cad>
          </ns3:TrackPointExtension>
        </extensions>
      </trkpt>
      <trkpt lat="29.2831629328429698944091796875" lon="117.24123291671276092529296875">
        <ele>34.799999237060546875</ele>
        <time>2026-08-26T22:10:12.000Z</time>
        <extensions>
          <ns3:TrackPointExtension>
            <ns3:hr>159</ns3:hr>
            <ns3:cad>92</ns3:cad>
          </ns3:TrackPointExtension>
        </extensions>
      </trkpt>
      <trkpt lat="29.283137284219264984130859375" lon="117.2412159852683544158935546875">
        <ele>34.799999237060546875</ele>
        <time>2026-08-26T22:10:13.000Z</time>
        <extensions>
          <ns3:TrackPointExtension>
            <ns3:hr>159</ns3:hr>
            <ns3:cad>92</ns3:cad>
          </ns3:TrackPointExtension>
        </extensions>
      </trkpt>
      <trkpt lat="29.28311272524297237396240234375" lon="117.24119310267269611358642578125">
        <ele>34.799999237060546875</ele>
        <time>2026-08-26T22:10:14.000Z</time>
        <extensions>
          <ns3:TrackPointExtension>
            <ns3:hr>159</ns3:hr>
            <ns3:cad>92</ns3:cad>
          </ns3:TrackPointExtension>
        </extensions>
      </trkpt>
      <trkpt lat="29.28308892063796520233154296875" lon="117.2411623410880565643310546875">
        <ele>34.799999237060546875</ele>
        <time>2026-08-26T22:10:15.000Z</time>
        <extensions>
          <ns3:TrackPointExtension>
            <ns3:hr>159</ns3:hr>
            <ns3:cad>92</ns3:cad>
          </ns3:TrackPointExtension>
        </extensions>
      </trkpt>
      <trkpt lat="29.28306964226067066192626953125" lon="117.2411395423114299774169921875">
        <ele>34.799999237060546875</ele>
        <time>2026-08-26T22:10:16.000Z</time>
        <extensions>
          <ns3:TrackPointExtension>
            <ns3:hr>159</ns3:hr>
            <ns3:cad>93</ns3:cad>
          </ns3:TrackPointExtension>
        </extensions>
      </trkpt>
      <trkpt lat="29.28304902277886867523193359375" lon="117.24110794253647327423095703125">
        <ele>34.799999237060546875</ele>
        <time>2026-08-26T22:10:17.000Z</time>
        <extensions>
          <ns3:TrackPointExtension>
            <ns3:hr>159</ns3:hr>
            <ns3:cad>92</ns3:cad>
          </ns3:TrackPointExtension>
        </extensions>
      </trkpt>
      <trkpt lat="29.28303494118154048919677734375" lon="117.24108732305467128753662109375">
        <ele>34.799999237060546875</ele>
        <time>2026-08-26T22:10:18.000Z</time>
        <extensions>
          <ns3:TrackPointExtension>
            <ns3:hr>159</ns3:hr>
            <ns3:cad>92</ns3:cad>
          </ns3:TrackPointExtension>
        </extensions>
      </trkpt>
      <trkpt lat="29.2830207757651805877685546875" lon="117.24105631001293659210205078125">
        <ele>35</ele>
        <time>2026-08-26T22:10:19.000Z</time>
        <extensions>
          <ns3:TrackPointExtension>
            <ns3:hr>159</ns3:hr>
            <ns3:cad>92</ns3:cad>
          </ns3:TrackPointExtension>
        </extensions>
      </trkpt>
      <trkpt lat="29.28300661034882068634033203125" lon="117.24103300832211971282958984375">
        <ele>35</ele>
        <time>2026-08-26T22:10:20.000Z</time>
        <extensions>
          <ns3:TrackPointExtension>
            <ns3:hr>159</ns3:hr>
            <ns3:cad>92</ns3:cad>
          </ns3:TrackPointExtension>
        </extensions>
      </trkpt>
      <trkpt lat="29.28299479186534881591796875" lon="117.2409926913678646087646484375">
        <ele>35</ele>
        <time>2026-08-26T22:10:21.000Z</time>
        <extensions>
          <ns3:TrackPointExtension>
            <ns3:hr>159</ns3:hr>
            <ns3:cad>90</ns3:cad>
          </ns3:TrackPointExtension>
        </extensions>
      </trkpt>
      <trkpt lat="29.28297601640224456787109375" lon="117.240966372191905975341796875">
        <ele>35</ele>
        <time>2026-08-26T22:10:22.000Z</time>
        <extensions>
          <ns3:TrackPointExtension>
            <ns3:hr>159</ns3:hr>
            <ns3:cad>90</ns3:cad>
          </ns3:TrackPointExtension>
        </extensions>
      </trkpt>
      <trkpt lat="29.28296394646167755126953125" lon="117.24092555232346057891845703125">
        <ele>35</ele>
        <time>2026-08-26T22:10:23.000Z</time>
        <extensions>
          <ns3:TrackPointExtension>
            <ns3:hr>159</ns3:hr>
            <ns3:cad>90</ns3:cad>
          </ns3:TrackPointExtension>
        </extensions>
      </trkpt>
      <trkpt lat="29.2829466797411441802978515625" lon="117.240898646414279937744140625">
        <ele>35</ele>
        <time>2026-08-26T22:10:24.000Z</time>
        <extensions>
          <ns3:TrackPointExtension>
            <ns3:hr>159</ns3:hr>
            <ns3:cad>90</ns3:cad>
          </ns3:TrackPointExtension>
        </extensions>
      </trkpt>
      <trkpt lat="29.28293712437152862548828125" lon="117.2408622689545154571533203125">
        <ele>35</ele>
        <time>2026-08-26T22:10:25.000Z</time>
        <extensions>
          <ns3:TrackPointExtension>
            <ns3:hr>158</ns3:hr>
            <ns3:cad>90</ns3:cad>
          </ns3:TrackPointExtension>
        </extensions>
      </trkpt>
      <trkpt lat="29.28292103111743927001953125" lon="117.24083234556019306182861328125">
        <ele>35</ele>
        <time>2026-08-26T22:10:26.000Z</time>
        <extensions>
          <ns3:TrackPointExtension>
            <ns3:hr>158</ns3:hr>
            <ns3:cad>92</ns3:cad>
          </ns3:TrackPointExtension>
        </extensions>
      </trkpt>
      <trkpt lat="29.2829101346433162689208984375" lon="117.24080049432814121246337890625">
        <ele>35</ele>
        <time>2026-08-26T22:10:27.000Z</time>
        <extensions>
          <ns3:TrackPointExtension>
            <ns3:hr>158</ns3:hr>
            <ns3:cad>92</ns3:cad>
          </ns3:TrackPointExtension>
        </extensions>
      </trkpt>
      <trkpt lat="29.28289596922695636749267578125" lon="117.24076663143932819366455078125">
        <ele>35.200000762939453125</ele>
        <time>2026-08-26T22:10:28.000Z</time>
        <extensions>
          <ns3:TrackPointExtension>
            <ns3:hr>159</ns3:hr>
            <ns3:cad>92</ns3:cad>
          </ns3:TrackPointExtension>
        </extensions>
      </trkpt>
      <trkpt lat="29.2828859947621822357177734375" lon="117.24073578603565692901611328125">
        <ele>35.200000762939453125</ele>
        <time>2026-08-26T22:10:29.000Z</time>
        <extensions>
          <ns3:TrackPointExtension>
            <ns3:hr>159</ns3:hr>
            <ns3:cad>93</ns3:cad>
          </ns3:TrackPointExtension>
        </extensions>
      </trkpt>
      <trkpt lat="29.2828766070306301116943359375" lon="117.2406956367194652557373046875">
        <ele>35.200000762939453125</ele>
        <time>2026-08-26T22:10:30.000Z</time>
        <extensions>
          <ns3:TrackPointExtension>
            <ns3:hr>159</ns3:hr>
            <ns3:cad>93</ns3:cad>
          </ns3:TrackPointExtension>
        </extensions>
      </trkpt>
      <trkpt lat="29.28286336362361907958984375" lon="117.24066755734384059906005859375">
        <ele>35.200000762939453125</ele>
        <time>2026-08-26T22:10:31.000Z</time>
        <extensions>
          <ns3:TrackPointExtension>
            <ns3:hr>158</ns3:hr>
            <ns3:cad>93</ns3:cad>
          </ns3:TrackPointExtension>
        </extensions>
      </trkpt>
      <trkpt lat="29.28285405971109867095947265625" lon="117.24062648601830005645751953125">
        <ele>35.200000762939453125</ele>
        <time>2026-08-26T22:10:32.000Z</time>
        <extensions>
          <ns3:TrackPointExtension>
            <ns3:hr>158</ns3:hr>
            <ns3:cad>93</ns3:cad>
          </ns3:TrackPointExtension>
        </extensions>
      </trkpt>
      <trkpt lat="29.28283989429473876953125" lon="117.24060662090778350830078125">
        <ele>35.200000762939453125</ele>
        <time>2026-08-26T22:10:33.000Z</time>
        <extensions>
          <ns3:TrackPointExtension>
            <ns3:hr>158</ns3:hr>
            <ns3:cad>93</ns3:cad>
          </ns3:TrackPointExtension>
        </extensions>
      </trkpt>
      <trkpt lat="29.282825477421283721923828125" lon="117.2405648790299892425537109375">
        <ele>35.200000762939453125</ele>
        <time>2026-08-26T22:10:34.000Z</time>
        <extensions>
          <ns3:TrackPointExtension>
            <ns3:hr>158</ns3:hr>
            <ns3:cad>93</ns3:cad>
          </ns3:TrackPointExtension>
        </extensions>
      </trkpt>
      <trkpt lat="29.28281374275684356689453125" lon="117.24053286015987396240234375">
        <ele>35.200000762939453125</ele>
        <time>2026-08-26T22:10:35.000Z</time>
        <extensions>
          <ns3:TrackPointExtension>
            <ns3:hr>158</ns3:hr>
            <ns3:cad>93</ns3:cad>
          </ns3:TrackPointExtension>
        </extensions>
      </trkpt>
      <trkpt lat="29.2827978171408176422119140625" lon="117.24049321375787258148193359375">
        <ele>35.200000762939453125</ele>
        <time>2026-08-26T22:10:36.000Z</time>
        <extensions>
          <ns3:TrackPointExtension>
            <ns3:hr>157</ns3:hr>
            <ns3:cad>93</ns3:cad>
          </ns3:TrackPointExtension>
        </extensions>
      </trkpt>
      <trkpt lat="29.28277619183063507080078125" lon="117.24046840332448482513427734375">
        <ele>35.200000762939453125</ele>
        <time>2026-08-26T22:10:37.000Z</time>
        <extensions>
          <ns3:TrackPointExtension>
            <ns3:hr>158</ns3:hr>
            <ns3:cad>93</ns3:cad>
          </ns3:TrackPointExtension>
        </extensions>
      </trkpt>
      <trkpt lat="29.282765127718448638916015625" lon="117.2404307685792446136474609375">
        <ele>35.200000762939453125</ele>
        <time>2026-08-26T22:10:38.000Z</time>
        <extensions>
          <ns3:TrackPointExtension>
            <ns3:hr>158</ns3:hr>
            <ns3:cad>93</ns3:cad>
          </ns3:TrackPointExtension>
        </extensions>
      </trkpt>
      <trkpt lat="29.28275045938789844512939453125" lon="117.24040335975587368011474609375">
        <ele>35.200000762939453125</ele>
        <time>2026-08-26T22:10:39.000Z</time>
        <extensions>
          <ns3:TrackPointExtension>
            <ns3:hr>158</ns3:hr>
            <ns3:cad>93</ns3:cad>
          </ns3:TrackPointExtension>
        </extensions>
      </trkpt>
      <trkpt lat="29.28273570723831653594970703125" lon="117.24037184379994869232177734375">
        <ele>35.40000152587890625</ele>
        <time>2026-08-26T22:10:40.000Z</time>
        <extensions>
          <ns3:TrackPointExtension>
            <ns3:hr>158</ns3:hr>
            <ns3:cad>93</ns3:cad>
          </ns3:TrackPointExtension>
        </extensions>
      </trkpt>
      <trkpt lat="29.28271844051778316497802734375" lon="117.24034451879560947418212890625">
        <ele>35.40000152587890625</ele>
        <time>2026-08-26T22:10:41.000Z</time>
        <extensions>
          <ns3:TrackPointExtension>
            <ns3:hr>157</ns3:hr>
            <ns3:cad>92</ns3:cad>
          </ns3:TrackPointExtension>
        </extensions>
      </trkpt>
      <trkpt lat="29.28270955570042133331298828125" lon="117.2403109073638916015625">
        <ele>35.40000152587890625</ele>
        <time>2026-08-26T22:10:42.000Z</time>
        <extensions>
          <ns3:TrackPointExtension>
            <ns3:hr>158</ns3:hr>
            <ns3:cad>92</ns3:cad>
          </ns3:TrackPointExtension>
        </extensions>
      </trkpt>
      <trkpt lat="29.2826990783214569091796875" lon="117.2402788884937763214111328125">
        <ele>35.40000152587890625</ele>
        <time>2026-08-26T22:10:43.000Z</time>
        <extensions>
          <ns3:TrackPointExtension>
            <ns3:hr>158</ns3:hr>
            <ns3:cad>92</ns3:cad>
          </ns3:TrackPointExtension>
        </extensions>
      </trkpt>
      <trkpt lat="29.28268499672412872314453125" lon="117.240247540175914764404296875">
        <ele>35.59999847412109375</ele>
        <time>2026-08-26T22:10:44.000Z</time>
        <extensions>
          <ns3:TrackPointExtension>
            <ns3:hr>158</ns3:hr>
            <ns3:cad>93</ns3:cad>
          </ns3:TrackPointExtension>
        </extensions>
      </trkpt>
      <trkpt lat="29.28266932256519794464111328125" lon="117.240211330354213714599609375">
        <ele>35.59999847412109375</ele>
        <time>2026-08-26T22:10:45.000Z</time>
        <extensions>
          <ns3:TrackPointExtension>
            <ns3:hr>157</ns3:hr>
            <ns3:cad>93</ns3:cad>
          </ns3:TrackPointExtension>
        </extensions>
      </trkpt>
      <trkpt lat="29.2826526425778865814208984375" lon="117.240188531577587127685546875">
        <ele>35.59999847412109375</ele>
        <time>2026-08-26T22:10:46.000Z</time>
        <extensions>
          <ns3:TrackPointExtension>
            <ns3:hr>158</ns3:hr>
            <ns3:cad>93</ns3:cad>
          </ns3:TrackPointExtension>
        </extensions>
      </trkpt>
      <trkpt lat="29.28263830952346324920654296875" lon="117.2401504777371883392333984375">
        <ele>35.59999847412109375</ele>
        <time>2026-08-26T22:10:47.000Z</time>
        <extensions>
          <ns3:TrackPointExtension>
            <ns3:hr>158</ns3:hr>
            <ns3:cad>93</ns3:cad>
          </ns3:TrackPointExtension>
        </extensions>
      </trkpt>
      <trkpt lat="29.282619617879390716552734375" lon="117.2401310317218303680419921875">
        <ele>35.59999847412109375</ele>
        <time>2026-08-26T22:10:48.000Z</time>
        <extensions>
          <ns3:TrackPointExtension>
            <ns3:hr>157</ns3:hr>
            <ns3:cad>93</ns3:cad>
          </ns3:TrackPointExtension>
        </extensions>
      </trkpt>
      <trkpt lat="29.28260360844433307647705078125" lon="117.24009272642433643341064453125">
        <ele>35.59999847412109375</ele>
        <time>2026-08-26T22:10:49.000Z</time>
        <extensions>
          <ns3:TrackPointExtension>
            <ns3:hr>158</ns3:hr>
            <ns3:cad>92</ns3:cad>
          </ns3:TrackPointExtension>
        </extensions>
      </trkpt>
      <trkpt lat="29.28258483298122882843017578125" lon="117.240067161619663238525390625">
        <ele>35.799999237060546875</ele>
        <time>2026-08-26T22:10:50.000Z</time>
        <extensions>
          <ns3:TrackPointExtension>
            <ns3:hr>158</ns3:hr>
            <ns3:cad>93</ns3:cad>
          </ns3:TrackPointExtension>
        </extensions>
      </trkpt>
      <trkpt lat="29.28257175721228122711181640625" lon="117.24002659320831298828125">
        <ele>35.799999237060546875</ele>
        <time>2026-08-26T22:10:51.000Z</time>
        <extensions>
          <ns3:TrackPointExtension>
            <ns3:hr>158</ns3:hr>
            <ns3:cad>93</ns3:cad>
          </ns3:TrackPointExtension>
        </extensions>
      </trkpt>
      <trkpt lat="29.282558262348175048828125" lon="117.23999868147075176239013671875">
        <ele>35.799999237060546875</ele>
        <time>2026-08-26T22:10:52.000Z</time>
        <extensions>
          <ns3:TrackPointExtension>
            <ns3:hr>159</ns3:hr>
            <ns3:cad>93</ns3:cad>
          </ns3:TrackPointExtension>
        </extensions>
      </trkpt>
      <trkpt lat="29.28254577331244945526123046875" lon="117.2399630583822727203369140625">
        <ele>35.799999237060546875</ele>
        <time>2026-08-26T22:10:53.000Z</time>
        <extensions>
          <ns3:TrackPointExtension>
            <ns3:hr>159</ns3:hr>
            <ns3:cad>92</ns3:cad>
          </ns3:TrackPointExtension>
        </extensions>
      </trkpt>
      <trkpt lat="29.28252934478223323822021484375" lon="117.23994143307209014892578125">
        <ele>36</ele>
        <time>2026-08-26T22:10:54.000Z</time>
        <extensions>
          <ns3:TrackPointExtension>
            <ns3:hr>159</ns3:hr>
            <ns3:cad>93</ns3:cad>
          </ns3:TrackPointExtension>
        </extensions>
      </trkpt>
      <trkpt lat="29.28251828067004680633544921875" lon="117.23990664817392826080322265625">
        <ele>36</ele>
        <time>2026-08-26T22:10:55.000Z</time>
        <extensions>
          <ns3:TrackPointExtension>
            <ns3:hr>159</ns3:hr>
            <ns3:cad>93</ns3:cad>
          </ns3:TrackPointExtension>
        </extensions>
      </trkpt>
      <trkpt lat="29.28250436671078205108642578125" lon="117.23987814970314502716064453125">
        <ele>36</ele>
        <time>2026-08-26T22:10:56.000Z</time>
        <extensions>
          <ns3:TrackPointExtension>
            <ns3:hr>159</ns3:hr>
            <ns3:cad>93</ns3:cad>
          </ns3:TrackPointExtension>
        </extensions>
      </trkpt>
      <trkpt lat="29.2824930511415004730224609375" lon="117.2398487292230129241943359375">
        <ele>36.200000762939453125</ele>
        <time>2026-08-26T22:10:57.000Z</time>
        <extensions>
          <ns3:TrackPointExtension>
            <ns3:hr>159</ns3:hr>
            <ns3:cad>93</ns3:cad>
          </ns3:TrackPointExtension>
        </extensions>
      </trkpt>
      <trkpt lat="29.28247871808707714080810546875" lon="117.2398172132670879364013671875">
        <ele>36.200000762939453125</ele>
        <time>2026-08-26T22:10:58.000Z</time>
        <extensions>
          <ns3:TrackPointExtension>
            <ns3:hr>160</ns3:hr>
            <ns3:cad>93</ns3:cad>
          </ns3:TrackPointExtension>
        </extensions>
      </trkpt>
      <trkpt lat="29.2824675701558589935302734375" lon="117.2397883795201778411865234375">
        <ele>36.40000152587890625</ele>
        <time>2026-08-26T22:10:59.000Z</time>
        <extensions>
          <ns3:TrackPointExtension>
            <ns3:hr>160</ns3:hr>
            <ns3:cad>93</ns3:cad>
          </ns3:TrackPointExtension>
        </extensions>
      </trkpt>
      <trkpt lat="29.28245826624333858489990234375" lon="117.23975325934588909149169921875">
        <ele>36.40000152587890625</ele>
        <time>2026-08-26T22:11:00.000Z</time>
        <extensions>
          <ns3:TrackPointExtension>
            <ns3:hr>160</ns3:hr>
            <ns3:cad>93</ns3:cad>
          </ns3:TrackPointExtension>
        </extensions>
      </trkpt>
      <trkpt lat="29.282443933188915252685546875" lon="117.23972643725574016571044921875">
        <ele>36.59999847412109375</ele>
        <time>2026-08-26T22:11:01.000Z</time>
        <extensions>
          <ns3:TrackPointExtension>
            <ns3:hr>160</ns3:hr>
            <ns3:cad>93</ns3:cad>
          </ns3:TrackPointExtension>
        </extensions>
      </trkpt>
      <trkpt lat="29.28242909722030162811279296875" lon="117.23969089798629283905029296875">
        <ele>36.59999847412109375</ele>
        <time>2026-08-26T22:11:02.000Z</time>
        <extensions>
          <ns3:TrackPointExtension>
            <ns3:hr>160</ns3:hr>
            <ns3:cad>92</ns3:cad>
          </ns3:TrackPointExtension>
        </extensions>
      </trkpt>
      <trkpt lat="29.28241333924233913421630859375" lon="117.23966524936258792877197265625">
        <ele>36.59999847412109375</ele>
        <time>2026-08-26T22:11:03.000Z</time>
        <extensions>
          <ns3:TrackPointExtension>
            <ns3:hr>160</ns3:hr>
            <ns3:cad>92</ns3:cad>
          </ns3:TrackPointExtension>
        </extensions>
      </trkpt>
      <trkpt lat="29.2823981679975986480712890625" lon="117.23962359130382537841796875">
        <ele>36.59999847412109375</ele>
        <time>2026-08-26T22:11:04.000Z</time>
        <extensions>
          <ns3:TrackPointExtension>
            <ns3:hr>160</ns3:hr>
            <ns3:cad>92</ns3:cad>
          </ns3:TrackPointExtension>
        </extensions>
      </trkpt>
      <trkpt lat="29.2823830805718898773193359375" lon="117.239605486392974853515625">
        <ele>36.799999237060546875</ele>
        <time>2026-08-26T22:11:05.000Z</time>
        <extensions>
          <ns3:TrackPointExtension>
            <ns3:hr>160</ns3:hr>
            <ns3:cad>92</ns3:cad>
          </ns3:TrackPointExtension>
        </extensions>
      </trkpt>
      <trkpt lat="29.2823706753551959991455078125" lon="117.23956684581935405731201171875">
        <ele>36.799999237060546875</ele>
        <time>2026-08-26T22:11:06.000Z</time>
        <extensions>
          <ns3:TrackPointExtension>
            <ns3:hr>161</ns3:hr>
            <ns3:cad>91</ns3:cad>
          </ns3:TrackPointExtension>
        </extensions>
      </trkpt>
      <trkpt lat="29.28235935978591442108154296875" lon="117.2395456396043300628662109375">
        <ele>36.799999237060546875</ele>
        <time>2026-08-26T22:11:07.000Z</time>
        <extensions>
          <ns3:TrackPointExtension>
            <ns3:hr>161</ns3:hr>
            <ns3:cad>91</ns3:cad>
          </ns3:TrackPointExtension>
        </extensions>
      </trkpt>
      <trkpt lat="29.28235064260661602020263671875" lon="117.239509932696819305419921875">
        <ele>36.799999237060546875</ele>
        <time>2026-08-26T22:11:08.000Z</time>
        <extensions>
          <ns3:TrackPointExtension>
            <ns3:hr>161</ns3:hr>
            <ns3:cad>91</ns3:cad>
          </ns3:TrackPointExtension>
        </extensions>
      </trkpt>
      <trkpt lat="29.28233756683766841888427734375" lon="117.23948805592954158782958984375">
        <ele>37</ele>
        <time>2026-08-26T22:11:09.000Z</time>
        <extensions>
          <ns3:TrackPointExtension>
            <ns3:hr>161</ns3:hr>
            <ns3:cad>91</ns3:cad>
          </ns3:TrackPointExtension>
        </extensions>
      </trkpt>
      <trkpt lat="29.28232667036354541778564453125" lon="117.23945519886910915374755859375">
        <ele>37</ele>
        <time>2026-08-26T22:11:10.000Z</time>
        <extensions>
          <ns3:TrackPointExtension>
            <ns3:hr>160</ns3:hr>
            <ns3:cad>91</ns3:cad>
          </ns3:TrackPointExtension>
        </extensions>
      </trkpt>
      <trkpt lat="29.2823106609284877777099609375" lon="117.23943340592086315155029296875">
        <ele>37</ele>
        <time>2026-08-26T22:11:11.000Z</time>
        <extensions>
          <ns3:TrackPointExtension>
            <ns3:hr>161</ns3:hr>
            <ns3:cad>91</ns3:cad>
          </ns3:TrackPointExtension>
        </extensions>
      </trkpt>
      <trkpt lat="29.282298423349857330322265625" lon="117.2393994592130184173583984375">
        <ele>37.200000762939453125</ele>
        <time>2026-08-26T22:11:12.000Z</time>
        <extensions>
          <ns3:TrackPointExtension>
            <ns3:hr>161</ns3:hr>
            <ns3:cad>91</ns3:cad>
          </ns3:TrackPointExtension>
        </extensions>
      </trkpt>
      <trkpt lat="29.28228425793349742889404296875" lon="117.23936333321034908294677734375">
        <ele>37.200000762939453125</ele>
        <time>2026-08-26T22:11:13.000Z</time>
        <extensions>
          <ns3:TrackPointExtension>
            <ns3:hr>161</ns3:hr>
            <ns3:cad>92</ns3:cad>
          </ns3:TrackPointExtension>
        </extensions>
      </trkpt>
      <trkpt lat="29.2822680808603763580322265625" lon="117.2393273748457431793212890625">
        <ele>37.200000762939453125</ele>
        <time>2026-08-26T22:11:14.000Z</time>
        <extensions>
          <ns3:TrackPointExtension>
            <ns3:hr>161</ns3:hr>
            <ns3:cad>91</ns3:cad>
          </ns3:TrackPointExtension>
        </extensions>
      </trkpt>
      <trkpt lat="29.282259531319141387939453125" lon="117.23928957246243953704833984375">
        <ele>37.200000762939453125</ele>
        <time>2026-08-26T22:11:15.000Z</time>
        <extensions>
          <ns3:TrackPointExtension>
            <ns3:hr>160</ns3:hr>
            <ns3:cad>91</ns3:cad>
          </ns3:TrackPointExtension>
        </extensions>
      </trkpt>
      <trkpt lat="29.2822472937405109405517578125" lon="117.23925939761102199554443359375">
        <ele>37.200000762939453125</ele>
        <time>2026-08-26T22:11:16.000Z</time>
        <extensions>
          <ns3:TrackPointExtension>
            <ns3:hr>161</ns3:hr>
            <ns3:cad>91</ns3:cad>
          </ns3:TrackPointExtension>
        </extensions>
      </trkpt>
      <trkpt lat="29.28223698399960994720458984375" lon="117.23921455442905426025390625">
        <ele>37.40000152587890625</ele>
        <time>2026-08-26T22:11:17.000Z</time>
        <extensions>
          <ns3:TrackPointExtension>
            <ns3:hr>161</ns3:hr>
            <ns3:cad>92</ns3:cad>
          </ns3:TrackPointExtension>
        </extensions>
      </trkpt>
      <trkpt lat="29.28221854381263256072998046875" lon="117.2391878999769687652587890625">
        <ele>37.200000762939453125</ele>
        <time>2026-08-26T22:11:18.000Z</time>
        <extensions>
          <ns3:TrackPointExtension>
            <ns3:hr>161</ns3:hr>
            <ns3:cad>92</ns3:cad>
          </ns3:TrackPointExtension>
        </extensions>
      </trkpt>
      <trkpt lat="29.282205887138843536376953125" lon="117.23914523608982563018798828125">
        <ele>37.200000762939453125</ele>
        <time>2026-08-26T22:11:19.000Z</time>
        <extensions>
          <ns3:TrackPointExtension>
            <ns3:hr>160</ns3:hr>
            <ns3:cad>92</ns3:cad>
          </ns3:TrackPointExtension>
        </extensions>
      </trkpt>
      <trkpt lat="29.282196499407291412353515625" lon="117.2391104511916637420654296875">
        <ele>37.40000152587890625</ele>
        <time>2026-08-26T22:11:20.000Z</time>
        <extensions>
          <ns3:TrackPointExtension>
            <ns3:hr>160</ns3:hr>
            <ns3:cad>94</ns3:cad>
          </ns3:TrackPointExtension>
        </extensions>
      </trkpt>
      <trkpt lat="29.2821889556944370269775390625" lon="117.23907097242772579193115234375">
        <ele>37.200000762939453125</ele>
        <time>2026-08-26T22:11:21.000Z</time>
        <extensions>
          <ns3:TrackPointExtension>
            <ns3:hr>160</ns3:hr>
            <ns3:cad>94</ns3:cad>
          </ns3:TrackPointExtension>
        </extensions>
      </trkpt>
      <trkpt lat="29.28217403590679168701171875" lon="117.23904029466211795806884765625">
        <ele>37.200000762939453125</ele>
        <time>2026-08-26T22:11:22.000Z</time>
        <extensions>
          <ns3:TrackPointExtension>
            <ns3:hr>160</ns3:hr>
            <ns3:cad>94</ns3:cad>
          </ns3:TrackPointExtension>
        </extensions>
      </trkpt>
      <trkpt lat="29.28216322325170040130615234375" lon="117.2390095330774784088134765625">
        <ele>37</ele>
        <time>2026-08-26T22:11:23.000Z</time>
        <extensions>
          <ns3:TrackPointExtension>
            <ns3:hr>159</ns3:hr>
            <ns3:cad>94</ns3:cad>
          </ns3:TrackPointExtension>
        </extensions>
      </trkpt>
      <trkpt lat="29.2821530811488628387451171875" lon="117.23896971903741359710693359375">
        <ele>36.799999237060546875</ele>
        <time>2026-08-26T22:11:24.000Z</time>
        <extensions>
          <ns3:TrackPointExtension>
            <ns3:hr>159</ns3:hr>
            <ns3:cad>94</ns3:cad>
          </ns3:TrackPointExtension>
        </extensions>
      </trkpt>
      <trkpt lat="29.2821450345218181610107421875" lon="117.23893887363374233245849609375">
        <ele>36.59999847412109375</ele>
        <time>2026-08-26T22:11:25.000Z</time>
        <extensions>
          <ns3:TrackPointExtension>
            <ns3:hr>159</ns3:hr>
            <ns3:cad>94</ns3:cad>
          </ns3:TrackPointExtension>
        </extensions>
      </trkpt>
      <trkpt lat="29.28213673643767833709716796875" lon="117.23889671266078948974609375">
        <ele>36.59999847412109375</ele>
        <time>2026-08-26T22:11:26.000Z</time>
        <extensions>
          <ns3:TrackPointExtension>
            <ns3:hr>159</ns3:hr>
            <ns3:cad>92</ns3:cad>
          </ns3:TrackPointExtension>
        </extensions>
      </trkpt>
      <trkpt lat="29.28212299011647701263427734375" lon="117.238868214190006256103515625">
        <ele>36.59999847412109375</ele>
        <time>2026-08-26T22:11:27.000Z</time>
        <extensions>
          <ns3:TrackPointExtension>
            <ns3:hr>159</ns3:hr>
            <ns3:cad>92</ns3:cad>
          </ns3:TrackPointExtension>
        </extensions>
      </trkpt>
      <trkpt lat="29.282112680375576019287109375" lon="117.23882923834025859832763671875">
        <ele>36.59999847412109375</ele>
        <time>2026-08-26T22:11:28.000Z</time>
        <extensions>
          <ns3:TrackPointExtension>
            <ns3:hr>160</ns3:hr>
            <ns3:cad>92</ns3:cad>
          </ns3:TrackPointExtension>
        </extensions>
      </trkpt>
      <trkpt lat="29.2820984311401844024658203125" lon="117.23880417644977569580078125">
        <ele>36.40000152587890625</ele>
        <time>2026-08-26T22:11:29.000Z</time>
        <extensions>
          <ns3:TrackPointExtension>
            <ns3:hr>160</ns3:hr>
            <ns3:cad>92</ns3:cad>
          </ns3:TrackPointExtension>
        </extensions>
      </trkpt>
      <trkpt lat="29.28209130652248859405517578125" lon="117.23876134492456912994384765625">
        <ele>36.40000152587890625</ele>
        <time>2026-08-26T22:11:30.000Z</time>
        <extensions>
          <ns3:TrackPointExtension>
            <ns3:hr>160</ns3:hr>
            <ns3:cad>92</ns3:cad>
          </ns3:TrackPointExtension>
        </extensions>
      </trkpt>
      <trkpt lat="29.2820833437144756317138671875" lon="117.238731086254119873046875">
        <ele>36.40000152587890625</ele>
        <time>2026-08-26T22:11:31.000Z</time>
        <extensions>
          <ns3:TrackPointExtension>
            <ns3:hr>160</ns3:hr>
            <ns3:cad>92</ns3:cad>
          </ns3:TrackPointExtension>
        </extensions>
      </trkpt>
      <trkpt lat="29.2820749618113040924072265625" lon="117.238689176738262176513671875">
        <ele>36.200000762939453125</ele>
        <time>2026-08-26T22:11:32.000Z</time>
        <extensions>
          <ns3:TrackPointExtension>
            <ns3:hr>160</ns3:hr>
            <ns3:cad>91</ns3:cad>
          </ns3:TrackPointExtension>
        </extensions>
      </trkpt>
      <trkpt lat="29.2820655740797519683837890625" lon="117.2386538051068782806396484375">
        <ele>36.200000762939453125</ele>
        <time>2026-08-26T22:11:33.000Z</time>
        <extensions>
          <ns3:TrackPointExtension>
            <ns3:hr>160</ns3:hr>
            <ns3:cad>92</ns3:cad>
          </ns3:TrackPointExtension>
        </extensions>
      </trkpt>
      <trkpt lat="29.28205258212983608245849609375" lon="117.2386216185986995697021484375">
        <ele>36</ele>
        <time>2026-08-26T22:11:34.000Z</time>
        <extensions>
          <ns3:TrackPointExtension>
            <ns3:hr>161</ns3:hr>
            <ns3:cad>92</ns3:cad>
          </ns3:TrackPointExtension>
        </extensions>
      </trkpt>
      <trkpt lat="29.28203380666673183441162109375" lon="117.238582558929920196533203125">
        <ele>36</ele>
        <time>2026-08-26T22:11:35.000Z</time>
        <extensions>
          <ns3:TrackPointExtension>
            <ns3:hr>160</ns3:hr>
            <ns3:cad>92</ns3:cad>
          </ns3:TrackPointExtension>
        </extensions>
      </trkpt>
      <trkpt lat="29.28201712667942047119140625" lon="117.23855347372591495513916015625">
        <ele>35.799999237060546875</ele>
        <time>2026-08-26T22:11:36.000Z</time>
        <extensions>
          <ns3:TrackPointExtension>
            <ns3:hr>160</ns3:hr>
            <ns3:cad>93</ns3:cad>
          </ns3:TrackPointExtension>
        </extensions>
      </trkpt>
      <trkpt lat="29.28200145252048969268798828125" lon="117.23850854672491550445556640625">
        <ele>35.799999237060546875</ele>
        <time>2026-08-26T22:11:37.000Z</time>
        <extensions>
          <ns3:TrackPointExtension>
            <ns3:hr>160</ns3:hr>
            <ns3:cad>92</ns3:cad>
          </ns3:TrackPointExtension>
        </extensions>
      </trkpt>
      <trkpt lat="29.28198359906673431396484375" lon="117.23847828805446624755859375">
        <ele>35.59999847412109375</ele>
        <time>2026-08-26T22:11:38.000Z</time>
        <extensions>
          <ns3:TrackPointExtension>
            <ns3:hr>161</ns3:hr>
            <ns3:cad>92</ns3:cad>
          </ns3:TrackPointExtension>
        </extensions>
      </trkpt>
      <trkpt lat="29.2819649912416934967041015625" lon="117.23843805491924285888671875">
        <ele>35.59999847412109375</ele>
        <time>2026-08-26T22:11:39.000Z</time>
        <extensions>
          <ns3:TrackPointExtension>
            <ns3:hr>160</ns3:hr>
            <ns3:cad>92</ns3:cad>
          </ns3:TrackPointExtension>
        </extensions>
      </trkpt>
      <trkpt lat="29.2819478921592235565185546875" lon="117.23841366358101367950439453125">
        <ele>35.40000152587890625</ele>
        <time>2026-08-26T22:11:40.000Z</time>
        <extensions>
          <ns3:TrackPointExtension>
            <ns3:hr>160</ns3:hr>
            <ns3:cad>93</ns3:cad>
          </ns3:TrackPointExtension>
        </extensions>
      </trkpt>
      <trkpt lat="29.2819452099502086639404296875" lon="117.2383691556751728057861328125">
        <ele>35.40000152587890625</ele>
        <time>2026-08-26T22:11:41.000Z</time>
        <extensions>
          <ns3:TrackPointExtension>
            <ns3:hr>161</ns3:hr>
            <ns3:cad>93</ns3:cad>
          </ns3:TrackPointExtension>
        </extensions>
      </trkpt>
      <trkpt lat="29.2819294519722461700439453125" lon="117.238340489566326141357421875">
        <ele>35.200000762939453125</ele>
        <time>2026-08-26T22:11:42.000Z</time>
        <extensions>
          <ns3:TrackPointExtension>
            <ns3:hr>160</ns3:hr>
            <ns3:cad>93</ns3:cad>
          </ns3:TrackPointExtension>
        </extensions>
      </trkpt>
      <trkpt lat="29.281931631267070770263671875" lon="117.23830017261207103729248046875">
        <ele>35</ele>
        <time>2026-08-26T22:11:43.000Z</time>
        <extensions>
          <ns3:TrackPointExtension>
            <ns3:hr>160</ns3:hr>
            <ns3:cad>93</ns3:cad>
          </ns3:TrackPointExtension>
        </extensions>
      </trkpt>
      <trkpt lat="29.28193523548543453216552734375" lon="117.23826077766716480255126953125">
        <ele>35</ele>
        <time>2026-08-26T22:11:44.000Z</time>
        <extensions>
          <ns3:TrackPointExtension>
            <ns3:hr>160</ns3:hr>
            <ns3:cad>93</ns3:cad>
          </ns3:TrackPointExtension>
        </extensions>
      </trkpt>
      <trkpt lat="29.281948395073413848876953125" lon="117.23822976462543010711669921875">
        <ele>34.799999237060546875</ele>
        <time>2026-08-26T22:11:45.000Z</time>
        <extensions>
          <ns3:TrackPointExtension>
            <ns3:hr>160</ns3:hr>
            <ns3:cad>92</ns3:cad>
          </ns3:TrackPointExtension>
        </extensions>
      </trkpt>
      <trkpt lat="29.28197085857391357421875" lon="117.23819389007985591888427734375">
        <ele>34.59999847412109375</ele>
        <time>2026-08-26T22:11:46.000Z</time>
        <extensions>
          <ns3:TrackPointExtension>
            <ns3:hr>159</ns3:hr>
            <ns3:cad>93</ns3:cad>
          </ns3:TrackPointExtension>
        </extensions>
      </trkpt>
      <trkpt lat="29.2819881252944469451904296875" lon="117.23816220648586750030517578125">
        <ele>34.59999847412109375</ele>
        <time>2026-08-26T22:11:47.000Z</time>
        <extensions>
          <ns3:TrackPointExtension>
            <ns3:hr>159</ns3:hr>
            <ns3:cad>93</ns3:cad>
          </ns3:TrackPointExtension>
        </extensions>
      </trkpt>
      <trkpt lat="29.28201980888843536376953125" lon="117.23813404329121112823486328125">
        <ele>34.40000152587890625</ele>
        <time>2026-08-26T22:11:48.000Z</time>
        <extensions>
          <ns3:TrackPointExtension>
            <ns3:hr>159</ns3:hr>
            <ns3:cad>93</ns3:cad>
          </ns3:TrackPointExtension>
        </extensions>
      </trkpt>
      <trkpt lat="29.282040260732173919677734375" lon="117.2381079755723476409912109375">
        <ele>34.40000152587890625</ele>
        <time>2026-08-26T22:11:49.000Z</time>
        <extensions>
          <ns3:TrackPointExtension>
            <ns3:hr>160</ns3:hr>
            <ns3:cad>94</ns3:cad>
          </ns3:TrackPointExtension>
        </extensions>
      </trkpt>
      <trkpt lat="29.28207051940262317657470703125" lon="117.2380835004150867462158203125">
        <ele>34.200000762939453125</ele>
        <time>2026-08-26T22:11:50.000Z</time>
        <extensions>
          <ns3:TrackPointExtension>
            <ns3:hr>160</ns3:hr>
            <ns3:cad>94</ns3:cad>
          </ns3:TrackPointExtension>
        </extensions>
      </trkpt>
      <trkpt lat="29.2820910550653934478759765625" lon="117.23806095309555530548095703125">
        <ele>34.200000762939453125</ele>
        <time>2026-08-26T22:11:51.000Z</time>
        <extensions>
          <ns3:TrackPointExtension>
            <ns3:hr>160</ns3:hr>
            <ns3:cad>94</ns3:cad>
          </ns3:TrackPointExtension>
        </extensions>
      </trkpt>
      <trkpt lat="29.282117374241352081298828125" lon="117.23804117180407047271728515625">
        <ele>34</ele>
        <time>2026-08-26T22:11:52.000Z</time>
        <extensions>
          <ns3:TrackPointExtension>
            <ns3:hr>160</ns3:hr>
            <ns3:cad>93</ns3:cad>
          </ns3:TrackPointExtension>
        </extensions>
      </trkpt>
      <trkpt lat="29.28214210085570812225341796875" lon="117.2380204685032367706298828125">
        <ele>34</ele>
        <time>2026-08-26T22:11:53.000Z</time>
        <extensions>
          <ns3:TrackPointExtension>
            <ns3:hr>161</ns3:hr>
            <ns3:cad>93</ns3:cad>
          </ns3:TrackPointExtension>
        </extensions>
      </trkpt>
      <trkpt lat="29.2821644805371761322021484375" lon="117.238000519573688507080078125">
        <ele>34</ele>
        <time>2026-08-26T22:11:54.000Z</time>
        <extensions>
          <ns3:TrackPointExtension>
            <ns3:hr>160</ns3:hr>
            <ns3:cad>93</ns3:cad>
          </ns3:TrackPointExtension>
        </extensions>
      </trkpt>
      <trkpt lat="29.282193817198276519775390625" lon="117.23797939717769622802734375">
        <ele>33.799999237060546875</ele>
        <time>2026-08-26T22:11:55.000Z</time>
        <extensions>
          <ns3:TrackPointExtension>
            <ns3:hr>161</ns3:hr>
            <ns3:cad>93</ns3:cad>
          </ns3:TrackPointExtension>
        </extensions>
      </trkpt>
      <trkpt lat="29.28222089074552059173583984375" lon="117.2379634715616703033447265625">
        <ele>33.799999237060546875</ele>
        <time>2026-08-26T22:11:56.000Z</time>
        <extensions>
          <ns3:TrackPointExtension>
            <ns3:hr>161</ns3:hr>
            <ns3:cad>93</ns3:cad>
          </ns3:TrackPointExtension>
        </extensions>
      </trkpt>
      <trkpt lat="29.2822593636810779571533203125" lon="117.23794075660407543182373046875">
        <ele>33.799999237060546875</ele>
        <time>2026-08-26T22:11:57.000Z</time>
        <extensions>
          <ns3:TrackPointExtension>
            <ns3:hr>161</ns3:hr>
            <ns3:cad>93</ns3:cad>
          </ns3:TrackPointExtension>
        </extensions>
      </trkpt>
      <trkpt lat="29.282286353409290313720703125" lon="117.23792147822678089141845703125">
        <ele>33.59999847412109375</ele>
        <time>2026-08-26T22:11:58.000Z</time>
        <extensions>
          <ns3:TrackPointExtension>
            <ns3:hr>160</ns3:hr>
            <ns3:cad>94</ns3:cad>
          </ns3:TrackPointExtension>
        </extensions>
      </trkpt>
      <trkpt lat="29.28231895901262760162353515625" lon="117.23790370859205722808837890625">
        <ele>33.59999847412109375</ele>
        <time>2026-08-26T22:11:59.000Z</time>
        <extensions>
          <ns3:TrackPointExtension>
            <ns3:hr>160</ns3:hr>
            <ns3:cad>94</ns3:cad>
          </ns3:TrackPointExtension>
        </extensions>
      </trkpt>
      <trkpt lat="29.28234108723700046539306640625" lon="117.2378806583583354949951171875">
        <ele>33.40000152587890625</ele>
        <time>2026-08-26T22:12:00.000Z</time>
        <extensions>
          <ns3:TrackPointExtension>
            <ns3:hr>160</ns3:hr>
            <ns3:cad>94</ns3:cad>
          </ns3:TrackPointExtension>
        </extensions>
      </trkpt>
      <trkpt lat="29.282370172441005706787109375" lon="117.23786515183746814727783203125">
        <ele>33.40000152587890625</ele>
        <time>2026-08-26T22:12:01.000Z</time>
        <extensions>
          <ns3:TrackPointExtension>
            <ns3:hr>160</ns3:hr>
            <ns3:cad>94</ns3:cad>
          </ns3:TrackPointExtension>
        </extensions>
      </trkpt>
      <trkpt lat="29.2823978327214717864990234375" lon="117.23784067668020725250244140625">
        <ele>33.40000152587890625</ele>
        <time>2026-08-26T22:12:02.000Z</time>
        <extensions>
          <ns3:TrackPointExtension>
            <ns3:hr>161</ns3:hr>
            <ns3:cad>94</ns3:cad>
          </ns3:TrackPointExtension>
        </extensions>
      </trkpt>
      <trkpt lat="29.2824270017445087432861328125" lon="117.237820811569690704345703125">
        <ele>33.40000152587890625</ele>
        <time>2026-08-26T22:12:03.000Z</time>
        <extensions>
          <ns3:TrackPointExtension>
            <ns3:hr>160</ns3:hr>
            <ns3:cad>94</ns3:cad>
          </ns3:TrackPointExtension>
        </extensions>
      </trkpt>
      <trkpt lat="29.28245843388140201568603515625" lon="117.23780010826885700225830078125">
        <ele>33.200000762939453125</ele>
        <time>2026-08-26T22:12:04.000Z</time>
        <extensions>
          <ns3:TrackPointExtension>
            <ns3:hr>160</ns3:hr>
            <ns3:cad>94</ns3:cad>
          </ns3:TrackPointExtension>
        </extensions>
      </trkpt>
      <trkpt lat="29.28248508833348751068115234375" lon="117.237779237329959869384765625">
        <ele>33.200000762939453125</ele>
        <time>2026-08-26T22:12:05.000Z</time>
        <extensions>
          <ns3:TrackPointExtension>
            <ns3:hr>161</ns3:hr>
            <ns3:cad>92</ns3:cad>
          </ns3:TrackPointExtension>
        </extensions>
      </trkpt>
      <trkpt lat="29.2825212143361568450927734375" lon="117.23775811493396759033203125">
        <ele>33.200000762939453125</ele>
        <time>2026-08-26T22:12:06.000Z</time>
        <extensions>
          <ns3:TrackPointExtension>
            <ns3:hr>161</ns3:hr>
            <ns3:cad>92</ns3:cad>
          </ns3:TrackPointExtension>
        </extensions>
      </trkpt>
      <trkpt lat="29.28254661150276660919189453125" lon="117.23773908801376819610595703125">
        <ele>33.200000762939453125</ele>
        <time>2026-08-26T22:12:07.000Z</time>
        <extensions>
          <ns3:TrackPointExtension>
            <ns3:hr>161</ns3:hr>
            <ns3:cad>92</ns3:cad>
          </ns3:TrackPointExtension>
        </extensions>
      </trkpt>
      <trkpt lat="29.28258047439157962799072265625" lon="117.2377210669219493865966796875">
        <ele>33</ele>
        <time>2026-08-26T22:12:08.000Z</time>
        <extensions>
          <ns3:TrackPointExtension>
            <ns3:hr>161</ns3:hr>
            <ns3:cad>93</ns3:cad>
          </ns3:TrackPointExtension>
        </extensions>
      </trkpt>
      <trkpt lat="29.28260494954884052276611328125" lon="117.2377012856304645538330078125">
        <ele>33</ele>
        <time>2026-08-26T22:12:09.000Z</time>
        <extensions>
          <ns3:TrackPointExtension>
            <ns3:hr>160</ns3:hr>
            <ns3:cad>92</ns3:cad>
          </ns3:TrackPointExtension>
        </extensions>
      </trkpt>
      <trkpt lat="29.282639063894748687744140625" lon="117.2376872040331363677978515625">
        <ele>33</ele>
        <time>2026-08-26T22:12:10.000Z</time>
        <extensions>
          <ns3:TrackPointExtension>
            <ns3:hr>160</ns3:hr>
            <ns3:cad>92</ns3:cad>
          </ns3:TrackPointExtension>
        </extensions>
      </trkpt>
      <trkpt lat="29.28266798146069049835205078125" lon="117.23766851238906383514404296875">
        <ele>32.799999237060546875</ele>
        <time>2026-08-26T22:12:11.000Z</time>
        <extensions>
          <ns3:TrackPointExtension>
            <ns3:hr>160</ns3:hr>
            <ns3:cad>92</ns3:cad>
          </ns3:TrackPointExtension>
        </extensions>
      </trkpt>
      <trkpt lat="29.28269664756953716278076171875" lon="117.23765552043914794921875">
        <ele>32.799999237060546875</ele>
        <time>2026-08-26T22:12:12.000Z</time>
        <extensions>
          <ns3:TrackPointExtension>
            <ns3:hr>161</ns3:hr>
            <ns3:cad>92</ns3:cad>
          </ns3:TrackPointExtension>
        </extensions>
      </trkpt>
      <trkpt lat="29.282727576792240142822265625" lon="117.237635739147663116455078125">
        <ele>32.799999237060546875</ele>
        <time>2026-08-26T22:12:13.000Z</time>
        <extensions>
          <ns3:TrackPointExtension>
            <ns3:hr>161</ns3:hr>
            <ns3:cad>92</ns3:cad>
          </ns3:TrackPointExtension>
        </extensions>
      </trkpt>
      <trkpt lat="29.2827535606920719146728515625" lon="117.237617634236812591552734375">
        <ele>32.799999237060546875</ele>
        <time>2026-08-26T22:12:14.000Z</time>
        <extensions>
          <ns3:TrackPointExtension>
            <ns3:hr>161</ns3:hr>
            <ns3:cad>93</ns3:cad>
          </ns3:TrackPointExtension>
        </extensions>
      </trkpt>
      <trkpt lat="29.282789938151836395263671875" lon="117.23760078661143779754638671875">
        <ele>32.59999847412109375</ele>
        <time>2026-08-26T22:12:15.000Z</time>
        <extensions>
          <ns3:TrackPointExtension>
            <ns3:hr>160</ns3:hr>
            <ns3:cad>93</ns3:cad>
          </ns3:TrackPointExtension>
        </extensions>
      </trkpt>
      <trkpt lat="29.28281374275684356689453125" lon="117.23758511245250701904296875">
        <ele>32.59999847412109375</ele>
        <time>2026-08-26T22:12:16.000Z</time>
        <extensions>
          <ns3:TrackPointExtension>
            <ns3:hr>161</ns3:hr>
            <ns3:cad>93</ns3:cad>
          </ns3:TrackPointExtension>
        </extensions>
      </trkpt>
      <trkpt lat="29.2828504554927349090576171875" lon="117.23757010884582996368408203125">
        <ele>32.59999847412109375</ele>
        <time>2026-08-26T22:12:17.000Z</time>
        <extensions>
          <ns3:TrackPointExtension>
            <ns3:hr>160</ns3:hr>
            <ns3:cad>92</ns3:cad>
          </ns3:TrackPointExtension>
        </extensions>
      </trkpt>
      <trkpt lat="29.28287518210709095001220703125" lon="117.23755183629691600799560546875">
        <ele>32.59999847412109375</ele>
        <time>2026-08-26T22:12:18.000Z</time>
        <extensions>
          <ns3:TrackPointExtension>
            <ns3:hr>160</ns3:hr>
            <ns3:cad>92</ns3:cad>
          </ns3:TrackPointExtension>
        </extensions>
      </trkpt>
      <trkpt lat="29.282912313938140869140625" lon="117.23753808997571468353271484375">
        <ele>32.40000152587890625</ele>
        <time>2026-08-26T22:12:19.000Z</time>
        <extensions>
          <ns3:TrackPointExtension>
            <ns3:hr>160</ns3:hr>
            <ns3:cad>92</ns3:cad>
          </ns3:TrackPointExtension>
        </extensions>
      </trkpt>
      <trkpt lat="29.28293854929506778717041015625" lon="117.23752233199775218963623046875">
        <ele>32.40000152587890625</ele>
        <time>2026-08-26T22:12:20.000Z</time>
        <extensions>
          <ns3:TrackPointExtension>
            <ns3:hr>159</ns3:hr>
            <ns3:cad>92</ns3:cad>
          </ns3:TrackPointExtension>
        </extensions>
      </trkpt>
      <trkpt lat="29.28296931087970733642578125" lon="117.23750825040042400360107421875">
        <ele>32.40000152587890625</ele>
        <time>2026-08-26T22:12:21.000Z</time>
        <extensions>
          <ns3:TrackPointExtension>
            <ns3:hr>159</ns3:hr>
            <ns3:cad>92</ns3:cad>
          </ns3:TrackPointExtension>
        </extensions>
      </trkpt>
      <trkpt lat="29.28299940191209316253662109375" lon="117.23749517463147640228271484375">
        <ele>32.40000152587890625</ele>
        <time>2026-08-26T22:12:22.000Z</time>
        <extensions>
          <ns3:TrackPointExtension>
            <ns3:hr>159</ns3:hr>
            <ns3:cad>92</ns3:cad>
          </ns3:TrackPointExtension>
        </extensions>
      </trkpt>
      <trkpt lat="29.2830281518399715423583984375" lon="117.237486205995082855224609375">
        <ele>32.200000762939453125</ele>
        <time>2026-08-26T22:12:23.000Z</time>
        <extensions>
          <ns3:TrackPointExtension>
            <ns3:hr>158</ns3:hr>
            <ns3:cad>92</ns3:cad>
          </ns3:TrackPointExtension>
        </extensions>
      </trkpt>
      <trkpt lat="29.28306260146200656890869140625" lon="117.23747287876904010772705078125">
        <ele>32.200000762939453125</ele>
        <time>2026-08-26T22:12:24.000Z</time>
        <extensions>
          <ns3:TrackPointExtension>
            <ns3:hr>158</ns3:hr>
            <ns3:cad>92</ns3:cad>
          </ns3:TrackPointExtension>
        </extensions>
      </trkpt>
      <trkpt lat="29.28308858536183834075927734375" lon="117.23745997063815593719482421875">
        <ele>32.200000762939453125</ele>
        <time>2026-08-26T22:12:25.000Z</time>
        <extensions>
          <ns3:TrackPointExtension>
            <ns3:hr>158</ns3:hr>
            <ns3:cad>93</ns3:cad>
          </ns3:TrackPointExtension>
        </extensions>
      </trkpt>
      <trkpt lat="29.28311859257519245147705078125" lon="117.237448655068874359130859375">
        <ele>32.200000762939453125</ele>
        <time>2026-08-26T22:12:26.000Z</time>
        <extensions>
          <ns3:TrackPointExtension>
            <ns3:hr>158</ns3:hr>
            <ns3:cad>93</ns3:cad>
          </ns3:TrackPointExtension>
        </extensions>
      </trkpt>
      <trkpt lat="29.28314055316150188446044921875" lon="117.23742912523448467254638671875">
        <ele>32.200000762939453125</ele>
        <time>2026-08-26T22:12:27.000Z</time>
        <extensions>
          <ns3:TrackPointExtension>
            <ns3:hr>158</ns3:hr>
            <ns3:cad>93</ns3:cad>
          </ns3:TrackPointExtension>
        </extensions>
      </trkpt>
      <trkpt lat="29.28317525424063205718994140625" lon="117.237410433590412139892578125">
        <ele>32.200000762939453125</ele>
        <time>2026-08-26T22:12:28.000Z</time>
        <extensions>
          <ns3:TrackPointExtension>
            <ns3:hr>158</ns3:hr>
            <ns3:cad>93</ns3:cad>
          </ns3:TrackPointExtension>
        </extensions>
      </trkpt>
      <trkpt lat="29.28319486789405345916748046875" lon="117.237391658127307891845703125">
        <ele>32.40000152587890625</ele>
        <time>2026-08-26T22:12:29.000Z</time>
        <extensions>
          <ns3:TrackPointExtension>
            <ns3:hr>158</ns3:hr>
            <ns3:cad>92</ns3:cad>
          </ns3:TrackPointExtension>
        </extensions>
      </trkpt>
      <trkpt lat="29.2832269705832004547119140625" lon="117.237373888492584228515625">
        <ele>32.200000762939453125</ele>
        <time>2026-08-26T22:12:30.000Z</time>
        <extensions>
          <ns3:TrackPointExtension>
            <ns3:hr>157</ns3:hr>
            <ns3:cad>92</ns3:cad>
          </ns3:TrackPointExtension>
        </extensions>
      </trkpt>
      <trkpt lat="29.28324968554079532623291015625" lon="117.237353436648845672607421875">
        <ele>32.200000762939453125</ele>
        <time>2026-08-26T22:12:31.000Z</time>
        <extensions>
          <ns3:TrackPointExtension>
            <ns3:hr>157</ns3:hr>
            <ns3:cad>92</ns3:cad>
          </ns3:TrackPointExtension>
        </extensions>
      </trkpt>
      <trkpt lat="29.2832782678306102752685546875" lon="117.2373331524431705474853515625">
        <ele>32.200000762939453125</ele>
        <time>2026-08-26T22:12:32.000Z</time>
        <extensions>
          <ns3:TrackPointExtension>
            <ns3:hr>157</ns3:hr>
            <ns3:cad>92</ns3:cad>
          </ns3:TrackPointExtension>
        </extensions>
      </trkpt>
      <trkpt lat="29.2832993902266025543212890625" lon="117.2373090125620365142822265625">
        <ele>32.200000762939453125</ele>
        <time>2026-08-26T22:12:33.000Z</time>
        <extensions>
          <ns3:TrackPointExtension>
            <ns3:hr>158</ns3:hr>
            <ns3:cad>91</ns3:cad>
          </ns3:TrackPointExtension>
        </extensions>
      </trkpt>
      <trkpt lat="29.2833252064883708953857421875" lon="117.237289734184741973876953125">
        <ele>32</ele>
        <time>2026-08-26T22:12:34.000Z</time>
        <extensions>
          <ns3:TrackPointExtension>
            <ns3:hr>157</ns3:hr>
            <ns3:cad>91</ns3:cad>
          </ns3:TrackPointExtension>
        </extensions>
      </trkpt>
      <trkpt lat="29.283351190388202667236328125" lon="117.23726517520844936370849609375">
        <ele>32.200000762939453125</ele>
        <time>2026-08-26T22:12:35.000Z</time>
        <extensions>
          <ns3:TrackPointExtension>
            <ns3:hr>157</ns3:hr>
            <ns3:cad>91</ns3:cad>
          </ns3:TrackPointExtension>
        </extensions>
      </trkpt>
      <trkpt lat="29.28337407298386096954345703125" lon="117.2372399456799030303955078125">
        <ele>32.200000762939453125</ele>
        <time>2026-08-26T22:12:36.000Z</time>
        <extensions>
          <ns3:TrackPointExtension>
            <ns3:hr>158</ns3:hr>
            <ns3:cad>94</ns3:cad>
          </ns3:TrackPointExtension>
        </extensions>
      </trkpt>
      <trkpt lat="29.28340575657784938812255859375" lon="117.23721270449459552764892578125">
        <ele>32.200000762939453125</ele>
        <time>2026-08-26T22:12:37.000Z</time>
        <extensions>
          <ns3:TrackPointExtension>
            <ns3:hr>157</ns3:hr>
            <ns3:cad>93</ns3:cad>
          </ns3:TrackPointExtension>
        </extensions>
      </trkpt>
      <trkpt lat="29.28342134691774845123291015625" lon="117.237188480794429779052734375">
        <ele>32.200000762939453125</ele>
        <time>2026-08-26T22:12:38.000Z</time>
        <extensions>
          <ns3:TrackPointExtension>
            <ns3:hr>158</ns3:hr>
            <ns3:cad>92</ns3:cad>
          </ns3:TrackPointExtension>
        </extensions>
      </trkpt>
      <trkpt lat="29.28345185704529285430908203125" lon="117.23716157488524913787841796875">
        <ele>32.200000762939453125</ele>
        <time>2026-08-26T22:12:39.000Z</time>
        <extensions>
          <ns3:TrackPointExtension>
            <ns3:hr>157</ns3:hr>
            <ns3:cad>92</ns3:cad>
          </ns3:TrackPointExtension>
        </extensions>
      </trkpt>
      <trkpt lat="29.28346996195614337921142578125" lon="117.23713877610862255096435546875">
        <ele>32.200000762939453125</ele>
        <time>2026-08-26T22:12:40.000Z</time>
        <extensions>
          <ns3:TrackPointExtension>
            <ns3:hr>157</ns3:hr>
            <ns3:cad>92</ns3:cad>
          </ns3:TrackPointExtension>
        </extensions>
      </trkpt>
      <trkpt lat="29.28349929861724376678466796875" lon="117.23711614497005939483642578125">
        <ele>32</ele>
        <time>2026-08-26T22:12:41.000Z</time>
        <extensions>
          <ns3:TrackPointExtension>
            <ns3:hr>157</ns3:hr>
            <ns3:cad>92</ns3:cad>
          </ns3:TrackPointExtension>
        </extensions>
      </trkpt>
      <trkpt lat="29.28352092392742633819580078125" lon="117.2370954416692256927490234375">
        <ele>32</ele>
        <time>2026-08-26T22:12:42.000Z</time>
        <extensions>
          <ns3:TrackPointExtension>
            <ns3:hr>157</ns3:hr>
            <ns3:cad>92</ns3:cad>
          </ns3:TrackPointExtension>
        </extensions>
      </trkpt>
      <trkpt lat="29.28355126641690731048583984375" lon="117.2370716370642185211181640625">
        <ele>32</ele>
        <time>2026-08-26T22:12:43.000Z</time>
        <extensions>
          <ns3:TrackPointExtension>
            <ns3:hr>158</ns3:hr>
            <ns3:cad>92</ns3:cad>
          </ns3:TrackPointExtension>
        </extensions>
      </trkpt>
      <trkpt lat="29.2835734784603118896484375" lon="117.23704489879310131072998046875">
        <ele>31.799999237060546875</ele>
        <time>2026-08-26T22:12:44.000Z</time>
        <extensions>
          <ns3:TrackPointExtension>
            <ns3:hr>158</ns3:hr>
            <ns3:cad>92</ns3:cad>
          </ns3:TrackPointExtension>
        </extensions>
      </trkpt>
      <trkpt lat="29.2835991270840167999267578125" lon="117.2370200045406818389892578125">
        <ele>32</ele>
        <time>2026-08-26T22:12:45.000Z</time>
        <extensions>
          <ns3:TrackPointExtension>
            <ns3:hr>158</ns3:hr>
            <ns3:cad>92</ns3:cad>
          </ns3:TrackPointExtension>
        </extensions>
      </trkpt>
      <trkpt lat="29.28362636826932430267333984375" lon="117.23699075169861316680908203125">
        <ele>31.799999237060546875</ele>
        <time>2026-08-26T22:12:46.000Z</time>
        <extensions>
          <ns3:TrackPointExtension>
            <ns3:hr>158</ns3:hr>
            <ns3:cad>93</ns3:cad>
          </ns3:TrackPointExtension>
        </extensions>
      </trkpt>
      <trkpt lat="29.2836487479507923126220703125" lon="117.23696376197040081024169921875">
        <ele>31.799999237060546875</ele>
        <time>2026-08-26T22:12:47.000Z</time>
        <extensions>
          <ns3:TrackPointExtension>
            <ns3:hr>158</ns3:hr>
            <ns3:cad>93</ns3:cad>
          </ns3:TrackPointExtension>
        </extensions>
      </trkpt>
      <trkpt lat="29.2836829461157321929931640625" lon="117.23693559877574443817138671875">
        <ele>31.799999237060546875</ele>
        <time>2026-08-26T22:12:48.000Z</time>
        <extensions>
          <ns3:TrackPointExtension>
            <ns3:hr>159</ns3:hr>
            <ns3:cad>93</ns3:cad>
          </ns3:TrackPointExtension>
        </extensions>
      </trkpt>
      <trkpt lat="29.2837035655975341796875" lon="117.236910201609134674072265625">
        <ele>31.799999237060546875</ele>
        <time>2026-08-26T22:12:49.000Z</time>
        <extensions>
          <ns3:TrackPointExtension>
            <ns3:hr>158</ns3:hr>
            <ns3:cad>92</ns3:cad>
          </ns3:TrackPointExtension>
        </extensions>
      </trkpt>
      <trkpt lat="29.28373315371572971343994140625" lon="117.23688648082315921783447265625">
        <ele>31.799999237060546875</ele>
        <time>2026-08-26T22:12:50.000Z</time>
        <extensions>
          <ns3:TrackPointExtension>
            <ns3:hr>158</ns3:hr>
            <ns3:cad>92</ns3:cad>
          </ns3:TrackPointExtension>
        </extensions>
      </trkpt>
      <trkpt lat="29.283750168979167938232421875" lon="117.23686116747558116912841796875">
        <ele>31.799999237060546875</ele>
        <time>2026-08-26T22:12:51.000Z</time>
        <extensions>
          <ns3:TrackPointExtension>
            <ns3:hr>158</ns3:hr>
            <ns3:cad>92</ns3:cad>
          </ns3:TrackPointExtension>
        </extensions>
      </trkpt>
      <trkpt lat="29.2837805114686489105224609375" lon="117.23683803342282772064208984375">
        <ele>31.6000003814697265625</ele>
        <time>2026-08-26T22:12:52.000Z</time>
        <extensions>
          <ns3:TrackPointExtension>
            <ns3:hr>158</ns3:hr>
            <ns3:cad>92</ns3:cad>
          </ns3:TrackPointExtension>
        </extensions>
      </trkpt>
      <trkpt lat="29.2838001251220703125" lon="117.23681397736072540283203125">
        <ele>31.6000003814697265625</ele>
        <time>2026-08-26T22:12:53.000Z</time>
        <extensions>
          <ns3:TrackPointExtension>
            <ns3:hr>158</ns3:hr>
            <ns3:cad>93</ns3:cad>
          </ns3:TrackPointExtension>
        </extensions>
      </trkpt>
      <trkpt lat="29.2838251031935214996337890625" lon="117.23678891547024250030517578125">
        <ele>31.6000003814697265625</ele>
        <time>2026-08-26T22:12:54.000Z</time>
        <extensions>
          <ns3:TrackPointExtension>
            <ns3:hr>157</ns3:hr>
            <ns3:cad>93</ns3:cad>
          </ns3:TrackPointExtension>
        </extensions>
      </trkpt>
      <trkpt lat="29.2838499136269092559814453125" lon="117.23676242865622043609619140625">
        <ele>31.6000003814697265625</ele>
        <time>2026-08-26T22:12:55.000Z</time>
        <extensions>
          <ns3:TrackPointExtension>
            <ns3:hr>157</ns3:hr>
            <ns3:cad>93</ns3:cad>
          </ns3:TrackPointExtension>
        </extensions>
      </trkpt>
      <trkpt lat="29.2838738858699798583984375" lon="117.2367420606315135955810546875">
        <ele>31.6000003814697265625</ele>
        <time>2026-08-26T22:12:56.000Z</time>
        <extensions>
          <ns3:TrackPointExtension>
            <ns3:hr>156</ns3:hr>
            <ns3:cad>93</ns3:cad>
          </ns3:TrackPointExtension>
        </extensions>
      </trkpt>
      <trkpt lat="29.28390749730169773101806640625" lon="117.2367229498922824859619140625">
        <ele>31.6000003814697265625</ele>
        <time>2026-08-26T22:12:57.000Z</time>
        <extensions>
          <ns3:TrackPointExtension>
            <ns3:hr>155</ns3:hr>
            <ns3:cad>93</ns3:cad>
          </ns3:TrackPointExtension>
        </extensions>
      </trkpt>
      <trkpt lat="29.2839330621063709259033203125" lon="117.2367055155336856842041015625">
        <ele>31.6000003814697265625</ele>
        <time>2026-08-26T22:12:58.000Z</time>
        <extensions>
          <ns3:TrackPointExtension>
            <ns3:hr>153</ns3:hr>
            <ns3:cad>92</ns3:cad>
          </ns3:TrackPointExtension>
        </extensions>
      </trkpt>
      <trkpt lat="29.283972121775150299072265625" lon="117.23668481223285198211669921875">
        <ele>31.6000003814697265625</ele>
        <time>2026-08-26T22:12:59.000Z</time>
        <extensions>
          <ns3:TrackPointExtension>
            <ns3:hr>152</ns3:hr>
            <ns3:cad>92</ns3:cad>
          </ns3:TrackPointExtension>
        </extensions>
      </trkpt>
      <trkpt lat="29.28399584256112575531005859375" lon="117.23666586913168430328369140625">
        <ele>31.6000003814697265625</ele>
        <time>2026-08-26T22:13:00.000Z</time>
        <extensions>
          <ns3:TrackPointExtension>
            <ns3:hr>152</ns3:hr>
            <ns3:cad>92</ns3:cad>
          </ns3:TrackPointExtension>
        </extensions>
      </trkpt>
      <trkpt lat="29.28403020836412906646728515625" lon="117.23664122633635997772216796875">
        <ele>31.3999996185302734375</ele>
        <time>2026-08-26T22:13:01.000Z</time>
        <extensions>
          <ns3:TrackPointExtension>
            <ns3:hr>151</ns3:hr>
            <ns3:cad>92</ns3:cad>
          </ns3:TrackPointExtension>
        </extensions>
      </trkpt>
      <trkpt lat="29.28405166603624820709228515625" lon="117.2366159968078136444091796875">
        <ele>31.3999996185302734375</ele>
        <time>2026-08-26T22:13:02.000Z</time>
        <extensions>
          <ns3:TrackPointExtension>
            <ns3:hr>151</ns3:hr>
            <ns3:cad>92</ns3:cad>
          </ns3:TrackPointExtension>
        </extensions>
      </trkpt>
      <trkpt lat="29.28407815285027027130126953125" lon="117.23659059964120388031005859375">
        <ele>31.3999996185302734375</ele>
        <time>2026-08-26T22:13:03.000Z</time>
        <extensions>
          <ns3:TrackPointExtension>
            <ns3:hr>152</ns3:hr>
            <ns3:cad>92</ns3:cad>
          </ns3:TrackPointExtension>
        </extensions>
      </trkpt>
      <trkpt lat="29.284102879464626312255859375" lon="117.23656210117042064666748046875">
        <ele>31.200000762939453125</ele>
        <time>2026-08-26T22:13:04.000Z</time>
        <extensions>
          <ns3:TrackPointExtension>
            <ns3:hr>152</ns3:hr>
            <ns3:cad>92</ns3:cad>
          </ns3:TrackPointExtension>
        </extensions>
      </trkpt>
      <trkpt lat="29.28412425331771373748779296875" lon="117.23653963766992092132568359375">
        <ele>31.200000762939453125</ele>
        <time>2026-08-26T22:13:05.000Z</time>
        <extensions>
          <ns3:TrackPointExtension>
            <ns3:hr>153</ns3:hr>
            <ns3:cad>93</ns3:cad>
          </ns3:TrackPointExtension>
        </extensions>
      </trkpt>
      <trkpt lat="29.28415409289300441741943359375" lon="117.236510552465915679931640625">
        <ele>31.3999996185302734375</ele>
        <time>2026-08-26T22:13:06.000Z</time>
        <extensions>
          <ns3:TrackPointExtension>
            <ns3:hr>153</ns3:hr>
            <ns3:cad>94</ns3:cad>
          </ns3:TrackPointExtension>
        </extensions>
      </trkpt>
      <trkpt lat="29.28417270071804523468017578125" lon="117.236484400928020477294921875">
        <ele>31.3999996185302734375</ele>
        <time>2026-08-26T22:13:07.000Z</time>
        <extensions>
          <ns3:TrackPointExtension>
            <ns3:hr>154</ns3:hr>
            <ns3:cad>94</ns3:cad>
          </ns3:TrackPointExtension>
        </extensions>
      </trkpt>
      <trkpt lat="29.284204132854938507080078125" lon="117.2364543937146663665771484375">
        <ele>31.3999996185302734375</ele>
        <time>2026-08-26T22:13:08.000Z</time>
        <extensions>
          <ns3:TrackPointExtension>
            <ns3:hr>154</ns3:hr>
            <ns3:cad>94</ns3:cad>
          </ns3:TrackPointExtension>
        </extensions>
      </trkpt>
      <trkpt lat="29.284221231937408447265625" lon="117.2364322654902935028076171875">
        <ele>31.3999996185302734375</ele>
        <time>2026-08-26T22:13:09.000Z</time>
        <extensions>
          <ns3:TrackPointExtension>
            <ns3:hr>155</ns3:hr>
            <ns3:cad>92</ns3:cad>
          </ns3:TrackPointExtension>
        </extensions>
      </trkpt>
      <trkpt lat="29.28425417281687259674072265625" lon="117.2364069521427154541015625">
        <ele>31.3999996185302734375</ele>
        <time>2026-08-26T22:13:10.000Z</time>
        <extensions>
          <ns3:TrackPointExtension>
            <ns3:hr>156</ns3:hr>
            <ns3:cad>93</ns3:cad>
          </ns3:TrackPointExtension>
        </extensions>
      </trkpt>
      <trkpt lat="29.28427093662321567535400390625" lon="117.23638591356575489044189453125">
        <ele>31.3999996185302734375</ele>
        <time>2026-08-26T22:13:11.000Z</time>
        <extensions>
          <ns3:TrackPointExtension>
            <ns3:hr>156</ns3:hr>
            <ns3:cad>93</ns3:cad>
          </ns3:TrackPointExtension>
        </extensions>
      </trkpt>
      <trkpt lat="29.284302033483982086181640625" lon="117.23636562936007976531982421875">
        <ele>31.200000762939453125</ele>
        <time>2026-08-26T22:13:12.000Z</time>
        <extensions>
          <ns3:TrackPointExtension>
            <ns3:hr>157</ns3:hr>
            <ns3:cad>93</ns3:cad>
          </ns3:TrackPointExtension>
        </extensions>
      </trkpt>
      <trkpt lat="29.2843266762793064117431640625" lon="117.236342914402484893798828125">
        <ele>31.200000762939453125</ele>
        <time>2026-08-26T22:13:13.000Z</time>
        <extensions>
          <ns3:TrackPointExtension>
            <ns3:hr>157</ns3:hr>
            <ns3:cad>92</ns3:cad>
          </ns3:TrackPointExtension>
        </extensions>
      </trkpt>
      <trkpt lat="29.28435257636010646820068359375" lon="117.23631818778812885284423828125">
        <ele>31.3999996185302734375</ele>
        <time>2026-08-26T22:13:14.000Z</time>
        <extensions>
          <ns3:TrackPointExtension>
            <ns3:hr>157</ns3:hr>
            <ns3:cad>92</ns3:cad>
          </ns3:TrackPointExtension>
        </extensions>
      </trkpt>
      <trkpt lat="29.284379482269287109375" lon="117.2362941317260265350341796875">
        <ele>31.200000762939453125</ele>
        <time>2026-08-26T22:13:15.000Z</time>
        <extensions>
          <ns3:TrackPointExtension>
            <ns3:hr>157</ns3:hr>
            <ns3:cad>92</ns3:cad>
          </ns3:TrackPointExtension>
        </extensions>
      </trkpt>
      <trkpt lat="29.28439348004758358001708984375" lon="117.23626680672168731689453125">
        <ele>31.200000762939453125</ele>
        <time>2026-08-26T22:13:16.000Z</time>
        <extensions>
          <ns3:TrackPointExtension>
            <ns3:hr>158</ns3:hr>
            <ns3:cad>92</ns3:cad>
          </ns3:TrackPointExtension>
        </extensions>
      </trkpt>
      <trkpt lat="29.284422062337398529052734375" lon="117.236236631870269775390625">
        <ele>31.200000762939453125</ele>
        <time>2026-08-26T22:13:17.000Z</time>
        <extensions>
          <ns3:TrackPointExtension>
            <ns3:hr>158</ns3:hr>
            <ns3:cad>92</ns3:cad>
          </ns3:TrackPointExtension>
        </extensions>
      </trkpt>
      <trkpt lat="29.28444611839950084686279296875" lon="117.236212827265262603759765625">
        <ele>31.200000762939453125</ele>
        <time>2026-08-26T22:13:18.000Z</time>
        <extensions>
          <ns3:TrackPointExtension>
            <ns3:hr>158</ns3:hr>
            <ns3:cad>91</ns3:cad>
          </ns3:TrackPointExtension>
        </extensions>
      </trkpt>
      <trkpt lat="29.284480400383472442626953125" lon="117.236186675727367401123046875">
        <ele>31</ele>
        <time>2026-08-26T22:13:19.000Z</time>
        <extensions>
          <ns3:TrackPointExtension>
            <ns3:hr>158</ns3:hr>
            <ns3:cad>91</ns3:cad>
          </ns3:TrackPointExtension>
        </extensions>
      </trkpt>
      <trkpt lat="29.28450219333171844482421875" lon="117.2361650504171848297119140625">
        <ele>31</ele>
        <time>2026-08-26T22:13:20.000Z</time>
        <extensions>
          <ns3:TrackPointExtension>
            <ns3:hr>158</ns3:hr>
            <ns3:cad>91</ns3:cad>
          </ns3:TrackPointExtension>
        </extensions>
      </trkpt>
      <trkpt lat="29.28453027270734310150146484375" lon="117.23613537847995758056640625">
        <ele>31</ele>
        <time>2026-08-26T22:13:21.000Z</time>
        <extensions>
          <ns3:TrackPointExtension>
            <ns3:hr>158</ns3:hr>
            <ns3:cad>93</ns3:cad>
          </ns3:TrackPointExtension>
        </extensions>
      </trkpt>
      <trkpt lat="29.2845509760081768035888671875" lon="117.23611526191234588623046875">
        <ele>31</ele>
        <time>2026-08-26T22:13:22.000Z</time>
        <extensions>
          <ns3:TrackPointExtension>
            <ns3:hr>158</ns3:hr>
            <ns3:cad>93</ns3:cad>
          </ns3:TrackPointExtension>
        </extensions>
      </trkpt>
      <trkpt lat="29.28458341397345066070556640625" lon="117.23609489388763904571533203125">
        <ele>31</ele>
        <time>2026-08-26T22:13:23.000Z</time>
        <extensions>
          <ns3:TrackPointExtension>
            <ns3:hr>158</ns3:hr>
            <ns3:cad>93</ns3:cad>
          </ns3:TrackPointExtension>
        </extensions>
      </trkpt>
      <trkpt lat="29.28460218943655490875244140625" lon="117.23607511259615421295166015625">
        <ele>31</ele>
        <time>2026-08-26T22:13:24.000Z</time>
        <extensions>
          <ns3:TrackPointExtension>
            <ns3:hr>158</ns3:hr>
            <ns3:cad>93</ns3:cad>
          </ns3:TrackPointExtension>
        </extensions>
      </trkpt>
    </trkseg>
  </trk>
</gpx>
